time_utc,open,high,low,close,volume
2026-08-11T14:55,301.48,301.54,301.245,301.33,287013
2026-08-11T15:00,301.33,301.415,301.2,301.26,68753
2026-08-11T15:05,301.28,301.29,300.96,301.01,79207
2026-08-11T15:10,300.965,301.28,300.965,301.195,175143
2026-08-11T15:15,301.17,301.17,300.815,300.925,282391
2026-08-11T15:20,300.93,301.1699,300.83,300.99,182628
2026-08-11T15:25,301.02,301.02,300.89,300.955,115347
2026-08-11T15:30,300.92,301.0,300.675,300.725,113364
2026-08-11T15:35,300.74,300.85,300.62,300.675,150142
2026-08-11T15:40,300.67,300.8199,300.6,300.76,134414
2026-08-11T15:45,300.76,300.87,300.695,300.83,101219
2026-08-11T15:50,300.84,301.0,300.83,300.965,614179
2026-08-11T15:55,300.96,301.1,300.96,301.04,73970
2026-08-11T16:00,301.06,301.25,301.06,301.225,211540
2026-08-11T16:05,301.2,301.35,301.16,301.35,73259
2026-08-11T16:10,301.36,301.3959,301.27,301.28,68891
2026-08-11T16:15,301.27,301.535,301.265,301.415,91388
2026-08-11T16:20,301.43,301.572,301.3,301.33,91237
2026-08-11T16:25,301.31,301.4,301.24,301.25,78880
2026-08-11T16:30,301.2,301.21,300.96,301.06,86427
2026-08-11T16:35,301.048,301.325,301.04,301.185,89397
2026-08-11T16:40,301.215,301.295,301.18,301.2025,26778
2026-08-11T16:45,301.2,301.36,301.08,301.33,72247
2026-08-11T16:50,301.3501,301.39,301.26,301.33,52542
2026-08-11T16:55,301.3458,301.425,301.245,301.285,100556
2026-08-11T17:00,301.3,301.36,301.15,301.18,208269
2026-08-11T17:05,301.14,301.335,301.13,301.25,64636
2026-08-11T17:10,301.24,301.325,301.1,301.1,143186
2026-08-11T17:15,301.055,301.235,301.055,301.17,67609
2026-08-11T17:20,301.18,301.3,301.13,301.25,94039
2026-08-11T17:25,301.26,301.315,301.15,301.26,70832
2026-08-11T17:30,301.26,301.28,301.17,301.28,42708
2026-08-11T17:35,301.29,301.38,301.225,301.3,75888
2026-08-11T17:40,301.295,301.47,301.29,301.325,86375
2026-08-11T17:45,301.32,301.405,301.255,301.34,54561
2026-08-11T17:50,301.35,301.395,301.255,301.295,65124
2026-08-11T17:55,301.32,301.355,301.215,301.335,81658
2026-08-11T18:00,301.315,301.36,301.24,301.32,57657
2026-08-11T18:05,301.325,301.44,301.32,301.37,96807
2026-08-11T18:10,301.38,301.52,301.34,301.495,104949
2026-08-11T18:15,301.5,301.585,301.45,301.475,73321
2026-08-11T18:20,301.46,301.47,301.34,301.41,227947
2026-08-11T18:25,301.41,301.42,300.94,300.98,164687
2026-08-11T18:30,301.0,301.33,300.97,301.23,266237
2026-08-11T18:35,301.25,301.435,301.25,301.32,201225
2026-08-11T18:40,301.32,301.32,301.0711,301.16,163083
2026-08-11T18:45,301.17,301.395,301.17,301.39,419037
2026-08-11T18:50,301.39,301.4,301.23,301.335,384198
2026-08-11T18:55,301.32,301.34,301.24,301.26,100643
2026-08-11T19:00,301.26,301.2997,301.0751,301.1,97137
2026-08-11T19:05,301.095,301.125,301.01,301.08,87744
2026-08-11T19:10,301.08,301.295,301.05,301.19,371618
2026-08-11T19:15,301.19,301.35,301.12,301.325,166106
2026-08-11T19:20,301.33,301.465,301.3,301.34,287593
2026-08-11T19:25,301.335,301.35,301.255,301.27,195914
2026-08-11T19:30,301.28,301.38,301.125,301.155,126697
2026-08-11T19:35,301.14,301.27,301.03,301.19,469995
2026-08-11T19:40,301.195,301.195,300.985,301.02,98396
2026-08-11T19:45,301.02,301.11,300.945,301.06,273221
2026-08-11T19:50,301.07,301.13,300.95,301.0099,410399
2026-08-11T19:55,301.01,301.115,300.865,300.99,1246881
2026-08-12T13:30,303.25,303.4,302.35,303.105,827934
2026-08-12T13:35,303.11,303.37,302.4,302.445,439288
2026-08-12T13:40,302.42,302.69,302.24,302.28,292083
2026-08-12T13:45,302.31,302.521,301.94,302.41,324143
2026-08-12T13:50,302.35,302.71,302.17,302.35,212880
2026-08-12T13:55,302.37,302.41,301.89,301.89,168944
2026-08-12T14:00,301.9,302.07,301.71,301.82,131386
2026-08-12T14:05,301.81,302.07,301.76,301.86,185059
2026-08-12T14:10,301.86,302.05,301.655,301.655,131436
2026-08-12T14:15,301.66,302.08,301.605,301.8348,171962
2026-08-12T14:20,301.855,301.88,301.59,301.84,95224
2026-08-12T14:25,301.84,302.0,301.68,301.74,114916
2026-08-12T14:30,301.72,301.82,301.05,301.27,398897
2026-08-12T14:35,301.31,301.47,301.19,301.38,207616
2026-08-12T14:40,301.39,301.535,301.34,301.44,141872
2026-08-12T14:45,301.46,301.52,301.185,301.39,213427
2026-08-12T14:50,301.385,301.47,301.17,301.17,108764
2026-08-12T14:55,301.18,301.29,301.125,301.19,176469
2026-08-12T15:00,301.19,301.23,301.025,301.095,91778
2026-08-12T15:05,301.095,301.325,301.05,301.315,115651
2026-08-12T15:10,301.33,301.68,301.25,301.58,175314
2026-08-12T15:15,301.58,301.665,301.49,301.5798,115146
2026-08-12T15:20,301.58,301.75,301.49,301.6601,192323
2026-08-12T15:25,301.6604,301.94,301.59,301.94,83312
2026-08-12T15:30,301.94,302.06,301.88,302.0,86770
2026-08-12T15:35,302.0,302.07,301.75,301.76,120739
2026-08-12T15:40,301.745,301.99,301.725,301.9,83725
2026-08-12T15:45,301.91,301.98,301.71,301.9101,100275
2026-08-12T15:50,301.9101,301.98,301.76,301.97,302598
2026-08-12T15:55,301.97,302.09,301.92,302.07,133515
2026-08-12T16:00,302.06,302.3195,302.055,302.3,213659
2026-08-12T16:05,302.3099,302.4399,302.29,302.39,135093
2026-08-12T16:10,302.385,302.56,302.365,302.5,72511
2026-08-12T16:15,302.49,302.535,302.42,302.48,176799
2026-08-12T16:20,302.5,302.645,302.48,302.49,180858
2026-08-12T16:25,302.47,302.51,302.32,302.33,54492
2026-08-12T16:30,302.33,302.375,302.285,302.32,43601
2026-08-12T16:35,302.31,302.55,302.31,302.415,103062
2026-08-12T16:40,302.42,302.52,302.39,302.44,152062
2026-08-12T16:45,302.445,302.51,302.4,302.405,136064
2026-08-12T16:50,302.395,302.465,302.24,302.28,74787
2026-08-12T16:55,302.265,302.31,302.165,302.23,42442
2026-08-12T17:00,302.23,302.265,302.11,302.16,87548
2026-08-12T17:05,302.14,302.31,302.125,302.215,76841
2026-08-12T17:10,302.21,302.235,302.125,302.22,69641
2026-08-12T17:15,302.22,302.23,302.05,302.13,42077
2026-08-12T17:20,302.13,302.145,302.005,302.06,48188
2026-08-12T17:25,302.06,302.275,302.06,302.235,223077
2026-08-12T17:30,302.23,302.395,302.22,302.375,38967
2026-08-12T17:35,302.37,302.39,302.25,302.375,155252
2026-08-12T17:40,302.375,302.405,302.205,302.25,63801
2026-08-12T17:45,302.25,302.27,302.16,302.21,48014
2026-08-12T17:50,302.21,302.325,302.18,302.2051,133590
2026-08-12T17:55,302.205,302.33,302.17,302.2901,64761
2026-08-12T18:00,302.3,302.3707,302.285,302.29,34837
2026-08-12T18:05,302.28,302.42,302.2601,302.41,39011
2026-08-12T18:10,302.41,302.55,302.38,302.5,53669
2026-08-12T18:15,302.495,302.5701,302.49,302.555,56200
2026-08-12T18:20,302.555,302.645,302.515,302.645,73336
2026-08-12T18:25,302.645,302.715,302.5801,302.585,110339
2026-08-12T18:30,302.57,302.755,302.57,302.715,210401
2026-08-12T18:35,302.73,303.015,302.73,302.925,184010
2026-08-12T18:40,302.92,302.94,302.86,302.895,108207
2026-08-12T18:45,302.89,302.905,302.795,302.895,115726
2026-08-12T18:50,302.895,302.955,302.855,302.87,43975
2026-08-12T18:55,302.86,302.87,302.77,302.7797,84182
2026-08-12T19:00,302.765,303.15,302.765,303.15,108386
2026-08-12T19:05,303.14,303.19,303.12,303.165,70316
2026-08-12T19:10,303.17,303.31,303.17,303.195,120983
2026-08-12T19:15,303.1999,303.355,303.1999,303.32,217461
2026-08-12T19:20,303.32,303.32,303.02,303.02,305634
2026-08-12T19:25,303.025,303.13,303.01,303.09,105379
2026-08-12T19:30,303.1,303.115,302.905,302.935,110200
2026-08-12T19:35,302.94,303.08,302.94,303.06,126676
2026-08-12T19:40,303.055,303.06,302.88,303.03,181659
2026-08-12T19:45,303.03,303.11,302.85,302.88,190938
2026-08-12T19:50,302.89,302.9,302.64,302.695,459135
2026-08-12T19:55,302.69,302.85,302.645,302.71,1223458
2026-08-13T13:30,304.08,304.72,303.79,304.46,540517
2026-08-13T13:35,304.46,304.92,304.18,304.92,394942
2026-08-13T13:40,304.91,304.92,303.875,304.04,1202696
2026-08-13T13:45,304.04,304.38,303.72,304.0,334064
2026-08-13T13:50,304.01,304.31,303.87,304.305,329236
2026-08-13T13:55,304.28,304.69,303.98,304.38,746535
2026-08-13T14:00,304.36,304.87,304.36,304.85,277810
2026-08-13T14:05,304.85,304.965,304.62,304.64,1027082
2026-08-13T14:10,304.64,304.82,304.51,304.75,32222
2026-08-13T14:15,304.75,304.76,304.36,304.4394,205541
2026-08-13T14:20,304.45,305.05,304.37,304.87,166900
2026-08-13T14:25,304.88,304.9,304.68,304.7301,121906
2026-08-13T14:30,304.735,304.75,304.39,304.47,133298
2026-08-13T14:35,304.49,304.59,304.1,304.35,146613
2026-08-13T14:40,304.34,304.37,304.14,304.15,108412
2026-08-13T14:45,304.14,304.25,303.971,303.98,173612
2026-08-13T14:50,304.03,304.05,303.745,303.9,146764
2026-08-13T14:55,303.89,303.9,303.655,303.73,215320
2026-08-13T15:00,303.7775,304.245,303.74,303.84,186622
2026-08-13T15:05,303.87,304.01,303.75,303.89,81308
2026-08-13T15:10,303.89,303.92,303.695,303.71,126760
2026-08-13T15:15,303.69,303.79,303.45,303.51,154344
2026-08-13T15:20,303.495,303.5297,303.34,303.4499,110110
2026-08-13T15:25,303.43,303.43,302.99,303.04,306292
2026-08-13T15:30,303.04,303.24,303.015,303.225,92553
2026-08-13T15:35,303.245,303.41,303.1475,303.29,111420
2026-08-13T15:40,303.28,303.39,303.19,303.2099,84076
2026-08-13T15:45,303.205,303.22,302.94,303.08,128939
2026-08-13T15:50,303.075,303.075,302.855,302.955,86628
2026-08-13T15:55,302.96,303.09,302.9,302.935,127483
2026-08-13T16:00,302.945,303.25,302.94,303.17,158971
2026-08-13T16:05,303.18,303.335,302.93,303.05,543936
2026-08-13T16:10,303.05,303.13,302.85,302.88,56786
2026-08-13T16:15,302.86,302.95,302.72,302.93,176276
2026-08-13T16:20,302.935,303.07,302.865,303.0,76735
2026-08-13T16:25,302.985,303.19,302.97,303.19,134989
2026-08-13T16:30,303.2,303.32,303.15,303.24,94210
2026-08-13T16:35,303.235,303.27,303.09,303.12,92336
2026-08-13T16:40,303.12,303.21,303.06,303.2,40257
2026-08-13T16:45,303.19,303.23,303.08,303.205,63746
2026-08-13T16:50,303.19,303.2397,303.09,303.18,38788
2026-08-13T16:55,303.18,303.255,303.15,303.23,25231
2026-08-13T17:00,303.24,303.3,303.18,303.18,43105
2026-08-13T17:05,303.165,303.405,303.16,303.37,90373
2026-08-13T17:10,303.36,303.37,303.16,303.2,172295
2026-08-13T17:15,303.21,303.39,303.21,303.32,61342
2026-08-13T17:20,303.325,303.34,303.245,303.33,57543
2026-08-13T17:25,303.3192,303.325,303.16,303.16,36812
2026-08-13T17:30,303.165,303.21,303.06,303.1,396639
2026-08-13T17:35,303.09,303.1101,302.99,303.08,43365
2026-08-13T17:40,303.085,303.12,302.995,303.05,44136
2026-08-13T17:45,303.04,303.12,303.04,303.05,38834
2026-08-13T17:50,303.06,303.1591,303.05,303.065,39025
2026-08-13T17:55,303.07,303.23,303.055,303.16,64926
2026-08-13T18:00,303.16,303.29,303.14,303.285,88617
2026-08-13T18:05,303.285,303.33,303.16,303.17,67055
2026-08-13T18:10,303.17,303.27,303.12,303.27,85670
2026-08-13T18:15,303.28,303.34,303.235,303.28,57939
2026-08-13T18:20,303.28,303.37,303.18,303.1801,63856
2026-08-13T18:25,303.185,303.255,303.16,303.25,45237
2026-08-13T18:30,303.235,303.33,303.145,303.21,74864
2026-08-13T18:35,303.21,303.39,303.175,303.39,74666
2026-08-13T18:40,303.4,303.41,303.265,303.34,97427
2026-08-13T18:45,303.35,303.49,303.33,303.49,203459
2026-08-13T18:50,303.5,303.665,303.48,303.59,135045
2026-08-13T18:55,303.6005,303.71,303.6005,303.65,76982
2026-08-13T19:00,303.655,303.81,303.64,303.7399,123809
2026-08-13T19:05,303.73,303.96,303.7006,303.93,105686
2026-08-13T19:10,303.93,303.93,303.65,303.705,284733
2026-08-13T19:15,303.72,303.76,303.64,303.755,108807
2026-08-13T19:20,303.755,303.805,303.64,303.68,94020
2026-08-13T19:25,303.68,303.71,303.53,303.545,100911
2026-08-13T19:30,303.53,303.6,303.46,303.56,135442
2026-08-13T19:35,303.56,303.615,303.475,303.615,93262
2026-08-13T19:40,303.62,303.72,303.55,303.55,145346
2026-08-13T19:45,303.55,303.575,303.46,303.53,180638
2026-08-13T19:50,303.525,303.525,303.3499,303.36,317381
2026-08-13T19:55,303.37,303.61,303.33,303.5,1014788
2026-08-14T13:30,303.24,303.68,302.74,303.45,603412
2026-08-14T13:35,303.46,303.78,303.09,303.16,331119
2026-08-14T13:40,303.2,303.67,303.055,303.43,220204
2026-08-14T13:45,303.42,303.925,303.42,303.86,191389
2026-08-14T13:50,303.86,304.32,303.84,304.2,337783
2026-08-14T13:55,304.2,304.38,304.01,304.16,294949
2026-08-14T14:00,304.13,304.35,304.03,304.235,268233
2026-08-14T14:05,304.26,304.45,304.24,304.41,138262
2026-08-14T14:10,304.43,304.74,304.395,304.558,159385
2026-08-14T14:15,304.55,304.6874,304.25,304.35,267957
2026-08-14T14:20,304.35,304.6,304.29,304.47,207837
2026-08-14T14:25,304.49,304.625,304.37,304.625,117807
2026-08-14T14:30,304.64,304.705,304.3099,304.5898,246555
2026-08-14T14:35,304.58,304.89,304.555,304.75,180782
2026-08-14T14:40,304.735,304.75,304.41,304.46,75229
2026-08-14T14:45,304.4701,304.7,304.445,304.475,63955
2026-08-14T14:50,304.47,304.5393,304.18,304.29,122093
2026-08-14T14:55,304.28,304.5,304.28,304.405,113792
2026-08-14T15:00,304.4,304.76,304.38,304.65,130868
2026-08-14T15:05,304.66,304.75,304.41,304.55,90712
2026-08-14T15:10,304.56,304.64,304.44,304.445,101952
2026-08-14T15:15,304.46,304.56,304.335,304.39,72817
2026-08-14T15:20,304.42,304.47,304.05,304.061,177795
2026-08-14T15:25,304.065,304.18,303.87,304.18,248085
2026-08-14T15:30,304.19,304.28,303.95,304.05,124458
2026-08-14T15:35,304.03,304.21,303.985,304.06,102681
2026-08-14T15:40,304.06,304.07,303.78,303.95,206659
2026-08-14T15:45,303.99,304.13,303.88,303.97,101815
2026-08-14T15:50,303.965,304.1,303.84,304.015,144913
2026-08-14T15:55,304.045,304.295,304.045,304.225,100392
2026-08-14T16:00,304.235,304.47,304.235,304.34,136217
2026-08-14T16:05,304.34,304.505,304.3,304.3,73650
2026-08-14T16:10,304.29,304.535,304.245,304.52,164932
2026-08-14T16:15,304.53,304.7,304.52,304.65,124154
2026-08-14T16:20,304.645,304.705,304.6,304.655,95375
2026-08-14T16:25,304.655,304.76,304.6,304.6292,102236
2026-08-14T16:30,304.63,304.65,304.455,304.54,203934
2026-08-14T16:35,304.53,304.635,304.49,304.55,80871
2026-08-14T16:40,304.5505,304.59,304.34,304.34,70218
2026-08-14T16:45,304.33,304.4,304.22,304.38,142741
2026-08-14T16:50,304.37,304.37,304.098,304.19,110163
2026-08-14T16:55,304.18,304.315,304.18,304.2,74303
2026-08-14T17:00,304.21,304.285,304.15,304.215,52454
2026-08-14T17:05,304.22,304.38,304.205,304.38,171966
2026-08-14T17:10,304.39,304.495,304.36,304.46,89672
2026-08-14T17:15,304.5,304.64,304.45,304.625,115125
2026-08-14T17:20,304.62,304.76,304.58,304.63,105031
2026-08-14T17:25,304.64,304.7,304.57,304.69,103060
2026-08-14T17:30,304.69,304.735,304.565,304.65,150640
2026-08-14T17:35,304.64,304.655,304.42,304.43,87441
2026-08-14T17:40,304.425,304.51,304.385,304.46,73875
2026-08-14T17:45,304.46,304.48,304.275,304.29,110407
2026-08-14T17:50,304.285,304.36,304.23,304.32,119226
2026-08-14T17:55,304.31,304.44,304.295,304.43,62034
2026-08-14T18:00,304.435,304.51,304.365,304.38,83013
2026-08-14T18:05,304.38,304.43,304.275,304.295,77428
2026-08-14T18:10,304.295,304.375,304.265,304.345,72802
2026-08-14T18:15,304.35,304.5,304.335,304.47,72298
2026-08-14T18:20,304.485,304.57,304.405,304.555,78189
2026-08-14T18:25,304.57,304.635,304.5,304.505,83061
2026-08-14T18:30,304.505,304.5193,304.405,304.46,96593
2026-08-14T18:35,304.46,304.53,304.42,304.5171,69826
2026-08-14T18:40,304.52,304.56,304.4703,304.52,122271
2026-08-14T18:45,304.53,304.53,304.42,304.45,55256
2026-08-14T18:50,304.46,304.48,304.41,304.47,116461
2026-08-14T18:55,304.47,304.54,304.44,304.45,50893
2026-08-14T19:00,304.445,304.5372,304.28,304.335,171497
2026-08-14T19:05,304.345,304.53,304.34,304.52,112709
2026-08-14T19:10,304.515,304.6,304.46,304.53,204503
2026-08-14T19:15,304.545,304.6,304.46,304.465,113056
2026-08-14T19:20,304.47,304.685,304.47,304.68,136436
2026-08-14T19:25,304.69,304.85,304.655,304.685,264980
2026-08-14T19:30,304.69,304.845,304.675,304.8101,139647
2026-08-14T19:35,304.8101,304.95,304.81,304.925,147592
2026-08-14T19:40,304.925,305.0,304.91,305.0,150221
2026-08-14T19:45,304.98,305.13,304.92,305.075,266306
2026-08-14T19:50,305.07,305.18,304.89,304.89,286594
2026-08-14T19:55,304.89,305.1,304.89,305.09,1158702
2026-08-17T13:30,303.98,304.19,303.6,303.96,458487
2026-08-17T13:35,303.97,304.08,303.51,303.55,297211
2026-08-17T13:40,303.57,303.9,303.47,303.73,226352
2026-08-17T13:45,303.68,303.955,303.53,303.9199,193205
2026-08-17T13:50,303.915,303.96,303.6,303.75,123042
2026-08-17T13:55,303.74,303.75,303.47,303.485,103926
2026-08-17T14:00,303.49,303.86,303.23,303.845,274343
2026-08-17T14:05,303.85,304.13,303.6701,304.13,160174
2026-08-17T14:10,304.115,304.27,303.87,303.89,252138
2026-08-17T14:15,303.89,303.905,303.66,303.78,190390
2026-08-17T14:20,303.785,303.84,303.51,303.84,202196
2026-08-17T14:25,303.82,304.19,303.76,304.19,125490
2026-08-17T14:30,304.19,304.2705,303.95,304.05,141708
2026-08-17T14:35,304.07,304.125,303.7175,303.865,189071
2026-08-17T14:40,303.86,303.99,303.765,303.77,83767
2026-08-17T14:45,303.8,304.16,303.8,304.13,136941
2026-08-17T14:50,304.13,304.33,304.11,304.16,152276
2026-08-17T14:55,304.165,304.17,303.94,304.07,111444
2026-08-17T15:00,304.05,304.19,303.94,303.9709,160422
2026-08-17T15:05,304.0,304.25,303.83,303.9581,188875
2026-08-17T15:10,304.0,304.03,303.63,303.63,146070
2026-08-17T15:15,303.635,303.765,303.57,303.65,186753
2026-08-17T15:20,303.66,303.7757,303.62,303.71,69055
2026-08-17T15:25,303.705,303.74,303.61,303.615,94074
2026-08-17T15:30,303.62,303.735,303.505,303.585,140460
2026-08-17T15:35,303.59,303.62,303.415,303.49,180908
2026-08-17T15:40,303.495,303.67,303.48,303.645,144898
2026-08-17T15:45,303.65,303.815,303.65,303.785,100708
2026-08-17T15:50,303.79,303.96,303.75,303.935,95694
2026-08-17T15:55,303.94,303.98,303.86,303.925,100306
2026-08-17T16:00,303.925,304.0685,303.89,304.0685,97854
2026-08-17T16:05,304.065,304.15,303.89,304.01,118834
2026-08-17T16:10,304.01,304.115,303.93,304.09,174620
2026-08-17T16:15,304.08,304.195,304.07,304.16,98518
2026-08-17T16:20,304.15,304.23,304.06,304.105,92528
2026-08-17T16:25,304.12,304.195,304.04,304.175,119444
2026-08-17T16:30,304.16,304.23,304.11,304.14,73214
2026-08-17T16:35,304.14,304.24,304.115,304.205,180387
2026-08-17T16:40,304.21,304.23,304.07,304.095,95585
2026-08-17T16:45,304.1,304.175,304.02,304.03,167831
2026-08-17T16:50,304.035,304.09,303.95,304.09,144482
2026-08-17T16:55,304.095,304.185,304.085,304.14,92835
2026-08-17T17:00,304.16,304.295,304.075,304.275,99232
2026-08-17T17:05,304.275,304.29,304.145,304.16,83920
2026-08-17T17:10,304.155,304.25,303.975,303.99,170608
2026-08-17T17:15,303.99,304.1,303.885,303.975,88548
2026-08-17T17:20,303.99,304.0,303.695,303.72,226187
2026-08-17T17:25,303.71,303.805,303.605,303.7,251641
2026-08-17T17:30,303.69,303.745,303.555,303.555,74920
2026-08-17T17:35,303.555,303.58,303.28,303.285,302321
2026-08-17T17:40,303.285,303.72,303.265,303.695,280531
2026-08-17T17:45,303.69,303.73,303.47,303.49,128443
2026-08-17T17:50,303.5,303.55,303.37,303.42,177696
2026-08-17T17:55,303.43,303.48,303.35,303.42,106633
2026-08-17T18:00,303.41,303.47,303.24,303.335,241356
2026-08-17T18:05,303.34,303.505,303.3,303.445,105158
2026-08-17T18:10,303.43,303.465,303.28,303.45,142380
2026-08-17T18:15,303.455,303.64,303.44,303.45,171199
2026-08-17T18:20,303.455,303.53,303.32,303.53,151320
2026-08-17T18:25,303.53,303.655,303.515,303.65,90368
2026-08-17T18:30,303.67,303.7,303.49,303.6,139970
2026-08-17T18:35,303.6,303.68,303.58,303.665,103722
2026-08-17T18:40,303.65,303.705,303.58,303.685,130006
2026-08-17T18:45,303.69,303.75,303.6201,303.65,83174
2026-08-17T18:50,303.65,303.78,303.65,303.685,94285
2026-08-17T18:55,303.68,303.7699,303.66,303.7,107742
2026-08-17T19:00,303.71,303.7517,303.6,303.645,114861
2026-08-17T19:05,303.63,303.725,303.62,303.7,80878
2026-08-17T19:10,303.7,303.71,303.56,303.625,103781
2026-08-17T19:15,303.63,303.859,303.62,303.77,135307
2026-08-17T19:20,303.76,303.91,303.74,303.88,107246
2026-08-17T19:25,303.8704,303.965,303.83,303.835,208959
2026-08-17T19:30,303.83,303.85,303.5801,303.6,341118
2026-08-17T19:35,303.59,303.875,303.575,303.84,171582
2026-08-17T19:40,303.84,303.84,303.7,303.81,179045
2026-08-17T19:45,303.82,304.03,303.8,304.015,317143
2026-08-17T19:50,304.01,304.01,303.72,303.83,563810
2026-08-17T19:55,303.83,304.15,303.73,304.06,1184712
2026-08-18T13:30,302.59,303.13,302.01,302.31,1030326
2026-08-18T13:35,302.3,302.62,302.0496,302.59,679857
2026-08-18T13:40,302.6,302.91,302.23,302.29,266717
2026-08-18T13:45,302.305,302.41,302.0,302.01,316368
2026-08-18T13:50,302.01,302.38,301.89,302.38,199895
2026-08-18T13:55,302.38,302.73,302.2,302.51,195075
2026-08-18T14:00,302.52,302.67,302.31,302.42,225841
2026-08-18T14:05,302.44,302.455,302.03,302.03,107208
2026-08-18T14:10,302.04,302.055,301.7,301.82,230375
2026-08-18T14:15,301.83,302.105,301.75,301.855,459544
2026-08-18T14:20,301.86,302.21,301.78,302.2028,354870
2026-08-18T14:25,302.22,302.35,302.1,302.18,170424
2026-08-18T14:30,302.15,302.5,302.04,302.04,228387
2026-08-18T14:35,302.01,302.16,301.911,302.04,149101
2026-08-18T14:40,302.045,302.14,301.6,301.6199,322089
2026-08-18T14:45,301.615,301.82,301.54,301.81,227411
2026-08-18T14:50,301.83,301.875,301.25,301.3,246055
2026-08-18T14:55,301.29,301.46,301.12,301.15,319359
2026-08-18T15:00,301.16,301.33,300.905,301.32,281687
2026-08-18T15:05,301.34,301.38,300.91,300.92,140846
2026-08-18T15:10,300.905,300.945,300.78,300.86,148066
2026-08-18T15:15,300.86,300.97,300.61,300.61,141445
2026-08-18T15:20,300.62,300.86,300.535,300.835,196897
2026-08-18T15:25,300.83,301.19,300.82,301.09,510609
2026-08-18T15:30,301.09,301.3,301.04,301.185,430393
2026-08-18T15:35,301.18,301.18,300.81,300.81,84421
2026-08-18T15:40,300.82,301.01,300.695,300.89,124383
2026-08-18T15:45,300.9,301.265,300.9,301.2368,169707
2026-08-18T15:50,301.24,301.39,301.18,301.29,108863
2026-08-18T15:55,301.31,301.3503,301.045,301.13,113724
2026-08-18T16:00,301.16,301.28,301.085,301.1,103399
2026-08-18T16:05,301.1,301.21,301.03,301.035,84145
2026-08-18T16:10,301.03,301.175,300.99,301.02,70288
2026-08-18T16:15,301.02,301.075,300.935,300.97,69446
2026-08-18T16:20,300.98,301.21,300.98,301.045,143888
2026-08-18T16:25,301.05,301.08,300.845,300.85,69471
2026-08-18T16:30,300.83,301.02,300.82,300.935,111713
2026-08-18T16:35,300.94,301.15,300.92,301.07,47943
2026-08-18T16:40,301.05,301.13,300.98,301.06,40940
2026-08-18T16:45,301.07,301.3,301.03,301.255,82520
2026-08-18T16:50,301.24,301.24,301.135,301.165,30974
2026-08-18T16:55,301.14,301.15,301.0,301.045,97128
2026-08-18T17:00,300.99,301.09,300.9,301.05,90845
2026-08-18T17:05,301.035,301.08,300.98,301.07,44583
2026-08-18T17:10,301.075,301.18,301.02,301.13,55093
2026-08-18T17:15,301.11,301.13,300.885,300.894,52041
2026-08-18T17:20,300.88,300.94,300.745,300.76,72164
2026-08-18T17:25,300.77,300.78,300.615,300.7106,118440
2026-08-18T17:30,300.69,300.765,300.64,300.7,61358
2026-08-18T17:35,300.68,300.77,300.575,300.68,48794
2026-08-18T17:40,300.69,300.7,300.585,300.585,28451
2026-08-18T17:45,300.565,300.64,300.555,300.61,34433
2026-08-18T17:50,300.615,300.715,300.56,300.58,67265
2026-08-18T17:55,300.58,300.58,300.395,300.395,67408
2026-08-18T18:00,300.39,300.42,300.24,300.33,301021
2026-08-18T18:05,300.35,300.38,300.13,300.14,187249
2026-08-18T18:10,300.14,300.51,300.12,300.5,152580
2026-08-18T18:15,300.51,300.6175,300.49,300.61,127253
2026-08-18T18:20,300.61,300.625,300.4,300.43,137223
2026-08-18T18:25,300.43,300.535,300.35,300.535,250261
2026-08-18T18:30,300.5337,300.6,300.49,300.6,73673
2026-08-18T18:35,300.6099,300.765,300.59,300.69,177670
2026-08-18T18:40,300.7,300.705,300.57,300.615,76129
2026-08-18T18:45,300.61,300.735,300.56,300.6,80757
2026-08-18T18:50,300.6,300.61,300.48,300.505,55362
2026-08-18T18:55,300.505,300.59,300.48,300.515,82622
2026-08-18T19:00,300.51,300.52,300.4,300.48,99883
2026-08-18T19:05,300.48,300.525,300.395,300.43,99298
2026-08-18T19:10,300.435,300.555,300.37,300.39,97604
2026-08-18T19:15,300.395,300.455,300.33,300.455,111621
2026-08-18T19:20,300.46,300.67,300.39,300.645,194188
2026-08-18T19:25,300.645,300.74,300.6,300.68,312749
2026-08-18T19:30,300.68,300.785,300.6,300.64,320802
2026-08-18T19:35,300.64,300.72,300.59,300.61,222244
2026-08-18T19:40,300.62,300.65,300.54,300.6,179589
2026-08-18T19:45,300.59,300.67,300.515,300.61,492740
2026-08-18T19:50,300.61,300.645,300.395,300.41,498389
2026-08-18T19:55,300.42,300.43,300.115,300.23,2023360
2026-08-19T13:30,302.82,303.15,302.38,302.46,893281
2026-08-19T13:35,302.48,302.74,302.135,302.15,527176
2026-08-19T13:40,302.14,302.88,302.06,302.81,369457
2026-08-19T13:45,302.87,303.03,302.17,302.2,518594
2026-08-19T13:50,302.23,302.41,301.74,302.375,248573
2026-08-19T13:55,302.36,302.85,302.205,302.34,168106
2026-08-19T14:00,302.34,302.45,302.0525,302.14,211670
2026-08-19T14:05,302.12,302.365,302.06,302.17,176504
2026-08-19T14:10,302.17,302.2,301.44,301.45,263286
2026-08-19T14:15,301.4499,302.29,301.435,302.1,246565
2026-08-19T14:20,302.09,302.38,301.97,302.27,134500
2026-08-19T14:25,302.27,302.47,302.11,302.415,126761
2026-08-19T14:30,302.4,302.83,302.36,302.61,208696
2026-08-19T14:35,302.58,303.01,302.56,302.965,539061
2026-08-19T14:40,302.96,303.005,302.75,303.005,243842
2026-08-19T14:45,303.01,303.01,302.59,302.685,255221
2026-08-19T14:50,302.685,302.815,302.61,302.66,130768
2026-08-19T14:55,302.65,303.15,302.615,303.15,109322
2026-08-19T15:00,303.15,303.4,303.03,303.03,166527
2026-08-19T15:05,303.045,303.28,302.95,303.17,124703
2026-08-19T15:10,303.18,303.4105,303.07,303.3,149282
2026-08-19T15:15,303.31,303.31,302.835,302.87,141772
2026-08-19T15:20,302.87,303.02,302.825,302.85,95870
2026-08-19T15:25,302.85,302.99,302.725,302.97,95190
2026-08-19T15:30,302.965,303.065,302.77,302.81,180417
2026-08-19T15:35,302.81,302.88,302.565,302.58,125484
2026-08-19T15:40,302.56,302.61,302.41,302.595,120649
2026-08-19T15:45,302.59,302.74,302.49,302.49,93742
2026-08-19T15:50,302.485,302.66,302.315,302.315,104225
2026-08-19T15:55,302.32,302.38,302.28,302.29,189045
2026-08-19T16:00,302.3,302.595,302.165,302.57,149027
2026-08-19T16:05,302.58,302.7399,302.535,302.56,94177
2026-08-19T16:10,302.565,302.59,302.42,302.435,78912
2026-08-19T16:15,302.42,302.605,302.41,302.565,68912
2026-08-19T16:20,302.55,302.595,302.38,302.445,73232
2026-08-19T16:25,302.465,302.55,302.28,302.3,185757
2026-08-19T16:30,302.285,302.365,302.22,302.355,193309
2026-08-19T16:35,302.365,302.39,302.27,302.32,75811
2026-08-19T16:40,302.33,302.37,302.25,302.325,69834
2026-08-19T16:45,302.315,302.385,302.24,302.325,46267
2026-08-19T16:50,302.32,302.32,302.14,302.19,52235
2026-08-19T16:55,302.18,302.185,302.07,302.13,85251
2026-08-19T17:00,302.13,302.275,302.06,302.13,48697
2026-08-19T17:05,302.15,302.275,301.92,301.92,92177
2026-08-19T17:10,301.925,302.025,301.89,301.94,78855
2026-08-19T17:15,301.95,301.975,301.735,301.735,61662
2026-08-19T17:20,301.735,301.82,301.69,301.745,101737
2026-08-19T17:25,301.73,301.89,301.67,301.88,112604
2026-08-19T17:30,301.885,301.945,301.74,301.825,102878
2026-08-19T17:35,301.82,301.88,301.685,301.69,127556
2026-08-19T17:40,301.7,301.885,301.65,301.8,119502
2026-08-19T17:45,301.805,301.94,301.78,301.8,82685
2026-08-19T17:50,301.8,301.85,301.7,301.72,72592
2026-08-19T17:55,301.725,301.87,301.69,301.77,71166
2026-08-19T18:00,301.7501,302.0,301.73,301.82,157473
2026-08-19T18:05,301.82,301.915,301.39,301.5,175922
2026-08-19T18:10,301.495,301.565,301.36,301.52,71546
2026-08-19T18:15,301.52,301.7,301.45,301.62,66069
2026-08-19T18:20,301.625,301.66,301.45,301.515,39608
2026-08-19T18:25,301.505,301.62,301.49,301.59,51058
2026-08-19T18:30,301.595,301.77,301.59,301.75,71320
2026-08-19T18:35,301.74,301.79,301.5,301.5603,78455
2026-08-19T18:40,301.545,301.655,301.54,301.595,70318
2026-08-19T18:45,301.585,301.64,301.45,301.49,55513
2026-08-19T18:50,301.505,301.52,301.26,301.31,126283
2026-08-19T18:55,301.31,301.39,301.23,301.34,123610
2026-08-19T19:00,301.35,301.5,301.27,301.425,133657
2026-08-19T19:05,301.42,301.56,301.4,301.52,96331
2026-08-19T19:10,301.525,301.56,301.36,301.38,80595
2026-08-19T19:15,301.385,301.61,301.36,301.61,111811
2026-08-19T19:20,301.595,301.75,301.5,301.72,75106
2026-08-19T19:25,301.715,301.805,301.64,301.66,94891
2026-08-19T19:30,301.67,301.83,301.67,301.705,338282
2026-08-19T19:35,301.69,301.69,301.4,301.4,137091
2026-08-19T19:40,301.3948,301.57,301.3948,301.49,133640
2026-08-19T19:45,301.49,301.6,301.49,301.57,251430
2026-08-19T19:50,301.57,301.57,301.36,301.52,571362
2026-08-19T19:55,301.53,301.73,301.32,301.72,719631
2026-08-20T13:30,299.34,299.62,299.01,299.61,626625
2026-08-20T13:35,299.62,299.96,299.33,299.66,468940
2026-08-20T13:40,299.64,300.01,299.25,299.745,196916
2026-08-20T13:45,299.72,299.94,299.55,299.94,224784
2026-08-20T13:50,299.94,300.04,299.19,299.365,425624
2026-08-20T13:55,299.375,299.49,298.92,299.0,549826
2026-08-20T14:00,299.0,299.13,298.525,298.525,461559
2026-08-20T14:05,298.525,298.695,298.2,298.67,828488
2026-08-20T14:10,298.67,298.68,298.23,298.295,940270
2026-08-20T14:15,298.295,298.54,297.92,297.95,671498
2026-08-20T14:20,297.96,298.695,297.94,298.62,359008
2026-08-20T14:25,298.62,298.84,298.24,298.39,258928
2026-08-20T14:30,298.335,298.655,298.295,298.3707,125754
2026-08-20T14:35,298.37,298.69,298.23,298.64,396929
2026-08-20T14:40,298.63,298.87,298.57,298.7605,347200
2026-08-20T14:45,298.77,298.975,298.74,298.78,165344
2026-08-20T14:50,298.77,299.07,298.7,298.78,188516
2026-08-20T14:55,298.81,298.96,298.69,298.92,103419
2026-08-20T15:00,298.915,299.68,298.91,299.54,428786
2026-08-20T15:05,299.55,299.56,298.775,298.89,403887
2026-08-20T15:10,298.86,299.025,298.505,298.945,205171
2026-08-20T15:15,298.955,298.955,298.7,298.795,93709
2026-08-20T15:20,298.79,298.79,298.3,298.365,212671
2026-08-20T15:25,298.35,298.625,298.31,298.52,162283
2026-08-20T15:30,298.5,298.62,298.15,298.15,243954
2026-08-20T15:35,298.15,298.15,297.81,297.9223,155600
2026-08-20T15:40,297.93,298.0,297.6801,297.695,156480
2026-08-20T15:45,297.695,298.0,297.6602,297.89,166055
2026-08-20T15:50,297.86,298.2,297.8,298.005,183204
2026-08-20T15:55,298.0,298.055,297.8865,298.03,125548
2026-08-20T16:00,298.03,298.07,297.8,297.84,176133
2026-08-20T16:05,297.82,297.96,297.705,297.93,248042
2026-08-20T16:10,297.925,297.98,297.75,297.79,404501
2026-08-20T16:15,297.78,297.93,297.755,297.86,62679
2026-08-20T16:20,297.87,298.02,297.79,297.97,159021
2026-08-20T16:25,297.97,298.03,297.84,297.92,76349
2026-08-20T16:30,297.86,297.945,297.71,297.945,86498
2026-08-20T16:35,297.93,298.05,297.825,297.99,98943
2026-08-20T16:40,297.98,298.19,297.97,298.17,123246
2026-08-20T16:45,298.165,298.22,298.04,298.1,67865
2026-08-20T16:50,298.1,298.23,298.08,298.1,57471
2026-08-20T16:55,298.11,298.25,298.1,298.21,60842
2026-08-20T17:00,298.195,298.195,297.97,297.995,138065
2026-08-20T17:05,297.99,298.09,297.74,297.74,126703
2026-08-20T17:10,297.755,297.78,297.6348,297.675,310192
2026-08-20T17:15,297.658,297.67,297.3988,297.3988,176216
2026-08-20T17:20,297.39,297.565,297.37,297.51,188612
2026-08-20T17:25,297.51,297.56,297.43,297.495,75418
2026-08-20T17:30,297.495,297.53,297.435,297.49,76000
2026-08-20T17:35,297.49,297.595,297.425,297.53,73765
2026-08-20T17:40,297.515,297.59,297.4901,297.58,116912
2026-08-20T17:45,297.58,297.7899,297.57,297.7899,126309
2026-08-20T17:50,297.77,297.935,297.755,297.765,128789
2026-08-20T17:55,297.765,297.805,297.6201,297.635,75404
2026-08-20T18:00,297.64,297.64,297.465,297.535,94341
2026-08-20T18:05,297.53,297.53,297.27,297.365,243994
2026-08-20T18:10,297.34,297.355,297.15,297.255,93773
2026-08-20T18:15,297.265,297.47,297.04,297.44,277435
2026-08-20T18:20,297.4461,297.63,297.43,297.51,134147
2026-08-20T18:25,297.505,297.61,297.475,297.55,62371
2026-08-20T18:30,297.53,297.58,297.235,297.245,72527
2026-08-20T18:35,297.26,297.38,297.22,297.24,55626
2026-08-20T18:40,297.23,297.31,297.16,297.3099,82502
2026-08-20T18:45,297.31,297.46,297.285,297.4,131410
2026-08-20T18:50,297.3901,297.5,297.28,297.3,136788
2026-08-20T18:55,297.28,297.43,297.26,297.265,81432
2026-08-20T19:00,297.255,297.515,297.235,297.505,284191
2026-08-20T19:05,297.495,297.63,297.455,297.56,127765
2026-08-20T19:10,297.56,297.68,297.49,297.63,143657
2026-08-20T19:15,297.63,297.755,297.59,297.625,276465
2026-08-20T19:20,297.63,297.895,297.585,297.855,118749
2026-08-20T19:25,297.85,297.88,297.62,297.64,151774
2026-08-20T19:30,297.63,297.805,297.58,297.65,148964
2026-08-20T19:35,297.66,297.71,297.595,297.625,107480
2026-08-20T19:40,297.625,297.67,297.52,297.57,266765
2026-08-20T19:45,297.565,297.6499,297.3941,297.6401,326517
2026-08-20T19:50,297.66,297.84,297.53,297.665,439697
2026-08-20T19:55,297.67,297.79,297.45,297.67,1825358
2026-08-21T13:30,299.95,300.07,299.225,299.46,1186940
2026-08-21T13:35,299.47,299.61,299.015,299.365,278211
2026-08-21T13:40,299.36,299.75,299.19,299.75,401531
2026-08-21T13:45,299.73,299.865,299.415,299.67,199002
2026-08-21T13:50,299.67,299.99,299.295,299.42,238993
2026-08-21T13:55,299.44,299.71,299.4,299.42,173792
2026-08-21T14:00,299.42,299.59,299.305,299.32,529704
2026-08-21T14:05,299.34,299.43,299.16,299.18,119785
2026-08-21T14:10,299.19,299.23,298.82,298.84,137139
2026-08-21T14:15,298.835,298.86,298.46,298.5,346414
2026-08-21T14:20,298.495,298.94,298.405,298.86,368089
2026-08-21T14:25,298.855,299.015,298.82,298.885,137042
2026-08-21T14:30,298.88,298.96,298.53,298.53,186321
2026-08-21T14:35,298.525,298.57,298.295,298.32,260058
2026-08-21T14:40,298.29,298.53,298.17,298.3915,246823
2026-08-21T14:45,298.42,298.79,298.41,298.77,89535
2026-08-21T14:50,298.785,298.785,298.48,298.54,88544
2026-08-21T14:55,298.53,298.8,298.51,298.705,119225
2026-08-21T15:00,298.71,299.04,298.66,298.985,127430
2026-08-21T15:05,298.99,299.055,298.8425,298.92,92394
2026-08-21T15:10,298.95,299.13,298.85,298.86,117160
2026-08-21T15:15,298.87,298.97,298.76,298.8,71508
2026-08-21T15:20,298.79,298.95,298.745,298.9,126903
2026-08-21T15:25,298.91,299.155,298.91,299.12,63100
2026-08-21T15:30,299.145,299.545,299.12,299.545,343135
2026-08-21T15:35,299.545,299.62,299.4,299.615,529371
2026-08-21T15:40,299.615,299.805,299.57,299.67,357123
2026-08-21T15:45,299.69,299.8,299.58,299.605,149316
2026-08-21T15:50,299.61,299.72,299.55,299.565,121862
2026-08-21T15:55,299.58,299.69,299.49,299.535,65743
2026-08-21T16:00,299.55,299.64,299.49,299.55,97487
2026-08-21T16:05,299.55,299.55,299.355,299.4,567846
2026-08-21T16:10,299.41,299.7,299.41,299.48,106188
2026-08-21T16:15,299.46,299.62,299.435,299.525,100836
2026-08-21T16:20,299.51,299.9425,299.415,299.59,317779
2026-08-21T16:25,299.61,299.8,299.55,299.76,88226
2026-08-21T16:30,299.76,299.775,299.505,299.515,92026
2026-08-21T16:35,299.51,299.7799,299.505,299.7799,153201
2026-08-21T16:40,299.785,299.86,299.69,299.695,559626
2026-08-21T16:45,299.695,299.715,299.59,299.6,139548
2026-08-21T16:50,299.6,299.675,299.505,299.505,140997
2026-08-21T16:55,299.5,299.68,299.475,299.62,196298
2026-08-21T17:00,299.625,299.66,299.51,299.585,74604
2026-08-21T17:05,299.571,299.675,299.56,299.575,48521
2026-08-21T17:10,299.56,299.61,299.47,299.525,1625081
2026-08-21T17:15,299.52,299.64,299.51,299.535,319732
2026-08-21T17:20,299.53,299.705,299.46,299.675,245841
2026-08-21T17:25,299.6744,299.75,299.5825,299.68,301857
2026-08-21T17:30,299.69,299.79,299.65,299.73,73888
2026-08-21T17:35,299.72,299.83,299.66,299.69,56712
2026-08-21T17:40,299.69,299.74,299.62,299.66,86922
2026-08-21T17:45,299.68,299.9,299.675,299.84,178999
2026-08-21T17:50,299.83,299.84,299.67,299.7,68539
2026-08-21T17:55,299.705,299.77,299.69,299.695,34153
2026-08-21T18:00,299.695,299.84,299.635,299.76,70946
2026-08-21T18:05,299.75,299.785,299.66,299.66,70766
2026-08-21T18:10,299.65,299.72,299.585,299.585,173955
2026-08-21T18:15,299.59,299.76,299.5525,299.76,76915
2026-08-21T18:20,299.775,299.88,299.76,299.88,481972
2026-08-21T18:25,299.88,299.89,299.77,299.805,71239
2026-08-21T18:30,299.8,299.81,299.695,299.725,82149
2026-08-21T18:35,299.725,299.79,299.695,299.74,48346
2026-08-21T18:40,299.77,299.955,299.77,299.925,60757
2026-08-21T18:45,299.9297,300.01,299.88,299.965,384620
2026-08-21T18:50,299.96,300.06,299.9514,300.01,355813
2026-08-21T18:55,300.01,300.02,299.89,300.015,289623
2026-08-21T19:00,300.02,300.16,300.0,300.02,298840
2026-08-21T19:05,300.02,300.18,300.01,300.08,81089
2026-08-21T19:10,300.075,300.14,300.05,300.105,292511
2026-08-21T19:15,300.1,300.105,299.96,300.065,484736
2026-08-21T19:20,300.045,300.15,300.04,300.15,276564
2026-08-21T19:25,300.14,300.19,300.1,300.16,133077
2026-08-21T19:30,300.15,300.225,300.055,300.065,414807
2026-08-21T19:35,300.06,300.1,299.955,300.08,186132
2026-08-21T19:40,300.08,300.135,299.965,300.135,1189538
2026-08-21T19:45,300.13,300.3095,300.125,300.28,415808
2026-08-21T19:50,300.28,300.33,300.085,300.2,617020
2026-08-21T19:55,300.19,300.21,299.87,299.96,1798595
2026-08-24T13:30,299.59,299.74,298.83,299.02,436194
2026-08-24T13:35,299.03,299.2,298.42,298.61,329339
2026-08-24T13:40,298.635,298.95,298.42,298.49,246052
2026-08-24T13:45,298.47,299.135,298.395,298.76,270090
2026-08-24T13:50,298.78,298.79,298.17,298.615,180177
2026-08-24T13:55,298.63,298.83,298.56,298.595,105469
2026-08-24T14:00,298.6,298.7201,298.045,298.321,242614
2026-08-24T14:05,298.36,298.52,298.28,298.45,109185
2026-08-24T14:10,298.465,298.66,298.33,298.44,70766
2026-08-24T14:15,298.44,298.765,298.36,298.76,107236
2026-08-24T14:20,298.755,298.96,298.589,298.589,113163
2026-08-24T14:25,298.6,298.86,298.525,298.81,102044
2026-08-24T14:30,298.8,298.995,298.77,298.845,89135
2026-08-24T14:35,298.84,299.01,298.771,298.775,100560
2026-08-24T14:40,298.78,298.9,298.6,298.605,95127
2026-08-24T14:45,298.605,298.71,298.46,298.67,135731
2026-08-24T14:50,298.6728,298.735,298.45,298.67,73312
2026-08-24T14:55,298.675,298.755,298.56,298.585,99692
2026-08-24T15:00,298.585,298.61,298.305,298.31,127364
2026-08-24T15:05,298.32,298.445,298.3,298.3,65761
2026-08-24T15:10,298.285,298.555,298.275,298.295,96403
2026-08-24T15:15,298.295,298.35,298.19,298.28,64456
2026-08-24T15:20,298.285,298.43,298.22,298.395,124567
2026-08-24T15:25,298.4,298.68,298.22,298.5,348799
2026-08-24T15:30,298.495,298.72,298.36,298.51,219100
2026-08-24T15:35,298.51,298.725,298.41,298.66,65779
2026-08-24T15:40,298.665,298.76,298.465,298.51,1157215
2026-08-24T15:45,298.515,298.81,298.515,298.54,133934
2026-08-24T15:50,298.52,298.66,298.48,298.49,93539
2026-08-24T15:55,298.48,298.49,298.36,298.46,100407
2026-08-24T16:00,298.465,298.78,298.46,298.6,146457
2026-08-24T16:05,298.6,298.64,298.37,298.37,64714
2026-08-24T16:10,298.38,298.395,298.32,298.365,112391
2026-08-24T16:15,298.355,298.57,298.355,298.55,64302
2026-08-24T16:20,298.525,298.535,298.42,298.44,61532
2026-08-24T16:25,298.435,298.47,298.35,298.35,42976
2026-08-24T16:30,298.355,298.405,298.185,298.21,58300
2026-08-24T16:35,298.215,298.23,298.115,298.12,47575
2026-08-24T16:40,298.115,298.16,298.045,298.06,75781
2026-08-24T16:45,298.06,298.145,298.03,298.09,140278
2026-08-24T16:50,298.09,298.095,297.97,298.015,127380
2026-08-24T16:55,298.0,298.07,297.99,298.03,66314
2026-08-24T17:00,298.015,298.0701,297.92,298.065,54933
2026-08-24T17:05,298.055,298.36,298.055,298.31,117743
2026-08-24T17:10,298.315,298.525,298.2835,298.305,148310
2026-08-24T17:15,298.29,298.415,298.145,298.22,103102
2026-08-24T17:20,298.215,298.2375,297.905,297.905,116780
2026-08-24T17:25,297.905,297.91,297.725,297.73,216212
2026-08-24T17:30,297.735,297.79,297.65,297.65,72880
2026-08-24T17:35,297.65,297.72,297.625,297.685,153321
2026-08-24T17:40,297.685,297.695,297.56,297.56,88769
2026-08-24T17:45,297.545,297.615,297.525,297.55,85601
2026-08-24T17:50,297.535,297.605,297.42,297.445,136375
2026-08-24T17:55,297.445,297.63,297.4,297.5801,186670
2026-08-24T18:00,297.59,297.72,297.55,297.675,86378
2026-08-24T18:05,297.67,297.91,297.65,297.86,169452
2026-08-24T18:10,297.855,297.9604,297.8,297.9604,46059
2026-08-24T18:15,297.965,298.075,297.925,298.02,196622
2026-08-24T18:20,298.01,298.17,297.98,298.095,82932
2026-08-24T18:25,298.09,298.255,298.08,298.24,96375
2026-08-24T18:30,298.2375,298.34,298.115,298.165,94172
2026-08-24T18:35,298.16,298.21,297.955,298.005,48751
2026-08-24T18:40,298.015,298.17,298.015,298.14,57053
2026-08-24T18:45,298.135,298.145,298.005,298.06,188601
2026-08-24T18:50,298.065,298.145,298.0401,298.07,225117
2026-08-24T18:55,298.065,298.13,298.04,298.05,48063
2026-08-24T19:00,298.03,298.125,297.99,298.1175,81534
2026-08-24T19:05,298.115,298.175,298.03,298.05,106642
2026-08-24T19:10,298.04,298.16,298.04,298.1064,64879
2026-08-24T19:15,298.13,298.205,298.095,298.16,83625
2026-08-24T19:20,298.165,298.195,298.105,298.105,121511
2026-08-24T19:25,298.1,298.17,298.0705,298.0705,68075
2026-08-24T19:30,298.07,298.2,298.01,298.02,112199
2026-08-24T19:35,298.0108,298.035,297.95,297.985,135661
2026-08-24T19:40,297.98,298.06,297.94,298.0499,124955
2026-08-24T19:45,298.055,298.155,297.97,298.135,325393
2026-08-24T19:50,298.15,298.185,297.87,297.9801,283935
2026-08-24T19:55,297.97,297.99,297.83,297.97,730356
2026-08-25T13:30,299.61,299.77,299.05,299.11,505950
2026-08-25T13:35,299.09,299.12,298.76,298.93,328223
2026-08-25T13:40,298.92,299.125,298.74,298.74,301620
2026-08-25T13:45,298.722,298.84,298.53,298.61,282020
2026-08-25T13:50,298.62,298.68,298.36,298.535,168201
2026-08-25T13:55,298.54,298.72,298.39,298.57,183078
2026-08-25T14:00,298.6,298.73,298.22,298.32,241565
2026-08-25T14:05,298.33,298.5207,298.26,298.44,142824
2026-08-25T14:10,298.46,298.68,298.29,298.4,205991
2026-08-25T14:15,298.4,298.59,298.29,298.44,179838
2026-08-25T14:20,298.45,298.68,298.43,298.665,152178
2026-08-25T14:25,298.66,298.88,298.5711,298.735,86138
2026-08-25T14:30,298.75,298.99,297.97,298.69,544385
2026-08-25T14:35,298.68,299.12,298.67,299.11,177107
2026-08-25T14:40,299.11,299.115,298.6501,298.71,324676
2026-08-25T14:45,298.66,298.86,298.65,298.8,71535
2026-08-25T14:50,298.77,298.8293,298.6,298.675,77581
2026-08-25T14:55,298.6599,298.99,298.635,298.99,83906
2026-08-25T15:00,298.99,299.15,298.875,298.89,1518596
2026-08-25T15:05,298.9,299.075,298.87,299.055,57561
2026-08-25T15:10,299.055,299.08,298.89,298.9,74892
2026-08-25T15:15,298.9,299.06,298.85,299.05,67292
2026-08-25T15:20,299.06,299.15,298.96,299.0,72114
2026-08-25T15:25,299.0,299.08,298.85,299.04,103843
2026-08-25T15:30,299.04,299.23,298.86,298.9,160766
2026-08-25T15:35,298.91,299.215,298.79,298.98,211718
2026-08-25T15:40,298.985,299.05,298.89,298.935,96312
2026-08-25T15:45,298.92,298.965,298.8799,298.935,124776
2026-08-25T15:50,298.94,298.96,298.7505,298.88,119887
2026-08-25T15:55,298.88,299.12,298.88,299.08,183339
2026-08-25T16:00,299.035,299.1,298.975,298.975,66793
2026-08-25T16:05,298.97,298.98,298.665,298.665,66576
2026-08-25T16:10,298.665,298.76,298.585,298.67,144567
2026-08-25T16:15,298.69,298.725,298.615,298.675,291919
2026-08-25T16:20,298.67,298.77,298.62,298.765,54318
2026-08-25T16:25,298.765,298.8,298.7,298.75,57250
2026-08-25T16:30,298.75,298.895,298.715,298.865,33365
2026-08-25T16:35,298.865,298.95,298.8143,298.8995,36983
2026-08-25T16:40,298.895,298.895,298.73,298.765,41738
2026-08-25T16:45,298.78,298.84,298.715,298.79,52450
2026-08-25T16:50,298.81,298.81,298.6701,298.705,58153
2026-08-25T16:55,298.705,298.87,298.685,298.83,39873
2026-08-25T17:00,298.825,298.84,298.59,298.595,53878
2026-08-25T17:05,298.59,298.675,298.51,298.57,99798
2026-08-25T17:10,298.5999,298.66,298.55,298.645,51292
2026-08-25T17:15,298.65,298.68,298.6,298.665,44525
2026-08-25T17:20,298.65,298.67,298.575,298.615,186216
2026-08-25T17:25,298.615,298.685,298.575,298.635,40530
2026-08-25T17:30,298.645,298.875,298.64,298.845,65974
2026-08-25T17:35,298.84,298.855,298.775,298.815,33880
2026-08-25T17:40,298.8175,298.845,298.69,298.69,49743
2026-08-25T17:45,298.685,298.745,298.6599,298.71,33242
2026-08-25T17:50,298.71,298.755,298.69,298.755,178731
2026-08-25T17:55,298.75,298.78,298.71,298.735,29440
2026-08-25T18:00,298.735,298.8893,298.7175,298.795,34553
2026-08-25T18:05,298.795,298.795,298.675,298.722,91181
2026-08-25T18:10,298.725,298.765,298.69,298.69,45383
2026-08-25T18:15,298.695,298.74,298.66,298.735,984
2026-08-25T18:20,298.74,298.795,298.735,298.735,67979
2026-08-25T18:25,298.73,298.765,298.67,298.745,206468
2026-08-25T18:30,298.745,298.77,298.705,298.74,108114
2026-08-25T18:35,298.73,298.76,298.665,298.665,70511
2026-08-25T18:40,298.67,298.74,298.625,298.735,69348
2026-08-25T18:45,298.735,299.03,298.735,298.975,162478
2026-08-25T18:50,298.975,298.98,298.87,298.885,63477
2026-08-25T18:55,298.89,298.925,298.85,298.855,86899
2026-08-25T19:00,298.85,298.9,298.82,298.86,174098
2026-08-25T19:05,298.86,298.925,298.78,298.83,407105
2026-08-25T19:10,298.83,298.86,298.68,298.68,624088
2026-08-25T19:15,298.69,298.73,298.61,298.69,76419
2026-08-25T19:20,298.705,298.79,298.665,298.77,75871
2026-08-25T19:25,298.77,298.91,298.755,298.895,128497
2026-08-25T19:30,298.89,299.04,298.89,298.99,285273
2026-08-25T19:35,299.01,299.05,298.8201,298.855,292404
2026-08-25T19:40,298.85,299.04,298.835,298.98,98500
2026-08-25T19:45,298.98,299.02,298.82,298.99,158354
2026-08-25T19:50,298.98,299.39,298.92,299.335,489798
2026-08-25T19:55,299.34,299.46,299.205,299.23,1325775
2026-08-26T13:30,298.84,298.84,298.155,298.59,360609
2026-08-26T13:35,298.63,299.15,298.6,298.94,260776
2026-08-26T13:40,298.92,299.34,298.85,299.33,338351
2026-08-26T13:45,299.33,299.62,299.3,299.32,293430
2026-08-26T13:50,299.29,299.655,299.19,299.62,198427
2026-08-26T13:55,299.62,299.82,299.62,299.685,196713
2026-08-26T14:00,299.67,299.95,299.525,299.76,160242
2026-08-26T14:05,299.76,299.84,299.57,299.61,116584
2026-08-26T14:10,299.61,299.71,299.43,299.48,109752
2026-08-26T14:15,299.475,299.595,299.32,299.49,229911
2026-08-26T14:20,299.45,299.5,299.1301,299.22,108684
2026-08-26T14:25,299.22,299.3,299.0,299.03,233191
2026-08-26T14:30,299.01,299.12,298.87,299.05,134763
2026-08-26T14:35,299.04,299.07,298.76,298.76,79013
2026-08-26T14:40,298.765,298.88,298.62,298.655,125180
2026-08-26T14:45,298.67,298.74,298.5399,298.73,97081
2026-08-26T14:50,298.725,298.7799,298.62,298.725,60871
2026-08-26T14:55,298.725,298.77,298.62,298.69,115738
2026-08-26T15:00,298.655,298.83,298.565,298.605,79383
2026-08-26T15:05,298.61,298.71,298.55,298.605,49369
2026-08-26T15:10,298.6,298.65,298.48,298.5293,40037
2026-08-26T15:15,298.53,298.605,298.37,298.6,112896
2026-08-26T15:20,298.605,298.69,298.54,298.585,89051
2026-08-26T15:25,298.57,298.59,298.43,298.48,76097
2026-08-26T15:30,298.4701,298.51,298.28,298.295,91249
2026-08-26T15:35,298.32,298.4599,298.305,298.442,103764
2026-08-26T15:40,298.455,298.71,298.445,298.71,114705
2026-08-26T15:45,298.72,298.76,298.61,298.61,68668
2026-08-26T15:50,298.605,298.62,298.27,298.35,163060
2026-08-26T15:55,298.36,298.61,298.35,298.58,59245
2026-08-26T16:00,298.6,298.655,298.51,298.57,70848
2026-08-26T16:05,298.56,298.59,298.42,298.43,65221
2026-08-26T16:10,298.425,298.495,298.375,298.425,62373
2026-08-26T16:15,298.43,298.48,298.37,298.4203,89216
2026-08-26T16:20,298.415,298.47,298.315,298.33,137244
2026-08-26T16:25,298.33,298.38,298.28,298.345,68192
2026-08-26T16:30,298.345,298.495,298.34,298.49,152087
2026-08-26T16:35,298.475,298.51,298.365,298.365,85905
2026-08-26T16:40,298.365,298.435,298.24,298.2501,153492
2026-08-26T16:45,298.25,298.375,298.235,298.335,130984
2026-08-26T16:50,298.355,298.44,298.302,298.325,67148
2026-08-26T16:55,298.32,298.6,298.315,298.6,80074
2026-08-26T17:00,298.6,298.75,298.58,298.675,52156
2026-08-26T17:05,298.67,298.7,298.53,298.64,61488
2026-08-26T17:10,298.63,298.63,298.51,298.54,68590
2026-08-26T17:15,298.545,298.73,298.545,298.65,72805
2026-08-26T17:20,298.66,298.79,298.64,298.75,33318
2026-08-26T17:25,298.75,298.8,298.64,298.79,376075
2026-08-26T17:30,298.79,298.85,298.75,298.805,52349
2026-08-26T17:35,298.805,298.85,298.75,298.77,42395
2026-08-26T17:40,298.765,298.815,298.71,298.76,39528
2026-08-26T17:45,298.75,298.77,298.69,298.76,64049
2026-08-26T17:50,298.755,298.9,298.755,298.885,50819
2026-08-26T17:55,298.89,298.94,298.85,298.885,39136
2026-08-26T18:00,298.885,298.935,298.83,298.875,61099
2026-08-26T18:05,298.88,298.97,298.88,298.94,76493
2026-08-26T18:10,298.93,298.955,298.845,298.95,70337
2026-08-26T18:15,298.97,299.14,298.94,299.1,66846
2026-08-26T18:20,299.11,299.155,299.02,299.025,67646
2026-08-26T18:25,299.02,299.07,298.975,298.975,89957
2026-08-26T18:30,298.975,298.975,298.85,298.8807,70171
2026-08-26T18:35,298.885,299.045,298.885,298.98,110674
2026-08-26T18:40,298.97,299.05,298.92,299.04,41162
2026-08-26T18:45,299.04,299.14,299.04,299.135,35823
2026-08-26T18:50,299.135,299.15,299.0418,299.105,16362
2026-08-26T18:55,299.105,299.14,299.0605,299.12,43342
2026-08-26T19:00,299.12,299.415,299.12,299.37,141866
2026-08-26T19:05,299.37,299.37,299.14,299.19,117649
2026-08-26T19:10,299.1986,299.21,299.06,299.13,242700
2026-08-26T19:15,299.13,299.23,299.1,299.2099,81849
2026-08-26T19:20,299.18,299.19,299.09,299.1605,131806
2026-08-26T19:25,299.15,299.17,299.04,299.045,48988
2026-08-26T19:30,299.035,299.08,299.0,299.035,104558
2026-08-26T19:35,299.03,299.065,298.95,298.985,135322
2026-08-26T19:40,298.99,299.1077,298.96,299.07,109210
2026-08-26T19:45,299.07,299.1278,298.96,299.1,116493
2026-08-26T19:50,299.1,299.1,298.84,298.845,358650
2026-08-26T19:55,298.84,298.97,298.79,298.93,866911
2026-08-27T13:30,298.9,299.2,298.33,298.55,522676
2026-08-27T13:35,298.55,299.625,298.55,299.6,275284
2026-08-27T13:40,299.605,299.605,298.93,299.21,358071
2026-08-27T13:45,299.2,299.41,298.79,299.03,233565
2026-08-27T13:50,299.06,299.21,298.935,299.03,607908
2026-08-27T13:55,299.04,299.045,298.69,298.72,238904
2026-08-27T14:00,298.72,298.76,298.37,298.44,183134
2026-08-27T14:05,298.44,298.555,298.17,298.47,194595
2026-08-27T14:10,298.5,298.6,298.14,298.32,154619
2026-08-27T14:15,298.34,298.83,298.32,298.79,223967
2026-08-27T14:20,298.82,298.92,298.585,298.63,143694
2026-08-27T14:25,298.63,298.7425,298.46,298.5,98567
2026-08-27T14:30,298.5,298.7299,298.35,298.71,124578
2026-08-27T14:35,298.74,298.92,298.6,298.72,127391
2026-08-27T14:40,298.73,298.93,298.73,298.93,398632
2026-08-27T14:45,298.92,299.24,298.91,299.185,225102
2026-08-27T14:50,299.19,299.24,298.99,299.21,189320
2026-08-27T14:55,299.2,299.27,299.03,299.205,253707
2026-08-27T15:00,299.215,299.515,299.21,299.36,190745
2026-08-27T15:05,299.36,299.495,299.24,299.48,104638
2026-08-27T15:10,299.475,299.65,299.44,299.595,403931
2026-08-27T15:15,299.605,299.85,299.6,299.79,264920
2026-08-27T15:20,299.795,299.84,299.635,299.77,257886
2026-08-27T15:25,299.76,299.775,299.555,299.62,123661
2026-08-27T15:30,299.61,299.88,299.61,299.66,111307
2026-08-27T15:35,299.655,299.835,299.64,299.7,95682
2026-08-27T15:40,299.71,299.8185,299.66,299.69,122988
2026-08-27T15:45,299.685,299.84,299.64,299.83,64183
2026-08-27T15:50,299.84,300.155,299.83,300.155,122227
2026-08-27T15:55,300.16,300.26,300.07,300.205,231752
2026-08-27T16:00,300.2,300.315,300.105,300.24,144859
2026-08-27T16:05,300.24,300.24,299.94,299.95,157120
2026-08-27T16:10,299.98,299.99,299.76,299.82,79601
2026-08-27T16:15,299.8,299.94,299.77,299.8,74400
2026-08-27T16:20,299.8,299.83,299.67,299.69,64096
2026-08-27T16:25,299.69,299.84,299.61,299.82,99619
2026-08-27T16:30,299.83,299.9,299.75,299.9,78847
2026-08-27T16:35,299.89,299.94,299.85,299.9,60004
2026-08-27T16:40,299.89,300.03,299.86,299.98,103418
2026-08-27T16:45,299.98,300.09,299.961,300.025,50449
2026-08-27T16:50,300.02,300.16,299.975,300.08,129410
2026-08-27T16:55,300.08,300.24,300.07,300.225,110315
2026-08-27T17:00,300.225,300.235,300.1557,300.1557,69815
2026-08-27T17:05,300.17,300.28,300.07,300.275,170491
2026-08-27T17:10,300.28,300.295,300.15,300.16,79654
2026-08-27T17:15,300.17,300.27,300.17,300.22,65575
2026-08-27T17:20,300.215,300.245,300.18,300.22,41479
2026-08-27T17:25,300.21,300.21,300.055,300.085,61119
2026-08-27T17:30,300.085,300.23,300.08,300.15,95760
2026-08-27T17:35,300.1346,300.18,300.09,300.11,43252
2026-08-27T17:40,300.1,300.16,300.0,300.02,103784
2026-08-27T17:45,300.015,300.025,299.89,299.93,94948
2026-08-27T17:50,299.93,299.95,299.86,299.89,65465
2026-08-27T17:55,299.91,299.92,299.75,299.755,334310
2026-08-27T18:00,299.755,299.77,299.4101,299.4799,170038
2026-08-27T18:05,299.48,299.62,299.48,299.56,100143
2026-08-27T18:10,299.57,299.61,299.44,299.6,52685
2026-08-27T18:15,299.605,299.815,299.565,299.7,122844
2026-08-27T18:20,299.69,299.74,299.505,299.52,61023
2026-08-27T18:25,299.525,299.55,299.39,299.44,123135
2026-08-27T18:30,299.45,299.63,299.41,299.48,64833
2026-08-27T18:35,299.47,299.64,299.47,299.64,77235
2026-08-27T18:40,299.64,299.68,299.56,299.63,68341
2026-08-27T18:45,299.63,299.85,299.62,299.78,131161
2026-08-27T18:50,299.75,299.84,299.7,299.77,45993
2026-08-27T18:55,299.75,299.9,299.71,299.88,80791
2026-08-27T19:00,299.88,300.12,299.88,300.07,91296
2026-08-27T19:05,300.06,300.115,299.89,299.9799,132121
2026-08-27T19:10,299.97,300.07,299.92,299.92,74006
2026-08-27T19:15,299.925,300.0,299.895,299.95,73558
2026-08-27T19:20,299.94,300.02,299.93,299.94,141980
2026-08-27T19:25,299.935,299.995,299.89,299.94,75957
2026-08-27T19:30,299.94,300.14,299.89,300.1,219117
2026-08-27T19:35,300.12,300.175,300.06,300.09,179899
2026-08-27T19:40,300.095,300.1,299.965,300.04,110074
2026-08-27T19:45,300.04,300.08,299.96,300.01,208348
2026-08-27T19:50,300.01,300.04,299.915,299.98,315249
2026-08-27T19:55,299.96,300.0,299.715,299.81,1137596
2026-08-28T13:30,299.77,300.39,299.68,299.77,374175
2026-08-28T13:35,299.79,299.805,299.37,299.49,326142
2026-08-28T13:40,299.48,299.49,299.01,299.13,285105
2026-08-28T13:45,299.11,299.48,299.04,299.27,324944
2026-08-28T13:50,299.28,299.4,299.06,299.165,328607
2026-08-28T13:55,299.16,299.46,299.11,299.15,130281
2026-08-28T14:00,299.27,300.13,298.45,298.7246,871812
2026-08-28T14:05,298.73,298.75,297.94,298.09,827020
2026-08-28T14:10,298.09,298.1,297.42,297.59,422832
2026-08-28T14:15,297.57,298.3299,297.56,298.18,432683
2026-08-28T14:20,298.15,298.45,297.79,298.04,220417
2026-08-28T14:25,298.03,298.06,297.47,297.65,290291
2026-08-28T14:30,297.655,298.12,297.365,298.08,417328
2026-08-28T14:35,298.1005,298.62,298.0351,298.39,277071
2026-08-28T14:40,298.36,298.645,298.29,298.49,190386
2026-08-28T14:45,298.47,298.49,298.16,298.3699,158768
2026-08-28T14:50,298.4,298.495,298.2,298.36,172124
2026-08-28T14:55,298.4,298.495,298.31,298.425,131919
2026-08-28T15:00,298.42,298.585,297.99,298.0,152313
2026-08-28T15:05,297.99,298.15,297.8,297.84,94757
2026-08-28T15:10,297.84,298.1,297.75,297.99,123539
2026-08-28T15:15,297.99,298.325,297.95,298.26,100394
2026-08-28T15:20,298.26,298.48,298.1,298.26,231917
2026-08-28T15:25,298.28,298.475,298.18,298.27,137174
2026-08-28T15:30,298.26,298.26,297.895,297.895,333065
2026-08-28T15:35,297.895,298.02,297.67,297.67,221318
2026-08-28T15:40,297.66,297.668,297.24,297.26,292232
2026-08-28T15:45,297.25,297.3,296.9564,297.025,228833
2026-08-28T15:50,297.06,297.06,296.75,297.04,275449
2026-08-28T15:55,297.04,297.04,296.52,296.565,376925
2026-08-28T16:00,296.57,296.66,296.27,296.465,274461
2026-08-28T16:05,296.46,296.7799,296.43,296.75,138029
2026-08-28T16:10,296.74,296.75,296.3,296.3101,123978
2026-08-28T16:15,296.29,296.3885,295.94,296.0,263723
2026-08-28T16:20,295.99,296.1064,295.84,295.86,225997
2026-08-28T16:25,295.85,296.04,295.83,295.89,168367
2026-08-28T16:30,295.88,296.19,295.88,295.95,196059
2026-08-28T16:35,295.95,296.535,295.94,296.35,160816
2026-08-28T16:40,296.34,296.45,296.19,296.285,97345
2026-08-28T16:45,296.285,296.655,296.27,296.56,105969
2026-08-28T16:50,296.545,296.71,296.425,296.4599,113977
2026-08-28T16:55,296.462,296.49,296.35,296.37,102287
2026-08-28T17:00,296.37,296.38,296.01,296.105,154942
2026-08-28T17:05,296.0871,296.125,295.89,295.92,139857
2026-08-28T17:10,295.93,296.3,295.88,296.3,106935
2026-08-28T17:15,296.32,296.35,296.13,296.29,82676
2026-08-28T17:20,296.25,296.35,296.16,296.29,51335
2026-08-28T17:25,296.31,296.37,296.18,296.19,47643
2026-08-28T17:30,296.195,296.44,296.195,296.4,68839
2026-08-28T17:35,296.41,296.46,296.13,296.17,94537
2026-08-28T17:40,296.16,296.23,296.08,296.1596,165150
2026-08-28T17:45,296.15,296.39,296.13,296.375,129933
2026-08-28T17:50,296.37,296.375,296.275,296.275,84017
2026-08-28T17:55,296.255,296.35,296.15,296.3,68123
2026-08-28T18:00,296.3,296.31,296.13,296.14,170261
2026-08-28T18:05,296.12,296.375,296.12,296.3,92536
2026-08-28T18:10,296.31,296.345,296.08,296.085,58312
2026-08-28T18:15,296.07,296.25,296.055,296.225,65711
2026-08-28T18:20,296.225,296.26,295.96,296.035,204357
2026-08-28T18:25,296.03,296.18,295.915,296.01,299028
2026-08-28T18:30,296.02,296.09,295.965,296.03,87568
2026-08-28T18:35,296.02,296.12,295.92,295.92,64355
2026-08-28T18:40,295.915,296.08,295.915,296.03,72446
2026-08-28T18:45,296.02,296.095,295.93,295.975,123054
2026-08-28T18:50,295.975,295.98,295.88,295.94,127371
2026-08-28T18:55,295.94,296.0,295.83,295.94,225839
2026-08-28T19:00,295.935,296.035,295.82,295.9,152712
2026-08-28T19:05,295.9,296.13,295.88,296.12,172977
2026-08-28T19:10,296.12,296.14,296.0088,296.11,139529
2026-08-28T19:15,296.08,296.24,295.99,296.22,293639
2026-08-28T19:20,296.215,296.37,296.215,296.32,239864
2026-08-28T19:25,296.32,296.57,296.31,296.43,285123
2026-08-28T19:30,296.42,296.42,296.19,296.22,227757
2026-08-28T19:35,296.21,296.21,296.08,296.17,194874
2026-08-28T19:40,296.165,296.24,296.08,296.12,154865
2026-08-28T19:45,296.11,296.12,295.79,295.93,298411
2026-08-28T19:50,295.93,296.08,295.73,295.795,490058
2026-08-28T19:55,295.795,295.88,295.67,295.75,2059985
2026-08-31T13:30,295.08,295.35,294.43,294.485,412442
2026-08-31T13:35,294.48,294.58,294.3,294.42,447745
2026-08-31T13:40,294.41,294.42,293.8595,293.88,605293
2026-08-31T13:45,293.89,294.21,293.47,293.5,598722
2026-08-31T13:50,293.52,293.77,293.375,293.7,371328
2026-08-31T13:55,293.6984,293.755,293.43,293.445,248637
2026-08-31T14:00,293.445,293.65,293.26,293.49,1080030
2026-08-31T14:05,293.449,293.67,293.26,293.3906,215598
2026-08-31T14:10,293.3999,293.505,293.315,293.36,387540
2026-08-31T14:15,293.36,293.58,293.285,293.445,350733
2026-08-31T14:20,293.44,293.44,293.0701,293.0701,215127
2026-08-31T14:25,293.0751,293.195,293.0,293.041,261954
2026-08-31T14:30,293.045,293.22,293.01,293.035,342547
2026-08-31T14:35,293.05,293.505,293.03,293.37,381192
2026-08-31T14:40,293.38,293.62,293.23,293.28,188093
2026-08-31T14:45,293.275,293.39,293.11,293.14,151468
2026-08-31T14:50,293.135,293.27,293.07,293.21,95849
2026-08-31T14:55,293.195,293.525,293.15,293.27,125390
2026-08-31T15:00,293.28,293.58,293.06,293.08,143669
2026-08-31T15:05,293.08,293.21,292.95,293.02,123959
2026-08-31T15:10,293.0,293.24,293.0,293.11,232133
2026-08-31T15:15,293.11,293.17,292.94,293.055,186725
2026-08-31T15:20,293.06,293.075,292.8912,293.05,129620
2026-08-31T15:25,293.055,293.23,293.055,293.16,50368
2026-08-31T15:30,293.16,293.315,293.075,293.21,181544
2026-08-31T15:35,293.22,293.305,293.055,293.08,122386
2026-08-31T15:40,293.08,293.23,293.05,293.23,51036
2026-08-31T15:45,293.22,293.385,293.1999,293.24,78888
2026-08-31T15:50,293.25,293.37,293.25,293.29,78057
2026-08-31T15:55,293.28,293.335,293.1451,293.17,77099
2026-08-31T16:00,293.17,293.34,293.07,293.28,105216
2026-08-31T16:05,293.26,293.3,293.055,293.06,139805
2026-08-31T16:10,293.04,293.26,293.03,293.22,170111
2026-08-31T16:15,293.225,293.27,293.0306,293.135,89826
2026-08-31T16:20,293.135,293.18,292.96,293.0,71463
2026-08-31T16:25,293.01,293.22,292.99,293.22,80016
2026-08-31T16:30,293.24,293.24,293.1,293.12,108729
2026-08-31T16:35,293.12,293.18,292.94,292.94,178122
2026-08-31T16:40,292.94,293.27,292.92,293.145,79776
2026-08-31T16:45,293.145,293.25,293.105,293.18,73439
2026-08-31T16:50,293.175,293.24,293.06,293.08,82714
2026-08-31T16:55,293.065,293.1,293.0444,293.06,65572
2026-08-31T17:00,293.04,293.06,292.945,292.96,955068
2026-08-31T17:05,292.97,293.0,292.88,292.89,66473
2026-08-31T17:10,292.88,293.08,292.88,292.9799,226857
2026-08-31T17:15,292.9601,293.08,292.78,292.83,155702
2026-08-31T17:20,292.825,292.885,292.775,292.825,98282
2026-08-31T17:25,292.825,292.825,292.72,292.755,310919
2026-08-31T17:30,292.75,292.94,292.705,292.865,144437
2026-08-31T17:35,292.86,292.955,292.83,292.93,70104
2026-08-31T17:40,292.925,293.03,292.8905,293.02,119999
2026-08-31T17:45,293.02,293.045,292.9551,293.0,220059
2026-08-31T17:50,293.0,293.22,292.99,293.2199,210783
2026-08-31T17:55,293.23,293.255,293.13,293.17,143453
2026-08-31T18:00,293.17,293.29,293.13,293.15,262807
2026-08-31T18:05,293.13,293.17,293.05,293.06,127842
2026-08-31T18:10,293.06,293.125,293.0,293.125,67770
2026-08-31T18:15,293.14,293.18,293.0,293.01,55334
2026-08-31T18:20,293.01,293.085,292.96,293.05,45403
2026-08-31T18:25,293.04,293.08,292.89,293.03,210841
2026-08-31T18:30,293.0379,293.125,293.01,293.05,62250
2026-08-31T18:35,293.06,293.095,292.92,292.945,108493
2026-08-31T18:40,292.945,293.055,292.9,293.04,351477
2026-08-31T18:45,293.035,293.1024,292.97,293.05,121924
2026-08-31T18:50,293.05,293.195,292.99,293.14,93111
2026-08-31T18:55,293.135,293.28,293.11,293.18,92254
2026-08-31T19:00,293.2,293.3001,293.17,293.17,110851
2026-08-31T19:05,293.17,293.265,293.16,293.255,219848
2026-08-31T19:10,293.26,293.345,293.205,293.315,256466
2026-08-31T19:15,293.3041,293.34,293.215,293.235,173807
2026-08-31T19:20,293.24,293.48,293.24,293.475,118454
2026-08-31T19:25,293.48,293.63,293.445,293.55,199233
2026-08-31T19:30,293.555,293.625,293.485,293.62,236290
2026-08-31T19:35,293.615,293.8,293.605,293.7405,337624
2026-08-31T19:40,293.75,293.915,293.745,293.825,704353
2026-08-31T19:45,293.82,293.92,293.7208,293.9,335777
2026-08-31T19:50,293.9,294.34,293.9,294.15,675296
2026-08-31T19:55,294.14,294.165,293.855,293.93,2179885
2026-09-01T13:30,291.97,292.94,291.79,292.04,1014831
2026-09-01T13:35,292.06,292.15,291.365,291.63,479446
2026-09-01T13:40,291.66,291.73,291.28,291.51,366516
2026-09-01T13:45,291.5,291.63,291.23,291.63,332922
2026-09-01T13:50,291.63,291.97,291.32,291.5499,561512
2026-09-01T13:55,291.55,291.61,291.39,291.53,266129
2026-09-01T14:00,291.52,291.77,291.24,291.68,286192
2026-09-01T14:05,291.67,291.91,291.58,291.82,254159
2026-09-01T14:10,291.815,292.01,291.51,291.99,297085
2026-09-01T14:15,291.99,292.245,291.86,292.02,458462
2026-09-01T14:20,292.03,292.43,292.005,292.33,190805
2026-09-01T14:25,292.35,292.5,292.25,292.28,200266
2026-09-01T14:30,292.2831,292.73,292.28,292.73,214133
2026-09-01T14:35,292.73,292.82,292.37,292.48,185821
2026-09-01T14:40,292.485,292.56,292.35,292.4501,243237
2026-09-01T14:45,292.44,292.64,292.34,292.34,210585
2026-09-01T14:50,292.34,292.37,292.06,292.22,302464
2026-09-01T14:55,292.23,292.3,292.06,292.125,145717
2026-09-01T15:00,292.145,292.235,292.01,292.07,119716
2026-09-01T15:05,292.07,292.13,291.9401,291.95,120312
2026-09-01T15:10,291.94,292.14,291.925,292.035,180213
2026-09-01T15:15,292.03,292.03,291.885,291.92,144322
2026-09-01T15:20,291.915,291.98,291.81,291.92,424362
2026-09-01T15:25,291.945,292.045,291.84,292.0401,119894
2026-09-01T15:30,292.0301,292.12,291.9,291.96,220779
2026-09-01T15:35,291.965,292.13,291.9001,292.005,156681
2026-09-01T15:40,292.02,292.15,291.975,292.145,119614
2026-09-01T15:45,292.15,292.335,292.13,292.32,470382
2026-09-01T15:50,292.3,292.3,291.975,292.035,154368
2026-09-01T15:55,292.04,292.09,291.97,292.03,116034
2026-09-01T16:00,292.03,292.105,291.98,292.03,128720
2026-09-01T16:05,292.025,292.055,291.71,291.815,340545
2026-09-01T16:10,291.805,291.97,291.73,291.74,126357
2026-09-01T16:15,291.73,291.75,291.415,291.415,178466
2026-09-01T16:20,291.42,291.43,291.01,291.08,325584
2026-09-01T16:25,291.06,291.09,290.735,290.84,340689
2026-09-01T16:30,290.84,290.87,290.37,290.405,427454
2026-09-01T16:35,290.41,290.815,290.41,290.815,224877
2026-09-01T16:40,290.81,290.985,290.68,290.7201,246436
2026-09-01T16:45,290.74,290.91,290.7,290.805,175434
2026-09-01T16:50,290.805,290.88,290.735,290.82,173416
2026-09-01T16:55,290.83,291.08,290.83,290.93,131244
2026-09-01T17:00,290.93,290.96,290.74,290.75,176254
2026-09-01T17:05,290.74,290.805,290.64,290.7701,114004
2026-09-01T17:10,290.775,290.85,290.72,290.755,95427
2026-09-01T17:15,290.7505,290.8401,290.735,290.83,137094
2026-09-01T17:20,290.815,290.895,290.6699,290.71,67879
2026-09-01T17:30,290.82,290.97,290.82,290.87,232018
2026-09-01T17:35,290.88,290.955,290.73,290.77,127317
2026-09-01T17:40,290.76,290.89,290.76,290.85,201813
2026-09-01T17:45,290.85,290.88,290.705,290.785,173475
2026-09-01T17:50,290.78,290.8499,290.71,290.715,141250
2026-09-01T17:55,290.715,290.74,290.615,290.695,436454
2026-09-01T18:00,290.69,290.735,290.6,290.655,127139
2026-09-01T18:05,290.645,290.735,290.605,290.66,125958
2026-09-01T18:10,290.655,290.71,290.535,290.6,361643
2026-09-01T18:15,290.6,290.76,290.58,290.66,121737
2026-09-01T18:20,290.6699,290.7,290.59,290.67,134949
2026-09-01T18:25,290.65,290.7,290.51,290.545,119784
2026-09-01T18:30,290.555,290.61,290.3801,290.45,294469
2026-09-01T18:35,290.44,290.54,290.39,290.41,123042
2026-09-01T18:40,290.42,290.45,290.165,290.165,228824
2026-09-01T18:45,290.175,290.31,289.975,290.22,313767
2026-09-01T18:50,290.225,290.35,290.15,290.255,159332
2026-09-01T18:55,290.24,290.5,290.23,290.435,284951
2026-09-01T19:00,290.435,290.65,290.42,290.6,297868
2026-09-01T19:05,290.6,290.6,290.38,290.48,107756
2026-09-01T19:10,290.47,290.8,290.45,290.8,207604
2026-09-01T19:15,290.8,290.875,290.732,290.7601,199303
2026-09-01T19:20,290.765,290.77,290.62,290.675,223370
2026-09-01T19:25,290.675,290.74,290.645,290.68,124932
2026-09-01T19:30,290.685,290.69,290.45,290.6,280083
2026-09-01T19:35,290.6,290.61,290.315,290.32,338675
2026-09-01T19:40,290.31,290.465,290.27,290.365,243420
2026-09-01T19:45,290.355,290.46,290.265,290.42,360137
2026-09-01T19:50,290.41,290.41,290.165,290.255,543193
2026-09-01T19:55,290.25,290.65,290.165,290.57,1472509
2026-09-02T13:30,291.56,292.6,291.19,292.58,1093913
2026-09-02T13:35,292.59,292.72,292.35,292.55,770110
2026-09-02T13:40,292.55,292.74,292.21,292.73,408428
2026-09-02T13:45,292.73,292.73,292.28,292.5,318665
2026-09-02T13:50,292.505,292.67,292.22,292.58,475030
2026-09-02T13:55,292.58,292.625,292.29,292.35,244307
2026-09-02T14:00,292.35,293.16,292.26,293.16,311114
2026-09-02T14:05,293.19,293.295,293.015,293.09,269722
2026-09-02T14:10,293.06,293.335,293.05,293.225,192383
2026-09-02T14:15,293.22,293.695,293.21,293.64,476100
2026-09-02T14:20,293.65,293.775,293.36,293.43,411650
2026-09-02T14:25,293.4391,293.51,293.31,293.38,158748
2026-09-02T14:30,293.38,293.49,293.15,293.46,467592
2026-09-02T14:35,293.49,293.67,293.43,293.67,353391
2026-09-02T14:40,293.65,293.67,293.49,293.63,120760
2026-09-02T14:45,293.62,293.62,293.29,293.36,213823
2026-09-02T14:50,293.35,293.35,293.11,293.33,157133
2026-09-02T14:55,293.34,293.43,293.035,293.14,231170
2026-09-02T15:00,293.16,293.18,292.69,292.74,429211
2026-09-02T15:05,292.74,292.815,292.66,292.73,377651
2026-09-02T15:10,292.74,292.89,292.595,292.67,247293
2026-09-02T15:15,292.66,292.91,292.6201,292.89,82916
2026-09-02T15:20,292.895,292.9032,292.49,292.6,357033
2026-09-02T15:25,292.565,292.73,292.5,292.7,132782
2026-09-02T15:30,292.73,292.85,292.58,292.8,173823
2026-09-02T15:35,292.8084,292.955,292.79,292.845,195570
2026-09-02T15:40,292.85,293.14,292.84,292.92,134922
2026-09-02T15:45,292.91,292.97,292.76,292.86,158656
2026-09-02T15:50,292.86,293.045,292.855,292.855,92074
2026-09-02T15:55,292.86,293.17,292.845,293.15,155150
2026-09-02T16:00,293.16,293.2114,292.97,293.1,48675
2026-09-02T16:05,293.1,293.16,293.005,293.09,40060
2026-09-02T16:10,293.085,293.21,293.07,293.19,75089
2026-09-02T16:15,293.185,293.2199,293.05,293.12,86630
2026-09-02T16:20,293.14,293.1701,293.07,293.075,34689
2026-09-02T16:25,293.1,293.14,292.87,292.885,68348
2026-09-02T16:30,292.89,293.065,292.87,293.0,47650
2026-09-02T16:35,292.99,293.12,292.95,293.12,60170
2026-09-02T16:40,293.13,293.165,293.07,293.09,77553
2026-09-02T16:45,293.09,293.15,292.93,293.01,183179
2026-09-02T16:50,293.01,293.19,292.945,293.19,66177
2026-09-02T16:55,293.2,293.2,293.055,293.165,25118
2026-09-02T17:00,293.18,293.455,293.17,293.445,54775
2026-09-02T17:05,293.44,293.46,293.29,293.34,108234
2026-09-02T17:10,293.35,293.46,293.275,293.4,65624
2026-09-02T17:15,293.38,293.38,293.18,293.24,124418
2026-09-02T17:20,293.23,293.25,293.12,293.12,51848
2026-09-02T17:25,293.12,293.205,293.085,293.2,84043
2026-09-02T17:30,293.205,293.26,293.155,293.1999,65479
2026-09-02T17:35,293.2,293.35,293.1799,293.21,122225
2026-09-02T17:40,293.21,293.4,293.145,293.4,379189
2026-09-02T17:45,293.42,293.61,293.41,293.51,199031
2026-09-02T17:50,293.5,293.62,293.495,293.565,337220
2026-09-02T17:55,293.56,293.63,293.48,293.57,204966
2026-09-02T18:00,293.57,293.7,293.38,293.665,169997
2026-09-02T18:05,293.67,293.73,293.62,293.71,81928
2026-09-02T18:10,293.6901,293.79,293.661,293.729,83177
2026-09-02T18:15,293.73,294.04,293.675,293.86,303632
2026-09-02T18:20,293.855,293.909,293.77,293.825,348516
2026-09-02T18:25,293.82,293.86,293.78,293.835,66049
2026-09-02T18:30,293.855,293.99,293.85,293.925,111357
2026-09-02T18:35,293.925,293.99,293.775,293.79,436310
2026-09-02T18:40,293.795,293.905,293.745,293.905,161206
2026-09-02T18:45,293.91,293.99,293.81,293.95,276967
2026-09-02T18:50,293.95,294.04,293.9,293.985,174453
2026-09-02T18:55,293.985,294.0801,293.96,293.98,130516
2026-09-02T19:00,293.99,294.08,293.93,294.02,141206
2026-09-02T19:05,294.02,294.2,294.0061,294.17,303828
2026-09-02T19:10,294.17,294.29,294.17,294.28,249875
2026-09-02T19:15,294.275,294.345,294.12,294.16,171971
2026-09-02T19:20,294.135,294.1367,293.955,293.98,125246
2026-09-02T19:25,293.985,294.085,293.965,294.055,132835
2026-09-02T19:30,294.06,294.175,294.02,294.09,247143
2026-09-02T19:35,294.09,294.16,294.03,294.075,152189
2026-09-02T19:40,294.0703,294.245,293.975,294.2399,178171
2026-09-02T19:45,294.23,294.33,294.2,294.27,448638
2026-09-02T19:50,294.26,294.275,293.805,293.89,1059811
2026-09-02T19:55,293.89,294.12,293.72,294.01,2905282
2026-09-03T13:30,295.8,296.18,295.23,295.49,730810
2026-09-03T13:35,295.48,295.95,294.915,294.915,455955
2026-09-03T13:40,294.91,295.21,294.77,295.095,251407
2026-09-03T13:45,295.09,295.29,294.88,294.92,161957
2026-09-03T13:50,294.925,295.08,294.79,294.8288,184641
2026-09-03T13:55,294.79,294.925,294.66,294.82,231110
2026-09-03T14:00,294.79,294.82,293.99,294.14,524366
2026-09-03T14:05,294.09,294.31,293.83,293.94,658708
2026-09-03T14:10,293.878,294.04,293.67,294.0,272978
2026-09-03T14:15,294.0,294.37,294.0,294.31,240894
2026-09-03T14:20,294.29,294.3401,293.75,293.79,132611
2026-09-03T14:25,293.8,293.92,293.63,293.68,179465
2026-09-03T14:30,293.66,293.865,293.43,293.48,196436
2026-09-03T14:35,293.495,293.92,293.49,293.85,142010
2026-09-03T14:40,293.86,293.97,293.7761,293.89,113683
2026-09-03T14:45,293.88,294.27,293.87,294.11,94658
2026-09-03T14:50,294.115,294.28,293.975,294.28,158622
2026-09-03T14:55,294.265,294.335,293.7,294.33,352578
2026-09-03T15:00,294.35,294.96,294.34,294.95,497057
2026-09-03T15:05,294.96,295.01,294.655,294.655,188159
2026-09-03T15:10,294.655,294.77,294.55,294.67,172802
2026-09-03T15:15,294.72,294.94,294.68,294.93,112520
2026-09-03T15:20,294.94,295.11,294.75,295.04,158063
2026-09-03T15:25,295.04,295.39,295.005,295.345,232338
2026-09-03T15:30,295.36,295.45,295.02,295.16,262994
2026-09-03T15:35,295.145,295.2101,294.925,294.95,223406
2026-09-03T15:40,294.955,295.215,294.925,295.125,117511
2026-09-03T15:45,295.1397,295.18,295.01,295.05,66882
2026-09-03T15:50,295.05,295.29,295.05,295.24,81231
2026-09-03T15:55,295.23,295.29,295.105,295.29,112661
2026-09-03T16:00,295.29,295.29,294.89,294.89,154124
2026-09-03T16:05,294.89,295.0,294.88,294.91,92886
2026-09-03T16:10,294.91,295.0699,294.795,295.06,131103
2026-09-03T16:15,295.0501,295.08,294.97,295.03,61552
2026-09-03T16:20,295.02,295.105,294.94,295.055,85426
2026-09-03T16:25,295.06,295.07,294.91,295.05,39794
2026-09-03T16:30,295.06,295.0899,294.94,295.02,57308
2026-09-03T16:35,295.02,295.25,294.965,295.24,69154
2026-09-03T16:40,295.24,295.26,295.11,295.115,65462
2026-09-03T16:45,295.114,295.14,295.045,295.07,32245
2026-09-03T16:50,295.085,295.09,294.98,295.01,114033
2026-09-03T16:55,295.0,295.08,294.975,294.975,45152
2026-09-03T17:00,294.98,294.99,294.83,294.94,110809
2026-09-03T17:05,294.94,295.02,294.81,294.83,117563
2026-09-03T17:10,294.82,294.89,294.775,294.87,83520
2026-09-03T17:15,294.89,294.945,294.83,294.9199,30768
2026-09-03T17:20,294.92,295.035,294.88,295.035,35228
2026-09-03T17:25,295.035,295.2,295.03,295.195,116929
2026-09-03T17:30,295.2,295.35,295.2,295.315,118849
2026-09-03T17:35,295.31,295.37,295.235,295.37,323691
2026-09-03T17:40,295.365,295.37,295.23,295.3,139398
2026-09-03T17:45,295.295,295.38,295.22,295.23,56343
2026-09-03T17:50,295.245,295.29,295.17,295.285,345786
2026-09-03T17:55,295.285,295.295,295.155,295.2,86592
2026-09-03T18:00,295.205,295.34,295.195,295.195,266747
2026-09-03T18:05,295.19,295.24,295.035,295.175,402640
2026-09-03T18:10,295.17,295.19,295.055,295.165,253923
2026-09-03T18:15,295.17,295.29,295.11,295.125,203571
2026-09-03T18:20,295.12,295.1429,295.045,295.095,90774
2026-09-03T18:25,295.1,295.1,294.97,295.015,78449
2026-09-03T18:30,295.02,295.07,294.97,295.04,85946
2026-09-03T18:35,295.05,295.07,294.95,294.975,65323
2026-09-03T18:40,294.9699,294.97,294.835,294.89,187578
2026-09-03T18:45,294.8999,294.98,294.895,294.94,70381
2026-09-03T18:50,294.935,295.01,294.9,294.985,84220
2026-09-03T18:55,294.99,295.005,294.895,294.935,89975
2026-09-03T19:00,294.93,295.04,294.85,295.02,109473
2026-09-03T19:05,295.01,295.03,294.87,295.03,105424
2026-09-03T19:10,295.015,295.06,294.905,294.92,147997
2026-09-03T19:15,294.92,294.935,294.8,294.87,104011
2026-09-03T19:20,294.865,294.91,294.7875,294.8,105536
2026-09-03T19:25,294.79,294.98,294.76,294.965,274024
2026-09-03T19:30,294.96,295.07,294.945,294.945,131073
2026-09-03T19:35,294.955,295.15,294.955,295.07,128576
2026-09-03T19:40,295.065,295.07,294.94,294.97,177174
2026-09-03T19:45,294.97,295.15,294.965,295.135,250302
2026-09-03T19:50,295.13,295.33,295.08,295.285,457476
2026-09-03T19:55,295.29,295.39,294.94,295.19,1728178
2026-09-04T13:30,293.7,294.52,293.57,294.34,553886
2026-09-04T13:35,294.35,294.75,293.935,294.15,553555
2026-09-04T13:40,294.12,294.96,294.07,294.79,442453
2026-09-04T13:45,294.8,295.22,294.7,295.08,378122
2026-09-04T13:50,295.1,295.16,294.63,294.66,284511
2026-09-04T13:55,294.65,294.9,294.55,294.59,254953
2026-09-04T14:00,294.6,294.98,294.53,294.98,309494
2026-09-04T14:05,294.98,295.2,294.82,295.15,158880
2026-09-04T14:10,295.16,295.38,294.79,295.38,224728
2026-09-04T14:15,295.39,295.42,295.06,295.125,174900
2026-09-04T14:20,295.11,295.59,295.1,295.57,236064
2026-09-04T14:25,295.58,295.895,295.49,295.84,226319
2026-09-04T14:30,295.83,295.91,295.335,295.37,227670
2026-09-04T14:35,295.36,295.58,295.28,295.56,102181
2026-09-04T14:40,295.56,295.61,295.21,295.325,88199
2026-09-04T14:45,295.33,295.44,294.97,295.005,133872
2026-09-04T14:50,295.0,295.21,294.94,294.975,141932
2026-09-04T14:55,294.98,295.175,294.86,295.15,119515
2026-09-04T15:00,295.16,295.34,295.035,295.32,134502
2026-09-04T15:05,295.32,295.35,295.13,295.21,91846
2026-09-04T15:10,295.21,295.43,295.135,295.415,169154
2026-09-04T15:15,295.4106,295.445,295.3,295.39,144334
2026-09-04T15:20,295.38,295.51,295.34,295.355,67784
2026-09-04T15:25,295.36,295.48,295.31,295.46,73174
2026-09-04T15:30,295.47,295.53,295.275,295.435,190245
2026-09-04T15:35,295.45,295.58,295.4,295.58,53803
2026-09-04T15:40,295.595,295.88,295.59,295.85,99813
2026-09-04T15:45,295.845,295.845,295.62,295.655,115307
2026-09-04T15:50,295.66,295.71,295.52,295.61,101412
2026-09-04T15:55,295.625,295.73,295.51,295.5338,53087
2026-09-04T16:00,295.53,295.71,295.515,295.69,85709
2026-09-04T16:05,295.72,295.78,295.58,295.71,122959
2026-09-04T16:10,295.71,295.97,295.7,295.97,140711
2026-09-04T16:15,295.97,296.07,295.96,296.055,98637
2026-09-04T16:20,296.055,296.175,295.94,295.9699,301177
2026-09-04T16:25,295.96,295.975,295.83,295.84,214648
2026-09-04T16:30,295.84,295.92,295.75,295.9,65848
2026-09-04T16:35,295.9,295.94,295.74,295.77,65702
2026-09-04T16:40,295.77,295.95,295.76,295.84,195253
2026-09-04T16:45,295.85,295.875,295.745,295.745,271332
2026-09-04T16:50,295.745,295.835,295.71,295.755,66735
2026-09-04T16:55,295.755,295.88,295.75,295.76,69146
2026-09-04T17:00,295.755,295.795,295.53,295.545,221787
2026-09-04T17:05,295.55,295.655,295.525,295.575,105552
2026-09-04T17:10,295.561,295.72,295.55,295.69,83908
2026-09-04T17:15,295.6961,295.72,295.62,295.6499,101122
2026-09-04T17:20,295.655,295.675,295.51,295.53,37895
2026-09-04T17:25,295.53,295.555,295.395,295.4301,94872
2026-09-04T17:30,295.43,295.47,295.335,295.431,79505
2026-09-04T17:35,295.43,295.45,295.335,295.355,181267
2026-09-04T17:40,295.36,295.38,295.29,295.295,50447
2026-09-04T17:45,295.295,295.3,295.11,295.11,76695
2026-09-04T17:50,295.1,295.21,295.075,295.19,164316
2026-09-04T17:55,295.21,295.24,295.17,295.2,63706
2026-09-04T18:00,295.2,295.33,295.2,295.28,84349
2026-09-04T18:05,295.28,295.39,295.23,295.38,70882
2026-09-04T18:10,295.39,295.52,295.36,295.49,122092
2026-09-04T18:15,295.48,295.56,295.465,295.5,91086
2026-09-04T18:20,295.5,295.58,295.485,295.56,55414
2026-09-04T18:25,295.56,295.63,295.5223,295.6,173825
2026-09-04T18:30,295.605,295.7105,295.57,295.7099,127353
2026-09-04T18:35,295.71,295.72,295.5,295.515,71146
2026-09-04T18:40,295.51,295.665,295.5,295.64,54670
2026-09-04T18:45,295.6399,295.69,295.59,295.675,63797
2026-09-04T18:50,295.67,295.685,295.63,295.635,62293
2026-09-04T18:55,295.61,295.645,295.57,295.575,42904
2026-09-04T19:00,295.58,295.6663,295.45,295.46,136845
2026-09-04T19:05,295.48,295.52,295.41,295.44,65387
2026-09-04T19:10,295.44,295.49,295.39,295.42,51100
2026-09-04T19:15,295.43,295.52,295.41,295.52,271224
2026-09-04T19:20,295.52,295.74,295.515,295.74,67143
2026-09-04T19:25,295.735,295.87,295.735,295.8,72396
2026-09-04T19:30,295.815,296.03,295.77,296.03,225095
2026-09-04T19:35,296.02,296.02,295.85,295.89,203771
2026-09-04T19:40,295.905,295.96,295.83,295.955,174131
2026-09-04T19:45,295.955,295.98,295.86,295.89,216899
2026-09-04T19:50,295.89,296.18,295.87,296.13,279459
2026-09-04T19:55,296.13,296.175,295.9,296.01,1249843
2026-09-08T13:30,295.31,295.61,294.265,294.28,781002
2026-09-08T13:35,294.28,294.94,294.28,294.55,579828
2026-09-08T13:40,294.55,294.91,294.26,294.81,486741
2026-09-08T13:45,294.81,295.295,294.81,295.09,508496
2026-09-08T13:50,295.13,295.28,294.7201,295.19,180988
2026-09-08T13:55,295.19,295.445,295.02,295.03,136545
2026-09-08T14:00,295.03,295.28,294.68,294.89,330441
2026-09-08T14:05,294.9,294.92,294.49,294.56,275519
2026-09-08T14:10,294.54,294.81,294.475,294.685,148915
2026-09-08T14:15,294.705,294.95,294.625,294.84,148977
2026-09-08T14:20,294.86,295.23,294.75,295.21,130922
2026-09-08T14:25,295.21,295.27,294.82,294.85,104198
2026-09-08T14:30,294.85,295.205,294.85,295.135,387890
2026-09-08T14:35,295.12,295.13,294.9,295.095,135929
2026-09-08T14:40,295.11,295.14,294.69,294.74,244835
2026-09-08T14:45,294.74,295.0,294.59,294.94,110400
2026-09-08T14:50,294.94,295.19,294.86,295.175,295763
2026-09-08T14:55,295.18,295.425,295.175,295.37,200989
2026-09-08T15:00,295.37,295.37,295.1,295.265,269410
2026-09-08T15:05,295.25,295.43,295.2,295.32,62393
2026-09-08T15:10,295.31,295.4,295.265,295.27,115971
2026-09-08T15:15,295.2796,295.535,295.27,295.38,254344
2026-09-08T15:20,295.39,295.395,295.165,295.31,109687
2026-09-08T15:25,295.32,295.52,295.32,295.38,195573
2026-09-08T15:30,295.4,295.6,295.39,295.56,131017
2026-09-08T15:35,295.555,295.57,295.34,295.41,83839
2026-09-08T15:40,295.42,295.67,295.36,295.645,113738
2026-09-08T15:45,295.645,295.675,295.46,295.51,124288
2026-09-08T15:50,295.5,295.64,295.48,295.495,232852
2026-09-08T15:55,295.495,295.68,295.465,295.605,158541
2026-09-08T16:00,295.61,295.775,295.455,295.775,176738
2026-09-08T16:05,295.78,295.85,295.58,295.58,103180
2026-09-08T16:10,295.58,295.6,295.365,295.5,99304
2026-09-08T16:15,295.495,295.56,295.37,295.48,80234
2026-09-08T16:20,295.45,295.63,295.45,295.605,114520
2026-09-08T16:25,295.615,295.66,295.445,295.47,87508
2026-09-08T16:30,295.46,295.545,295.375,295.525,67789
2026-09-08T16:35,295.52,295.52,295.35,295.38,59810
2026-09-08T16:40,295.365,295.42,295.33,295.405,32984
2026-09-08T16:45,295.415,295.535,295.38,295.43,333187
2026-09-08T16:50,295.425,295.64,295.385,295.51,124800
2026-09-08T16:55,295.495,295.51,295.21,295.38,258279
2026-09-08T17:00,295.36,295.76,295.36,295.75,113581
2026-09-08T17:05,295.77,295.94,295.68,295.735,118217
2026-09-08T17:10,295.74,295.91,295.74,295.9,104435
2026-09-08T17:15,295.91,295.92,295.81,295.855,105960
2026-09-08T17:20,295.855,295.93,295.795,295.91,117907
2026-09-08T17:25,295.9,295.97,295.795,295.96,31568
2026-09-08T17:30,295.97,296.09,295.95,296.05,80823
2026-09-08T17:35,296.05,296.0701,295.87,295.915,69027
2026-09-08T17:40,295.925,296.04,295.86,295.865,229450
2026-09-08T17:45,295.86,295.97,295.86,295.92,99542
2026-09-08T17:50,295.92,296.02,295.905,295.915,56711
2026-09-08T17:55,295.92,295.92,295.76,295.76,62142
2026-09-08T18:00,295.76,295.879,295.72,295.879,41117
2026-09-08T18:05,295.88,295.96,295.79,295.94,61852
2026-09-08T18:10,295.945,296.0,295.89,295.94,145568
2026-09-08T18:15,295.955,296.015,295.915,295.985,51472
2026-09-08T18:20,295.98,296.04,295.86,295.945,51517
2026-09-08T18:25,295.945,295.97,295.89,295.955,45584
2026-09-08T18:30,295.97,295.98,295.845,295.86,61792
2026-09-08T18:35,295.865,295.875,295.72,295.745,61457
2026-09-08T18:40,295.745,295.84,295.725,295.8,120819
2026-09-08T18:45,295.8,295.875,295.05,295.215,297134
2026-09-08T18:50,295.22,295.535,295.13,295.38,395675
2026-09-08T18:55,295.385,295.49,295.36,295.3674,122047
2026-09-08T19:00,295.37,295.53,295.33,295.375,146842
2026-09-08T19:05,295.38,295.46,295.335,295.365,74578
2026-09-08T19:10,295.37,295.66,295.37,295.585,227554
2026-09-08T19:15,295.59,295.71,295.505,295.5446,152352
2026-09-08T19:20,295.53,295.53,295.34,295.345,165901
2026-09-08T19:25,295.35,295.495,295.295,295.47,143387
2026-09-08T19:30,295.48,295.485,295.225,295.39,245214
2026-09-08T19:35,295.4,295.43,295.175,295.23,208531
2026-09-08T19:40,295.235,295.265,295.075,295.16,259124
2026-09-08T19:45,295.175,295.21,295.03,295.12,214480
2026-09-08T19:50,295.12,295.15,294.615,294.685,581285
2026-09-08T19:55,294.68,294.74,294.35,294.67,1979696
2026-09-09T13:30,293.46,294.155,293.27,294.01,705972
2026-09-09T13:35,294.0,294.05,293.17,293.295,366709
2026-09-09T13:40,293.32,293.57,292.84,293.29,325387
2026-09-09T13:45,293.29,293.42,292.79,292.89,471984
2026-09-09T13:50,292.86,293.05,292.62,293.05,681827
2026-09-09T13:55,293.06,293.115,292.76,292.79,205256
2026-09-09T14:00,292.8,293.26,292.71,293.21,481553
2026-09-09T14:05,293.2,293.28,292.795,292.83,138737
2026-09-09T14:10,292.835,292.95,292.6899,292.75,167330
2026-09-09T14:15,292.76,292.795,292.07,292.16,292042
2026-09-09T14:20,292.172,292.28,292.04,292.04,270462
2026-09-09T14:25,292.06,292.68,292.06,292.68,247212
2026-09-09T14:30,292.695,292.7,292.325,292.37,190307
2026-09-09T14:35,292.36,292.39,292.2,292.27,204302
2026-09-09T14:40,292.255,292.385,292.035,292.15,180597
2026-09-09T14:45,292.155,292.155,291.955,292.055,271361
2026-09-09T14:50,292.05,292.11,291.9,291.94,216180
2026-09-09T14:55,291.94,292.09,291.86,292.0801,287498
2026-09-09T15:00,292.085,292.51,291.55,291.655,491736
2026-09-09T15:05,291.63,291.7797,291.5,291.53,375460
2026-09-09T15:10,291.54,291.59,291.175,291.315,260581
2026-09-09T15:15,291.32,291.43,291.19,291.2,401978
2026-09-09T15:20,291.19,291.2496,290.96,290.96,140031
2026-09-09T15:25,290.97,291.22,290.93,291.2,137302
2026-09-09T15:30,291.25,291.31,291.1,291.3,159804
2026-09-09T15:35,291.31,291.72,291.15,291.675,362929
2026-09-09T15:40,291.67,291.77,291.19,291.305,192333
2026-09-09T15:45,291.31,291.335,291.185,291.295,120129
2026-09-09T15:50,291.3,291.44,291.165,291.21,234306
2026-09-09T15:55,291.19,291.19,290.94,291.0099,125726
2026-09-09T16:00,290.985,291.29,290.935,291.2781,388258
2026-09-09T16:05,291.27,291.27,290.84,290.84,158031
2026-09-09T16:10,290.82,290.935,290.775,290.83,105554
2026-09-09T16:15,290.83,290.83,290.6,290.665,519622
2026-09-09T16:20,290.655,290.88,290.58,290.88,100172
2026-09-09T16:25,290.89,290.9559,290.74,290.81,100378
2026-09-09T16:30,290.8,291.13,290.8,291.03,98054
2026-09-09T16:35,291.04,291.11,290.98,291.11,56107
2026-09-09T16:40,291.13,291.2299,291.08,291.195,73634
2026-09-09T16:45,291.18,291.25,291.09,291.14,130678
2026-09-09T16:50,291.19,291.26,291.005,291.005,112773
2026-09-09T16:55,291.01,291.08,290.9195,290.94,93124
2026-09-09T17:00,290.94,291.14,290.84,290.93,282359
2026-09-09T17:05,290.925,291.08,290.85,290.85,102586
2026-09-09T17:10,290.85,291.065,290.8499,291.055,68252
2026-09-09T17:15,291.065,291.13,291.01,291.035,165202
2026-09-09T17:20,291.035,291.12,291.025,291.08,55051
2026-09-09T17:25,291.075,291.105,290.96,291.055,98566
2026-09-09T17:30,291.06,291.07,290.84,290.925,154872
2026-09-09T17:35,290.925,290.95,290.75,290.82,227158
2026-09-09T17:40,290.83,290.985,290.83,290.965,61823
2026-09-09T17:45,290.97,291.14,290.97,291.04,127812
2026-09-09T17:50,291.04,291.1,291.005,291.04,71952
2026-09-09T17:55,291.03,291.085,290.955,291.035,384970
2026-09-09T18:00,291.04,291.12,290.98,291.06,118540
2026-09-09T18:05,291.055,291.1,290.99,291.02,218920
2026-09-09T18:10,291.025,291.035,290.925,291.0,156067
2026-09-09T18:15,291.0,291.1299,290.93,291.02,406665
2026-09-09T18:20,291.0,291.13,290.93,291.11,91301
2026-09-09T18:25,291.105,291.17,291.07,291.14,163677
2026-09-09T18:30,291.15,291.16,291.04,291.07,99968
2026-09-09T18:35,291.075,291.12,290.98,291.005,104726
2026-09-09T18:40,291.0,291.02,290.86,290.875,104775
2026-09-09T18:45,290.88,290.92,290.72,290.79,119643
2026-09-09T18:50,290.77,290.83,290.715,290.7233,121576
2026-09-09T18:55,290.73,290.84,290.68,290.69,136248
2026-09-09T19:00,290.69,290.8201,290.62,290.665,162843
2026-09-09T19:05,290.665,290.7,290.59,290.7,132947
2026-09-09T19:10,290.705,290.81,290.695,290.7416,165297
2026-09-09T19:15,290.75,290.85,290.735,290.78,89453
2026-09-09T19:20,290.775,290.81,290.725,290.805,64465
2026-09-09T19:25,290.795,290.86,290.7,290.71,148008
2026-09-09T19:30,290.71,290.77,290.67,290.695,169081
2026-09-09T19:35,290.695,290.715,290.58,290.5801,147575
2026-09-09T19:40,290.58,290.62,290.42,290.445,247071
2026-09-09T19:45,290.45,290.52,290.315,290.52,264461
2026-09-09T19:50,290.52,290.64,290.405,290.63,421606
2026-09-09T19:55,290.615,290.735,290.54,290.64,1562524
2026-09-10T13:30,288.46,288.505,287.67,288.23,1617866
2026-09-10T13:35,288.23,288.8499,288.16,288.53,773457
2026-09-10T13:40,288.54,288.82,288.34,288.4,675296
2026-09-10T13:45,288.41,288.71,288.29,288.56,570407
2026-09-10T13:50,288.58,288.58,287.95,288.08,365061
2026-09-10T13:55,288.09,288.2199,287.8101,287.94,264648
2026-09-10T14:00,287.92,288.46,287.92,288.1,424827
2026-09-10T14:05,288.1,288.12,287.69,287.77,325541
2026-09-10T14:10,287.76,288.06,287.621,287.8399,769294
2026-09-10T14:15,287.85,288.44,287.83,288.385,220079
2026-09-10T14:20,288.395,289.735,288.375,289.545,658582
2026-09-10T14:25,289.52,289.82,289.2101,289.28,1066810
2026-09-10T14:30,289.28,289.305,288.99,289.02,294328
2026-09-10T14:35,289.04,289.43,288.98,288.99,223496
2026-09-10T14:40,288.98,289.01,288.59,288.74,229203
2026-09-10T14:45,288.71,289.02,288.66,288.97,232712
2026-09-10T14:50,289.0,289.11,288.86,289.06,204647
2026-09-10T14:55,289.07,289.09,288.83,288.945,130718
2026-09-10T15:00,288.95,288.97,288.51,288.62,352022
2026-09-10T15:05,288.63,288.82,288.63,288.675,314948
2026-09-10T15:10,288.67,288.895,288.63,288.675,134577
2026-09-10T15:15,288.68,288.77,288.41,288.5401,139144
2026-09-10T15:20,288.54,288.6,288.35,288.555,205420
2026-09-10T15:25,288.55,288.58,288.39,288.47,102151
2026-09-10T15:30,288.49,288.635,288.44,288.59,327546
2026-09-10T15:35,288.58,288.7999,288.42,288.47,144108
2026-09-10T15:40,288.465,288.615,288.415,288.6,1633518
2026-09-10T15:45,288.61,288.65,288.34,288.48,195980
2026-09-10T15:50,288.43,288.57,288.32,288.325,90154
2026-09-10T15:55,288.31,288.43,288.205,288.32,252133
2026-09-10T16:00,288.32,288.42,288.22,288.25,104470
2026-09-10T16:05,288.24,288.33,288.16,288.18,104467
2026-09-10T16:10,288.17,288.265,288.05,288.24,141526
2026-09-10T16:15,288.26,288.3287,287.99,288.19,227890
2026-09-10T16:20,288.185,288.32,288.185,288.24,666855
2026-09-10T16:25,288.24,288.25,288.115,288.22,62355
2026-09-10T16:30,288.235,288.35,287.89,287.9,314007
2026-09-10T16:35,287.895,288.0935,287.79,288.0876,119633
2026-09-10T16:40,288.1,288.13,287.995,288.09,70864
2026-09-10T16:45,288.09,288.36,288.09,288.16,108940
2026-09-10T16:50,288.17,288.27,288.035,288.25,128414
2026-09-10T16:55,288.24,288.345,288.19,288.295,73760
2026-09-10T17:00,288.29,288.65,288.1,288.2799,229850
2026-09-10T17:05,288.29,288.355,288.1,288.1,295561
2026-09-10T17:10,288.11,288.32,288.11,288.15,492269
2026-09-10T17:15,288.145,288.235,288.145,288.2,54864
2026-09-10T17:20,288.22,288.235,288.1,288.12,99818
2026-09-10T17:25,288.11,288.12,287.95,287.995,63824
2026-09-10T17:30,287.995,288.0,287.84,287.875,104923
2026-09-10T17:35,287.88,287.99,287.74,287.765,546494
2026-09-10T17:40,287.755,287.87,287.735,287.855,107217
2026-09-10T17:45,287.855,287.9,287.69,287.75,235416
2026-09-10T17:50,287.75,287.83,287.705,287.79,159733
2026-09-10T17:55,287.79,287.83,287.69,287.79,175565
2026-09-10T18:00,287.78,287.91,287.565,287.58,354772
2026-09-10T18:05,287.575,287.6,287.39,287.41,257624
2026-09-10T18:10,287.4,287.5,287.31,287.42,131981
2026-09-10T18:15,287.41,287.46,287.31,287.4,177486
2026-09-10T18:20,287.41,287.58,287.405,287.5001,145998
2026-09-10T18:25,287.505,287.65,287.47,287.61,210131
2026-09-10T18:30,287.6,287.6,287.33,287.44,163891
2026-09-10T18:35,287.44,287.575,287.395,287.53,135427
2026-09-10T18:40,287.53,287.57,287.465,287.53,92142
2026-09-10T18:45,287.52,287.64,287.325,287.48,138101
2026-09-10T18:50,287.485,287.78,287.4,287.55,172232
2026-09-10T18:55,287.555,287.6,287.45,287.4625,174691
2026-09-10T19:00,287.45,287.535,287.2,287.2,285899
2026-09-10T19:05,287.2,287.44,287.18,287.4099,235449
2026-09-10T19:10,287.3999,287.44,287.26,287.34,294302
2026-09-10T19:15,287.35,287.43,287.21,287.23,188239
2026-09-10T19:20,287.22,287.48,287.22,287.47,149496
2026-09-10T19:25,287.47,287.525,287.43,287.475,113780
2026-09-10T19:30,287.48,287.58,287.38,287.555,503420
2026-09-10T19:35,287.56,287.665,287.5,287.61,336112
2026-09-10T19:40,287.62,287.74,287.62,287.69,336717
2026-09-10T19:45,287.695,287.84,287.67,287.815,331342
2026-09-10T19:50,287.81,288.005,287.785,287.82,469170
2026-09-10T19:55,287.82,287.86,287.5,287.7,1746445
2026-09-11T13:30,290.68,291.44,290.62,291.26,818643
2026-09-11T13:35,291.22,291.42,290.77,290.945,816447
2026-09-11T13:40,290.945,291.26,290.29,290.42,812312
2026-09-11T13:45,290.46,290.51,289.95,290.23,660380
2026-09-11T13:50,290.2,290.22,289.75,289.8,1327898
2026-09-11T13:55,289.81,290.33,289.81,290.33,381280
2026-09-11T14:00,290.34,290.35,289.62,289.65,460554
2026-09-11T14:05,289.64,289.71,289.31,289.41,372755
2026-09-11T14:10,289.4,289.785,289.245,289.61,736580
2026-09-11T14:15,289.61,289.83,289.42,289.81,319173
2026-09-11T14:20,289.83,289.98,289.43,289.44,416198
2026-09-11T14:25,289.43,289.5,289.305,289.37,238891
2026-09-11T14:30,289.4,289.57,289.29,289.31,186812
2026-09-11T14:35,289.305,289.31,288.77,288.94,728125
2026-09-11T14:40,288.95,289.22,288.87,289.04,747454
2026-09-11T14:45,289.06,289.76,289.0,289.7342,325821
2026-09-11T14:50,289.74,289.74,289.315,289.38,128261
2026-09-11T14:55,289.381,289.4,289.19,289.25,212229
2026-09-11T15:00,289.25,289.4,289.12,289.2301,189202
2026-09-11T15:05,289.25,289.49,289.205,289.29,152585
2026-09-11T15:10,289.295,289.295,289.04,289.215,355794
2026-09-11T15:15,289.24,289.45,289.24,289.37,306672
2026-09-11T15:20,289.36,289.61,289.36,289.59,236829
2026-09-11T15:25,289.61,289.78,289.52,289.61,109462
2026-09-11T15:30,289.62,289.67,289.44,289.61,88414
2026-09-11T15:35,289.62,289.62,289.425,289.5599,68558
2026-09-11T15:40,289.55,289.69,289.48,289.67,287581
2026-09-11T15:45,289.665,289.82,289.6,289.76,132062
2026-09-11T15:50,289.78,289.78,289.59,289.68,56966
2026-09-11T15:55,289.68,289.72,289.55,289.65,62902
2026-09-11T16:00,289.65,289.745,289.61,289.69,75720
2026-09-11T16:05,289.69,289.73,289.515,289.52,49448
2026-09-11T16:10,289.525,289.53,289.385,289.43,136945
2026-09-11T16:15,289.435,289.605,289.4,289.565,169176
2026-09-11T16:20,289.57,289.6,289.45,289.57,74118
2026-09-11T16:25,289.57,289.68,289.385,289.41,190290
2026-09-11T16:30,289.44,289.89,289.36,289.83,177554
2026-09-11T16:35,289.83,289.835,289.45,289.55,163597
2026-09-11T16:40,289.47,289.72,289.469,289.66,124330
2026-09-11T16:45,289.665,289.69,289.56,289.585,157552
2026-09-11T16:50,289.58,289.72,289.52,289.565,137331
2026-09-11T16:55,289.56,289.6,289.51,289.57,42307
2026-09-11T17:00,289.575,289.64,289.455,289.48,85195
2026-09-11T17:05,289.48,289.71,289.46,289.64,810213
2026-09-11T17:10,289.625,289.7,289.545,289.58,120292
2026-09-11T17:15,289.59,289.65,289.53,289.65,168695
2026-09-11T17:20,289.65,289.81,289.635,289.78,119642
2026-09-11T17:25,289.78,289.805,289.695,289.765,73783
2026-09-11T17:30,289.765,289.8,289.6699,289.705,165465
2026-09-11T17:35,289.72,289.76,289.575,289.625,55324
2026-09-11T17:40,289.62,289.66,289.485,289.52,68458
2026-09-11T17:45,289.52,289.575,289.47,289.57,52817
2026-09-11T17:50,289.58,289.6,289.48,289.535,75023
2026-09-11T17:55,289.535,289.54,289.47,289.475,69994
2026-09-11T18:00,289.475,289.56,289.39,289.54,88111
2026-09-11T18:05,289.54,289.625,289.52,289.555,134432
2026-09-11T18:10,289.56,289.575,289.47,289.52,136882
2026-09-11T18:15,289.525,289.58,289.5,289.52,83822
2026-09-11T18:20,289.52,289.54,289.32,289.42,298576
2026-09-11T18:25,289.425,289.535,289.385,289.48,1148425
2026-09-11T18:30,289.475,289.55,289.37,289.455,202706
2026-09-11T18:35,289.43,289.45,289.28,289.29,114808
2026-09-11T18:40,289.285,289.41,289.28,289.34,337630
2026-09-11T18:45,289.335,289.42,289.32,289.35,353490
2026-09-11T18:50,289.34,289.425,289.3,289.32,182444
2026-09-11T18:55,289.31,289.375,289.26,289.285,82906
2026-09-11T19:00,289.28,289.295,289.18,289.245,258249
2026-09-11T19:05,289.24,289.245,289.04,289.1364,116686
2026-09-11T19:10,289.13,289.19,289.09,289.17,1204344
2026-09-11T19:15,289.165,289.23,289.13,289.2,85709
2026-09-11T19:20,289.19,289.19,289.04,289.125,88929
2026-09-11T19:25,289.12,289.175,289.08,289.08,112802
2026-09-11T19:30,289.095,289.27,289.09,289.25,143365
2026-09-11T19:35,289.255,289.255,289.16,289.1801,454394
2026-09-11T19:40,289.19,289.215,289.08,289.185,543026
2026-09-11T19:45,289.18,289.25,289.08,289.1003,208329
2026-09-11T19:50,289.105,289.105,288.87,288.94,597186
2026-09-11T19:55,288.93,289.1299,288.82,288.89,1969271
2026-09-14T13:30,287.52,288.03,287.36,287.96,987526
2026-09-14T13:35,287.97,288.66,287.97,288.34,833734
2026-09-14T13:40,288.33,288.64,288.23,288.61,465608
2026-09-14T13:45,288.6,288.86,288.24,288.55,493282
2026-09-14T13:50,288.555,288.75,288.37,288.415,255212
2026-09-14T13:55,288.41,288.44,288.12,288.12,340205
2026-09-14T14:00,288.13,288.66,288.045,288.59,582980
2026-09-14T14:05,288.58,288.84,288.41,288.705,343311
2026-09-14T14:10,288.69,288.95,288.53,288.61,227747
2026-09-14T14:15,288.55,288.63,288.29,288.375,267844
2026-09-14T14:20,288.36,288.3631,287.86,287.88,209161
2026-09-14T14:25,287.86,287.914,287.57,287.75,265588
2026-09-14T14:30,287.74,287.975,287.66,287.96,548538
2026-09-14T14:35,287.96,287.97,287.56,287.59,154574
2026-09-14T14:40,287.61,287.735,287.47,287.735,570717
2026-09-14T14:45,287.735,287.85,287.48,287.555,370607
2026-09-14T14:50,287.6,287.6,287.37,287.47,134980
2026-09-14T14:55,287.48,287.48,287.34,287.39,86440
2026-09-14T15:00,287.36,287.37,287.115,287.18,208694
2026-09-14T15:05,287.16,288.06,287.16,287.45,499099
2026-09-14T15:10,287.46,287.53,287.14,287.14,183612
2026-09-14T15:15,287.135,287.28,287.055,287.125,169801
2026-09-14T15:20,287.1,287.44,287.09,287.39,124547
2026-09-14T15:25,287.38,287.45,287.32,287.34,163925
2026-09-14T15:30,287.33,288.05,287.285,288.0,401518
2026-09-14T15:35,288.0,288.23,287.62,288.2005,388173
2026-09-14T15:40,288.2001,288.835,288.04,288.795,550854
2026-09-14T15:45,288.8,288.81,288.42,288.425,805349
2026-09-14T15:50,288.41,288.64,288.375,288.63,262710
2026-09-14T15:55,288.63,288.695,288.52,288.66,122793
2026-09-14T16:00,288.66,288.78,288.59,288.64,204647
2026-09-14T16:05,288.635,288.8,288.6,288.67,119861
2026-09-14T16:10,288.68,288.88,288.6,288.805,280222
2026-09-14T16:15,288.84,289.3,288.835,289.22,780966
2026-09-14T16:20,289.22,289.28,289.13,289.17,188150
2026-09-14T16:25,289.19,289.2,288.98,289.06,90501
2026-09-14T16:30,289.04,289.14,288.83,288.83,150306
2026-09-14T16:35,288.82,289.01,288.77,288.98,126034
2026-09-14T16:40,288.98,289.02,288.86,289.02,96722
2026-09-14T16:45,289.02,289.84,288.9,289.63,595328
2026-09-14T16:50,289.64,289.73,289.48,289.48,121950
2026-09-14T16:55,289.5,289.5,289.205,289.2202,128849
2026-09-14T17:00,289.22,289.24,288.945,289.04,93630
2026-09-14T17:05,289.04,289.095,288.87,288.95,113465
2026-09-14T17:10,288.96,289.1,288.82,288.825,130060
2026-09-14T17:15,288.83,288.93,288.745,288.775,132353
2026-09-14T17:20,288.78,288.89,288.76,288.82,114856
2026-09-14T17:25,288.82,288.96,288.76,288.952,262028
2026-09-14T17:30,288.94,289.05,288.815,288.875,201132
2026-09-14T17:35,288.875,288.935,288.835,288.865,95923
2026-09-14T17:40,288.86,288.88,288.74,288.815,1812501
2026-09-14T17:45,288.815,288.91,288.74,288.74,87468
2026-09-14T17:50,288.75,288.8,288.68,288.7826,126283
2026-09-14T17:55,288.785,288.9,288.715,288.715,692687
2026-09-14T18:00,288.72,288.96,288.61,288.65,189871
2026-09-14T18:05,288.665,288.7,288.575,288.59,83581
2026-09-14T18:10,288.58,288.63,288.485,288.63,574486
2026-09-14T18:15,288.635,288.72,288.535,288.61,130435
2026-09-14T18:20,288.581,288.605,288.49,288.51,103717
2026-09-14T18:25,288.51,288.595,288.4,288.575,146804
2026-09-14T18:30,288.58,288.645,288.51,288.595,163227
2026-09-14T18:35,288.58,288.68,288.58,288.605,91725
2026-09-14T18:40,288.59,288.67,288.58,288.62,110896
2026-09-14T18:45,288.62,288.68,288.44,288.67,228216
2026-09-14T18:50,288.66,288.73,288.56,288.7,199463
2026-09-14T18:55,288.7,288.77,288.64,288.71,240095
2026-09-14T19:00,288.715,288.75,288.58,288.6,150600
2026-09-14T19:05,288.58,288.615,288.435,288.475,113220
2026-09-14T19:10,288.47,288.62,288.47,288.62,143441
2026-09-14T19:15,288.6095,288.61,288.46,288.53,68093
2026-09-14T19:20,288.54,288.55,288.395,288.43,141453
2026-09-14T19:25,288.43,288.475,288.35,288.35,175859
2026-09-14T19:30,288.35,288.44,288.28,288.32,208072
2026-09-14T19:35,288.33,288.36,288.15,288.16,149270
2026-09-14T19:40,288.15,288.39,288.14,288.385,270424
2026-09-14T19:45,288.385,288.45,288.28,288.29,299340
2026-09-14T19:50,288.28,288.385,288.07,288.105,435442
2026-09-14T19:55,288.09,288.17,287.85,287.91,1779298
2026-09-15T13:30,286.62,286.93,285.93,285.93,730614
2026-09-15T13:35,285.96,286.06,285.6401,285.805,455061
2026-09-15T13:40,285.8,286.08,285.75,285.94,313844
2026-09-15T13:45,285.94,285.98,285.41,285.44,245387
2026-09-15T13:50,285.4399,285.71,285.34,285.71,317123
2026-09-15T13:55,285.71,285.92,285.605,285.8,309206
2026-09-15T14:00,285.79,285.99,285.28,285.28,312665
2026-09-15T14:05,285.28,285.43,285.16,285.27,279859
2026-09-15T14:10,285.24,285.32,285.14,285.17,249504
2026-09-15T14:15,285.19,285.65,285.18,285.56,193505
2026-09-15T14:20,285.555,285.57,285.13,285.335,333975
2026-09-15T14:25,285.34,285.375,285.1,285.16,249621
2026-09-15T14:30,285.14,285.23,285.02,285.14,268031
2026-09-15T14:35,285.15,285.17,284.76,284.78,231177
2026-09-15T14:40,284.78,284.78,284.59,284.63,273008
2026-09-15T14:45,284.64,284.7101,284.4212,284.4278,228710
2026-09-15T14:50,284.42,284.45,284.08,284.34,522027
2026-09-15T14:55,284.33,284.38,284.11,284.265,359028
2026-09-15T15:00,284.2636,284.61,284.2636,284.6,322335
2026-09-15T15:05,284.61,284.75,284.44,284.5,792508
2026-09-15T15:10,284.48,284.555,284.34,284.54,674896
2026-09-15T15:15,284.53,284.665,284.4,284.53,174559
2026-09-15T15:20,284.52,284.71,284.395,284.67,201951
2026-09-15T15:25,284.675,284.68,284.49,284.675,148497
2026-09-15T15:30,284.68,284.84,284.61,284.83,225584
2026-09-15T15:35,284.84,284.875,284.66,284.72,116003
2026-09-15T15:40,284.73,284.935,284.72,284.84,189339
2026-09-15T15:45,284.84,284.87,284.53,284.55,594978
2026-09-15T15:50,284.55,284.81,284.445,284.455,624216
2026-09-15T15:55,284.45,284.71,284.36,284.44,248409
2026-09-15T16:00,284.43,284.66,284.42,284.65,119428
2026-09-15T16:05,284.645,284.655,284.41,284.45,76006
2026-09-15T16:10,284.46,284.485,284.35,284.38,66532
2026-09-15T16:15,284.39,284.56,284.36,284.55,116852
2026-09-15T16:20,284.56,285.02,284.53,285.0099,213830
2026-09-15T16:25,285.005,285.085,284.91,285.04,995414
2026-09-15T16:30,285.04,285.13,284.985,285.025,102450
2026-09-15T16:35,285.03,285.05,284.915,284.93,94352
2026-09-15T16:40,284.93,285.11,284.895,285.0901,525214
2026-09-15T16:45,285.075,285.135,285.005,285.075,83104
2026-09-15T16:50,285.075,285.38,285.06,285.3595,1171812
2026-09-15T16:55,285.375,285.51,285.33,285.51,145043
2026-09-15T17:00,285.5,285.52,285.13,285.13,282946
2026-09-15T17:05,285.13,285.235,285.03,285.08,676013
2026-09-15T17:10,285.1,285.25,285.07,285.07,371109
2026-09-15T17:15,285.059,285.08,284.99,285.01,83615
2026-09-15T17:20,285.0,285.0,284.85,284.89,124677
2026-09-15T17:25,284.88,285.01,284.88,284.97,175103
2026-09-15T17:30,284.97,285.235,284.88,285.16,214622
2026-09-15T17:35,285.16,285.31,285.16,285.18,119636
2026-09-15T17:40,285.18,285.22,285.075,285.105,195783
2026-09-15T17:45,285.1,285.23,285.1,285.12,215498
2026-09-15T17:50,285.11,285.25,285.1,285.24,285680
2026-09-15T17:55,285.25,285.37,285.235,285.33,79698
2026-09-15T18:00,285.33,285.4325,285.275,285.405,203057
2026-09-15T18:05,285.4,285.66,285.385,285.66,92494
2026-09-15T18:10,285.67,285.74,285.58,285.71,186248
2026-09-15T18:15,285.72,285.72,285.58,285.645,778811
2026-09-15T18:20,285.64,285.72,285.58,285.58,105944
2026-09-15T18:25,285.58,285.595,285.51,285.575,147746
2026-09-15T18:30,285.545,285.545,285.34,285.345,82317
2026-09-15T18:35,285.35,285.36,285.27,285.35,105730
2026-09-15T18:40,285.345,285.55,285.285,285.285,256352
2026-09-15T18:45,285.285,285.29,285.0,285.055,246429
2026-09-15T18:50,285.05,285.23,285.0107,285.2,186807
2026-09-15T18:55,285.2,285.425,285.19,285.41,234317
2026-09-15T19:00,285.42,285.56,285.37,285.405,324339
2026-09-15T19:05,285.4,285.425,285.29,285.355,77449
2026-09-15T19:10,285.345,285.36,285.115,285.13,71233
2026-09-15T19:15,285.13,285.175,285.09,285.145,94649
2026-09-15T19:20,285.145,285.161,284.97,284.99,127439
2026-09-15T19:25,284.995,285.03,284.88,284.885,198478
2026-09-15T19:30,284.87,284.91,284.79,284.855,114645
2026-09-15T19:35,284.86,284.915,284.805,284.88,165659
2026-09-15T19:40,284.87,284.89,284.78,284.785,238707
2026-09-15T19:45,284.78,284.885,284.73,284.845,283320
2026-09-15T19:50,284.84,284.84,284.725,284.825,571456
2026-09-15T19:55,284.82,285.22,284.71,285.14,2146306
2026-09-16T13:30,285.69,286.22,285.61,285.98,654217
2026-09-16T13:35,286.02,286.34,285.78,285.7904,405790
2026-09-16T13:40,285.82,286.54,285.68,286.495,397499
2026-09-16T13:45,286.5,286.88,286.44,286.48,666586
2026-09-16T13:50,286.48,286.835,286.47,286.82,410113
2026-09-16T13:55,286.825,286.89,286.59,286.6,267889
2026-09-16T14:00,286.62,286.702,286.19,286.23,162404
2026-09-16T14:05,286.24,286.3302,285.99,286.245,211700
2026-09-16T14:10,286.25,286.36,286.12,286.14,179025
2026-09-16T14:15,286.14,286.29,286.03,286.035,285533
2026-09-16T14:20,286.03,286.06,285.8001,285.805,159777
2026-09-16T14:25,285.8,285.89,285.71,285.83,97618
2026-09-16T14:30,285.81,285.93,285.6,285.915,117450
2026-09-16T14:35,285.91,285.95,285.725,285.84,97785
2026-09-16T14:40,285.83,286.16,285.82,286.125,125200
2026-09-16T14:45,286.125,286.175,286.03,286.05,70357
2026-09-16T14:50,286.055,286.31,286.03,286.1199,106594
2026-09-16T14:55,286.13,286.25,286.115,286.2425,142631
2026-09-16T15:00,286.25,286.41,286.235,286.31,131175
2026-09-16T15:05,286.316,286.585,286.245,286.515,196268
2026-09-16T15:10,286.49,286.59,286.38,286.47,108395
2026-09-16T15:15,286.455,286.455,286.255,286.43,65367
2026-09-16T15:20,286.44,286.48,286.36,286.42,56331
2026-09-16T15:25,286.415,286.52,286.31,286.33,52092
2026-09-16T15:30,286.33,286.38,286.24,286.28,76264
2026-09-16T15:35,286.275,286.435,286.275,286.41,62027
2026-09-16T15:40,286.44,286.53,286.395,286.395,60965
2026-09-16T15:45,286.4,287.04,286.38,286.63,336184
2026-09-16T15:50,286.67,286.695,286.49,286.52,55593
2026-09-16T15:55,286.51,286.51,286.33,286.4,176259
2026-09-16T16:00,286.43,286.56,286.41,286.44,64867
2026-09-16T16:05,286.45,286.495,286.35,286.47,99271
2026-09-16T16:10,286.485,286.55,286.38,286.55,250970
2026-09-16T16:15,286.555,286.57,286.4,286.42,101506
2026-09-16T16:20,286.42,286.42,286.26,286.275,73239
2026-09-16T16:25,286.27,286.455,286.19,286.45,233182
2026-09-16T16:30,286.45,286.47,286.32,286.37,148982
2026-09-16T16:35,286.37,286.43,286.315,286.4152,42615
2026-09-16T16:40,286.415,286.435,286.27,286.275,63753
2026-09-16T16:45,286.275,286.47,286.27,286.435,114117
2026-09-16T16:50,286.435,286.59,286.435,286.584,136780
2026-09-16T16:55,286.585,286.67,286.53,286.53,102111
2026-09-16T17:00,286.535,286.59,286.38,286.39,151854
2026-09-16T17:05,286.395,286.42,286.34,286.385,51178
2026-09-16T17:10,286.39,286.44,286.28,286.405,115173
2026-09-16T17:15,286.405,286.58,286.4,286.575,133579
2026-09-16T17:20,286.57,286.62,286.53,286.565,80619
2026-09-16T17:25,286.57,286.72,286.57,286.7,66460
2026-09-16T17:30,286.7083,286.785,286.595,286.64,651868
2026-09-16T17:35,286.63,286.66,286.57,286.6001,118315
2026-09-16T17:40,286.59,286.65,286.53,286.54,156580
2026-09-16T17:45,286.55,286.6,286.41,286.41,213112
2026-09-16T17:50,286.41,286.53,286.36,286.51,221282
2026-09-16T17:55,286.49,286.81,286.48,286.74,184841
2026-09-16T18:00,286.74,287.0199,285.41,286.09,973340
2026-09-16T18:05,286.1,286.69,286.07,286.43,357488
2026-09-16T18:10,286.435,286.54,285.765,285.815,324333
2026-09-16T18:15,285.81,285.97,285.5701,285.645,320561
2026-09-16T18:20,285.655,285.76,285.49,285.5999,353236
2026-09-16T18:25,285.595,285.79,285.32,285.77,259788
2026-09-16T18:30,285.76,285.93,285.06,285.1874,428471
2026-09-16T18:35,285.14,285.41,284.47,285.29,797699
2026-09-16T18:40,285.295,286.1,285.27,285.52,456115
2026-09-16T18:45,285.53,285.91,285.075,285.09,468717
2026-09-16T18:50,285.1,285.295,283.84,283.84,614243
2026-09-16T18:55,283.86,284.09,283.11,283.15,485051
2026-09-16T19:00,283.155,283.825,283.12,283.26,469662
2026-09-16T19:05,283.19,283.27,282.475,282.6,407666
2026-09-16T19:10,282.6,282.635,282.12,282.21,686058
2026-09-16T19:15,282.225,282.48,281.54,281.75,571013
2026-09-16T19:20,281.72,281.915,281.09,281.37,692190
2026-09-16T19:25,281.395,281.685,281.03,281.675,1057952
2026-09-16T19:30,281.65,282.59,281.605,282.58,496063
2026-09-16T19:35,282.58,282.655,282.06,282.49,533450
2026-09-16T19:40,282.49,282.72,282.3,282.53,310957
2026-09-16T19:45,282.51,283.57,282.51,283.425,726318
2026-09-16T19:50,283.48,283.715,283.34,283.67,917651
2026-09-16T19:55,283.66,284.13,283.6,283.92,2397423
2026-09-17T13:30,287.98,288.28,287.19,287.2,1029229
2026-09-17T13:35,287.21,287.24,286.6,286.7301,518748
2026-09-17T13:40,286.75,287.1,286.7405,286.92,551718
2026-09-17T13:45,286.95,287.4601,286.85,287.325,789195
2026-09-17T13:50,287.31,287.62,286.845,286.85,416199
2026-09-17T13:55,286.87,287.13,286.75,286.87,247442
2026-09-17T14:00,286.88,286.97,286.405,286.475,629689
2026-09-17T14:05,286.48,286.74,286.4,286.62,544340
2026-09-17T14:10,286.61,287.245,286.46,287.18,318591
2026-09-17T14:15,287.18,287.26,287.015,287.26,202056
2026-09-17T14:20,287.27,287.38,287.17,287.19,169695
2026-09-17T14:25,287.2,287.465,287.12,287.19,186294
2026-09-17T14:30,287.2,287.34,287.115,287.31,176535
2026-09-17T14:35,287.3,287.345,287.03,287.19,248370
2026-09-17T14:40,287.22,287.48,287.22,287.45,187980
2026-09-17T14:45,287.465,287.59,287.19,287.28,122426
2026-09-17T14:50,287.28,287.3197,286.84,286.88,98213
2026-09-17T14:55,286.85,287.09,286.715,286.985,168023
2026-09-17T15:00,286.995,287.045,286.63,286.65,105761
2026-09-17T15:05,286.675,286.895,286.63,286.895,150573
2026-09-17T15:10,286.89,287.0,286.77,286.9801,140502
2026-09-17T15:15,287.0,287.12,286.88,287.0607,87460
2026-09-17T15:20,287.07,287.07,286.72,286.735,119454
2026-09-17T15:25,286.735,286.965,286.725,286.94,133493
2026-09-17T15:30,286.95,287.13,286.93,287.115,61793
2026-09-17T15:35,287.13,287.275,287.09,287.16,70536
2026-09-17T15:40,287.16,287.39,287.16,287.21,202950
2026-09-17T15:45,287.22,287.22,287.0,287.02,128810
2026-09-17T15:50,287.05,287.1,287.0,287.06,156868
2026-09-17T15:55,287.055,287.175,287.01,287.17,58606
2026-09-17T16:00,287.1601,287.22,287.095,287.1,67384
2026-09-17T16:05,287.12,287.21,287.08,287.19,122528
2026-09-17T16:10,287.18,287.22,287.11,287.22,96263
2026-09-17T16:15,287.2401,287.2999,287.12,287.12,44140
2026-09-17T16:20,287.11,287.22,287.01,287.18,87508
2026-09-17T16:25,287.18,287.2,287.05,287.1,69905
2026-09-17T16:30,287.095,287.1,286.95,286.965,140467
2026-09-17T16:35,286.965,286.99,286.85,286.93,64630
2026-09-17T16:40,286.93,287.105,286.92,287.105,42690
2026-09-17T16:45,287.1,287.12,286.97,287.0,46595
2026-09-17T16:50,286.98,287.0201,286.925,286.925,77521
2026-09-17T16:55,286.925,286.96,286.525,286.875,332546
2026-09-17T17:00,286.875,286.98,286.795,286.92,177107
2026-09-17T17:05,286.92,286.94,286.72,286.72,94455
2026-09-17T17:10,286.705,286.705,286.59,286.59,178445
2026-09-17T17:15,286.59,286.695,286.58,286.59,260877
2026-09-17T17:20,286.585,286.61,286.44,286.46,98747
2026-09-17T17:25,286.46,286.5,286.38,286.45,150656
2026-09-17T17:30,286.46,286.615,286.42,286.595,309832
2026-09-17T17:35,286.605,286.645,286.45,286.48,165271
2026-09-17T17:40,286.475,286.59,286.47,286.51,99229
2026-09-17T17:45,286.51,286.69,286.495,286.56,172281
2026-09-17T17:50,286.55,286.6,286.505,286.535,75782
2026-09-17T17:55,286.535,286.67,286.535,286.65,116925
2026-09-17T18:00,286.655,286.665,286.52,286.585,492561
2026-09-17T18:05,286.585,286.61,286.475,286.48,166709
2026-09-17T18:10,286.48,286.555,286.445,286.45,129526
2026-09-17T18:15,286.44,286.555,286.4,286.425,134727
2026-09-17T18:20,286.43,286.43,286.235,286.235,146142
2026-09-17T18:25,286.25,286.41,286.24,286.405,422907
2026-09-17T18:30,286.41,286.44,286.17,286.19,105643
2026-09-17T18:35,286.19,286.24,286.085,286.09,169237
2026-09-17T18:40,286.085,286.155,286.07,286.085,173548
2026-09-17T18:45,286.09,286.18,286.035,286.135,119332
2026-09-17T18:50,286.13,286.14,285.995,286.04,111755
2026-09-17T18:55,286.0401,286.11,286.015,286.11,234185
2026-09-17T19:00,286.1,286.265,286.1,286.15,184958
2026-09-17T19:05,286.14,286.2,285.9699,285.99,145079
2026-09-17T19:10,285.99,285.9999,285.89,285.89,133461
2026-09-17T19:15,285.9,285.935,285.82,285.935,151332
2026-09-17T19:20,285.93,285.94,285.75,285.755,141057
2026-09-17T19:25,285.75,285.82,285.75,285.77,128270
2026-09-17T19:30,285.76,285.81,285.69,285.72,154278
2026-09-17T19:35,285.72,285.85,285.71,285.78,250972
2026-09-17T19:40,285.78,285.84,285.69,285.82,1252215
2026-09-17T19:45,285.819,285.82,285.6167,285.63,298719
2026-09-17T19:50,285.64,285.78,285.53,285.65,573733
2026-09-17T19:55,285.65,285.78,285.28,285.43,2702814
2026-09-18T13:30,285.01,285.27,284.065,284.08,1808873
2026-09-18T13:35,284.07,284.1295,283.675,283.71,573814
2026-09-18T13:40,283.695,283.915,283.495,283.9,499395
2026-09-18T13:45,283.91,283.97,283.6,283.7099,302722
2026-09-18T13:50,283.69,283.74,283.34,283.345,562069
2026-09-18T13:55,283.34,283.36,282.92,283.03,492340
2026-09-18T14:00,283.0,283.095,282.8498,282.96,397425
2026-09-18T14:05,282.97,283.035,282.75,283.02,515603
2026-09-18T14:10,283.04,283.29,282.885,282.99,437108
2026-09-18T14:15,282.9901,283.22,282.96,283.22,526605
2026-09-18T14:20,283.22,283.39,283.1,283.31,422395
2026-09-18T14:25,283.3,283.39,283.06,283.235,311876
2026-09-18T14:30,283.21,283.37,283.125,283.22,199559
2026-09-18T14:35,283.22,283.345,283.01,283.225,401865
2026-09-18T14:40,283.22,283.25,282.95,283.08,198825
2026-09-18T14:45,283.08,283.285,283.015,283.23,212360
2026-09-18T14:50,283.245,283.395,283.15,283.185,143315
2026-09-18T14:55,283.19,283.25,283.065,283.165,195779
2026-09-18T15:00,283.165,283.175,282.83,282.95,184968
2026-09-18T15:05,282.945,282.98,282.83,282.94,131122
2026-09-18T15:10,282.915,282.915,282.72,282.87,203400
2026-09-18T15:15,282.865,282.9995,282.78,282.991,4706164
2026-09-18T15:20,282.98,283.01,282.865,282.95,453922
2026-09-18T15:25,282.96,283.085,282.895,283.075,189396
2026-09-18T15:30,283.07,283.135,282.81,283.135,493651
2026-09-18T15:35,283.1397,283.27,283.04,283.05,258391
2026-09-18T15:40,283.0401,283.065,282.94,283.005,128389
2026-09-18T15:45,283.01,283.015,282.83,282.9,102411
2026-09-18T15:50,282.885,282.93,282.735,282.75,110605
2026-09-18T15:55,282.74,282.935,282.72,282.92,143264
2026-09-18T16:00,282.91,282.91,282.69,282.735,145973
2026-09-18T16:05,282.735,282.905,282.735,282.8,161164
2026-09-18T16:10,282.8,282.815,282.7,282.8,103815
2026-09-18T16:15,282.79,282.85,282.71,282.7699,98982
2026-09-18T16:20,282.765,282.79,282.59,282.61,128518
2026-09-18T16:25,282.615,282.8459,282.54,282.79,248922
2026-09-18T16:30,282.79,282.995,282.71,282.91,293749
2026-09-18T16:35,282.92,283.015,282.85,282.9,239040
2026-09-18T16:40,282.89,283.0185,282.86,282.9897,221966
2026-09-18T16:45,282.975,283.11,282.91,283.11,165496
2026-09-18T16:50,283.13,283.18,283.1,283.1762,144135
2026-09-18T16:55,283.1797,283.185,283.1,283.16,99212
2026-09-18T17:00,283.16,283.1701,283.005,283.15,162511
2026-09-18T17:05,283.16,283.225,283.085,283.085,78169
2026-09-18T17:10,283.1,283.17,282.98,283.17,114789
2026-09-18T17:15,283.18,283.265,283.17,283.2,117403
2026-09-18T17:20,283.21,283.34,283.18,283.295,264116
2026-09-18T17:25,283.29,283.32,283.205,283.23,817026
2026-09-18T17:30,283.24,283.3,283.2,283.275,252465
2026-09-18T17:35,283.28,283.45,283.28,283.405,130031
2026-09-18T17:40,283.4,283.4351,283.325,283.41,106187
2026-09-18T17:45,283.4,283.48,283.37,283.38,125551
2026-09-18T17:50,283.38,283.405,283.32,283.335,154254
2026-09-18T17:55,283.33,283.43,283.33,283.43,78267
2026-09-18T18:00,283.43,283.51,283.38,283.435,132502
2026-09-18T18:05,283.4301,283.52,283.38,283.41,353151
2026-09-18T18:10,283.41,283.41,283.32,283.3391,125823
2026-09-18T18:15,283.34,283.54,283.3176,283.54,95515
2026-09-18T18:20,283.535,283.59,283.43,283.445,107921
2026-09-18T18:25,283.445,283.56,283.42,283.555,146485
2026-09-18T18:30,283.564,283.57,283.435,283.48,116718
2026-09-18T18:35,283.485,283.485,283.41,283.4797,206999
2026-09-18T18:40,283.47,283.48,283.41,283.435,99383
2026-09-18T18:45,283.435,283.65,283.435,283.55,143778
2026-09-18T18:50,283.54,283.63,283.474,283.525,161089
2026-09-18T18:55,283.525,283.56,283.47,283.515,291452
2026-09-18T19:00,283.51,283.54,283.35,283.47,260932
2026-09-18T19:05,283.4699,283.55,283.44,283.545,209147
2026-09-18T19:10,283.545,283.7,283.485,283.64,331847
2026-09-18T19:15,283.67,283.685,283.6,283.655,167575
2026-09-18T19:20,283.655,283.685,283.62,283.635,143842
2026-09-18T19:25,283.65,283.66,283.53,283.57,269636
2026-09-18T19:30,283.58,283.585,283.485,283.57,288349
2026-09-18T19:35,283.57,283.74,283.56,283.73,308279
2026-09-18T19:40,283.74,283.83,283.7,283.8199,253596
2026-09-18T19:45,283.8195,283.9091,283.77,283.89,555070
2026-09-18T19:50,283.89,284.195,283.825,283.9,677496
2026-09-18T19:55,283.9,284.14,283.845,284.1,2026069
2026-09-21T13:30,286.24,286.33,285.17,285.35,669047
2026-09-21T13:35,285.34,285.57,285.18,285.4,344643
2026-09-21T13:40,285.39,285.51,284.9,285.135,255467
2026-09-21T13:45,285.13,285.37,285.05,285.21,353209
2026-09-21T13:50,285.2,285.525,285.15,285.355,221937
2026-09-21T13:55,285.35,285.63,285.17,285.5,338781
2026-09-21T14:00,285.525,285.61,285.195,285.36,256036
2026-09-21T14:05,285.37,285.44,285.03,285.29,211450
2026-09-21T14:10,285.32,285.665,285.32,285.6,218081
2026-09-21T14:15,285.6,285.83,285.55,285.65,130777
2026-09-21T14:20,285.64,285.875,285.565,285.77,236011
2026-09-21T14:25,285.7999,286.09,285.7999,286.0199,147043
2026-09-21T14:30,285.99,286.12,285.8,285.83,236284
2026-09-21T14:35,285.84,285.88,285.64,285.72,130085
2026-09-21T14:40,285.7,285.91,285.65,285.67,129426
2026-09-21T14:45,285.695,285.94,285.57,285.73,94226
2026-09-21T14:50,285.75,285.75,285.57,285.66,81494
2026-09-21T14:55,285.67,285.67,285.4899,285.5199,108172
2026-09-21T15:00,285.51,285.71,285.42,285.71,160817
2026-09-21T15:05,285.72,285.81,285.62,285.8,104815
2026-09-21T15:10,285.8,286.055,285.785,286.0,122966
2026-09-21T15:15,286.02,286.13,285.95,286.02,108487
2026-09-21T15:20,286.025,286.09,285.93,286.08,94949
2026-09-21T15:25,286.07,286.1705,285.84,285.935,156445
2026-09-21T15:30,285.94,286.03,285.865,285.91,83778
2026-09-21T15:35,285.92,285.99,285.83,285.88,96286
2026-09-21T15:40,285.87,286.005,285.8588,285.915,130230
2026-09-21T15:45,285.92,286.04,285.87,286.03,119193
2026-09-21T15:50,286.03,286.28,285.915,285.915,339453
2026-09-21T15:55,285.915,285.985,285.87,285.92,51723
2026-09-21T16:00,285.93,285.99,285.8,285.97,100181
2026-09-21T16:05,285.97,286.2,285.82,286.07,189098
2026-09-21T16:10,286.075,286.09,285.87,285.94,114475
2026-09-21T16:15,285.96,286.08,285.95,285.95,92831
2026-09-21T16:20,285.94,285.94,285.77,285.78,75085
2026-09-21T16:25,285.78,285.9,285.75,285.885,142191
2026-09-21T16:30,285.89,286.16,285.89,286.095,131295
2026-09-21T16:35,286.1,286.14,285.81,285.81,194124
2026-09-21T16:40,285.8,285.905,285.78,285.8,74578
2026-09-21T16:45,285.8,285.86,285.77,285.78,90950
2026-09-21T16:50,285.8,285.89,285.705,285.73,63233
2026-09-21T16:55,285.73,285.78,285.59,285.665,67340
2026-09-21T17:00,285.66,285.73,285.565,285.58,87982
2026-09-21T17:05,285.5793,285.71,285.578,285.69,70616
2026-09-21T17:10,285.69,285.865,285.68,285.82,109624
2026-09-21T17:15,285.81,285.815,285.675,285.7,81364
2026-09-21T17:20,285.71,285.74,285.615,285.63,187887
2026-09-21T17:25,285.64,285.69,285.54,285.56,85773
2026-09-21T17:30,285.55,285.58,285.44,285.445,359081
2026-09-21T17:35,285.445,285.48,285.315,285.32,244443
2026-09-21T17:40,285.32,285.47,285.28,285.465,245898
2026-09-21T17:45,285.455,285.54,285.4,285.44,455595
2026-09-21T17:50,285.43,285.65,285.41,285.61,268416
2026-09-21T17:55,285.6,285.63,285.5,285.62,255220
2026-09-21T18:00,285.6299,285.69,285.545,285.645,133943
2026-09-21T18:05,285.6599,285.91,285.6599,285.87,176485
2026-09-21T18:10,285.875,286.0,285.87,285.95,125518
2026-09-21T18:15,285.96,286.08,285.94,286.08,102894
2026-09-21T18:20,286.085,286.23,286.075,286.16,277758
2026-09-21T18:25,286.15,286.175,286.08,286.16,165024
2026-09-21T18:30,286.17,286.24,286.07,286.1,133003
2026-09-21T18:35,286.11,286.12,285.95,286.02,141089
2026-09-21T18:40,286.015,286.21,286.0,286.205,195840
2026-09-21T18:45,286.21,286.335,286.21,286.3,276841
2026-09-21T18:50,286.31,286.36,286.25,286.315,120253
2026-09-21T18:55,286.315,286.39,286.29,286.3,154557
2026-09-21T19:00,286.305,286.448,286.305,286.42,293225
2026-09-21T19:05,286.425,286.44,286.22,286.25,225352
2026-09-21T19:10,286.24,286.25,286.12,286.25,209543
2026-09-21T19:15,286.245,286.37,286.2,286.31,194483
2026-09-21T19:20,286.31,286.37,286.15,286.16,157396
2026-09-21T19:25,286.165,286.165,286.055,286.065,169693
2026-09-21T19:30,286.065,286.21,286.04,286.14,311038
2026-09-21T19:35,286.13,286.36,286.0984,286.33,286854
2026-09-21T19:40,286.325,286.39,286.2,286.235,224486
2026-09-21T19:45,286.235,286.2751,286.025,286.05,302901
2026-09-21T19:50,286.04,286.04,285.695,285.7092,689390
2026-09-21T19:55,285.7,285.79,285.49,285.58,2090351
2026-09-22T13:30,287.81,287.89,286.86,287.15,931542
2026-09-22T13:35,287.1699,287.9125,287.13,287.68,632312
2026-09-22T13:40,287.69,287.69,287.17,287.48,436249
2026-09-22T13:45,287.47,287.64,286.995,287.57,421959
2026-09-22T13:50,287.58,288.28,287.42,288.27,501393
2026-09-22T13:55,288.255,288.3668,287.9704,288.16,542094
2026-09-22T14:00,288.15,288.63,288.08,288.32,613108
2026-09-22T14:05,288.33,288.61,288.225,288.33,232785
2026-09-22T14:10,288.34,288.92,288.27,288.72,340615
2026-09-22T14:15,288.705,288.705,287.85,287.93,301724
2026-09-22T14:20,287.929,287.935,287.4404,287.58,344258
2026-09-22T14:25,287.575,287.575,287.175,287.22,322598
2026-09-22T14:30,287.23,287.365,286.99,287.0,285562
2026-09-22T14:35,287.0166,287.26,286.73,286.76,486988
2026-09-22T14:40,286.75,286.75,286.4,286.45,377755
2026-09-22T14:45,286.4495,286.4495,286.155,286.3,348163
2026-09-22T14:50,286.31,286.345,286.06,286.3,328797
2026-09-22T14:55,286.31,286.64,286.28,286.38,260240
2026-09-22T15:00,286.38,286.52,286.28,286.47,138119
2026-09-22T15:05,286.45,286.68,286.39,286.52,155406
2026-09-22T15:10,286.55,286.78,286.5,286.74,151791
2026-09-22T15:15,286.745,286.801,286.6,286.61,88336
2026-09-22T15:20,286.61,286.745,286.4723,286.7,140607
2026-09-22T15:25,286.73,286.82,286.59,286.635,124517
2026-09-22T15:30,286.645,286.645,286.282,286.285,222818
2026-09-22T15:35,286.265,286.32,286.1484,286.31,138938
2026-09-22T15:40,286.29,286.3172,286.212,286.255,110569
2026-09-22T15:45,286.265,286.33,286.165,286.27,88811
2026-09-22T15:50,286.27,286.44,286.25,286.41,57276
2026-09-22T15:55,286.4105,286.63,286.4,286.56,86663
2026-09-22T16:00,286.56,286.74,286.52,286.56,149510
2026-09-22T16:05,286.56,286.68,286.5,286.54,107154
2026-09-22T16:10,286.54,286.655,286.51,286.55,66169
2026-09-22T16:15,286.54,286.59,286.48,286.58,52928
2026-09-22T16:20,286.57,286.6,286.365,286.42,105264
2026-09-22T16:25,286.4195,286.525,286.4,286.52,43356
2026-09-22T16:30,286.505,286.735,286.492,286.71,105725
2026-09-22T16:35,286.72,286.89,286.7,286.89,85832
2026-09-22T16:40,286.89,286.94,286.76,286.785,274917
2026-09-22T16:45,286.785,287.19,286.735,287.175,441171
2026-09-22T16:50,287.175,287.18,286.9,286.965,128470
2026-09-22T16:55,286.97,287.09,286.885,287.08,383702
2026-09-22T17:00,287.08,287.09,286.88,286.89,147823
2026-09-22T17:05,286.91,287.01,286.75,286.77,94577
2026-09-22T17:10,286.78,286.9,286.77,286.86,229716
2026-09-22T17:15,286.865,286.9,286.75,286.77,234127
2026-09-22T17:20,286.77,286.77,286.655,286.71,852964
2026-09-22T17:25,286.705,286.865,286.69,286.865,123908
2026-09-22T17:30,286.86,286.99,286.855,286.97,83999
2026-09-22T17:35,286.98,287.095,286.94,287.03,66449
2026-09-22T17:40,287.04,287.185,286.985,287.185,58249
2026-09-22T17:45,287.19,287.295,287.12,287.145,98224
2026-09-22T17:50,287.14,287.67,287.08,287.61,437796
2026-09-22T17:55,287.62,287.99,287.56,287.97,524568
2026-09-22T18:00,287.97,288.0575,287.69,288.055,362075
2026-09-22T18:05,288.05,288.13,287.82,287.97,297719
2026-09-22T18:10,287.97,288.005,287.69,287.74,218260
2026-09-22T18:15,287.73,287.905,287.73,287.885,283877
2026-09-22T18:20,287.87,287.87,287.77,287.785,184714
2026-09-22T18:25,287.785,287.81,287.66,287.7,164353
2026-09-22T18:30,287.69,287.8,287.45,287.48,191733
2026-09-22T18:35,287.48,287.49,287.39,287.41,152793
2026-09-22T18:40,287.38,287.46,287.29,287.39,178558
2026-09-22T18:45,287.38,287.47,287.32,287.435,155734
2026-09-22T18:50,287.435,287.4379,287.32,287.42,75692
2026-09-22T18:55,287.42,287.47,287.39,287.43,100939
2026-09-22T19:00,287.43,287.49,287.39,287.455,218993
2026-09-22T19:05,287.45,287.48,287.31,287.315,166670
2026-09-22T19:10,287.32,287.45,287.275,287.39,128835
2026-09-22T19:15,287.39,287.52,287.36,287.52,103039
2026-09-22T19:20,287.51,287.56,287.335,287.37,335947
2026-09-22T19:25,287.38,287.51,287.37,287.445,311238
2026-09-22T19:30,287.445,287.895,287.355,287.88,751705
2026-09-22T19:35,287.885,287.93,287.79,287.92,447239
2026-09-22T19:40,287.915,287.93,287.7,287.745,331466
2026-09-22T19:45,287.745,287.94,287.74,287.77,483926
2026-09-22T19:50,287.77,287.77,287.35,287.35,642658
2026-09-22T19:55,287.34,287.35,287.05,287.21,2084668
2026-09-23T13:30,285.93,286.17,285.13,285.2,804499
2026-09-23T13:35,285.205,285.22,284.57,284.68,502819
2026-09-23T13:40,284.68,284.82,284.34,284.46,208839
2026-09-23T13:45,284.44,284.44,283.83,284.045,417428
2026-09-23T13:50,284.035,284.29,283.88,283.89,365152
2026-09-23T13:55,283.87,284.09,283.87,284.005,277445
2026-09-23T14:00,284.015,284.18,283.85,284.0,289300
2026-09-23T14:05,284.01,284.05,283.71,283.845,555605
2026-09-23T14:10,283.85,284.08,283.64,284.01,256754
2026-09-23T14:15,284.01,284.25,283.815,283.855,553432
2026-09-23T14:20,283.86,283.9,283.525,283.545,418624
2026-09-23T14:25,283.52,283.615,283.29,283.39,247980
2026-09-23T14:30,283.41,283.61,283.28,283.565,226569
2026-09-23T14:35,283.56,283.75,282.98,282.98,367126
2026-09-23T14:40,282.97,283.1,282.79,282.91,390143
2026-09-23T14:45,282.905,282.93,282.685,282.71,210922
2026-09-23T14:50,282.71,283.41,282.605,283.26,465261
2026-09-23T14:55,283.26,283.42,283.07,283.41,406520
2026-09-23T15:00,283.42,283.465,283.15,283.24,173599
2026-09-23T15:05,283.24,283.79,283.17,283.79,184388
2026-09-23T15:10,283.8,283.9,283.705,283.77,282042
2026-09-23T15:15,283.8,284.015,283.78,283.92,146176
2026-09-23T15:20,283.89,283.91,283.65,283.91,112555
2026-09-23T15:25,283.905,284.0,283.46,283.46,201016
2026-09-23T15:30,283.46,283.59,283.365,283.45,127829
2026-09-23T15:35,283.44,283.53,283.2,283.21,148880
2026-09-23T15:40,283.21,283.51,283.17,283.51,86884
2026-09-23T15:45,283.52,283.5799,283.12,283.125,150244
2026-09-23T15:50,283.125,283.14,282.925,283.085,149882
2026-09-23T15:55,283.085,283.24,283.075,283.205,123615
2026-09-23T16:00,283.2,283.2,282.87,282.94,194714
2026-09-23T16:05,282.93,283.08,282.88,283.0,75970
2026-09-23T16:10,282.99,283.1399,282.95,283.13,107197
2026-09-23T16:15,283.11,283.22,282.985,283.09,234760
2026-09-23T16:20,283.085,283.13,283.0,283.075,432879
2026-09-23T16:25,283.0851,283.18,283.02,283.175,94715
2026-09-23T16:30,283.2,283.3482,283.0116,283.03,123489
2026-09-23T16:35,283.035,283.135,282.98,283.09,70925
2026-09-23T16:40,283.1,283.115,282.94,282.94,111036
2026-09-23T16:45,282.93,283.01,282.59,282.605,585247
2026-09-23T16:50,282.605,282.665,282.31,282.31,373384
2026-09-23T16:55,282.32,282.47,282.3,282.465,168061
2026-09-23T17:00,282.46,282.53,281.885,282.04,335195
2026-09-23T17:05,282.035,282.205,281.97,282.1,253880
2026-09-23T17:10,282.1,282.165,281.995,282.08,154680
2026-09-23T17:15,282.072,282.51,282.05,282.4701,236801
2026-09-23T17:20,282.495,282.655,282.27,282.55,684843
2026-09-23T17:25,282.55,282.5601,282.43,282.49,113743
2026-09-23T17:30,282.42,282.43,282.315,282.38,124686
2026-09-23T17:35,282.35,282.4088,282.14,282.15,161357
2026-09-23T17:40,282.15,282.835,282.08,282.74,320493
2026-09-23T17:45,282.73,282.87,282.655,282.75,212148
2026-09-23T17:50,282.76,282.87,282.735,282.83,104021
2026-09-23T17:55,282.83,283.03,282.74,282.98,168976
2026-09-23T18:00,283.0,283.015,282.5899,282.595,98005
2026-09-23T18:05,282.58,282.665,282.54,282.615,60656
2026-09-23T18:10,282.63,282.685,282.4816,282.605,152320
2026-09-23T18:15,282.6,282.715,282.545,282.635,186391
2026-09-23T18:20,282.64,282.6476,282.5,282.5883,119880
2026-09-23T18:25,282.6,282.645,282.47,282.51,124024
2026-09-23T18:30,282.51,282.535,282.33,282.44,133536
2026-09-23T18:35,282.44,282.46,282.2499,282.2499,102170
2026-09-23T18:40,282.245,282.335,282.215,282.26,229780
2026-09-23T18:45,282.27,282.3324,282.14,282.285,188357
2026-09-23T18:50,282.29,282.345,282.22,282.345,323528
2026-09-23T18:55,282.355,282.65,282.34,282.63,131098
2026-09-23T19:00,282.625,282.71,282.2932,282.305,178683
2026-09-23T19:05,282.31,282.56,282.24,282.48,148792
2026-09-23T19:10,282.464,282.67,282.46,282.625,106318
2026-09-23T19:15,282.62,282.63,282.405,282.43,266938
2026-09-23T19:20,282.43,282.48,282.345,282.44,129420
2026-09-23T19:25,282.445,282.49,282.335,282.415,177735
2026-09-23T19:30,282.42,282.515,282.335,282.43,185591
2026-09-23T19:35,282.43,282.43,282.305,282.335,184868
2026-09-23T19:40,282.345,282.46,282.0901,282.125,816570
2026-09-23T19:45,282.125,282.23,281.98,282.21,381330
2026-09-23T19:50,282.22,282.26,281.99,281.9937,465547
2026-09-23T19:55,281.995,282.09,281.84,281.92,2780983
