time_et,open,high,low,close,volume
2025-11-14 05:30:00,236.27,236.37,236.13,236.15,2285.0
2025-11-14 05:45:00,236.2,236.2,236.17,236.17,150.0
2025-11-14 06:00:00,235.85,235.85,235.28,235.28,615.0
2025-11-14 06:15:00,235.39,235.39,235.0,235.21,889.0
2025-11-14 06:30:00,235.06,235.22,234.82,234.88,1151.0
2025-11-14 06:45:00,234.75,235.01,234.61,235.01,4713.0
2025-11-14 07:00:00,235.03,235.03,234.49,234.54,16134.0
2025-11-14 07:15:00,234.59,234.78,234.34,234.76,13915.0
2025-11-14 07:30:00,234.73,234.73,233.8,234.0,18204.0
2025-11-14 07:45:00,234.02,234.32,233.88,234.16,43978.0
2025-11-14 08:00:00,234.13,234.28,233.92,234.1,76561.0
2025-11-14 08:15:00,234.17,234.17,233.5,233.64,38145.0
2025-11-14 08:30:00,233.62,233.7499,233.25,233.27,35949.0
2025-11-14 08:45:00,233.44,234.09,233.305,233.875,31143.0
2025-11-14 09:00:00,233.86,233.9998,233.62,233.65,28168.0
2025-11-14 09:15:00,233.66,233.96,233.3,233.31,73492.0
2025-11-17 04:00:00,238.42,238.47,238.01,238.16,9517.0
2025-11-17 04:15:00,238.2,238.36,238.2,238.36,712.0
2025-11-17 04:30:00,238.41,238.41,238.12,238.13,331.0
2025-11-17 04:45:00,238.19,238.19,238.06,238.06,1779.0
2025-11-17 05:00:00,238.05,238.11,237.98,238.11,1016.0
2025-11-17 05:15:00,237.96,237.96,237.66,237.72,415.0
2025-11-17 05:30:00,237.72,237.78,237.55,237.55,2197.0
2025-11-17 05:45:00,237.55,237.69,237.34,237.46,1298.0
2025-11-17 06:00:00,237.36,237.62,237.36,237.52,1299.0
2025-11-17 06:15:00,237.61,237.69,237.61,237.69,39.0
2025-11-17 06:30:00,237.84,237.84,237.84,237.84,135.0
2025-11-17 06:45:00,237.79,237.93,237.79,237.79,727.0
2025-11-17 07:00:00,237.739,237.754,237.43,237.56,7651.0
2025-11-17 07:15:00,237.61,237.79,237.52,237.69,5893.0
2025-11-17 07:30:00,237.6,237.6,237.32,237.39,7304.0
2025-11-17 07:45:00,237.42,237.52,237.26,237.47,11432.0
2025-11-17 08:00:00,237.44,237.6,236.9,237.0,47854.0
2025-11-17 08:15:00,236.99,237.3,236.99,237.08,9678.0
2025-11-17 08:30:00,237.06,237.06,236.55,236.57,8390.0
2025-11-17 08:45:00,236.55,236.93,236.47,236.9,17300.0
2025-11-17 09:00:00,236.89,236.89,236.56,236.6,11405.0
2025-11-17 09:15:00,236.6,236.78,236.41,236.44,24484.0
2025-11-18 04:00:00,231.7,231.97,231.67,231.97,2806.0
2025-11-18 04:15:00,232.04,232.14,231.81,231.85,540.0
2025-11-18 04:30:00,231.74,231.74,231.53,231.6,292.0
2025-11-18 04:45:00,231.75,232.0,231.74,231.96,2478.0
2025-11-18 05:00:00,232.09,232.09,231.88,231.88,694.0
2025-11-18 05:15:00,231.85,231.87,231.73,231.84,939.0
2025-11-18 05:30:00,231.83,231.83,231.79,231.8,370.0
2025-11-18 05:45:00,231.91,232.03,231.91,232.03,200.0
2025-11-18 06:00:00,232.12,232.18,232.08,232.18,829.0
2025-11-18 06:15:00,231.74,232.06,231.74,232.06,250.0
2025-11-18 06:30:00,232.0,232.0,231.81,231.89,524.0
2025-11-18 06:45:00,231.9,232.01,231.87,232.01,498.0
2025-11-18 07:00:00,231.84,231.84,231.2,231.2,18090.0
2025-11-18 07:15:00,231.23,231.6,231.22,231.26,6070.0
2025-11-18 07:30:00,231.27,231.52,231.16,231.2,4223.0
2025-11-18 07:45:00,231.17,231.26,230.63,230.78,11673.0
2025-11-18 08:00:00,230.88,231.51,230.8033,231.33,30518.0
2025-11-18 08:15:00,231.32,231.65,231.32,231.4,20103.0
2025-11-18 08:30:00,231.43,231.89,231.255,231.48,15588.0
2025-11-18 08:45:00,231.43,231.91,231.39,231.7,13954.0
2025-11-18 09:00:00,231.63,231.82,231.52,231.64,8367.0
2025-11-18 09:15:00,231.66,231.68,231.28,231.37,18160.0
2025-11-19 04:00:00,233.51,233.95,233.47,233.95,1582.0
2025-11-19 04:15:00,233.95,234.08,233.95,234.08,102.0
2025-11-19 04:30:00,234.19,234.24,233.94,234.11,751.0
2025-11-19 04:45:00,234.28,234.4,234.27,234.39,664.0
2025-11-19 05:00:00,234.46,234.46,234.39,234.39,350.0
2025-11-19 05:15:00,234.56,234.62,234.51,234.6,660.0
2025-11-19 05:30:00,234.51,234.58,234.51,234.58,170.0
2025-11-19 05:45:00,234.63,234.81,234.6,234.79,370.0
2025-11-19 06:00:00,234.68,234.73,234.66,234.66,414.0
2025-11-19 06:15:00,234.86,234.86,234.86,234.86,1.0
2025-11-19 06:30:00,234.65,234.81,234.65,234.71,2095.0
2025-11-19 06:45:00,234.87,234.9,234.62,234.62,745.0
2025-11-19 07:00:00,234.61,234.64,234.46,234.57,4230.0
2025-11-19 07:15:00,234.57,234.64,234.4,234.56,4613.0
2025-11-19 07:30:00,234.55,234.68,234.5,234.6,5941.0
2025-11-19 07:45:00,234.56,234.76,234.5,234.5,1777.0
2025-11-19 08:00:00,234.5912,234.64,234.07,234.07,25264.0
2025-11-19 08:15:00,234.08,234.37,234.04,234.335,3571.0
2025-11-19 08:30:00,234.38,234.53,234.22,234.28,4627.0
2025-11-19 08:45:00,234.37,234.47,234.12,234.2,3286.0
2025-11-19 09:00:00,234.21,234.26,233.85,233.85,32370.0
2025-11-19 09:15:00,233.85,234.04,233.53,233.53,36234.0
2025-11-20 04:00:00,235.43,235.47,235.35,235.47,1318.0
2025-11-20 04:15:00,235.34,235.34,235.03,235.03,275.0
2025-11-20 04:30:00,234.93,234.98,234.87,234.87,641.0
2025-11-20 04:45:00,234.81,234.87,234.72,234.78,456.0
2025-11-20 05:00:00,234.84,234.9,234.8,234.8,339.0
2025-11-20 05:15:00,234.87,235.12,234.87,235.04,272.0
2025-11-20 05:30:00,235.19,235.23,235.19,235.22,230.0
2025-11-20 05:45:00,235.32,235.43,235.31,235.31,188.0
2025-11-20 06:00:00,235.26,235.28,234.91,234.94,298.0
2025-11-20 06:15:00,234.83,234.83,234.63,234.63,110.0
2025-11-20 06:30:00,234.65,234.97,234.62,234.97,413.0
2025-11-20 06:45:00,234.75,234.75,234.56,234.59,1099.0
2025-11-20 07:00:00,234.69,234.82,234.47,234.82,2187.0
2025-11-20 07:15:00,234.67,234.96,234.65,234.939,8325.0
2025-11-20 07:30:00,234.96,235.23,234.92,235.18,3300.0
2025-11-20 07:45:00,235.18,235.57,235.18,235.57,6610.0
2025-11-20 08:00:00,235.43,235.67,235.36,235.43,12236.0
2025-11-20 08:15:00,235.44,235.44,234.94,234.9811,19828.0
2025-11-20 08:30:00,235.22,236.77,235.13,235.77,227090.0
2025-11-20 08:45:00,235.7522,236.59,235.6701,236.46,21205.0
2025-11-20 09:00:00,236.5,236.91,236.5,236.82,21656.0
2025-11-20 09:15:00,236.79,237.33,236.69,237.21,77138.0
2025-11-21 04:00:00,230.44,230.45,229.94,230.0,3700.0
2025-11-21 04:15:00,229.95,230.0,229.68,229.68,1940.0
2025-11-21 04:30:00,229.77,229.77,229.31,229.31,1534.0
2025-11-21 04:45:00,229.15,229.33,229.05,229.21,2191.0
2025-11-21 05:00:00,228.99,228.99,228.28,228.52,3637.0
2025-11-21 05:15:00,228.42,228.49,228.2,228.25,708.0
2025-11-21 05:30:00,228.33,229.1,228.33,229.09,1842.0
2025-11-21 05:45:00,229.0,229.31,228.95,229.28,744.0
2025-11-21 06:00:00,229.36,229.79,229.36,229.79,1107.0
2025-11-21 06:15:00,229.82,229.82,229.39,229.39,567.0
2025-11-21 06:30:00,229.33,229.48,229.09,229.18,11156.0
2025-11-21 06:45:00,229.22,229.22,228.72,228.99,2945.0
2025-11-21 07:00:00,228.94,229.09,228.37,228.7,8977.0
2025-11-21 07:15:00,228.8,228.81,228.23,228.31,8078.0
2025-11-21 07:30:00,228.31,230.55,228.31,230.34,63024.0
2025-11-21 07:45:00,230.31,231.6,230.31,231.33,58469.0
2025-11-21 08:00:00,231.28,231.45,230.49,230.73,124198.0
2025-11-21 08:15:00,230.74,231.35,230.61,230.68,64914.0
2025-11-21 08:30:00,230.69,231.06,230.68,231.05,14761.0
2025-11-21 08:45:00,231.05,231.2,230.9027,230.99,51878.0
2025-11-21 09:00:00,230.93,231.04,230.71,230.75,13428.0
2025-11-21 09:15:00,230.72,230.72,229.93,229.94,217162.0
2025-11-24 04:00:00,237.06,237.06,236.61,236.61,261.0
2025-11-24 04:15:00,236.6,236.6,235.19,235.2,1274.0
2025-11-24 04:30:00,235.31,235.83,235.31,235.57,323.0
2025-11-24 04:45:00,235.72,235.96,235.71,235.96,264.0
2025-11-24 05:00:00,235.87,236.03,235.81,235.81,508.0
2025-11-24 05:15:00,235.86,235.94,235.66,235.66,1874.0
2025-11-24 05:30:00,235.73,235.94,235.48,235.94,805.0
2025-11-24 05:45:00,235.77,235.8,235.71,235.72,1001.0
2025-11-24 06:00:00,235.67,235.71,235.41,235.42,2549.0
2025-11-24 06:15:00,235.45,235.61,235.45,235.59,253.0
2025-11-24 06:30:00,235.48,235.79,235.48,235.79,1476.0
2025-11-24 06:45:00,235.75,235.97,235.75,235.97,362.0
2025-11-24 07:00:00,235.92,236.01,235.75,235.81,5088.0
2025-11-24 07:15:00,235.834,236.34,235.79,236.26,6873.0
2025-11-24 07:30:00,236.26,236.37,236.06,236.15,14115.0
2025-11-24 07:45:00,236.19,236.47,236.13,236.39,9414.0
2025-11-24 08:00:00,236.27,236.72,236.2,236.69,43483.0
2025-11-24 08:15:00,236.72,236.72,236.47,236.6,10472.0
2025-11-24 08:30:00,236.62,236.68,236.33,236.4,6095.0
2025-11-24 08:45:00,236.4,236.52,236.17,236.24,28360.0
2025-11-24 09:00:00,236.2,236.7,236.2,236.56,34462.0
2025-11-24 09:15:00,236.54,236.54,235.97,235.97,22994.0
2025-11-25 04:00:00,239.47,239.71,239.47,239.69,828.0
2025-11-25 04:15:00,239.59,239.59,239.51,239.51,68.0
2025-11-25 04:30:00,239.33,239.38,239.24,239.38,430.0
2025-11-25 04:45:00,239.41,239.41,239.37,239.37,87.0
2025-11-25 05:00:00,239.5,239.69,239.5,239.69,605.0
2025-11-25 05:15:00,239.64,239.72,239.64,239.72,46.0
2025-11-25 05:30:00,239.54,239.96,239.54,239.96,222.0
2025-11-25 05:45:00,239.9,240.03,239.9,240.03,91.0
2025-11-25 06:00:00,240.0,240.0,239.93,239.94,416.0
2025-11-25 06:15:00,239.97,239.97,239.79,239.8,1848.0
2025-11-25 06:30:00,239.78,239.78,239.78,239.78,38.0
2025-11-25 06:45:00,239.88,240.03,239.88,239.99,234.0
2025-11-25 07:00:00,240.08,240.38,240.08,240.38,1321.0
2025-11-25 07:15:00,240.4,240.449,240.36,240.36,604.0
2025-11-25 07:30:00,240.42,241.08,240.07,240.75,11823.0
2025-11-25 07:45:00,240.75,240.95,240.38,240.51,25931.0
2025-11-25 08:00:00,240.39,241.18,240.3799,241.14,26599.0
2025-11-25 08:15:00,241.11,241.35,241.02,241.02,5244.0
2025-11-25 08:30:00,241.27,241.42,240.51,240.54,36573.0
2025-11-25 08:45:00,240.52,240.8896,240.52,240.62,14771.0
2025-11-25 09:00:00,240.67,240.7,240.41,240.49,285637.0
2025-11-25 09:15:00,240.45,240.77,240.34,240.77,51103.0
2025-11-26 04:00:00,245.96,245.96,245.69,245.69,799.0
2025-11-26 04:15:00,245.69,245.73,245.57,245.57,291.0
2025-11-26 04:30:00,245.74,245.84,245.74,245.84,45.0
2025-11-26 04:45:00,245.79,245.79,245.67,245.67,246.0
2025-11-26 05:00:00,245.6,245.6,245.6,245.6,3317.0
2025-11-26 05:15:00,245.72,245.72,245.72,245.72,8.0
2025-11-26 05:30:00,245.64,245.84,245.64,245.74,585.0
2025-11-26 05:45:00,245.75,245.75,245.74,245.74,270.0
2025-11-26 06:00:00,245.71,245.71,245.71,245.71,6.0
2025-11-26 06:15:00,245.7,245.7,245.66,245.66,307.0
2025-11-26 06:30:00,245.53,245.62,245.51,245.62,165.0
2025-11-26 06:45:00,245.81,245.81,245.49,245.49,419.0
2025-11-26 07:00:00,245.53,245.58,245.06,245.06,3388.0
2025-11-26 07:15:00,245.05,245.11,245.0,245.11,1573.0
2025-11-26 07:30:00,245.02,245.11,244.88,245.11,3577.0
2025-11-26 07:45:00,245.15,245.31,245.15,245.25,2796.0
2025-11-26 08:00:00,245.3108,245.38,245.1291,245.22,23187.0
2025-11-26 08:15:00,245.23,245.41,245.21,245.4,10551.0
2025-11-26 08:30:00,245.37,245.39,245.12,245.15,14572.0
2025-11-26 08:45:00,245.23,245.25,245.03,245.1,5823.0
2025-11-26 09:00:00,245.15,245.24,244.9,244.99,8907.0
2025-11-26 09:15:00,245.0,245.18,244.79,245.04,45440.0
2025-11-28 04:00:00,247.92,248.02,247.92,248.02,343.0
2025-11-28 04:15:00,247.93,247.97,247.93,247.97,95.0
2025-11-28 04:30:00,247.94,247.94,247.92,247.92,150.0
2025-11-28 04:45:00,247.95,247.95,247.95,247.95,60.0
2025-11-28 05:00:00,247.97,247.97,247.97,247.97,50.0
2025-11-28 05:15:00,247.99,248.0,247.96,248.0,120.0
2025-11-28 05:30:00,248.0,248.0,247.99,247.99,137.0
2025-11-28 05:45:00,247.92,247.92,247.75,247.75,162.0
2025-11-28 06:00:00,247.75,247.83,247.75,247.83,1390.0
2025-11-28 06:15:00,247.75,247.75,247.68,247.68,700.0
2025-11-28 06:30:00,247.77,247.77,247.77,247.77,50.0
2025-11-28 06:45:00,247.81,247.81,247.76,247.76,150.0
2025-11-28 07:00:00,247.71,247.89,247.68,247.89,1077.0
2025-11-28 07:15:00,247.99,248.04,247.87,248.04,503.0
2025-11-28 07:30:00,248.01,248.12,248.0,248.07,636.0
2025-11-28 08:00:00,248.0,248.19,247.6256,248.0395,4280.0
2025-11-28 08:15:00,247.9618,248.04,247.8075,247.98,968.0
2025-11-28 08:30:00,248.01,248.21,247.84,247.9637,5248.0
2025-11-28 08:45:00,247.96,248.07,247.84,247.94,1983.0
2025-11-28 09:00:00,247.9952,248.09,247.95,247.95,3851.0
2025-11-28 09:15:00,248.01,248.09,247.56,247.94,15665.0
2025-12-01 04:00:00,246.85,246.99,246.78,246.99,231.0
2025-12-01 04:15:00,247.05,247.05,246.91,246.91,124.0
2025-12-01 04:30:00,246.88,246.88,246.69,246.7,205.0
2025-12-01 04:45:00,246.69,246.73,246.64,246.64,205.0
2025-12-01 05:00:00,246.71,246.84,246.71,246.84,1706.0
2025-12-01 05:15:00,246.76,246.76,246.76,246.76,90.0
2025-12-01 05:30:00,246.8,246.8,246.67,246.67,164.0
2025-12-01 05:45:00,246.8,246.81,246.58,246.58,322.0
2025-12-01 06:00:00,246.51,246.51,246.31,246.41,438.0
2025-12-01 06:15:00,246.28,246.31,246.24,246.3,232.0
2025-12-01 06:30:00,246.28,246.31,246.28,246.3,2180.0
2025-12-01 06:45:00,246.36,246.52,246.3,246.45,2555.0
2025-12-01 07:00:00,246.43,246.56,246.0,246.19,10536.0
2025-12-01 07:15:00,246.2,246.27,246.09,246.11,12833.0
2025-12-01 07:30:00,246.03,246.05,245.94,245.99,2026.0
2025-12-01 07:45:00,245.94,246.03,245.81,245.89,9900.0
2025-12-01 08:00:00,245.98,246.02,245.54,245.99,45835.0
2025-12-01 08:15:00,246.02,246.32,246.01,246.17,28968.0
2025-12-01 08:30:00,246.14,246.14,245.91,246.07,7200.0
2025-12-01 08:45:00,246.03,246.17,245.93,246.15,11287.0
2025-12-01 09:00:00,246.15,246.17,245.96,246.12,14919.0
2025-12-01 09:15:00,246.12,246.15,245.42,245.61,62100.0
2025-12-02 04:00:00,246.5,246.76,246.5,246.76,592.0
2025-12-02 04:15:00,246.65,246.88,246.65,246.85,302.0
2025-12-02 04:30:00,246.82,246.82,246.53,246.53,1459.0
2025-12-02 04:45:00,246.69,246.78,246.69,246.78,318.0
2025-12-02 05:00:00,246.63,246.63,246.63,246.63,10.0
2025-12-02 05:15:00,246.63,246.66,246.57,246.66,120.0
2025-12-02 05:30:00,246.76,246.76,246.76,246.76,3.0
2025-12-02 05:45:00,246.92,247.09,246.88,247.08,654.0
2025-12-02 06:00:00,247.08,247.1,247.01,247.01,10483.0
2025-12-02 06:15:00,246.97,247.14,246.97,247.14,236.0
2025-12-02 06:30:00,247.14,247.14,246.93,246.99,365.0
2025-12-02 06:45:00,246.98,247.0,246.97,246.99,201.0
2025-12-02 07:00:00,246.98,246.98,246.86,246.9,1972.0
2025-12-02 07:15:00,246.889,246.95,246.86,246.95,4447.0
2025-12-02 07:30:00,246.88,246.91,246.69,246.75,2062.0
2025-12-02 07:45:00,246.78,246.95,246.69,246.92,12882.0
2025-12-02 08:00:00,246.9805,247.02,246.7969,246.91,13414.0
2025-12-02 08:15:00,246.9409,246.98,246.86,246.9597,3433.0
2025-12-02 08:30:00,247.01,247.25,246.94,247.25,18142.0
2025-12-02 08:45:00,247.2538,247.39,247.12,247.37,384039.0
2025-12-02 09:00:00,247.34,247.54,247.33,247.42,20566.0
2025-12-02 09:15:00,247.42,247.51,247.19,247.19,25462.0
2025-12-03 04:00:00,246.17,246.17,245.9,245.94,210.0
2025-12-03 04:15:00,245.86,245.93,245.86,245.93,80.0
2025-12-03 04:30:00,246.03,246.19,246.03,246.19,698.0
2025-12-03 04:45:00,246.02,246.02,246.02,246.02,100.0
2025-12-03 05:00:00,246.08,246.08,246.08,246.08,11.0
2025-12-03 05:15:00,245.94,245.94,245.92,245.92,52.0
2025-12-03 05:30:00,246.01,246.01,245.97,245.97,255.0
2025-12-03 05:45:00,245.66,245.66,245.66,245.66,2.0
2025-12-03 06:00:00,245.8,245.84,245.79,245.79,87.0
2025-12-03 06:15:00,245.93,246.06,245.93,246.06,87.0
2025-12-03 06:30:00,246.05,246.05,246.03,246.05,86.0
2025-12-03 06:45:00,246.09,246.2,246.06,246.16,1079.0
2025-12-03 07:00:00,246.07,246.29,246.01,246.27,1209.0
2025-12-03 07:15:00,246.29,246.41,246.24,246.38,592.0
2025-12-03 07:30:00,246.41,246.52,246.39,246.49,2477.0
2025-12-03 07:45:00,246.49,246.57,246.44,246.47,3749.0
2025-12-03 08:00:00,246.41,246.5351,246.31,246.48,18057.0
2025-12-03 08:15:00,246.43,246.47,246.08,246.3,8698.0
2025-12-03 08:30:00,246.3,246.5292,246.16,246.489,1700.0
2025-12-03 08:45:00,246.42,246.559,246.34,246.34,4653.0
2025-12-03 09:00:00,246.34,246.42,245.04,245.7,106441.0
2025-12-03 09:15:00,245.66,246.24,245.4701,245.78,56923.0
2025-12-04 04:00:00,249.51,249.55,249.5,249.55,223.0
2025-12-04 04:15:00,249.4,249.7,249.4,249.7,47.0
2025-12-04 04:30:00,249.6,249.71,249.6,249.71,78.0
2025-12-04 04:45:00,249.75,249.75,249.75,249.75,20.0
2025-12-04 05:00:00,249.64,249.73,249.64,249.68,390.0
2025-12-04 05:15:00,249.67,249.67,249.63,249.63,35.0
2025-12-04 05:45:00,249.58,249.62,249.56,249.57,351.0
2025-12-04 06:00:00,249.54,249.61,249.54,249.6,60.0
2025-12-04 06:15:00,249.44,249.48,249.38,249.39,2214.0
2025-12-04 06:30:00,249.35,249.38,249.11,249.23,1211.0
2025-12-04 07:00:00,249.47,249.6,249.4,249.6,1144.0
2025-12-04 07:15:00,249.57,249.6,249.57,249.59,2749.0
2025-12-04 07:30:00,249.56,249.66,249.49,249.66,5848.0
2025-12-04 07:45:00,249.63,249.63,249.41,249.45,4174.0
2025-12-04 08:00:00,249.44,249.58,249.06,249.07,25709.0
2025-12-04 08:15:00,249.09,249.31,249.03,249.3,6708.0
2025-12-04 08:30:00,249.29,249.29,248.71,248.8,23545.0
2025-12-04 08:45:00,248.8,248.87,248.67,248.81,12005.0
2025-12-04 09:00:00,248.81,249.24,248.76,249.22,28719.0
2025-12-04 09:15:00,249.2197,249.27,248.87,249.0,50595.0
2025-12-05 04:00:00,251.7,251.78,251.7,251.72,858.0
2025-12-05 04:15:00,251.7,251.83,251.7,251.83,199.0
2025-12-05 04:30:00,251.82,251.82,251.69,251.69,77.0
2025-12-05 04:45:00,251.77,251.77,251.77,251.77,17.0
2025-12-05 05:00:00,251.83,251.87,251.82,251.87,244.0
2025-12-05 05:15:00,251.85,251.89,251.85,251.89,102.0
2025-12-05 05:30:00,251.85,251.85,251.85,251.85,15.0
2025-12-05 05:45:00,251.87,251.87,251.87,251.87,1.0
2025-12-05 06:00:00,251.9,251.98,251.9,251.98,220.0
2025-12-05 06:15:00,251.93,252.03,251.93,252.02,603.0
2025-12-05 06:30:00,251.96,251.96,251.93,251.93,235.0
2025-12-05 06:45:00,251.91,251.91,251.82,251.86,866.0
2025-12-05 07:00:00,251.84,251.87,251.82,251.834,1293.0
2025-12-05 07:15:00,251.79,251.79,251.569,251.67,6684.0
2025-12-05 07:30:00,251.67,251.69,251.63,251.64,2827.0
2025-12-05 07:45:00,251.66,251.98,251.62,251.97,8474.0
2025-12-05 08:00:00,252.03,252.16,251.7651,252.11,18586.0
2025-12-05 08:15:00,252.12,252.185,251.88,252.1,10698.0
2025-12-05 08:30:00,252.06,252.07,251.4343,251.47,23092.0
2025-12-05 08:45:00,251.46,251.54,251.26,251.39,24352.0
2025-12-05 09:00:00,251.38,251.55,251.29,251.49,23753.0
2025-12-05 09:15:00,251.5292,251.585,251.35,251.55,21517.0
2025-12-08 04:00:00,251.48,251.54,251.41,251.53,543.0
2025-12-08 04:15:00,251.52,251.58,251.52,251.57,100.0
2025-12-08 04:30:00,251.69,251.71,251.65,251.65,507.0
2025-12-08 04:45:00,251.61,251.65,251.61,251.65,173.0
2025-12-08 05:15:00,251.61,251.78,251.61,251.78,223.0
2025-12-08 05:30:00,251.75,251.86,251.75,251.82,283.0
2025-12-08 05:45:00,251.86,251.88,251.85,251.85,503.0
2025-12-08 06:00:00,251.81,251.81,251.79,251.79,111.0
2025-12-08 06:15:00,251.89,251.9,251.76,251.76,255.0
2025-12-08 06:30:00,251.78,251.86,251.78,251.86,920.0
2025-12-08 06:45:00,251.9,252.0,251.86,252.0,389.0
2025-12-08 07:00:00,251.88,252.04,251.78,251.9,7892.0
2025-12-08 07:15:00,251.89,251.95,251.87,251.9,2964.0
2025-12-08 07:30:00,251.9,251.96,251.87,251.96,4824.0
2025-12-08 07:45:00,251.96,252.06,251.92,251.95,7374.0
2025-12-08 08:00:00,251.98,252.05,251.8295,251.9895,16807.0
2025-12-08 08:15:00,252.0,252.25,252.0,252.25,8623.0
2025-12-08 08:30:00,252.28,252.3,251.92,252.0288,4562.0
2025-12-08 08:45:00,252.03,252.33,252.03,252.29,17158.0
2025-12-08 09:00:00,252.289,252.78,252.289,252.71,14751.0
2025-12-08 09:15:00,252.71,252.92,252.56,252.59,40918.0
2025-12-09 04:00:00,250.82,250.82,250.82,250.82,100.0
2025-12-09 04:30:00,250.87,250.87,250.76,250.76,107.0
2025-12-09 05:00:00,250.76,250.76,250.76,250.76,38.0
2025-12-09 05:15:00,250.85,250.85,250.78,250.78,130.0
2025-12-09 05:30:00,250.95,250.95,250.21,250.95,2749.0
2025-12-09 05:45:00,251.18,251.33,251.18,251.33,7422.0
2025-12-09 06:00:00,251.35,251.35,251.26,251.26,4746.0
2025-12-09 06:15:00,251.21,251.27,251.21,251.27,55.0
2025-12-09 06:30:00,251.24,251.28,251.22,251.22,200.0
2025-12-09 06:45:00,251.25,251.25,251.25,251.25,100.0
2025-12-09 07:00:00,251.18,251.18,251.1,251.13,308.0
2025-12-09 07:15:00,251.1,251.1,251.0,251.0,282.0
2025-12-09 07:30:00,250.97,251.0,250.88,250.95,6711.0
2025-12-09 07:45:00,250.91,251.03,250.8,251.03,5277.0
2025-12-09 08:00:00,250.8312,251.005,250.76,250.93,34707.0
2025-12-09 08:15:00,250.9049,250.95,250.75,250.81,5515.0
2025-12-09 08:30:00,250.83,250.86,250.37,250.5502,7861.0
2025-12-09 08:45:00,250.64,250.65,250.51,250.59,2950.0
2025-12-09 09:00:00,250.55,250.57,250.21,250.21,13677.0
2025-12-09 09:15:00,250.2203,250.33,250.06,250.11,69930.0
2025-12-10 04:00:00,251.05,251.11,250.9,250.9,815.0
2025-12-10 04:30:00,251.0,251.0,251.0,251.0,25.0
2025-12-10 04:45:00,251.05,251.09,250.93,250.93,126.0
2025-12-10 05:00:00,251.06,251.09,251.04,251.09,500.0
2025-12-10 05:15:00,250.65,250.65,250.58,250.6,172.0
2025-12-10 05:30:00,250.5,250.72,250.5,250.72,57.0
2025-12-10 05:45:00,250.67,250.76,250.64,250.64,486.0
2025-12-10 06:00:00,250.7,250.93,250.67,250.89,630.0
2025-12-10 06:30:00,251.04,251.04,251.04,251.04,90.0
2025-12-10 06:45:00,250.99,251.04,250.99,251.04,68.0
2025-12-10 07:00:00,251.02,251.05,250.92,250.92,2632.0
2025-12-10 07:15:00,250.9,250.95,250.85,250.95,12053.0
2025-12-10 07:30:00,250.93,250.93,250.76,250.76,2052.0
2025-12-10 07:45:00,250.76,250.85,250.74,250.85,48.0
2025-12-10 08:00:00,250.8597,250.97,250.7,250.77,10840.0
2025-12-10 08:15:00,250.859,251.29,250.84,251.19,13268.0
2025-12-10 08:30:00,251.23,251.34,251.0297,251.06,4052.0
2025-12-10 08:45:00,251.089,251.09,250.91,250.91,4037.0
2025-12-10 09:00:00,250.91,250.97,250.63,250.64,24453.0
2025-12-10 09:15:00,250.6376,250.89,250.4384,250.84,30145.0
2025-12-11 04:00:00,254.6,254.67,254.59,254.59,921.0
2025-12-11 04:15:00,254.69,254.84,254.69,254.84,334.0
2025-12-11 04:30:00,254.62,254.8,254.62,254.66,211.0
2025-12-11 04:45:00,254.63,254.89,254.63,254.85,799.0
2025-12-11 05:00:00,254.75,254.75,254.68,254.68,271.0
2025-12-11 05:15:00,254.75,254.75,254.67,254.67,11.0
2025-12-11 05:30:00,254.6,254.61,254.49,254.49,1137.0
2025-12-11 05:45:00,254.49,254.63,254.49,254.51,852.0
2025-12-11 06:00:00,254.67,254.67,254.67,254.67,76.0
2025-12-11 06:15:00,254.57,254.63,254.47,254.63,502.0
2025-12-11 06:30:00,254.59,254.59,254.5,254.58,209.0
2025-12-11 06:45:00,254.69,254.69,254.68,254.68,179.0
2025-12-11 07:00:00,254.64,255.16,254.62,255.15,22293.0
2025-12-11 07:15:00,255.15,255.28,255.04,255.28,21017.0
2025-12-11 07:30:00,255.24,255.49,255.23,255.44,2985.0
2025-12-11 07:45:00,255.24,255.33,255.11,255.32,8627.0
2025-12-11 08:00:00,255.08,255.3701,254.69,254.77,35266.0
2025-12-11 08:15:00,254.8,255.0094,254.8,254.85,10432.0
2025-12-11 08:30:00,254.85,254.91,254.29,254.33,40937.0
2025-12-11 08:45:00,254.33,254.47,254.16,254.29,23104.0
2025-12-11 09:00:00,254.3,254.55,254.09,254.55,53156.0
2025-12-11 09:15:00,254.55,254.74,254.41,254.69,68451.0
2025-12-12 04:00:00,258.61,258.66,258.43,258.53,1081.0
2025-12-12 04:15:00,258.43,258.45,258.36,258.36,135.0
2025-12-12 04:30:00,258.21,258.21,258.03,258.03,4563.0
2025-12-12 04:45:00,258.02,258.19,258.02,258.19,786.0
2025-12-12 05:00:00,258.43,258.44,258.43,258.44,120.0
2025-12-12 05:15:00,258.33,258.33,258.23,258.33,469.0
2025-12-12 05:45:00,258.33,258.6,258.33,258.55,455.0
2025-12-12 06:00:00,258.69,258.69,258.63,258.63,181.0
2025-12-12 06:15:00,258.76,258.77,258.66,258.66,2980.0
2025-12-12 06:30:00,258.6,258.61,258.32,258.49,1683.0
2025-12-12 06:45:00,258.37,258.44,258.31,258.31,268.0
2025-12-12 07:00:00,258.3,258.47,258.12,258.44,1218.0
2025-12-12 07:15:00,258.48,258.48,258.28,258.32,4018.0
2025-12-12 07:30:00,258.25,258.25,258.12,258.12,1882.0
2025-12-12 07:45:00,258.11,258.17,257.93,258.09,6988.0
2025-12-12 08:00:00,258.2294,258.32,258.02,258.26,56520.0
2025-12-12 08:15:00,258.25,258.34,258.11,258.12,24696.0
2025-12-12 08:30:00,258.1297,258.16,257.89,258.01,6148.0
2025-12-12 08:45:00,258.01,258.026,257.79,257.9968,24403.0
2025-12-12 09:00:00,257.98,258.16,257.94,258.14,11205.0
2025-12-12 09:15:00,258.13,258.24,257.94,258.01,35061.0
2025-12-15 04:00:00,255.23,255.43,255.2,255.43,276.0
2025-12-15 04:15:00,255.72,255.72,255.44,255.44,969.0
2025-12-15 04:30:00,255.64,255.64,255.63,255.63,67.0
2025-12-15 04:45:00,255.69,255.75,255.69,255.71,77.0
2025-12-15 05:00:00,255.63,255.63,255.63,255.63,148.0
2025-12-15 05:15:00,255.83,255.83,255.62,255.62,310.0
2025-12-15 05:30:00,255.62,255.67,255.5,255.5,625.0
2025-12-15 06:00:00,255.74,255.76,255.71,255.71,140.0
2025-12-15 06:15:00,255.65,255.65,255.65,255.65,50.0
2025-12-15 06:30:00,255.57,255.63,255.57,255.62,175.0
2025-12-15 06:45:00,255.56,255.7,255.56,255.67,1193.0
2025-12-15 07:00:00,255.63,255.67,255.53,255.53,1008.0
2025-12-15 07:15:00,255.6,255.78,255.6,255.67,4909.0
2025-12-15 07:30:00,255.74,256.13,255.74,256.11,6584.0
2025-12-15 07:45:00,256.11,256.12,255.82,255.95,11387.0
2025-12-15 08:00:00,256.02,256.08,255.71,255.96,22635.0
2025-12-15 08:15:00,255.93,255.97,255.75,255.93,10865.0
2025-12-15 08:30:00,255.96,256.02,255.83,255.93,12493.0
2025-12-15 08:45:00,255.94,256.15,255.86,256.07,17520.0
2025-12-15 09:00:00,255.95,256.26,255.95,256.11,17201.0
2025-12-15 09:15:00,256.11,256.13,255.43,255.45,34638.0
2025-12-16 04:00:00,250.35,250.43,250.28,250.43,1339.0
2025-12-16 04:15:00,250.34,250.4,250.34,250.34,887.0
2025-12-16 04:30:00,250.33,250.39,250.16,250.16,494.0
2025-12-16 04:45:00,250.19,250.19,250.0,250.0,294.0
2025-12-16 05:00:00,249.95,250.17,249.95,250.08,453.0
2025-12-16 05:15:00,250.33,250.33,250.33,250.33,88.0
2025-12-16 05:30:00,250.36,250.37,250.36,250.37,107.0
2025-12-16 05:45:00,250.45,250.45,250.44,250.44,87.0
2025-12-16 06:00:00,250.29,250.31,250.26,250.31,131.0
2025-12-16 06:15:00,250.36,250.4,250.36,250.4,110.0
2025-12-16 06:30:00,250.6,250.6,250.6,250.6,100.0
2025-12-16 06:45:00,250.61,250.61,250.61,250.61,180.0
2025-12-16 07:00:00,250.8,250.91,250.72,250.91,1000.0
2025-12-16 07:15:00,250.89,250.9,250.8,250.8,323.0
2025-12-16 07:30:00,250.84,250.84,250.84,250.84,110.0
2025-12-16 07:45:00,250.93,250.93,250.799,250.82,378.0
2025-12-16 08:00:00,250.7202,250.97,250.69,250.84,15392.0
2025-12-16 08:15:00,250.85,250.98,250.68,250.875,11097.0
2025-12-16 08:30:00,251.25,252.35,250.62,250.63,142329.0
2025-12-16 08:45:00,250.62,251.08,250.6,250.92,29741.0
2025-12-16 09:00:00,250.83,250.99,250.65,250.84,74545.0
2025-12-16 09:15:00,250.8,251.04,250.22,250.24,38844.0
2025-12-17 04:00:00,250.2,250.27,250.16,250.18,894.0
2025-12-17 04:15:00,250.37,250.52,250.37,250.43,231.0
2025-12-17 04:30:00,250.4,250.5,250.36,250.5,1214.0
2025-12-17 04:45:00,250.58,250.58,250.58,250.58,50.0
2025-12-17 05:00:00,250.57,250.58,250.57,250.58,517.0
2025-12-17 05:15:00,250.73,250.73,250.59,250.64,500.0
2025-12-17 05:30:00,250.56,250.56,250.54,250.54,100.0
2025-12-17 05:45:00,250.61,250.68,250.61,250.68,209.0
2025-12-17 06:00:00,250.73,250.73,250.56,250.56,150.0
2025-12-17 06:15:00,250.48,250.6,250.48,250.52,1553.0
2025-12-17 06:30:00,250.55,250.73,250.55,250.67,4452.0
2025-12-17 06:45:00,250.61,250.72,250.61,250.72,139.0
2025-12-17 07:00:00,250.75,250.76,250.58,250.72,1954.0
2025-12-17 07:15:00,250.72,250.79,250.68,250.74,2727.0
2025-12-17 07:30:00,250.85,251.03,250.85,251.01,8045.0
2025-12-17 07:45:00,251.02,251.2,251.02,251.06,21375.0
2025-12-17 08:00:00,250.93,251.17,250.84,250.96,31966.0
2025-12-17 08:15:00,251.0,251.26,250.67,251.1,67666.0
2025-12-17 08:30:00,251.09,251.2,250.8,250.96,31496.0
2025-12-17 08:45:00,250.95,251.28,250.81,250.98,12646.0
2025-12-17 09:00:00,250.94,251.02,250.72,250.72,13518.0
2025-12-17 09:15:00,250.72,250.75,250.26,250.29,43794.0
2025-12-18 04:00:00,247.94,248.01,247.88,247.99,1754.0
2025-12-18 04:15:00,247.88,247.9,247.81,247.9,319.0
2025-12-18 04:30:00,248.06,248.1,248.05,248.05,179.0
2025-12-18 05:00:00,248.27,248.27,248.15,248.2,800.0
2025-12-18 05:15:00,248.18,248.18,248.14,248.14,898.0
2025-12-18 05:30:00,248.14,248.14,248.03,248.07,197.0
2025-12-18 05:45:00,248.05,248.05,247.86,247.86,268.0
2025-12-18 06:00:00,247.91,247.92,247.87,247.91,612.0
2025-12-18 06:15:00,248.08,248.08,248.02,248.05,129.0
2025-12-18 06:30:00,248.09,248.13,248.09,248.12,1321.0
2025-12-18 06:45:00,248.11,248.36,248.11,248.36,10484.0
2025-12-18 07:00:00,248.32,248.33,248.22,248.24,1374.0
2025-12-18 07:15:00,248.19,248.23,248.1,248.1,1476.0
2025-12-18 07:30:00,248.13,248.23,248.03,248.09,880.0
2025-12-18 07:45:00,248.06,248.06,247.85,247.91,2277.0
2025-12-18 08:00:00,247.98,248.1203,247.81,248.1,26676.0
2025-12-18 08:15:00,248.09,248.359,248.09,248.28,18132.0
2025-12-18 08:30:00,248.97,250.78,248.97,250.67,258981.0
2025-12-18 08:45:00,250.67,250.7395,249.81,249.82,109834.0
2025-12-18 09:00:00,249.8,250.43,249.78,250.23,84996.0
2025-12-18 09:15:00,250.29,250.45,250.07,250.14,41066.0
2025-12-19 04:00:00,249.6,249.77,249.6,249.77,302.0
2025-12-19 04:15:00,249.71,249.74,249.71,249.74,50.0
2025-12-19 04:30:00,249.8,249.8,249.8,249.8,27.0
2025-12-19 04:45:00,249.8,249.81,249.77,249.77,308.0
2025-12-19 05:00:00,249.68,249.68,249.58,249.59,430.0
2025-12-19 05:15:00,249.71,249.71,249.68,249.68,29.0
2025-12-19 05:30:00,249.49,249.49,249.49,249.49,10.0
2025-12-19 05:45:00,249.58,249.59,249.58,249.59,125.0
2025-12-19 06:00:00,249.41,249.41,249.23,249.36,299.0
2025-12-19 06:15:00,249.41,249.42,249.28,249.32,2482.0
2025-12-19 06:30:00,249.58,249.58,249.46,249.48,1155.0
2025-12-19 06:45:00,249.45,249.45,249.4,249.4,24.0
2025-12-19 07:00:00,249.39,249.49,249.32,249.44,1667.0
2025-12-19 07:15:00,249.49,249.58,249.339,249.45,3206.0
2025-12-19 07:30:00,249.39,249.39,249.23,249.3,1634.0
2025-12-19 07:45:00,249.39,249.39,248.92,248.98,11394.0
2025-12-19 08:00:00,249.06,249.105,248.88,249.02,22085.0
2025-12-19 08:15:00,249.07,249.27,249.0,249.27,8451.0
2025-12-19 08:30:00,249.275,249.78,249.2,249.57,9793.0
2025-12-19 08:45:00,249.57,249.57,249.24,249.3,11407.0
2025-12-19 09:00:00,249.33,249.39,249.13,249.16,8709.0
2025-12-19 09:15:00,249.18,249.4,248.92,249.15,51885.0
2025-12-22 04:00:00,251.07,251.4,251.07,251.36,1016.0
2025-12-22 04:15:00,251.38,251.65,251.38,251.65,223.0
2025-12-22 04:30:00,251.61,251.63,251.56,251.56,428.0
2025-12-22 04:45:00,251.6,251.75,251.6,251.69,903.0
2025-12-22 05:00:00,251.7,251.8,251.7,251.8,106.0
2025-12-22 05:15:00,251.77,251.78,251.7,251.7,378.0
2025-12-22 05:30:00,251.69,251.69,251.69,251.69,100.0
2025-12-22 05:45:00,251.69,251.73,251.69,251.73,313.0
2025-12-22 06:00:00,251.75,251.79,251.75,251.79,70.0
2025-12-22 06:15:00,251.83,251.83,251.83,251.83,7.0
2025-12-22 06:30:00,251.76,251.81,251.76,251.81,459.0
2025-12-22 06:45:00,251.87,251.92,251.87,251.89,295.0
2025-12-22 07:00:00,251.83,251.95,251.8,251.85,827.0
2025-12-22 07:15:00,251.79,251.93,251.79,251.93,1048.0
2025-12-22 07:30:00,251.9,251.96,251.87,251.93,2270.0
2025-12-22 07:45:00,251.91,252.02,251.87,252.02,1450.0
2025-12-22 08:00:00,251.9389,252.2,251.865,252.15,12649.0
2025-12-22 08:15:00,252.18,252.28,252.06,252.22,3208.0
2025-12-22 08:30:00,252.24,252.24,251.9893,252.15,10094.0
2025-12-22 08:45:00,252.17,252.43,252.17,252.43,12133.0
2025-12-22 09:00:00,252.39,252.58,252.26,252.36,13209.0
2025-12-22 09:15:00,252.35,252.42,252.2,252.23,39046.0
2025-12-23 04:00:00,253.4,253.48,253.39,253.41,1295.0
2025-12-23 04:15:00,253.51,253.51,253.51,253.51,300.0
2025-12-23 04:30:00,253.64,253.64,253.64,253.64,4.0
2025-12-23 05:00:00,253.64,253.69,253.64,253.69,350.0
2025-12-23 05:15:00,253.68,253.68,253.61,253.61,204.0
2025-12-23 05:45:00,253.55,253.55,253.54,253.54,750.0
2025-12-23 06:00:00,253.54,253.54,253.54,253.54,20.0
2025-12-23 06:30:00,253.46,253.46,253.42,253.42,1660.0
2025-12-23 06:45:00,253.27,253.28,253.16,253.16,6090.0
2025-12-23 07:00:00,253.16,253.2,252.969,253.11,5419.0
2025-12-23 07:15:00,253.08,253.15,253.08,253.12,2241.0
2025-12-23 07:30:00,253.07,253.18,253.05,253.11,1240.0
2025-12-23 07:45:00,253.07,253.07,253.02,253.02,104.0
2025-12-23 08:00:00,252.97,253.1836,252.88,252.97,22716.0
2025-12-23 08:15:00,252.89,253.01,252.76,252.9899,5579.0
2025-12-23 08:30:00,253.0,253.09,252.3073,252.46,37305.0
2025-12-23 08:45:00,252.48,252.56,252.12,252.17,21628.0
2025-12-23 09:00:00,252.15,252.23,251.92,252.01,53352.0
2025-12-23 09:15:00,252.02,252.44,252.0,252.39,26779.0
2025-12-24 04:00:00,251.77,251.8,251.76,251.8,1233.0
2025-12-24 04:15:00,251.81,251.83,251.78,251.79,403.0
2025-12-24 04:30:00,251.8,251.8,251.8,251.8,48.0
2025-12-24 04:45:00,251.87,251.87,251.87,251.87,79.0
2025-12-24 05:15:00,251.93,251.93,251.93,251.93,9.0
2025-12-24 06:45:00,251.9,251.9,251.9,251.9,255.0
2025-12-24 07:00:00,251.99,252.04,251.99,252.04,16.0
2025-12-24 07:15:00,252.07,252.2,252.07,252.2,2119.0
2025-12-24 07:30:00,252.16,252.24,252.16,252.21,2664.0
2025-12-24 07:45:00,252.17,252.24,252.17,252.19,1765.0
2025-12-24 08:00:00,252.24,252.25,251.95,252.0,13902.0
2025-12-24 08:15:00,252.0,252.14,251.99,252.14,10599.0
2025-12-24 08:30:00,252.1201,252.19,252.04,252.12,7004.0
2025-12-24 08:45:00,252.1216,252.16,252.07,252.13,5743.0
2025-12-24 09:00:00,252.1,252.2,252.05,252.1803,12478.0
2025-12-24 09:15:00,252.1803,252.1803,251.8,251.86,34061.0
2025-12-26 04:00:00,252.3,252.44,252.29,252.44,1525.0
2025-12-26 04:15:00,252.31,252.31,252.23,252.26,428.0
2025-12-26 04:30:00,252.27,252.28,252.27,252.28,284.0
2025-12-26 04:45:00,252.25,252.33,252.25,252.32,290.0
2025-12-26 05:00:00,252.39,252.45,252.36,252.45,166.0
2025-12-26 05:15:00,252.45,252.48,252.38,252.38,797.0
2025-12-26 05:30:00,252.46,252.5,252.46,252.5,80.0
2025-12-26 05:45:00,252.35,252.35,252.35,252.35,109.0
2025-12-26 06:30:00,252.36,252.36,252.36,252.36,1.0
2025-12-26 06:45:00,252.25,252.3,252.25,252.3,28.0
2025-12-26 07:15:00,252.31,252.34,252.31,252.34,175.0
2025-12-26 07:30:00,252.39,252.39,252.39,252.39,35.0
2025-12-26 07:45:00,252.36,252.36,252.36,252.36,100.0
2025-12-26 08:00:00,252.34,252.45,252.17,252.23,8596.0
2025-12-26 08:15:00,252.25,252.39,252.25,252.3557,2786.0
2025-12-26 08:30:00,252.38,252.4888,252.32,252.4,2621.0
2025-12-26 08:45:00,252.405,252.43,252.32,252.43,1454.0
2025-12-26 09:00:00,252.44,252.46,252.29,252.4108,2663.0
2025-12-26 09:15:00,252.41,252.6,252.19,252.6,7617.0
2025-12-29 04:00:00,251.2,251.43,251.2,251.43,750.0
2025-12-29 04:15:00,251.4,251.49,251.36,251.45,3554.0
2025-12-29 04:45:00,251.45,251.45,251.45,251.45,34.0
2025-12-29 05:15:00,251.5,251.5,251.47,251.47,410.0
2025-12-29 05:45:00,251.31,251.36,251.31,251.36,286.0
2025-12-29 06:00:00,251.38,251.38,251.38,251.38,1.0
2025-12-29 06:15:00,251.39,251.39,251.34,251.34,837.0
2025-12-29 06:30:00,251.39,251.39,251.39,251.39,100.0
2025-12-29 06:45:00,251.38,251.38,251.38,251.38,5.0
2025-12-29 07:00:00,251.4,251.41,251.16,251.2,401.0
2025-12-29 07:15:00,251.16,251.16,251.02,251.02,1226.0
2025-12-29 07:30:00,251.01,251.01,250.66,250.66,451.0
2025-12-29 07:45:00,250.621,250.69,250.53,250.66,5020.0
2025-12-29 08:00:00,250.61,250.89,250.53,250.89,17053.0
2025-12-29 08:15:00,250.84,250.88,250.6971,250.83,3309.0
2025-12-29 08:30:00,250.8,250.86,250.73,250.73,8895.0
2025-12-29 08:45:00,250.72,250.74,250.21,250.66,20274.0
2025-12-29 09:00:00,250.65,250.66,250.38,250.5703,15793.0
2025-12-29 09:15:00,250.55,250.56,250.16,250.19,21198.0
2025-12-30 04:00:00,250.2,250.2,250.2,250.2,15.0
2025-12-30 04:15:00,250.19,250.19,250.19,250.19,9.0
2025-12-30 04:30:00,250.23,250.23,250.21,250.21,195.0
2025-12-30 05:15:00,250.26,250.35,250.26,250.32,174.0
2025-12-30 05:30:00,250.32,250.32,250.32,250.32,11.0
2025-12-30 06:00:00,250.17,250.17,250.17,250.17,30.0
2025-12-30 06:30:00,250.21,250.21,250.21,250.21,50.0
2025-12-30 06:45:00,250.47,250.47,250.43,250.43,260.0
2025-12-30 07:00:00,250.42,250.42,250.38,250.42,385.0
2025-12-30 07:15:00,250.4,250.4,250.34,250.37,527.0
2025-12-30 07:30:00,250.32,250.39,250.27,250.39,1356.0
2025-12-30 07:45:00,250.31,250.319,250.24,250.28,119.0
2025-12-30 08:00:00,250.41,250.41,250.158,250.33,10521.0
2025-12-30 08:15:00,250.31,250.37,250.16,250.18,15503.0
2025-12-30 08:30:00,250.16,250.17,249.9897,250.09,10561.0
2025-12-30 08:45:00,250.095,250.12,250.02,250.12,3480.0
2025-12-30 09:00:00,250.1,250.12,249.93,250.11,2243.0
2025-12-30 09:15:00,250.07,250.12,249.77,249.83,12267.0
2025-12-31 04:00:00,246.94,247.31,246.82,247.27,6557.0
2025-12-31 04:15:00,247.3,247.31,247.3,247.31,130.0
2025-12-31 04:30:00,247.24,247.31,247.24,247.31,1076.0
2025-12-31 05:00:00,247.41,247.41,247.28,247.33,820.0
2025-12-31 05:15:00,247.51,247.51,247.45,247.45,1019.0
2025-12-31 06:00:00,247.4,247.4,247.4,247.4,100.0
2025-12-31 06:15:00,247.51,247.51,247.5,247.5,285.0
2025-12-31 07:00:00,247.53,247.57,247.52,247.52,212.0
2025-12-31 07:30:00,247.77,247.93,247.75,247.82,6601.0
2025-12-31 07:45:00,247.78,247.93,247.77,247.93,2588.0
2025-12-31 08:00:00,247.94,247.94,247.7986,247.88,9823.0
2025-12-31 08:15:00,247.86,247.98,247.84,247.97,2555.0
2025-12-31 08:30:00,247.9322,247.99,247.82,247.97,20331.0
2025-12-31 08:45:00,247.93,248.34,247.93,248.2638,24364.0
2025-12-31 09:00:00,248.26,248.3199,248.15,248.15,4989.0
2025-12-31 09:15:00,248.14,248.3352,248.09,248.09,15972.0
2026-01-02 04:00:00,247.52,247.91,247.52,247.91,1225.0
2026-01-02 04:15:00,247.93,247.93,247.8,247.91,213.0
2026-01-02 04:30:00,247.96,248.14,247.95,248.14,525.0
2026-01-02 04:45:00,248.13,248.24,248.12,248.24,160.0
2026-01-02 05:00:00,248.19,248.19,248.15,248.15,135.0
2026-01-02 05:15:00,248.18,248.18,248.0,248.0,242.0
2026-01-02 05:30:00,248.14,248.19,248.11,248.19,630.0
2026-01-02 05:45:00,248.29,248.37,248.21,248.21,2477.0
2026-01-02 06:00:00,248.38,248.39,248.24,248.24,21.0
2026-01-02 06:15:00,248.13,248.14,248.13,248.14,370.0
2026-01-02 06:30:00,248.14,248.34,248.12,248.34,97.0
2026-01-02 06:45:00,248.3,248.3,248.29,248.3,355.0
2026-01-02 07:00:00,248.28,248.3,248.07,248.19,2619.0
2026-01-02 07:15:00,248.19,248.21,248.07,248.14,9626.0
2026-01-02 07:30:00,248.16,248.17,248.01,248.12,8495.0
2026-01-02 07:45:00,248.1,248.1,247.88,247.96,3215.0
2026-01-02 08:00:00,248.09,248.11,247.79,247.83,23633.0
2026-01-02 08:15:00,247.82,247.94,247.69,247.72,10913.0
2026-01-02 08:30:00,247.72,247.73,247.59,247.6316,30722.0
2026-01-02 08:45:00,247.649,247.68,247.53,247.63,8650.0
2026-01-02 09:00:00,247.63,247.78,247.61,247.74,14818.0
2026-01-02 09:15:00,247.73,247.86,247.45,247.47,30456.0
2026-01-05 04:00:00,248.64,248.98,248.62,248.97,4743.0
2026-01-05 04:15:00,248.89,248.89,248.75,248.75,454.0
2026-01-05 04:30:00,248.76,248.87,248.76,248.86,335.0
2026-01-05 04:45:00,248.96,249.01,248.96,248.96,145.0
2026-01-05 05:00:00,248.92,248.94,248.92,248.94,125.0
2026-01-05 05:15:00,248.93,248.93,248.73,248.73,120.0
2026-01-05 05:30:00,248.7,248.88,248.69,248.8,1111.0
2026-01-05 05:45:00,248.87,248.87,248.87,248.87,25.0
2026-01-05 06:00:00,249.0,249.01,248.93,248.93,275.0
2026-01-05 06:15:00,248.97,249.05,248.97,249.05,225.0
2026-01-05 06:30:00,249.01,249.01,248.96,249.0,2408.0
2026-01-05 06:45:00,249.05,249.05,248.99,248.99,759.0
2026-01-05 07:00:00,249.11,249.2,249.07,249.14,2154.0
2026-01-05 07:15:00,249.14,249.23,249.02,249.02,182.0
2026-01-05 07:30:00,249.06,249.2,249.06,249.06,3230.0
2026-01-05 07:45:00,249.1,249.25,249.08,249.25,2316.0
2026-01-05 08:00:00,249.26,249.31,249.02,249.161,30630.0
2026-01-05 08:15:00,249.08,249.1088,248.89,248.99,11858.0
2026-01-05 08:30:00,248.99,249.25,248.99,249.2,5722.0
2026-01-05 08:45:00,249.23,249.52,249.21,249.46,6793.0
2026-01-05 09:00:00,249.44,249.6601,249.41,249.65,6697.0
2026-01-05 09:15:00,249.67,249.84,249.53,249.66,35732.0
2026-01-06 04:00:00,251.99,252.22,251.98,252.22,1264.0
2026-01-06 04:15:00,252.21,252.22,252.11,252.11,335.0
2026-01-06 04:30:00,252.01,252.05,251.92,252.05,501.0
2026-01-06 04:45:00,251.99,252.22,251.99,252.03,1167.0
2026-01-06 05:00:00,251.95,252.2,251.95,252.2,350.0
2026-01-06 05:30:00,252.2,252.23,252.17,252.23,2295.0
2026-01-06 05:45:00,252.18,252.18,252.08,252.08,150.0
2026-01-06 06:00:00,252.11,252.17,252.11,252.17,279.0
2026-01-06 06:15:00,252.14,252.14,252.13,252.13,344.0
2026-01-06 06:30:00,252.19,252.19,252.07,252.07,352.0
2026-01-06 06:45:00,252.08,252.14,252.02,252.07,2016.0
2026-01-06 07:00:00,252.19,252.33,252.11,252.33,344.0
2026-01-06 07:15:00,252.38,252.38,252.32,252.33,168.0
2026-01-06 07:30:00,252.34,252.42,252.21,252.41,2959.0
2026-01-06 07:45:00,252.41,252.41,252.32,252.34,1747.0
2026-01-06 08:00:00,252.33,252.4126,252.07,252.3,15671.0
2026-01-06 08:15:00,252.25,252.37,252.15,252.15,6398.0
2026-01-06 08:30:00,252.19,252.3392,252.18,252.28,5446.0
2026-01-06 08:45:00,252.28,252.28,252.04,252.24,8204.0
2026-01-06 09:00:00,252.22,252.23,252.09,252.13,4683.0
2026-01-06 09:15:00,252.13,252.32,251.91,252.26,35168.0
2026-01-07 04:15:00,256.43,256.43,256.33,256.35,1075.0
2026-01-07 04:30:00,256.38,256.38,256.18,256.19,2694.0
2026-01-07 04:45:00,256.13,256.22,256.13,256.22,173.0
2026-01-07 05:00:00,256.21,256.34,256.21,256.34,587.0
2026-01-07 05:15:00,256.3,256.3,256.03,256.03,1474.0
2026-01-07 05:30:00,255.94,256.04,255.94,256.04,175.0
2026-01-07 05:45:00,256.0,256.04,256.0,256.04,160.0
2026-01-07 06:00:00,255.94,255.94,255.85,255.91,115.0
2026-01-07 06:15:00,255.93,255.93,255.93,255.93,61.0
2026-01-07 06:30:00,256.02,256.21,256.02,256.14,563.0
2026-01-07 06:45:00,256.02,256.05,256.02,256.05,83.0
2026-01-07 07:00:00,256.12,256.22,255.95,255.95,1698.0
2026-01-07 07:15:00,255.95,255.95,255.87,255.9,4817.0
2026-01-07 07:30:00,255.86,255.86,255.64,255.77,1949.0
2026-01-07 07:45:00,255.83,255.85,255.76,255.85,8230.0
2026-01-07 08:00:00,255.84,255.96,255.615,255.74,21176.0
2026-01-07 08:15:00,255.77,256.2,255.7668,256.1968,11781.0
2026-01-07 08:30:00,256.18,256.62,256.18,256.47,28937.0
2026-01-07 08:45:00,256.48,256.63,256.3401,256.3931,28516.0
2026-01-07 09:00:00,256.39,256.43,255.99,256.04,7856.0
2026-01-07 09:15:00,256.005,256.4,255.9,256.39,40355.0
2026-01-08 04:00:00,254.96,255.06,254.93,254.93,583.0
2026-01-08 04:15:00,254.87,254.87,254.81,254.81,362.0
2026-01-08 04:30:00,254.74,254.74,254.54,254.54,580.0
2026-01-08 04:45:00,254.51,254.51,254.36,254.46,377.0
2026-01-08 05:00:00,254.45,254.45,254.23,254.23,438.0
2026-01-08 05:15:00,254.3,254.3,254.18,254.18,365.0
2026-01-08 05:30:00,254.28,254.45,254.28,254.45,355.0
2026-01-08 05:45:00,254.43,254.48,254.43,254.48,641.0
2026-01-08 06:00:00,254.49,254.54,254.49,254.53,234.0
2026-01-08 06:15:00,254.46,254.53,254.4,254.53,492.0
2026-01-08 06:30:00,254.51,254.55,254.27,254.5,4537.0
2026-01-08 06:45:00,254.51,254.55,254.46,254.47,1448.0
2026-01-08 07:00:00,254.47,254.49,254.33,254.4,2940.0
2026-01-08 07:15:00,254.38,254.52,254.38,254.48,1540.0
2026-01-08 07:30:00,254.47,254.5,254.33,254.36,4149.0
2026-01-08 07:45:00,254.53,254.6,254.52,254.6,1387.0
2026-01-08 08:00:00,254.55,254.81,254.39,254.8066,14087.0
2026-01-08 08:15:00,254.78,254.91,254.675,254.9,20935.0
2026-01-08 08:30:00,254.95,255.03,254.64,254.64,6818.0
2026-01-08 08:45:00,254.67,254.72,254.57,254.72,6528.0
2026-01-08 09:00:00,254.6882,254.72,254.54,254.54,12235.0
2026-01-08 09:15:00,254.56,254.73,254.35,254.67,26742.0
2026-01-09 04:00:00,258.08,258.14,258.02,258.14,1186.0
2026-01-09 04:15:00,258.11,258.36,258.11,258.36,270.0
2026-01-09 04:30:00,258.6,258.6,258.52,258.52,222.0
2026-01-09 04:45:00,258.7,258.77,258.7,258.77,70.0
2026-01-09 05:15:00,258.84,258.88,258.73,258.84,391.0
2026-01-09 05:30:00,258.84,258.84,258.78,258.78,358.0
2026-01-09 05:45:00,258.73,258.75,258.7,258.71,530.0
2026-01-09 06:00:00,258.74,258.94,258.74,258.93,2235.0
2026-01-09 06:15:00,258.94,259.05,258.94,259.0,2003.0
2026-01-09 06:30:00,259.05,259.05,258.89,258.95,491.0
2026-01-09 06:45:00,258.92,258.94,258.78,258.78,550.0
2026-01-09 07:00:00,258.8,258.99,258.8,258.88,588.0
2026-01-09 07:15:00,258.84,259.0,258.79,259.0,1365.0
2026-01-09 07:30:00,259.0,259.09,258.97,259.02,721.0
2026-01-09 07:45:00,259.06,259.1,259.06,259.1,484.0
2026-01-09 08:00:00,258.95,259.39,258.9024,259.3464,15751.0
2026-01-09 08:15:00,259.385,259.53,259.14,259.33,10862.0
2026-01-09 08:30:00,259.45,260.18,259.1501,259.88,52218.0
2026-01-09 08:45:00,259.92,259.9798,259.61,259.69,16813.0
2026-01-09 09:00:00,259.68,259.76,259.37,259.47,13290.0
2026-01-09 09:15:00,259.44,259.58,259.1805,259.52,30560.0
2026-01-12 04:00:00,258.87,259.07,258.76,258.97,3256.0
2026-01-12 04:15:00,258.97,258.97,258.82,258.82,3753.0
2026-01-12 04:30:00,258.83,258.88,258.77,258.84,822.0
2026-01-12 04:45:00,258.79,258.95,258.79,258.95,524.0
2026-01-12 05:00:00,258.92,259.02,258.92,258.97,1230.0
2026-01-12 05:15:00,258.93,258.93,258.91,258.91,480.0
2026-01-12 05:30:00,259.05,259.21,259.05,259.21,561.0
2026-01-12 05:45:00,259.13,259.17,259.12,259.12,370.0
2026-01-12 06:00:00,259.16,259.31,259.16,259.31,401.0
2026-01-12 06:15:00,259.49,259.62,259.47,259.49,1150.0
2026-01-12 06:30:00,259.47,259.5,259.4,259.41,211.0
2026-01-12 06:45:00,259.41,259.5,259.33,259.33,1240.0
2026-01-12 07:00:00,259.35,259.64,259.35,259.59,3319.0
2026-01-12 07:15:00,259.6,259.76,259.57,259.75,532.0
2026-01-12 07:30:00,259.71,259.81,259.58,259.8,6102.0
2026-01-12 07:45:00,259.85,260.03,259.85,259.916,1264.0
2026-01-12 08:00:00,259.8,260.0141,259.56,259.7,42036.0
2026-01-12 08:15:00,259.65,259.76,259.59,259.59,9043.0
2026-01-12 08:30:00,259.59,259.59,259.4,259.44,8035.0
2026-01-12 08:45:00,259.47,259.56,259.35,259.49,5357.0
2026-01-12 09:00:00,259.49,259.52,259.24,259.28,7771.0
2026-01-12 09:15:00,259.27,259.37,259.02,259.13,27392.0
2026-01-13 04:00:00,261.25,261.28,261.21,261.28,831.0
2026-01-13 04:15:00,261.28,261.28,261.15,261.16,760.0
2026-01-13 04:30:00,261.14,261.18,261.08,261.09,715.0
2026-01-13 04:45:00,261.07,261.11,260.95,261.1,1794.0
2026-01-13 05:00:00,261.09,261.09,260.83,260.83,391.0
2026-01-13 05:15:00,260.79,260.96,260.65,260.96,388.0
2026-01-13 05:30:00,260.96,260.96,260.96,260.96,120.0
2026-01-13 05:45:00,260.92,261.06,260.92,261.05,1939.0
2026-01-13 06:00:00,261.03,261.03,261.03,261.03,293.0
2026-01-13 06:15:00,260.98,260.99,260.93,260.94,1322.0
2026-01-13 06:30:00,260.98,260.99,260.91,260.91,1224.0
2026-01-13 06:45:00,260.97,261.11,260.97,261.05,3005.0
2026-01-13 07:00:00,261.05,261.12,261.0,261.09,2128.0
2026-01-13 07:15:00,261.08,261.16,261.03,261.16,2226.0
2026-01-13 07:30:00,261.12,261.27,261.08,261.24,938.0
2026-01-13 07:45:00,261.29,261.29,260.96,261.02,4088.0
2026-01-13 08:00:00,261.11,261.39,260.91,261.3,39656.0
2026-01-13 08:15:00,261.32,261.44,260.98,261.23,29029.0
2026-01-13 08:30:00,261.27,264.17,261.27,262.65,236507.0
2026-01-13 08:45:00,262.65,262.83,262.16,262.7096,67651.0
2026-01-13 09:00:00,262.65,262.72,262.33,262.59,23138.0
2026-01-13 09:15:00,262.58,262.6836,262.24,262.27,36285.0
2026-01-14 04:00:00,261.6,261.83,261.6,261.79,1327.0
2026-01-14 04:15:00,261.86,261.88,261.78,261.88,94.0
2026-01-14 04:30:00,261.83,261.83,261.8,261.8,209.0
2026-01-14 04:45:00,261.79,261.81,261.76,261.76,157.0
2026-01-14 05:00:00,261.8,261.88,261.73,261.75,266.0
2026-01-14 05:15:00,261.52,261.52,261.35,261.37,1026.0
2026-01-14 05:30:00,261.37,261.46,261.12,261.2,1661.0
2026-01-14 05:45:00,261.07,261.14,260.84,260.9,3334.0
2026-01-14 06:00:00,260.88,260.98,260.63,260.9,13518.0
2026-01-14 06:15:00,260.89,260.92,260.81,260.92,1196.0
2026-01-14 06:30:00,261.02,261.02,260.93,260.93,53.0
2026-01-14 06:45:00,260.82,260.86,260.77,260.78,409.0
2026-01-14 07:00:00,260.82,260.83,260.49,260.69,3999.0
2026-01-14 07:15:00,260.67,260.95,260.67,260.9,2976.0
2026-01-14 07:30:00,260.92,261.04,260.92,260.979,650.0
2026-01-14 07:45:00,260.85,260.85,260.72,260.76,1038.0
2026-01-14 08:00:00,260.6291,260.91,260.53,260.55,34451.0
2026-01-14 08:15:00,260.54,260.84,260.49,260.84,10860.0
2026-01-14 08:30:00,260.93,260.94,260.4688,260.4688,27444.0
2026-01-14 08:45:00,260.48,260.7024,260.3,260.55,13837.0
2026-01-14 09:00:00,260.55,260.87,260.52,260.86,13668.0
2026-01-14 09:15:00,260.84,261.13,260.8,261.1,38637.0
2026-01-15 04:00:00,263.75,263.96,263.7,263.93,1758.0
2026-01-15 04:15:00,263.97,264.0,263.81,263.96,1900.0
2026-01-15 04:30:00,263.8,263.89,263.7,263.7,17788.0
2026-01-15 04:45:00,263.64,263.69,263.64,263.69,112.0
2026-01-15 05:00:00,263.62,263.63,263.62,263.63,65.0
2026-01-15 05:15:00,263.75,263.82,263.72,263.76,1043.0
2026-01-15 05:30:00,264.02,264.1,264.02,264.1,90.0
2026-01-15 05:45:00,264.2,264.22,263.87,263.87,597.0
2026-01-15 06:00:00,263.86,263.86,263.78,263.78,61.0
2026-01-15 06:15:00,264.02,264.02,264.02,264.02,100.0
2026-01-15 06:30:00,264.05,264.06,263.66,263.66,1031.0
2026-01-15 06:45:00,263.59,263.59,263.26,263.26,7663.0
2026-01-15 07:00:00,263.27,263.45,263.2,263.45,8227.0
2026-01-15 07:15:00,263.5,263.56,263.3,263.56,1898.0
2026-01-15 07:30:00,263.61,263.75,263.55,263.75,1179.0
2026-01-15 07:45:00,263.73,263.93,263.73,263.93,11901.0
2026-01-15 08:00:00,263.91,264.1198,263.7355,263.94,23546.0
2026-01-15 08:15:00,263.92,263.99,263.76,263.81,12763.0
2026-01-15 08:30:00,263.87,263.91,263.35,263.39,14574.0
2026-01-15 08:45:00,263.3991,263.5,263.2359,263.4799,29527.0
2026-01-15 09:00:00,263.47,263.89,263.42,263.79,29615.0
2026-01-15 09:15:00,263.8,264.1,263.68,264.07,34944.0
2026-01-16 04:00:00,266.52,266.71,266.5,266.71,562.0
2026-01-16 04:15:00,266.55,266.68,266.53,266.68,639.0
2026-01-16 04:30:00,266.67,266.67,266.58,266.58,787.0
2026-01-16 05:00:00,266.73,266.73,266.72,266.72,85.0
2026-01-16 05:15:00,266.64,266.64,266.64,266.64,2.0
2026-01-16 05:30:00,266.67,266.75,266.67,266.71,400.0
2026-01-16 05:45:00,266.7,266.7,266.55,266.55,535.0
2026-01-16 06:00:00,266.65,266.65,266.65,266.65,60.0
2026-01-16 06:15:00,266.71,266.71,266.62,266.64,1375.0
2026-01-16 06:30:00,266.58,266.58,266.58,266.58,1.0
2026-01-16 06:45:00,266.42,266.42,266.2,266.22,1298.0
2026-01-16 07:00:00,266.21,266.48,266.21,266.47,2160.0
2026-01-16 07:15:00,266.6,266.6,266.11,266.19,1079.0
2026-01-16 07:30:00,266.189,266.22,266.06,266.15,1234.0
2026-01-16 07:45:00,266.22,266.33,265.88,266.02,3767.0
2026-01-16 08:00:00,266.02,266.1577,265.82,265.895,14596.0
2026-01-16 08:15:00,265.95,265.9795,265.77,265.91,3236.0
2026-01-16 08:30:00,265.91,265.98,265.6,265.73,13947.0
2026-01-16 08:45:00,265.71,266.01,265.7,265.73,37715.0
2026-01-16 09:00:00,265.75,265.9,265.71,265.735,11530.0
2026-01-16 09:15:00,265.74,266.08,265.6703,265.75,65974.0
2026-01-20 04:00:00,260.53,260.71,260.4,260.51,9232.0
2026-01-20 04:15:00,260.51,260.7,260.43,260.7,36474.0
2026-01-20 04:30:00,260.69,260.69,260.15,260.2,2966.0
2026-01-20 04:45:00,260.16,260.16,260.0,260.04,425.0
2026-01-20 05:00:00,260.06,260.45,260.03,260.45,3606.0
2026-01-20 05:15:00,260.46,260.84,260.46,260.84,1047.0
2026-01-20 05:30:00,260.91,260.91,260.58,260.63,2924.0
2026-01-20 05:45:00,260.85,260.85,260.78,260.82,290.0
2026-01-20 06:00:00,260.86,261.09,260.86,261.09,999.0
2026-01-20 06:15:00,260.96,261.42,260.96,261.23,979.0
2026-01-20 06:30:00,261.27,261.27,261.02,261.02,1052.0
2026-01-20 06:45:00,261.16,261.5,261.07,261.4,16371.0
2026-01-20 07:00:00,261.38,261.81,261.3,261.77,24213.0
2026-01-20 07:15:00,261.81,261.83,261.54,261.71,11446.0
2026-01-20 07:30:00,261.69,262.12,261.63,262.11,11993.0
2026-01-20 07:45:00,262.17,262.206,261.81,261.83,7598.0
2026-01-20 08:00:00,261.83,262.145,261.64,261.71,70294.0
2026-01-20 08:15:00,261.69,261.84,261.39,261.39,41830.0
2026-01-20 08:30:00,261.3702,261.39,260.55,260.9394,57817.0
2026-01-20 08:45:00,260.88,260.95,260.67,260.71,21491.0
2026-01-20 09:00:00,260.68,261.0,260.6,260.64,31339.0
2026-01-20 09:15:00,260.6,261.19,260.52,261.13,58567.0
2026-01-21 04:00:00,263.62,263.75,263.62,263.72,3076.0
2026-01-21 04:15:00,263.78,263.78,263.56,263.61,1625.0
2026-01-21 04:30:00,263.54,263.54,263.31,263.31,701.0
2026-01-21 04:45:00,263.32,263.32,262.98,262.98,1045.0
2026-01-21 05:00:00,262.88,263.29,262.88,263.2,1233.0
2026-01-21 05:15:00,263.3,263.31,263.12,263.28,1165.0
2026-01-21 05:30:00,263.37,263.4,263.36,263.4,385.0
2026-01-21 05:45:00,263.42,263.43,263.31,263.31,825.0
2026-01-21 06:00:00,263.15,263.24,263.15,263.19,580.0
2026-01-21 06:15:00,263.16,263.22,263.07,263.07,852.0
2026-01-21 06:30:00,263.06,263.09,262.73,262.76,702.0
2026-01-21 06:45:00,262.8,262.8,262.03,262.03,2716.0
2026-01-21 07:00:00,262.06,262.54,261.97,262.49,6116.0
2026-01-21 07:15:00,262.39,262.84,262.34,262.774,7922.0
2026-01-21 07:30:00,262.71,262.71,262.43,262.43,1212.0
2026-01-21 07:45:00,262.55,262.75,262.41,262.69,455.0
2026-01-21 08:00:00,262.85,263.05,262.58,263.05,38605.0
2026-01-21 08:15:00,263.02,263.02,262.6,262.68,15485.0
2026-01-21 08:30:00,262.59,262.79,262.44,262.55,17017.0
2026-01-21 08:45:00,262.54,263.07,262.42,262.83,52494.0
2026-01-21 09:00:00,262.81,264.57,262.63,264.21,102870.0
2026-01-21 09:15:00,264.2,265.33,263.94,264.53,211558.0
2026-01-22 04:00:00,269.18,269.61,269.14,269.6,1500.0
2026-01-22 04:15:00,269.58,269.65,269.4,269.42,2832.0
2026-01-22 04:30:00,269.42,269.58,269.42,269.58,1230.0
2026-01-22 04:45:00,269.57,269.62,269.57,269.62,127.0
2026-01-22 05:00:00,269.62,269.62,269.42,269.43,949.0
2026-01-22 05:15:00,269.31,269.44,269.22,269.28,2849.0
2026-01-22 05:30:00,269.39,269.54,269.39,269.42,675.0
2026-01-22 05:45:00,269.61,269.62,269.57,269.57,295.0
2026-01-22 06:00:00,269.59,269.68,269.55,269.55,2427.0
2026-01-22 06:15:00,269.25,269.6,269.25,269.26,780.0
2026-01-22 06:30:00,269.25,269.46,268.86,268.9,3979.0
2026-01-22 06:45:00,268.9,269.03,268.9,269.02,1909.0
2026-01-22 07:00:00,269.01,269.01,268.81,268.94,1335.0
2026-01-22 07:15:00,269.02,269.1,269.01,269.1,9780.0
2026-01-22 07:30:00,269.04,269.21,268.941,269.07,1634.0
2026-01-22 07:45:00,269.12,269.12,268.88,268.99,1443.0
2026-01-22 08:00:00,269.02,269.19,268.78,268.9,41835.0
2026-01-22 08:15:00,268.92,269.18,268.9046,269.14,7639.0
2026-01-22 08:30:00,269.18,269.49,268.92,269.23,32225.0
2026-01-22 08:45:00,269.25,269.66,269.25,269.64,25379.0
2026-01-22 09:00:00,269.63,269.72,269.45,269.64,43028.0
2026-01-22 09:15:00,269.64,269.85,269.63,269.7,37197.0
2026-01-23 04:00:00,269.7,269.9,269.7,269.78,2121.0
2026-01-23 04:15:00,269.75,269.87,269.75,269.76,1029.0
2026-01-23 04:30:00,269.65,269.65,269.39,269.39,480.0
2026-01-23 04:45:00,269.3,269.63,269.3,269.62,1070.0
2026-01-23 05:00:00,269.52,269.52,269.3,269.33,1014.0
2026-01-23 05:15:00,269.41,269.49,269.38,269.41,662.0
2026-01-23 05:30:00,269.32,269.36,269.3,269.36,460.0
2026-01-23 05:45:00,269.41,269.44,269.4,269.4,1037.0
2026-01-23 06:00:00,269.55,269.76,269.38,269.52,8384.0
2026-01-23 06:15:00,269.64,269.64,269.52,269.57,533.0
2026-01-23 06:30:00,269.6,269.64,269.56,269.56,298.0
2026-01-23 06:45:00,269.46,269.52,269.31,269.42,1209.0
2026-01-23 07:00:00,269.26,269.58,269.26,269.52,21750.0
2026-01-23 07:15:00,269.37,269.37,269.329,269.34,177.0
2026-01-23 07:30:00,269.43,269.57,269.16,269.57,6415.0
2026-01-23 07:45:00,269.54,269.72,269.54,269.65,2884.0
2026-01-23 08:00:00,269.7288,269.7836,269.26,269.35,25266.0
2026-01-23 08:15:00,269.31,269.34,268.91,268.91,16263.0
2026-01-23 08:30:00,268.91,269.15,268.76,268.98,53388.0
2026-01-23 08:45:00,268.95,269.06,268.72,268.77,20397.0
2026-01-23 09:00:00,268.781,268.93,268.66,268.7,40608.0
2026-01-23 09:15:00,268.71,269.04,268.67,268.93,81828.0
2026-01-26 04:00:00,264.54,264.72,264.47,264.47,4107.0
2026-01-26 04:15:00,264.54,264.62,264.5,264.62,1216.0
2026-01-26 04:30:00,264.63,264.64,264.08,264.11,2237.0
2026-01-26 04:45:00,264.03,264.04,263.73,264.03,2348.0
2026-01-26 05:00:00,263.96,263.99,263.81,263.85,6857.0
2026-01-26 05:15:00,263.91,264.21,263.91,264.15,410.0
2026-01-26 05:30:00,264.16,264.2,264.14,264.2,441.0
2026-01-26 05:45:00,264.19,264.19,264.1,264.11,153.0
2026-01-26 06:00:00,264.09,264.09,264.03,264.03,325.0
2026-01-26 06:15:00,264.13,264.13,264.04,264.08,243.0
2026-01-26 06:30:00,264.13,264.13,264.11,264.11,320.0
2026-01-26 06:45:00,264.0,264.13,264.0,264.09,717.0
2026-01-26 07:00:00,264.09,264.53,264.09,264.49,1919.0
2026-01-26 07:15:00,264.52,264.55,264.35,264.37,17863.0
2026-01-26 07:30:00,264.4,264.45,264.31,264.37,2110.0
2026-01-26 07:45:00,264.37,264.45,264.28,264.45,709.0
2026-01-26 08:00:00,264.32,264.68,264.29,264.67,39766.0
2026-01-26 08:15:00,264.68,264.9,264.5,264.5,34236.0
2026-01-26 08:30:00,264.54,264.68,264.31,264.68,18590.0
2026-01-26 08:45:00,264.69,265.1603,264.69,265.14,34000.0
2026-01-26 09:00:00,265.15,265.2,264.92,264.98,24372.0
2026-01-26 09:15:00,264.97,265.07,264.84,265.04,28792.0
2026-01-27 04:00:00,264.89,264.91,264.83,264.88,602.0
2026-01-27 04:15:00,264.89,264.93,264.81,264.85,581.0
2026-01-27 04:30:00,264.79,265.02,264.79,264.97,1075.0
2026-01-27 04:45:00,264.98,265.0,264.88,264.9,404.0
2026-01-27 05:00:00,265.11,265.12,265.11,265.12,139.0
2026-01-27 05:15:00,265.06,265.06,265.06,265.06,101.0
2026-01-27 05:30:00,265.08,265.08,265.03,265.05,735.0
2026-01-27 05:45:00,264.92,264.93,264.92,264.93,125.0
2026-01-27 06:00:00,264.9,264.94,264.73,264.74,1036.0
2026-01-27 06:15:00,264.8,264.8,264.76,264.76,84.0
2026-01-27 06:30:00,264.96,264.96,264.87,264.87,105.0
2026-01-27 06:45:00,264.75,264.75,264.58,264.58,202.0
2026-01-27 07:00:00,264.73,264.73,264.54,264.54,2561.0
2026-01-27 07:15:00,264.55,264.57,264.4,264.4,265.0
2026-01-27 07:30:00,264.31,264.58,264.31,264.5,789.0
2026-01-27 07:45:00,264.5,264.5,264.25,264.25,16934.0
2026-01-27 08:00:00,264.4209,264.4209,264.13,264.37,43940.0
2026-01-27 08:15:00,264.35,264.38,264.13,264.2394,7904.0
2026-01-27 08:30:00,264.17,264.42,264.12,264.249,6482.0
2026-01-27 08:45:00,264.2909,264.32,263.93,263.98,10494.0
2026-01-27 09:00:00,264.0,264.1,263.88,264.03,14624.0
2026-01-27 09:15:00,264.04,264.1,263.86,264.1,20366.0
2026-01-28 04:00:00,265.22,265.45,265.18,265.45,1842.0
2026-01-28 04:15:00,265.4,265.4,265.38,265.4,318.0
2026-01-28 04:30:00,265.43,265.79,265.43,265.76,2347.0
2026-01-28 04:45:00,265.73,265.95,265.71,265.95,465.0
2026-01-28 05:00:00,265.96,266.05,265.96,266.01,454.0
2026-01-28 05:15:00,265.88,265.94,265.87,265.94,150.0
2026-01-28 05:30:00,266.02,266.27,266.02,266.27,302.0
2026-01-28 05:45:00,266.22,266.26,266.14,266.14,509.0
2026-01-28 06:00:00,266.25,266.25,266.02,266.05,1675.0
2026-01-28 06:15:00,266.09,266.09,265.93,265.93,255.0
2026-01-28 06:30:00,266.05,266.19,266.05,266.19,255.0
2026-01-28 06:45:00,266.11,266.11,266.1,266.1,101.0
2026-01-28 07:00:00,266.1,266.19,265.6,265.83,5715.0
2026-01-28 07:15:00,265.7,265.71,265.5,265.6,7088.0
2026-01-28 07:30:00,265.52,265.69,265.46,265.69,5388.0
2026-01-28 07:45:00,265.7,265.93,265.65,265.79,7166.0
2026-01-28 08:00:00,265.75,266.16,265.65,265.71,74268.0
2026-01-28 08:15:00,265.69,265.97,265.69,265.79,3390.0
2026-01-28 08:30:00,265.77,265.89,265.53,265.53,12286.0
2026-01-28 08:45:00,265.58,265.68,265.4,265.5407,15453.0
2026-01-28 09:00:00,265.59,265.62,265.41,265.5,26737.0
2026-01-28 09:15:00,265.52,265.99,265.52,265.95,55295.0
2026-01-29 04:00:00,263.62,263.73,263.62,263.7,583.0
2026-01-29 04:15:00,263.77,264.1,263.77,264.1,693.0
2026-01-29 04:30:00,264.04,264.3,264.04,264.3,480.0
2026-01-29 04:45:00,264.26,264.26,263.67,263.67,1177.0
2026-01-29 05:00:00,263.69,263.77,263.69,263.77,460.0
2026-01-29 05:15:00,263.69,263.92,263.69,263.92,103.0
2026-01-29 05:30:00,263.82,263.94,263.82,263.94,230.0
2026-01-29 05:45:00,263.94,263.94,263.48,263.48,830.0
2026-01-29 06:00:00,263.46,263.77,263.37,263.77,1886.0
2026-01-29 06:15:00,264.13,264.21,264.13,264.2,423.0
2026-01-29 06:30:00,264.23,264.39,264.14,264.31,5087.0
2026-01-29 06:45:00,264.32,264.48,264.29,264.38,742.0
2026-01-29 07:00:00,264.26,264.35,264.18,264.25,3071.0
2026-01-29 07:15:00,264.39,264.43,264.27,264.35,518.0
2026-01-29 07:30:00,264.35,264.35,263.82,263.91,730.0
2026-01-29 07:45:00,264.02,264.17,264.0,264.14,1402.0
2026-01-29 08:00:00,264.3015,264.33,263.94,263.97,45932.0
2026-01-29 08:15:00,264.0,264.07,263.68,264.0007,35639.0
2026-01-29 08:30:00,263.95,264.19,263.89,264.16,6444.0
2026-01-29 08:45:00,264.2,264.3491,264.16,264.26,8456.0
2026-01-29 09:00:00,264.26,264.26,263.83,263.89,10253.0
2026-01-29 09:15:00,263.87,264.19,263.65,264.18,84774.0
2026-01-30 04:00:00,260.87,260.87,260.04,260.05,8717.0
2026-01-30 04:15:00,260.0,260.04,259.93,259.93,150.0
2026-01-30 04:30:00,259.88,260.0,259.68,259.72,8800.0
2026-01-30 04:45:00,259.53,259.67,259.02,259.67,5106.0
2026-01-30 05:00:00,259.54,259.72,259.53,259.53,689.0
2026-01-30 05:15:00,259.71,259.89,259.71,259.83,729.0
2026-01-30 05:30:00,259.88,260.23,259.88,260.23,2556.0
2026-01-30 05:45:00,260.13,260.27,260.03,260.16,4583.0
2026-01-30 06:00:00,260.31,260.62,260.31,260.62,537.0
2026-01-30 06:15:00,260.67,260.73,260.62,260.63,1671.0
2026-01-30 06:30:00,260.79,261.07,260.76,261.02,1937.0
2026-01-30 06:45:00,261.12,261.45,260.75,261.45,6289.0
2026-01-30 07:00:00,261.6,261.93,261.29,261.52,2656.0
2026-01-30 07:15:00,261.65,261.71,261.49,261.51,1259.0
2026-01-30 07:30:00,261.51,261.7,261.39,261.39,13631.0
2026-01-30 07:45:00,261.27,261.416,261.02,261.28,17339.0
2026-01-30 08:00:00,261.38,261.41,261.04,261.25,56650.0
2026-01-30 08:15:00,261.25,261.27,260.64,260.87,21820.0
2026-01-30 08:30:00,260.7,260.87,259.72,260.87,36503.0
2026-01-30 08:45:00,260.84,260.84,260.36,260.6,16622.0
2026-01-30 09:00:00,260.49,260.94,260.46,260.88,31609.0
2026-01-30 09:15:00,260.87,261.07,260.61,261.05,28453.0
2026-02-02 04:00:00,257.23,257.28,256.56,256.69,2789.0
2026-02-02 04:15:00,256.95,257.47,256.95,257.25,1333.0
2026-02-02 04:30:00,257.25,257.44,257.13,257.13,1277.0
2026-02-02 04:45:00,257.22,257.23,257.2,257.23,310.0
2026-02-02 05:00:00,257.31,257.48,257.31,257.48,414.0
2026-02-02 05:15:00,257.54,257.54,257.54,257.54,50.0
2026-02-02 05:30:00,257.58,257.58,257.33,257.34,1570.0
2026-02-02 05:45:00,257.35,257.5,257.31,257.5,394.0
2026-02-02 06:00:00,257.51,257.93,257.46,257.91,8808.0
2026-02-02 06:15:00,257.91,258.12,257.76,258.1,4093.0
2026-02-02 06:30:00,258.16,258.37,258.09,258.36,5777.0
2026-02-02 06:45:00,258.43,258.47,258.17,258.24,2692.0
2026-02-02 07:00:00,258.28,258.44,258.25,258.42,2903.0
2026-02-02 07:15:00,258.35,258.54,258.35,258.43,3013.0
2026-02-02 07:30:00,258.47,258.77,258.45,258.77,8354.0
2026-02-02 07:45:00,258.78,258.86,258.48,258.48,22720.0
2026-02-02 08:00:00,258.225,258.69,258.17,258.67,43064.0
2026-02-02 08:15:00,258.69,258.78,258.46,258.66,15357.0
2026-02-02 08:30:00,258.75,258.9,258.47,258.83,15665.0
2026-02-02 08:45:00,258.9006,259.25,258.8454,259.13,18259.0
2026-02-02 09:00:00,259.05,259.41,259.02,259.34,13347.0
2026-02-02 09:15:00,259.32,259.63,258.35,258.36,33857.0
2026-02-03 04:00:00,262.41,262.52,262.33,262.33,1716.0
2026-02-03 04:15:00,262.32,262.46,262.32,262.37,305.0
2026-02-03 04:30:00,262.39,262.46,262.25,262.33,1745.0
2026-02-03 04:45:00,262.39,262.39,262.39,262.39,100.0
2026-02-03 05:00:00,262.52,262.7,262.52,262.7,829.0
2026-02-03 05:15:00,262.73,262.76,262.73,262.76,363.0
2026-02-03 05:30:00,262.71,262.71,262.61,262.61,895.0
2026-02-03 05:45:00,262.59,262.61,262.59,262.61,300.0
2026-02-03 06:00:00,262.55,262.55,262.55,262.55,5.0
2026-02-03 06:15:00,262.57,262.57,262.45,262.46,791.0
2026-02-03 06:30:00,262.42,262.48,262.42,262.48,779.0
2026-02-03 06:45:00,262.46,262.46,262.46,262.46,100.0
2026-02-03 07:00:00,262.58,262.82,262.38,262.82,3554.0
2026-02-03 07:15:00,262.8,263.2,262.8,263.2,4168.0
2026-02-03 07:30:00,263.25,263.29,263.13,263.18,2505.0
2026-02-03 07:45:00,263.21,263.21,263.08,263.13,1146.0
2026-02-03 08:00:00,262.96,263.29,262.88,263.0,31017.0
2026-02-03 08:15:00,263.03,263.12,262.85,263.04,5711.0
2026-02-03 08:30:00,263.1,263.12,262.94,262.95,2660.0
2026-02-03 08:45:00,262.91,263.23,262.91,263.2,24053.0
2026-02-03 09:00:00,263.19,263.37,263.0,263.04,17457.0
2026-02-03 09:15:00,263.04,263.08,262.77,263.08,23578.0
2026-02-04 04:00:00,263.26,263.61,263.24,263.43,2704.0
2026-02-04 04:15:00,263.37,263.37,263.18,263.18,1380.0
2026-02-04 04:30:00,263.42,263.42,263.08,263.08,1693.0
2026-02-04 04:45:00,263.22,263.55,263.22,263.51,46.0
2026-02-04 05:00:00,263.48,263.95,263.48,263.73,1352.0
2026-02-04 05:15:00,263.73,263.83,263.7,263.7,807.0
2026-02-04 05:30:00,264.0,264.11,263.88,263.91,541.0
2026-02-04 05:45:00,263.9,264.11,263.9,264.09,430.0
2026-02-04 06:00:00,264.2,264.25,264.19,264.25,101.0
2026-02-04 06:15:00,263.82,263.94,263.71,263.87,753.0
2026-02-04 06:30:00,264.12,264.13,264.07,264.07,386.0
2026-02-04 06:45:00,264.11,264.17,263.97,264.13,4745.0
2026-02-04 07:00:00,264.3,264.38,264.03,264.18,1675.0
2026-02-04 07:15:00,264.259,264.26,264.07,264.07,3265.0
2026-02-04 07:30:00,264.15,264.2,263.98,264.07,1641.0
2026-02-04 07:45:00,264.1,264.1,263.91,263.99,1935.0
2026-02-04 08:00:00,263.98,264.05,263.66,264.0,30736.0
2026-02-04 08:15:00,264.0,264.18,263.92,264.0,8928.0
2026-02-04 08:30:00,264.04,264.53,263.81,264.19,26196.0
2026-02-04 08:45:00,264.1849,264.1849,263.81,263.92,21243.0
2026-02-04 09:00:00,263.889,264.08,263.72,264.03,28149.0
2026-02-04 09:15:00,264.04,264.28,263.8899,264.19,27260.0
2026-02-05 04:00:00,260.56,260.56,260.23,260.44,469.0
2026-02-05 04:15:00,260.32,260.88,260.32,260.88,2356.0
2026-02-05 04:30:00,260.99,261.08,260.61,260.65,2949.0
2026-02-05 04:45:00,260.59,260.59,260.59,260.59,6.0
2026-02-05 05:15:00,261.15,261.15,261.15,261.15,1200.0
2026-02-05 05:30:00,261.31,261.35,260.86,260.86,2410.0
2026-02-05 06:00:00,260.92,261.05,260.79,261.05,281.0
2026-02-05 06:15:00,261.24,261.35,261.1,261.15,3097.0
2026-02-05 06:30:00,260.97,260.97,260.83,260.83,175.0
2026-02-05 06:45:00,261.07,261.31,261.07,261.23,2083.0
2026-02-05 07:00:00,261.16,261.44,261.01,261.2,2305.0
2026-02-05 07:15:00,261.17,261.17,259.91,260.23,4125.0
2026-02-05 07:30:00,260.14,260.14,258.91,259.21,108246.0
2026-02-05 07:45:00,259.16,259.37,258.72,259.26,20280.0
2026-02-05 08:00:00,259.12,259.5946,259.07,259.2604,86319.0
2026-02-05 08:15:00,259.18,259.27,258.889,259.01,5414.0
2026-02-05 08:30:00,258.97,259.6,258.81,259.2531,20731.0
2026-02-05 08:45:00,259.23,259.3,258.77,258.87,29125.0
2026-02-05 09:00:00,258.88,259.33,258.58,258.86,56866.0
2026-02-05 09:15:00,258.87,258.98,258.47,258.5,24553.0
2026-02-06 04:00:00,257.54,258.05,257.31,258.05,5894.0
2026-02-06 04:15:00,258.05,258.22,257.78,258.15,2646.0
2026-02-06 04:30:00,258.2,258.51,258.2,258.41,1918.0
2026-02-06 04:45:00,258.39,258.4,258.26,258.29,2034.0
2026-02-06 05:00:00,258.23,258.28,258.23,258.25,605.0
2026-02-06 05:15:00,258.24,258.42,258.15,258.15,961.0
2026-02-06 05:30:00,258.4,258.4,258.4,258.4,23.0
2026-02-06 05:45:00,258.6,258.96,258.58,258.96,610.0
2026-02-06 06:00:00,258.85,259.05,258.85,259.05,1868.0
2026-02-06 06:15:00,259.02,259.11,259.02,259.03,738.0
2026-02-06 06:30:00,259.04,259.54,259.02,259.5,25579.0
2026-02-06 06:45:00,259.4,259.56,259.4,259.54,11929.0
2026-02-06 07:00:00,259.47,259.49,258.92,258.92,21339.0
2026-02-06 07:15:00,258.88,259.31,258.84,259.28,2462.0
2026-02-06 07:30:00,259.23,259.42,258.99,259.25,7902.0
2026-02-06 07:45:00,259.29,259.3,258.68,259.13,15269.0
2026-02-06 08:00:00,259.0276,259.4,258.98,259.33,76367.0
2026-02-06 08:15:00,259.36,259.81,259.2,259.63,11005.0
2026-02-06 08:30:00,259.5999,259.78,259.13,259.4,37213.0
2026-02-06 08:45:00,259.41,259.62,259.38,259.53,24049.0
2026-02-06 09:00:00,259.5,259.76,259.48,259.7,18923.0
2026-02-06 09:15:00,259.7,259.89,259.4803,259.75,26742.0
2026-02-09 04:00:00,265.2,265.33,265.14,265.33,747.0
2026-02-09 04:15:00,265.34,265.48,265.31,265.48,845.0
2026-02-09 04:30:00,265.43,265.43,265.19,265.19,540.0
2026-02-09 04:45:00,265.19,265.19,265.04,265.11,345.0
2026-02-09 05:00:00,265.12,265.18,264.99,265.15,3250.0
2026-02-09 05:15:00,264.99,265.0,264.51,264.51,3437.0
2026-02-09 05:30:00,264.37,264.38,263.92,264.04,7833.0
2026-02-09 05:45:00,264.1,264.59,264.06,264.59,419.0
2026-02-09 06:00:00,264.34,264.48,264.34,264.47,1051.0
2026-02-09 06:15:00,264.43,264.49,264.43,264.49,81.0
2026-02-09 06:30:00,264.55,264.55,264.33,264.33,286.0
2026-02-09 06:45:00,264.36,264.36,264.24,264.24,68.0
2026-02-09 07:00:00,264.3,264.799,264.08,264.76,3989.0
2026-02-09 07:15:00,264.84,264.98,264.83,264.89,7233.0
2026-02-09 07:30:00,264.85,264.85,264.69,264.76,2980.0
2026-02-09 07:45:00,264.76,264.97,264.59,264.97,1237.0
2026-02-09 08:00:00,265.1212,265.3896,264.869,265.31,30586.0
2026-02-09 08:15:00,265.26,265.38,265.14,265.2,6931.0
2026-02-09 08:30:00,265.24,265.24,265.03,265.21,9690.0
2026-02-09 08:45:00,265.17,265.22,264.8603,264.94,9932.0
2026-02-09 09:00:00,264.9788,264.999,264.76,264.91,4586.0
2026-02-09 09:15:00,264.96,264.98,264.51,264.8,14790.0
2026-02-10 04:00:00,267.24,267.59,267.24,267.57,486.0
2026-02-10 04:15:00,267.66,267.76,267.59,267.64,1079.0
2026-02-10 04:45:00,267.36,267.36,267.35,267.35,594.0
2026-02-10 05:15:00,267.49,267.49,267.49,267.49,13.0
2026-02-10 05:30:00,267.46,267.46,267.46,267.46,47.0
2026-02-10 05:45:00,267.35,267.35,267.35,267.35,2.0
2026-02-10 06:15:00,267.35,267.36,267.35,267.36,380.0
2026-02-10 06:30:00,267.29,267.29,267.26,267.26,160.0
2026-02-10 06:45:00,267.35,267.35,267.35,267.35,3330.0
2026-02-10 07:00:00,267.37,267.5,267.37,267.5,638.0
2026-02-10 07:15:00,267.6,267.65,267.54,267.65,601.0
2026-02-10 07:30:00,267.67,267.74,267.19,267.23,2471.0
2026-02-10 07:45:00,267.1,267.1,266.87,267.0,1361.0
2026-02-10 08:00:00,266.9118,267.17,266.5,266.73,16143.0
2026-02-10 08:15:00,266.74,266.99,266.6,266.9,8749.0
2026-02-10 08:30:00,266.86,267.08,266.54,266.76,16220.0
2026-02-10 08:45:00,266.765,266.99,266.63,266.91,17226.0
2026-02-10 09:00:00,266.93,267.11,266.93,267.1,12224.0
2026-02-10 09:15:00,267.08,267.29,267.0,267.29,17739.0
2026-02-11 04:00:00,266.94,267.17,266.94,267.09,355.0
2026-02-11 04:15:00,267.02,267.09,267.02,267.08,278.0
2026-02-11 04:30:00,267.08,267.08,266.74,266.74,620.0
2026-02-11 04:45:00,266.64,266.77,266.6,266.69,8550.0
2026-02-11 05:00:00,266.63,266.63,266.26,266.32,7887.0
2026-02-11 05:15:00,266.45,266.45,266.45,266.45,44.0
2026-02-11 05:30:00,266.44,266.44,266.4,266.4,29.0
2026-02-11 05:45:00,266.36,266.53,266.36,266.53,388.0
2026-02-11 06:00:00,266.59,266.77,266.59,266.77,427.0
2026-02-11 06:15:00,266.77,266.82,266.74,266.74,296.0
2026-02-11 06:30:00,266.69,266.69,266.4,266.45,1625.0
2026-02-11 06:45:00,266.6,266.6,266.6,266.6,100.0
2026-02-11 07:00:00,266.44,266.71,266.39,266.66,8456.0
2026-02-11 07:15:00,266.779,266.85,266.779,266.8,2121.0
2026-02-11 07:30:00,266.74,266.74,266.69,266.7,368.0
2026-02-11 07:45:00,266.72,266.72,266.47,266.61,347.0
2026-02-11 08:00:00,266.47,266.7496,266.46,266.6,14262.0
2026-02-11 08:15:00,266.6,267.0,266.6,266.9,12929.0
2026-02-11 08:30:00,266.91,269.33,266.88,268.46,234989.0
2026-02-11 08:45:00,268.4573,269.06,268.3059,268.85,43137.0
2026-02-11 09:00:00,268.82,268.82,268.6046,268.62,30728.0
2026-02-11 09:15:00,268.62,268.69,268.43,268.48,34569.0
2026-02-12 04:00:00,266.15,266.43,266.15,266.43,125.0
2026-02-12 04:15:00,266.41,266.57,266.41,266.45,265.0
2026-02-12 04:30:00,266.41,266.54,266.41,266.53,2680.0
2026-02-12 04:45:00,266.43,266.47,266.42,266.47,484.0
2026-02-12 05:00:00,266.5,266.52,266.5,266.51,155.0
2026-02-12 05:15:00,266.27,266.27,266.26,266.26,75.0
2026-02-12 05:30:00,266.34,266.34,266.25,266.26,1560.0
2026-02-12 05:45:00,266.37,266.37,266.29,266.29,58.0
2026-02-12 06:00:00,266.33,266.55,266.23,266.54,4278.0
2026-02-12 06:15:00,266.44,266.58,266.44,266.58,874.0
2026-02-12 06:30:00,266.63,266.64,266.46,266.48,780.0
2026-02-12 06:45:00,266.6,266.72,266.6,266.67,684.0
2026-02-12 07:00:00,266.63,266.63,266.43,266.54,10331.0
2026-02-12 07:15:00,266.46,266.57,266.36,266.57,3785.0
2026-02-12 07:30:00,266.6,266.91,266.6,266.79,4727.0
2026-02-12 07:45:00,266.8,266.86,266.69,266.7,4026.0
2026-02-12 08:00:00,266.6217,266.87,266.45,266.45,16966.0
2026-02-12 08:15:00,266.46,266.86,266.44,266.86,13742.0
2026-02-12 08:30:00,266.79,267.36,266.7773,267.17,22693.0
2026-02-12 08:45:00,267.17,267.25,266.99,267.06,31575.0
2026-02-12 09:00:00,267.09,267.26,266.96,267.14,17318.0
2026-02-12 09:15:00,267.13,267.16,266.86,267.08,11134.0
2026-02-13 04:00:00,259.45,259.55,259.08,259.55,443.0
2026-02-13 04:15:00,259.85,259.85,259.66,259.66,244.0
2026-02-13 04:30:00,259.62,259.66,259.58,259.58,1050.0
2026-02-13 04:45:00,259.66,259.66,259.64,259.64,5809.0
2026-02-13 05:00:00,259.52,259.71,259.44,259.71,1237.0
2026-02-13 05:15:00,259.7,259.92,259.69,259.87,586.0
2026-02-13 05:30:00,259.84,259.84,259.6,259.66,1841.0
2026-02-13 05:45:00,259.61,259.64,259.28,259.43,705.0
2026-02-13 06:00:00,259.3,259.3,259.0,259.05,2015.0
2026-02-13 06:15:00,259.06,259.28,258.96,258.99,1086.0
2026-02-13 06:30:00,258.93,259.38,258.81,259.03,1598.0
2026-02-13 06:45:00,258.9,259.37,258.89,259.29,1952.0
2026-02-13 07:00:00,259.37,259.44,259.16,259.3,1351.0
2026-02-13 07:15:00,259.14,259.45,258.98,259.32,5813.0
2026-02-13 07:30:00,259.34,259.53,259.33,259.38,2769.0
2026-02-13 07:45:00,259.4,259.86,259.03,259.45,21297.0
2026-02-13 08:00:00,259.4246,259.71,258.96,258.97,146209.0
2026-02-13 08:15:00,258.99,260.01,258.95,259.89,45093.0
2026-02-13 08:30:00,259.92,261.59,259.92,260.61,298935.0
2026-02-13 08:45:00,260.59,260.99,260.15,260.63,65970.0
2026-02-13 09:00:00,260.64,260.99,260.32,260.49,30495.0
2026-02-13 09:15:00,260.47,260.89,260.37,260.64,12126.0
2026-02-17 04:00:00,261.69,261.86,261.67,261.68,1271.0
2026-02-17 04:15:00,261.7,262.0,261.68,262.0,7740.0
2026-02-17 04:30:00,262.29,262.49,262.29,262.48,1208.0
2026-02-17 04:45:00,262.55,262.57,262.44,262.47,363.0
2026-02-17 05:00:00,262.59,262.59,262.35,262.35,117.0
2026-02-17 05:15:00,262.37,262.37,262.33,262.33,318.0
2026-02-17 05:30:00,262.22,262.22,262.01,262.01,64.0
2026-02-17 05:45:00,262.01,262.01,262.01,262.01,4.0
2026-02-17 06:00:00,261.9,261.96,261.83,261.96,310.0
2026-02-17 06:15:00,261.91,262.12,261.89,262.12,99.0
2026-02-17 06:30:00,262.2,262.2,262.14,262.14,192.0
2026-02-17 06:45:00,262.51,262.51,262.51,262.51,70.0
2026-02-17 07:00:00,262.45,262.81,262.41,262.65,359.0
2026-02-17 07:15:00,262.68,262.69,262.33,262.47,2308.0
2026-02-17 07:30:00,262.25,262.32,262.22,262.32,416.0
2026-02-17 07:45:00,262.25,262.27,262.14,262.14,264.0
2026-02-17 08:00:00,262.339,262.4254,261.43,261.73,47562.0
2026-02-17 08:15:00,261.68,262.429,261.64,262.22,4476.0
2026-02-17 08:30:00,262.25,262.25,262.0012,262.12,844.0
2026-02-17 08:45:00,262.11,263.09,261.98,262.01,41163.0
2026-02-17 09:00:00,262.06,262.64,262.03,262.41,12380.0
2026-02-17 09:15:00,262.35,262.54,262.26,262.35,12650.0
2026-02-18 04:00:00,263.79,263.94,263.79,263.89,237.0
2026-02-18 04:15:00,263.92,264.05,263.92,264.05,118.0
2026-02-18 04:30:00,264.04,264.31,264.03,264.25,556.0
2026-02-18 04:45:00,264.24,264.24,264.11,264.11,429.0
2026-02-18 05:00:00,264.05,264.21,263.98,264.2,575.0
2026-02-18 05:15:00,264.19,264.26,264.19,264.26,205.0
2026-02-18 05:30:00,264.22,264.22,264.18,264.18,183.0
2026-02-18 05:45:00,264.19,264.19,264.08,264.08,1657.0
2026-02-18 06:00:00,263.95,263.95,263.82,263.83,74.0
2026-02-18 06:15:00,263.79,263.85,263.71,263.71,535.0
2026-02-18 06:30:00,263.71,263.71,263.3,263.3,357.0
2026-02-18 06:45:00,263.39,263.4,263.39,263.4,80.0
2026-02-18 07:00:00,263.4,263.69,263.33,263.51,6659.0
2026-02-18 07:15:00,263.51,263.54,262.99,262.99,4269.0
2026-02-18 07:30:00,262.99,262.99,262.51,262.79,4200.0
2026-02-18 07:45:00,262.93,262.95,262.81,262.95,7700.0
2026-02-18 08:00:00,262.98,263.22,262.7538,263.04,29923.0
2026-02-18 08:15:00,263.13,263.205,262.83,263.14,3292.0
2026-02-18 08:30:00,263.21,263.35,262.88,262.93,34190.0
2026-02-18 08:45:00,262.9,263.04,262.65,262.84,5259.0
2026-02-18 09:00:00,262.88,263.11,262.74,263.07,7003.0
2026-02-18 09:15:00,263.05,263.2,262.85,263.04,23818.0
2026-02-19 04:00:00,263.46,263.49,263.45,263.46,468.0
2026-02-19 04:15:00,263.43,263.49,263.42,263.42,341.0
2026-02-19 04:30:00,263.35,263.37,263.14,263.23,356.0
2026-02-19 04:45:00,262.97,262.99,262.93,262.99,318.0
2026-02-19 05:00:00,263.09,263.09,262.55,262.55,2492.0
2026-02-19 05:15:00,262.53,262.59,262.53,262.59,42.0
2026-02-19 05:30:00,262.34,262.61,262.34,262.61,230.0
2026-02-19 05:45:00,262.67,262.84,262.67,262.7,210.0
2026-02-19 06:00:00,262.61,262.81,262.6,262.81,1330.0
2026-02-19 06:15:00,262.77,262.77,262.68,262.68,77.0
2026-02-19 06:30:00,262.88,262.89,262.8,262.87,451.0
2026-02-19 06:45:00,262.92,262.92,262.68,262.85,1526.0
2026-02-19 07:00:00,262.84,263.19,262.84,263.11,341.0
2026-02-19 07:15:00,263.26,263.56,263.23,263.56,1063.0
2026-02-19 07:30:00,263.32,263.46,263.3,263.46,197.0
2026-02-19 07:45:00,263.39,263.39,263.11,263.161,837.0
2026-02-19 08:00:00,263.32,263.35,262.97,263.08,16208.0
2026-02-19 08:15:00,263.12,263.12,262.75,262.95,11568.0
2026-02-19 08:30:00,262.96,263.27,262.6,262.9,41426.0
2026-02-19 08:45:00,262.8904,263.06,262.74,262.75,6145.0
2026-02-19 09:00:00,262.77,262.78,262.42,262.45,4730.0
2026-02-19 09:15:00,262.53,262.81,262.4944,262.57,10062.0
2026-02-20 04:00:00,265.39,265.52,265.39,265.49,311.0
2026-02-20 04:15:00,265.69,265.69,265.46,265.46,696.0
2026-02-20 04:30:00,265.53,265.53,265.3,265.3,128.0
2026-02-20 04:45:00,265.18,265.28,265.02,265.02,803.0
2026-02-20 05:00:00,265.03,265.15,265.03,265.1,419.0
2026-02-20 05:15:00,265.02,265.03,265.02,265.03,180.0
2026-02-20 05:30:00,264.99,265.0,264.99,265.0,150.0
2026-02-20 05:45:00,264.96,264.96,264.7,264.7,361.0
2026-02-20 06:00:00,264.64,264.64,264.21,264.35,1661.0
2026-02-20 06:15:00,264.37,264.39,264.19,264.36,315.0
2026-02-20 06:30:00,264.53,264.55,264.32,264.42,639.0
2026-02-20 06:45:00,264.25,264.25,264.07,264.07,1395.0
2026-02-20 07:00:00,264.08,264.15,263.96,264.14,1269.0
2026-02-20 07:15:00,264.21,264.21,263.69,263.79,1430.0
2026-02-20 07:30:00,263.63,263.76,263.5,263.6,4987.0
2026-02-20 07:45:00,263.42,263.75,263.35,263.75,14867.0
2026-02-20 08:00:00,263.77,263.948,263.6196,263.91,35300.0
2026-02-20 08:15:00,263.91,264.32,263.8272,264.3,21470.0
2026-02-20 08:30:00,264.1,264.1,262.74,262.89,123386.0
2026-02-20 08:45:00,262.92,262.96,262.37,262.91,32794.0
2026-02-20 09:00:00,262.84,262.89,262.3495,262.37,32539.0
2026-02-20 09:15:00,262.36,262.85,261.91,262.84,97968.0
2026-02-23 04:00:00,263.08,263.39,263.07,263.39,809.0
2026-02-23 04:15:00,263.33,263.42,263.31,263.31,647.0
2026-02-23 04:30:00,263.37,263.49,263.27,263.44,376.0
2026-02-23 04:45:00,263.44,263.47,263.41,263.41,71.0
2026-02-23 05:00:00,263.46,263.54,263.42,263.54,457.0
2026-02-23 05:15:00,263.45,263.45,263.24,263.31,1911.0
2026-02-23 05:30:00,263.29,263.43,263.29,263.43,172.0
2026-02-23 05:45:00,263.44,263.44,263.44,263.44,4.0
2026-02-23 06:00:00,263.48,263.56,263.48,263.56,300.0
2026-02-23 06:30:00,263.52,263.63,263.51,263.62,2859.0
2026-02-23 06:45:00,263.44,263.44,263.06,263.24,3107.0
2026-02-23 07:00:00,263.331,263.4,263.14,263.14,4838.0
2026-02-23 07:15:00,262.98,262.98,262.75,262.75,529.0
2026-02-23 07:30:00,262.75,262.78,262.51,262.78,15548.0
2026-02-23 07:45:00,262.9,262.9,262.68,262.68,634.0
2026-02-23 08:00:00,262.9,263.09,262.5992,262.99,13578.0
2026-02-23 08:15:00,262.9889,263.221,262.9889,263.1,15293.0
2026-02-23 08:30:00,263.22,263.31,263.005,263.29,4155.0
2026-02-23 08:45:00,263.31,263.33,263.09,263.17,3883.0
2026-02-23 09:00:00,263.2,263.29,263.07,263.25,9891.0
2026-02-23 09:15:00,263.24,263.44,263.09,263.43,9249.0
2026-02-24 04:00:00,260.61,260.91,260.61,260.91,574.0
2026-02-24 04:15:00,260.98,260.98,260.96,260.96,195.0
2026-02-24 04:45:00,261.01,261.01,260.98,260.98,722.0
2026-02-24 05:00:00,261.23,261.23,261.23,261.23,100.0
2026-02-24 05:15:00,261.0,261.05,261.0,261.05,1230.0
2026-02-24 05:30:00,261.11,261.11,261.11,261.11,30.0
2026-02-24 06:00:00,261.12,261.13,261.06,261.13,426.0
2026-02-24 06:15:00,260.92,260.93,260.91,260.93,9361.0
2026-02-24 06:30:00,260.8,260.83,260.79,260.83,111.0
2026-02-24 06:45:00,260.92,260.94,260.92,260.94,605.0
2026-02-24 07:00:00,261.03,261.14,260.99,261.14,1151.0
2026-02-24 07:15:00,260.87,260.87,260.77,260.82,317.0
2026-02-24 07:30:00,260.79,260.79,260.39,260.48,607.0
2026-02-24 07:45:00,260.5,260.61,260.18,260.59,7833.0
2026-02-24 08:00:00,260.87,260.92,260.439,260.49,31513.0
2026-02-24 08:15:00,260.56,260.8,260.49,260.75,7100.0
2026-02-24 08:30:00,260.84,260.88,260.54,260.81,7758.0
2026-02-24 08:45:00,260.79,261.04,260.78,260.92,6100.0
2026-02-24 09:00:00,260.85,260.9707,260.65,260.7,16142.0
2026-02-24 09:15:00,260.74,260.75,260.1292,260.38,15043.0
2026-02-25 04:00:00,264.33,264.38,264.18,264.35,499.0
2026-02-25 04:15:00,264.38,264.38,264.38,264.38,106.0
2026-02-25 04:30:00,264.38,264.41,264.36,264.41,965.0
2026-02-25 04:45:00,264.42,264.56,264.42,264.56,69.0
2026-02-25 05:00:00,264.39,264.39,264.39,264.39,100.0
2026-02-25 05:15:00,264.29,264.29,264.28,264.29,622.0
2026-02-25 05:30:00,264.32,264.45,264.3,264.44,1360.0
2026-02-25 05:45:00,264.49,264.49,264.36,264.36,248.0
2026-02-25 06:00:00,264.35,264.43,264.35,264.37,953.0
2026-02-25 06:15:00,264.39,264.53,264.33,264.53,241.0
2026-02-25 06:30:00,264.55,264.71,264.55,264.67,428.0
2026-02-25 06:45:00,264.67,264.85,264.66,264.85,766.0
2026-02-25 07:00:00,264.87,265.01,264.87,264.92,797.0
2026-02-25 07:15:00,264.98,265.17,264.92,265.05,5514.0
2026-02-25 07:30:00,264.97,265.16,264.9,265.16,7094.0
2026-02-25 07:45:00,265.15,265.3,265.11,265.22,1497.0
2026-02-25 08:00:00,265.12,265.24,265.0513,265.13,17773.0
2026-02-25 08:15:00,265.1,265.18,265.0,265.13,4698.0
2026-02-25 08:30:00,265.08,265.08,264.71,264.71,26333.0
2026-02-25 08:45:00,264.69,265.03,264.61,265.0079,10327.0
2026-02-25 09:00:00,265.05,265.66,265.05,265.391,28163.0
2026-02-25 09:15:00,265.37,265.44,265.21,265.22,9736.0
2026-02-26 04:00:00,264.77,264.8,264.77,264.8,230.0
2026-02-26 04:15:00,264.82,264.95,264.8,264.92,2063.0
2026-02-26 04:30:00,264.92,265.46,264.92,265.45,2364.0
2026-02-26 04:45:00,265.45,265.45,265.12,265.12,701.0
2026-02-26 05:00:00,265.2,265.2,265.05,265.13,1518.0
2026-02-26 05:15:00,265.07,265.18,265.07,265.16,2133.0
2026-02-26 05:30:00,265.24,265.29,265.2,265.23,643.0
2026-02-26 05:45:00,265.24,265.24,265.13,265.13,1309.0
2026-02-26 06:00:00,265.12,265.25,265.12,265.25,2342.0
2026-02-26 06:15:00,265.14,265.15,265.04,265.14,1367.0
2026-02-26 06:30:00,265.17,265.17,265.17,265.17,100.0
2026-02-26 06:45:00,265.15,265.2,265.09,265.09,2298.0
2026-02-26 07:00:00,265.09,265.11,264.93,265.05,1521.0
2026-02-26 07:15:00,265.189,265.42,265.099,265.42,26849.0
2026-02-26 07:30:00,265.42,265.5,265.22,265.309,4029.0
2026-02-26 07:45:00,265.33,265.5,265.3,265.3,4656.0
2026-02-26 08:00:00,265.1,265.38,265.09,265.26,15471.0
2026-02-26 08:15:00,265.23,265.34,265.19,265.33,5420.0
2026-02-26 08:30:00,265.31,265.41,265.1,265.1,118928.0
2026-02-26 08:45:00,265.12,265.35,265.09,265.18,5814.0
2026-02-26 09:00:00,265.16,265.28,265.12,265.25,4194.0
2026-02-26 09:15:00,265.26,265.4,265.05,265.05,8674.0
2026-02-27 04:00:00,264.39,264.49,264.34,264.34,457.0
2026-02-27 04:15:00,264.57,264.57,264.27,264.44,5913.0
2026-02-27 04:30:00,264.43,264.43,264.08,264.08,923.0
2026-02-27 04:45:00,264.07,264.11,264.07,264.07,233.0
2026-02-27 05:00:00,264.03,264.03,263.34,263.4,1212.0
2026-02-27 05:15:00,263.66,263.79,263.64,263.71,743.0
2026-02-27 05:30:00,263.77,263.95,263.66,263.95,597.0
2026-02-27 05:45:00,263.94,263.94,263.74,263.8,2456.0
2026-02-27 06:00:00,263.87,263.87,263.62,263.76,318.0
2026-02-27 06:15:00,263.71,263.95,263.71,263.87,1629.0
2026-02-27 06:30:00,263.88,263.88,263.4,263.4,278.0
2026-02-27 06:45:00,263.51,263.52,263.32,263.4,678.0
2026-02-27 07:00:00,263.43,263.59,263.08,263.59,11570.0
2026-02-27 07:15:00,263.72,263.95,263.65,263.76,11108.0
2026-02-27 07:30:00,263.68,263.68,263.11,263.11,16348.0
2026-02-27 07:45:00,263.17,263.19,262.91,262.99,7022.0
2026-02-27 08:00:00,263.15,263.24,262.9446,262.96,42301.0
2026-02-27 08:15:00,263.0,263.0,262.19,262.41,32153.0
2026-02-27 08:30:00,262.34,262.35,261.26,261.75,93870.0
2026-02-27 08:45:00,261.76,262.47,261.76,262.43,60192.0
2026-02-27 09:00:00,262.38,262.39,261.78,262.1,52818.0
2026-02-27 09:15:00,262.03,262.13,261.67,262.07,64179.0
2026-03-02 04:00:00,256.73,257.68,256.73,257.68,4378.0
2026-03-02 04:15:00,257.88,257.88,257.72,257.75,130.0
2026-03-02 04:30:00,258.05,258.05,257.69,257.89,524.0
2026-03-02 04:45:00,257.88,258.06,257.83,257.87,587.0
2026-03-02 05:00:00,258.01,258.32,258.01,258.17,402.0
2026-03-02 05:15:00,258.0,258.2,258.0,258.05,401.0
2026-03-02 05:30:00,258.3,258.4,258.03,258.03,555.0
2026-03-02 05:45:00,258.19,258.19,258.03,258.03,48.0
2026-03-02 06:00:00,257.91,257.91,257.67,257.74,210.0
2026-03-02 06:15:00,257.75,258.16,257.75,258.04,3876.0
2026-03-02 06:30:00,258.13,258.29,258.08,258.24,172.0
2026-03-02 06:45:00,258.45,258.68,258.23,258.23,917.0
2026-03-02 07:00:00,258.23,258.27,257.51,257.53,10994.0
2026-03-02 07:15:00,257.56,257.69,257.4,257.5,2899.0
2026-03-02 07:30:00,257.6,257.75,257.55,257.74,3416.0
2026-03-02 07:45:00,257.86,258.03,257.6,257.91,3528.0
2026-03-02 08:00:00,258.02,258.43,257.73,258.12,68536.0
2026-03-02 08:15:00,258.09,258.95,258.04,258.3546,62431.0
2026-03-02 08:30:00,258.3,258.45,257.9987,257.9987,40443.0
2026-03-02 08:45:00,257.97,258.08,257.66,257.74,19250.0
2026-03-02 09:00:00,257.73,257.95,257.54,257.78,34185.0
2026-03-02 09:15:00,257.78,257.81,257.34,257.73,65143.0
2026-03-03 04:00:00,256.91,258.03,256.91,257.85,37302.0
2026-03-03 04:15:00,257.73,258.12,257.73,257.76,13636.0
2026-03-03 04:30:00,257.87,257.87,257.37,257.5,18000.0
2026-03-03 04:45:00,257.25,257.34,256.69,256.93,12219.0
2026-03-03 05:00:00,257.13,257.13,256.48,256.53,3680.0
2026-03-03 05:15:00,256.53,257.15,256.52,256.81,11240.0
2026-03-03 05:30:00,256.9,257.24,256.39,257.24,9555.0
2026-03-03 05:45:00,257.34,257.39,256.28,256.72,22347.0
2026-03-03 06:00:00,256.51,257.04,256.51,256.92,2989.0
2026-03-03 06:15:00,256.79,256.88,255.91,256.82,3869.0
2026-03-03 06:30:00,257.03,257.59,257.02,257.58,9537.0
2026-03-03 06:45:00,257.7,257.7,257.06,257.4,9017.0
2026-03-03 07:00:00,257.4,258.411,257.37,258.29,11802.0
2026-03-03 07:15:00,258.2,258.68,258.17,258.4,9595.0
2026-03-03 07:30:00,258.16,258.31,257.92,258.18,3590.0
2026-03-03 07:45:00,258.54,258.59,257.79,258.22,11338.0
2026-03-03 08:00:00,258.24,258.42,257.8,257.9481,141339.0
2026-03-03 08:15:00,257.88,258.3,257.5992,257.6408,21084.0
2026-03-03 08:30:00,257.61,257.61,256.68,257.28,47712.0
2026-03-03 08:45:00,257.25,257.45,256.74,257.2,44307.0
2026-03-03 09:00:00,257.23,257.27,256.52,256.64,22823.0
2026-03-03 09:15:00,256.74,257.25,256.51,256.79,37569.0
2026-03-04 04:00:00,257.97,258.58,257.85,258.58,1418.0
2026-03-04 04:15:00,258.49,258.66,258.49,258.59,246.0
2026-03-04 04:30:00,258.65,258.79,258.43,258.79,753.0
2026-03-04 04:45:00,259.01,259.18,258.97,258.97,1175.0
2026-03-04 05:00:00,259.15,261.03,259.15,261.03,11785.0
2026-03-04 05:15:00,261.04,261.04,260.08,260.14,1988.0
2026-03-04 05:30:00,260.27,260.73,260.23,260.67,6131.0
2026-03-04 05:45:00,260.56,260.6,260.24,260.6,2185.0
2026-03-04 06:00:00,260.68,261.29,260.68,261.25,2919.0
2026-03-04 06:15:00,261.32,261.58,261.01,261.01,1595.0
2026-03-04 06:30:00,261.05,261.08,260.59,260.59,1269.0
2026-03-04 06:45:00,260.5,260.7,260.1,260.25,4720.0
2026-03-04 07:00:00,260.26,260.95,260.26,260.63,926.0
2026-03-04 07:15:00,260.28,260.28,259.55,259.56,9082.0
2026-03-04 07:30:00,259.6,260.13,259.55,260.0,4154.0
2026-03-04 07:45:00,259.85,260.27,259.69,260.27,33425.0
2026-03-04 08:00:00,260.24,261.6,260.1,261.34,130027.0
2026-03-04 08:15:00,261.46,261.69,260.93,261.23,26452.0
2026-03-04 08:30:00,261.225,261.44,260.86,261.21,41104.0
2026-03-04 08:45:00,261.2228,261.44,260.94,261.1512,20311.0
2026-03-04 09:00:00,261.12,261.49,261.08,261.39,11722.0
2026-03-04 09:15:00,261.44,261.78,261.08,261.2,34843.0
2026-03-05 04:00:00,260.34,262.31,260.29,262.12,4135.0
2026-03-05 04:15:00,261.98,262.13,261.41,261.41,3101.0
2026-03-05 04:30:00,261.43,261.43,260.79,260.83,1452.0
2026-03-05 04:45:00,260.73,260.96,260.5,260.95,1182.0
2026-03-05 05:00:00,260.96,261.1,260.76,261.1,907.0
2026-03-05 05:15:00,261.08,261.18,260.98,261.18,242.0
2026-03-05 05:30:00,261.27,261.27,260.77,260.77,1170.0
2026-03-05 05:45:00,260.77,260.78,260.77,260.78,32.0
2026-03-05 06:00:00,260.96,261.18,260.66,261.18,10646.0
2026-03-05 06:15:00,261.39,261.39,261.25,261.25,133.0
2026-03-05 06:30:00,261.01,261.01,260.75,260.75,333.0
2026-03-05 06:45:00,260.86,260.86,260.58,260.58,954.0
2026-03-05 07:00:00,260.55,260.62,260.3,260.46,5013.0
2026-03-05 07:15:00,260.42,261.23,260.38,260.75,19757.0
2026-03-05 07:30:00,260.85,260.85,260.31,260.38,4489.0
2026-03-05 07:45:00,260.47,260.5,259.91,260.08,7941.0
2026-03-05 08:00:00,260.3313,260.34,259.71,259.7565,47738.0
2026-03-05 08:15:00,259.7404,260.02,259.47,259.7987,38316.0
2026-03-05 08:30:00,259.9,260.0,259.28,259.62,32616.0
2026-03-05 08:45:00,259.64,259.77,258.85,258.95,19832.0
2026-03-05 09:00:00,259.05,259.23,258.7707,258.82,26573.0
2026-03-05 09:15:00,258.88,258.98,258.61,258.98,35160.0
2026-03-06 04:00:00,257.7,257.81,257.05,257.2,3396.0
2026-03-06 04:15:00,257.03,257.03,256.25,256.29,2652.0
2026-03-06 04:30:00,256.23,256.23,255.56,255.66,6984.0
2026-03-06 04:45:00,255.73,255.88,255.43,255.69,4409.0
2026-03-06 05:00:00,255.86,256.42,255.85,256.26,1011.0
2026-03-06 05:15:00,256.31,256.46,255.97,256.45,1313.0
2026-03-06 05:30:00,256.15,256.32,256.04,256.32,1000.0
2026-03-06 05:45:00,256.04,256.34,256.04,256.34,1227.0
2026-03-06 06:00:00,256.0,256.18,255.51,256.18,1656.0
2026-03-06 06:15:00,255.91,256.19,255.91,256.03,2713.0
2026-03-06 06:30:00,256.08,256.08,254.93,255.13,8763.0
2026-03-06 06:45:00,255.03,255.38,254.74,254.88,2708.0
2026-03-06 07:00:00,254.91,254.971,254.64,254.85,3443.0
2026-03-06 07:15:00,254.9,255.07,254.83,254.83,8558.0
2026-03-06 07:30:00,254.67,254.91,254.31,254.51,12331.0
2026-03-06 07:45:00,254.44,254.6,254.25,254.481,10362.0
2026-03-06 08:00:00,254.42,254.92,254.385,254.8,178157.0
2026-03-06 08:15:00,254.73,255.08,254.6,255.07,36081.0
2026-03-06 08:30:00,254.83,255.0,252.16,252.46,217123.0
2026-03-06 08:45:00,252.36,252.36,250.74,251.1304,680571.0
2026-03-06 09:00:00,251.0,251.27,250.46,251.07,122740.0
2026-03-06 09:15:00,251.0,251.49,250.94,251.44,194761.0
2026-03-09 04:00:00,244.28,244.66,244.07,244.4,12350.0
2026-03-09 04:15:00,244.0,245.16,243.96,244.65,4023.0
2026-03-09 04:30:00,244.67,245.39,244.48,244.48,3105.0
2026-03-09 04:45:00,244.4,245.41,244.4,245.24,3541.0
2026-03-09 05:00:00,245.26,245.59,244.94,245.59,4489.0
2026-03-09 05:15:00,245.72,246.76,245.72,246.64,1006.0
2026-03-09 05:30:00,246.69,247.72,246.28,247.06,14760.0
2026-03-09 05:45:00,246.83,246.83,246.42,246.78,1057.0
2026-03-09 06:00:00,246.87,246.88,246.28,246.28,3171.0
2026-03-09 06:15:00,246.55,246.55,245.92,245.92,1928.0
2026-03-09 06:30:00,245.86,246.32,245.86,246.32,36240.0
2026-03-09 06:45:00,246.09,246.1,245.42,245.69,1530.0
2026-03-09 07:00:00,245.88,246.58,245.77,246.12,19411.0
2026-03-09 07:15:00,246.1,246.1,245.641,245.79,3639.0
2026-03-09 07:30:00,245.79,246.69,245.73,246.25,18290.0
2026-03-09 07:45:00,246.36,246.7,246.16,246.16,25478.0
2026-03-09 08:00:00,246.19,246.8606,245.988,246.77,104839.0
2026-03-09 08:15:00,246.92,247.49,246.885,247.45,23846.0
2026-03-09 08:30:00,247.41,247.48,246.2184,246.25,53232.0
2026-03-09 08:45:00,246.37,246.46,245.75,246.46,61641.0
2026-03-09 09:00:00,246.545,247.39,246.45,247.37,26986.0
2026-03-09 09:15:00,247.33,247.51,246.89,247.51,117299.0
2026-03-10 04:00:00,254.0,254.79,254.0,254.64,3401.0
2026-03-10 04:15:00,254.64,254.79,254.25,254.79,1211.0
2026-03-10 04:30:00,254.77,254.97,254.7,254.97,802.0
2026-03-10 04:45:00,255.02,255.13,254.16,254.22,1279.0
2026-03-10 05:00:00,254.39,254.94,254.36,254.94,948.0
2026-03-10 05:15:00,254.7,254.7,254.45,254.49,526.0
2026-03-10 05:30:00,254.59,254.65,254.59,254.65,116.0
2026-03-10 05:45:00,254.72,254.73,254.27,254.32,1304.0
2026-03-10 06:00:00,254.26,254.26,253.73,254.02,2640.0
2026-03-10 06:15:00,253.97,254.14,253.88,254.1,4325.0
2026-03-10 06:30:00,254.19,254.23,253.17,253.46,2237.0
2026-03-10 06:45:00,253.67,253.67,253.32,253.43,7718.0
2026-03-10 07:00:00,253.36,254.08,253.08,253.08,19057.0
2026-03-10 07:15:00,252.82,252.98,252.66,252.73,3217.0
2026-03-10 07:30:00,252.87,252.87,252.36,252.459,9329.0
2026-03-10 07:45:00,252.45,252.72,252.23,252.56,20142.0
2026-03-10 08:00:00,252.47,252.5281,251.42,251.85,105460.0
2026-03-10 08:15:00,251.8,252.22,251.62,251.63,23055.0
2026-03-10 08:30:00,251.63,252.1481,251.46,252.05,15064.0
2026-03-10 08:45:00,252.1,252.56,252.05,252.23,15129.0
2026-03-10 09:00:00,252.26,252.64,252.18,252.47,11400.0
2026-03-10 09:15:00,252.42,252.85,252.3513,252.85,21629.0
2026-03-11 04:00:00,253.3,253.43,252.98,253.43,6740.0
2026-03-11 04:15:00,253.4,253.4,253.22,253.32,729.0
2026-03-11 04:30:00,253.15,253.15,252.65,252.94,635.0
2026-03-11 04:45:00,252.86,252.86,251.75,252.35,10788.0
2026-03-11 05:00:00,252.31,252.31,251.62,251.75,5070.0
2026-03-11 05:15:00,252.07,252.29,251.56,251.56,1570.0
2026-03-11 05:30:00,251.64,252.0,251.64,251.74,4896.0
2026-03-11 05:45:00,252.04,252.04,251.59,251.75,629.0
2026-03-11 06:00:00,251.72,252.58,251.59,252.5,3631.0
2026-03-11 06:15:00,252.74,252.8,252.53,252.54,1474.0
2026-03-11 06:30:00,252.93,253.64,252.93,253.64,3710.0
2026-03-11 06:45:00,253.67,253.72,253.58,253.62,443.0
2026-03-11 07:00:00,253.74,254.02,253.61,253.78,9883.0
2026-03-11 07:15:00,253.85,253.9,252.73,252.73,3205.0
2026-03-11 07:30:00,252.7,252.93,252.34,252.51,14511.0
2026-03-11 07:45:00,252.49,252.57,251.78,252.3,61924.0
2026-03-11 08:00:00,252.13,252.64,251.96,252.12,66603.0
2026-03-11 08:15:00,252.22,252.68,252.05,252.57,136156.0
2026-03-11 08:30:00,252.43,253.29,251.36,251.4289,97469.0
2026-03-11 08:45:00,251.4456,251.5,250.9995,251.37,36970.0
2026-03-11 09:00:00,251.5,252.15,251.45,251.65,53100.0
2026-03-11 09:15:00,251.59,252.3515,251.5474,252.23,30892.0
2026-03-12 04:00:00,249.62,250.3,249.62,250.08,2766.0
2026-03-12 04:15:00,249.99,250.14,249.83,249.84,574.0
2026-03-12 04:30:00,249.88,249.91,249.39,249.78,4467.0
2026-03-12 04:45:00,249.84,250.14,249.83,249.83,1005.0
2026-03-12 05:00:00,249.98,249.98,249.47,249.47,1504.0
2026-03-12 05:15:00,249.55,249.78,249.29,249.78,2675.0
2026-03-12 05:30:00,249.95,250.58,249.81,250.58,1914.0
2026-03-12 05:45:00,250.53,250.69,250.35,250.59,1234.0
2026-03-12 06:00:00,250.45,250.6,250.45,250.6,14082.0
2026-03-12 06:15:00,250.64,250.64,250.4,250.4,2207.0
2026-03-12 06:30:00,250.51,250.85,250.39,250.41,26340.0
2026-03-12 06:45:00,250.37,250.6,250.21,250.34,2017.0
2026-03-12 07:00:00,250.27,250.32,249.8,249.94,3644.0
2026-03-12 07:15:00,249.97,250.34,249.87,250.02,13305.0
2026-03-12 07:30:00,250.19,251.0,250.19,250.94,6197.0
2026-03-12 07:45:00,250.78,250.82,249.72,249.72,16641.0
2026-03-12 08:00:00,249.63,249.92,249.01,249.4813,89909.0
2026-03-12 08:15:00,249.5184,249.64,249.3,249.54,30059.0
2026-03-12 08:30:00,249.6,249.6,249.05,249.35,113856.0
2026-03-12 08:45:00,249.3,249.47,249.0861,249.31,118674.0
2026-03-12 09:00:00,249.3695,249.6299,248.97,249.0,19964.0
2026-03-12 09:15:00,249.0,249.02,248.2,248.9,151401.0
2026-03-13 04:00:00,246.67,246.71,245.72,245.82,5076.0
2026-03-13 04:15:00,245.82,245.95,245.62,245.68,2661.0
2026-03-13 04:30:00,245.75,246.42,245.75,246.42,402.0
2026-03-13 04:45:00,246.25,247.2,246.25,247.18,2855.0
2026-03-13 05:00:00,247.15,247.8,247.15,247.37,7096.0
2026-03-13 05:15:00,247.36,247.53,247.21,247.49,2916.0
2026-03-13 05:30:00,247.37,247.57,247.34,247.39,676.0
2026-03-13 05:45:00,247.45,247.87,247.45,247.69,1600.0
2026-03-13 06:00:00,247.7,248.26,247.7,248.26,6847.0
2026-03-13 06:15:00,248.23,248.53,248.17,248.17,3949.0
2026-03-13 06:30:00,248.1,248.32,248.0,248.0,807.0
2026-03-13 06:45:00,247.9,248.47,247.9,248.4,13261.0
2026-03-13 07:00:00,248.67,249.03,248.36,248.65,12741.0
2026-03-13 07:15:00,248.48,249.11,248.48,248.76,21966.0
2026-03-13 07:30:00,248.68,249.15,248.67,249.09,7575.0
2026-03-13 07:45:00,249.27,249.36,249.0,249.29,11666.0
2026-03-13 08:00:00,249.31,249.62,248.68,248.9,66260.0
2026-03-13 08:15:00,248.91,249.05,248.52,249.05,13745.0
2026-03-13 08:30:00,248.9011,249.42,248.87,249.1313,72105.0
2026-03-13 08:45:00,249.1,250.1511,249.07,249.29,66612.0
2026-03-13 09:00:00,249.33,249.45,248.83,249.17,46944.0
2026-03-13 09:15:00,249.13,249.3591,249.03,249.14,14356.0
2026-03-16 04:00:00,247.99,248.4,247.94,247.94,13176.0
2026-03-16 04:15:00,247.87,248.37,247.74,248.03,2775.0
2026-03-16 04:30:00,247.94,247.94,247.46,247.46,1002.0
2026-03-16 04:45:00,247.5,247.87,247.38,247.8,2024.0
2026-03-16 05:00:00,247.33,247.68,246.89,247.68,3570.0
2026-03-16 05:15:00,247.42,247.42,247.16,247.16,1719.0
2026-03-16 05:30:00,246.84,247.07,246.84,246.88,317.0
2026-03-16 05:45:00,246.76,247.39,246.75,247.03,1887.0
2026-03-16 06:00:00,246.92,247.45,246.92,247.42,507.0
2026-03-16 06:15:00,247.66,248.49,247.65,248.49,1678.0
2026-03-16 06:30:00,248.45,248.74,248.32,248.63,2384.0
2026-03-16 06:45:00,248.45,249.07,248.45,248.95,17827.0
2026-03-16 07:00:00,248.93,248.97,248.5,248.6,8628.0
2026-03-16 07:15:00,248.6,248.6,248.15,248.2,18152.0
2026-03-16 07:30:00,248.25,248.98,248.2,248.98,4870.0
2026-03-16 07:45:00,249.0,249.21,248.93,249.21,6604.0
2026-03-16 08:00:00,249.04,249.88,249.04,249.69,130412.0
2026-03-16 08:15:00,249.61,249.67,249.31,249.39,18884.0
2026-03-16 08:30:00,249.38,249.92,249.38,249.77,24088.0
2026-03-16 08:45:00,249.95,249.95,249.36,249.459,23119.0
2026-03-16 09:00:00,249.5,249.87,249.42,249.71,34113.0
2026-03-16 09:15:00,249.85,250.12,249.71,249.73,46056.0
2026-03-17 04:00:00,246.59,246.82,246.47,246.47,6947.0
2026-03-17 04:15:00,246.49,246.8,246.49,246.49,517.0
2026-03-17 04:30:00,246.61,247.21,246.27,247.21,2691.0
2026-03-17 04:45:00,246.74,246.74,246.42,246.54,363.0
2026-03-17 05:00:00,246.8,246.98,246.71,246.91,2014.0
2026-03-17 05:15:00,247.07,247.94,247.04,247.94,2332.0
2026-03-17 05:30:00,247.95,247.95,247.57,247.65,2225.0
2026-03-17 05:45:00,247.77,247.86,247.64,247.86,4057.0
2026-03-17 06:00:00,247.85,247.89,247.51,247.54,60212.0
2026-03-17 06:15:00,247.47,247.47,247.1,247.25,2376.0
2026-03-17 06:30:00,247.31,247.51,247.31,247.33,1764.0
2026-03-17 06:45:00,247.29,247.64,247.29,247.64,152.0
2026-03-17 07:00:00,247.73,247.91,247.61,247.67,4748.0
2026-03-17 07:15:00,247.68,247.93,247.56,247.87,6836.0
2026-03-17 07:30:00,247.78,247.95,247.6,247.88,7861.0
2026-03-17 07:45:00,247.9,247.95,247.64,247.69,4877.0
2026-03-17 08:00:00,247.7095,248.8,247.55,248.73,76569.0
2026-03-17 08:15:00,248.72,248.9493,248.55,248.82,35376.0
2026-03-17 08:30:00,248.85,249.37,248.82,249.16,40890.0
2026-03-17 08:45:00,249.13,249.21,248.87,249.15,6760.0
2026-03-17 09:00:00,249.12,249.6,249.12,249.52,34671.0
2026-03-17 09:15:00,249.52,249.9,249.45,249.9,46487.0
2026-03-18 04:00:00,252.26,252.55,252.23,252.55,3957.0
2026-03-18 04:15:00,252.5,252.5,252.32,252.32,348.0
2026-03-18 04:30:00,252.14,252.36,252.1,252.22,561.0
2026-03-18 04:45:00,252.25,252.35,252.25,252.35,107.0
2026-03-18 05:00:00,252.4,252.4,252.4,252.4,88.0
2026-03-18 05:15:00,252.11,252.45,252.1,252.3,883.0
2026-03-18 05:30:00,252.3,252.42,252.23,252.42,530.0
2026-03-18 05:45:00,252.34,252.34,252.34,252.34,105.0
2026-03-18 06:00:00,252.21,252.34,252.17,252.32,7762.0
2026-03-18 06:15:00,252.39,252.5,252.38,252.38,1675.0
2026-03-18 06:30:00,252.37,252.37,252.15,252.15,615.0
2026-03-18 06:45:00,252.12,252.13,251.88,251.97,2438.0
2026-03-18 07:00:00,251.89,252.03,251.72,251.92,706.0
2026-03-18 07:15:00,251.92,251.92,251.18,251.25,4139.0
2026-03-18 07:30:00,251.11,251.89,251.11,251.8,8700.0
2026-03-18 07:45:00,251.85,251.85,251.15,251.15,3155.0
2026-03-18 08:00:00,251.319,251.36,250.18,250.2327,51393.0
2026-03-18 08:15:00,250.47,250.51,249.3917,250.05,67809.0
2026-03-18 08:30:00,249.68,249.69,247.99,248.22,120278.0
2026-03-18 08:45:00,248.23,248.45,247.61,247.79,62961.0
2026-03-18 09:00:00,247.82,248.11,247.51,247.65,42149.0
2026-03-18 09:15:00,247.63,248.41,247.42,248.41,38506.0
2026-03-19 04:00:00,245.0,245.47,244.88,245.25,4074.0
2026-03-19 04:15:00,245.33,245.33,244.67,244.72,2153.0
2026-03-19 04:30:00,244.74,244.84,244.2,244.2,2967.0
2026-03-19 04:45:00,244.4,244.77,244.23,244.65,3836.0
2026-03-19 05:00:00,244.96,245.21,244.78,244.91,3039.0
2026-03-19 05:15:00,244.89,245.16,243.84,243.96,9740.0
2026-03-19 05:30:00,244.09,244.66,244.01,244.41,5241.0
2026-03-19 05:45:00,244.4,245.7,244.4,245.49,9877.0
2026-03-19 06:00:00,245.44,245.44,245.18,245.24,851.0
2026-03-19 06:15:00,244.95,245.02,244.85,245.0,498.0
2026-03-19 06:30:00,245.09,245.11,244.71,244.71,2054.0
2026-03-19 06:45:00,244.76,244.76,244.45,244.6,5405.0
2026-03-19 07:00:00,244.62,244.89,244.45,244.77,7409.0
2026-03-19 07:15:00,244.54,244.54,243.91,244.26,25723.0
2026-03-19 07:30:00,244.28,244.28,243.73,243.79,9838.0
2026-03-19 07:45:00,243.85,244.68,243.78,244.61,30572.0
2026-03-19 08:00:00,245.0188,245.0188,243.6252,244.0878,86266.0
2026-03-19 08:15:00,244.0154,244.33,243.19,243.78,40401.0
2026-03-19 08:30:00,243.78,243.9249,243.07,243.6,91992.0
2026-03-19 08:45:00,243.59,243.59,242.9182,243.0577,12769.0
2026-03-19 09:00:00,243.05,243.0896,242.3,242.3,34117.0
2026-03-19 09:15:00,242.3,243.8,242.14,243.0,61651.0
2026-03-20 04:00:00,248.68,249.0,248.5,249.0,5864.0
2026-03-20 04:15:00,248.99,248.99,248.43,248.43,1678.0
2026-03-20 04:30:00,248.31,248.87,248.31,248.57,2669.0
2026-03-20 04:45:00,248.18,248.3,248.1,248.1,2190.0
2026-03-20 05:00:00,248.05,248.33,247.96,248.01,2347.0
2026-03-20 05:15:00,247.8,247.8,247.3,247.35,837.0
2026-03-20 05:30:00,247.2,247.64,246.79,246.91,793.0
2026-03-20 05:45:00,246.82,246.82,245.76,245.97,6199.0
2026-03-20 06:00:00,245.88,245.88,244.87,245.15,3683.0
2026-03-20 06:15:00,245.2,245.26,244.82,245.16,5926.0
2026-03-20 06:30:00,245.21,246.22,245.21,245.95,6739.0
2026-03-20 06:45:00,245.84,245.85,245.58,245.78,1405.0
2026-03-20 07:00:00,245.75,246.84,245.74,246.77,5086.0
2026-03-20 07:15:00,246.72,246.79,246.4,246.56,10540.0
2026-03-20 07:30:00,246.51,246.65,246.27,246.53,3772.0
2026-03-20 07:45:00,246.39,246.74,246.12,246.72,5095.0
2026-03-20 08:00:00,246.7,247.34,246.31,247.05,92167.0
2026-03-20 08:15:00,247.06,247.06,246.5078,246.92,11742.0
2026-03-20 08:30:00,246.91,246.97,246.19,246.57,33562.0
2026-03-20 08:45:00,246.65,247.0,246.49,246.9,13458.0
2026-03-20 09:00:00,246.9174,247.03,246.1203,246.51,43643.0
2026-03-20 09:15:00,246.44,246.92,246.33,246.92,43584.0
2026-03-23 04:00:00,239.11,239.6,239.02,239.43,4970.0
2026-03-23 04:15:00,239.56,239.56,239.25,239.36,1016.0
2026-03-23 04:30:00,239.75,239.86,239.45,239.49,1869.0
2026-03-23 04:45:00,239.81,239.94,239.4,239.56,2056.0
2026-03-23 05:00:00,239.31,239.73,239.12,239.65,2056.0
2026-03-23 05:15:00,239.53,239.83,239.31,239.31,3847.0
2026-03-23 05:30:00,239.44,239.44,238.42,238.65,12486.0
2026-03-23 05:45:00,238.81,239.07,238.72,238.91,17879.0
2026-03-23 06:00:00,239.1,239.34,239.05,239.22,985.0
2026-03-23 06:15:00,239.04,239.11,238.59,238.71,1111.0
2026-03-23 06:30:00,238.86,239.2,238.58,238.8,9157.0
2026-03-23 06:45:00,238.64,239.81,238.42,238.97,3545.0
2026-03-23 07:00:00,239.19,253.12,239.18,252.82,418173.0
2026-03-23 07:15:00,252.74,253.84,248.36,250.07,306721.0
2026-03-23 07:30:00,250.17,253.09,248.8,248.92,766910.0
2026-03-23 07:45:00,249.24,249.27,247.25,247.7,87461.0
2026-03-23 08:00:00,247.63,248.97,246.58,247.54,279172.0
2026-03-23 08:15:00,247.5,249.12,247.36,248.73,74019.0
2026-03-23 08:30:00,248.6,250.16,247.4785,249.85,278001.0
2026-03-23 08:45:00,250.0025,250.58,249.13,249.4495,98571.0
2026-03-23 09:00:00,249.5,249.94,248.18,248.43,89190.0
2026-03-23 09:15:00,248.37,248.61,247.2,247.21,55751.0
2026-03-24 04:00:00,248.09,248.34,247.92,248.34,1390.0
2026-03-24 04:15:00,248.21,248.21,247.12,247.24,2793.0
2026-03-24 04:30:00,247.27,247.62,247.12,247.12,332.0
2026-03-24 04:45:00,247.46,247.63,246.82,246.86,7786.0
2026-03-24 05:00:00,246.93,246.93,246.48,246.48,729.0
2026-03-24 05:15:00,246.09,246.5,246.09,246.46,277.0
2026-03-24 05:30:00,246.69,246.74,246.6,246.69,473.0
2026-03-24 05:45:00,247.07,247.55,246.92,247.36,1439.0
2026-03-24 06:00:00,247.35,247.59,246.77,247.47,1189.0
2026-03-24 06:15:00,247.54,247.6,247.33,247.33,288.0
2026-03-24 06:30:00,247.11,247.54,247.03,247.49,1189.0
2026-03-24 06:45:00,247.34,247.34,247.14,247.26,345.0
2026-03-24 07:00:00,247.28,247.58,246.85,247.47,3047.0
2026-03-24 07:15:00,247.25,247.26,246.85,247.0,3403.0
2026-03-24 07:30:00,246.99,247.07,246.89,247.02,2452.0
2026-03-24 07:45:00,247.06,247.54,245.9,247.18,7047.0
2026-03-24 08:00:00,247.2093,247.54,246.4968,246.71,34135.0
2026-03-24 08:15:00,246.65,246.98,246.49,246.74,28392.0
2026-03-24 08:30:00,246.65,246.69,245.7,245.77,46310.0
2026-03-24 08:45:00,245.79,246.2,245.65,245.69,94231.0
2026-03-24 09:00:00,245.72,246.06,244.83,245.6,41148.0
2026-03-24 09:15:00,245.59,245.71,245.1652,245.42,14218.0
2026-03-25 04:00:00,251.99,252.7,251.86,252.55,1765.0
2026-03-25 04:15:00,252.82,252.99,252.71,252.72,1852.0
2026-03-25 04:30:00,252.69,252.96,252.34,252.58,4945.0
2026-03-25 04:45:00,252.4,252.52,251.78,251.9,920.0
2026-03-25 05:00:00,251.83,252.36,251.83,252.35,941.0
2026-03-25 05:15:00,252.3,252.35,251.59,251.62,813.0
2026-03-25 05:30:00,251.86,251.86,251.65,251.7,887.0
2026-03-25 05:45:00,251.57,251.97,251.32,251.67,15567.0
2026-03-25 06:00:00,251.77,252.29,251.77,252.0,4340.0
2026-03-25 06:15:00,252.09,252.09,251.81,251.84,974.0
2026-03-25 06:30:00,251.67,251.9,251.66,251.75,658.0
2026-03-25 06:45:00,251.6,251.84,251.6,251.77,1440.0
2026-03-25 07:00:00,251.82,252.33,251.82,252.17,8341.0
2026-03-25 07:15:00,252.15,252.51,252.04,252.29,4641.0
2026-03-25 07:30:00,252.3,252.66,252.3,252.43,4495.0
2026-03-25 07:45:00,252.4,252.41,251.49,252.13,12994.0
2026-03-25 08:00:00,252.38,252.64,252.12,252.37,44968.0
2026-03-25 08:15:00,252.37,252.37,250.69,250.8,86894.0
2026-03-25 08:30:00,251.01,251.3,250.08,250.85,254193.0
2026-03-25 08:45:00,250.84,251.67,250.62,251.52,11039.0
2026-03-25 09:00:00,251.58,251.98,251.12,251.55,20747.0
2026-03-25 09:15:00,251.55,251.7,251.37,251.68,13912.0
2026-03-26 04:00:00,250.32,250.35,249.92,249.92,1275.0
2026-03-26 04:15:00,249.62,249.77,249.39,249.39,2745.0
2026-03-26 04:30:00,249.37,249.67,249.28,249.28,1374.0
2026-03-26 04:45:00,249.25,249.51,249.06,249.51,1230.0
2026-03-26 05:00:00,249.46,249.64,249.29,249.42,1263.0
2026-03-26 05:15:00,249.28,249.31,249.0,249.06,984.0
2026-03-26 05:30:00,248.7,248.94,248.66,248.9,1080.0
2026-03-26 05:45:00,248.73,249.25,248.64,249.12,5962.0
2026-03-26 06:00:00,249.04,249.49,249.04,249.41,11766.0
2026-03-26 06:15:00,249.47,249.55,249.29,249.55,937.0
2026-03-26 06:30:00,249.58,249.75,249.19,249.25,18418.0
2026-03-26 06:45:00,249.22,249.41,249.22,249.23,993.0
2026-03-26 07:00:00,249.27,249.39,249.09,249.27,2228.0
2026-03-26 07:15:00,249.26,249.27,248.69,248.87,27013.0
2026-03-26 07:30:00,248.88,248.9,248.43,248.49,12309.0
2026-03-26 07:45:00,248.49,248.58,248.14,248.17,14539.0
2026-03-26 08:00:00,248.19,248.9639,247.83,248.94,157000.0
2026-03-26 08:15:00,248.92,249.04,248.69,248.77,27027.0
2026-03-26 08:30:00,248.76,248.76,248.18,248.511,29558.0
2026-03-26 08:45:00,248.53,248.76,248.47,248.73,13557.0
2026-03-26 09:00:00,248.76,249.13,248.71,248.94,21027.0
2026-03-26 09:15:00,248.95,249.2,248.76,248.88,17954.0
2026-03-27 04:00:00,248.57,248.65,247.9,247.97,7476.0
2026-03-27 04:15:00,247.91,247.91,247.34,247.35,6500.0
2026-03-27 04:30:00,247.36,247.47,247.01,247.27,472.0
2026-03-27 04:45:00,247.32,247.44,247.07,247.15,1049.0
2026-03-27 05:00:00,247.12,247.13,246.34,246.68,7972.0
2026-03-27 05:15:00,247.11,247.4,246.92,247.33,877.0
2026-03-27 05:30:00,247.23,247.49,246.98,246.98,1213.0
2026-03-27 05:45:00,246.78,246.78,246.45,246.45,2374.0
2026-03-27 06:00:00,246.41,246.94,246.4,246.51,1260.0
2026-03-27 06:15:00,246.51,246.76,246.45,246.57,1455.0
2026-03-27 06:30:00,246.66,246.66,245.97,246.09,4494.0
2026-03-27 06:45:00,245.96,246.11,245.6,245.64,6859.0
2026-03-27 07:00:00,245.74,245.84,245.39,245.67,12245.0
2026-03-27 07:15:00,245.8,246.2,245.73,246.2,6858.0
2026-03-27 07:30:00,246.27,246.4,246.05,246.36,5698.0
2026-03-27 07:45:00,246.33,246.68,246.29,246.68,3267.0
2026-03-27 08:00:00,246.2,246.5,245.8,246.07,53021.0
2026-03-27 08:15:00,246.06,246.36,245.9303,246.1,8036.0
2026-03-27 08:30:00,246.11,246.17,245.75,245.99,5940.0
2026-03-27 08:45:00,246.06,246.07,245.53,245.86,42487.0
2026-03-27 09:00:00,245.9,245.9,245.2,245.32,34774.0
2026-03-27 09:15:00,245.33,246.16,245.33,246.03,51422.0
2026-03-30 04:00:00,244.11,244.43,243.87,244.4,17873.0
2026-03-30 04:15:00,244.4128,244.5292,244.23,244.52,5495.0
2026-03-30 04:30:00,244.54,244.74,244.43,244.46,1661.0
2026-03-30 04:45:00,244.5,244.68,244.5,244.57,1829.0
2026-03-30 05:00:00,244.68,244.68,244.41,244.51,944.0
2026-03-30 05:15:00,244.23,244.52,243.99,244.12,5355.0
2026-03-30 05:30:00,244.0,244.25,244.0,244.12,323.0
2026-03-30 05:45:00,244.14,244.32,244.13,244.32,1530.0
2026-03-30 06:00:00,244.25,244.39,244.07,244.15,7312.0
2026-03-30 06:15:00,244.4,244.55,244.4,244.47,404.0
2026-03-30 06:30:00,244.34,244.43,244.16,244.17,2148.0
2026-03-30 06:45:00,244.28,244.6,244.28,244.57,2284.0
2026-03-30 07:00:00,244.6217,244.87,244.55,244.61,30132.0
2026-03-30 07:15:00,244.6152,246.58,244.6152,245.16,26438.0
2026-03-30 07:30:00,245.45,245.45,244.67,244.82,32389.0
2026-03-30 07:45:00,244.88,245.14,244.62,244.73,49012.0
2026-03-30 08:00:00,244.84,245.1,244.28,245.0,54378.0
2026-03-30 08:15:00,245.04,245.49,245.0,245.41,20547.0
2026-03-30 08:30:00,245.37,245.59,245.32,245.34,30578.0
2026-03-30 08:45:00,245.34,245.4971,245.2,245.41,8056.0
2026-03-30 09:00:00,245.53,245.71,245.04,245.32,20456.0
2026-03-30 09:15:00,245.37,245.7173,245.27,245.38,37611.0
2026-03-31 04:00:00,243.59,243.62,242.97,243.01,10003.0
2026-03-31 04:15:00,243.15,243.22,242.93,243.05,2171.0
2026-03-31 04:30:00,243.02,243.09,242.77,242.85,1337.0
2026-03-31 04:45:00,242.78,243.05,242.52,242.75,8520.0
2026-03-31 05:00:00,242.93,243.31,242.87,242.878,3742.0
2026-03-31 05:15:00,242.94,243.14,242.7,242.73,3983.0
2026-03-31 05:30:00,242.7,242.82,242.47,242.65,1773.0
2026-03-31 05:45:00,242.69,242.99,242.39,242.5,1061.0
2026-03-31 06:00:00,242.9,242.91,242.63,242.65,2810.0
2026-03-31 06:15:00,242.63,242.73,242.42,242.49,1381.0
2026-03-31 06:30:00,242.49,242.49,241.81,241.81,4191.0
2026-03-31 06:45:00,241.8,242.59,241.79,242.43,9191.0
2026-03-31 07:00:00,242.47,244.27,242.16,243.06,72117.0
2026-03-31 07:15:00,243.1,243.81,242.83,243.11,91761.0
2026-03-31 07:30:00,243.03,243.34,242.68,243.33,45528.0
2026-03-31 07:45:00,243.3,243.3,242.52,243.06,53443.0
2026-03-31 08:00:00,243.1144,243.82,242.5,242.57,67547.0
2026-03-31 08:15:00,242.55,243.5,242.24,243.37,80467.0
2026-03-31 08:30:00,243.33,243.68,243.12,243.41,30199.0
2026-03-31 08:45:00,243.38,243.43,242.8112,242.94,14711.0
2026-03-31 09:00:00,242.98,243.32,242.87,243.18,3949.0
2026-03-31 09:15:00,243.2,243.43,242.9,243.09,17981.0
2026-04-01 04:00:00,249.47,249.73,248.85,249.05,9493.0
2026-04-01 04:15:00,249.17,249.86,248.99,249.54,4859.0
2026-04-01 04:30:00,249.61,249.85,249.61,249.82,2654.0
2026-04-01 04:45:00,249.62,249.93,249.06,249.59,16339.0
2026-04-01 05:00:00,249.6,249.6,249.1,249.16,911.0
2026-04-01 05:15:00,249.21,249.29,248.78,249.14,1584.0
2026-04-01 05:30:00,249.16,249.44,249.16,249.27,2517.0
2026-04-01 05:45:00,249.49,249.81,249.4,249.6,1261.0
2026-04-01 06:00:00,249.55,249.8,249.38,249.67,3799.0
2026-04-01 06:15:00,249.51,249.6912,249.35,249.5,11231.0
2026-04-01 06:30:00,249.71,249.76,249.48,249.76,121.0
2026-04-01 06:45:00,249.76,250.23,249.76,250.05,7046.0
2026-04-01 07:00:00,250.02,250.34,250.02,250.34,10270.0
2026-04-01 07:15:00,250.34,250.45,250.16,250.19,19890.0
2026-04-01 07:30:00,250.28,250.75,250.24,250.54,16181.0
2026-04-01 07:45:00,250.43,250.85,250.3315,250.7487,16328.0
2026-04-01 08:00:00,250.5917,250.78,250.19,250.44,43381.0
2026-04-01 08:15:00,250.2,250.44,249.5,249.75,29280.0
2026-04-01 08:30:00,249.9153,251.34,249.261,250.5,53546.0
2026-04-01 08:45:00,250.52,251.18,248.67,248.9,100998.0
2026-04-01 09:00:00,248.93,249.32,248.7,249.1697,24760.0
2026-04-01 09:15:00,249.1197,249.97,249.0212,249.95,47862.0
2026-04-02 04:00:00,246.0488,246.07,245.7,245.83,6187.0
2026-04-02 04:15:00,245.77,245.89,245.55,245.77,2543.0
2026-04-02 04:30:00,245.74,246.19,245.74,246.19,3832.0
2026-04-02 04:45:00,245.96,246.01,245.8,245.83,2993.0
2026-04-02 05:00:00,245.84,245.88,245.64,245.69,4523.0
2026-04-02 05:15:00,245.58,245.89,245.58,245.83,2208.0
2026-04-02 05:30:00,245.72,245.72,245.55,245.59,148.0
2026-04-02 05:45:00,245.6,245.7,245.58,245.7,2675.0
2026-04-02 06:00:00,245.63,245.77,245.3359,245.34,1858.0
2026-04-02 06:15:00,245.35,245.35,245.1,245.21,2476.0
2026-04-02 06:30:00,245.21,245.59,245.2,245.53,2887.0
2026-04-02 06:45:00,245.49,245.55,245.34,245.46,4873.0
2026-04-02 07:00:00,245.5286,245.59,245.04,245.06,10767.0
2026-04-02 07:15:00,245.07,245.08,244.54,244.57,31224.0
2026-04-02 07:30:00,244.52,244.8978,244.4528,244.56,15593.0
2026-04-02 07:45:00,244.56,244.94,244.1801,244.1801,57421.0
2026-04-02 08:00:00,244.24,244.28,243.8197,243.95,19827.0
2026-04-02 08:15:00,243.95,244.59,243.95,244.4,37576.0
2026-04-02 08:30:00,244.46,244.58,244.311,244.58,31275.0
2026-04-02 08:45:00,244.62,244.9593,244.51,244.72,14266.0
2026-04-02 09:00:00,244.65,244.9612,244.55,244.67,9113.0
2026-04-02 09:15:00,244.75,245.21,244.7035,244.91,37184.0
2026-04-06 04:00:00,251.3827,251.86,251.3827,251.61,8310.0
2026-04-06 04:15:00,251.61,251.76,251.4061,251.69,3925.0
2026-04-06 04:30:00,251.71,252.07,251.6954,252.07,6036.0
2026-04-06 04:45:00,252.11,252.11,251.7561,251.89,816.0
2026-04-06 05:00:00,252.04,252.09,251.92,251.92,769.0
2026-04-06 05:15:00,252.03,252.1,251.99,252.0,255.0
2026-04-06 05:30:00,252.0082,252.09,251.9152,251.9152,278.0
2026-04-06 05:45:00,251.86,251.86,251.27,251.2749,2167.0
2026-04-06 06:00:00,251.33,251.4,251.27,251.4,1116.0
2026-04-06 06:15:00,251.58,251.58,251.26,251.34,2221.0
2026-04-06 06:30:00,251.34,251.53,251.34,251.52,265.0
2026-04-06 06:45:00,251.5529,251.5529,250.49,251.16,29516.0
2026-04-06 07:00:00,251.21,251.2192,250.74,250.8222,3984.0
2026-04-06 07:15:00,250.81,251.09,250.81,250.989,6607.0
2026-04-06 07:30:00,250.93,251.29,250.93,251.06,29361.0
2026-04-06 07:45:00,251.05,251.29,251.05,251.09,2920.0
2026-04-06 08:00:00,251.0812,251.29,250.925,251.02,20888.0
2026-04-06 08:15:00,251.08,251.15,250.85,251.14,11649.0
2026-04-06 08:30:00,251.15,251.48,251.14,251.4295,10763.0
2026-04-06 08:45:00,251.44,251.73,251.28,251.29,8236.0
2026-04-06 09:00:00,251.34,251.34,250.88,251.1503,3088.0
2026-04-06 09:15:00,251.21,251.25,250.81,250.9,24612.0
2026-04-07 04:00:00,250.9,252.26,250.9,251.84,9084.0
2026-04-07 04:15:00,251.92,252.45,251.91,252.09,5953.0
2026-04-07 04:30:00,252.36,252.6007,252.35,252.56,1790.0
2026-04-07 04:45:00,252.5374,252.66,252.26,252.53,2399.0
2026-04-07 05:00:00,252.4,252.71,252.39,252.62,835.0
2026-04-07 05:15:00,252.4254,252.88,252.4,252.82,4031.0
2026-04-07 05:30:00,252.84,252.99,252.8,252.8,1625.0
2026-04-07 05:45:00,252.52,252.68,252.37,252.68,1925.0
2026-04-07 06:00:00,252.66,252.66,251.49,252.29,27584.0
2026-04-07 06:15:00,252.28,252.45,251.54,252.02,8913.0
2026-04-07 06:30:00,251.94,251.94,251.02,251.24,10335.0
2026-04-07 06:45:00,251.24,251.24,250.1097,250.43,28586.0
2026-04-07 07:00:00,250.4122,250.75,250.3,250.61,29608.0
2026-04-07 07:15:00,250.75,250.98,250.52,250.57,49021.0
2026-04-07 07:30:00,250.52,250.68,250.14,250.5,37530.0
2026-04-07 07:45:00,250.49,250.67,250.38,250.59,46566.0
2026-04-07 08:00:00,250.55,250.99,249.71,250.19,90261.0
2026-04-07 08:15:00,250.27,251.09,250.04,251.02,38613.0
2026-04-07 08:30:00,250.95,250.99,250.44,250.44,11433.0
2026-04-07 08:45:00,250.5,251.54,250.29,250.71,30428.0
2026-04-07 09:00:00,250.69,251.12,250.59,250.87,52881.0
2026-04-07 09:15:00,250.95,251.23,250.71,251.23,21919.0
2026-04-08 04:00:00,261.74,262.21,261.71,262.02,20089.0
2026-04-08 04:15:00,262.11,262.32,262.09,262.19,3836.0
2026-04-08 04:30:00,262.19,262.52,261.92,262.02,6862.0
2026-04-08 04:45:00,261.98,262.73,261.98,262.55,2754.0
2026-04-08 05:00:00,262.6,262.73,262.38,262.7,16076.0
2026-04-08 05:15:00,262.7069,262.75,262.37,262.39,10887.0
2026-04-08 05:30:00,262.34,262.52,261.97,261.97,2227.0
2026-04-08 05:45:00,262.08,262.5,261.94,262.15,4625.0
2026-04-08 06:00:00,262.1468,262.37,261.98,262.02,11979.0
2026-04-08 06:15:00,262.0,262.5,261.95,262.42,7735.0
2026-04-08 06:30:00,262.41,262.43,262.18,262.27,6384.0
2026-04-08 06:45:00,262.26,262.27,262.08,262.25,6673.0
2026-04-08 07:00:00,262.17,262.29,261.95,262.19,15860.0
2026-04-08 07:15:00,262.19,262.93,262.08,262.87,32186.0
2026-04-08 07:30:00,262.92,263.11,262.6,262.9982,117260.0
2026-04-08 07:45:00,262.98,263.32,262.75,262.76,71993.0
2026-04-08 08:00:00,262.82,263.05,262.38,262.6742,87861.0
2026-04-08 08:15:00,262.57,262.57,261.1,261.98,103487.0
2026-04-08 08:30:00,261.95,262.16,261.59,261.73,70001.0
2026-04-08 08:45:00,261.8,262.27,261.78,261.9,33406.0
2026-04-08 09:00:00,261.93,262.07,261.76,261.8,10798.0
2026-04-08 09:15:00,261.79,262.0061,261.41,261.56,57501.0
2026-04-09 04:00:00,258.95,259.0,258.58,258.7,5013.0
2026-04-09 04:15:00,258.6,258.69,258.58,258.62,3137.0
2026-04-09 04:30:00,258.7,258.88,258.69,258.88,486.0
2026-04-09 04:45:00,258.95,258.95,258.62,258.72,382.0
2026-04-09 05:00:00,258.6,258.72,258.47,258.72,955.0
2026-04-09 05:15:00,258.74,258.83,258.74,258.82,817.0
2026-04-09 05:30:00,258.83,258.92,258.71,258.82,1294.0
2026-04-09 05:45:00,258.85,258.93,258.82,258.93,974.0
2026-04-09 06:00:00,258.97,259.03,258.74,258.82,2510.0
2026-04-09 06:15:00,258.68,258.92,258.62,258.92,1117.0
2026-04-09 06:30:00,258.8,258.8432,258.58,258.78,4085.0
2026-04-09 06:45:00,258.74,258.79,258.39,258.39,895.0
2026-04-09 07:00:00,258.4294,258.76,258.42,258.66,7064.0
2026-04-09 07:15:00,258.59,258.62,258.32,258.32,10201.0
2026-04-09 07:30:00,258.33,258.74,258.31,258.66,8577.0
2026-04-09 07:45:00,258.76,258.99,258.68,258.75,6637.0
2026-04-09 08:00:00,258.825,258.9202,258.6239,258.89,6181.0
2026-04-09 08:15:00,258.8004,258.85,258.64,258.77,32197.0
2026-04-09 08:30:00,258.83,258.98,258.35,258.65,25750.0
2026-04-09 08:45:00,258.69,258.85,258.54,258.67,10053.0
2026-04-09 09:00:00,258.71,258.76,258.45,258.71,19551.0
2026-04-09 09:15:00,258.7,258.79,258.448,258.75,42025.0
2026-04-10 04:00:00,261.5217,261.64,261.33,261.47,4048.0
2026-04-10 04:15:00,261.36,261.55,261.24,261.5,2726.0
2026-04-10 04:30:00,261.5,261.57,261.44,261.57,1176.0
2026-04-10 04:45:00,261.31,261.32,261.0,261.13,1786.0
2026-04-10 05:00:00,261.17,261.26,261.17,261.26,212.0
2026-04-10 05:15:00,261.34,262.06,261.34,261.64,14254.0
2026-04-10 05:30:00,261.53,261.57,261.53,261.57,462.0
2026-04-10 05:45:00,261.8,261.91,261.75,261.91,719.0
2026-04-10 06:00:00,261.92,261.92,261.6827,261.6827,3165.0
2026-04-10 06:15:00,261.8,262.16,261.8,262.12,427.0
2026-04-10 06:30:00,261.94,262.25,261.94,262.23,15500.0
2026-04-10 06:45:00,262.23,262.3,262.12,262.22,3390.0
2026-04-10 07:00:00,262.11,262.27,261.9405,262.08,6119.0
2026-04-10 07:15:00,262.07,262.3,262.07,262.21,2730.0
2026-04-10 07:30:00,262.2113,262.35,262.13,262.199,5228.0
2026-04-10 07:45:00,262.18,262.21,262.02,262.1,649.0
2026-04-10 08:00:00,262.15,262.28,262.09,262.1,4675.0
2026-04-10 08:15:00,262.15,262.75,262.04,262.73,29871.0
2026-04-10 08:30:00,262.16,263.8,262.16,262.72,41837.0
2026-04-10 08:45:00,262.79,262.85,262.47,262.48,24952.0
2026-04-10 09:00:00,262.47,262.58,262.29,262.53,13032.0
2026-04-10 09:15:00,262.48,262.48,262.18,262.32,20602.0
2026-04-13 04:00:00,258.73,259.07,258.66,258.8,5291.0
2026-04-13 04:15:00,258.74,259.04,258.74,258.95,543.0
2026-04-13 04:30:00,258.94,258.94,258.69,258.75,671.0
2026-04-13 04:45:00,258.78,258.82,258.78,258.82,239.0
2026-04-13 05:00:00,259.0,259.2,258.73,258.73,1640.0
2026-04-13 05:15:00,258.87,258.98,258.84,258.84,840.0
2026-04-13 05:30:00,258.82,259.02,258.82,258.86,1690.0
2026-04-13 05:45:00,258.78,258.93,258.77,258.88,2326.0
2026-04-13 06:00:00,258.87,258.92,258.81,258.85,1537.0
2026-04-13 06:15:00,258.89,258.89,258.75,258.82,6218.0
2026-04-13 06:30:00,258.9,258.97,258.82,258.84,1718.0
2026-04-13 06:45:00,258.91,259.21,258.89,259.21,1275.0
2026-04-13 07:00:00,259.33,259.9035,259.23,259.32,20282.0
2026-04-13 07:15:00,259.32,259.3639,259.03,259.1,10887.0
2026-04-13 07:30:00,259.1,259.13,258.66,258.81,14836.0
2026-04-13 07:45:00,259.01,259.01,258.66,258.7335,32312.0
2026-04-13 08:00:00,258.69,259.42,258.64,259.38,8355.0
2026-04-13 08:15:00,259.42,259.44,259.29,259.4035,16072.0
2026-04-13 08:30:00,259.42,259.67,259.38,259.64,6204.0
2026-04-13 08:45:00,259.7251,260.1,259.6928,259.93,80683.0
2026-04-13 09:00:00,259.96,260.1299,259.88,260.1,5628.0
2026-04-13 09:15:00,260.07,260.25,259.91,260.25,37346.0
2026-04-14 04:00:00,266.0388,266.18,265.95,266.14,10394.0
2026-04-14 04:15:00,266.2,266.3,266.1012,266.3,4868.0
2026-04-14 04:30:00,266.3,266.41,266.2653,266.41,2154.0
2026-04-14 04:45:00,266.47,266.55,266.46,266.52,1261.0
2026-04-14 05:00:00,266.52,266.63,266.49,266.53,1086.0
2026-04-14 05:15:00,266.54,266.58,266.35,266.4,1247.0
2026-04-14 05:30:00,266.31,266.34,266.26,266.27,1277.0
2026-04-14 05:45:00,266.2988,266.2988,266.2,266.26,830.0
2026-04-14 06:00:00,266.19,266.35,266.16,266.27,805.0
2026-04-14 06:15:00,266.28,266.351,266.26,266.351,275.0
2026-04-14 06:30:00,266.35,266.35,265.98,266.02,12928.0
2026-04-14 06:45:00,266.12,266.24,266.1,266.19,3936.0
2026-04-14 07:00:00,266.06,266.2992,266.06,266.2992,4414.0
2026-04-14 07:15:00,266.241,266.58,266.241,266.528,4381.0
2026-04-14 07:30:00,266.55,266.73,266.48,266.66,5014.0
2026-04-14 07:45:00,266.6918,267.3,266.6918,267.02,44473.0
2026-04-14 08:00:00,267.04,267.2,266.9,266.93,10163.0
2026-04-14 08:15:00,266.95,267.15,266.8,267.15,16127.0
2026-04-14 08:30:00,267.34,267.62,266.94,267.04,18501.0
2026-04-14 08:45:00,267.06,267.14,266.88,267.1,14291.0
2026-04-14 09:00:00,267.04,267.2083,266.9609,267.06,7770.0
2026-04-14 09:15:00,267.07,267.19,266.8,267.1,50893.0
2026-04-15 04:00:00,268.57,268.57,268.34,268.52,4195.0
2026-04-15 04:15:00,268.5,268.58,268.4,268.58,1095.0
2026-04-15 04:30:00,268.6,268.67,268.55,268.62,673.0
2026-04-15 04:45:00,268.6085,268.63,268.6085,268.63,271.0
2026-04-15 05:00:00,268.6,268.63,268.2,268.29,2771.0
2026-04-15 05:15:00,268.3,268.43,268.2,268.31,773.0
2026-04-15 05:30:00,268.24,268.28,268.22,268.28,403.0
2026-04-15 05:45:00,268.21,268.35,268.21,268.27,898.0
2026-04-15 06:00:00,268.34,268.53,268.34,268.39,429.0
2026-04-15 06:15:00,268.17,268.19,267.9,267.94,3092.0
2026-04-15 06:30:00,267.95,268.46,267.89,268.41,6044.0
2026-04-15 06:45:00,268.39,268.51,268.39,268.39,2100.0
2026-04-15 07:00:00,268.4381,268.5102,268.31,268.47,29619.0
2026-04-15 07:15:00,268.45,268.45,268.21,268.25,19518.0
2026-04-15 07:30:00,268.2,268.49,268.0,268.02,86287.0
2026-04-15 07:45:00,268.11,268.93,267.9799,268.42,23974.0
2026-04-15 08:00:00,268.3783,268.52,268.1,268.39,42879.0
2026-04-15 08:15:00,268.36,268.56,268.3,268.33,6656.0
2026-04-15 08:30:00,268.4,268.75,268.36,268.6948,10434.0
2026-04-15 08:45:00,268.67,268.84,268.655,268.7685,1596.0
2026-04-15 09:00:00,268.75,268.79,268.6803,268.75,6840.0
2026-04-15 09:15:00,268.75,268.81,268.58,268.68,20983.0
2026-04-16 04:00:00,269.6688,269.74,269.43,269.56,5349.0
2026-04-16 04:15:00,269.536,269.58,269.38,269.38,828.0
2026-04-16 04:30:00,269.33,269.39,269.18,269.37,1024.0
2026-04-16 04:45:00,269.36,269.42,269.33,269.42,1000.0
2026-04-16 05:00:00,269.38,269.45,269.38,269.44,985.0
2026-04-16 05:15:00,269.42,269.42,269.34,269.35,13.0
2026-04-16 05:45:00,269.4088,269.59,269.4088,269.59,1086.0
2026-04-16 06:00:00,269.7,269.73,269.66,269.66,2765.0
2026-04-16 06:15:00,269.68,269.68,269.61,269.65,692.0
2026-04-16 06:30:00,269.66,269.66,269.45,269.55,642.0
2026-04-16 06:45:00,269.51,269.63,269.39,269.63,9890.0
2026-04-16 07:00:00,269.595,269.6845,269.46,269.5,43949.0
2026-04-16 07:15:00,269.5091,269.68,269.5091,269.6742,17442.0
2026-04-16 07:30:00,269.81,269.93,269.63,269.6465,18224.0
2026-04-16 07:45:00,269.71,269.82,269.58,269.605,12648.0
2026-04-16 08:00:00,269.6065,269.71,269.39,269.43,14182.0
2026-04-16 08:15:00,269.42,269.63,269.39,269.62,5371.0
2026-04-16 08:30:00,269.55,269.78,269.43,269.45,37954.0
2026-04-16 08:45:00,269.4,269.4,269.05,269.1196,9710.0
2026-04-16 09:00:00,269.18,269.46,269.1599,269.32,5474.0
2026-04-16 09:15:00,269.3,269.41,269.1958,269.37,10528.0
2026-04-17 04:00:00,270.46,270.94,270.46,270.81,11816.0
2026-04-17 04:15:00,270.87,270.87,270.87,270.87,19.0
2026-04-17 04:30:00,270.91,271.12,270.79,271.12,2316.0
2026-04-17 04:45:00,271.15,271.15,271.0035,271.15,1653.0
2026-04-17 05:00:00,271.15,271.19,271.1,271.1,2392.0
2026-04-17 05:15:00,271.04,271.21,271.04,271.21,657.0
2026-04-17 05:30:00,271.13,271.26,271.13,271.23,4598.0
2026-04-17 05:45:00,271.24,271.39,271.2339,271.33,1948.0
2026-04-17 06:00:00,271.22,271.38,271.22,271.34,49.0
2026-04-17 06:15:00,271.23,271.23,271.1412,271.17,1001.0
2026-04-17 06:30:00,271.13,271.19,271.1,271.19,6186.0
2026-04-17 06:45:00,271.1012,271.236,271.1012,271.236,404.0
2026-04-17 07:00:00,271.1806,271.3235,271.1801,271.2517,3974.0
2026-04-17 07:15:00,271.18,271.25,271.0877,271.15,4916.0
2026-04-17 07:30:00,271.2,271.46,271.2,271.43,6165.0
2026-04-17 07:45:00,271.35,271.56,271.32,271.5487,17771.0
2026-04-17 08:00:00,271.4655,271.69,271.425,271.61,3177.0
2026-04-17 08:15:00,271.6,271.93,271.17,271.89,70525.0
2026-04-17 08:30:00,271.91,272.3,271.8465,272.12,59615.0
2026-04-17 08:45:00,272.12,274.21,272.08,274.13,302371.0
2026-04-17 09:00:00,274.1322,274.91,273.56,274.74,90006.0
2026-04-17 09:15:00,274.73,274.74,273.61,273.76,103042.0
2026-04-20 04:00:00,273.06,273.7909,272.64,273.031,10088.0
2026-04-20 04:15:00,273.0,273.26,272.83,273.24,1701.0
2026-04-20 04:30:00,273.1447,273.26,273.13,273.13,3161.0
2026-04-20 04:45:00,273.18,273.6,273.15,273.6,2108.0
2026-04-20 05:00:00,273.5,273.6885,273.38,273.4,1828.0
2026-04-20 05:15:00,273.4,273.52,273.3815,273.5,3451.0
2026-04-20 05:30:00,273.5,273.59,273.48,273.58,702.0
2026-04-20 05:45:00,273.6,273.6,273.52,273.56,3281.0
2026-04-20 06:00:00,273.51,273.86,273.51,273.71,3443.0
2026-04-20 06:15:00,273.82,273.87,273.43,273.52,10669.0
2026-04-20 06:30:00,273.4,273.4,273.16,273.18,4225.0
2026-04-20 06:45:00,273.3,273.33,273.13,273.32,1195.0
2026-04-20 07:00:00,273.32,273.32,273.0,273.1551,19957.0
2026-04-20 07:15:00,273.2329,273.29,273.09,273.1746,8761.0
2026-04-20 07:30:00,273.08,273.47,273.08,273.47,24573.0
2026-04-20 07:45:00,273.41,273.6322,273.4,273.5857,2953.0
2026-04-20 08:00:00,273.6093,273.72,273.41,273.5687,11781.0
2026-04-20 08:15:00,273.58,273.67,273.42,273.5618,4259.0
2026-04-20 08:30:00,273.67,273.77,273.4512,273.77,24168.0
2026-04-20 08:45:00,273.79,274.06,273.75,273.89,20304.0
2026-04-20 09:00:00,273.86,274.63,273.81,274.28,35340.0
2026-04-20 09:15:00,274.29,274.64,274.0926,274.64,58517.0
2026-04-21 04:00:00,277.35,277.52,277.35,277.39,3650.0
2026-04-21 04:15:00,277.47,277.79,277.46,277.79,1621.0
2026-04-21 04:30:00,277.76,277.9112,277.71,277.9112,955.0
2026-04-21 04:45:00,277.91,277.92,277.8,277.8,1842.0
2026-04-21 05:00:00,277.78,277.78,277.56,277.74,2423.0
2026-04-21 05:15:00,277.78,277.79,277.75,277.75,442.0
2026-04-21 05:30:00,277.75,277.84,277.71,277.71,1130.0
2026-04-21 05:45:00,277.85,278.12,277.83,278.12,2540.0
2026-04-21 06:00:00,278.07,278.21,278.07,278.12,639.0
2026-04-21 06:15:00,278.12,278.14,278.0,278.14,630.0
2026-04-21 06:30:00,278.24,278.34,278.2,278.33,526.0
2026-04-21 06:45:00,278.29,278.43,278.29,278.39,3820.0
2026-04-21 07:00:00,278.34,278.42,277.83,277.9099,20671.0
2026-04-21 07:15:00,277.97,278.47,277.92,278.47,2152.0
2026-04-21 07:30:00,278.49,278.71,278.4517,278.46,2571.0
2026-04-21 07:45:00,278.51,278.57,278.35,278.36,4881.0
2026-04-21 08:00:00,278.3617,278.58,278.3309,278.39,2263.0
2026-04-21 08:15:00,278.31,278.53,278.08,278.5295,2761.0
2026-04-21 08:30:00,278.69,278.79,277.6,277.8,16261.0
2026-04-21 08:45:00,277.8022,278.08,277.8022,277.94,10029.0
2026-04-21 09:00:00,277.96,278.05,277.8048,277.85,17502.0
2026-04-21 09:15:00,277.89,278.15,277.89,278.15,7879.0
2026-04-22 04:00:00,276.9922,277.23,276.86,276.96,11864.0
2026-04-22 04:15:00,276.8215,276.86,276.53,276.56,3551.0
2026-04-22 04:30:00,276.23,276.52,276.15,276.5,5657.0
2026-04-22 04:45:00,276.55,276.61,276.55,276.6,183.0
2026-04-22 05:00:00,276.71,277.05,276.71,276.87,2107.0
2026-04-22 05:15:00,276.97,277.06,276.92,277.05,241.0
2026-04-22 05:30:00,277.06,277.1,277.0,277.09,711.0
2026-04-22 05:45:00,277.12,277.12,276.54,276.72,1620.0
2026-04-22 06:00:00,276.7,276.87,276.59,276.63,736.0
2026-04-22 06:15:00,276.73,277.01,276.73,277.01,1593.0
2026-04-22 06:30:00,277.01,277.17,276.9,276.94,2553.0
2026-04-22 06:45:00,276.93,277.01,276.9,276.9,948.0
2026-04-22 07:00:00,276.8706,276.98,276.71,276.82,3786.0
2026-04-22 07:15:00,276.81,276.9499,276.711,276.81,11978.0
2026-04-22 07:30:00,276.95,276.95,276.7,276.7,47120.0
2026-04-22 07:45:00,276.77,277.06,276.75,276.98,7356.0
2026-04-22 08:00:00,277.05,277.55,276.96,277.5,13025.0
2026-04-22 08:15:00,277.48,277.4861,277.03,277.03,15365.0
2026-04-22 08:30:00,277.01,277.16,276.78,276.86,18917.0
2026-04-22 08:45:00,276.81,276.9514,276.5,276.51,26326.0
2026-04-22 09:00:00,276.58,277.09,276.44,276.54,18157.0
2026-04-22 09:15:00,276.6,277.6,276.44,277.6,35358.0
2026-04-23 04:00:00,275.28,275.44,274.74,274.98,3092.0
2026-04-23 04:15:00,274.95,275.14,274.8856,274.9007,4500.0
2026-04-23 04:30:00,274.89,274.89,274.56,274.57,4563.0
2026-04-23 04:45:00,274.57,274.6897,274.52,274.62,2773.0
2026-04-23 05:00:00,274.62,274.62,274.3172,274.36,823.0
2026-04-23 05:15:00,274.49,274.88,274.47,274.82,1754.0
2026-04-23 05:30:00,274.84,275.0,274.8266,275.0,731.0
2026-04-23 05:45:00,274.84,274.84,274.7949,274.81,246.0
2026-04-23 06:00:00,274.71,274.82,274.52,274.52,4230.0
2026-04-23 06:15:00,274.62,274.91,274.57,274.9,12037.0
2026-04-23 06:30:00,274.9,275.19,274.9,274.94,7133.0
2026-04-23 06:45:00,275.08,275.29,274.99,275.2144,1111.0
2026-04-23 07:00:00,275.29,275.41,275.1,275.21,9779.0
2026-04-23 07:15:00,275.23,275.34,274.85,275.08,31674.0
2026-04-23 07:30:00,275.01,275.43,274.9148,275.3752,8791.0
2026-04-23 07:45:00,275.43,276.3,275.42,276.2,55080.0
2026-04-23 08:00:00,276.25,277.1,276.2491,276.86,77998.0
2026-04-23 08:15:00,276.83,276.95,276.43,276.58,42079.0
2026-04-23 08:30:00,276.65,276.94,276.48,276.72,231961.0
2026-04-23 08:45:00,276.65,276.7,275.75,276.6,57533.0
2026-04-23 09:00:00,276.65,276.68,275.89,276.32,13209.0
2026-04-23 09:15:00,276.36,276.76,276.35,276.76,20912.0
2026-04-24 04:00:00,274.6515,275.54,274.6515,275.06,5259.0
2026-04-24 04:15:00,275.07,275.6,275.07,275.18,1498.0
2026-04-24 04:30:00,274.9264,275.1,274.87,274.93,1379.0
2026-04-24 04:45:00,275.11,275.13,274.9,274.96,793.0
2026-04-24 05:00:00,274.93,275.08,274.93,275.08,367.0
2026-04-24 05:15:00,275.03,275.05,274.64,275.02,2909.0
2026-04-24 05:30:00,275.02,275.18,275.02,275.18,256.0
2026-04-24 05:45:00,275.24,275.24,275.1,275.11,3943.0
2026-04-24 06:00:00,275.26,275.3263,275.26,275.3263,48.0
2026-04-24 06:15:00,275.32,275.71,275.32,275.71,328.0
2026-04-24 06:30:00,275.64,275.7,275.54,275.7,8835.0
2026-04-24 06:45:00,275.6604,275.74,275.66,275.68,1398.0
2026-04-24 07:00:00,275.66,277.05,275.52,276.73,42048.0
2026-04-24 07:15:00,276.72,277.71,276.39,277.7,56234.0
2026-04-24 07:30:00,277.84,277.84,276.889,276.889,18617.0
2026-04-24 07:45:00,276.82,276.8527,276.6774,276.8299,23286.0
2026-04-24 08:00:00,276.91,277.09,276.7099,276.985,5474.0
2026-04-24 08:15:00,277.01,277.2073,276.65,277.078,34659.0
2026-04-24 08:30:00,277.05,277.0797,276.45,276.49,77481.0
2026-04-24 08:45:00,276.54,276.66,275.93,276.31,38104.0
2026-04-24 09:00:00,276.34,276.64,276.28,276.4209,13780.0
2026-04-24 09:15:00,276.46,276.73,276.39,276.6205,32311.0
2026-04-27 04:00:00,276.3388,276.53,276.1772,276.23,5280.0
2026-04-27 04:15:00,276.34,276.34,276.28,276.28,128.0
2026-04-27 04:30:00,276.5407,276.6,276.4864,276.5432,528.0
2026-04-27 04:45:00,276.6,276.69,276.6,276.65,1433.0
2026-04-27 05:00:00,276.71,276.72,276.68,276.7045,1560.0
2026-04-27 05:15:00,276.6677,276.6677,276.57,276.63,1070.0
2026-04-27 05:30:00,276.78,276.78,276.7,276.73,486.0
2026-04-27 05:45:00,276.79,276.79,276.79,276.79,18.0
2026-04-27 06:00:00,276.65,276.67,276.56,276.56,209.0
2026-04-27 06:15:00,276.66,276.74,276.64,276.74,103.0
2026-04-27 06:30:00,276.8287,276.89,276.78,276.89,1807.0
2026-04-27 06:45:00,277.0,277.05,276.94,276.94,1423.0
2026-04-27 07:00:00,276.9515,277.0157,276.9057,276.93,3081.0
2026-04-27 07:15:00,276.8386,277.115,276.8109,277.1,4166.0
2026-04-27 07:30:00,277.17,277.17,277.04,277.08,529.0
2026-04-27 07:45:00,277.06,277.1,277.0,277.01,23033.0
2026-04-27 08:00:00,277.1,277.15,277.0,277.1,64225.0
2026-04-27 08:15:00,277.1357,277.21,276.75,276.93,4156.0
2026-04-27 08:30:00,276.82,276.92,276.68,276.79,3732.0
2026-04-27 08:45:00,276.8,276.95,276.4787,276.4844,3185.0
2026-04-27 09:00:00,276.54,276.61,276.3475,276.39,5845.0
2026-04-27 09:15:00,276.356,276.83,276.35,276.83,13253.0
2026-04-28 04:00:00,276.96,277.09,276.57,276.63,4996.0
2026-04-28 04:15:00,276.89,277.32,276.89,277.3,2047.0
2026-04-28 04:30:00,277.32,277.35,277.21,277.28,707.0
2026-04-28 04:45:00,277.27,277.28,277.21,277.26,1850.0
2026-04-28 05:00:00,277.31,277.32,277.11,277.32,233.0
2026-04-28 05:15:00,277.36,277.41,277.08,277.16,1103.0
2026-04-28 05:30:00,277.15,277.15,276.8605,276.8605,1651.0
2026-04-28 05:45:00,276.94,276.94,276.54,276.6,3157.0
2026-04-28 06:00:00,276.72,276.72,276.24,276.24,3251.0
2026-04-28 06:15:00,276.23,276.42,276.23,276.34,879.0
2026-04-28 06:30:00,276.34,276.4,276.33,276.35,677.0
2026-04-28 06:45:00,276.4,276.63,276.4,276.56,3117.0
2026-04-28 07:00:00,276.52,276.66,276.02,276.02,5457.0
2026-04-28 07:15:00,275.97,275.97,275.23,275.39,24035.0
2026-04-28 07:30:00,275.25,275.42,274.92,275.31,20249.0
2026-04-28 07:45:00,275.41,275.41,274.78,275.0,16256.0
2026-04-28 08:00:00,274.95,275.07,274.68,275.01,15790.0
2026-04-28 08:15:00,275.06,275.48,274.43,274.65,71082.0
2026-04-28 08:30:00,274.64,275.36,274.42,275.23,65551.0
2026-04-28 08:45:00,275.21,275.85,275.21,275.76,38518.0
2026-04-28 09:00:00,275.72,275.81,275.47,275.4787,8015.0
2026-04-28 09:15:00,275.4219,276.1795,275.2,276.14,33577.0
2026-04-29 04:00:00,274.54,274.82,274.05,274.05,3311.0
2026-04-29 04:15:00,274.0156,274.46,274.0156,274.46,949.0
2026-04-29 04:30:00,274.11,274.12,274.1,274.11,495.0
2026-04-29 04:45:00,274.11,274.14,273.93,274.07,1453.0
2026-04-29 05:00:00,273.96,274.12,273.96,274.12,321.0
2026-04-29 05:15:00,274.09,274.27,274.06,274.27,672.0
2026-04-29 05:30:00,274.35,274.5,274.13,274.18,2058.0
2026-04-29 05:45:00,274.14,274.14,273.81,273.81,2833.0
2026-04-29 06:00:00,273.86,274.32,273.85,274.32,2149.0
2026-04-29 06:15:00,274.54,274.68,274.54,274.63,806.0
2026-04-29 06:30:00,274.7,274.8,274.6,274.6,2821.0
2026-04-29 06:45:00,274.65,274.7,274.55,274.57,1051.0
2026-04-29 07:00:00,274.6497,274.83,274.62,274.8,5452.0
2026-04-29 07:15:00,274.82,274.84,274.57,274.57,5029.0
2026-04-29 07:30:00,274.63,274.79,274.49,274.54,18657.0
2026-04-29 07:45:00,274.59,274.64,274.4665,274.49,13105.0
2026-04-29 08:00:00,274.5,274.525,274.32,274.38,12963.0
2026-04-29 08:15:00,274.41,274.5348,274.21,274.24,17525.0
2026-04-29 08:30:00,274.18,274.22,273.39,273.9725,42344.0
2026-04-29 08:45:00,273.97,274.2,273.88,274.17,9431.0
2026-04-29 09:00:00,274.21,274.39,274.2,274.35,8494.0
2026-04-29 09:15:00,274.34,274.37,273.66,273.8913,21151.0
2026-04-30 04:00:00,272.08,272.08,271.25,271.639,4672.0
2026-04-30 04:15:00,271.61,271.67,271.45,271.49,3087.0
2026-04-30 04:30:00,271.73,271.83,271.73,271.83,510.0
2026-04-30 04:45:00,271.9738,272.05,271.67,271.68,1563.0
2026-04-30 05:00:00,271.67,271.67,271.45,271.45,661.0
2026-04-30 05:15:00,271.63,271.63,271.38,271.51,214.0
2026-04-30 05:30:00,272.28,272.28,271.63,271.63,537.0
2026-04-30 05:45:00,271.76,271.91,271.76,271.78,6559.0
2026-04-30 06:00:00,271.92,272.1,271.9112,272.1,3697.0
2026-04-30 06:15:00,271.89,272.12,271.89,272.12,5087.0
2026-04-30 06:30:00,272.15,272.3,271.7093,271.77,4674.0
2026-04-30 06:45:00,271.75,271.95,271.56,271.86,5179.0
2026-04-30 07:00:00,271.84,272.57,271.8075,272.28,28347.0
2026-04-30 07:15:00,272.18,272.59,272.11,272.5637,14828.0
2026-04-30 07:30:00,272.53,272.54,271.8,272.08,17568.0
2026-04-30 07:45:00,271.87,272.19,271.87,272.1199,3944.0
2026-04-30 08:00:00,272.1,272.3422,272.0385,272.3422,11570.0
2026-04-30 08:15:00,272.33,272.73,272.33,272.53,11581.0
2026-04-30 08:30:00,272.45,272.54,272.05,272.13,13969.0
2026-04-30 08:45:00,272.18,272.55,272.1,272.43,11983.0
2026-04-30 09:00:00,272.53,272.62,272.22,272.3008,7589.0
2026-04-30 09:15:00,272.3215,273.15,272.2,273.1,28016.0
2026-05-01 04:00:00,277.85,278.05,277.6907,277.7607,2229.0
2026-05-01 04:15:00,277.7832,277.91,277.7832,277.91,14.0
2026-05-01 04:30:00,277.86,277.91,277.79,277.83,1182.0
2026-05-01 05:00:00,277.79,277.82,277.79,277.82,1882.0
2026-05-01 05:15:00,277.76,277.87,277.75,277.87,982.0
2026-05-01 05:30:00,277.74,277.76,277.71,277.74,2263.0
2026-05-01 05:45:00,277.75,277.8,277.75,277.78,167.0
2026-05-01 06:00:00,277.73,277.74,277.73,277.73,4072.0
2026-05-01 06:15:00,277.7287,277.7287,277.69,277.69,7.0
2026-05-01 06:30:00,277.67,277.67,277.48,277.59,2095.0
2026-05-01 06:45:00,277.6,277.86,277.6,277.85,4194.0
2026-05-01 07:00:00,277.8997,277.9,277.6565,277.6985,7907.0
2026-05-01 07:15:00,277.67,277.945,277.67,277.9118,1800.0
2026-05-01 07:30:00,277.965,277.99,277.877,277.97,1216.0
2026-05-01 07:45:00,277.87,278.0491,277.81,278.0491,7185.0
2026-05-01 08:00:00,278.11,279.1,277.99,278.8483,30373.0
2026-05-01 08:15:00,278.79,278.88,278.65,278.7006,21818.0
2026-05-01 08:30:00,278.77,278.89,278.28,278.39,15254.0
2026-05-01 08:45:00,278.33,278.39,278.21,278.225,4625.0
2026-05-01 09:00:00,278.22,278.63,278.22,278.41,12703.0
2026-05-01 09:15:00,278.37,278.7,278.35,278.66,32189.0
2026-05-04 04:00:00,279.2588,279.2588,278.8,278.97,7596.0
2026-05-04 04:15:00,279.06,279.23,278.84,279.23,5076.0
2026-05-04 04:30:00,279.31,279.33,279.26,279.3,4165.0
2026-05-04 04:45:00,279.23,279.32,279.23,279.3,419.0
2026-05-04 05:00:00,279.21,279.48,279.21,279.48,589.0
2026-05-04 05:15:00,279.38,279.38,279.1967,279.22,516.0
2026-05-04 05:30:00,279.2626,279.35,279.2626,279.35,142.0
2026-05-04 05:45:00,279.39,279.4,279.24,279.24,553.0
2026-05-04 06:00:00,278.92,278.92,276.58,276.79,19418.0
2026-05-04 06:15:00,276.9,277.2,276.17,277.2,15181.0
2026-05-04 06:30:00,277.2,278.51,277.13,278.36,28493.0
2026-05-04 06:45:00,278.26,278.57,278.2456,278.28,1196.0
2026-05-04 07:00:00,278.36,278.69,278.08,278.36,15570.0
2026-05-04 07:15:00,278.52,278.66,278.33,278.375,3474.0
2026-05-04 07:30:00,278.33,278.44,277.83,278.03,9775.0
2026-05-04 07:45:00,277.884,278.21,277.57,278.15,9984.0
2026-05-04 08:00:00,278.28,278.51,278.21,278.25,6319.0
2026-05-04 08:15:00,278.19,278.75,278.06,278.68,17765.0
2026-05-04 08:30:00,278.61,278.95,278.55,278.81,3153.0
2026-05-04 08:45:00,278.825,278.9,278.48,278.57,7709.0
2026-05-04 09:00:00,278.52,279.0,277.98,278.8,35681.0
2026-05-04 09:15:00,278.79,278.9217,278.57,278.61,31938.0
2026-05-05 04:00:00,279.1688,279.41,279.03,279.37,6782.0
2026-05-05 04:15:00,279.29,279.58,279.29,279.5,573.0
2026-05-05 04:30:00,279.52,279.56,279.3312,279.37,10267.0
2026-05-05 04:45:00,279.41,279.43,279.33,279.43,957.0
2026-05-05 05:00:00,279.23,279.34,279.14,279.31,1326.0
2026-05-05 05:15:00,279.21,279.38,279.21,279.37,2073.0
2026-05-05 05:30:00,279.36,279.41,279.36,279.41,266.0
2026-05-05 05:45:00,279.59,279.745,279.47,279.47,1569.0
2026-05-05 06:00:00,279.49,279.52,279.41,279.52,1215.0
2026-05-05 06:15:00,279.46,279.51,279.3487,279.3487,2211.0
2026-05-05 06:30:00,279.45,279.7257,279.21,279.23,6718.0
2026-05-05 06:45:00,279.17,279.21,279.12,279.2,2053.0
2026-05-05 07:00:00,279.19,279.33,278.77,278.94,11755.0
2026-05-05 07:15:00,278.95,279.34,278.82,279.235,3321.0
2026-05-05 07:30:00,279.28,279.66,279.28,279.55,14018.0
2026-05-05 07:45:00,279.55,279.77,279.51,279.73,15333.0
2026-05-05 08:00:00,279.66,280.16,279.52,280.16,13184.0
2026-05-05 08:15:00,280.23,280.34,279.98,280.32,134306.0
2026-05-05 08:30:00,280.32,280.34,280.07,280.11,68105.0
2026-05-05 08:45:00,280.09,280.14,279.93,280.0807,24441.0
2026-05-05 09:00:00,280.09,280.39,280.07,280.23,31932.0
2026-05-05 09:15:00,280.24,280.3,279.91,280.11,14803.0
2026-05-06 04:00:00,283.5,283.66,283.22,283.64,7423.0
2026-05-06 04:15:00,283.52,283.53,283.34,283.42,5287.0
2026-05-06 04:30:00,283.4,283.65,283.4,283.61,1231.0
2026-05-06 04:45:00,283.72,285.46,283.72,285.25,15558.0
2026-05-06 05:00:00,285.09,285.39,284.61,285.33,10835.0
2026-05-06 05:15:00,285.34,285.69,285.33,285.55,3288.0
2026-05-06 05:30:00,285.58,286.63,285.53,286.57,3172.0
2026-05-06 05:45:00,286.62,286.71,286.35,286.68,2541.0
2026-05-06 06:00:00,286.8,287.29,286.74,287.1,16718.0
2026-05-06 06:15:00,287.09,287.85,287.09,287.77,15834.0
2026-05-06 06:30:00,287.84,288.45,287.52,288.44,19972.0
2026-05-06 06:45:00,288.42,289.0,287.86,288.7,39259.0
2026-05-06 07:00:00,288.66,289.18,288.5005,288.88,41971.0
2026-05-06 07:15:00,288.82,288.87,287.97,287.9911,39673.0
2026-05-06 07:30:00,288.02,288.36,287.6412,287.6718,69941.0
2026-05-06 07:45:00,287.7,287.93,287.3975,287.51,63728.0
2026-05-06 08:00:00,287.5,287.54,286.27,286.37,59758.0
2026-05-06 08:15:00,286.43,286.88,286.1,286.49,56495.0
2026-05-06 08:30:00,286.4537,286.77,286.16,286.17,36195.0
2026-05-06 08:45:00,286.18,286.35,285.83,286.01,17932.0
2026-05-06 09:00:00,285.85,286.06,285.3135,285.56,42595.0
2026-05-06 09:15:00,285.63,285.75,285.25,285.38,30028.0
2026-05-07 04:00:00,287.45,287.63,287.39,287.48,8429.0
2026-05-07 04:15:00,287.3515,287.38,286.9,287.16,3510.0
2026-05-07 04:30:00,287.2,287.2,287.03,287.16,677.0
2026-05-07 04:45:00,286.98,286.99,286.88,286.99,381.0
2026-05-07 05:00:00,286.9182,286.9182,286.76,286.8,3720.0
2026-05-07 05:15:00,286.99,287.05,286.92,286.97,815.0
2026-05-07 05:30:00,286.94,286.94,286.91,286.92,1791.0
2026-05-07 05:45:00,286.9,286.93,286.69,286.71,648.0
2026-05-07 06:00:00,286.74,286.76,286.54,286.74,9281.0
2026-05-07 06:15:00,286.67,286.8361,286.67,286.8361,342.0
2026-05-07 06:30:00,286.57,286.63,286.53,286.63,3846.0
2026-05-07 06:45:00,286.72,286.72,286.6,286.69,1565.0
2026-05-07 07:00:00,286.75,286.8069,286.6094,286.71,11275.0
2026-05-07 07:15:00,286.69,286.71,286.5052,286.63,9284.0
2026-05-07 07:30:00,286.57,286.81,286.56,286.7,2280.0
2026-05-07 07:45:00,286.62,286.81,286.5042,286.75,1672.0
2026-05-07 08:00:00,286.741,287.04,286.5674,286.99,4652.0
2026-05-07 08:15:00,286.9775,287.156,286.7765,287.156,17138.0
2026-05-07 08:30:00,286.98,287.41,286.96,287.1831,35504.0
2026-05-07 08:45:00,287.13,287.21,286.94,287.13,35773.0
2026-05-07 09:00:00,287.15,287.15,286.7375,286.75,19905.0
2026-05-07 09:15:00,286.75,287.55,286.71,287.55,33126.0
2026-05-08 04:00:00,282.64,282.9,282.46,282.73,3218.0
2026-05-08 04:15:00,282.74,283.02,282.69,283.02,2372.0
2026-05-08 04:30:00,283.06,283.17,283.04,283.07,2740.0
2026-05-08 04:45:00,283.11,283.23,283.11,283.22,1275.0
2026-05-08 05:00:00,283.2,283.45,283.2,283.45,1418.0
2026-05-08 05:15:00,283.35,283.42,283.2112,283.2112,2489.0
2026-05-08 05:30:00,283.16,283.17,283.15,283.15,1464.0
2026-05-08 05:45:00,282.89,283.11,282.89,283.11,470.0
2026-05-08 06:00:00,283.15,283.28,283.13,283.17,3595.0
2026-05-08 06:15:00,283.19,283.4026,283.19,283.3904,1224.0
2026-05-08 06:30:00,283.5,283.7,283.46,283.6,4304.0
2026-05-08 06:45:00,283.53,283.57,283.23,283.36,4293.0
2026-05-08 07:00:00,283.3652,283.66,283.3652,283.58,4443.0
2026-05-08 07:15:00,283.6101,283.73,283.42,283.6603,12295.0
2026-05-08 07:30:00,283.67,283.86,283.66,283.8292,2759.0
2026-05-08 07:45:00,283.81,284.0294,283.81,283.97,11030.0
2026-05-08 08:00:00,284.0,284.04,283.8405,283.87,10874.0
2026-05-08 08:15:00,283.88,283.97,283.76,283.97,13485.0
2026-05-08 08:30:00,284.0,284.88,284.0,284.36,68748.0
2026-05-08 08:45:00,284.309,284.33,283.66,283.8,11981.0
2026-05-08 09:00:00,283.82,284.02,283.3995,283.6148,25967.0
2026-05-08 09:15:00,283.63,284.02,283.58,284.01,9789.0
2026-05-11 04:00:00,283.55,283.75,283.34,283.61,7900.0
2026-05-11 04:15:00,283.75,283.87,283.67,283.74,2500.0
2026-05-11 04:30:00,283.62,283.78,283.61,283.66,1914.0
2026-05-11 04:45:00,283.67,283.69,283.6,283.66,1757.0
2026-05-11 05:00:00,283.69,283.73,283.64,283.73,598.0
2026-05-11 05:15:00,283.73,283.89,283.7,283.76,1095.0
2026-05-11 05:30:00,283.82,283.96,283.8,283.95,547.0
2026-05-11 05:45:00,284.03,284.03,283.79,283.82,1517.0
2026-05-11 06:00:00,283.73,283.972,283.73,283.93,703.0
2026-05-11 06:15:00,283.9,284.01,283.8803,283.96,1999.0
2026-05-11 06:30:00,284.01,284.01,283.83,283.83,2868.0
2026-05-11 06:45:00,283.83,283.87,283.72,283.72,584.0
2026-05-11 07:00:00,283.72,283.89,283.66,283.7422,11045.0
2026-05-11 07:15:00,283.71,283.94,283.6519,283.92,4589.0
2026-05-11 07:30:00,284.05,284.23,284.0,284.0122,10397.0
2026-05-11 07:45:00,283.99,283.9999,283.53,283.86,14027.0
2026-05-11 08:00:00,283.92,284.12,283.82,284.0021,5862.0
2026-05-11 08:15:00,284.0293,284.33,283.93,284.28,4909.0
2026-05-11 08:30:00,284.37,284.65,284.21,284.24,16187.0
2026-05-11 08:45:00,284.2548,284.43,283.81,284.08,37765.0
2026-05-11 09:00:00,284.15,284.63,284.15,284.63,9534.0
2026-05-11 09:15:00,284.64,285.0,284.53,284.9,10122.0
2026-05-12 04:00:00,284.56,284.63,284.25,284.28,4253.0
2026-05-12 04:15:00,284.08,284.35,284.03,284.2285,606.0
2026-05-12 04:30:00,284.21,284.25,284.06,284.06,3671.0
2026-05-12 04:45:00,284.19,284.33,284.18,284.33,191.0
2026-05-12 05:00:00,284.47,284.47,284.19,284.36,1394.0
2026-05-12 05:15:00,284.31,284.49,284.31,284.49,36.0
2026-05-12 05:30:00,284.72,284.72,284.2938,284.2938,539.0
2026-05-12 05:45:00,284.23,284.42,284.23,284.28,307.0
2026-05-12 06:00:00,284.4322,284.69,284.4322,284.57,204.0
2026-05-12 06:15:00,284.46,284.46,284.41,284.44,1711.0
2026-05-12 06:30:00,284.45,284.57,284.41,284.45,15111.0
2026-05-12 06:45:00,284.46,284.49,284.3,284.44,13792.0
2026-05-12 07:00:00,284.5095,284.52,283.98,284.16,24722.0
2026-05-12 07:15:00,284.09,284.225,284.0808,284.1805,1212.0
2026-05-12 07:30:00,284.2,284.4961,284.165,284.43,2064.0
2026-05-12 07:45:00,284.45,284.48,284.35,284.4378,695.0
2026-05-12 08:00:00,284.37,284.4,284.11,284.23,17985.0
2026-05-12 08:15:00,284.17,284.26,283.93,284.16,31659.0
2026-05-12 08:30:00,284.2,284.83,283.49,284.1,131078.0
2026-05-12 08:45:00,284.15,284.34,284.15,284.225,12456.0
2026-05-12 09:00:00,284.24,284.2997,283.92,283.96,9441.0
2026-05-12 09:15:00,283.94,284.05,283.51,284.04,9577.0
2026-05-13 04:00:00,283.3088,283.43,282.9017,283.42,1748.0
2026-05-13 04:15:00,283.45,283.58,283.45,283.51,282.0
2026-05-13 04:30:00,283.53,283.75,283.53,283.73,462.0
2026-05-13 04:45:00,283.6857,283.6857,283.42,283.45,587.0
2026-05-13 05:00:00,283.39,283.45,283.22,283.22,2105.0
2026-05-13 05:15:00,283.23,283.25,283.17,283.25,165.0
2026-05-13 05:30:00,283.22,283.31,283.22,283.31,540.0
2026-05-13 05:45:00,283.39,283.39,283.39,283.39,100.0
2026-05-13 06:00:00,283.45,283.52,283.32,283.32,524.0
2026-05-13 06:15:00,283.3,283.3,283.11,283.11,115.0
2026-05-13 06:30:00,283.11,283.24,283.11,283.23,6698.0
2026-05-13 06:45:00,283.27,283.45,283.15,283.15,4075.0
2026-05-13 07:00:00,283.1801,283.355,283.08,283.21,5217.0
2026-05-13 07:15:00,283.22,283.22,283.04,283.04,1473.0
2026-05-13 07:30:00,283.1,283.36,283.1,283.22,4066.0
2026-05-13 07:45:00,283.19,283.24,283.1601,283.21,3970.0
2026-05-13 08:00:00,283.21,283.39,283.15,283.3,1625.0
2026-05-13 08:15:00,283.33,283.37,282.96,283.13,8562.0
2026-05-13 08:30:00,283.09,283.14,281.13,281.55,129056.0
2026-05-13 08:45:00,281.63,281.75,281.37,281.6135,25303.0
2026-05-13 09:00:00,281.64,282.2493,281.64,282.2493,32164.0
2026-05-13 09:15:00,282.22,282.98,282.17,282.9,24660.0
2026-05-14 04:00:00,282.3,282.68,282.27,282.68,1580.0
2026-05-14 04:15:00,282.8,282.91,282.76,282.88,656.0
2026-05-14 04:30:00,283.04,283.04,282.68,282.7,7762.0
2026-05-14 04:45:00,282.7099,282.76,282.68,282.76,2247.0
2026-05-14 05:00:00,282.88,282.99,282.73,282.79,1067.0
2026-05-14 05:15:00,282.75,282.76,282.61,282.62,161.0
2026-05-14 05:30:00,282.59,282.64,282.28,282.5,1919.0
2026-05-14 05:45:00,282.45,282.7178,282.45,282.71,852.0
2026-05-14 06:00:00,282.75,283.3,282.75,282.95,1176.0
2026-05-14 06:15:00,282.99,283.14,282.878,283.08,421.0
2026-05-14 06:30:00,282.75,282.9,282.6,282.65,1127.0
2026-05-14 06:45:00,282.61,282.94,282.61,282.84,1896.0
2026-05-14 07:00:00,282.91,283.4,282.91,283.39,8930.0
2026-05-14 07:15:00,283.345,283.429,282.99,283.03,2055.0
2026-05-14 07:30:00,283.01,283.11,282.99,282.995,8423.0
2026-05-14 07:45:00,283.0383,283.34,283.0383,283.3096,5197.0
2026-05-14 08:00:00,283.2236,283.55,283.2,283.39,10489.0
2026-05-14 08:15:00,283.4148,284.5,283.4148,284.1,42424.0
2026-05-14 08:30:00,284.0,284.08,283.6503,283.7161,30411.0
2026-05-14 08:45:00,283.65,283.7842,283.51,283.77,4167.0
2026-05-14 09:00:00,283.74,283.74,283.44,283.46,6386.0
2026-05-14 09:15:00,283.52,283.96,283.31,283.96,18672.0
2026-05-15 04:00:00,282.1,282.1,281.38,281.465,5591.0
2026-05-15 04:15:00,281.44,281.44,280.88,280.88,6479.0
2026-05-15 04:30:00,280.7051,281.63,280.64,281.52,7196.0
2026-05-15 04:45:00,281.63,281.63,281.17,281.17,3565.0
2026-05-15 05:00:00,281.16,281.45,281.14,281.2,3900.0
2026-05-15 05:15:00,281.13,281.2312,281.005,281.2312,2786.0
2026-05-15 05:30:00,281.27,281.34,280.99,280.99,1157.0
2026-05-15 05:45:00,281.0,281.58,280.87,281.36,8965.0
2026-05-15 06:00:00,281.44,281.67,281.25,281.6505,4847.0
2026-05-15 06:15:00,281.67,282.02,281.5,281.5,2859.0
2026-05-15 06:30:00,281.64,281.81,281.46,281.81,1195.0
2026-05-15 06:45:00,281.83,282.44,281.83,282.23,17204.0
2026-05-15 07:00:00,282.2992,282.41,281.7,281.91,20608.0
2026-05-15 07:15:00,281.93,282.1,281.79,281.8914,8732.0
2026-05-15 07:30:00,281.9048,281.91,281.395,281.3991,8709.0
2026-05-15 07:45:00,281.46,281.58,280.93,280.93,63756.0
2026-05-15 08:00:00,280.91,280.9634,280.0295,280.08,50134.0
2026-05-15 08:15:00,280.01,280.47,279.93,280.0765,23627.0
2026-05-15 08:30:00,279.995,280.16,279.6409,280.0,22549.0
2026-05-15 08:45:00,279.9896,280.16,279.85,279.96,131570.0
2026-05-15 09:00:00,279.9822,280.23,279.83,279.92,33734.0
2026-05-15 09:15:00,279.99,280.41,279.9,280.17,180138.0
2026-05-18 04:00:00,276.3975,276.69,276.35,276.58,6081.0
2026-05-18 04:15:00,276.56,276.91,276.4312,276.91,1903.0
2026-05-18 04:30:00,276.87,277.05,276.67,276.67,2783.0
2026-05-18 04:45:00,276.75,277.17,276.75,277.13,612.0
2026-05-18 05:00:00,277.08,277.13,276.84,276.84,2141.0
2026-05-18 05:15:00,276.83,276.88,276.76,276.88,194.0
2026-05-18 05:30:00,276.9537,277.17,276.9537,277.16,254.0
2026-05-18 05:45:00,277.14,277.19,277.0,277.07,68.0
2026-05-18 06:00:00,277.03,277.03,276.63,276.75,2372.0
2026-05-18 06:15:00,276.6887,276.6887,276.56,276.56,187.0
2026-05-18 06:30:00,276.5,276.5,276.19,276.45,869.0
2026-05-18 06:45:00,276.63,276.7,276.45,276.45,2014.0
2026-05-18 07:00:00,276.4598,276.538,275.72,276.3478,8512.0
2026-05-18 07:15:00,276.34,276.579,276.16,276.18,47194.0
2026-05-18 07:30:00,276.12,278.43,276.12,278.0359,31678.0
2026-05-18 07:45:00,278.02,278.0399,276.89,277.05,9268.0
2026-05-18 08:00:00,277.1,277.4,277.1,277.21,4940.0
2026-05-18 08:15:00,277.19,277.34,276.97,277.25,16348.0
2026-05-18 08:30:00,277.15,278.87,277.11,278.84,23252.0
2026-05-18 08:45:00,278.89,279.34,278.71,279.1,72972.0
2026-05-18 09:00:00,279.1263,279.34,278.45,278.58,38416.0
2026-05-18 09:15:00,278.57,278.91,278.4097,278.83,13411.0
2026-05-19 04:00:00,276.51,276.57,275.7,275.7,4590.0
2026-05-19 04:15:00,275.9,275.9,275.19,275.35,544.0
2026-05-19 04:30:00,275.5,275.65,275.46,275.6,208.0
2026-05-19 04:45:00,275.6954,275.78,275.62,275.7,389.0
2026-05-19 05:00:00,275.49,275.5,275.36,275.3721,749.0
2026-05-19 05:15:00,275.21,275.21,274.77,274.827,538.0
2026-05-19 05:30:00,274.76,274.78,274.15,274.29,2564.0
2026-05-19 05:45:00,274.25,274.85,274.25,274.85,3082.0
2026-05-19 06:00:00,274.72,274.83,274.51,274.51,3074.0
2026-05-19 06:15:00,274.58,274.58,274.54,274.54,491.0
2026-05-19 06:30:00,274.68,274.71,274.08,274.1,6833.0
2026-05-19 06:45:00,274.0282,275.01,274.0282,274.92,4973.0
2026-05-19 07:00:00,275.01,275.1,274.7,274.735,4972.0
2026-05-19 07:15:00,274.5877,274.61,274.39,274.45,8672.0
2026-05-19 07:30:00,274.55,274.67,274.46,274.475,4610.0
2026-05-19 07:45:00,274.45,274.45,274.0,274.0,7541.0
2026-05-19 08:00:00,274.04,274.6501,273.861,274.5706,6113.0
2026-05-19 08:15:00,274.51,274.51,274.26,274.46,1970.0
2026-05-19 08:30:00,274.49,274.7009,274.4417,274.6,15526.0
2026-05-19 08:45:00,274.54,274.65,274.5,274.55,8134.0
2026-05-19 09:00:00,274.62,274.64,273.88,274.19,32532.0
2026-05-19 09:15:00,274.25,274.25,273.31,273.64,58577.0
2026-05-20 04:00:00,272.6177,273.63,272.6177,273.49,3805.0
2026-05-20 04:15:00,273.5,273.79,273.4292,273.79,386.0
2026-05-20 04:30:00,273.8,274.11,273.8,274.07,1059.0
2026-05-20 04:45:00,274.18,274.18,274.01,274.02,2021.0
2026-05-20 05:00:00,273.94,273.94,273.71,273.71,1864.0
2026-05-20 05:15:00,273.766,273.766,273.766,273.766,10.0
2026-05-20 05:30:00,273.79,273.87,273.68,273.7,995.0
2026-05-20 05:45:00,273.82,274.09,273.82,274.09,182.0
2026-05-20 06:00:00,274.15,274.38,274.15,274.2292,2077.0
2026-05-20 06:15:00,274.24,274.45,274.24,274.281,2843.0
2026-05-20 06:30:00,274.33,274.67,274.2559,274.33,4168.0
2026-05-20 06:45:00,274.34,274.36,274.18,274.2,2710.0
2026-05-20 07:00:00,274.1591,274.28,274.1,274.18,2362.0
2026-05-20 07:15:00,274.17,274.41,274.17,274.3661,9058.0
2026-05-20 07:30:00,274.4722,274.4722,274.13,274.17,17568.0
2026-05-20 07:45:00,274.22,274.38,273.92,274.15,6243.0
2026-05-20 08:00:00,274.1002,274.5,274.1002,274.49,9062.0
2026-05-20 08:15:00,274.57,274.83,274.4019,274.78,5280.0
2026-05-20 08:30:00,274.77,275.15,274.62,274.94,6858.0
2026-05-20 08:45:00,274.91,274.95,274.62,274.63,1729.0
2026-05-20 09:00:00,274.59,274.71,274.5,274.59,6510.0
2026-05-20 09:15:00,274.58,274.91,274.43,274.84,23802.0
2026-05-21 04:00:00,279.36,280.67,279.15,280.43,4717.0
2026-05-21 04:15:00,280.5966,280.6,279.68,280.0,4174.0
2026-05-21 04:30:00,279.7961,279.95,279.7961,279.95,1771.0
2026-05-21 04:45:00,279.77,279.88,279.68,279.87,4388.0
2026-05-21 05:00:00,279.8,279.97,279.8,279.97,132.0
2026-05-21 05:15:00,279.9,280.04,279.88,279.92,3412.0
2026-05-21 05:30:00,280.16,280.16,279.96,279.99,589.0
2026-05-21 05:45:00,279.68,279.8,279.68,279.76,4162.0
2026-05-21 06:00:00,279.88,279.9,279.75,279.89,10692.0
2026-05-21 06:15:00,279.86,279.94,278.4244,278.73,11337.0
2026-05-21 06:30:00,278.63,278.63,277.46,278.03,19917.0
2026-05-21 06:45:00,277.83,277.92,277.3498,277.75,8489.0
2026-05-21 07:00:00,277.7593,278.34,277.62,278.2678,21272.0
2026-05-21 07:15:00,278.4,278.73,278.32,278.4409,15769.0
2026-05-21 07:30:00,278.42,278.53,278.26,278.45,5044.0
2026-05-21 07:45:00,278.47,278.79,278.26,278.36,3791.0
2026-05-21 08:00:00,278.4898,278.58,278.15,278.22,25617.0
2026-05-21 08:15:00,278.23,278.29,277.67,277.8,19332.0
2026-05-21 08:30:00,277.8,278.68,277.8,278.48,27467.0
2026-05-21 08:45:00,278.37,278.54,278.1,278.17,10003.0
2026-05-21 09:00:00,278.08,278.47,277.9,277.91,108215.0
2026-05-21 09:15:00,277.9435,278.7,277.85,278.62,17210.0
2026-05-22 04:00:00,283.7712,283.7712,283.28,283.54,3678.0
2026-05-22 04:15:00,283.6,284.08,283.56,283.67,4461.0
2026-05-22 04:30:00,283.65,283.68,283.2,283.68,1575.0
2026-05-22 04:45:00,283.68,283.82,283.68,283.78,260.0
2026-05-22 05:00:00,283.29,283.29,282.8,282.89,4133.0
2026-05-22 05:15:00,282.959,283.11,282.92,282.98,1698.0
2026-05-22 05:30:00,282.74,283.09,282.74,283.04,3355.0
2026-05-22 05:45:00,283.07,283.1,282.9797,282.99,639.0
2026-05-22 06:00:00,283.06,283.06,282.85,282.9108,208.0
2026-05-22 06:15:00,282.81,282.81,282.57,282.66,3486.0
2026-05-22 06:30:00,282.52,282.53,282.23,282.29,1654.0
2026-05-22 06:45:00,282.283,282.37,282.24,282.37,1183.0
2026-05-22 07:00:00,282.3782,282.7322,282.3782,282.63,3400.0
2026-05-22 07:15:00,282.6,282.79,282.6,282.75,5296.0
2026-05-22 07:30:00,282.68,282.9792,282.56,282.9792,760.0
2026-05-22 07:45:00,283.0143,283.36,282.86,282.9,31625.0
2026-05-22 08:00:00,282.9332,284.31,282.839,284.22,18992.0
2026-05-22 08:15:00,284.19,284.34,283.67,283.79,32840.0
2026-05-22 08:30:00,283.755,284.47,283.755,284.2,106714.0
2026-05-22 08:45:00,284.42,284.72,284.14,284.6,11522.0
2026-05-22 09:00:00,284.75,285.08,284.24,284.87,31940.0
2026-05-22 09:15:00,284.89,285.1,284.02,284.07,23698.0
2026-05-26 04:00:00,287.87,288.07,287.68,287.98,7455.0
2026-05-26 04:15:00,287.99,288.16,287.97,288.07,1029.0
2026-05-26 04:30:00,288.0312,288.06,287.96,288.06,514.0
2026-05-26 04:45:00,288.04,288.05,287.83,287.9,1329.0
2026-05-26 05:00:00,287.95,287.99,287.83,287.86,2065.0
2026-05-26 05:15:00,287.83,288.06,287.8,288.06,1554.0
2026-05-26 05:30:00,288.18,288.2,288.02,288.02,611.0
2026-05-26 05:45:00,288.04,288.11,288.0081,288.11,1009.0
2026-05-26 06:00:00,288.02,288.15,288.01,288.11,3650.0
2026-05-26 06:15:00,288.15,288.52,288.096,288.42,1390.0
2026-05-26 06:30:00,288.52,288.74,288.4,288.499,2619.0
2026-05-26 06:45:00,288.35,288.5,288.31,288.37,2529.0
2026-05-26 07:00:00,288.38,288.4156,288.231,288.405,6469.0
2026-05-26 07:15:00,288.3152,288.49,288.28,288.39,4245.0
2026-05-26 07:30:00,288.35,288.43,287.89,288.33,6117.0
2026-05-26 07:45:00,288.3006,288.34,288.2159,288.26,3004.0
2026-05-26 08:00:00,288.2465,288.39,287.81,288.3,10738.0
2026-05-26 08:15:00,288.2831,288.55,288.2831,288.54,8947.0
2026-05-26 08:30:00,288.58,288.71,288.39,288.45,1440.0
2026-05-26 08:45:00,288.4,288.47,288.3,288.35,65707.0
2026-05-26 09:00:00,288.33,288.4,288.17,288.3026,12134.0
2026-05-26 09:15:00,288.34,288.55,288.1503,288.55,23632.0
2026-05-27 04:00:00,291.449,291.94,291.27,291.87,6251.0
2026-05-27 04:15:00,291.88,292.28,291.88,292.28,338.0
2026-05-27 04:30:00,292.21,292.38,292.11,292.351,2608.0
2026-05-27 04:45:00,292.36,292.48,292.36,292.42,546.0
2026-05-27 05:00:00,292.4296,292.77,292.32,292.76,1006.0
2026-05-27 05:15:00,292.66,292.81,292.59,292.73,1634.0
2026-05-27 05:30:00,292.74,292.74,292.54,292.54,3290.0
2026-05-27 05:45:00,292.48,292.65,292.47,292.52,1329.0
2026-05-27 06:00:00,292.5,292.6696,292.5,292.57,1398.0
2026-05-27 06:15:00,292.58,292.59,292.48,292.48,976.0
2026-05-27 06:30:00,292.5,292.57,292.45,292.45,2049.0
2026-05-27 06:45:00,292.5,292.7,292.5,292.5,1427.0
2026-05-27 07:00:00,292.5,292.58,292.37,292.52,6619.0
2026-05-27 07:15:00,292.54,292.84,292.49,292.5387,4634.0
2026-05-27 07:30:00,292.5,292.51,292.02,292.11,6395.0
2026-05-27 07:45:00,292.1212,292.1212,291.71,291.74,15629.0
2026-05-27 08:00:00,291.63,291.7,291.4,291.5319,4134.0
2026-05-27 08:15:00,291.5259,293.14,291.4,292.6918,77637.0
2026-05-27 08:30:00,292.7,292.93,291.91,292.02,47877.0
2026-05-27 08:45:00,292.03,292.03,291.63,291.81,24001.0
2026-05-27 09:00:00,291.88,291.91,291.17,291.34,23723.0
2026-05-27 09:15:00,291.31,291.56,291.09,291.09,20798.0
2026-05-28 04:00:00,289.8688,289.8688,289.54,289.72,4574.0
2026-05-28 04:15:00,289.72,289.82,289.63,289.68,672.0
2026-05-28 04:30:00,289.56,289.69,289.54,289.69,1453.0
2026-05-28 04:45:00,289.64,289.82,289.64,289.78,205.0
2026-05-28 05:00:00,289.9,289.9,289.68,289.68,8.0
2026-05-28 05:15:00,289.98,289.98,289.85,289.85,21.0
2026-05-28 05:30:00,289.72,289.74,289.6,289.72,8546.0
2026-05-28 05:45:00,289.63,289.96,289.63,289.88,438.0
2026-05-28 06:00:00,289.93,289.93,289.74,289.8,578.0
2026-05-28 06:15:00,289.75,289.85,289.53,289.62,2608.0
2026-05-28 06:30:00,289.65,289.7,289.45,289.45,276.0
2026-05-28 06:45:00,289.27,289.36,288.83,289.04,12104.0
2026-05-28 07:00:00,288.9993,289.25,288.98,289.0,28720.0
2026-05-28 07:15:00,289.0,289.22,288.9899,289.0748,31108.0
2026-05-28 07:30:00,288.98,289.3,288.9,289.3,20442.0
2026-05-28 07:45:00,289.3028,289.3028,289.155,289.27,2718.0
2026-05-28 08:00:00,289.1951,289.35,289.06,289.35,9039.0
2026-05-28 08:15:00,289.33,289.34,289.05,289.34,1617.0
2026-05-28 08:30:00,289.34,290.36,289.3206,290.07,25108.0
2026-05-28 08:45:00,290.24,290.48,290.22,290.449,4635.0
2026-05-28 09:00:00,290.4434,290.5856,289.94,289.94,21677.0
2026-05-28 09:15:00,289.91,289.9652,289.62,289.71,9333.0
2026-05-29 04:00:00,291.7127,291.95,291.69,291.75,3208.0
2026-05-29 04:15:00,291.78,291.78,291.73,291.75,496.0
2026-05-29 04:30:00,291.74,291.74,291.69,291.69,146.0
2026-05-29 04:45:00,291.55,291.55,291.55,291.55,156.0
2026-05-29 05:00:00,291.6,291.9481,291.6,291.9481,334.0
2026-05-29 05:15:00,291.95,292.17,291.93,292.03,1721.0
2026-05-29 05:30:00,292.01,292.09,291.96,291.96,199.0
2026-05-29 05:45:00,292.05,292.05,292.0007,292.0007,14.0
2026-05-29 06:00:00,291.85,291.85,291.68,291.73,165.0
2026-05-29 06:15:00,291.72,291.82,291.72,291.82,2496.0
2026-05-29 06:30:00,291.9,291.9054,291.8269,291.8269,1873.0
2026-05-29 06:45:00,292.01,292.01,291.98,292.0,1567.0
2026-05-29 07:00:00,291.925,292.045,291.87,291.9,462.0
2026-05-29 07:15:00,291.96,292.13,291.9,291.9,2429.0
2026-05-29 07:30:00,291.78,292.08,291.73,292.0652,24768.0
2026-05-29 07:45:00,292.13,292.27,291.61,292.27,3397.0
2026-05-29 08:00:00,292.27,292.27,291.83,291.83,3497.0
2026-05-29 08:15:00,291.8612,292.09,291.86,291.94,1204.0
2026-05-29 08:30:00,291.98,291.98,291.54,291.71,11030.0
2026-05-29 08:45:00,291.7722,291.7722,291.4585,291.71,6916.0
2026-05-29 09:00:00,291.75,291.75,291.35,291.41,2027.0
2026-05-29 09:15:00,291.42,291.43,291.09,291.09,27477.0
2026-06-01 04:00:00,290.6582,290.81,290.41,290.515,1470.0
2026-06-01 04:15:00,290.45,290.47,290.25,290.25,151.0
2026-06-01 04:30:00,290.23,290.23,290.07,290.07,3590.0
2026-06-01 04:45:00,290.2031,290.38,290.0,290.38,2931.0
2026-06-01 05:00:00,290.4982,290.4996,290.28,290.29,802.0
2026-06-01 05:15:00,290.26,290.295,290.21,290.295,773.0
2026-06-01 05:30:00,290.29,290.35,290.25,290.2557,270.0
2026-06-01 05:45:00,290.26,290.4156,290.25,290.4156,3673.0
2026-06-01 06:00:00,290.45,290.65,290.37,290.65,3007.0
2026-06-01 06:15:00,290.5,290.5504,290.49,290.5469,188.0
2026-06-01 06:30:00,290.59,290.72,290.59,290.69,1080.0
2026-06-01 06:45:00,290.55,290.55,290.45,290.54,2316.0
2026-06-01 07:00:00,290.53,290.56,290.31,290.31,7331.0
2026-06-01 07:15:00,290.24,290.24,290.09,290.14,14541.0
2026-06-01 07:30:00,290.2185,290.2185,290.095,290.1,1388.0
2026-06-01 07:45:00,290.1,290.1,289.83,289.9148,1183.0
2026-06-01 08:00:00,289.92,290.02,289.6622,289.675,17138.0
2026-06-01 08:15:00,289.6607,289.84,289.45,289.775,13046.0
2026-06-01 08:30:00,289.77,290.23,289.555,290.23,7736.0
2026-06-01 08:45:00,290.22,290.22,289.8,289.8,6497.0
2026-06-01 09:00:00,289.81,290.01,288.13,288.605,21045.0
2026-06-01 09:15:00,288.56,288.96,287.89,288.18,87095.0
2026-06-02 04:00:00,287.7015,289.23,287.7015,289.18,5840.0
2026-06-02 04:15:00,289.11,289.22,288.96,289.08,3983.0
2026-06-02 04:30:00,289.05,289.05,288.91,288.92,77.0
2026-06-02 04:45:00,289.14,289.16,289.08,289.08,1931.0
2026-06-02 05:00:00,289.01,289.01,288.8103,288.86,498.0
2026-06-02 05:15:00,288.78,288.83,288.54,288.6,1661.0
2026-06-02 05:30:00,288.61,288.63,288.52,288.54,3347.0
2026-06-02 05:45:00,288.79,288.79,288.6795,288.6795,70.0
2026-06-02 06:00:00,288.66,288.66,288.5,288.65,1183.0
2026-06-02 06:15:00,288.7541,288.7541,288.7541,288.7541,2.0
2026-06-02 06:30:00,288.6597,288.6597,288.6122,288.6122,300.0
2026-06-02 06:45:00,288.58,288.59,288.5533,288.5533,69.0
2026-06-02 07:00:00,288.61,288.72,288.5391,288.56,2976.0
2026-06-02 07:15:00,288.5452,288.7308,288.52,288.7308,1315.0
2026-06-02 07:30:00,288.7697,288.92,288.7018,288.87,3570.0
2026-06-02 07:45:00,288.83,288.83,288.7,288.733,1493.0
2026-06-02 08:00:00,288.6899,289.22,288.66,289.1174,4695.0
2026-06-02 08:15:00,289.107,289.462,289.107,289.42,5300.0
2026-06-02 08:30:00,289.28,289.35,289.02,289.24,2896.0
2026-06-02 08:45:00,289.21,289.2689,289.02,289.02,866.0
2026-06-02 09:00:00,289.11,289.28,288.7,288.93,14422.0
2026-06-02 09:15:00,288.875,288.9103,288.45,288.51,13325.0
2026-06-03 04:00:00,290.7,290.74,290.35,290.7,12131.0
2026-06-03 04:15:00,290.59,290.66,290.33,290.6296,754.0
2026-06-03 04:30:00,290.62,290.79,290.52,290.5212,306.0
2026-06-03 04:45:00,290.53,290.67,290.51,290.5404,370.0
2026-06-03 05:00:00,290.49,290.7459,290.48,290.64,609.0
2026-06-03 05:15:00,290.639,290.639,290.4,290.44,614.0
2026-06-03 05:30:00,290.4912,290.4912,290.26,290.33,1113.0
2026-06-03 05:45:00,290.27,290.38,290.14,290.14,13762.0
2026-06-03 06:00:00,290.09,290.9,290.08,290.42,4263.0
2026-06-03 06:15:00,290.33,290.3685,290.33,290.3685,121.0
2026-06-03 06:30:00,290.3515,290.4015,290.239,290.239,108.0
2026-06-03 06:45:00,290.1236,290.44,290.0955,290.44,521.0
2026-06-03 07:00:00,290.531,290.65,290.48,290.5,3874.0
2026-06-03 07:15:00,290.49,290.59,290.29,290.56,14830.0
2026-06-03 07:30:00,290.54,290.6435,290.52,290.58,4433.0
2026-06-03 07:45:00,290.6,290.6648,290.5,290.59,3604.0
2026-06-03 08:00:00,290.63,290.71,290.58,290.62,2161.0
2026-06-03 08:15:00,290.59,290.59,290.27,290.2765,10636.0
2026-06-03 08:30:00,290.27,290.27,289.7,289.95,7914.0
2026-06-03 08:45:00,289.87,290.03,289.75,289.845,13634.0
2026-06-03 09:00:00,289.8393,289.92,289.67,289.8629,17794.0
2026-06-03 09:15:00,289.8695,290.03,289.5603,289.68,67033.0
2026-06-04 04:00:00,287.67,288.6,287.67,288.38,1778.0
2026-06-04 04:15:00,288.25,288.36,287.8,288.19,3179.0
2026-06-04 04:30:00,288.39,288.73,288.06,288.0949,1591.0
2026-06-04 04:45:00,287.94,288.05,287.92,288.05,184.0
2026-06-04 05:00:00,287.92,287.96,287.66,287.6753,558.0
2026-06-04 05:15:00,287.67,287.9287,287.67,287.9,2613.0
2026-06-04 05:30:00,287.92,288.39,287.9,288.3,1312.0
2026-06-04 05:45:00,288.48,288.6,288.4504,288.4567,535.0
2026-06-04 06:00:00,288.4573,288.4573,288.07,288.1152,621.0
2026-06-04 06:15:00,288.13,288.14,287.9015,287.9015,2259.0
2026-06-04 06:30:00,287.95,287.95,287.4899,287.5,2432.0
2026-06-04 06:45:00,287.62,287.62,287.3,287.46,4406.0
2026-06-04 07:00:00,287.45,287.93,287.45,287.93,7865.0
2026-06-04 07:15:00,287.93,288.39,287.92,288.25,38828.0
2026-06-04 07:30:00,288.25,288.31,287.55,287.78,21108.0
2026-06-04 07:45:00,287.93,288.89,287.93,288.82,43086.0
2026-06-04 08:00:00,288.91,289.2,288.36,288.43,21935.0
2026-06-04 08:15:00,288.3019,288.55,288.16,288.39,10915.0
2026-06-04 08:30:00,288.46,288.74,288.4,288.69,15850.0
2026-06-04 08:45:00,288.65,288.76,288.37,288.47,15324.0
2026-06-04 09:00:00,288.46,288.629,288.2712,288.32,8264.0
2026-06-04 09:15:00,288.34,288.42,287.47,288.26,39494.0
2026-06-05 04:00:00,290.06,290.3096,289.8811,290.2775,17057.0
2026-06-05 04:15:00,290.3,290.62,290.19,290.62,13188.0
2026-06-05 04:30:00,290.62,290.62,290.28,290.28,426.0
2026-06-05 04:45:00,290.21,290.32,290.21,290.25,407.0
2026-06-05 05:00:00,290.33,291.21,290.24,290.95,2603.0
2026-06-05 05:15:00,291.01,291.01,290.62,290.69,1216.0
2026-06-05 05:30:00,290.6315,290.6485,290.4315,290.49,202.0
2026-06-05 05:45:00,290.71,290.79,290.68,290.79,448.0
2026-06-05 06:15:00,290.7687,290.86,290.7487,290.86,78.0
2026-06-05 06:30:00,290.93,290.95,290.84,290.9387,732.0
2026-06-05 06:45:00,290.82,290.83,290.65,290.7,3158.0
2026-06-05 07:00:00,290.6591,290.7,290.65,290.691,2448.0
2026-06-05 07:15:00,290.62,290.71,290.24,290.71,8003.0
2026-06-05 07:30:00,290.78,290.8499,290.48,290.72,21985.0
2026-06-05 07:45:00,290.7004,290.7004,290.4,290.4,1007.0
2026-06-05 08:00:00,290.31,290.43,290.08,290.1099,254213.0
2026-06-05 08:15:00,290.21,290.4275,290.18,290.1935,3752.0
2026-06-05 08:30:00,290.48,290.82,289.2,290.05,53960.0
2026-06-05 08:45:00,289.97,290.11,289.17,289.31,20980.0
2026-06-05 09:00:00,289.3,289.6,289.23,289.47,23764.0
2026-06-05 09:15:00,289.37,289.54,289.04,289.35,42526.0
2026-06-08 04:00:00,283.23,283.3,283.04,283.17,31158.0
2026-06-08 04:15:00,283.089,283.24,283.0,283.06,2488.0
2026-06-08 04:30:00,283.07,283.26,282.82,282.9212,1793.0
2026-06-08 04:45:00,282.75,282.95,282.69,282.92,1262.0
2026-06-08 05:00:00,283.06,283.23,282.75,283.01,1807.0
2026-06-08 05:15:00,283.19,283.46,283.12,283.38,438.0
2026-06-08 05:30:00,283.41,284.14,283.211,283.91,12283.0
2026-06-08 05:45:00,283.76,283.97,283.76,283.86,3441.0
2026-06-08 06:00:00,283.89,283.93,283.4144,283.84,1100.0
2026-06-08 06:15:00,283.6,283.6,283.42,283.44,874.0
2026-06-08 06:30:00,283.59,284.46,283.51,284.04,9304.0
2026-06-08 06:45:00,284.07,284.17,283.9,283.91,5275.0
2026-06-08 07:00:00,284.01,285.06,283.84,285.06,44107.0
2026-06-08 07:15:00,285.32,285.41,284.8,285.41,148604.0
2026-06-08 07:30:00,285.43,285.75,285.25,285.31,11923.0
2026-06-08 07:45:00,285.27,285.35,285.05,285.1645,4033.0
2026-06-08 08:00:00,285.19,285.57,285.1609,285.44,11481.0
2026-06-08 08:15:00,285.45,285.73,285.41,285.73,10143.0
2026-06-08 08:30:00,285.78,286.2,285.61,285.815,69049.0
2026-06-08 08:45:00,285.8,285.802,285.55,285.609,58608.0
2026-06-08 09:00:00,285.63,285.99,285.52,285.65,16443.0
2026-06-08 09:15:00,285.67,286.15,285.44,285.53,27352.0
2026-06-09 04:00:00,284.8522,286.08,284.8522,286.02,4605.0
2026-06-09 04:15:00,286.1,286.2,286.0158,286.2,194.0
2026-06-09 04:30:00,286.26,286.4,286.12,286.4,977.0
2026-06-09 04:45:00,286.32,286.32,286.1,286.21,2430.0
2026-06-09 05:00:00,286.17,286.51,286.17,286.4684,1778.0
2026-06-09 05:15:00,286.48,286.66,286.47,286.66,2301.0
2026-06-09 05:30:00,286.65,286.8,286.5321,286.66,3554.0
2026-06-09 05:45:00,286.79,286.79,286.78,286.78,240.0
2026-06-09 06:00:00,286.67,286.71,285.79,286.57,10103.0
2026-06-09 06:15:00,286.54,286.58,286.4,286.5,27821.0
2026-06-09 06:30:00,286.5,286.51,286.5,286.51,41.0
2026-06-09 06:45:00,286.6644,287.05,286.6644,287.02,4290.0
2026-06-09 07:00:00,286.9307,287.0901,286.57,286.68,11557.0
2026-06-09 07:15:00,286.6887,286.6887,286.4,286.46,8875.0
2026-06-09 07:30:00,286.6784,286.88,286.58,286.85,2299.0
2026-06-09 07:45:00,286.88,286.89,286.53,286.53,1581.0
2026-06-09 08:00:00,286.5907,286.88,286.54,286.75,1654.0
2026-06-09 08:15:00,286.69,286.95,286.64,286.82,6265.0
2026-06-09 08:30:00,286.86,287.35,286.8,286.8449,19502.0
2026-06-09 08:45:00,286.78,287.04,286.57,287.04,14156.0
2026-06-09 09:00:00,287.04,287.18,286.74,286.74,22299.0
2026-06-09 09:15:00,286.72,287.18,286.59,286.96,19759.0
2026-06-10 04:00:00,283.5322,283.9677,283.34,283.5731,4355.0
2026-06-10 04:15:00,283.35,283.4,283.13,283.29,2954.0
2026-06-10 04:30:00,283.12,283.24,282.426,282.426,1087.0
2026-06-10 04:45:00,282.32,282.71,282.16,282.19,824.0
2026-06-10 05:00:00,282.33,282.58,282.0,282.01,5281.0
2026-06-10 05:15:00,281.8,282.64,281.8,282.64,690.0
2026-06-10 05:30:00,282.666,283.06,282.5026,282.55,1430.0
2026-06-10 05:45:00,282.63,283.1,282.47,282.99,11768.0
2026-06-10 06:00:00,282.92,282.92,282.645,282.75,513.0
2026-06-10 06:15:00,282.62,282.66,282.3,282.63,1333.0
2026-06-10 06:30:00,283.0,283.16,282.82,283.16,17128.0
2026-06-10 06:45:00,283.12,283.22,282.83,283.13,2932.0
2026-06-10 07:00:00,283.1597,283.31,280.7935,282.19,43611.0
2026-06-10 07:15:00,282.15,282.38,280.95,281.5356,43128.0
2026-06-10 07:30:00,281.5,281.72,281.15,281.64,38944.0
2026-06-10 07:45:00,281.61,282.75,281.52,282.3815,36671.0
2026-06-10 08:00:00,282.35,282.99,282.2,282.65,17357.0
2026-06-10 08:15:00,282.63,283.28,282.31,283.21,53549.0
2026-06-10 08:30:00,283.21,285.83,282.81,284.91,163633.0
2026-06-10 08:45:00,284.9,285.34,284.41,284.4198,16738.0
2026-06-10 09:00:00,284.49,284.8,284.28,284.65,16573.0
2026-06-10 09:15:00,284.63,284.905,284.53,284.66,20520.0
2026-06-11 04:00:00,285.1688,285.73,285.11,285.73,7844.0
2026-06-11 04:15:00,285.74,285.77,285.53,285.55,399.0
2026-06-11 04:30:00,285.59,286.11,285.55,286.11,1339.0
2026-06-11 04:45:00,286.1671,286.29,286.1,286.29,1169.0
2026-06-11 05:00:00,286.2358,286.2358,285.98,286.1,1977.0
2026-06-11 05:15:00,286.14,286.26,285.91,286.06,493.0
2026-06-11 05:30:00,286.1123,286.2312,286.01,286.19,730.0
2026-06-11 05:45:00,286.24,286.42,286.2,286.32,2178.0
2026-06-11 06:00:00,286.31,286.31,285.99,286.1,477.0
2026-06-11 06:15:00,286.13,286.13,285.94,285.94,900.0
2026-06-11 06:30:00,286.07,286.3,286.07,286.12,2348.0
2026-06-11 06:45:00,286.07,286.43,286.022,286.13,3519.0
2026-06-11 07:00:00,286.12,286.1209,285.39,285.57,23941.0
2026-06-11 07:15:00,285.58,285.6,285.17,285.45,25728.0
2026-06-11 07:30:00,285.54,286.17,285.54,285.96,6857.0
2026-06-11 07:45:00,285.87,286.3,285.74,286.22,14662.0
2026-06-11 08:00:00,286.22,286.24,285.8208,285.93,9912.0
2026-06-11 08:15:00,285.94,285.94,283.82,284.2,61182.0
2026-06-11 08:30:00,284.15,284.38,283.08,284.0728,57218.0
2026-06-11 08:45:00,284.01,285.05,283.87,284.83,44368.0
2026-06-11 09:00:00,284.71,284.71,284.21,284.33,18763.0
2026-06-11 09:15:00,284.29,284.7,284.28,284.4,29844.0
2026-06-12 04:00:00,291.2612,291.9,290.93,291.9,3975.0
2026-06-12 04:15:00,291.87,292.67,291.87,292.5,2341.0
2026-06-12 04:30:00,292.5503,292.5503,291.76,291.76,335.0
2026-06-12 04:45:00,291.7,292.0143,291.6474,292.012,276.0
2026-06-12 05:00:00,292.0938,292.27,292.0,292.27,34.0
2026-06-12 05:15:00,292.41,293.24,292.41,293.24,6417.0
2026-06-12 05:30:00,293.05,293.73,293.05,293.2,3471.0
2026-06-12 05:45:00,293.19,293.2,292.67,292.81,9813.0
2026-06-12 06:00:00,292.81,293.14,292.5,292.53,3426.0
2026-06-12 06:15:00,292.53,292.59,292.11,292.22,49199.0
2026-06-12 06:30:00,292.22,292.71,292.19,292.68,1056.0
2026-06-12 06:45:00,292.69,292.7,292.36,292.42,1028.0
2026-06-12 07:00:00,292.4314,292.71,292.4,292.51,1769.0
2026-06-12 07:15:00,292.52,293.04,292.5091,292.89,8735.0
2026-06-12 07:30:00,292.88,293.06,292.5,293.05,7098.0
2026-06-12 07:45:00,293.07,293.24,292.85,292.85,2643.0
2026-06-12 08:00:00,292.9,292.96,292.18,292.3,4750.0
2026-06-12 08:15:00,292.345,292.36,291.69,291.83,8007.0
2026-06-12 08:30:00,291.76,291.99,291.05,291.07,27972.0
2026-06-12 08:45:00,291.0077,291.37,290.66,290.93,9438.0
2026-06-12 09:00:00,290.88,291.34,290.66,291.34,42998.0
2026-06-12 09:15:00,291.33,291.72,291.3,291.72,37968.0
2026-06-15 04:00:00,296.9788,297.35,296.81,297.24,5786.0
2026-06-15 04:15:00,297.26,297.45,297.14,297.45,3499.0
2026-06-15 04:30:00,297.39,297.4196,297.38,297.38,224.0
2026-06-15 04:45:00,297.35,297.4,297.2292,297.29,1029.0
2026-06-15 05:00:00,297.36,297.5096,297.08,297.09,1477.0
2026-06-15 05:15:00,297.03,297.03,296.78,296.88,3466.0
2026-06-15 05:30:00,296.66,296.9,296.66,296.77,353.0
2026-06-15 05:45:00,296.71,296.94,296.69,296.9,1080.0
2026-06-15 06:00:00,296.84,297.23,296.84,297.23,1007.0
2026-06-15 06:15:00,297.11,297.25,297.09,297.23,19602.0
2026-06-15 06:30:00,297.17,297.17,297.0557,297.08,238.0
2026-06-15 06:45:00,297.13,297.13,296.94,297.0254,1546.0
2026-06-15 07:00:00,297.03,297.68,296.9953,297.55,8311.0
2026-06-15 07:15:00,297.63,298.035,297.46,298.0,15397.0
2026-06-15 07:30:00,297.98,298.11,297.33,297.36,10867.0
2026-06-15 07:45:00,297.4,297.81,297.33,297.66,4500.0
2026-06-15 08:00:00,297.63,297.659,297.45,297.5,2411.0
2026-06-15 08:15:00,297.47,297.47,297.0699,297.12,8117.0
2026-06-15 08:30:00,297.1101,297.37,297.05,297.24,21982.0
2026-06-15 08:45:00,297.13,297.45,297.08,297.33,15014.0
2026-06-15 09:00:00,297.38,297.43,297.18,297.32,3862.0
2026-06-15 09:15:00,297.32,297.4,296.56,296.84,25195.0
2026-06-16 04:00:00,295.26,295.41,294.95,295.31,6845.0
2026-06-16 04:15:00,295.26,295.3,295.07,295.23,3383.0
2026-06-16 04:30:00,295.2,295.23,295.0,295.045,854.0
2026-06-16 04:45:00,295.0,295.22,295.0,295.21,411.0
2026-06-16 05:00:00,295.14,295.18,295.14,295.16,9073.0
2026-06-16 05:15:00,295.04,295.04,294.87,294.93,270.0
2026-06-16 05:30:00,295.02,295.032,294.63,294.63,319.0
2026-06-16 05:45:00,294.71,294.71,294.71,294.71,40.0
2026-06-16 06:00:00,294.7,294.896,294.7,294.896,126.0
2026-06-16 06:15:00,294.9,294.9396,294.87,294.87,850.0
2026-06-16 06:30:00,294.93,294.98,294.84,294.9,1838.0
2026-06-16 06:45:00,294.84,295.01,294.84,295.01,163.0
2026-06-16 07:00:00,295.0487,295.1,294.79,294.945,1999.0
2026-06-16 07:15:00,294.99,295.06,294.95,294.95,2237.0
2026-06-16 07:30:00,295.11,295.165,294.99,295.16,351.0
2026-06-16 07:45:00,295.18,295.27,295.12,295.209,2395.0
2026-06-16 08:00:00,295.2,295.5,295.18,295.5,5270.0
2026-06-16 08:15:00,295.48,295.48,294.98,295.08,17498.0
2026-06-16 08:30:00,295.15,295.24,294.9095,294.9939,7744.0
2026-06-16 08:45:00,294.97,295.19,294.93,295.12,27493.0
2026-06-16 09:00:00,295.11,295.26,294.91,295.0,38868.0
2026-06-16 09:15:00,295.005,295.74,294.9187,295.65,28123.0
2026-06-17 04:00:00,292.56,292.56,291.8715,291.98,4592.0
2026-06-17 04:15:00,291.88,292.34,291.88,292.34,741.0
2026-06-17 04:30:00,292.08,292.11,291.95,292.1,458.0
2026-06-17 04:45:00,292.0149,292.43,292.0149,292.43,547.0
2026-06-17 05:00:00,292.4,292.55,292.26,292.55,701.0
2026-06-17 05:15:00,292.58,292.78,292.55,292.73,725.0
2026-06-17 05:30:00,292.81,292.91,292.527,292.55,567.0
2026-06-17 05:45:00,292.53,292.53,292.2969,292.2969,2393.0
2026-06-17 06:00:00,292.19,292.24,292.06,292.06,1197.0
2026-06-17 06:15:00,292.24,292.36,292.24,292.3299,282.0
2026-06-17 06:30:00,292.28,292.38,292.25,292.29,209.0
2026-06-17 06:45:00,292.4053,292.63,292.16,292.16,453.0
2026-06-17 07:00:00,292.1113,292.5396,292.08,292.5396,5232.0
2026-06-17 07:15:00,292.519,292.519,292.35,292.41,5009.0
2026-06-17 07:30:00,292.3055,292.429,292.2508,292.3,3976.0
2026-06-17 07:45:00,292.28,292.349,291.85,292.02,3536.0
2026-06-17 08:00:00,292.0501,292.49,292.0501,292.49,2236.0
2026-06-17 08:15:00,292.5047,292.5047,292.27,292.29,13909.0
2026-06-17 08:30:00,292.45,292.5,292.239,292.45,14866.0
2026-06-17 08:45:00,292.46,292.5,292.32,292.36,1336.0
2026-06-17 09:00:00,292.36,292.44,292.0678,292.26,8299.0
2026-06-17 09:15:00,292.2793,292.55,292.2,292.55,17232.0
2026-06-18 04:00:00,293.51,293.68,293.41,293.42,7648.0
2026-06-18 04:15:00,293.47,293.47,292.98,292.98,4065.0
2026-06-18 04:30:00,292.97,293.16,292.95,293.1,4108.0
2026-06-18 04:45:00,293.06,293.07,292.61,292.62,2132.0
2026-06-18 05:00:00,292.4,292.95,292.4,292.95,14196.0
2026-06-18 05:15:00,292.99,293.21,292.97,293.17,4775.0
2026-06-18 05:30:00,293.17,293.5,293.14,293.41,3107.0
2026-06-18 05:45:00,293.42,293.65,293.42,293.47,1413.0
2026-06-18 06:00:00,293.5,293.5,293.25,293.36,2569.0
2026-06-18 06:15:00,293.55,293.55,293.3,293.44,8568.0
2026-06-18 06:30:00,293.45,293.55,293.21,293.3,26144.0
2026-06-18 06:45:00,293.3,293.4,293.29,293.4,5642.0
2026-06-18 07:00:00,293.38,293.48,292.71,292.82,6679.0
2026-06-18 07:15:00,292.94,292.95,292.3,292.68,10288.0
2026-06-18 07:30:00,292.6,292.7322,292.13,292.57,9051.0
2026-06-18 07:45:00,292.49,292.7,292.3591,292.7,23603.0
2026-06-18 08:00:00,292.7,292.72,292.33,292.64,357564.0
2026-06-18 08:15:00,292.66,293.77,292.66,293.75,25375.0
2026-06-18 08:30:00,293.48,293.72,293.26,293.56,13611.0
2026-06-18 08:45:00,293.5,294.05,293.5,293.8,27053.0
2026-06-18 09:00:00,293.83,293.97,293.55,293.83,12835.0
2026-06-18 09:15:00,293.84,295.01,293.8,294.77,101522.0
2026-06-22 04:00:00,294.89,295.01,294.63,294.7,2146.0
2026-06-22 04:15:00,294.69,294.89,294.63,294.83,448.0
2026-06-22 04:30:00,294.7615,294.88,294.7615,294.88,501.0
2026-06-22 04:45:00,294.84,294.84,294.76,294.76,163.0
2026-06-22 05:00:00,294.88,295.3,294.88,295.3,177.0
2026-06-22 05:15:00,295.25,295.28,295.23,295.27,1670.0
2026-06-22 05:30:00,295.27,295.27,295.18,295.18,1013.0
2026-06-22 05:45:00,295.19,295.21,295.14,295.21,686.0
2026-06-22 06:00:00,295.28,295.81,295.28,295.77,1532.0
2026-06-22 06:15:00,295.705,295.75,295.6,295.71,473.0
2026-06-22 06:30:00,295.7287,295.7287,295.5,295.65,165.0
2026-06-22 06:45:00,295.63,295.71,295.55,295.55,1444.0
2026-06-22 07:00:00,295.49,296.78,295.49,295.8465,20858.0
2026-06-22 07:15:00,295.84,296.06,295.84,296.06,366.0
2026-06-22 07:30:00,296.01,296.26,295.9878,296.21,2601.0
2026-06-22 07:45:00,296.168,296.3996,295.95,296.38,7236.0
2026-06-22 08:00:00,296.36,296.64,296.2626,296.5612,7619.0
2026-06-22 08:15:00,296.56,296.86,296.47,296.86,3941.0
2026-06-22 08:30:00,296.8648,296.89,296.65,296.65,4941.0
2026-06-22 08:45:00,296.6885,296.6885,296.43,296.4595,804.0
2026-06-22 09:00:00,296.44,296.94,296.4265,296.68,37371.0
2026-06-22 09:15:00,296.75,297.16,296.45,297.14,12047.0
2026-06-23 04:00:00,293.4,293.42,292.86,293.23,5520.0
2026-06-23 04:15:00,293.22,293.23,292.61,292.61,3715.0
2026-06-23 04:30:00,292.8826,293.35,292.8826,293.25,3752.0
2026-06-23 04:45:00,292.72,293.07,292.72,293.05,1614.0
2026-06-23 05:00:00,293.27,293.72,293.22,293.72,1303.0
2026-06-23 05:15:00,293.61,294.0,293.59,294.0,616.0
2026-06-23 05:30:00,293.84,293.84,293.62,293.84,835.0
2026-06-23 05:45:00,293.82,293.94,293.76,293.94,1724.0
2026-06-23 06:00:00,293.83,294.12,293.65,293.65,13408.0
2026-06-23 06:15:00,293.71,293.7958,293.49,293.49,3237.0
2026-06-23 06:30:00,293.45,293.45,293.01,293.16,283.0
2026-06-23 06:45:00,293.19,293.44,293.13,293.4,37957.0
2026-06-23 07:00:00,293.5784,293.88,293.38,293.69,45832.0
2026-06-23 07:15:00,293.82,294.43,293.665,294.43,77709.0
2026-06-23 07:30:00,294.4,294.65,294.15,294.3194,28241.0
2026-06-23 07:45:00,294.29,294.72,294.16,294.7,5832.0
2026-06-23 08:00:00,294.64,294.64,294.09,294.15,3793.0
2026-06-23 08:15:00,294.155,294.17,293.36,293.59,10057.0
2026-06-23 08:30:00,293.68,293.68,293.11,293.57,6294.0
2026-06-23 08:45:00,293.54,293.54,293.05,293.27,19456.0
2026-06-23 09:00:00,293.2598,293.72,293.13,293.68,10714.0
2026-06-23 09:15:00,293.65,293.65,293.14,293.22,14648.0
2026-06-24 04:00:00,295.797,296.0765,295.2,296.0765,8284.0
2026-06-24 04:15:00,296.1,296.26,295.75,295.75,562.0
2026-06-24 04:30:00,295.8,295.91,295.72,295.78,2727.0
2026-06-24 04:45:00,295.7,295.7,295.5215,295.6497,107.0
2026-06-24 05:00:00,295.72,295.93,295.6,295.93,2169.0
2026-06-24 05:15:00,295.79,295.79,295.4593,295.66,475.0
2026-06-24 05:30:00,295.7,295.7,295.32,295.4,940.0
2026-06-24 05:45:00,295.29,295.62,295.29,295.62,652.0
2026-06-24 06:00:00,295.39,295.58,295.38,295.5,749.0
2026-06-24 06:15:00,295.7,295.74,295.7,295.74,587.0
2026-06-24 06:30:00,295.87,296.22,295.84,296.19,10983.0
2026-06-24 06:45:00,296.05,296.05,295.7,295.77,2109.0
2026-06-24 07:00:00,295.7391,296.15,295.7391,295.985,477.0
2026-06-24 07:15:00,295.8,295.98,295.6414,295.88,3415.0
2026-06-24 07:30:00,295.92,296.32,295.92,296.13,6699.0
2026-06-24 07:45:00,296.21,296.84,296.21,296.75,13826.0
2026-06-24 08:00:00,296.73,296.74,296.41,296.57,2887.0
2026-06-24 08:15:00,296.41,296.75,296.37,296.62,7485.0
2026-06-24 08:30:00,296.595,296.64,296.06,296.15,3496.0
2026-06-24 08:45:00,296.18,296.2,295.88,296.0,15764.0
2026-06-24 09:00:00,296.06,296.17,295.58,295.59,24339.0
2026-06-24 09:15:00,295.69,295.96,295.48,295.67,20067.0
2026-06-25 04:00:00,297.85,298.01,297.63,297.69,2634.0
2026-06-25 04:15:00,297.48,297.61,297.47,297.6,250.0
2026-06-25 04:30:00,297.64,297.68,297.64,297.68,328.0
2026-06-25 05:00:00,297.33,297.34,297.22,297.25,385.0
2026-06-25 05:15:00,297.06,297.09,297.03,297.0499,520.0
2026-06-25 05:30:00,297.2,297.33,297.1782,297.27,6009.0
2026-06-25 05:45:00,297.28,297.43,297.19,297.19,3769.0
2026-06-25 06:00:00,297.3944,297.56,297.3944,297.56,235.0
2026-06-25 06:15:00,297.59,297.85,297.53,297.85,680.0
2026-06-25 06:30:00,297.71,297.71,297.5,297.5,252.0
2026-06-25 06:45:00,297.34,297.43,297.34,297.39,73.0
2026-06-25 07:00:00,297.3693,297.47,297.29,297.29,6474.0
2026-06-25 07:15:00,297.2,297.2,296.89,296.98,548.0
2026-06-25 07:30:00,296.9097,297.149,296.9097,297.11,1045.0
2026-06-25 07:45:00,297.29,297.31,297.0,297.155,3631.0
2026-06-25 08:00:00,297.23,297.58,297.2,297.2,2210.0
2026-06-25 08:15:00,297.26,297.3,297.0,297.08,7970.0
2026-06-25 08:30:00,297.24,299.11,297.24,298.82,82832.0
2026-06-25 08:45:00,298.765,299.0,298.55,298.55,41039.0
2026-06-25 09:00:00,298.66,298.85,298.63,298.68,18503.0
2026-06-25 09:15:00,298.67,299.92,298.49,299.81,73187.0
2026-06-26 04:00:00,299.01,299.17,298.38,298.38,4844.0
2026-06-26 04:15:00,298.52,298.6504,298.5,298.6504,185.0
2026-06-26 04:30:00,298.64,298.64,298.0704,298.3173,1029.0
2026-06-26 04:45:00,298.1,298.1,297.26,297.33,2817.0
2026-06-26 05:00:00,297.2,297.36,296.9831,297.36,1198.0
2026-06-26 05:15:00,297.28,297.28,296.71,296.85,7959.0
2026-06-26 05:30:00,296.66,297.31,296.6,297.31,1173.0
2026-06-26 05:45:00,297.35,297.35,297.03,297.03,213.0
2026-06-26 06:00:00,296.63,296.88,296.45,296.85,366.0
2026-06-26 06:15:00,296.81,296.81,296.62,296.63,203.0
2026-06-26 06:30:00,296.85,296.88,296.79,296.8,471.0
2026-06-26 06:45:00,296.79,296.842,296.77,296.8,151.0
2026-06-26 07:00:00,296.9387,297.4,296.8,297.21,12863.0
2026-06-26 07:15:00,297.11,297.23,297.0,297.08,2650.0
2026-06-26 07:30:00,297.1787,297.25,297.0217,297.11,1171.0
2026-06-26 07:45:00,297.1,297.27,296.88,297.13,18080.0
2026-06-26 08:00:00,297.06,297.7,297.06,297.67,9822.0
2026-06-26 08:15:00,297.7726,297.92,297.04,297.228,19541.0
2026-06-26 08:30:00,297.29,297.4,296.74,296.78,14366.0
2026-06-26 08:45:00,296.66,296.93,296.59,296.92,3839.0
2026-06-26 09:00:00,296.96,296.96,296.45,296.66,8989.0
2026-06-26 09:15:00,296.65,296.79,295.93,296.52,20955.0
2026-06-29 04:00:00,298.89,299.4,298.5372,299.38,12506.0
2026-06-29 04:15:00,299.3617,299.47,299.28,299.28,566.0
2026-06-29 04:30:00,299.1015,299.15,298.75,298.81,1455.0
2026-06-29 04:45:00,298.75,298.75,298.6,298.62,1673.0
2026-06-29 05:00:00,298.48,298.92,298.48,298.92,12484.0
2026-06-29 05:15:00,299.09,299.0917,299.02,299.0917,326.0
2026-06-29 05:30:00,299.05,299.06,298.91,298.92,182.0
2026-06-29 05:45:00,298.82,298.85,298.46,298.772,3107.0
2026-06-29 06:00:00,298.86,299.02,298.8295,298.8295,3790.0
2026-06-29 06:15:00,298.63,298.81,298.63,298.81,28.0
2026-06-29 06:30:00,298.949,299.23,298.949,299.13,186.0
2026-06-29 06:45:00,298.9712,299.17,298.9712,299.1149,48.0
2026-06-29 07:00:00,299.4078,299.53,299.1887,299.1998,24951.0
2026-06-29 07:15:00,299.2,299.26,298.9422,299.09,2021.0
2026-06-29 07:30:00,299.07,299.53,299.07,299.41,5179.0
2026-06-29 07:45:00,299.43,299.69,299.35,299.36,5199.0
2026-06-29 08:00:00,299.41,299.785,299.38,299.7515,7018.0
2026-06-29 08:15:00,299.73,299.73,299.38,299.38,8130.0
2026-06-29 08:30:00,299.38,299.63,299.08,299.23,8943.0
2026-06-29 08:45:00,299.29,299.55,299.21,299.36,10667.0
2026-06-29 09:00:00,299.52,299.54,299.33,299.48,6578.0
2026-06-29 09:15:00,299.47,299.56,298.12,298.16,24677.0
2026-06-30 04:00:00,299.15,299.41,298.97,298.97,696.0
2026-06-30 04:15:00,299.109,299.13,299.02,299.1203,178.0
2026-06-30 04:30:00,299.07,299.07,298.5,298.56,451.0
2026-06-30 04:45:00,298.57,298.85,298.56,298.85,262.0
2026-06-30 05:00:00,298.88,299.0,298.88,299.0,407.0
2026-06-30 05:15:00,299.05,299.08,299.01,299.08,436.0
2026-06-30 05:30:00,298.81,299.146,298.79,299.146,228.0
2026-06-30 05:45:00,299.18,299.3739,299.18,299.3739,133.0
2026-06-30 06:00:00,299.2975,299.34,299.2237,299.33,1639.0
2026-06-30 06:15:00,299.4846,299.5,299.39,299.5,4423.0
2026-06-30 06:30:00,299.5,299.5,299.23,299.39,662.0
2026-06-30 06:45:00,299.29,299.6,299.29,299.56,427.0
2026-06-30 07:00:00,299.5378,299.55,299.41,299.48,2106.0
2026-06-30 07:15:00,299.4143,299.6,299.28,299.31,1167.0
2026-06-30 07:30:00,299.265,299.4,299.11,299.28,3928.0
2026-06-30 07:45:00,299.3,299.4,299.0,299.16,4705.0
2026-06-30 08:00:00,299.0552,299.0552,298.58,298.6117,5002.0
2026-06-30 08:15:00,298.51,298.61,298.23,298.27,8292.0
2026-06-30 08:30:00,298.25,298.44,298.16,298.38,9685.0
2026-06-30 08:45:00,298.38,298.7,298.36,298.46,2166.0
2026-06-30 09:00:00,298.54,298.6,298.26,298.29,5290.0
2026-06-30 09:15:00,298.24,298.89,298.21,298.89,9533.0
2026-07-01 04:00:00,299.3396,299.43,299.05,299.39,8750.0
2026-07-01 04:15:00,299.5,299.6,299.45,299.45,1133.0
2026-07-01 04:30:00,299.42,299.6,299.42,299.53,1084.0
2026-07-01 04:45:00,299.6499,299.7,299.62,299.6753,1066.0
2026-07-01 05:00:00,299.66,299.67,299.38,299.63,16168.0
2026-07-01 05:15:00,299.61,299.61,299.61,299.61,40.0
2026-07-01 05:30:00,299.46,299.46,299.46,299.46,8.0
2026-07-01 05:45:00,299.5787,299.769,299.5787,299.769,2.0
2026-07-01 06:00:00,299.55,299.55,299.37,299.37,114.0
2026-07-01 06:15:00,299.66,299.66,299.66,299.66,500.0
2026-07-01 06:30:00,299.6253,299.6253,299.29,299.51,1545.0
2026-07-01 06:45:00,299.6,299.6,299.6,299.6,27.0
2026-07-01 07:00:00,299.605,299.7602,299.605,299.61,896.0
2026-07-01 07:15:00,299.73,299.8,299.58,299.58,566.0
2026-07-01 07:30:00,299.53,299.55,299.3,299.43,2671.0
2026-07-01 07:45:00,299.46,299.46,299.17,299.25,3696.0
2026-07-01 08:00:00,299.3115,299.38,298.97,299.38,5017.0
2026-07-01 08:15:00,299.4,299.7458,299.4,299.7458,2825.0
2026-07-01 08:30:00,299.55,299.76,299.35,299.37,8216.0
2026-07-01 08:45:00,299.37,299.54,299.23,299.375,2337.0
2026-07-01 09:00:00,299.345,299.64,298.8,298.94,4206.0
2026-07-01 09:15:00,298.96,299.93,298.9,299.91,16718.0
2026-07-02 04:00:00,299.14,299.15,298.8,299.08,1628.0
2026-07-02 04:15:00,299.12,299.37,299.12,299.35,3596.0
2026-07-02 04:30:00,299.46,299.53,299.44,299.44,795.0
2026-07-02 04:45:00,299.4,299.64,299.4,299.64,129.0
2026-07-02 05:00:00,299.56,299.57,299.5,299.54,1685.0
2026-07-02 05:15:00,299.51,299.52,299.47,299.47,370.0
2026-07-02 05:30:00,299.64,299.86,299.63,299.86,2555.0
2026-07-02 05:45:00,299.75,299.75,299.68,299.68,110.0
2026-07-02 06:00:00,299.65,299.65,299.65,299.65,100.0
2026-07-02 06:15:00,299.75,299.77,299.69,299.77,174.0
2026-07-02 06:30:00,299.91,300.17,299.91,300.08,1742.0
2026-07-02 06:45:00,300.055,300.14,299.92,299.92,133.0
2026-07-02 07:00:00,299.87,300.05,299.8511,300.0399,1483.0
2026-07-02 07:15:00,300.0243,300.16,299.9239,300.1488,11250.0
2026-07-02 07:30:00,300.14,300.24,300.02,300.24,3594.0
2026-07-02 07:45:00,300.26,300.45,300.1487,300.1487,3905.0
2026-07-02 08:00:00,300.01,300.39,299.98,300.3035,11698.0
2026-07-02 08:15:00,300.33,300.64,300.291,300.4607,23131.0
2026-07-02 08:30:00,300.6,302.23,300.2,301.6301,76993.0
2026-07-02 08:45:00,301.645,301.645,301.03,301.2028,22012.0
2026-07-02 09:00:00,301.25,301.3,300.7,300.88,15724.0
2026-07-02 09:15:00,300.88,301.14,300.5,300.5,42938.0
2026-07-06 04:00:00,298.3188,298.5,298.08,298.08,712.0
2026-07-06 04:15:00,298.13,298.14,298.07,298.07,448.0
2026-07-06 04:30:00,298.0537,298.09,297.949,298.09,194.0
2026-07-06 04:45:00,298.0,298.02,297.89,297.99,1356.0
2026-07-06 05:00:00,297.9,297.9,297.71,297.73,185.0
2026-07-06 05:15:00,297.78,297.8382,297.77,297.79,169.0
2026-07-06 05:30:00,297.84,297.84,297.84,297.84,33.0
2026-07-06 05:45:00,297.7682,297.82,297.74,297.82,158.0
2026-07-06 06:00:00,297.74,297.88,297.74,297.88,17.0
2026-07-06 06:15:00,298.01,298.03,297.96,297.96,98.0
2026-07-06 06:30:00,297.77,297.77,297.77,297.77,50.0
2026-07-06 06:45:00,297.7136,297.91,297.69,297.91,399.0
2026-07-06 07:00:00,297.88,297.96,297.69,297.705,12764.0
2026-07-06 07:15:00,297.72,298.029,297.7192,297.999,19998.0
2026-07-06 07:30:00,297.9,298.12,297.89,297.89,16284.0
2026-07-06 07:45:00,297.9231,298.03,297.58,297.6,7048.0
2026-07-06 08:00:00,297.64,298.0,297.64,298.0,7279.0
2026-07-06 08:15:00,298.03,298.26,297.9135,297.99,1200.0
2026-07-06 08:30:00,298.05,298.3201,298.04,298.17,4694.0
2026-07-06 08:45:00,298.17,298.26,298.12,298.12,1799.0
2026-07-06 09:00:00,298.2,298.21,297.84,297.99,3687.0
2026-07-06 09:15:00,298.05,298.05,297.4,297.71,5856.0
2026-07-07 04:00:00,298.63,298.82,298.5625,298.74,2436.0
2026-07-07 04:15:00,298.81,299.05,298.81,299.05,296.0
2026-07-07 04:30:00,299.12,299.1957,299.1,299.16,2352.0
2026-07-07 04:45:00,299.18,299.18,299.18,299.18,880.0
2026-07-07 05:00:00,299.03,299.19,299.03,299.17,665.0
2026-07-07 05:15:00,299.28,299.4,299.28,299.4,2008.0
2026-07-07 05:30:00,299.36,299.51,299.28,299.51,804.0
2026-07-07 05:45:00,299.4736,299.55,299.35,299.55,124.0
2026-07-07 06:00:00,299.61,299.63,299.4347,299.4347,661.0
2026-07-07 06:15:00,299.4,299.49,299.4,299.49,259.0
2026-07-07 06:30:00,299.5,299.54,299.5,299.53,1821.0
2026-07-07 06:45:00,299.62,299.63,299.37,299.37,18168.0
2026-07-07 07:00:00,299.3939,299.63,299.25,299.63,1232.0
2026-07-07 07:15:00,299.7484,299.93,299.7484,299.84,1678.0
2026-07-07 07:30:00,299.815,300.0348,299.73,299.86,1682.0
2026-07-07 07:45:00,299.93,300.2,299.89,300.05,2207.0
2026-07-07 08:00:00,300.09,300.42,300.09,300.2,4437.0
2026-07-07 08:15:00,300.11,300.19,299.9519,300.19,6230.0
2026-07-07 08:30:00,300.22,300.27,300.07,300.16,12289.0
2026-07-07 08:45:00,300.1204,300.15,299.8696,299.92,5583.0
2026-07-07 09:00:00,299.85,299.85,299.53,299.7,19348.0
2026-07-07 09:15:00,299.71,299.74,299.0497,299.08,20999.0
2026-07-08 04:00:00,295.988,295.988,294.82,295.15,1209.0
2026-07-08 04:15:00,294.91,294.91,292.62,292.62,6846.0
2026-07-08 04:30:00,292.34,292.61,291.72,292.02,7160.0
2026-07-08 04:45:00,292.07,292.55,291.91,291.91,6753.0
2026-07-08 05:00:00,291.86,291.88,291.35,291.35,28897.0
2026-07-08 05:15:00,291.392,291.84,291.392,291.69,8255.0
2026-07-08 05:30:00,291.628,292.01,291.51,291.51,12139.0
2026-07-08 05:45:00,291.6439,292.07,291.63,291.79,2269.0
2026-07-08 06:00:00,291.82,291.93,291.67,291.93,2274.0
2026-07-08 06:15:00,291.97,292.44,291.93,292.42,30757.0
2026-07-08 06:30:00,292.49,292.79,292.49,292.78,2052.0
2026-07-08 06:45:00,292.8,292.85,292.61,292.62,9348.0
2026-07-08 07:00:00,292.6789,292.73,292.35,292.65,43953.0
2026-07-08 07:15:00,292.58,292.88,292.48,292.7,8805.0
2026-07-08 07:30:00,292.755,294.18,292.7,293.86,22790.0
2026-07-08 07:45:00,293.72,293.93,293.44,293.62,57437.0
2026-07-08 08:00:00,293.57,294.49,293.47,294.2988,17554.0
2026-07-08 08:15:00,294.2204,294.4699,294.06,294.445,5851.0
2026-07-08 08:30:00,294.41,294.61,294.25,294.4365,18322.0
2026-07-08 08:45:00,294.41,294.67,293.99,293.9909,18505.0
2026-07-08 09:00:00,294.03,294.6,293.96,294.4,20563.0
2026-07-08 09:15:00,294.41,294.42,293.85,293.99,14082.0
2026-07-09 04:00:00,294.692,294.8435,294.46,294.616,7163.0
2026-07-09 04:15:00,294.67,294.7,294.63,294.7,101.0
2026-07-09 04:30:00,294.706,294.75,294.31,294.33,585.0
2026-07-09 04:45:00,294.3357,294.44,294.24,294.44,152.0
2026-07-09 05:00:00,294.19,294.3,294.11,294.25,1382.0
2026-07-09 05:15:00,294.15,294.23,294.07,294.11,3987.0
2026-07-09 05:30:00,294.06,294.09,293.67,293.67,351.0
2026-07-09 05:45:00,293.91,294.045,293.8,294.045,1156.0
2026-07-09 06:00:00,293.99,294.0993,293.99,294.0976,125.0
2026-07-09 06:15:00,294.15,294.28,294.15,294.2,1195.0
2026-07-09 06:30:00,293.93,294.02,293.8,293.9558,408.0
2026-07-09 06:45:00,293.68,293.72,293.318,293.45,4341.0
2026-07-09 07:00:00,293.68,293.95,293.68,293.9117,396.0
2026-07-09 07:15:00,293.73,293.95,293.69,293.88,5379.0
2026-07-09 07:30:00,293.84,294.12,293.84,294.0966,8542.0
2026-07-09 07:45:00,294.12,294.44,294.0,294.27,12555.0
2026-07-09 08:00:00,294.32,294.68,294.29,294.6,3004.0
2026-07-09 08:15:00,294.67,294.98,294.57,294.85,9038.0
2026-07-09 08:30:00,294.79,295.03,294.58,294.62,18289.0
2026-07-09 08:45:00,294.57,294.69,294.4678,294.65,11643.0
2026-07-09 09:00:00,294.69,295.0,294.68,294.88,7238.0
2026-07-09 09:15:00,294.9,295.39,294.68,295.23,9244.0
2026-07-10 04:00:00,296.76,297.105,296.63,297.0848,2099.0
2026-07-10 04:15:00,296.99,297.01,296.811,296.811,181.0
2026-07-10 04:30:00,296.73,296.73,296.5335,296.55,548.0
2026-07-10 04:45:00,296.4856,296.5947,296.465,296.5512,143.0
2026-07-10 05:00:00,296.38,296.75,296.38,296.75,103.0
2026-07-10 05:15:00,296.87,296.87,296.7107,296.7107,229.0
2026-07-10 05:30:00,296.831,296.831,296.8,296.8,63.0
2026-07-10 05:45:00,296.88,296.88,296.7612,296.7612,87.0
2026-07-10 06:00:00,296.99,297.09,296.99,297.02,187.0
2026-07-10 06:15:00,297.013,297.08,296.81,296.99,4690.0
2026-07-10 06:30:00,296.9936,297.16,296.9936,297.16,589.0
2026-07-10 06:45:00,297.15,297.15,297.09,297.12,82.0
2026-07-10 07:00:00,297.1465,297.26,297.1206,297.22,681.0
2026-07-10 07:15:00,297.195,297.42,297.15,297.185,16716.0
2026-07-10 07:30:00,297.1,297.2435,296.97,297.2,3529.0
2026-07-10 07:45:00,297.3474,297.3474,297.06,297.13,3108.0
2026-07-10 08:00:00,297.2,298.27,296.99,297.71,23356.0
2026-07-10 08:15:00,297.7734,297.8,297.55,297.61,4442.0
2026-07-10 08:30:00,297.59,297.8,297.46,297.68,4200.0
2026-07-10 08:45:00,297.71,297.8,297.585,297.72,1928.0
2026-07-10 09:00:00,297.69,297.8961,297.68,297.8,5520.0
2026-07-10 09:15:00,297.8174,297.82,297.5566,297.78,15707.0
2026-07-13 04:00:00,295.255,295.64,295.19,295.59,6171.0
2026-07-13 04:15:00,295.67,295.82,295.5153,295.5153,2148.0
2026-07-13 04:30:00,295.7492,295.75,295.67,295.75,396.0
2026-07-13 04:45:00,295.78,295.94,295.78,295.94,141.0
2026-07-13 05:00:00,295.79,295.85,295.71,295.71,14.0
2026-07-13 05:15:00,295.92,296.06,295.88,296.0337,5252.0
2026-07-13 05:30:00,295.92,295.9659,295.82,295.9659,234.0
2026-07-13 05:45:00,295.85,295.85,295.68,295.68,105.0
2026-07-13 06:00:00,295.65,295.68,295.5,295.53,5436.0
2026-07-13 06:15:00,295.68,295.69,295.38,295.38,1225.0
2026-07-13 06:30:00,295.55,295.55,295.41,295.41,2048.0
2026-07-13 06:45:00,295.43,295.43,295.43,295.43,60.0
2026-07-13 07:00:00,295.53,295.75,295.37,295.39,8863.0
2026-07-13 07:15:00,295.44,295.4699,295.22,295.27,2155.0
2026-07-13 07:30:00,295.5052,295.54,295.3,295.3,784.0
2026-07-13 07:45:00,295.27,295.27,294.87,294.9187,4781.0
2026-07-13 08:00:00,294.91,295.281,294.75,294.88,8652.0
2026-07-13 08:15:00,294.9,295.1,294.81,294.86,6045.0
2026-07-13 08:30:00,294.77,294.78,294.6,294.75,35462.0
2026-07-13 08:45:00,294.75,295.16,294.74,295.15,26330.0
2026-07-13 09:00:00,295.16,295.24,294.87,295.095,11315.0
2026-07-13 09:15:00,295.011,295.29,294.799,295.29,11547.0
2026-07-14 04:00:00,293.1188,293.37,292.76,292.97,5563.0
2026-07-14 04:15:00,293.01,293.21,293.01,293.2,488.0
2026-07-14 04:30:00,293.11,293.15,293.01,293.01,413.0
2026-07-14 04:45:00,292.95,292.95,292.69,292.75,51.0
2026-07-14 05:00:00,292.84,293.31,292.83,293.31,270.0
2026-07-14 05:15:00,293.32,293.32,292.94,292.975,2890.0
2026-07-14 05:30:00,292.8956,292.95,292.85,292.95,329.0
2026-07-14 05:45:00,293.0954,293.0954,293.0954,293.0954,2.0
2026-07-14 06:00:00,293.03,293.08,292.99,293.07,2618.0
2026-07-14 06:15:00,293.11,293.3,293.11,293.18,3548.0
2026-07-14 06:30:00,293.19,293.76,293.13,293.34,13351.0
2026-07-14 06:45:00,293.5,293.52,293.23,293.23,2949.0
2026-07-14 07:00:00,293.3411,293.47,293.04,293.47,7483.0
2026-07-14 07:15:00,293.49,293.9686,293.49,293.66,8711.0
2026-07-14 07:30:00,293.6855,293.92,293.52,293.52,1424.0
2026-07-14 07:45:00,293.52,293.815,293.52,293.52,1782.0
2026-07-14 08:00:00,293.51,293.56,293.04,293.21,13495.0
2026-07-14 08:15:00,293.26,294.16,293.2499,294.1,13614.0
2026-07-14 08:30:00,294.3,299.23,294.2,296.64,176259.0
2026-07-14 08:45:00,296.5348,296.84,295.4062,295.56,20779.0
2026-07-14 09:00:00,295.6,295.88,295.25,295.44,56518.0
2026-07-14 09:15:00,295.32,295.62,295.07,295.41,37165.0
2026-07-15 04:00:00,294.6,294.64,294.495,294.52,906.0
2026-07-15 04:15:00,294.35,294.5,294.32,294.5,130.0
2026-07-15 04:30:00,294.501,294.79,294.501,294.76,359.0
2026-07-15 04:45:00,294.85,294.99,294.8023,294.99,358.0
2026-07-15 05:00:00,295.11,295.22,295.03,295.22,431.0
2026-07-15 05:15:00,295.206,295.2653,295.1,295.1143,2984.0
2026-07-15 05:30:00,295.0063,295.05,294.94,294.94,347.0
2026-07-15 05:45:00,294.8707,294.9,294.8707,294.9,14.0
2026-07-15 06:00:00,294.71,294.77,294.71,294.76,220.0
2026-07-15 06:15:00,294.71,294.71,294.49,294.49,826.0
2026-07-15 06:30:00,294.41,294.519,294.41,294.41,4791.0
2026-07-15 06:45:00,294.48,294.53,294.45,294.45,580.0
2026-07-15 07:00:00,294.4697,294.72,294.44,294.44,8662.0
2026-07-15 07:15:00,294.4868,294.501,294.4,294.43,1460.0
2026-07-15 07:30:00,294.38,294.5,294.3643,294.4601,696.0
2026-07-15 07:45:00,294.38,294.5,294.2901,294.495,2340.0
2026-07-15 08:00:00,294.445,294.445,294.14,294.2938,3396.0
2026-07-15 08:15:00,294.32,294.41,294.2,294.32,4855.0
2026-07-15 08:30:00,294.3,295.6985,294.3,295.43,53692.0
2026-07-15 08:45:00,295.4155,295.51,295.28,295.41,12289.0
2026-07-15 09:00:00,295.42,295.66,295.22,295.24,8720.0
2026-07-15 09:15:00,295.27,295.48,295.08,295.35,28418.0
2026-07-16 04:00:00,294.66,294.8,294.27,294.29,4933.0
2026-07-16 04:15:00,294.26,294.71,294.26,294.7059,734.0
2026-07-16 04:30:00,294.7,294.82,294.7,294.78,2049.0
2026-07-16 04:45:00,294.84,295.0,294.84,294.85,1905.0
2026-07-16 05:00:00,295.0,295.12,295.0,295.03,2975.0
2026-07-16 05:15:00,294.95,294.95,294.83,294.83,203.0
2026-07-16 05:30:00,294.97,294.97,294.7,294.7,894.0
2026-07-16 05:45:00,294.64,294.75,294.51,294.75,810.0
2026-07-16 06:00:00,294.64,294.8047,294.63,294.68,3822.0
2026-07-16 06:15:00,294.6,294.63,294.42,294.56,6950.0
2026-07-16 06:30:00,294.6,294.63,294.503,294.6047,4236.0
2026-07-16 06:45:00,294.54,294.54,294.45,294.49,3281.0
2026-07-16 07:00:00,294.6595,294.6595,294.395,294.55,2874.0
2026-07-16 07:15:00,294.54,294.9,294.33,294.8503,15585.0
2026-07-16 07:30:00,294.69,294.88,294.62,294.76,796.0
2026-07-16 07:45:00,294.74,294.91,293.94,294.8482,7654.0
2026-07-16 08:00:00,294.81,294.81,294.46,294.54,3495.0
2026-07-16 08:15:00,294.54,294.6904,294.16,294.28,17586.0
2026-07-16 08:30:00,294.25,294.38,294.09,294.16,11317.0
2026-07-16 08:45:00,294.155,294.39,294.155,294.29,4017.0
2026-07-16 09:00:00,294.2538,294.55,294.2538,294.47,6708.0
2026-07-16 09:15:00,294.52,294.88,294.52,294.85,16887.0
2026-07-17 04:00:00,295.59,295.59,293.64,293.64,2737.0
2026-07-17 04:15:00,293.5,293.5,293.24,293.41,8820.0
2026-07-17 04:30:00,293.2972,293.2972,292.85,292.96,571.0
2026-07-17 04:45:00,293.24,293.47,293.04,293.29,1744.0
2026-07-17 05:00:00,293.22,293.49,293.19,293.49,190.0
2026-07-17 05:15:00,293.39,293.77,293.39,293.77,409.0
2026-07-17 05:30:00,293.7,293.7,293.57,293.57,873.0
2026-07-17 05:45:00,293.59,293.89,293.57,293.87,1771.0
2026-07-17 06:00:00,293.96,293.96,293.65,293.95,8544.0
2026-07-17 06:15:00,294.06,294.0887,293.89,293.93,124.0
2026-07-17 06:30:00,293.9933,294.14,293.92,294.12,2350.0
2026-07-17 06:45:00,294.18,294.24,294.11,294.24,3053.0
2026-07-17 07:00:00,294.0797,294.18,293.9444,293.9444,1987.0
2026-07-17 07:15:00,293.92,293.9644,293.76,293.95,1997.0
2026-07-17 07:30:00,293.9737,294.07,293.75,293.82,12793.0
2026-07-17 07:45:00,293.75,294.09,293.7,294.01,17551.0
2026-07-17 08:00:00,294.01,294.01,293.46,293.52,10672.0
2026-07-17 08:15:00,293.53,293.55,293.31,293.37,4668.0
2026-07-17 08:30:00,293.34,293.37,293.1562,293.29,11734.0
2026-07-17 08:45:00,293.27,293.34,293.03,293.12,18676.0
2026-07-17 09:00:00,293.12,293.12,292.39,292.4522,36749.0
2026-07-17 09:15:00,292.43,292.67,292.03,292.16,82780.0
2026-07-20 04:00:00,294.72,294.985,294.72,294.9,4909.0
2026-07-20 04:15:00,294.9452,295.02,294.93,294.95,376.0
2026-07-20 04:30:00,294.83,294.86,294.76,294.76,212.0
2026-07-20 04:45:00,294.75,294.83,294.75,294.81,1109.0
2026-07-20 05:00:00,294.82,294.98,294.8,294.91,284.0
2026-07-20 05:15:00,294.99,295.07,294.99,295.07,44.0
2026-07-20 05:45:00,294.97,295.24,294.94,295.24,5636.0
2026-07-20 06:00:00,294.98,294.98,294.83,294.83,363.0
2026-07-20 06:15:00,294.79,295.05,294.71,295.05,2728.0
2026-07-20 06:30:00,295.11,295.11,294.94,295.06,5108.0
2026-07-20 06:45:00,295.1,295.25,295.1,295.16,450.0
2026-07-20 07:00:00,295.1321,295.57,295.1046,295.48,4933.0
2026-07-20 07:15:00,295.3421,295.43,295.2356,295.26,1160.0
2026-07-20 07:30:00,295.6,296.5,295.6,296.1,38910.0
2026-07-20 07:45:00,296.12,296.12,295.58,295.8,16151.0
2026-07-20 08:00:00,295.8326,295.8326,294.9,295.34,24004.0
2026-07-20 08:15:00,295.26,295.4,295.09,295.32,8483.0
2026-07-20 08:30:00,295.35,295.4,294.84,294.87,5934.0
2026-07-20 08:45:00,294.905,295.1,294.69,294.87,14973.0
2026-07-20 09:00:00,294.84,294.9,294.56,294.56,4963.0
2026-07-20 09:15:00,294.6,295.12,294.6,295.1,17702.0
2026-07-21 04:00:00,294.4695,294.82,294.21,294.82,1698.0
2026-07-21 04:15:00,294.82,294.88,294.75,294.75,2353.0
2026-07-21 04:30:00,294.7447,294.76,294.7442,294.76,132.0
2026-07-21 04:45:00,294.64,294.8,294.64,294.72,480.0
2026-07-21 05:00:00,294.84,294.91,294.808,294.808,24.0
2026-07-21 05:15:00,294.87,294.87,294.87,294.87,14.0
2026-07-21 05:30:00,294.4,294.44,294.4,294.44,57.0
2026-07-21 05:45:00,294.38,294.38,294.38,294.38,27.0
2026-07-21 06:00:00,294.3,294.5276,294.19,294.5,406.0
2026-07-21 06:15:00,294.4,294.41,294.38,294.4,251.0
2026-07-21 06:30:00,294.43,294.64,294.22,294.22,470.0
2026-07-21 06:45:00,294.22,294.34,294.06,294.23,5018.0
2026-07-21 07:00:00,294.16,294.2254,293.8,293.99,11130.0
2026-07-21 07:15:00,293.88,293.88,293.6456,293.6456,7321.0
2026-07-21 07:30:00,293.75,293.92,293.63,293.665,9258.0
2026-07-21 07:45:00,293.74,293.85,293.51,293.5269,3150.0
2026-07-21 08:00:00,293.77,293.84,293.56,293.78,1640.0
2026-07-21 08:15:00,293.645,293.645,293.2,293.235,14153.0
2026-07-21 08:30:00,293.25,293.33,293.1,293.23,10695.0
2026-07-21 08:45:00,293.29,293.54,293.29,293.365,8074.0
2026-07-21 09:00:00,293.39,293.41,293.25,293.4,3533.0
2026-07-21 09:15:00,293.41,293.68,293.27,293.43,24241.0
2026-07-22 04:00:00,296.54,296.54,295.0,295.31,6111.0
2026-07-22 04:15:00,295.53,295.67,295.51,295.55,984.0
2026-07-22 04:30:00,295.89,295.89,295.61,295.63,5850.0
2026-07-22 04:45:00,295.69,295.93,295.69,295.93,3036.0
2026-07-22 05:00:00,296.06,296.06,295.83,295.83,381.0
2026-07-22 05:15:00,295.78,295.79,295.69,295.69,227.0
2026-07-22 05:30:00,295.65,295.79,295.41,295.6,11336.0
2026-07-22 05:45:00,295.56,295.72,295.29,295.72,6012.0
2026-07-22 06:00:00,295.71,295.71,295.69,295.69,1231.0
2026-07-22 06:15:00,295.65,295.91,295.65,295.8,5327.0
2026-07-22 06:30:00,295.8,295.82,295.7,295.74,993.0
2026-07-22 06:45:00,295.67,295.8,295.64,295.67,1439.0
2026-07-22 07:00:00,295.6887,295.93,295.6207,295.74,3825.0
2026-07-22 07:15:00,295.7,295.7,295.38,295.38,71839.0
2026-07-22 07:30:00,295.5,295.65,294.83,294.9215,31453.0
2026-07-22 07:45:00,294.99,295.28,294.94,295.065,19232.0
2026-07-22 08:00:00,295.13,295.25,294.92,295.2408,5006.0
2026-07-22 08:15:00,295.25,295.34,295.03,295.23,14284.0
2026-07-22 08:30:00,295.28,295.5785,295.26,295.5,4728.0
2026-07-22 08:45:00,295.49,295.49,294.635,295.1,23643.0
2026-07-22 09:00:00,295.1,295.4,295.1,295.29,5224.0
2026-07-22 09:15:00,295.2368,295.97,295.2368,295.92,30382.0
2026-07-23 04:00:00,293.832,293.832,292.65,293.3438,1831.0
2026-07-23 04:15:00,293.54,293.59,293.39,293.58,1897.0
2026-07-23 04:30:00,293.33,293.43,293.31,293.31,251.0
2026-07-23 04:45:00,293.33,293.62,293.33,293.62,14.0
2026-07-23 05:00:00,294.03,294.03,293.67,293.67,897.0
2026-07-23 05:15:00,293.6,293.76,293.53,293.5452,273.0
2026-07-23 05:30:00,293.31,293.5957,293.31,293.5957,253.0
2026-07-23 05:45:00,293.62,293.62,293.4479,293.4479,41.0
2026-07-23 06:00:00,293.58,293.58,293.28,293.28,2897.0
2026-07-23 06:15:00,293.41,293.57,293.34,293.57,7986.0
2026-07-23 06:30:00,293.55,293.86,293.55,293.85,609.0
2026-07-23 06:45:00,293.87,294.1,293.87,293.96,887.0
2026-07-23 07:00:00,293.9218,293.9218,293.58,293.66,8701.0
2026-07-23 07:15:00,293.76,293.81,293.24,293.25,4462.0
2026-07-23 07:30:00,293.29,293.335,292.33,292.33,44014.0
2026-07-23 07:45:00,292.36,292.88,292.2,292.8213,53865.0
2026-07-23 08:00:00,292.76,292.76,292.04,292.04,20381.0
2026-07-23 08:15:00,292.03,292.1463,291.4731,291.6015,51155.0
2026-07-23 08:30:00,291.53,291.55,290.85,291.15,49184.0
2026-07-23 08:45:00,291.16,291.41,290.9,291.18,30770.0
2026-07-23 09:00:00,291.17,291.2,290.44,290.58,37406.0
2026-07-23 09:15:00,290.58,290.88,290.25,290.86,62086.0
2026-07-24 04:00:00,292.4417,292.52,292.29,292.29,1620.0
2026-07-24 04:15:00,292.43,292.69,292.43,292.69,3676.0
2026-07-24 04:30:00,292.69,292.86,292.69,292.7764,2741.0
2026-07-24 04:45:00,292.79,292.825,292.79,292.825,54.0
2026-07-24 05:00:00,292.8,293.05,292.73,292.89,1094.0
2026-07-24 05:15:00,292.88,293.16,292.8545,293.16,221.0
2026-07-24 05:30:00,292.9554,293.25,292.9554,293.23,845.0
2026-07-24 05:45:00,293.21,293.29,293.1735,293.29,39.0
2026-07-24 06:00:00,293.25,293.28,293.24,293.26,1131.0
2026-07-24 06:15:00,293.3,293.34,293.25,293.3,885.0
2026-07-24 06:30:00,293.3,293.41,293.25,293.33,6346.0
2026-07-24 06:45:00,293.38,293.52,293.31,293.52,327.0
2026-07-24 07:00:00,293.32,293.61,293.32,293.5,5312.0
2026-07-24 07:15:00,293.569,293.569,293.345,293.345,1135.0
2026-07-24 07:30:00,293.37,293.39,293.08,293.08,4134.0
2026-07-24 07:45:00,293.08,293.86,292.99,293.7,5742.0
2026-07-24 08:00:00,293.48,293.57,293.2134,293.57,5023.0
2026-07-24 08:15:00,293.51,293.63,293.27,293.47,5061.0
2026-07-24 08:30:00,293.48,293.67,293.33,293.33,6095.0
2026-07-24 08:45:00,293.35,293.39,293.07,293.1029,5203.0
2026-07-24 09:00:00,293.13,293.27,293.1,293.1344,17825.0
2026-07-24 09:15:00,293.2,293.52,293.07,293.44,14990.0
2026-07-27 04:00:00,294.4088,294.69,294.4088,294.67,5116.0
2026-07-27 04:15:00,294.6,294.79,294.6,294.77,927.0
2026-07-27 04:30:00,294.79,295.1,294.71,295.1,2052.0
2026-07-27 04:45:00,295.094,295.1,294.88,294.89,544.0
2026-07-27 05:00:00,294.79,294.83,294.76,294.76,747.0
2026-07-27 05:15:00,294.83,294.92,294.83,294.92,598.0
2026-07-27 05:30:00,294.76,295.12,294.75,295.04,11745.0
2026-07-27 05:45:00,295.15,295.265,295.03,295.15,9979.0
2026-07-27 06:00:00,295.11,295.12,294.8,294.82,688.0
2026-07-27 06:15:00,295.023,295.023,294.92,294.96,1492.0
2026-07-27 06:30:00,295.01,295.03,294.86,295.03,1094.0
2026-07-27 06:45:00,295.03,295.1,294.98,295.1,5811.0
2026-07-27 07:00:00,295.09,295.09,294.53,294.59,9201.0
2026-07-27 07:15:00,294.6,294.7,294.42,294.42,2726.0
2026-07-27 07:30:00,294.35,294.8,294.35,294.65,4475.0
2026-07-27 07:45:00,294.57,294.58,294.35,294.36,2056.0
2026-07-27 08:00:00,294.49,294.5001,293.83,293.86,4531.0
2026-07-27 08:15:00,293.96,294.08,293.8676,294.02,4544.0
2026-07-27 08:30:00,294.05,294.22,294.01,294.12,8395.0
2026-07-27 08:45:00,294.13,294.25,294.0,294.21,6179.0
2026-07-27 09:00:00,294.31,294.53,294.22,294.45,14493.0
2026-07-27 09:15:00,294.49,294.6992,293.97,293.97,33238.0
2026-07-28 04:00:00,292.91,292.91,292.13,292.13,4222.0
2026-07-28 04:15:00,292.41,292.85,292.26,292.85,379.0
2026-07-28 04:30:00,292.85,293.03,292.85,293.01,547.0
2026-07-28 04:45:00,293.13,293.24,292.91,292.91,286.0
2026-07-28 05:00:00,292.91,293.007,292.84,292.85,265.0
2026-07-28 05:15:00,292.93,293.09,292.93,293.04,306.0
2026-07-28 05:30:00,292.98,293.11,292.98,293.11,267.0
2026-07-28 05:45:00,293.03,293.14,292.75,292.82,241.0
2026-07-28 06:00:00,292.81,292.811,292.6,292.74,91.0
2026-07-28 06:15:00,292.79,292.8,292.58,292.58,196.0
2026-07-28 06:30:00,292.82,292.91,292.35,292.43,1100.0
2026-07-28 06:45:00,292.58,292.69,292.58,292.68,187.0
2026-07-28 07:00:00,292.83,292.88,292.34,292.35,1116.0
2026-07-28 07:15:00,292.56,293.21,292.56,292.71,4406.0
2026-07-28 07:30:00,292.65,293.0,292.25,292.52,17878.0
2026-07-28 07:45:00,292.51,293.1,292.51,293.09,24960.0
2026-07-28 08:00:00,293.0481,293.33,292.88,293.11,20497.0
2026-07-28 08:15:00,292.9948,293.3,292.96,293.25,2291.0
2026-07-28 08:30:00,293.36,293.45,293.07,293.28,11189.0
2026-07-28 08:45:00,293.29,293.62,293.28,293.29,2635.0
2026-07-28 09:00:00,293.23,293.27,293.08,293.19,2413.0
2026-07-28 09:15:00,293.15,293.47,293.0,293.06,5463.0
2026-07-29 04:00:00,293.37,293.9905,293.37,293.85,2092.0
2026-07-29 04:15:00,293.81,293.81,293.75,293.75,109.0
2026-07-29 04:30:00,293.66,293.94,293.66,293.94,125.0
2026-07-29 04:45:00,294.15,294.27,294.15,294.27,2040.0
2026-07-29 05:00:00,294.07,294.1166,294.04,294.0659,32.0
2026-07-29 05:15:00,294.1459,294.165,294.0,294.01,241.0
2026-07-29 05:30:00,294.0,294.19,293.88,294.19,136.0
2026-07-29 05:45:00,294.25,294.58,294.25,294.33,496.0
2026-07-29 06:00:00,294.23,294.34,294.13,294.13,568.0
2026-07-29 06:15:00,294.24,294.27,294.09,294.09,250.0
2026-07-29 06:30:00,294.28,294.32,293.92,294.03,1043.0
2026-07-29 06:45:00,293.9,293.9,293.71,293.71,143.0
2026-07-29 07:00:00,293.79,294.1398,293.75,294.1398,338.0
2026-07-29 07:15:00,294.05,294.15,294.0,294.0012,529.0
2026-07-29 07:30:00,293.86,293.9409,293.85,293.8812,517.0
2026-07-29 07:45:00,293.88,294.1991,293.82,294.05,928.0
2026-07-29 08:00:00,294.1,294.11,293.6,293.605,2796.0
2026-07-29 08:15:00,293.52,293.52,292.5,292.83,31606.0
2026-07-29 08:30:00,292.7271,293.03,292.62,293.02,3201.0
2026-07-29 08:45:00,293.01,293.06,292.87,292.87,3949.0
2026-07-29 09:00:00,292.91,292.91,292.56,292.59,11893.0
2026-07-29 09:15:00,292.57,292.87,292.25,292.46,9382.0
2026-07-30 04:00:00,288.7587,289.25,288.3,289.1125,15427.0
2026-07-30 04:15:00,289.1159,289.5059,289.1059,289.42,6192.0
2026-07-30 04:30:00,289.49,289.74,289.47,289.47,6018.0
2026-07-30 04:45:00,289.53,289.58,289.18,289.18,688.0
2026-07-30 05:00:00,289.23,289.74,289.23,289.65,883.0
2026-07-30 05:15:00,289.48,289.78,289.47,289.77,1064.0
2026-07-30 05:30:00,289.6,289.82,289.59,289.61,2986.0
2026-07-30 05:45:00,289.6466,289.67,289.11,289.11,549.0
2026-07-30 06:00:00,289.11,289.42,289.11,289.19,696.0
2026-07-30 06:15:00,289.35,289.74,289.35,289.72,719.0
2026-07-30 06:30:00,289.77,290.145,289.77,289.95,2182.0
2026-07-30 06:45:00,289.98,290.0,289.89,289.93,2281.0
2026-07-30 07:00:00,289.8611,290.1,289.8611,289.92,7247.0
2026-07-30 07:15:00,289.92,290.14,289.91,290.11,7354.0
2026-07-30 07:30:00,290.11,290.17,289.876,290.02,1366.0
2026-07-30 07:45:00,290.04,290.49,290.04,290.4308,30873.0
2026-07-30 08:00:00,290.3297,290.72,290.3297,290.7,9473.0
2026-07-30 08:15:00,290.6719,290.81,290.32,290.35,11835.0
2026-07-30 08:30:00,290.89,290.95,290.19,290.3329,22700.0
2026-07-30 08:45:00,290.37,290.49,290.21,290.43,9297.0
2026-07-30 09:00:00,290.5,290.93,290.5,290.59,8606.0
2026-07-30 09:15:00,290.67,291.38,290.51,291.38,15190.0
2026-07-31 04:00:00,294.31,294.48,294.18,294.43,4543.0
2026-07-31 04:15:00,294.53,294.57,294.42,294.42,479.0
2026-07-31 04:30:00,294.25,294.25,294.1459,294.21,606.0
2026-07-31 04:45:00,294.17,294.23,294.16,294.17,368.0
2026-07-31 05:00:00,294.2766,294.67,294.2766,294.6159,615.0
2026-07-31 05:15:00,294.5634,294.65,294.42,294.42,1457.0
2026-07-31 05:30:00,294.28,294.28,294.05,294.082,789.0
2026-07-31 05:45:00,294.0966,294.1,293.97,293.97,98.0
2026-07-31 06:00:00,293.93,294.08,293.8953,294.08,1667.0
2026-07-31 06:15:00,294.05,294.32,294.015,294.16,894.0
2026-07-31 06:30:00,294.08,294.1,293.96,294.08,646.0
2026-07-31 06:45:00,294.15,294.32,294.03,294.32,384.0
2026-07-31 07:00:00,294.2807,294.5,294.2302,294.5,1799.0
2026-07-31 07:15:00,294.42,294.42,293.8599,293.8599,7721.0
2026-07-31 07:30:00,293.75,293.76,293.5,293.5,12158.0
2026-07-31 07:45:00,293.48,293.8251,293.48,293.82,2034.0
2026-07-31 08:00:00,293.79,293.79,293.51,293.5861,5856.0
2026-07-31 08:15:00,293.6059,293.81,293.53,293.78,6558.0
2026-07-31 08:30:00,293.3,293.56,293.1836,293.1836,8739.0
2026-07-31 08:45:00,293.39,293.47,293.21,293.23,3481.0
2026-07-31 09:00:00,293.23,293.51,293.213,293.3,5246.0
2026-07-31 09:15:00,293.43,293.699,293.43,293.58,15871.0
2026-08-03 04:00:00,293.2587,293.3,293.01,293.17,1399.0
2026-08-03 04:15:00,293.269,293.269,292.74,292.74,312.0
2026-08-03 04:30:00,292.75,293.109,292.64,293.109,493.0
2026-08-03 04:45:00,293.08,293.1,293.0066,293.031,197.0
2026-08-03 05:00:00,293.08,293.08,292.8079,292.82,144.0
2026-08-03 05:15:00,292.89,292.99,292.89,292.89,3021.0
2026-08-03 05:30:00,292.981,293.23,292.981,293.14,371.0
2026-08-03 05:45:00,293.23,293.23,292.9812,292.9812,217.0
2026-08-03 06:00:00,293.0,293.0,293.0,293.0,452.0
2026-08-03 06:15:00,293.1,293.1,292.93,293.1,4271.0
2026-08-03 06:30:00,293.09,293.375,293.08,293.375,5450.0
2026-08-03 06:45:00,293.38,293.52,293.25,293.25,4036.0
2026-08-03 07:00:00,293.36,293.36,293.12,293.25,5037.0
2026-08-03 07:15:00,293.27,293.46,293.23,293.32,5825.0
2026-08-03 07:30:00,293.51,293.6549,293.31,293.33,7633.0
2026-08-03 07:45:00,293.4449,293.4449,292.9704,293.0498,1324.0
2026-08-03 08:00:00,293.0495,293.11,292.82,292.9304,27008.0
2026-08-03 08:15:00,292.97,293.16,292.97,293.16,1024.0
2026-08-03 08:30:00,293.25,294.05,293.25,293.8134,45201.0
2026-08-03 08:45:00,293.86,293.9971,293.79,293.92,4371.0
2026-08-03 09:00:00,293.91,294.13,293.86,293.9534,21813.0
2026-08-03 09:15:00,293.95,294.2,292.65,292.71,53339.0
2026-08-04 04:00:00,297.0,297.13,296.88,296.9896,7750.0
2026-08-04 04:15:00,297.1,297.28,297.04,297.11,3175.0
2026-08-04 04:30:00,297.07,297.07,296.65,296.65,312.0
2026-08-04 04:45:00,296.57,296.57,296.4959,296.53,3055.0
2026-08-04 05:00:00,296.52,296.52,296.26,296.34,5789.0
2026-08-04 05:15:00,296.23,296.23,295.89,295.89,3266.0
2026-08-04 05:30:00,296.16,296.16,296.16,296.16,30.0
2026-08-04 05:45:00,296.08,296.12,295.87,296.09,476.0
2026-08-04 06:00:00,296.13,296.13,296.09,296.09,231.0
2026-08-04 06:15:00,296.069,296.1,295.93,296.01,334.0
2026-08-04 06:30:00,295.99,296.49,295.95,296.49,2962.0
2026-08-04 06:45:00,296.61,296.865,296.51,296.61,871.0
2026-08-04 07:00:00,296.5716,296.8832,296.41,296.85,17895.0
2026-08-04 07:15:00,296.87,297.14,296.87,297.14,19445.0
2026-08-04 07:30:00,297.17,297.8933,297.0,297.87,8574.0
2026-08-04 07:45:00,297.8314,298.2,297.66,297.85,30149.0
2026-08-04 08:00:00,297.9,298.2,297.839,297.839,6646.0
2026-08-04 08:15:00,297.81,297.92,297.6893,297.6893,5469.0
2026-08-04 08:30:00,297.75,297.7691,297.55,297.6998,21686.0
2026-08-04 08:45:00,297.7566,297.8532,297.69,297.73,803.0
2026-08-04 09:00:00,297.72,297.83,297.6384,297.8,1230.0
2026-08-04 09:15:00,297.82,298.38,297.55,297.9,65112.0
2026-08-05 04:00:00,301.71,302.7966,301.71,302.46,844.0
2026-08-05 04:15:00,302.24,302.28,302.11,302.27,520.0
2026-08-05 04:30:00,302.35,302.35,302.12,302.12,185.0
2026-08-05 04:45:00,302.04,302.23,302.02,302.13,3069.0
2026-08-05 05:00:00,302.23,302.2887,302.09,302.2887,749.0
2026-08-05 05:15:00,302.1612,302.1612,302.1612,302.1612,1.0
2026-08-05 05:30:00,302.33,302.33,302.3,302.31,250.0
2026-08-05 05:45:00,302.33,302.33,302.1779,302.32,53.0
2026-08-05 06:00:00,302.28,302.31,302.1566,302.1566,527.0
2026-08-05 06:15:00,302.18,302.27,302.18,302.27,269.0
2026-08-05 06:30:00,302.26,302.29,302.12,302.12,2254.0
2026-08-05 06:45:00,302.26,302.26,302.09,302.09,503.0
2026-08-05 07:00:00,302.2305,302.46,302.1862,302.3439,930.0
2026-08-05 07:15:00,302.4001,302.51,302.18,302.18,7060.0
2026-08-05 07:30:00,302.17,302.3771,302.17,302.279,4044.0
2026-08-05 07:45:00,302.2797,302.39,302.13,302.3568,3895.0
2026-08-05 08:00:00,302.39,302.54,302.3039,302.5399,1816.0
2026-08-05 08:15:00,302.5,302.7,302.47,302.6,10383.0
2026-08-05 08:30:00,302.58,302.675,302.2632,302.675,4746.0
2026-08-05 08:45:00,302.7077,302.73,302.555,302.6232,2117.0
2026-08-05 09:00:00,302.6,302.93,302.5929,302.8,5413.0
2026-08-05 09:15:00,302.74,302.75,302.37,302.44,14034.0
2026-08-06 04:00:00,299.77,300.2887,299.661,299.661,1214.0
2026-08-06 04:15:00,299.7871,299.84,299.7412,299.84,123.0
2026-08-06 04:30:00,300.0387,300.22,299.9815,300.1012,933.0
2026-08-06 04:45:00,300.28,300.3887,300.28,300.3887,2.0
2026-08-06 05:00:00,300.39,300.44,300.169,300.17,100.0
2026-08-06 05:15:00,300.25,300.349,300.25,300.3112,59.0
2026-08-06 05:30:00,300.27,300.27,300.09,300.2507,648.0
2026-08-06 05:45:00,300.38,300.53,300.341,300.53,969.0
2026-08-06 06:00:00,300.45,300.499,300.4295,300.43,2378.0
2026-08-06 06:15:00,300.4892,300.4892,300.4507,300.47,33.0
2026-08-06 06:30:00,300.5087,300.5087,300.23,300.2712,163.0
2026-08-06 06:45:00,300.35,300.39,300.33,300.33,348.0
2026-08-06 07:00:00,300.2923,300.2923,299.91,300.0015,6290.0
2026-08-06 07:15:00,300.09,300.16,300.04,300.16,1437.0
2026-08-06 07:30:00,300.24,300.29,299.89,299.89,2413.0
2026-08-06 07:45:00,299.84,299.92,299.3895,299.62,4776.0
2026-08-06 08:00:00,299.7,299.77,299.4915,299.4915,1425.0
2026-08-06 08:15:00,299.68,299.94,299.57,299.8646,8683.0
2026-08-06 08:30:00,299.83,300.07,299.83,299.85,5197.0
2026-08-06 08:45:00,299.84,299.89,299.68,299.73,14969.0
2026-08-06 09:00:00,299.7371,299.78,299.5598,299.74,5171.0
2026-08-06 09:15:00,299.7471,299.8686,299.38,299.56,14035.0
2026-08-07 04:00:00,298.1185,298.5,298.0017,298.5,562.0
2026-08-07 04:15:00,298.55,298.57,298.55,298.57,239.0
2026-08-07 04:30:00,298.62,298.78,298.62,298.78,2039.0
2026-08-07 04:45:00,298.72,298.77,298.6612,298.77,907.0
2026-08-07 05:00:00,298.78,298.93,298.77,298.93,2980.0
2026-08-07 05:15:00,298.925,299.025,298.86,298.95,128.0
2026-08-07 05:30:00,299.02,299.0492,299.02,299.0207,27.0
2026-08-07 05:45:00,299.06,299.1187,299.01,299.04,1076.0
2026-08-07 06:00:00,299.06,299.06,298.9312,298.9312,40.0
2026-08-07 06:15:00,298.97,299.0,298.941,298.941,709.0
2026-08-07 06:30:00,299.01,299.25,299.01,299.25,1095.0
2026-08-07 06:45:00,299.16,299.16,299.021,299.021,1645.0
2026-08-07 07:00:00,299.0406,299.3407,299.0315,299.3407,5642.0
2026-08-07 07:15:00,299.4187,299.54,299.31,299.53,2143.0
2026-08-07 07:30:00,299.51,299.72,299.48,299.71,14052.0
2026-08-07 07:45:00,299.63,299.66,299.43,299.43,6876.0
2026-08-07 08:00:00,299.34,299.6992,299.34,299.5208,2752.0
2026-08-07 08:15:00,299.55,299.81,299.52,299.81,13089.0
2026-08-07 08:30:00,299.69,301.28,299.69,301.01,131222.0
2026-08-07 08:45:00,301.08,301.44,300.82,300.88,24036.0
2026-08-07 09:00:00,300.8,300.85,300.36,300.43,23140.0
2026-08-07 09:15:00,300.4566,300.71,300.33,300.43,16570.0
2026-08-10 04:00:00,301.5788,301.65,301.5,301.5,2165.0
2026-08-10 04:15:00,301.49,301.5,301.37,301.44,10621.0
2026-08-10 04:30:00,301.44,301.44,301.35,301.4,1272.0
2026-08-10 04:45:00,301.2,301.21,301.125,301.18,265.0
2026-08-10 05:00:00,301.1939,301.2,301.0934,301.0934,1134.0
2026-08-10 05:15:00,301.06,301.18,301.06,301.155,185.0
2026-08-10 05:30:00,301.02,301.02,300.99,300.99,215.0
2026-08-10 05:45:00,300.87,300.9,300.801,300.801,258.0
2026-08-10 06:00:00,300.8112,300.88,300.75,300.75,265.0
2026-08-10 06:15:00,300.85,300.85,300.791,300.791,175.0
2026-08-10 06:30:00,300.79,300.85,300.76,300.81,169.0
2026-08-10 06:45:00,300.84,300.84,300.601,300.6566,207.0
2026-08-10 07:00:00,300.6688,300.79,300.59,300.59,5132.0
2026-08-10 07:15:00,300.6495,300.8232,300.611,300.82,7476.0
2026-08-10 07:30:00,300.9,301.0532,300.9,301.0532,587.0
2026-08-10 07:45:00,301.01,301.21,300.991,301.21,701.0
2026-08-10 08:00:00,301.31,301.35,301.2368,301.2368,2045.0
2026-08-10 08:15:00,301.17,301.17,300.93,301.0661,5410.0
2026-08-10 08:30:00,301.0223,301.06,300.6168,300.6562,6546.0
2026-08-10 08:45:00,300.68,300.68,300.41,300.43,3996.0
2026-08-10 09:00:00,300.4392,300.5,300.31,300.35,8880.0
2026-08-10 09:15:00,300.42,300.67,300.17,300.48,16803.0
2026-08-11 04:00:00,300.24,300.48,300.0,300.0,773.0
2026-08-11 04:15:00,299.989,300.02,299.93,300.02,792.0
2026-08-11 04:30:00,299.92,299.96,299.92,299.96,2422.0
2026-08-11 04:45:00,299.91,299.91,299.76,299.76,2119.0
2026-08-11 05:00:00,299.7412,299.77,299.67,299.71,602.0
2026-08-11 05:15:00,299.5867,299.5867,299.5661,299.5661,201.0
2026-08-11 05:30:00,299.6961,299.83,299.6961,299.8,2775.0
2026-08-11 05:45:00,299.87,299.89,299.82,299.82,561.0
2026-08-11 06:00:00,299.85,299.85,299.75,299.7834,150.0
2026-08-11 06:15:00,299.79,300.42,299.79,300.36,3430.0
2026-08-11 06:30:00,300.13,300.17,300.0515,300.17,808.0
2026-08-11 06:45:00,300.2,300.2,300.18,300.18,917.0
2026-08-11 07:00:00,300.15,301.11,300.15,300.8,11314.0
2026-08-11 07:15:00,300.76,300.81,300.4068,300.5221,6874.0
2026-08-11 07:30:00,300.47,300.5701,300.37,300.57,4814.0
2026-08-11 07:45:00,300.5858,300.6792,300.58,300.64,764.0
2026-08-11 08:00:00,300.62,300.82,300.54,300.82,1488.0
2026-08-11 08:15:00,300.84,300.8498,300.28,300.4,22681.0
2026-08-11 08:30:00,300.35,300.47,300.18,300.3751,15610.0
2026-08-11 08:45:00,300.3697,300.38,300.23,300.24,1519.0
2026-08-11 09:00:00,300.26,300.62,300.26,300.62,2300.0
2026-08-11 09:15:00,300.61,300.92,300.61,300.82,30508.0
2026-08-12 04:00:00,300.99,301.62,300.99,301.5341,2385.0
2026-08-12 04:15:00,301.4841,301.63,301.465,301.53,6261.0
2026-08-12 04:30:00,301.37,301.37,301.2666,301.34,92.0
2026-08-12 04:45:00,301.35,301.53,301.35,301.52,264.0
2026-08-12 05:00:00,301.53,301.59,301.51,301.55,721.0
2026-08-12 05:15:00,301.58,302.02,301.555,301.7,333.0
2026-08-12 05:30:00,301.75,301.85,301.75,301.75,12.0
2026-08-12 05:45:00,301.68,301.93,301.57,301.57,762.0
2026-08-12 06:00:00,301.65,301.8,301.65,301.76,1155.0
2026-08-12 06:15:00,301.68,301.7359,301.67,301.67,101.0
2026-08-12 06:30:00,301.53,301.61,301.52,301.61,305.0
2026-08-12 06:45:00,301.51,301.51,301.18,301.275,4266.0
2026-08-12 07:00:00,301.2812,301.5322,301.2812,301.41,2398.0
2026-08-12 07:15:00,301.3361,301.51,301.28,301.51,2087.0
2026-08-12 07:30:00,301.4439,301.68,301.42,301.6739,3874.0
2026-08-12 07:45:00,301.7171,301.85,301.6397,301.83,3758.0
2026-08-12 08:00:00,301.859,301.859,301.6,301.7599,9047.0
2026-08-12 08:15:00,301.76,302.95,301.76,302.95,38130.0
2026-08-12 08:30:00,303.2,303.27,301.43,302.74,70605.0
2026-08-12 08:45:00,302.62,302.85,302.5,302.75,42898.0
2026-08-12 09:00:00,302.75,303.115,302.64,302.86,33879.0
2026-08-12 09:15:00,302.8849,303.2,302.8,303.2,20755.0
2026-08-13 04:00:00,303.26,303.5,303.16,303.46,1965.0
2026-08-13 04:30:00,303.38,303.38,303.38,303.38,16.0
2026-08-13 04:45:00,303.27,303.34,303.27,303.34,80.0
2026-08-13 05:00:00,303.3,303.38,303.29,303.38,603.0
2026-08-13 05:15:00,303.36,303.45,303.3166,303.34,381.0
2026-08-13 05:30:00,303.31,303.31,303.24,303.24,260.0
2026-08-13 05:45:00,303.3,303.3,303.3,303.3,76.0
2026-08-13 06:00:00,303.27,303.27,303.23,303.24,1217.0
2026-08-13 06:15:00,303.25,303.33,303.25,303.33,119.0
2026-08-13 06:30:00,303.3,303.32,303.285,303.32,338.0
2026-08-13 06:45:00,303.38,303.45,303.38,303.45,402.0
2026-08-13 07:00:00,303.48,303.6062,303.4601,303.59,786.0
2026-08-13 07:15:00,303.6371,303.6371,303.4322,303.4322,151507.0
2026-08-13 07:30:00,303.42,303.65,303.42,303.6499,809.0
2026-08-13 07:45:00,303.6162,303.64,303.4099,303.44,3402.0
2026-08-13 08:00:00,303.41,303.5,303.2554,303.3354,6691.0
2026-08-13 08:15:00,303.3962,303.3962,303.11,303.19,3936.0
2026-08-13 08:30:00,303.4,303.73,302.8,303.577,26038.0
2026-08-13 08:45:00,303.519,303.59,303.5,303.5097,1306.0
2026-08-13 09:00:00,303.59,303.67,303.45,303.6602,2598.0
2026-08-13 09:15:00,303.7,304.16,303.6662,304.06,15604.0
2026-08-14 04:00:00,303.5,303.5,302.9771,303.05,1409.0
2026-08-14 04:15:00,303.06,303.17,302.97,303.17,272.0
2026-08-14 04:30:00,303.25,303.46,303.25,303.34,1398.0
2026-08-14 04:45:00,303.4866,303.49,303.38,303.38,53.0
2026-08-14 05:00:00,303.35,303.38,303.29,303.38,766.0
2026-08-14 05:15:00,303.41,303.47,303.409,303.47,491.0
2026-08-14 05:30:00,303.34,303.37,303.34,303.37,144.0
2026-08-14 06:00:00,303.41,303.61,303.41,303.6061,285.0
2026-08-14 06:15:00,303.57,303.57,303.45,303.4766,377.0
2026-08-14 06:30:00,303.51,303.51,303.51,303.51,11.0
2026-08-14 07:00:00,303.47,303.5,303.26,303.26,4598.0
2026-08-14 07:15:00,303.25,303.42,303.25,303.3239,299.0
2026-08-14 07:30:00,303.39,303.59,303.39,303.58,729.0
2026-08-14 07:45:00,303.6,303.6,303.419,303.419,1333.0
2026-08-14 08:00:00,303.5192,303.61,303.11,303.49,14309.0
2026-08-14 08:15:00,303.4995,303.53,303.4,303.4049,1826.0
2026-08-14 08:30:00,303.68,303.85,303.63,303.74,16380.0
2026-08-14 08:45:00,303.8149,303.839,303.72,303.74,1298.0
2026-08-14 09:00:00,303.72,303.72,303.4668,303.4668,1327.0
2026-08-14 09:15:00,303.49,303.58,303.15,303.23,12887.0
2026-08-17 04:00:00,304.9812,305.14,304.71,304.8,1378.0
2026-08-17 04:15:00,304.76,304.77,304.7525,304.76,322.0
2026-08-17 04:30:00,304.78,304.78,304.6225,304.6225,659.0
2026-08-17 04:45:00,304.61,304.7,304.61,304.7,380.0
2026-08-17 05:00:00,304.7492,304.81,304.71,304.79,743.0
2026-08-17 05:15:00,304.76,304.7605,304.7295,304.7295,102.0
2026-08-17 05:30:00,304.68,304.72,304.6629,304.7187,2097.0
2026-08-17 05:45:00,304.6525,304.67,304.6392,304.6392,381.0
2026-08-17 06:00:00,304.6605,304.79,304.6605,304.79,1531.0
2026-08-17 06:15:00,304.81,305.5015,304.7,305.5015,2970.0
2026-08-17 06:30:00,305.49,305.49,304.95,304.99,495.0
2026-08-17 07:00:00,304.84,304.888,304.8,304.85,575.0
2026-08-17 07:15:00,304.7338,304.82,304.7102,304.7732,355.0
2026-08-17 07:30:00,304.78,304.82,304.6633,304.6633,3829.0
2026-08-17 07:45:00,304.71,304.71,304.43,304.5308,14028.0
2026-08-17 08:00:00,304.56,304.6193,304.46,304.5768,2363.0
2026-08-17 08:15:00,304.62,304.63,304.09,304.28,17245.0
2026-08-17 08:30:00,304.26,304.36,303.89,303.89,7415.0
2026-08-17 08:45:00,303.89,303.95,303.76,303.9078,23226.0
2026-08-17 09:00:00,303.95,304.04,303.93,304.0349,10512.0
2026-08-17 09:15:00,304.0751,304.189,303.96,303.98,14064.0
2026-08-18 04:00:00,302.78,302.901,302.42,302.901,14067.0
2026-08-18 04:15:00,302.95,302.95,302.78,302.88,4097.0
2026-08-18 04:30:00,302.8634,303.28,302.8634,303.28,714.0
2026-08-18 04:45:00,303.0,303.14,302.93,303.14,669.0
2026-08-18 05:00:00,303.11,303.11,302.99,303.03,128.0
2026-08-18 05:30:00,303.23,303.26,303.08,303.08,758.0
2026-08-18 05:45:00,303.09,303.27,303.04,303.251,12029.0
2026-08-18 06:00:00,303.25,303.44,303.25,303.44,1050.0
2026-08-18 06:15:00,303.3661,303.3661,303.05,303.18,5019.0
2026-08-18 06:30:00,303.18,303.27,303.05,303.05,202.0
2026-08-18 06:45:00,303.05,303.26,303.03,303.1866,1513.0
2026-08-18 07:00:00,303.0899,303.3841,303.0738,303.321,615.0
2026-08-18 07:15:00,303.32,303.32,303.15,303.1695,1997.0
2026-08-18 07:30:00,303.17,303.25,302.9961,303.1971,5085.0
2026-08-18 07:45:00,303.23,303.2432,303.1,303.23,849.0
2026-08-18 08:00:00,303.17,303.3761,303.03,303.25,6209.0
2026-08-18 08:15:00,303.3,303.37,303.09,303.12,4133.0
2026-08-18 08:30:00,303.15,303.15,302.87,302.91,11179.0
2026-08-18 08:45:00,302.95,303.1078,302.861,303.0707,11888.0
2026-08-18 09:00:00,303.09,303.13,303.0,303.0072,3469.0
2026-08-18 09:15:00,303.0,303.02,302.38,302.56,20945.0
2026-08-19 04:00:00,300.45,300.73,300.37,300.5456,4493.0
2026-08-19 04:15:00,300.65,300.65,300.61,300.61,235.0
2026-08-19 04:30:00,300.66,300.66,300.48,300.5,4354.0
2026-08-19 04:45:00,300.42,300.51,300.37,300.37,956.0
2026-08-19 05:00:00,300.33,300.34,300.22,300.22,2437.0
2026-08-19 05:15:00,300.22,300.22,300.0,300.0,978.0
2026-08-19 05:30:00,300.02,300.06,299.99,300.06,2866.0
2026-08-19 05:45:00,299.98,299.98,299.91,299.94,340.0
2026-08-19 06:00:00,299.9468,299.9468,299.91,299.91,31.0
2026-08-19 06:15:00,299.91,299.95,299.78,299.95,1610.0
2026-08-19 06:30:00,299.93,300.12,299.93,300.12,1203.0
2026-08-19 06:45:00,299.95,300.0,299.95,300.0,600.0
2026-08-19 07:00:00,300.0019,300.26,300.0019,300.2032,5993.0
2026-08-19 07:15:00,300.24,300.41,300.21,300.34,1902.0
2026-08-19 07:30:00,300.4098,300.46,300.29,300.29,425.0
2026-08-19 07:45:00,300.3276,300.3549,300.26,300.3368,1279.0
2026-08-19 08:00:00,300.23,300.3979,300.23,300.3792,5747.0
2026-08-19 08:15:00,300.2831,300.6,300.2668,300.5668,8413.0
2026-08-19 08:30:00,300.69,302.49,300.69,302.49,52150.0
2026-08-19 08:45:00,302.53,303.58,302.52,302.7902,119919.0
2026-08-19 09:00:00,302.72,302.87,302.3,302.72,29791.0
2026-08-19 09:15:00,302.7,302.95,302.56,302.82,31754.0
2026-08-20 04:00:00,301.67,301.83,301.63,301.71,1747.0
2026-08-20 04:15:00,301.81,301.81,301.5,301.5,123.0
2026-08-20 04:30:00,301.31,301.515,301.19,301.19,3045.0
2026-08-20 04:45:00,301.01,301.19,301.01,301.1,593.0
2026-08-20 05:00:00,301.0,301.28,300.9992,301.28,1429.0
2026-08-20 05:30:00,301.1845,301.25,301.1656,301.25,13.0
2026-08-20 06:00:00,301.41,301.43,301.4,301.43,339.0
2026-08-20 06:15:00,301.46,301.46,301.46,301.46,20.0
2026-08-20 06:30:00,301.36,301.38,301.18,301.2855,2475.0
2026-08-20 06:45:00,301.33,301.35,301.32,301.32,149.0
2026-08-20 07:00:00,301.4696,301.5533,301.2254,301.31,1273.0
2026-08-20 07:15:00,301.3,301.3,300.78,300.79,4769.0
2026-08-20 07:30:00,300.83,300.911,300.7,300.8131,8024.0
2026-08-20 07:45:00,300.63,300.6799,300.03,300.05,46731.0
2026-08-20 08:00:00,300.12,300.14,299.31,299.54,42820.0
2026-08-20 08:15:00,299.5083,299.53,299.26,299.3313,29281.0
2026-08-20 08:30:00,299.28,299.41,299.11,299.34,5741.0
2026-08-20 08:45:00,299.35,299.54,299.35,299.5076,10451.0
2026-08-20 09:00:00,299.4901,299.66,299.3,299.31,10403.0
2026-08-20 09:15:00,299.29,299.52,299.19,299.31,16751.0
2026-08-21 04:00:00,298.7087,299.21,298.7087,299.045,1923.0
2026-08-21 04:15:00,298.97,299.2,298.97,299.2,1250.0
2026-08-21 04:30:00,299.2973,299.42,299.2973,299.41,1353.0
2026-08-21 04:45:00,299.38,299.45,299.34,299.45,2788.0
2026-08-21 05:00:00,299.42,299.5,299.38,299.49,2072.0
2026-08-21 05:15:00,299.56,299.61,299.47,299.47,218.0
2026-08-21 05:30:00,299.49,299.64,299.46,299.64,6056.0
2026-08-21 05:45:00,299.56,299.67,299.52,299.63,4213.0
2026-08-21 06:00:00,299.7,299.79,299.57,299.57,1692.0
2026-08-21 06:15:00,299.64,299.67,299.5,299.63,8134.0
2026-08-21 06:30:00,299.65,299.65,299.51,299.52,12722.0
2026-08-21 06:45:00,299.54,299.66,299.53,299.66,341.0
2026-08-21 07:00:00,299.6205,299.7149,299.5332,299.7,2137.0
2026-08-21 07:15:00,299.681,300.37,299.681,300.27,13347.0
2026-08-21 07:30:00,300.26,300.31,300.01,300.0305,27648.0
2026-08-21 07:45:00,300.07,300.17,299.89,300.11,14683.0
2026-08-21 08:00:00,300.11,300.16,299.88,299.88,5029.0
2026-08-21 08:15:00,299.7854,300.079,299.7532,300.05,12949.0
2026-08-21 08:30:00,300.05,300.2597,299.86,300.2,20458.0
2026-08-21 08:45:00,300.15,300.24,300.01,300.17,4836.0
2026-08-21 09:00:00,300.2139,300.26,299.85,299.92,18660.0
2026-08-21 09:15:00,299.8903,300.02,299.5556,300.01,28301.0
2026-08-24 04:00:00,299.5987,300.11,299.55,299.99,2070.0
2026-08-24 04:15:00,299.93,300.06,299.83,300.06,1115.0
2026-08-24 04:30:00,299.886,300.03,299.886,300.03,516.0
2026-08-24 04:45:00,299.9424,299.95,299.9424,299.95,39.0
2026-08-24 05:00:00,299.87,299.99,299.86,299.98,2142.0
2026-08-24 05:15:00,299.95,299.95,299.75,299.75,38.0
2026-08-24 05:30:00,299.8,299.8,299.8,299.8,100.0
2026-08-24 05:45:00,299.81,299.81,299.81,299.81,60.0
2026-08-24 06:00:00,299.89,299.9,299.68,299.68,574.0
2026-08-24 06:15:00,299.7,299.73,299.65,299.71,603.0
2026-08-24 06:30:00,299.661,299.81,299.52,299.52,1001.0
2026-08-24 06:45:00,299.5,299.5,299.35,299.35,1273.0
2026-08-24 07:00:00,299.3482,299.4183,299.1638,299.2832,3908.0
2026-08-24 07:15:00,299.25,299.25,299.1462,299.2,4731.0
2026-08-24 07:30:00,299.25,300.2,299.25,300.03,15576.0
2026-08-24 07:45:00,300.0,300.0,299.86,299.88,792.0
2026-08-24 08:00:00,299.91,299.91,299.63,299.73,2097.0
2026-08-24 08:15:00,299.63,299.75,299.53,299.73,11394.0
2026-08-24 08:30:00,299.71,299.89,299.13,299.56,69507.0
2026-08-24 08:45:00,299.59,299.8,299.59,299.72,6829.0
2026-08-24 09:00:00,299.7292,299.77,299.4819,299.56,1971.0
2026-08-24 09:15:00,299.52,299.66,299.48,299.6,17772.0
2026-08-25 04:00:00,297.97,298.82,297.97,298.66,2352.0
2026-08-25 04:15:00,298.73,299.44,298.73,299.19,10818.0
2026-08-25 04:30:00,299.1987,299.31,299.1987,299.23,505.0
2026-08-25 04:45:00,299.37,299.45,299.33,299.45,3196.0
2026-08-25 05:00:00,299.43,299.625,299.43,299.625,1519.0
2026-08-25 05:15:00,299.6,299.7,299.6,299.6956,965.0
2026-08-25 05:30:00,299.87,300.075,299.87,300.03,1759.0
2026-08-25 05:45:00,299.92,300.29,299.91,300.21,2262.0
2026-08-25 06:00:00,300.01,300.01,299.8488,299.8488,818.0
2026-08-25 06:15:00,299.83,299.95,299.75,299.75,7590.0
2026-08-25 06:30:00,299.77,299.77,299.73,299.75,568.0
2026-08-25 06:45:00,299.74,299.91,299.74,299.83,1357.0
2026-08-25 07:00:00,299.825,299.84,299.5,299.59,1426.0
2026-08-25 07:15:00,299.65,299.7288,299.59,299.65,2030.0
2026-08-25 07:30:00,299.7412,299.9,299.7,299.8469,893.0
2026-08-25 07:45:00,299.9839,300.2232,299.97,300.17,16196.0
2026-08-25 08:00:00,300.2432,300.2432,299.98,300.01,5336.0
2026-08-25 08:15:00,300.0168,300.12,299.939,299.95,2988.0
2026-08-25 08:30:00,299.95,299.95,299.4532,299.49,4054.0
2026-08-25 08:45:00,299.52,299.62,299.5,299.55,1461.0
2026-08-25 09:00:00,299.57,299.6,299.3999,299.46,6662.0
2026-08-25 09:15:00,299.45,299.65,299.3168,299.61,19296.0
2026-08-26 04:00:00,299.34,299.43,299.14,299.255,1775.0
2026-08-26 04:15:00,299.15,299.15,299.0944,299.0944,81.0
2026-08-26 04:30:00,299.25,299.305,299.24,299.305,604.0
2026-08-26 04:45:00,299.35,299.36,299.215,299.215,42.0
2026-08-26 05:00:00,299.37,299.37,299.37,299.37,30.0
2026-08-26 05:15:00,299.3,299.3,299.3,299.3,40.0
2026-08-26 05:30:00,299.2088,299.2088,299.2088,299.2088,1.0
2026-08-26 05:45:00,299.16,299.16,299.16,299.16,7.0
2026-08-26 06:00:00,299.09,299.09,298.99,298.99,18.0
2026-08-26 06:15:00,298.9588,298.9588,298.94,298.94,76.0
2026-08-26 06:30:00,299.17,299.17,299.17,299.17,10.0
2026-08-26 06:45:00,299.12,299.12,299.0,299.1,1687.0
2026-08-26 07:00:00,299.1007,299.24,299.0877,299.175,1041.0
2026-08-26 07:15:00,299.2,299.2756,299.0856,299.0856,255.0
2026-08-26 07:30:00,299.25,299.3396,299.07,299.2032,7518.0
2026-08-26 07:45:00,299.2138,299.22,299.1068,299.1896,244.0
2026-08-26 08:00:00,299.0069,299.09,298.97,299.0679,3235.0
2026-08-26 08:15:00,299.07,299.65,298.99,299.65,9928.0
2026-08-26 08:30:00,299.39,299.39,298.6579,298.68,21928.0
2026-08-26 08:45:00,298.64,298.7024,298.38,298.49,32100.0
2026-08-26 09:00:00,298.41,298.52,298.3554,298.49,9950.0
2026-08-26 09:15:00,298.48,298.81,298.39,298.81,43591.0
2026-08-27 04:00:00,298.85,299.16,298.68,299.1192,2745.0
2026-08-27 04:15:00,299.05,299.05,299.0496,299.0499,380.0
2026-08-27 04:30:00,298.935,298.98,298.76,298.77,1998.0
2026-08-27 04:45:00,298.65,298.65,298.585,298.6,349.0
2026-08-27 05:00:00,298.57,298.6876,298.41,298.5492,975.0
2026-08-27 05:15:00,298.84,298.88,298.84,298.88,226.0
2026-08-27 05:30:00,298.9421,299.09,298.9324,299.0524,1272.0
2026-08-27 05:45:00,299.04,299.18,298.89,298.89,2751.0
2026-08-27 06:00:00,298.735,298.7468,298.49,298.56,2150.0
2026-08-27 06:15:00,298.57,298.5768,298.43,298.4468,3828.0
2026-08-27 06:30:00,298.55,298.68,298.55,298.68,2498.0
2026-08-27 06:45:00,298.78,298.89,298.78,298.89,182.0
2026-08-27 07:00:00,298.9493,298.9587,298.781,298.8568,734.0
2026-08-27 07:15:00,298.92,298.92,298.8268,298.8268,2056.0
2026-08-27 07:30:00,298.7,298.97,298.7,298.7568,1716.0
2026-08-27 07:45:00,298.8132,299.05,298.72,299.05,4921.0
2026-08-27 08:00:00,298.9952,299.04,298.89,298.91,12584.0
2026-08-27 08:15:00,298.91,298.91,298.74,298.81,4214.0
2026-08-27 08:30:00,298.82,298.9124,298.69,298.69,4042.0
2026-08-27 08:45:00,298.65,298.71,298.5,298.52,6114.0
2026-08-27 09:00:00,298.5207,298.65,298.43,298.44,19032.0
2026-08-27 09:15:00,298.42,298.91,298.3497,298.91,16715.0
2026-08-28 04:00:00,299.81,300.35,299.81,300.1,1120.0
2026-08-28 04:15:00,300.16,300.2,300.07,300.08,205.0
2026-08-28 05:00:00,299.93,299.93,299.93,299.93,200.0
2026-08-28 05:15:00,299.89,300.0,299.89,300.0,482.0
2026-08-28 05:30:00,299.86,299.86,299.86,299.86,60.0
2026-08-28 05:45:00,299.88,299.88,299.88,299.88,16.0
2026-08-28 06:00:00,299.97,299.97,299.91,299.91,154.0
2026-08-28 06:15:00,299.85,299.91,299.85,299.91,18.0
2026-08-28 06:30:00,299.85,299.85,299.8368,299.8368,17.0
2026-08-28 06:45:00,299.7,299.7,299.59,299.66,971.0
2026-08-28 07:00:00,299.67,299.7,299.5,299.54,3038.0
2026-08-28 07:15:00,299.6168,299.6168,299.445,299.4479,927.0
2026-08-28 07:30:00,299.45,299.4868,299.24,299.34,1606.0
2026-08-28 07:45:00,299.33,299.46,299.33,299.43,327.0
2026-08-28 08:00:00,299.41,299.6389,299.41,299.61,2605.0
2026-08-28 08:15:00,299.74,299.84,299.73,299.75,4104.0
2026-08-28 08:30:00,299.76,299.77,299.51,299.77,1893.0
2026-08-28 08:45:00,299.81,299.88,299.69,299.78,18019.0
2026-08-28 09:00:00,299.7,299.79,299.55,299.55,1279.0
2026-08-28 09:15:00,299.56,299.76,299.39,299.76,6869.0
2026-08-31 04:00:00,295.9312,296.18,295.76,296.16,2107.0
2026-08-31 04:15:00,296.04,296.15,296.04,296.15,2923.0
2026-08-31 04:30:00,296.1368,296.16,296.07,296.07,1354.0
2026-08-31 04:45:00,296.05,296.15,296.05,296.0915,1165.0
2026-08-31 05:00:00,296.15,296.15,296.1,296.14,991.0
2026-08-31 05:15:00,296.17,296.25,296.16,296.16,4552.0
2026-08-31 05:30:00,296.07,296.07,295.96,295.975,368.0
2026-08-31 05:45:00,296.01,296.01,295.81,295.81,270.0
2026-08-31 06:00:00,295.77,295.81,295.7,295.7,685.0
2026-08-31 06:15:00,295.499,295.72,295.499,295.72,2786.0
2026-08-31 06:30:00,295.56,295.58,295.54,295.54,165.0
2026-08-31 06:45:00,295.49,295.68,295.49,295.68,689.0
2026-08-31 07:00:00,295.6598,295.82,295.6439,295.72,11145.0
2026-08-31 07:15:00,295.6699,295.7168,295.5939,295.7168,1710.0
2026-08-31 07:30:00,295.63,295.659,295.36,295.3768,2937.0
2026-08-31 07:45:00,295.47,295.5262,295.34,295.51,2433.0
2026-08-31 08:00:00,295.561,295.76,295.22,295.4721,44162.0
2026-08-31 08:15:00,295.55,295.64,294.89,295.1574,9695.0
2026-08-31 08:30:00,295.06,295.2,294.8,294.87,26757.0
2026-08-31 08:45:00,294.9468,294.9468,294.53,294.67,25553.0
2026-08-31 09:00:00,294.69,295.01,294.66,295.01,23008.0
2026-08-31 09:15:00,295.01,295.23,294.86,295.15,34522.0
2026-09-01 04:00:00,294.3885,294.3885,293.2,293.33,5332.0
2026-09-01 04:15:00,293.4,293.4,292.7668,292.7668,4595.0
2026-09-01 04:30:00,292.7888,292.7888,292.3,292.44,12935.0
2026-09-01 04:45:00,292.46,292.74,292.43,292.5,2468.0
2026-09-01 05:00:00,292.45,292.67,292.42,292.42,4544.0
2026-09-01 05:15:00,292.43,292.45,292.22,292.29,3980.0
2026-09-01 05:30:00,292.32,292.3568,292.23,292.23,8868.0
2026-09-01 05:45:00,292.33,292.42,292.32,292.32,3457.0
2026-09-01 06:00:00,292.38,292.47,292.215,292.47,1188.0
2026-09-01 06:15:00,292.64,293.0,292.56,292.89,5734.0
2026-09-01 06:30:00,292.89,293.03,292.78,292.78,2933.0
2026-09-01 06:45:00,292.71,292.87,292.57,292.6,6020.0
2026-09-01 07:00:00,292.6,292.62,292.25,292.35,55713.0
2026-09-01 07:15:00,292.35,292.5068,292.3468,292.4968,19792.0
2026-09-01 07:30:00,292.4751,292.79,292.4751,292.669,8775.0
2026-09-01 07:45:00,292.65,292.6899,292.2177,292.22,13314.0
2026-09-01 08:00:00,292.22,292.27,292.0284,292.19,12521.0
2026-09-01 08:15:00,292.25,292.4,292.15,292.4,10957.0
2026-09-01 08:30:00,292.2692,292.2692,291.95,292.0332,20387.0
2026-09-01 08:45:00,292.04,292.2699,292.011,292.06,20777.0
2026-09-01 09:00:00,292.02,292.06,291.79,291.9,11307.0
2026-09-01 09:15:00,291.9,292.16,291.8485,291.99,17860.0
2026-09-02 04:00:00,290.0882,290.9387,290.0882,290.8,292.0
2026-09-02 04:15:00,290.58,290.58,290.51,290.51,25.0
2026-09-02 04:30:00,290.62,290.62,290.56,290.57,437.0
2026-09-02 04:45:00,290.4168,290.4245,289.99,289.99,938.0
2026-09-02 05:00:00,290.2045,290.38,290.11,290.11,893.0
2026-09-02 05:15:00,290.0,290.1603,289.95,290.06,3175.0
2026-09-02 05:30:00,290.02,290.04,289.85,290.04,1236.0
2026-09-02 05:45:00,289.97,290.04,289.97,289.9732,53.0
2026-09-02 06:00:00,289.95,289.95,289.79,289.79,2176.0
2026-09-02 06:15:00,289.9991,290.03,289.94,290.02,1432.0
2026-09-02 06:30:00,289.92,289.92,289.77,289.78,882.0
2026-09-02 06:45:00,289.74,289.84,289.74,289.765,2001.0
2026-09-02 07:00:00,289.9598,290.55,289.58,290.55,12535.0
2026-09-02 07:15:00,290.5044,290.63,290.25,290.55,16335.0
2026-09-02 07:30:00,290.5024,290.9,290.5024,290.68,28077.0
2026-09-02 07:45:00,290.71,291.1,290.59,291.1,13706.0
2026-09-02 08:00:00,291.02,291.31,290.9001,291.21,18833.0
2026-09-02 08:15:00,291.11,291.61,291.0,291.21,48117.0
2026-09-02 08:30:00,291.1356,291.21,290.93,290.95,4382.0
2026-09-02 08:45:00,290.92,290.9279,290.6,290.654,29010.0
2026-09-02 09:00:00,290.67,290.91,290.67,290.8711,6590.0
2026-09-02 09:15:00,290.83,291.74,290.83,291.55,13238.0
2026-09-03 04:00:00,294.01,294.27,293.7,293.86,4976.0
2026-09-03 04:15:00,293.87,294.05,293.87,293.9,323.0
2026-09-03 04:30:00,293.87,293.89,293.87,293.87,134.0
2026-09-03 04:45:00,293.88,293.88,293.6597,293.6597,303.0
2026-09-03 05:00:00,293.6655,293.76,293.6655,293.74,2608.0
2026-09-03 05:15:00,293.73,293.73,293.64,293.69,208.0
2026-09-03 05:30:00,293.55,293.58,293.51,293.51,52.0
2026-09-03 05:45:00,293.5,293.5,293.34,293.34,539.0
2026-09-03 06:00:00,293.47,293.56,293.41,293.41,1238.0
2026-09-03 06:15:00,293.41,293.43,293.17,293.2,11142.0
2026-09-03 06:30:00,293.27,293.27,293.18,293.18,66.0
2026-09-03 06:45:00,293.1432,293.36,293.1432,293.36,5022.0
2026-09-03 07:00:00,293.4296,293.7,293.25,293.62,4504.0
2026-09-03 07:15:00,293.6991,293.81,293.6631,293.72,3107.0
2026-09-03 07:30:00,293.78,293.78,293.39,293.7,3013.0
2026-09-03 07:45:00,293.7168,293.9278,293.7168,293.8832,684.0
2026-09-03 08:00:00,293.88,294.1,293.73,293.99,5867.0
2026-09-03 08:15:00,294.0,294.2176,293.9,294.0979,3107.0
2026-09-03 08:30:00,294.34,295.28,294.26,294.85,38055.0
2026-09-03 08:45:00,294.8556,296.44,294.8556,296.21,36488.0
2026-09-03 09:00:00,296.1721,296.1721,295.5324,295.73,17015.0
2026-09-03 09:15:00,295.7,295.96,295.44,295.88,7151.0
2026-09-04 04:00:00,295.19,295.63,295.19,295.37,1843.0
2026-09-04 04:15:00,295.34,295.34,295.27,295.27,210.0
2026-09-04 04:45:00,295.24,295.4,295.21,295.4,357.0
2026-09-04 05:00:00,295.3668,295.47,295.23,295.23,162.0
2026-09-04 05:15:00,295.13,295.16,295.1,295.16,68.0
2026-09-04 05:30:00,295.09,295.09,295.0897,295.0897,261.0
2026-09-04 05:45:00,295.12,295.12,295.11,295.11,15.0
2026-09-04 06:00:00,295.03,295.11,295.03,295.11,1581.0
2026-09-04 06:15:00,295.19,295.39,295.15,295.16,561.0
2026-09-04 06:30:00,295.09,295.21,295.04,295.21,377.0
2026-09-04 06:45:00,295.27,295.33,295.22,295.2301,1048.0
2026-09-04 07:00:00,295.23,295.2324,295.17,295.17,28718.0
2026-09-04 07:15:00,295.2,295.3,295.1969,295.2976,2763.0
2026-09-04 07:30:00,295.2724,295.4079,295.19,295.34,979.0
2026-09-04 07:45:00,295.34,295.3932,295.2868,295.2868,4504.0
2026-09-04 08:00:00,295.24,295.25,294.9003,294.92,6254.0
2026-09-04 08:15:00,294.95,295.92,294.89,295.41,20939.0
2026-09-04 08:30:00,293.94,294.2799,293.4,293.76,84637.0
2026-09-04 08:45:00,293.65,293.93,293.2632,293.92,22376.0
2026-09-04 09:00:00,293.88,293.88,293.57,293.78,50273.0
2026-09-04 09:15:00,293.8,294.18,293.63,293.63,22899.0
2026-09-08 04:00:00,294.01,294.2587,293.9,294.15,5495.0
2026-09-08 04:15:00,294.15,294.19,294.12,294.12,124.0
2026-09-08 04:30:00,294.07,294.07,294.03,294.061,203.0
2026-09-08 04:45:00,294.1045,294.37,294.09,294.22,138.0
2026-09-08 05:00:00,294.449,294.67,294.449,294.67,16.0
2026-09-08 05:15:00,294.58,294.63,294.56,294.63,24.0
2026-09-08 05:30:00,294.8,294.88,294.735,294.79,453.0
2026-09-08 05:45:00,294.95,295.06,294.95,295.06,352.0
2026-09-08 06:00:00,295.0068,295.0068,294.8,294.8,340.0
2026-09-08 06:15:00,294.78,295.51,294.78,295.01,4666.0
2026-09-08 06:30:00,294.94,295.0,294.76,295.0,4948.0
2026-09-08 06:45:00,295.02,295.02,294.9195,294.94,892.0
2026-09-08 07:00:00,295.0423,295.0868,294.79,294.83,12706.0
2026-09-08 07:15:00,294.9,295.11,294.9,294.91,6062.0
2026-09-08 07:30:00,294.91,295.12,294.8556,295.0,10281.0
2026-09-08 07:45:00,294.94,295.24,294.86,295.24,51310.0
2026-09-08 08:00:00,295.23,295.23,294.94,294.94,9032.0
2026-09-08 08:15:00,294.8679,295.18,294.8679,295.13,7234.0
2026-09-08 08:30:00,295.21,295.5676,295.15,295.5676,11602.0
2026-09-08 08:45:00,295.53,295.85,295.4903,295.85,7055.0
2026-09-08 09:00:00,295.86,295.86,295.5715,295.5715,5970.0
2026-09-08 09:15:00,295.57,295.6496,295.27,295.34,19117.0
2026-09-09 04:00:00,294.67,294.67,294.34,294.61,1209.0
2026-09-09 04:15:00,294.5676,294.5676,294.46,294.53,368.0
2026-09-09 04:30:00,294.68,294.72,294.37,294.45,1614.0
2026-09-09 04:45:00,294.3476,294.489,294.28,294.489,3897.0
2026-09-09 05:00:00,294.29,294.34,294.22,294.33,616.0
2026-09-09 05:15:00,294.33,294.33,294.02,294.13,1479.0
2026-09-09 05:30:00,293.9445,293.9445,293.68,293.68,552.0
2026-09-09 05:45:00,293.77,293.77,293.18,293.18,562.0
2026-09-09 06:00:00,293.44,293.58,293.26,293.54,3100.0
2026-09-09 06:15:00,293.36,293.71,293.35,293.54,6626.0
2026-09-09 06:30:00,293.5,293.5,293.22,293.22,3918.0
2026-09-09 06:45:00,293.17,293.17,292.77,292.89,89318.0
2026-09-09 07:00:00,292.8885,293.25,292.8223,293.1568,1201.0
2026-09-09 07:15:00,293.05,293.35,293.05,293.2299,10233.0
2026-09-09 07:30:00,293.1968,293.1968,292.9594,293.18,6185.0
2026-09-09 07:45:00,293.1604,293.71,293.0,293.2068,32162.0
2026-09-09 08:00:00,293.17,293.17,292.75,292.77,6468.0
2026-09-09 08:15:00,292.81,292.8888,292.69,292.75,4125.0
2026-09-09 08:30:00,292.7,293.02,292.6468,292.9501,6597.0
2026-09-09 08:45:00,293.04,293.14,293.0,293.05,5545.0
2026-09-09 09:00:00,293.1768,293.3032,293.15,293.2,7310.0
2026-09-09 09:15:00,293.1632,293.64,293.15,293.42,8442.0
2026-09-10 04:00:00,291.3912,291.44,291.1,291.1,9768.0
2026-09-10 04:15:00,291.11,291.11,291.08,291.08,81.0
2026-09-10 04:30:00,291.1887,291.1887,290.81,290.81,707.0
2026-09-10 04:45:00,290.794,290.794,290.71,290.76,2801.0
2026-09-10 05:00:00,290.7445,290.9,290.73,290.81,5768.0
2026-09-10 05:15:00,290.74,290.769,290.68,290.68,62.0
2026-09-10 05:30:00,290.715,290.75,290.5512,290.66,326.0
2026-09-10 05:45:00,290.82,290.975,290.82,290.96,188.0
2026-09-10 06:00:00,290.87,291.089,290.86,291.089,649.0
2026-09-10 06:15:00,290.94,291.0476,290.94,291.0,581.0
2026-09-10 06:30:00,290.9992,291.17,290.9264,291.17,213.0
2026-09-10 06:45:00,291.0,291.45,290.88,291.2,5952.0
2026-09-10 07:00:00,290.91,290.9801,290.6531,290.75,4038.0
2026-09-10 07:15:00,290.7569,290.7739,290.51,290.6,14315.0
2026-09-10 07:30:00,290.63,290.83,290.63,290.6621,30966.0
2026-09-10 07:45:00,290.69,290.7,290.245,290.245,14426.0
2026-09-10 08:00:00,290.18,290.28,290.04,290.23,13097.0
2026-09-10 08:15:00,290.19,290.2032,289.65,289.66,32620.0
2026-09-10 08:30:00,289.88,290.01,288.55,288.85,103612.0
2026-09-10 08:45:00,288.79,288.79,288.33,288.6897,49699.0
2026-09-10 09:00:00,288.66,288.9076,288.37,288.42,93670.0
2026-09-10 09:15:00,288.38,288.53,287.83,288.49,66843.0
2026-09-11 04:00:00,288.86,289.18,288.8015,289.14,5803.0
2026-09-11 04:15:00,289.14,289.85,289.14,289.29,6330.0
2026-09-11 04:30:00,289.66,289.8,289.39,289.39,2507.0
2026-09-11 04:45:00,289.61,289.74,289.59,289.72,543.0
2026-09-11 05:00:00,289.83,289.83,289.4369,289.4369,1323.0
2026-09-11 05:15:00,289.43,289.54,289.4,289.4,5403.0
2026-09-11 05:30:00,289.5,289.51,289.44,289.44,6502.0
2026-09-11 05:45:00,289.51,289.54,287.69,289.43,43891.0
2026-09-11 06:00:00,289.42,289.72,289.28,289.45,6923.0
2026-09-11 06:15:00,289.54,289.54,289.42,289.42,2573.0
2026-09-11 06:30:00,289.55,289.55,289.5,289.5,40.0
2026-09-11 06:45:00,289.47,289.5,289.47,289.49,371.0
2026-09-11 07:00:00,289.5009,289.7,289.5001,289.651,15845.0
2026-09-11 07:15:00,289.72,289.8809,289.6268,289.7574,1761.0
2026-09-11 07:30:00,289.8037,290.06,289.6869,290.06,1970.0
2026-09-11 07:45:00,290.102,290.102,289.88,289.88,22018.0
2026-09-11 08:00:00,289.9,290.29,289.9,290.27,36284.0
2026-09-11 08:15:00,290.25,290.8,290.19,290.66,55696.0
2026-09-11 08:30:00,290.81,290.81,288.6,289.67,144472.0
2026-09-11 08:45:00,289.72,290.95,289.61,290.95,50727.0
2026-09-11 09:00:00,290.95,291.33,290.5,290.62,40447.0
2026-09-11 09:15:00,290.64,291.03,290.53,290.68,85372.0
2026-09-14 04:00:00,288.6582,288.6582,287.84,287.94,6942.0
2026-09-14 04:15:00,287.93,287.93,287.65,287.65,2425.0
2026-09-14 04:30:00,287.59,287.96,287.54,287.9072,49325.0
2026-09-14 04:45:00,287.8383,288.07,287.82,288.07,280.0
2026-09-14 05:00:00,288.18,288.24,287.92,287.92,253.0
2026-09-14 05:15:00,287.96,287.96,287.669,287.95,3282.0
2026-09-14 05:30:00,287.95,287.96,287.79,287.83,22399.0
2026-09-14 05:45:00,287.741,287.91,287.741,287.88,817.0
2026-09-14 06:00:00,287.88,287.97,287.87,287.97,3278.0
2026-09-14 06:15:00,287.98,288.18,287.9737,288.16,22005.0
2026-09-14 06:30:00,288.14,288.24,288.07,288.17,1372.0
2026-09-14 06:45:00,288.16,288.16,288.12,288.16,1033.0
2026-09-14 07:00:00,288.13,288.22,287.945,288.04,19918.0
2026-09-14 07:15:00,288.0,288.01,287.8141,288.01,5576.0
2026-09-14 07:30:00,288.0388,288.0388,287.75,287.77,19069.0
2026-09-14 07:45:00,287.78,287.85,287.5292,287.5292,63038.0
2026-09-14 08:00:00,287.4,287.45,287.27,287.45,11884.0
2026-09-14 08:15:00,287.45,287.95,287.41,287.5163,16254.0
2026-09-14 08:30:00,287.48,287.68,286.92,287.4372,52727.0
2026-09-14 08:45:00,287.48,287.54,287.17,287.46,6253.0
2026-09-14 09:00:00,287.4519,287.62,287.16,287.6,25714.0
2026-09-14 09:15:00,287.6,287.74,287.45,287.49,47744.0
2026-09-15 04:00:00,285.5,285.72,284.8892,285.05,13036.0
2026-09-15 04:15:00,285.46,285.5,285.2,285.4,616.0
2026-09-15 04:30:00,285.3912,285.4,285.2,285.4,5269.0
2026-09-15 04:45:00,285.37,285.49,285.37,285.46,1136.0
2026-09-15 05:00:00,285.3,285.45,285.29,285.37,973.0
2026-09-15 05:15:00,285.43,285.43,285.08,285.4,1353.0
2026-09-15 05:30:00,285.46,285.7663,285.451,285.7663,435.0
2026-09-15 05:45:00,286.0195,286.05,285.87,285.9,2976.0
2026-09-15 06:00:00,286.01,286.23,285.99,286.069,3063.0
2026-09-15 06:15:00,286.01,286.0864,285.95,286.0864,82.0
2026-09-15 06:30:00,286.06,286.39,286.0492,286.32,2689.0
2026-09-15 06:45:00,286.31,286.54,286.28,286.49,3876.0
2026-09-15 07:00:00,286.4411,286.75,286.4411,286.6292,2279.0
2026-09-15 07:15:00,286.65,286.74,286.54,286.5468,4454.0
2026-09-15 07:30:00,286.539,286.69,286.46,286.5332,2830.0
2026-09-15 07:45:00,286.4667,286.78,286.4667,286.78,2485.0
2026-09-15 08:00:00,286.7,286.7245,286.49,286.7245,6590.0
2026-09-15 08:15:00,286.69,286.7745,286.58,286.7,15137.0
2026-09-15 08:30:00,286.8,286.8416,286.6102,286.66,8219.0
2026-09-15 08:45:00,286.83,287.27,286.75,286.83,42385.0
2026-09-15 09:00:00,286.87,286.94,286.7,286.72,10444.0
2026-09-15 09:15:00,286.71,286.8486,286.49,286.6,36483.0
2026-09-16 04:00:00,285.36,285.52,285.02,285.11,8289.0
2026-09-16 04:15:00,285.2841,285.45,285.2692,285.36,1019.0
2026-09-16 04:30:00,285.41,285.4512,285.3,285.3,36.0
2026-09-16 04:45:00,285.451,285.65,285.451,285.65,442.0
2026-09-16 05:00:00,285.63,285.63,285.41,285.41,1147.0
2026-09-16 05:15:00,285.32,285.5,285.3,285.5,352.0
2026-09-16 05:30:00,285.42,285.54,285.35,285.54,411.0
2026-09-16 05:45:00,285.45,285.45,285.45,285.45,15.0
2026-09-16 06:00:00,285.54,285.65,285.54,285.64,725.0
2026-09-16 06:15:00,285.53,285.57,285.48,285.49,278.0
2026-09-16 06:30:00,285.48,285.48,285.48,285.48,28.0
2026-09-16 06:45:00,285.5,285.6517,285.3907,285.6517,66.0
2026-09-16 07:00:00,285.83,286.0,285.56,285.6138,42172.0
2026-09-16 07:15:00,285.48,285.77,285.4753,285.77,2370.0
2026-09-16 07:30:00,285.74,286.12,285.74,286.11,22366.0
2026-09-16 07:45:00,286.11,286.19,286.04,286.07,30972.0
2026-09-16 08:00:00,286.03,286.21,285.97,285.97,1220.0
2026-09-16 08:15:00,285.88,285.97,285.69,285.798,5075.0
2026-09-16 08:30:00,285.79,285.82,285.55,285.61,7174.0
2026-09-16 08:45:00,285.57,285.93,285.55,285.92,4829.0
2026-09-16 09:00:00,285.87,285.87,285.55,285.81,5042.0
2026-09-16 09:15:00,285.8286,285.8286,285.54,285.67,8138.0
2026-09-17 04:00:00,285.7512,286.23,285.75,285.75,7313.0
2026-09-17 04:15:00,285.74,285.93,285.74,285.92,693.0
2026-09-17 04:30:00,285.99,286.1192,285.98,286.1192,597.0
2026-09-17 04:45:00,286.09,286.34,286.09,286.26,730.0
2026-09-17 05:00:00,286.19,286.4,286.19,286.33,2139.0
2026-09-17 05:15:00,286.3,286.3,286.195,286.195,417.0
2026-09-17 05:30:00,286.27,286.35,286.27,286.33,77.0
2026-09-17 05:45:00,286.31,286.31,286.08,286.11,2201.0
2026-09-17 06:00:00,286.15,286.36,286.15,286.32,5411.0
2026-09-17 06:15:00,286.26,286.41,286.26,286.36,1119.0
2026-09-17 06:30:00,286.46,286.47,286.28,286.31,1234.0
2026-09-17 06:45:00,286.35,286.52,286.32,286.52,709.0
2026-09-17 07:00:00,286.47,286.8,286.4003,286.45,16336.0
2026-09-17 07:15:00,286.65,286.82,286.54,286.6228,11223.0
2026-09-17 07:30:00,286.6,286.65,286.39,286.45,3420.0
2026-09-17 07:45:00,286.36,287.09,286.28,287.0802,11137.0
2026-09-17 08:00:00,287.01,287.3,286.63,287.25,27292.0
2026-09-17 08:15:00,287.3,288.04,287.265,287.99,26245.0
2026-09-17 08:30:00,287.99,288.1054,287.8,287.8,44934.0
2026-09-17 08:45:00,287.76,287.93,287.69,287.91,32362.0
2026-09-17 09:00:00,288.0,288.16,287.97,288.0885,61473.0
2026-09-17 09:15:00,288.09,288.16,287.66,287.98,18101.0
2026-09-18 04:00:00,286.14,286.25,285.9969,286.02,4664.0
2026-09-18 04:15:00,285.9964,285.9964,285.73,285.73,362.0
2026-09-18 04:30:00,285.75,285.8092,285.75,285.79,199.0
2026-09-18 04:45:00,285.781,285.8,285.71,285.71,2202.0
2026-09-18 05:00:00,285.69,285.77,285.65,285.75,2850.0
2026-09-18 05:15:00,285.7792,285.7792,285.7792,285.7792,1.0
2026-09-18 05:30:00,285.66,285.66,285.6,285.6192,196.0
2026-09-18 05:45:00,285.49,285.52,285.38,285.38,26.0
2026-09-18 06:00:00,285.39,285.39,285.39,285.39,2.0
2026-09-18 06:15:00,285.46,285.46,285.28,285.28,1102.0
2026-09-18 06:30:00,285.46,285.56,285.46,285.56,471.0
2026-09-18 07:00:00,285.43,285.6285,285.1329,285.1329,9593.0
2026-09-18 07:15:00,285.13,285.13,284.81,284.83,9783.0
2026-09-18 07:30:00,285.09,285.12,284.79,284.79,2960.0
2026-09-18 07:45:00,284.85,284.8895,284.77,284.8672,1801.0
2026-09-18 08:00:00,284.8735,284.89,284.43,284.43,8993.0
2026-09-18 08:15:00,284.51,284.6112,284.2546,284.4559,4311.0
2026-09-18 08:30:00,284.39,284.64,284.36,284.54,3254.0
2026-09-18 08:45:00,284.53,284.54,284.413,284.51,5630.0
2026-09-18 09:00:00,284.51,284.5354,284.4388,284.52,2091.0
2026-09-18 09:15:00,284.39,284.98,284.19,284.98,36443.0
2026-09-21 04:00:00,285.36,285.64,285.221,285.59,4617.0
2026-09-21 04:15:00,285.581,285.69,285.58,285.69,648.0
2026-09-21 04:30:00,285.68,285.77,285.63,285.66,558.0
2026-09-21 04:45:00,285.6839,285.6839,285.54,285.54,35.0
2026-09-21 05:00:00,285.5,285.5,285.36,285.42,1040.0
2026-09-21 05:15:00,285.43,285.43,285.33,285.36,1243.0
2026-09-21 05:30:00,285.37,285.44,285.3623,285.3724,379.0
2026-09-21 05:45:00,285.4491,285.7,285.4,285.7,723.0
2026-09-21 06:00:00,285.72,285.8493,285.72,285.81,679.0
2026-09-21 06:15:00,285.98,286.0523,285.97,286.0523,504.0
2026-09-21 06:30:00,286.16,286.23,286.13,286.23,260.0
2026-09-21 06:45:00,286.15,286.38,286.15,286.38,268.0
2026-09-21 07:00:00,286.14,286.2,286.0701,286.0846,1687.0
2026-09-21 07:15:00,286.07,286.205,286.035,286.205,5030.0
2026-09-21 07:30:00,286.1801,286.4546,286.1801,286.3862,5851.0
2026-09-21 07:45:00,286.3438,286.5,286.34,286.3805,14407.0
2026-09-21 08:00:00,286.369,286.44,286.22,286.28,10132.0
2026-09-21 08:15:00,286.16,286.2586,286.03,286.2,9966.0
2026-09-21 08:30:00,286.23,286.34,286.14,286.33,4288.0
2026-09-21 08:45:00,286.34,286.34,286.0,286.11,13281.0
2026-09-21 09:00:00,286.18,286.41,286.17,286.4054,8654.0
2026-09-21 09:15:00,286.36,286.59,286.2,286.26,98778.0
2026-09-22 04:00:00,284.91,284.91,284.61,284.71,8257.0
2026-09-22 04:15:00,284.5541,284.8,284.4873,284.4873,1295.0
2026-09-22 04:30:00,284.3773,285.3628,284.34,285.34,784.0
2026-09-22 04:45:00,285.3838,286.23,285.37,286.088,6813.0
2026-09-22 05:00:00,286.01,286.0807,285.7,285.89,12424.0
2026-09-22 05:15:00,285.94,286.07,285.8856,285.8856,3575.0
2026-09-22 05:30:00,285.88,286.031,285.88,286.031,691.0
2026-09-22 05:45:00,286.03,287.04,286.03,286.81,13007.0
2026-09-22 06:00:00,286.81,287.16,286.77,287.0833,4336.0
2026-09-22 06:15:00,287.08,287.11,286.84,286.95,5573.0
2026-09-22 06:30:00,286.92,287.21,286.85,287.21,6352.0
2026-09-22 06:45:00,287.25,287.41,287.2,287.255,1451.0
2026-09-22 07:00:00,287.09,287.1846,286.62,286.62,12121.0
2026-09-22 07:15:00,286.6759,287.07,286.6759,286.93,1648.0
2026-09-22 07:30:00,286.9507,287.3654,286.93,287.36,5647.0
2026-09-22 07:45:00,287.35,287.57,287.1794,287.199,4145.0
2026-09-22 08:00:00,287.1131,287.37,287.01,287.0992,3433.0
2026-09-22 08:15:00,287.0454,287.46,286.87,287.46,4559.0
2026-09-22 08:30:00,287.47,287.765,287.37,287.59,14204.0
2026-09-22 08:45:00,287.61,287.6328,287.42,287.52,15518.0
2026-09-22 09:00:00,287.52,288.2,287.52,288.15,21381.0
2026-09-22 09:15:00,288.1824,288.22,287.61,287.78,38184.0
2026-09-23 04:00:00,286.83,286.94,286.65,286.85,5773.0
2026-09-23 04:15:00,286.68,286.73,286.66,286.66,197.0
2026-09-23 04:30:00,286.66,286.71,286.5051,286.51,4706.0
2026-09-23 04:45:00,286.58,286.64,286.5799,286.64,1726.0
2026-09-23 05:00:00,286.47,286.48,286.43,286.43,632.0
2026-09-23 05:15:00,286.26,286.51,286.26,286.51,211.0
2026-09-23 05:45:00,286.33,286.42,286.23,286.35,2533.0
2026-09-23 06:00:00,286.359,286.5,286.359,286.5,1122.0
2026-09-23 06:15:00,286.38,286.44,286.37,286.44,1036.0
2026-09-23 06:30:00,286.44,286.46,286.25,286.25,332.0
2026-09-23 06:45:00,286.2,286.28,286.2,286.28,83.0
2026-09-23 07:00:00,286.305,286.3668,286.11,286.2068,1345.0
2026-09-23 07:15:00,286.2757,286.3145,285.91,285.91,5696.0
2026-09-23 07:30:00,285.9445,285.9445,285.48,285.6,35865.0
2026-09-23 07:45:00,285.66,285.85,285.66,285.85,5696.0
2026-09-23 08:00:00,285.84,285.86,285.47,285.53,10967.0
2026-09-23 08:15:00,285.52,285.65,285.47,285.64,18764.0
2026-09-23 08:30:00,285.65,285.9254,285.6,285.8285,7334.0
2026-09-23 08:45:00,285.825,285.8968,285.73,285.81,5872.0
2026-09-23 09:00:00,285.82,285.82,285.55,285.72,4939.0
2026-09-23 09:15:00,285.7,286.02,285.62,285.93,34898.0
2026-09-24 04:00:00,281.6685,281.6685,280.73,280.79,15825.0
2026-09-24 04:15:00,280.83,281.019,280.73,280.86,7855.0
2026-09-24 04:30:00,280.89,281.17,280.8,280.99,1934.0
2026-09-24 04:45:00,281.021,281.021,280.82,280.82,2134.0
2026-09-24 05:00:00,281.085,281.27,280.96,280.96,655.0
2026-09-24 05:15:00,280.95,281.1,280.88,280.88,3589.0
2026-09-24 05:30:00,280.9,280.9,280.5,280.52,2366.0
2026-09-24 05:45:00,280.61,280.7,280.5,280.7,37144.0
2026-09-24 06:00:00,280.7507,280.8058,280.44,280.75,5532.0
2026-09-24 06:15:00,280.72,280.86,280.59,280.59,6381.0
2026-09-24 06:30:00,280.52,281.0386,280.52,281.01,7453.0
2026-09-24 06:45:00,281.02,281.4,281.02,281.08,1165.0
2026-09-24 07:00:00,281.15,281.24,280.9,281.05,15782.0
2026-09-24 07:15:00,281.02,281.2791,280.98,281.1173,14721.0
2026-09-24 07:30:00,281.15,281.2,280.65,280.66,14705.0
2026-09-24 07:45:00,280.69,281.09,280.5495,280.97,30211.0
2026-09-24 08:00:00,280.96,281.13,280.85,281.0,4600.0
2026-09-24 08:15:00,281.05,281.2,280.86,281.02,7360.0
2026-09-24 08:30:00,280.99,281.12,280.51,280.89,7689.0
2026-09-24 08:45:00,280.98,281.12,280.84,281.01,10704.0
2026-09-24 09:00:00,281.06,281.23,280.975,281.09,6975.0
2026-09-24 09:15:00,281.1645,281.3915,281.09,281.11,29834.0
2026-09-25 04:00:00,282.25,282.37,282.05,282.37,2328.0
2026-09-25 04:15:00,282.41,282.49,282.19,282.49,1177.0
2026-09-25 04:30:00,282.55,282.55,282.42,282.42,442.0
2026-09-25 04:45:00,282.71,282.86,282.63,282.84,2180.0
2026-09-25 05:00:00,282.76,282.82,282.67,282.72,1081.0
2026-09-25 05:15:00,282.68,282.73,282.48,282.48,1069.0
2026-09-25 05:30:00,282.43,282.59,282.43,282.5277,272.0
2026-09-25 05:45:00,282.4,282.45,282.35,282.45,1649.0
2026-09-25 06:00:00,282.44,282.45,282.29,282.44,820.0
2026-09-25 06:15:00,282.51,282.52,282.48,282.48,469.0
2026-09-25 06:30:00,282.45,282.48,282.27,282.27,745.0
2026-09-25 06:45:00,282.25,282.31,282.18,282.31,246.0
2026-09-25 07:00:00,282.2611,283.01,282.2604,282.9842,30239.0
2026-09-25 07:15:00,283.1,283.18,282.9532,282.9532,4113.0
2026-09-25 07:30:00,282.88,283.19,282.73,282.8,7267.0
2026-09-25 07:45:00,282.82,282.84,282.71,282.71,913.0
2026-09-25 08:00:00,282.84,282.86,282.48,282.5839,4428.0
2026-09-25 08:15:00,282.6245,282.78,282.4,282.6,11859.0
2026-09-25 08:30:00,282.56,282.6,282.3077,282.4832,34796.0
2026-09-25 08:45:00,282.34,282.79,282.22,282.3738,18766.0
2026-09-25 09:00:00,282.39,282.55,282.33,282.53,8645.0
2026-09-25 09:15:00,282.54,282.54,282.05,282.08,14795.0
2026-09-28 04:00:00,280.22,280.88,280.22,280.88,9479.0
2026-09-28 04:15:00,280.88,280.98,280.54,280.64,2323.0
2026-09-28 04:30:00,280.53,280.53,280.2429,280.3144,890.0
2026-09-28 04:45:00,280.3787,280.47,280.355,280.3716,629.0
2026-09-28 05:00:00,280.31,280.56,279.99,280.01,4896.0
2026-09-28 05:15:00,280.25,280.36,280.1992,280.1992,505.0
2026-09-28 05:30:00,280.25,280.31,280.12,280.31,937.0
2026-09-28 05:45:00,280.37,280.42,280.13,280.13,7136.0
2026-09-28 06:00:00,280.18,280.2557,279.88,280.04,1929.0
2026-09-28 06:15:00,280.2,280.2,280.1171,280.13,159.0
2026-09-28 06:30:00,280.074,280.074,280.074,280.074,7.0
2026-09-28 06:45:00,280.23,280.58,280.16,280.16,7949.0
2026-09-28 07:00:00,280.14,280.46,279.99,280.06,34139.0
2026-09-28 07:15:00,280.1054,280.44,280.02,280.35,29784.0
2026-09-28 07:30:00,280.28,280.29,280.17,280.233,5072.0
2026-09-28 07:45:00,280.28,280.3468,280.13,280.18,1018.0
2026-09-28 08:00:00,280.186,280.86,279.92,280.5,14692.0
2026-09-28 08:15:00,280.56,280.95,280.44,280.55,9790.0
2026-09-28 08:30:00,280.5602,280.69,280.39,280.58,10120.0
2026-09-28 08:45:00,280.62,280.77,280.49,280.71,4101.0
2026-09-28 09:00:00,280.64,280.64,280.19,280.34,7793.0
2026-09-28 09:15:00,280.34,280.53,280.09,280.21,22674.0
2026-09-29 04:00:00,279.739,279.87,279.59,279.6107,4357.0
2026-09-29 04:15:00,279.72,279.88,279.72,279.73,64.0
2026-09-29 04:30:00,279.81,279.99,279.74,279.99,470.0
2026-09-29 04:45:00,279.99,280.04,279.83,280.02,4334.0
2026-09-29 05:00:00,280.0,280.0,279.77,279.85,284.0
2026-09-29 05:30:00,279.64,279.73,279.59,279.73,1740.0
2026-09-29 05:45:00,279.81,279.96,279.615,279.615,2893.0
2026-09-29 06:00:00,279.65,280.01,279.65,280.01,444.0
2026-09-29 06:15:00,279.815,280.12,279.79,280.12,3824.0
2026-09-29 06:30:00,280.12,280.18,280.06,280.15,2426.0
2026-09-29 06:45:00,280.2,280.46,280.2,280.46,8509.0
2026-09-29 07:00:00,280.6201,280.99,280.61,280.61,23781.0
2026-09-29 07:15:00,280.7028,281.0307,280.65,280.92,3029.0
2026-09-29 07:30:00,280.9,281.0476,280.7,280.7751,6170.0
2026-09-29 07:45:00,280.8,281.32,280.67,281.0876,16050.0
2026-09-29 08:00:00,281.14,281.29,280.8103,280.8355,8520.0
2026-09-29 08:15:00,280.89,281.05,280.51,280.6642,9865.0
2026-09-29 08:30:00,280.75,280.79,280.5732,280.66,3952.0
2026-09-29 08:45:00,280.68,280.68,280.3915,280.43,2146.0
2026-09-29 09:00:00,280.53,280.62,280.37,280.62,1122.0
2026-09-29 09:15:00,280.55,280.64,280.25,280.29,13893.0
2026-09-30 04:00:00,279.53,280.14,279.53,280.01,4233.0
2026-09-30 04:15:00,279.9,279.99,279.9,279.99,2288.0
2026-09-30 04:30:00,279.87,280.07,279.72,279.72,1159.0
2026-09-30 04:45:00,279.81,279.81,279.53,279.53,263.0
2026-09-30 05:00:00,279.55,279.6,279.32,279.48,6390.0
2026-09-30 05:15:00,279.55,279.57,279.24,279.27,3081.0
2026-09-30 05:30:00,279.29,279.5,279.11,279.15,3555.0
2026-09-30 05:45:00,279.16,279.19,279.0823,279.1,4275.0
2026-09-30 06:00:00,279.1,279.14,278.94,278.94,6589.0
2026-09-30 06:15:00,278.86,279.03,278.82,278.82,18579.0
2026-09-30 06:30:00,278.79,278.91,278.75,278.8295,15433.0
2026-09-30 06:45:00,278.72,278.85,278.67,278.85,5581.0
2026-09-30 07:00:00,278.7754,278.7754,278.19,278.33,8634.0
2026-09-30 07:15:00,278.32,278.8046,278.2,278.8046,4026.0
2026-09-30 07:30:00,278.75,278.94,278.7207,278.789,3020.0
2026-09-30 07:45:00,278.77,278.9,278.456,278.8995,4627.0
2026-09-30 08:00:00,278.8262,278.91,278.62,278.87,6924.0
2026-09-30 08:15:00,278.72,279.433,278.52,279.433,16829.0
2026-09-30 08:30:00,279.42,281.55,279.42,280.4,231682.0
2026-09-30 08:45:00,280.39,280.52,279.9,280.13,45190.0
2026-09-30 09:00:00,280.11,280.66,280.11,280.27,25591.0
2026-09-30 09:15:00,280.29,280.41,279.87,280.0,36491.0
