time_et,open,high,low,close,volume
2025-11-18 05:00:00,602.52,602.65,601.4,601.46,16568.0
2025-11-18 05:15:00,601.37,602.07,601.37,601.58,5736.0
2025-11-18 05:30:00,601.64,602.26,601.3,601.51,9665.0
2025-11-18 05:45:00,601.67,602.45,601.5,602.26,8685.0
2025-11-18 06:00:00,602.16,602.43,601.31,601.35,11668.0
2025-11-18 06:15:00,601.4,601.95,601.11,601.59,14177.0
2025-11-18 06:30:00,601.53,601.64,600.66,600.94,21635.0
2025-11-18 06:45:00,600.93,601.6,600.67,601.6,14273.0
2025-11-18 07:00:00,601.57,601.57,599.24,599.37,61101.0
2025-11-18 07:15:00,599.33,600.65,599.28,599.7,56110.0
2025-11-18 07:30:00,599.7,600.63,599.65,599.82,37214.0
2025-11-18 07:45:00,599.73,599.87,598.2,598.99,85953.0
2025-11-18 08:00:00,599.01,600.58,599.01,600.315,171193.0
2025-11-18 08:15:00,600.315,600.87,599.37,599.53,62842.0
2025-11-18 08:30:00,599.53,600.9,599.38,599.71,54303.0
2025-11-18 08:45:00,599.66,600.77,599.49,599.9499,50403.0
2025-11-18 09:00:00,599.88,600.56,599.55,599.99,68392.0
2025-11-18 09:15:00,600.03,600.26,599.05,599.38,87176.0
2025-11-19 04:00:00,596.54,597.63,596.09,597.63,12163.0
2025-11-19 04:15:00,597.59,597.68,597.27,597.56,10942.0
2025-11-19 04:30:00,597.49,597.93,597.2,597.92,9445.0
2025-11-19 04:45:00,597.85,598.77,597.73,598.61,12768.0
2025-11-19 05:00:00,598.64,598.73,598.31,598.66,9306.0
2025-11-19 05:15:00,598.64,599.35,598.59,599.17,14562.0
2025-11-19 05:30:00,599.17,599.19,598.5,599.05,13560.0
2025-11-19 05:45:00,599.02,599.43,598.67,599.24,13138.0
2025-11-19 06:00:00,599.28,600.0,599.14,599.52,13111.0
2025-11-19 06:15:00,599.52,599.78,599.3,599.4,6756.0
2025-11-19 06:30:00,599.37,599.66,598.96,599.44,13551.0
2025-11-19 06:45:00,599.51,599.89,599.0,599.09,10342.0
2025-11-19 07:00:00,599.03,599.29,598.6,599.25,25651.0
2025-11-19 07:15:00,599.24,599.44,598.8,599.23,28631.0
2025-11-19 07:30:00,599.26,599.74,599.26,599.48,25410.0
2025-11-19 07:45:00,599.4,599.68,599.09,599.09,27179.0
2025-11-19 08:00:00,599.08,599.42,597.78,598.03,210215.0
2025-11-19 08:15:00,598.01,598.87,597.94,598.86,66967.0
2025-11-19 08:30:00,598.9191,599.41,598.24,598.5,52496.0
2025-11-19 08:45:00,598.55,598.9301,598.16,598.34,53189.0
2025-11-19 09:00:00,598.32,598.66,597.41,597.46,104065.0
2025-11-19 09:15:00,597.46,597.95,596.97,597.09,128762.0
2025-11-20 04:00:00,609.84,610.05,609.23,609.65,15336.0
2025-11-20 04:15:00,609.63,609.75,608.37,608.37,5418.0
2025-11-20 04:30:00,608.37,608.74,608.16,608.4,12989.0
2025-11-20 04:45:00,608.28,608.34,607.74,607.98,20602.0
2025-11-20 05:00:00,608.0,608.07,607.13,607.33,13222.0
2025-11-20 05:15:00,607.45,608.65,607.45,608.37,9484.0
2025-11-20 05:30:00,608.4,608.97,608.4,608.94,7112.0
2025-11-20 05:45:00,608.97,609.58,608.82,609.27,14889.0
2025-11-20 06:00:00,609.22,609.3,608.0,608.66,23271.0
2025-11-20 06:15:00,608.57,608.72,607.71,608.15,15337.0
2025-11-20 06:30:00,608.2,609.6,608.14,609.54,44704.0
2025-11-20 06:45:00,609.52,609.56,608.18,608.71,41481.0
2025-11-20 07:00:00,608.69,608.92,608.04,608.35,26339.0
2025-11-20 07:15:00,608.31,609.22,608.26,608.74,20045.0
2025-11-20 07:30:00,608.81,609.6,608.76,609.31,19892.0
2025-11-20 07:45:00,609.35,610.32,609.3,610.24,22627.0
2025-11-20 08:00:00,610.28,610.88,610.1505,610.65,193333.0
2025-11-20 08:15:00,610.69,610.82,609.45,610.0,148658.0
2025-11-20 08:30:00,610.0,612.39,609.8,611.29,263854.0
2025-11-20 08:45:00,611.3295,612.91,611.0,612.0884,229663.0
2025-11-20 09:00:00,612.13,612.52,611.33,611.555,101337.0
2025-11-20 09:15:00,611.57,612.29,611.3406,611.71,138409.0
2025-11-21 04:00:00,587.53,587.82,587.02,587.18,22839.0
2025-11-21 04:15:00,587.1,587.19,585.18,585.76,31910.0
2025-11-21 04:30:00,585.85,586.07,584.08,584.08,29763.0
2025-11-21 04:45:00,584.0,584.63,583.29,583.4,31616.0
2025-11-21 05:00:00,583.44,583.44,580.85,581.75,60330.0
2025-11-21 05:15:00,581.8,581.8,580.25,580.36,32236.0
2025-11-21 05:30:00,580.57,584.25,580.57,583.31,39065.0
2025-11-21 05:45:00,583.31,584.85,583.29,584.75,42557.0
2025-11-21 06:00:00,584.85,586.17,584.5,586.06,58184.0
2025-11-21 06:15:00,586.1,586.25,584.57,584.57,60152.0
2025-11-21 06:30:00,584.7,585.1,584.0,584.77,35052.0
2025-11-21 06:45:00,584.6,584.71,582.81,583.73,59448.0
2025-11-21 07:00:00,583.93,584.36,581.85,582.98,102714.0
2025-11-21 07:15:00,582.99,583.36,581.4,581.71,87707.0
2025-11-21 07:30:00,581.75,587.17,581.75,586.81,388529.0
2025-11-21 07:45:00,586.79,588.9,586.78,587.19,266173.0
2025-11-21 08:00:00,587.22,588.02,586.07,587.93,540645.0
2025-11-21 08:15:00,587.89,589.63,587.2,587.29,277640.0
2025-11-21 08:30:00,587.34,589.31,587.32,588.84,152860.0
2025-11-21 08:45:00,588.81,589.22,588.03,588.51,125685.0
2025-11-21 09:00:00,588.4,589.036,587.61,588.49,113222.0
2025-11-21 09:15:00,588.51,588.51,586.95,587.36,151551.0
2025-11-24 04:00:00,596.0,596.24,594.97,595.08,22048.0
2025-11-24 04:15:00,595.24,595.5,591.57,591.61,24946.0
2025-11-24 04:30:00,591.55,593.4,591.5,592.62,17322.0
2025-11-24 04:45:00,592.8,593.29,592.6,592.88,9217.0
2025-11-24 05:00:00,592.63,593.19,592.04,592.38,7200.0
2025-11-24 05:15:00,592.41,593.02,592.0,592.27,6494.0
2025-11-24 05:30:00,592.23,592.81,591.4,592.63,14979.0
2025-11-24 05:45:00,592.5,592.92,592.12,592.29,12039.0
2025-11-24 06:00:00,592.46,592.54,591.76,592.1,10871.0
2025-11-24 06:15:00,592.05,592.87,591.93,592.55,8160.0
2025-11-24 06:30:00,592.79,593.12,592.19,592.97,8860.0
2025-11-24 06:45:00,592.94,593.78,592.72,593.64,63196.0
2025-11-24 07:00:00,593.54,593.72,592.9,593.04,22889.0
2025-11-24 07:15:00,593.05,594.5,592.84,594.23,19393.0
2025-11-24 07:30:00,594.33,594.64,593.88,593.99,39570.0
2025-11-24 07:45:00,594.2,595.06,594.07,594.86,50550.0
2025-11-24 08:00:00,594.79,595.87,594.69,595.85,117424.0
2025-11-24 08:15:00,595.835,596.1225,595.34,595.99,82013.0
2025-11-24 08:30:00,595.96,596.24,595.45,595.61,64352.0
2025-11-24 08:45:00,595.58,595.7,594.51,594.71,62188.0
2025-11-24 09:00:00,594.65,596.48,594.626,596.39,72262.0
2025-11-24 09:15:00,596.36,596.36,595.19,595.25,114989.0
2025-11-25 04:00:00,603.66,604.49,603.6,604.04,20051.0
2025-11-25 04:15:00,604.02,604.02,602.79,602.81,13698.0
2025-11-25 04:30:00,602.79,603.71,602.65,603.7,22868.0
2025-11-25 04:45:00,603.75,603.84,603.21,603.51,19896.0
2025-11-25 05:00:00,603.55,603.92,603.18,603.69,15428.0
2025-11-25 05:15:00,603.75,603.87,603.33,603.61,10525.0
2025-11-25 05:30:00,603.57,604.16,603.0,603.72,9526.0
2025-11-25 05:45:00,603.81,604.35,603.72,604.19,9963.0
2025-11-25 06:00:00,604.24,604.49,603.93,604.29,12481.0
2025-11-25 06:15:00,604.28,604.28,603.67,603.71,10333.0
2025-11-25 06:30:00,603.72,603.72,603.25,603.6,9938.0
2025-11-25 06:45:00,603.55,603.91,603.2,603.85,9942.0
2025-11-25 07:00:00,603.89,605.37,603.73,605.2,37080.0
2025-11-25 07:15:00,605.18,605.37,604.64,605.36,23536.0
2025-11-25 07:30:00,605.28,606.37,604.13,605.39,60826.0
2025-11-25 07:45:00,605.38,605.759,604.47,604.8,55604.0
2025-11-25 08:00:00,604.8,605.405,604.614,604.81,137157.0
2025-11-25 08:15:00,604.78,605.7398,604.715,605.455,73351.0
2025-11-25 08:30:00,605.4,605.9,603.9358,603.99,129351.0
2025-11-25 08:45:00,603.925,604.84,603.9008,604.15,84097.0
2025-11-25 09:00:00,604.16,604.346,603.27,603.73,104928.0
2025-11-25 09:15:00,603.7,603.7572,603.15,603.55,94516.0
2025-11-26 04:00:00,611.23,611.35,610.87,611.06,19535.0
2025-11-26 04:15:00,611.0,611.33,610.49,610.59,12697.0
2025-11-26 04:30:00,610.71,611.18,610.7,611.0,6994.0
2025-11-26 04:45:00,611.02,611.13,610.5,610.72,5633.0
2025-11-26 05:00:00,610.74,611.66,610.71,611.57,7088.0
2025-11-26 05:15:00,611.51,611.68,611.31,611.31,7451.0
2025-11-26 05:30:00,611.3,611.87,611.02,611.54,10900.0
2025-11-26 05:45:00,611.57,612.06,611.51,611.89,11679.0
2025-11-26 06:00:00,611.91,612.0,611.67,611.88,13071.0
2025-11-26 06:15:00,611.93,612.34,611.76,612.02,8325.0
2025-11-26 06:30:00,612.07,612.16,611.45,611.85,8874.0
2025-11-26 06:45:00,611.94,612.16,611.35,611.45,12311.0
2025-11-26 07:00:00,611.44,611.56,610.1,610.36,37239.0
2025-11-26 07:15:00,610.35,610.62,610.039,610.55,27453.0
2025-11-26 07:30:00,610.45,611.0,610.1,610.9,15649.0
2025-11-26 07:45:00,610.86,611.5,610.86,611.38,16670.0
2025-11-26 08:00:00,611.2988,611.76,611.2,611.67,179647.0
2025-11-26 08:15:00,611.67,612.15,611.565,611.9,40220.0
2025-11-26 08:30:00,611.8761,612.23,611.31,611.7801,63228.0
2025-11-26 08:45:00,611.81,612.42,611.69,612.29,70701.0
2025-11-26 09:00:00,612.28,612.28,611.44,611.785,50201.0
2025-11-26 09:15:00,611.7997,612.69,611.67,612.51,70962.0
2025-11-28 04:00:00,616.73,617.03,616.21,616.26,7589.0
2025-11-28 04:15:00,616.28,616.73,616.24,616.73,1854.0
2025-11-28 04:30:00,616.73,617.13,616.7,616.97,7936.0
2025-11-28 04:45:00,616.97,617.0,616.8,616.83,2407.0
2025-11-28 05:00:00,616.88,616.9,616.75,616.81,3077.0
2025-11-28 05:15:00,616.85,616.99,616.8,616.99,4448.0
2025-11-28 05:30:00,616.96,617.09,616.92,616.98,1958.0
2025-11-28 05:45:00,616.98,616.99,616.91,616.99,3873.0
2025-11-28 06:00:00,616.99,617.1,616.91,617.04,2969.0
2025-11-28 06:15:00,617.01,617.1,616.82,616.9,3970.0
2025-11-28 06:30:00,616.9,616.98,616.83,616.83,2327.0
2025-11-28 06:45:00,616.84,616.85,616.75,616.85,2805.0
2025-11-28 07:00:00,616.8,617.15,616.68,617.15,9994.0
2025-11-28 07:15:00,617.19,617.56,617.19,617.5,9815.0
2025-11-28 07:30:00,617.53,617.53,617.17,617.17,6182.0
2025-11-28 07:45:00,617.2,617.38,617.0,617.37,5561.0
2025-11-28 08:00:00,617.35,617.44,617.04,617.13,53786.0
2025-11-28 08:15:00,617.13,617.13,616.5,616.5,21089.0
2025-11-28 08:30:00,616.54,616.93,616.24,616.76,48954.0
2025-11-28 08:45:00,616.74,616.9,616.45,616.46,37922.0
2025-11-28 09:00:00,616.49,616.81,616.39,616.46,21964.0
2025-11-28 09:15:00,616.42,616.5983,615.85,616.125,36308.0
2025-12-01 04:00:00,614.7,615.69,614.7,615.26,14217.0
2025-12-01 04:15:00,615.23,615.46,614.8,615.16,8372.0
2025-12-01 04:30:00,615.13,615.13,614.35,614.53,9599.0
2025-12-01 04:45:00,614.69,614.69,614.06,614.26,26007.0
2025-12-01 05:00:00,614.36,615.16,614.33,614.98,7362.0
2025-12-01 05:15:00,615.06,615.28,614.78,615.04,5686.0
2025-12-01 05:30:00,615.02,615.38,614.85,615.36,5285.0
2025-12-01 05:45:00,615.43,615.46,614.88,615.04,5392.0
2025-12-01 06:00:00,614.86,615.08,614.43,615.06,7611.0
2025-12-01 06:15:00,615.06,615.14,614.64,614.78,8317.0
2025-12-01 06:30:00,614.75,614.87,614.23,614.3,7905.0
2025-12-01 06:45:00,614.32,614.83,614.32,614.63,12192.0
2025-12-01 07:00:00,614.61,614.83,613.48,613.79,38512.0
2025-12-01 07:15:00,613.87,614.01,613.4,613.55,37308.0
2025-12-01 07:30:00,613.61,613.61,613.06,613.2,45799.0
2025-12-01 07:45:00,613.15,613.31,612.6,612.929,46723.0
2025-12-01 08:00:00,612.95,613.63,612.645,613.5,253355.0
2025-12-01 08:15:00,613.505,613.79,613.23,613.44,59266.0
2025-12-01 08:30:00,613.4493,613.8,613.16,613.61,51328.0
2025-12-01 08:45:00,613.61,614.0,613.24,613.895,46315.0
2025-12-01 09:00:00,613.87,614.67,613.7,614.62,73525.0
2025-12-01 09:15:00,614.65,614.68,613.44,613.615,65635.0
2025-12-02 04:00:00,617.75,618.25,617.72,618.14,6705.0
2025-12-02 04:15:00,618.06,618.44,617.97,618.3,5845.0
2025-12-02 04:30:00,618.27,618.27,617.85,618.06,3712.0
2025-12-02 04:45:00,617.95,618.42,617.84,618.19,4331.0
2025-12-02 05:00:00,618.3,618.61,618.21,618.35,2460.0
2025-12-02 05:15:00,618.31,618.57,618.14,618.55,3704.0
2025-12-02 05:30:00,618.6,619.0,618.54,618.97,8009.0
2025-12-02 05:45:00,619.0,619.6,619.0,619.35,10694.0
2025-12-02 06:00:00,619.45,619.54,619.16,619.4,10028.0
2025-12-02 06:15:00,619.42,619.68,619.28,619.68,11070.0
2025-12-02 06:30:00,619.6,619.82,619.25,619.4,5999.0
2025-12-02 06:45:00,619.45,619.52,619.13,619.18,3191.0
2025-12-02 07:00:00,619.2,619.53,618.78,619.01,11856.0
2025-12-02 07:15:00,619.1,619.4,618.97,619.33,7588.0
2025-12-02 07:30:00,619.25,619.25,618.63,618.82,14293.0
2025-12-02 07:45:00,618.83,619.64,618.75,619.62,16303.0
2025-12-02 08:00:00,619.62,619.63,619.3,619.59,80232.0
2025-12-02 08:15:00,619.61,619.75,619.32,619.51,23942.0
2025-12-02 08:30:00,619.555,619.98,619.23,619.81,35346.0
2025-12-02 08:45:00,619.82,619.82,619.17,619.7805,38462.0
2025-12-02 09:00:00,619.85,620.18,619.7,619.85,79484.0
2025-12-02 09:15:00,619.8797,620.02,619.27,619.42,55540.0
2025-12-03 04:00:00,623.6,623.6,622.7,622.96,6941.0
2025-12-03 04:15:00,622.89,622.89,622.57,622.66,6436.0
2025-12-03 04:30:00,622.6,623.1,622.51,622.85,4826.0
2025-12-03 04:45:00,622.77,623.13,622.74,623.08,2496.0
2025-12-03 05:00:00,623.09,623.39,623.04,623.14,3035.0
2025-12-03 05:15:00,623.12,623.28,623.12,623.27,3019.0
2025-12-03 05:30:00,623.25,623.25,622.7,622.91,2720.0
2025-12-03 05:45:00,622.84,622.85,622.33,622.76,3674.0
2025-12-03 06:00:00,622.59,622.84,622.46,622.75,3658.0
2025-12-03 06:15:00,622.8,623.17,622.68,623.12,1740.0
2025-12-03 06:30:00,623.1,623.14,622.96,623.07,1953.0
2025-12-03 06:45:00,623.04,623.25,622.96,623.0,1772.0
2025-12-03 07:00:00,622.93,623.319,622.54,623.27,12394.0
2025-12-03 07:15:00,623.279,623.45,623.1,623.299,10114.0
2025-12-03 07:30:00,623.36,623.65,623.289,623.6,8481.0
2025-12-03 07:45:00,623.609,623.72,623.5,623.52,8949.0
2025-12-03 08:00:00,623.5512,624.0205,623.43,623.97,90642.0
2025-12-03 08:15:00,623.9,624.0,623.14,623.65,73320.0
2025-12-03 08:30:00,623.63,623.8,623.4,623.49,31706.0
2025-12-03 08:45:00,623.53,623.82,623.3,623.3304,40136.0
2025-12-03 09:00:00,623.34,623.43,617.8,618.08,835903.0
2025-12-03 09:15:00,618.1584,619.7,617.86,619.63,237399.0
2025-12-04 04:00:00,623.09,623.45,623.0,623.1,5416.0
2025-12-04 04:15:00,623.05,623.33,622.58,623.29,4739.0
2025-12-04 04:30:00,623.37,624.4,623.35,624.21,13713.0
2025-12-04 04:45:00,624.24,624.39,624.01,624.34,5644.0
2025-12-04 05:00:00,624.26,624.39,624.01,624.08,7516.0
2025-12-04 05:15:00,624.02,624.16,623.98,624.16,4322.0
2025-12-04 05:30:00,624.05,624.05,623.59,623.63,5280.0
2025-12-04 05:45:00,623.59,623.67,623.23,623.29,6635.0
2025-12-04 06:00:00,623.25,623.54,623.02,623.2,4269.0
2025-12-04 06:15:00,623.12,623.23,622.92,623.19,5415.0
2025-12-04 06:30:00,623.18,623.53,623.06,623.27,3612.0
2025-12-04 06:45:00,623.24,623.6,623.21,623.58,2632.0
2025-12-04 07:00:00,623.55,623.8,623.5,623.76,5454.0
2025-12-04 07:15:00,623.81,623.9,623.62,623.71,2517.0
2025-12-04 07:30:00,623.75,623.9,623.6,623.88,4608.0
2025-12-04 07:45:00,623.881,624.02,623.6,623.64,5508.0
2025-12-04 08:00:00,623.59,623.715,623.13,623.15,60735.0
2025-12-04 08:15:00,623.16,623.59,623.0857,623.535,13407.0
2025-12-04 08:30:00,623.7,623.78,622.9,623.195,35228.0
2025-12-04 08:45:00,623.18,623.25,622.65,623.0,51263.0
2025-12-04 09:00:00,623.1,625.43,623.1,625.225,265345.0
2025-12-04 09:15:00,625.23,625.31,624.39,624.91,128912.0
2025-12-05 04:00:00,625.51,625.72,625.17,625.24,25734.0
2025-12-05 04:15:00,625.25,625.58,625.21,625.57,3571.0
2025-12-05 04:30:00,625.59,625.59,625.06,625.11,4519.0
2025-12-05 04:45:00,625.18,625.38,625.17,625.38,1954.0
2025-12-05 05:00:00,625.33,625.68,625.22,625.42,11689.0
2025-12-05 05:15:00,625.4,625.54,625.36,625.51,3924.0
2025-12-05 05:30:00,625.52,625.65,625.42,625.64,3343.0
2025-12-05 05:45:00,625.6,625.6,625.24,625.3,2568.0
2025-12-05 06:00:00,625.24,625.48,625.02,625.34,5458.0
2025-12-05 06:15:00,625.41,625.55,625.19,625.47,3278.0
2025-12-05 06:30:00,625.3,625.41,625.26,625.37,1567.0
2025-12-05 06:45:00,625.34,625.4,625.34,625.34,516.0
2025-12-05 07:00:00,625.34,625.67,625.21,625.21,11298.0
2025-12-05 07:15:00,625.2,625.25,624.65,625.08,12482.0
2025-12-05 07:30:00,625.18,625.27,625.0,625.0,6711.0
2025-12-05 07:45:00,625.0,625.05,624.75,624.95,7190.0
2025-12-05 08:00:00,624.96,625.09,624.82,624.9827,56581.0
2025-12-05 08:15:00,624.98,624.98,624.3,624.6,36129.0
2025-12-05 08:30:00,624.53,624.61,622.64,622.805,115201.0
2025-12-05 08:45:00,622.8,623.09,621.99,622.81,157860.0
2025-12-05 09:00:00,622.79,623.71,622.75,623.71,49898.0
2025-12-05 09:15:00,623.73,624.47,623.5,624.37,85361.0
2025-12-08 04:00:00,626.81,627.18,626.74,627.12,5371.0
2025-12-08 04:15:00,627.08,627.31,626.87,627.27,4675.0
2025-12-08 04:30:00,627.26,627.33,626.9,626.93,1740.0
2025-12-08 04:45:00,626.84,626.93,626.69,626.73,2303.0
2025-12-08 05:00:00,626.85,626.9,626.5,626.8,3900.0
2025-12-08 05:15:00,626.82,627.12,626.63,627.11,3759.0
2025-12-08 05:30:00,627.13,627.33,627.07,627.17,9353.0
2025-12-08 05:45:00,627.16,627.29,627.12,627.22,2017.0
2025-12-08 06:00:00,627.22,627.25,626.92,627.25,3092.0
2025-12-08 06:15:00,627.13,627.25,626.72,626.72,1403.0
2025-12-08 06:30:00,626.79,626.92,626.72,626.9,1337.0
2025-12-08 06:45:00,626.87,627.04,626.79,626.85,700.0
2025-12-08 07:00:00,626.75,627.07,626.56,626.98,6437.0
2025-12-08 07:15:00,627.03,627.18,626.991,627.08,5360.0
2025-12-08 07:30:00,627.03,627.45,627.02,627.439,11487.0
2025-12-08 07:45:00,627.4,627.67,627.34,627.49,32220.0
2025-12-08 08:00:00,627.48,627.76,627.32,627.72,88587.0
2025-12-08 08:15:00,627.7299,628.19,627.38,627.605,42129.0
2025-12-08 08:30:00,627.63,627.63,627.04,627.5395,38082.0
2025-12-08 08:45:00,627.5303,627.75,627.36,627.64,31144.0
2025-12-08 09:00:00,627.66,627.97,627.57,627.8693,24325.0
2025-12-08 09:15:00,627.86,627.87,626.9898,627.22,58980.0
2025-12-09 04:00:00,624.8,624.83,624.38,624.51,6736.0
2025-12-09 04:15:00,624.51,624.51,624.04,624.21,3259.0
2025-12-09 04:30:00,624.2,624.38,623.83,623.95,3592.0
2025-12-09 04:45:00,624.06,624.2,623.9,623.95,1766.0
2025-12-09 05:00:00,623.94,624.42,623.92,624.38,3050.0
2025-12-09 05:15:00,624.38,624.76,624.29,624.69,4395.0
2025-12-09 05:30:00,624.7,624.82,622.68,623.99,32879.0
2025-12-09 05:45:00,624.01,624.4,623.53,624.3,9178.0
2025-12-09 06:00:00,624.27,624.27,623.51,623.7,6816.0
2025-12-09 06:15:00,623.7,624.24,623.4,624.24,4586.0
2025-12-09 06:30:00,624.2,624.51,624.01,624.41,3669.0
2025-12-09 06:45:00,624.4,624.52,624.26,624.3,8083.0
2025-12-09 07:00:00,624.34,624.41,624.1,624.25,6465.0
2025-12-09 07:15:00,624.15,624.25,624.0,624.14,10634.0
2025-12-09 07:30:00,624.18,624.21,623.8,623.85,6963.0
2025-12-09 07:45:00,623.8,624.34,623.71,624.09,10238.0
2025-12-09 08:00:00,624.09,624.1892,623.79,623.97,48374.0
2025-12-09 08:15:00,623.95,623.99,623.54,623.82,38087.0
2025-12-09 08:30:00,623.7899,623.8492,622.78,623.2,51486.0
2025-12-09 08:45:00,623.23,623.53,622.82,623.0191,25692.0
2025-12-09 09:00:00,622.99,623.22,622.6,622.755,22671.0
2025-12-09 09:15:00,622.75,623.1,622.3495,623.02,52762.0
2025-12-10 04:00:00,625.58,625.9,625.46,625.51,7432.0
2025-12-10 04:15:00,625.5,625.5,625.25,625.39,610.0
2025-12-10 04:30:00,625.5,625.5,625.26,625.37,2146.0
2025-12-10 04:45:00,625.31,625.52,625.31,625.38,784.0
2025-12-10 05:00:00,625.31,625.9,625.08,625.19,8022.0
2025-12-10 05:15:00,625.22,625.3,623.5,623.5,8950.0
2025-12-10 05:30:00,623.44,624.0,623.1,623.97,7322.0
2025-12-10 05:45:00,623.88,624.4,623.83,623.95,3296.0
2025-12-10 06:00:00,623.9,624.95,623.68,624.46,13625.0
2025-12-10 06:15:00,624.45,624.51,624.14,624.31,884.0
2025-12-10 06:30:00,624.26,624.42,624.07,624.09,10304.0
2025-12-10 06:45:00,624.05,624.45,624.05,624.28,5135.0
2025-12-10 07:00:00,624.33,624.33,623.49,623.65,10892.0
2025-12-10 07:15:00,623.739,623.86,623.56,623.86,7197.0
2025-12-10 07:30:00,623.78,623.93,623.39,623.55,8978.0
2025-12-10 07:45:00,623.59,623.9,623.44,623.89,4571.0
2025-12-10 08:00:00,623.84,624.295,623.7248,624.29,61757.0
2025-12-10 08:15:00,624.3,625.47,624.2108,625.26,56266.0
2025-12-10 08:30:00,625.27,625.52,624.58,624.67,33093.0
2025-12-10 08:45:00,624.72,624.8,624.39,624.47,25306.0
2025-12-10 09:00:00,624.47,624.67,623.89,624.25,58254.0
2025-12-10 09:15:00,624.26,624.32,623.6697,623.8005,43966.0
2025-12-11 04:00:00,621.16,622.12,621.04,622.06,12374.0
2025-12-11 04:15:00,622.15,622.64,621.82,622.44,13630.0
2025-12-11 04:30:00,622.37,622.75,622.25,622.5,6241.0
2025-12-11 04:45:00,622.53,623.3,622.48,622.81,11533.0
2025-12-11 05:00:00,622.96,623.03,622.35,623.03,8029.0
2025-12-11 05:15:00,623.05,623.19,622.66,622.84,7400.0
2025-12-11 05:30:00,622.94,622.94,622.57,622.6,7270.0
2025-12-11 05:45:00,622.6,622.88,622.59,622.73,4986.0
2025-12-11 06:00:00,622.75,623.08,622.59,622.94,5229.0
2025-12-11 06:15:00,622.99,622.99,622.75,622.89,2911.0
2025-12-11 06:30:00,622.9,622.96,622.65,622.9,5441.0
2025-12-11 06:45:00,622.92,623.49,622.84,623.31,11358.0
2025-12-11 07:00:00,623.34,623.91,623.23,623.84,15164.0
2025-12-11 07:15:00,623.86,624.69,623.83,624.65,23018.0
2025-12-11 07:30:00,624.63,625.2,624.51,624.94,23465.0
2025-12-11 07:45:00,624.9,625.17,624.69,625.0,21647.0
2025-12-11 08:00:00,625.0,625.19,624.34,624.61,150881.0
2025-12-11 08:15:00,624.62,624.81,624.4,624.57,23216.0
2025-12-11 08:30:00,624.54,624.685,623.57,623.7504,67541.0
2025-12-11 08:45:00,623.76,624.29,623.65,623.8,90724.0
2025-12-11 09:00:00,623.8032,624.6002,623.71,624.45,38768.0
2025-12-11 09:15:00,624.46,624.7,623.8,623.81,65797.0
2025-12-12 04:00:00,624.52,624.7,623.39,623.9,10880.0
2025-12-12 04:15:00,623.99,624.09,622.84,622.84,11223.0
2025-12-12 04:30:00,622.83,622.96,622.19,622.3,22826.0
2025-12-12 04:45:00,622.38,622.92,622.15,622.81,8474.0
2025-12-12 05:00:00,622.7,623.57,622.57,623.49,5983.0
2025-12-12 05:15:00,623.38,623.38,622.59,622.7,4307.0
2025-12-12 05:30:00,622.7,622.75,622.23,622.72,7210.0
2025-12-12 05:45:00,622.7,622.87,622.61,622.64,2945.0
2025-12-12 06:00:00,622.68,622.68,622.2,622.54,6018.0
2025-12-12 06:15:00,622.52,622.71,622.34,622.35,2557.0
2025-12-12 06:30:00,622.42,622.64,621.67,622.03,11043.0
2025-12-12 06:45:00,622.1,622.11,621.46,621.88,11016.0
2025-12-12 07:00:00,621.94,622.41,621.61,622.4,33550.0
2025-12-12 07:15:00,622.28,622.65,622.21,622.47,10351.0
2025-12-12 07:30:00,622.44,622.509,622.0,622.0,6341.0
2025-12-12 07:45:00,622.0,622.97,621.89,622.28,54138.0
2025-12-12 08:00:00,622.24,623.0,622.04,622.76,136679.0
2025-12-12 08:15:00,622.7764,623.03,622.62,622.73,21835.0
2025-12-12 08:30:00,622.761,622.87,622.5,622.64,115206.0
2025-12-12 08:45:00,622.63,623.6792,622.55,623.6792,47275.0
2025-12-12 09:00:00,623.65,623.82,623.13,623.1695,42092.0
2025-12-12 09:15:00,623.141,623.32,622.01,622.05,86429.0
2025-12-15 04:00:00,615.38,616.17,615.22,616.1,12907.0
2025-12-15 04:15:00,616.2,616.34,615.8,616.32,9542.0
2025-12-15 04:30:00,616.29,616.48,616.18,616.25,3782.0
2025-12-15 04:45:00,616.34,616.61,616.34,616.44,2619.0
2025-12-15 05:00:00,616.41,616.63,616.27,616.63,3129.0
2025-12-15 05:15:00,616.62,616.84,616.58,616.72,4194.0
2025-12-15 05:30:00,616.69,616.72,616.39,616.65,4983.0
2025-12-15 05:45:00,616.61,616.83,616.58,616.71,4176.0
2025-12-15 06:00:00,616.64,616.81,616.5,616.64,3388.0
2025-12-15 06:15:00,616.61,617.02,616.61,616.9,5751.0
2025-12-15 06:30:00,616.95,617.2,616.95,617.05,2388.0
2025-12-15 06:45:00,617.02,617.23,617.0,617.1,3201.0
2025-12-15 07:00:00,617.12,617.12,616.4,616.58,24110.0
2025-12-15 07:15:00,616.57,617.01,616.45,616.57,11985.0
2025-12-15 07:30:00,616.58,617.27,616.58,617.09,12422.0
2025-12-15 07:45:00,617.1,617.15,617.019,617.09,6912.0
2025-12-15 08:00:00,617.1,617.15,616.98,617.1397,105627.0
2025-12-15 08:15:00,617.1107,617.17,616.68,617.03,27690.0
2025-12-15 08:30:00,617.02,617.23,616.95,617.1462,43271.0
2025-12-15 08:45:00,617.1409,617.7995,617.1409,617.7485,63044.0
2025-12-15 09:00:00,617.69,618.09,617.64,618.04,47097.0
2025-12-15 09:15:00,618.04,618.37,617.52,618.37,100044.0
2025-12-16 04:00:00,605.96,608.06,605.96,608.06,19137.0
2025-12-16 04:15:00,608.06,608.1,607.67,607.67,9669.0
2025-12-16 04:30:00,607.67,608.02,607.48,607.58,7549.0
2025-12-16 04:45:00,607.66,607.7,606.63,607.0,16880.0
2025-12-16 05:00:00,607.02,607.71,606.64,607.69,5870.0
2025-12-16 05:15:00,607.75,608.3,607.75,608.22,6233.0
2025-12-16 05:30:00,608.25,609.01,607.95,609.01,13317.0
2025-12-16 05:45:00,609.08,609.14,608.26,608.53,6228.0
2025-12-16 06:00:00,608.53,608.71,608.29,608.47,4012.0
2025-12-16 06:15:00,608.48,608.5,608.25,608.5,33464.0
2025-12-16 06:30:00,608.56,609.15,608.27,609.01,6605.0
2025-12-16 06:45:00,609.0,609.66,608.85,609.66,6682.0
2025-12-16 07:00:00,609.63,610.11,609.39,610.03,23246.0
2025-12-16 07:15:00,610.06,610.27,609.82,610.01,15121.0
2025-12-16 07:30:00,610.03,610.36,609.8,610.03,17768.0
2025-12-16 07:45:00,610.049,610.24,609.66,609.77,18647.0
2025-12-16 08:00:00,609.75,609.99,608.975,609.415,105848.0
2025-12-16 08:15:00,609.4,610.15,608.9,609.64,87548.0
2025-12-16 08:30:00,609.71,611.83,609.221,609.26,280502.0
2025-12-16 08:45:00,609.25,610.12,608.43,608.7307,113994.0
2025-12-16 09:00:00,608.62,609.28,608.0936,608.92,117075.0
2025-12-16 09:15:00,608.8,609.64,608.11,608.2903,54326.0
2025-12-17 04:00:00,612.78,613.16,612.59,613.05,22572.0
2025-12-17 04:15:00,613.07,613.55,613.06,613.29,8971.0
2025-12-17 04:30:00,613.33,613.89,613.21,613.89,14134.0
2025-12-17 04:45:00,613.93,614.2,613.84,614.11,12826.0
2025-12-17 05:00:00,614.02,614.5,613.86,614.39,8668.0
2025-12-17 05:15:00,614.4,614.41,614.08,614.19,3966.0
2025-12-17 05:30:00,614.28,614.7,614.05,614.44,9371.0
2025-12-17 05:45:00,614.44,614.68,614.38,614.52,7266.0
2025-12-17 06:00:00,614.54,614.88,614.2,614.29,8313.0
2025-12-17 06:15:00,614.3,614.59,614.15,614.36,4749.0
2025-12-17 06:30:00,614.34,614.71,614.34,614.71,9561.0
2025-12-17 06:45:00,614.7,614.79,614.4,614.78,7719.0
2025-12-17 07:00:00,614.79,614.9,614.33,614.85,17031.0
2025-12-17 07:15:00,614.85,614.86,614.39,614.4,12719.0
2025-12-17 07:30:00,614.38,614.85,614.35,614.83,13134.0
2025-12-17 07:45:00,614.8,615.12,614.629,614.649,32423.0
2025-12-17 08:00:00,614.7,614.875,613.49,613.89,124330.0
2025-12-17 08:15:00,613.8592,614.31,612.45,613.63,235391.0
2025-12-17 08:30:00,613.55,613.71,613.06,613.62,69831.0
2025-12-17 08:45:00,613.63,614.75,613.4317,614.1054,115245.0
2025-12-17 09:00:00,614.07,614.48,613.25,613.2599,63453.0
2025-12-17 09:15:00,613.24,613.72,612.93,613.06,81463.0
2025-12-18 04:00:00,604.46,604.67,604.0,604.21,18963.0
2025-12-18 04:15:00,604.26,604.53,603.94,604.38,19183.0
2025-12-18 04:30:00,604.42,605.12,604.42,605.06,14992.0
2025-12-18 04:45:00,605.08,605.52,605.08,605.5,14931.0
2025-12-18 05:00:00,605.5,605.54,604.92,604.95,12162.0
2025-12-18 05:15:00,604.93,605.23,604.78,605.23,3692.0
2025-12-18 05:30:00,605.21,605.52,604.98,605.14,7108.0
2025-12-18 05:45:00,605.18,605.24,604.93,605.09,4438.0
2025-12-18 06:00:00,605.13,605.43,604.99,605.41,13804.0
2025-12-18 06:15:00,605.4,605.61,605.01,605.33,5273.0
2025-12-18 06:30:00,605.31,605.62,605.21,605.27,5818.0
2025-12-18 06:45:00,605.21,605.72,605.2,605.72,5024.0
2025-12-18 07:00:00,605.61,605.92,605.361,605.56,11074.0
2025-12-18 07:15:00,605.58,605.82,605.47,605.51,13644.0
2025-12-18 07:30:00,605.5,605.78,605.38,605.65,10791.0
2025-12-18 07:45:00,605.69,605.69,605.26,605.44,10685.0
2025-12-18 08:00:00,605.45,605.86,604.73,605.75,126844.0
2025-12-18 08:15:00,605.71,605.99,605.5,605.65,112709.0
2025-12-18 08:30:00,605.75,609.22,605.67,609.12,376143.0
2025-12-18 08:45:00,609.12,609.46,608.25,608.44,166441.0
2025-12-18 09:00:00,608.454,609.67,608.43,609.34,155211.0
2025-12-18 09:15:00,609.36,609.9,609.11,609.7989,126967.0
2025-12-19 04:00:00,612.29,612.65,611.95,612.2,11376.0
2025-12-19 04:15:00,612.25,612.76,612.0,612.7,5226.0
2025-12-19 04:30:00,612.65,612.81,612.35,612.43,7784.0
2025-12-19 04:45:00,612.41,612.61,612.29,612.61,5140.0
2025-12-19 05:00:00,612.54,612.56,611.92,612.39,6649.0
2025-12-19 05:15:00,612.39,612.54,612.34,612.43,1789.0
2025-12-19 05:30:00,612.31,612.46,611.98,612.29,3354.0
2025-12-19 05:45:00,612.32,612.52,611.95,612.05,2498.0
2025-12-19 06:00:00,611.95,612.07,611.0,611.73,6911.0
2025-12-19 06:15:00,611.7,612.0,611.4,611.94,7652.0
2025-12-19 06:30:00,611.9,612.12,611.59,611.89,2483.0
2025-12-19 06:45:00,611.94,612.0,611.37,611.53,4124.0
2025-12-19 07:00:00,611.6,611.93,610.93,611.38,15560.0
2025-12-19 07:15:00,611.41,611.63,610.931,611.37,8175.0
2025-12-19 07:30:00,611.44,611.53,610.78,610.98,12196.0
2025-12-19 07:45:00,610.99,611.17,610.06,610.06,22199.0
2025-12-19 08:00:00,610.1,610.84,609.97,610.84,87284.0
2025-12-19 08:15:00,610.8016,610.99,610.59,610.8507,17560.0
2025-12-19 08:30:00,610.84,611.5,610.4,611.02,71045.0
2025-12-19 08:45:00,611.0687,611.3,610.84,611.09,38361.0
2025-12-19 09:00:00,611.1,611.51,610.51,611.44,70535.0
2025-12-19 09:15:00,611.47,612.47,611.14,612.08,170121.0
2025-12-22 04:00:00,619.02,619.5,619.02,619.5,11516.0
2025-12-22 04:15:00,619.47,619.79,619.47,619.7,6423.0
2025-12-22 04:30:00,619.66,619.99,619.58,619.81,3987.0
2025-12-22 04:45:00,619.73,619.82,619.68,619.7,2465.0
2025-12-22 05:00:00,619.67,619.88,619.59,619.86,9788.0
2025-12-22 05:15:00,619.86,619.86,619.7,619.74,2655.0
2025-12-22 05:30:00,619.74,619.78,619.62,619.62,1819.0
2025-12-22 05:45:00,619.66,619.72,619.59,619.61,1999.0
2025-12-22 06:00:00,619.58,619.8,619.55,619.73,3155.0
2025-12-22 06:15:00,619.7,619.88,619.62,619.84,2474.0
2025-12-22 06:30:00,619.8,619.8,619.55,619.79,2844.0
2025-12-22 06:45:00,619.78,619.78,619.45,619.45,12764.0
2025-12-22 07:00:00,619.47,619.99,619.39,619.73,6494.0
2025-12-22 07:15:00,619.72,620.18,619.63,620.14,10864.0
2025-12-22 07:30:00,620.12,620.38,619.931,620.309,9834.0
2025-12-22 07:45:00,620.309,620.32,619.96,620.32,20974.0
2025-12-22 08:00:00,620.33,620.53,620.17,620.45,107099.0
2025-12-22 08:15:00,620.47,620.8,620.4,620.6,25072.0
2025-12-22 08:30:00,620.6,620.63,620.2,620.335,37199.0
2025-12-22 08:45:00,620.3495,620.78,620.28,620.74,28163.0
2025-12-22 09:00:00,620.735,621.08,620.65,620.8992,50556.0
2025-12-22 09:15:00,620.9,621.45,620.83,621.33,133055.0
2025-12-23 04:00:00,619.32,619.6,619.3,619.52,6571.0
2025-12-23 04:15:00,619.54,619.96,619.5,619.95,8062.0
2025-12-23 04:30:00,619.97,620.19,619.97,620.11,6357.0
2025-12-23 04:45:00,620.12,620.15,619.93,619.98,1939.0
2025-12-23 05:00:00,619.99,620.1,619.85,619.87,8585.0
2025-12-23 05:15:00,619.83,619.84,619.51,619.68,5730.0
2025-12-23 05:30:00,619.64,619.75,619.5,619.75,12922.0
2025-12-23 05:45:00,619.6,619.74,619.58,619.7,5351.0
2025-12-23 06:00:00,619.68,619.72,619.31,619.34,10888.0
2025-12-23 06:15:00,619.3,619.52,619.2,619.46,10276.0
2025-12-23 06:30:00,619.42,619.59,619.34,619.54,7831.0
2025-12-23 06:45:00,619.47,619.55,619.3,619.35,4287.0
2025-12-23 07:00:00,619.33,619.51,618.88,619.03,7193.0
2025-12-23 07:15:00,619.06,619.11,618.69,618.7,3635.0
2025-12-23 07:30:00,618.71,619.02,618.59,618.79,2064.0
2025-12-23 07:45:00,618.83,619.18,618.81,619.18,2655.0
2025-12-23 08:00:00,619.21,619.2782,618.7509,618.87,42877.0
2025-12-23 08:15:00,618.86,618.95,618.58,618.8996,17039.0
2025-12-23 08:30:00,618.92,619.0,617.35,618.07,95812.0
2025-12-23 08:45:00,618.07,618.27,617.38,617.64,53459.0
2025-12-23 09:00:00,617.63,617.97,617.39,617.71,62847.0
2025-12-23 09:15:00,617.73,618.26,617.73,618.2,70389.0
2025-12-24 04:00:00,621.87,621.91,621.7,621.88,2316.0
2025-12-24 04:15:00,622.07,622.24,622.07,622.16,2454.0
2025-12-24 04:30:00,622.11,622.18,622.09,622.1,716.0
2025-12-24 04:45:00,622.06,622.1,622.05,622.09,338.0
2025-12-24 05:00:00,622.01,622.01,621.82,621.92,1233.0
2025-12-24 05:15:00,621.9,622.05,621.88,621.94,988.0
2025-12-24 05:30:00,621.94,621.99,621.94,621.99,309.0
2025-12-24 05:45:00,621.98,622.01,621.9,621.98,1408.0
2025-12-24 06:00:00,621.94,622.12,621.92,622.11,2840.0
2025-12-24 06:15:00,622.03,622.08,621.86,621.89,918.0
2025-12-24 06:30:00,621.92,621.92,621.78,621.86,1461.0
2025-12-24 06:45:00,621.85,621.92,621.81,621.92,1378.0
2025-12-24 07:00:00,621.93,622.19,621.86,622.19,2772.0
2025-12-24 07:15:00,622.19,622.5,622.19,622.269,9133.0
2025-12-24 07:30:00,622.27,622.46,622.27,622.42,5686.0
2025-12-24 07:45:00,622.42,622.53,622.4,622.51,3358.0
2025-12-24 08:00:00,622.43,622.54,622.175,622.3,48443.0
2025-12-24 08:15:00,622.31,622.43,622.28,622.4,9170.0
2025-12-24 08:30:00,622.37,622.7202,622.33,622.61,19800.0
2025-12-24 08:45:00,622.6297,622.8702,622.52,622.6505,29006.0
2025-12-24 09:00:00,622.68,622.68,622.3699,622.5897,23888.0
2025-12-24 09:15:00,622.59,622.59,621.92,621.97,55853.0
2025-12-26 04:00:00,623.06,623.98,623.06,623.95,5352.0
2025-12-26 04:15:00,623.97,623.97,623.71,623.75,1311.0
2025-12-26 04:30:00,623.78,623.9,623.78,623.81,445.0
2025-12-26 04:45:00,623.84,624.16,623.84,624.16,776.0
2025-12-26 05:00:00,624.18,624.4,624.14,624.35,2048.0
2025-12-26 05:15:00,624.37,624.38,624.25,624.25,2021.0
2025-12-26 05:30:00,624.29,624.4,624.23,624.4,361.0
2025-12-26 05:45:00,624.4,624.43,624.2,624.2,720.0
2025-12-26 06:00:00,624.37,624.41,624.27,624.32,1046.0
2025-12-26 06:15:00,624.33,624.33,624.25,624.25,286.0
2025-12-26 06:30:00,624.22,624.26,624.05,624.07,1849.0
2025-12-26 06:45:00,624.0,624.15,623.9,624.14,1920.0
2025-12-26 07:00:00,624.15,624.179,623.99,624.09,3692.0
2025-12-26 07:15:00,624.02,624.34,624.02,624.28,2059.0
2025-12-26 07:30:00,624.3,624.6,624.28,624.54,1134.0
2025-12-26 07:45:00,624.54,624.57,624.37,624.49,2157.0
2025-12-26 08:00:00,624.43,624.61,624.3587,624.485,50459.0
2025-12-26 08:15:00,624.48,624.73,624.445,624.6,11555.0
2025-12-26 08:30:00,624.55,625.18,624.55,625.1,30078.0
2025-12-26 08:45:00,625.11,625.23,624.46,624.595,43236.0
2025-12-26 09:00:00,624.6,624.82,624.4812,624.79,31013.0
2025-12-26 09:15:00,624.79,624.9352,624.51,624.68,41470.0
2025-12-29 04:00:00,622.17,622.17,621.0,621.37,11643.0
2025-12-29 04:15:00,621.37,621.6,621.36,621.6,7688.0
2025-12-29 04:30:00,621.48,621.48,621.01,621.05,3321.0
2025-12-29 04:45:00,621.0,621.44,620.75,621.44,4318.0
2025-12-29 05:00:00,621.38,621.48,621.09,621.38,2114.0
2025-12-29 05:15:00,621.57,621.59,621.16,621.32,983.0
2025-12-29 05:30:00,621.42,621.42,621.18,621.27,2241.0
2025-12-29 05:45:00,621.27,621.29,621.0,621.07,1221.0
2025-12-29 06:00:00,621.03,621.24,620.91,620.95,1879.0
2025-12-29 06:15:00,620.95,621.04,620.81,620.99,1519.0
2025-12-29 06:30:00,621.03,621.67,621.03,621.58,2886.0
2025-12-29 06:45:00,621.67,621.7,621.49,621.62,4521.0
2025-12-29 07:00:00,621.61,621.68,621.39,621.55,7293.0
2025-12-29 07:15:00,621.48,621.79,621.48,621.56,3981.0
2025-12-29 07:30:00,621.56,621.7,621.03,621.03,33609.0
2025-12-29 07:45:00,621.0,621.201,620.791,621.05,3524.0
2025-12-29 08:00:00,620.9612,621.43,620.8,621.1442,68624.0
2025-12-29 08:15:00,621.1207,621.28,620.845,621.1,15994.0
2025-12-29 08:30:00,621.0714,621.1002,620.71,620.88,51878.0
2025-12-29 08:45:00,620.875,620.93,619.01,619.8197,121217.0
2025-12-29 09:00:00,619.81,619.99,619.48,619.85,50425.0
2025-12-29 09:15:00,619.87,620.25,618.92,620.17,93904.0
2025-12-30 04:00:00,620.91,621.15,620.74,620.94,6887.0
2025-12-30 04:15:00,620.94,621.22,620.92,621.22,1847.0
2025-12-30 04:30:00,621.22,621.25,621.0,621.0,4757.0
2025-12-30 04:45:00,620.97,621.03,620.78,621.0,3360.0
2025-12-30 05:00:00,621.01,621.1,620.9,620.95,1018.0
2025-12-30 05:15:00,620.95,621.12,620.95,620.95,1491.0
2025-12-30 05:30:00,620.94,621.03,620.78,621.0,1050.0
2025-12-30 05:45:00,620.99,620.99,620.55,620.66,2281.0
2025-12-30 06:00:00,620.62,620.69,620.27,620.46,4308.0
2025-12-30 06:15:00,620.48,620.48,620.13,620.21,3896.0
2025-12-30 06:30:00,620.27,620.36,620.23,620.36,781.0
2025-12-30 06:45:00,620.49,620.9,620.49,620.86,4693.0
2025-12-30 07:00:00,620.82,621.0,620.79,620.92,1870.0
2025-12-30 07:15:00,620.92,621.0,620.699,620.73,4662.0
2025-12-30 07:30:00,620.7,620.82,620.33,620.8,2400.0
2025-12-30 07:45:00,620.83,620.881,620.55,620.64,1858.0
2025-12-30 08:00:00,620.74,621.03,620.5405,620.835,37488.0
2025-12-30 08:15:00,620.85,621.0798,620.76,620.8391,9475.0
2025-12-30 08:30:00,620.8001,620.86,619.9199,620.18,48859.0
2025-12-30 08:45:00,620.19,620.36,619.83,620.341,30806.0
2025-12-30 09:00:00,620.3,620.51,620.12,620.5,17404.0
2025-12-30 09:15:00,620.485,620.54,619.75,619.83,21274.0
2025-12-31 04:00:00,616.73,617.43,616.73,617.21,10535.0
2025-12-31 04:15:00,617.33,617.38,617.03,617.04,3952.0
2025-12-31 04:30:00,617.08,617.28,617.08,617.13,265.0
2025-12-31 04:45:00,617.13,617.24,617.04,617.1,612.0
2025-12-31 05:00:00,617.0,617.2,616.87,617.2,4553.0
2025-12-31 05:15:00,617.28,617.45,617.17,617.4,4415.0
2025-12-31 05:30:00,617.5,617.5,617.22,617.3,967.0
2025-12-31 05:45:00,617.29,617.35,617.24,617.35,437.0
2025-12-31 06:00:00,617.49,617.64,617.44,617.6,1815.0
2025-12-31 06:15:00,617.62,617.73,617.39,617.64,1226.0
2025-12-31 06:30:00,617.67,617.89,617.65,617.89,3169.0
2025-12-31 06:45:00,617.9,618.05,617.84,618.02,1075.0
2025-12-31 07:00:00,618.01,618.13,617.79,617.96,2557.0
2025-12-31 07:15:00,618.0,618.44,618.0,618.4,2562.0
2025-12-31 07:30:00,618.33,618.54,618.27,618.3,12705.0
2025-12-31 07:45:00,618.3,618.53,618.29,618.53,3336.0
2025-12-31 08:00:00,618.5,618.58,618.35,618.5,49563.0
2025-12-31 08:15:00,618.49,618.97,618.46,618.91,17341.0
2025-12-31 08:30:00,618.86,619.56,618.771,619.54,30044.0
2025-12-31 08:45:00,619.57,620.5,619.51,620.2007,76078.0
2025-12-31 09:00:00,620.25,620.57,620.12,620.1862,45832.0
2025-12-31 09:15:00,620.17,620.2,619.63,619.63,41637.0
2026-01-02 04:00:00,620.57,621.33,620.54,621.22,19376.0
2026-01-02 04:15:00,621.1,621.18,620.8,621.17,12328.0
2026-01-02 04:30:00,621.2,621.2,620.99,621.18,9238.0
2026-01-02 04:45:00,621.18,621.29,620.94,621.2,7747.0
2026-01-02 05:00:00,621.29,621.3,620.99,621.1,2740.0
2026-01-02 05:15:00,621.1,621.26,620.72,620.82,5307.0
2026-01-02 05:30:00,620.83,620.99,620.6,620.98,21229.0
2026-01-02 05:45:00,620.98,621.28,620.98,621.14,10457.0
2026-01-02 06:00:00,621.14,621.42,621.14,621.26,6923.0
2026-01-02 06:15:00,621.26,621.29,620.79,620.81,10000.0
2026-01-02 06:30:00,620.87,621.11,620.87,621.07,2550.0
2026-01-02 06:45:00,621.06,621.12,620.85,621.07,5112.0
2026-01-02 07:00:00,621.05,621.05,619.98,620.171,22547.0
2026-01-02 07:15:00,620.31,620.41,620.15,620.33,9522.0
2026-01-02 07:30:00,620.27,620.51,620.12,620.47,15064.0
2026-01-02 07:45:00,620.48,620.52,620.26,620.44,18112.0
2026-01-02 08:00:00,620.5212,620.56,620.24,620.4594,126108.0
2026-01-02 08:15:00,620.45,620.58,620.13,620.33,26032.0
2026-01-02 08:30:00,620.32,620.46,620.14,620.24,33528.0
2026-01-02 08:45:00,620.26,620.42,619.9197,620.2186,35240.0
2026-01-02 09:00:00,620.2,620.5461,619.775,619.79,42982.0
2026-01-02 09:15:00,619.78,620.31,619.515,620.07,56061.0
2026-01-05 04:00:00,616.01,616.66,616.01,616.47,8167.0
2026-01-05 04:15:00,616.4,616.62,615.8,615.88,7961.0
2026-01-05 04:30:00,615.87,616.5,615.82,616.27,4358.0
2026-01-05 04:45:00,616.34,616.46,616.07,616.19,2241.0
2026-01-05 05:00:00,616.26,616.97,616.21,616.88,2970.0
2026-01-05 05:15:00,616.9,617.18,616.89,616.97,3309.0
2026-01-05 05:30:00,616.93,617.0,616.73,616.87,6408.0
2026-01-05 05:45:00,617.0,617.3,617.0,617.19,3416.0
2026-01-05 06:00:00,617.17,617.41,616.97,617.2,4513.0
2026-01-05 06:15:00,617.23,617.51,617.07,617.08,4512.0
2026-01-05 06:30:00,617.06,617.61,617.06,617.52,8146.0
2026-01-05 06:45:00,617.47,617.76,617.46,617.52,11579.0
2026-01-05 07:00:00,617.56,617.96,617.37,617.55,15350.0
2026-01-05 07:15:00,617.569,617.73,617.3,617.35,8998.0
2026-01-05 07:30:00,617.34,617.6,617.0,617.12,15032.0
2026-01-05 07:45:00,617.08,617.4,616.98,617.26,17236.0
2026-01-05 08:00:00,617.31,617.611,616.99,617.38,125569.0
2026-01-05 08:15:00,617.39,617.4058,616.3797,616.815,46889.0
2026-01-05 08:30:00,616.84,617.42,616.84,617.0304,43213.0
2026-01-05 08:45:00,617.03,618.07,616.98,617.7102,77610.0
2026-01-05 09:00:00,617.73,618.68,617.7,618.4502,92183.0
2026-01-05 09:15:00,618.45,619.4,618.44,619.38,162297.0
2026-01-06 04:00:00,618.02,618.02,617.4,617.94,11780.0
2026-01-06 04:15:00,617.82,618.03,617.49,617.66,6283.0
2026-01-06 04:30:00,617.62,618.11,617.57,618.11,7198.0
2026-01-06 04:45:00,618.09,618.54,617.9,618.06,8923.0
2026-01-06 05:00:00,618.08,618.15,617.85,617.9,2721.0
2026-01-06 05:15:00,617.94,617.96,617.72,617.9,2811.0
2026-01-06 05:30:00,617.87,618.23,617.86,618.14,2435.0
2026-01-06 05:45:00,618.17,618.3,618.02,618.2,1428.0
2026-01-06 06:00:00,618.22,618.48,618.21,618.4,3505.0
2026-01-06 06:15:00,618.36,618.4,618.15,618.19,3762.0
2026-01-06 06:30:00,618.23,618.32,618.17,618.32,2017.0
2026-01-06 06:45:00,618.3,618.62,618.18,618.3,3270.0
2026-01-06 07:00:00,618.3,618.76,618.19,618.74,6511.0
2026-01-06 07:15:00,618.73,618.76,618.57,618.74,2839.0
2026-01-06 07:30:00,618.76,619.23,618.69,619.18,10479.0
2026-01-06 07:45:00,619.22,619.531,619.14,619.39,16406.0
2026-01-06 08:00:00,619.3695,619.56,618.96,619.111,69189.0
2026-01-06 08:15:00,619.125,619.37,618.86,618.96,15196.0
2026-01-06 08:30:00,618.98,619.27,618.88,618.89,13736.0
2026-01-06 08:45:00,618.87,618.97,618.1797,618.82,53824.0
2026-01-06 09:00:00,618.79,618.82,618.21,618.73,47343.0
2026-01-06 09:15:00,618.77,619.23,618.5804,619.22,42811.0
2026-01-07 04:00:00,622.12,622.23,621.64,621.93,11511.0
2026-01-07 04:15:00,621.9,621.96,621.47,621.91,13144.0
2026-01-07 04:30:00,621.9,622.15,621.8,622.05,6148.0
2026-01-07 04:45:00,622.13,622.2,622.0,622.11,3648.0
2026-01-07 05:00:00,622.08,622.3,621.9,622.26,4987.0
2026-01-07 05:15:00,622.23,622.23,621.66,621.68,4164.0
2026-01-07 05:30:00,621.65,621.81,621.54,621.61,6271.0
2026-01-07 05:45:00,621.6,621.73,621.5,621.73,6682.0
2026-01-07 06:00:00,621.75,621.98,621.59,621.89,3701.0
2026-01-07 06:15:00,621.85,622.02,621.79,621.79,3572.0
2026-01-07 06:30:00,621.82,622.35,621.81,622.24,5194.0
2026-01-07 06:45:00,622.21,622.47,622.19,622.47,1218.0
2026-01-07 07:00:00,622.48,622.79,622.34,622.57,14915.0
2026-01-07 07:15:00,622.54,622.83,622.54,622.69,5520.0
2026-01-07 07:30:00,622.63,622.63,622.16,622.489,10809.0
2026-01-07 07:45:00,622.5,622.7,622.3,622.47,9894.0
2026-01-07 08:00:00,622.43,622.485,622.18,622.39,89106.0
2026-01-07 08:15:00,622.3996,622.68,622.37,622.66,42432.0
2026-01-07 08:30:00,622.69,623.1102,622.47,623.05,60695.0
2026-01-07 08:45:00,623.04,623.04,622.61,622.9905,31304.0
2026-01-07 09:00:00,623.01,623.01,622.37,622.63,45785.0
2026-01-07 09:15:00,622.62,623.04,622.38,623.02,62631.0
2026-01-08 04:00:00,622.9,623.2,622.7,622.97,5917.0
2026-01-08 04:15:00,622.9,622.9,622.44,622.6,4436.0
2026-01-08 04:30:00,622.5,622.66,622.28,622.33,2413.0
2026-01-08 04:45:00,622.33,622.56,622.18,622.51,4332.0
2026-01-08 05:00:00,622.57,622.57,621.99,622.09,8682.0
2026-01-08 05:15:00,622.11,622.29,622.01,622.05,2429.0
2026-01-08 05:30:00,622.14,622.52,622.14,622.5,4255.0
2026-01-08 05:45:00,622.5,622.7,622.2,622.63,4253.0
2026-01-08 06:00:00,622.7,622.82,622.45,622.65,1697.0
2026-01-08 06:15:00,622.68,622.97,622.6,622.81,4066.0
2026-01-08 06:30:00,622.8,622.97,621.9,622.7,12433.0
2026-01-08 06:45:00,622.65,622.99,622.6,622.6,2961.0
2026-01-08 07:00:00,622.65,622.7,622.1,622.38,9569.0
2026-01-08 07:15:00,622.4,622.8,622.4,622.75,7999.0
2026-01-08 07:30:00,622.64,622.7,622.271,622.31,6099.0
2026-01-08 07:45:00,622.31,622.79,622.3,622.56,8265.0
2026-01-08 08:00:00,622.5,623.0,622.24,622.91,71673.0
2026-01-08 08:15:00,622.91,623.59,622.7,623.45,44904.0
2026-01-08 08:30:00,623.49,623.78,623.0,623.3102,59252.0
2026-01-08 08:45:00,623.29,623.37,623.055,623.34,32283.0
2026-01-08 09:00:00,623.33,623.63,622.9,623.23,46478.0
2026-01-08 09:15:00,623.24,623.318,622.73,623.02,66712.0
2026-01-09 04:00:00,620.5,620.6,620.22,620.44,2829.0
2026-01-09 04:15:00,620.5,621.02,620.45,621.02,4936.0
2026-01-09 04:30:00,621.05,621.66,621.05,621.37,10648.0
2026-01-09 04:45:00,621.43,621.67,621.4,621.62,1688.0
2026-01-09 05:00:00,621.7,621.8,621.56,621.68,4595.0
2026-01-09 05:15:00,621.7,622.0,621.7,621.85,1569.0
2026-01-09 05:30:00,621.84,621.95,621.66,621.74,4464.0
2026-01-09 05:45:00,621.78,621.99,621.76,621.8,9245.0
2026-01-09 06:00:00,621.8,621.91,621.64,621.76,4199.0
2026-01-09 06:15:00,621.73,622.29,621.7,622.24,3000.0
2026-01-09 06:30:00,622.3,622.7,622.2,622.62,8343.0
2026-01-09 06:45:00,622.7,622.7,622.02,622.1,10770.0
2026-01-09 07:00:00,622.06,622.37,621.98,622.0,5213.0
2026-01-09 07:15:00,621.97,622.02,621.62,621.74,10632.0
2026-01-09 07:30:00,621.77,621.8,621.45,621.8,6093.0
2026-01-09 07:45:00,621.8,622.26,621.8,622.26,2977.0
2026-01-09 08:00:00,622.26,622.3788,621.85,622.0665,243497.0
2026-01-09 08:15:00,622.08,622.26,621.7207,622.2,52790.0
2026-01-09 08:30:00,622.0,623.59,622.0,623.2964,151275.0
2026-01-09 08:45:00,623.3196,623.6102,623.04,623.55,73766.0
2026-01-09 09:00:00,623.57,624.02,622.3197,622.7,115367.0
2026-01-09 09:15:00,622.66,622.8,621.08,621.38,173381.0
2026-01-12 04:00:00,620.63,621.15,620.25,621.04,12232.0
2026-01-12 04:15:00,621.07,621.14,620.48,620.65,9519.0
2026-01-12 04:30:00,620.6,620.75,620.32,620.56,15063.0
2026-01-12 04:45:00,620.58,621.29,620.58,621.11,7948.0
2026-01-12 05:00:00,621.17,621.2,620.88,620.88,4258.0
2026-01-12 05:15:00,620.92,621.3,620.86,621.3,12214.0
2026-01-12 05:30:00,621.33,621.7,621.33,621.55,8237.0
2026-01-12 05:45:00,621.56,621.56,621.2,621.36,4669.0
2026-01-12 06:00:00,621.37,621.96,621.33,621.84,13013.0
2026-01-12 06:15:00,621.88,621.9,621.51,621.61,4401.0
2026-01-12 06:30:00,621.61,621.71,621.45,621.6,3619.0
2026-01-12 06:45:00,621.6,621.7,621.39,621.61,2537.0
2026-01-12 07:00:00,621.58,622.16,621.5,621.97,19651.0
2026-01-12 07:15:00,621.99,622.13,621.8,621.88,21558.0
2026-01-12 07:30:00,621.94,622.33,621.94,622.24,23267.0
2026-01-12 07:45:00,622.23,622.66,622.08,622.47,22143.0
2026-01-12 08:00:00,622.45,622.66,621.89,621.94,154698.0
2026-01-12 08:15:00,621.94,622.69,621.935,622.4613,62506.0
2026-01-12 08:30:00,622.48,622.5,622.0997,622.28,47356.0
2026-01-12 08:45:00,622.2795,622.63,622.16,622.24,45370.0
2026-01-12 09:00:00,622.25,622.5,621.975,622.195,59666.0
2026-01-12 09:15:00,622.17,622.41,621.67,622.31,138108.0
2026-01-13 04:00:00,626.16,626.78,626.16,626.73,10157.0
2026-01-13 04:15:00,626.75,626.93,626.64,626.66,5280.0
2026-01-13 04:30:00,626.62,626.71,625.97,626.0,5730.0
2026-01-13 04:45:00,626.04,626.45,625.97,626.39,4482.0
2026-01-13 05:00:00,626.3,626.44,625.54,625.57,5549.0
2026-01-13 05:15:00,625.57,625.8,625.44,625.66,3317.0
2026-01-13 05:30:00,625.66,625.98,625.66,625.72,2301.0
2026-01-13 05:45:00,625.69,625.75,625.54,625.55,2266.0
2026-01-13 06:00:00,625.62,625.98,625.52,625.7,3188.0
2026-01-13 06:15:00,625.69,625.91,625.65,625.82,3045.0
2026-01-13 06:30:00,625.81,625.81,625.41,625.46,4627.0
2026-01-13 06:45:00,625.61,626.1,625.52,626.1,10374.0
2026-01-13 07:00:00,626.1,626.25,625.82,626.21,11446.0
2026-01-13 07:15:00,626.16,626.5,626.16,626.47,7708.0
2026-01-13 07:30:00,626.45,626.52,626.33,626.42,4085.0
2026-01-13 07:45:00,626.45,626.49,625.83,625.99,35490.0
2026-01-13 08:00:00,625.9613,626.28,625.7392,626.1,68154.0
2026-01-13 08:15:00,626.09,626.34,625.77,626.34,31111.0
2026-01-13 08:30:00,626.38,629.529,626.35,628.2,339230.0
2026-01-13 08:45:00,628.18,628.2499,627.1497,627.75,110115.0
2026-01-13 09:00:00,627.72,627.9501,627.525,627.74,32041.0
2026-01-13 09:15:00,627.77,628.49,627.2104,627.245,71891.0
2026-01-14 04:00:00,625.11,625.59,625.04,625.5,5075.0
2026-01-14 04:15:00,625.51,625.59,625.2,625.27,4632.0
2026-01-14 04:30:00,625.3,625.36,624.87,625.0,4513.0
2026-01-14 04:45:00,625.05,625.07,624.6,624.9,7235.0
2026-01-14 05:00:00,624.96,624.96,624.46,624.5,5057.0
2026-01-14 05:15:00,624.43,624.44,622.68,623.01,15538.0
2026-01-14 05:30:00,623.01,623.08,622.22,622.58,28531.0
2026-01-14 05:45:00,622.55,622.57,621.6,622.15,45844.0
2026-01-14 06:00:00,622.18,622.26,621.67,622.21,15971.0
2026-01-14 06:15:00,622.24,622.86,622.16,622.73,8923.0
2026-01-14 06:30:00,622.78,622.94,622.33,622.37,7929.0
2026-01-14 06:45:00,622.45,622.68,622.23,622.35,9913.0
2026-01-14 07:00:00,622.34,622.52,621.36,622.52,31167.0
2026-01-14 07:15:00,622.52,623.25,622.48,623.07,17732.0
2026-01-14 07:30:00,623.04,623.33,623.02,623.19,13004.0
2026-01-14 07:45:00,623.19,623.25,622.98,623.2,12731.0
2026-01-14 08:00:00,623.19,623.35,622.71,622.88,117958.0
2026-01-14 08:15:00,622.88,623.61,622.58,623.58,43762.0
2026-01-14 08:30:00,623.64,623.77,622.41,622.41,72142.0
2026-01-14 08:45:00,622.4,622.75,622.1,622.57,78439.0
2026-01-14 09:00:00,622.63,622.93,622.13,622.48,44657.0
2026-01-14 09:15:00,622.4562,623.02,622.12,622.23,45889.0
2026-01-15 04:00:00,622.14,623.18,622.09,623.1,18479.0
2026-01-15 04:15:00,623.06,623.88,622.79,623.76,30208.0
2026-01-15 04:30:00,623.77,624.47,623.77,624.33,19170.0
2026-01-15 04:45:00,624.31,624.41,623.81,623.95,15837.0
2026-01-15 05:00:00,623.95,624.37,623.89,624.2,30368.0
2026-01-15 05:15:00,624.26,624.26,623.67,624.0,11580.0
2026-01-15 05:30:00,624.0,624.24,623.9,624.24,7243.0
2026-01-15 05:45:00,624.24,624.31,624.0,624.09,7905.0
2026-01-15 06:00:00,624.15,624.86,624.14,624.81,42737.0
2026-01-15 06:15:00,624.8,624.82,624.47,624.51,17799.0
2026-01-15 06:30:00,624.55,624.94,624.41,624.61,27410.0
2026-01-15 06:45:00,624.77,625.07,624.68,624.72,28942.0
2026-01-15 07:00:00,624.66,624.73,624.33,624.361,40282.0
2026-01-15 07:15:00,624.38,624.49,624.08,624.41,33490.0
2026-01-15 07:30:00,624.4,624.42,623.91,624.4,11480.0
2026-01-15 07:45:00,624.411,624.9,624.35,624.88,20581.0
2026-01-15 08:00:00,624.88,625.28,624.44,625.06,199747.0
2026-01-15 08:15:00,625.0799,625.36,624.879,625.29,53047.0
2026-01-15 08:30:00,625.32,625.9,624.9409,625.88,277845.0
2026-01-15 08:45:00,625.87,626.4202,625.85,625.87,235849.0
2026-01-15 09:00:00,625.91,626.5102,625.82,626.02,84663.0
2026-01-15 09:15:00,626.02,627.25,625.91,626.61,225364.0
2026-01-16 04:00:00,624.48,624.9,624.48,624.75,8247.0
2026-01-16 04:15:00,624.74,624.9,624.22,624.9,8870.0
2026-01-16 04:30:00,624.94,624.95,624.57,624.62,5332.0
2026-01-16 04:45:00,624.65,624.73,624.34,624.35,5203.0
2026-01-16 05:00:00,624.39,624.71,624.3,624.67,9834.0
2026-01-16 05:15:00,624.61,624.93,624.58,624.92,10110.0
2026-01-16 05:30:00,624.91,625.3,624.91,625.25,9534.0
2026-01-16 05:45:00,625.25,625.48,625.16,625.33,7153.0
2026-01-16 06:00:00,625.29,625.46,625.1,625.46,3070.0
2026-01-16 06:15:00,625.46,625.7,625.43,625.55,6824.0
2026-01-16 06:30:00,625.57,625.6,625.16,625.16,3413.0
2026-01-16 06:45:00,625.13,625.18,624.6,624.73,6906.0
2026-01-16 07:00:00,624.67,624.97,624.5,624.85,9756.0
2026-01-16 07:15:00,624.85,624.9,624.43,624.76,10268.0
2026-01-16 07:30:00,624.73,625.05,624.5,625.05,10850.0
2026-01-16 07:45:00,625.0,625.14,624.1,624.631,15087.0
2026-01-16 08:00:00,624.64,624.785,624.18,624.3194,123600.0
2026-01-16 08:15:00,624.31,624.55,623.97,624.4896,46761.0
2026-01-16 08:30:00,624.47,624.81,624.1202,624.455,57323.0
2026-01-16 08:45:00,624.4382,624.74,624.42,624.52,25600.0
2026-01-16 09:00:00,624.58,624.89,624.49,624.8,64310.0
2026-01-16 09:15:00,624.775,625.76,624.63,625.55,112735.0
2026-01-20 04:00:00,609.81,611.6,608.8,609.0,73437.0
2026-01-20 04:15:00,608.95,609.05,607.85,608.1,19519.0
2026-01-20 04:30:00,608.0,608.16,607.18,607.77,35949.0
2026-01-20 04:45:00,607.8,608.05,607.05,607.95,21188.0
2026-01-20 05:00:00,607.93,608.78,607.4,608.7,28275.0
2026-01-20 05:15:00,608.7,609.69,608.7,609.36,24057.0
2026-01-20 05:30:00,609.48,609.53,608.75,609.28,11475.0
2026-01-20 05:45:00,609.23,609.51,608.92,608.96,9899.0
2026-01-20 06:00:00,608.92,609.79,608.9,609.49,23627.0
2026-01-20 06:15:00,609.49,610.18,608.98,609.45,13903.0
2026-01-20 06:30:00,609.63,609.65,609.0,609.39,10972.0
2026-01-20 06:45:00,609.41,610.03,609.14,609.65,19806.0
2026-01-20 07:00:00,609.7,610.84,609.38,610.739,29859.0
2026-01-20 07:15:00,610.73,610.89,609.88,610.41,25118.0
2026-01-20 07:30:00,610.38,611.35,610.25,611.25,28146.0
2026-01-20 07:45:00,611.27,611.57,610.79,610.83,32004.0
2026-01-20 08:00:00,611.0,611.33,610.11,610.1982,309617.0
2026-01-20 08:15:00,610.1792,611.37,610.1,610.6476,99473.0
2026-01-20 08:30:00,610.6738,610.73,609.075,609.82,216042.0
2026-01-20 08:45:00,609.76,610.341,609.64,609.78,157900.0
2026-01-20 09:00:00,609.78,610.521,609.67,610.3309,111864.0
2026-01-20 09:15:00,610.315,610.74,609.51,610.51,178705.0
2026-01-21 04:00:00,609.68,610.16,609.39,609.78,10688.0
2026-01-21 04:15:00,609.8,609.95,609.18,609.55,8530.0
2026-01-21 04:30:00,609.46,609.5,608.9,608.97,9517.0
2026-01-21 04:45:00,608.9,608.91,607.9,607.9,32746.0
2026-01-21 05:00:00,608.01,608.73,607.77,608.52,6236.0
2026-01-21 05:15:00,608.7,609.15,608.5,609.02,7347.0
2026-01-21 05:30:00,609.12,609.28,609.0,609.2,2726.0
2026-01-21 05:45:00,609.17,609.17,608.45,608.56,3088.0
2026-01-21 06:00:00,608.4,608.42,608.05,608.2,8478.0
2026-01-21 06:15:00,608.1,608.62,608.1,608.2,6129.0
2026-01-21 06:30:00,608.3,608.57,607.45,607.59,13624.0
2026-01-21 06:45:00,607.53,607.61,605.76,605.88,52543.0
2026-01-21 07:00:00,605.9,606.52,605.46,606.22,43928.0
2026-01-21 07:15:00,606.23,606.9,606.05,606.53,14601.0
2026-01-21 07:30:00,606.55,606.58,605.8,606.07,17456.0
2026-01-21 07:45:00,606.13,606.95,605.6,606.91,21475.0
2026-01-21 08:00:00,606.9,607.54,606.5,607.12,205833.0
2026-01-21 08:15:00,607.1,607.2,606.53,606.61,72406.0
2026-01-21 08:30:00,606.58,606.66,605.7697,605.989,70655.0
2026-01-21 08:45:00,605.94,607.79,605.89,606.825,118485.0
2026-01-21 09:00:00,606.79,609.89,606.51,609.49,323142.0
2026-01-21 09:15:00,609.57,610.95,608.8282,609.48,215978.0
2026-01-22 04:00:00,621.28,621.8,621.0,621.75,21291.0
2026-01-22 04:15:00,621.79,622.02,621.4,621.54,17221.0
2026-01-22 04:30:00,621.54,621.9,621.46,621.7,8428.0
2026-01-22 04:45:00,621.73,621.96,621.57,621.66,11737.0
2026-01-22 05:00:00,621.7,621.75,621.28,621.3,15822.0
2026-01-22 05:15:00,621.39,621.7,621.0,621.37,12238.0
2026-01-22 05:30:00,621.45,621.6,621.34,621.35,2707.0
2026-01-22 05:45:00,621.4,621.52,621.3,621.4,4700.0
2026-01-22 06:00:00,621.44,622.03,621.44,621.49,20074.0
2026-01-22 06:15:00,621.46,621.61,620.9,621.25,6887.0
2026-01-22 06:30:00,621.2,621.72,621.0,621.2,11359.0
2026-01-22 06:45:00,621.2,621.27,621.04,621.05,7855.0
2026-01-22 07:00:00,621.07,621.25,620.75,620.9,18937.0
2026-01-22 07:15:00,621.0,621.42,620.99,621.3,6121.0
2026-01-22 07:30:00,621.3,621.41,620.98,621.36,9269.0
2026-01-22 07:45:00,621.31,621.54,621.1,621.44,12716.0
2026-01-22 08:00:00,621.39,621.83,621.1498,621.4654,196576.0
2026-01-22 08:15:00,621.49,621.82,621.49,621.73,28820.0
2026-01-22 08:30:00,621.64,621.94,621.15,621.4506,67007.0
2026-01-22 08:45:00,621.47,622.62,621.47,622.54,94561.0
2026-01-22 09:00:00,622.5329,622.6,621.79,622.105,97003.0
2026-01-22 09:15:00,622.09,622.6,621.92,622.35,140188.0
2026-01-23 04:00:00,619.54,620.21,619.37,619.52,9599.0
2026-01-23 04:15:00,619.49,619.98,619.4,619.6,7896.0
2026-01-23 04:30:00,619.6,619.6,618.25,618.39,15360.0
2026-01-23 04:45:00,618.34,618.85,618.1,618.55,12043.0
2026-01-23 05:00:00,618.56,618.85,618.42,618.42,4445.0
2026-01-23 05:15:00,618.42,618.84,618.39,618.6,3896.0
2026-01-23 05:30:00,618.56,618.62,618.36,618.5,3034.0
2026-01-23 05:45:00,618.6,618.85,618.47,618.85,5410.0
2026-01-23 06:00:00,618.9,620.46,618.78,620.14,36123.0
2026-01-23 06:15:00,620.15,620.62,620.0,620.6,10401.0
2026-01-23 06:30:00,620.6,620.89,620.24,620.24,10180.0
2026-01-23 06:45:00,620.33,620.33,619.5,619.7,16220.0
2026-01-23 07:00:00,619.69,620.15,619.5,619.88,16343.0
2026-01-23 07:15:00,619.87,619.97,619.5,619.97,10525.0
2026-01-23 07:30:00,619.91,620.1,619.169,620.0,22554.0
2026-01-23 07:45:00,619.91,620.28,619.9,620.16,11444.0
2026-01-23 08:00:00,620.2,620.3638,619.87,620.19,119451.0
2026-01-23 08:15:00,620.1295,620.165,618.8695,618.9,31188.0
2026-01-23 08:30:00,618.86,619.635,618.85,619.275,44583.0
2026-01-23 08:45:00,619.25,619.2769,618.58,618.84,63201.0
2026-01-23 09:00:00,618.88,619.11,618.5,618.7803,64753.0
2026-01-23 09:15:00,618.79,619.8,618.67,619.69,134424.0
2026-01-26 04:00:00,622.68,622.85,622.09,622.09,30246.0
2026-01-26 04:15:00,622.16,622.31,621.73,621.81,8968.0
2026-01-26 04:30:00,621.72,621.74,619.96,620.02,9639.0
2026-01-26 04:45:00,620.01,620.15,619.25,620.1,14687.0
2026-01-26 05:00:00,620.01,620.55,620.0,620.55,13071.0
2026-01-26 05:15:00,620.55,620.93,620.28,620.88,4091.0
2026-01-26 05:30:00,620.89,621.4,620.8,620.93,6689.0
2026-01-26 05:45:00,621.05,621.2,620.85,620.85,3308.0
2026-01-26 06:00:00,620.88,621.04,620.63,620.84,3791.0
2026-01-26 06:15:00,620.86,621.0,620.7,620.82,1091.0
2026-01-26 06:30:00,620.9,621.08,620.8,620.88,2668.0
2026-01-26 06:45:00,620.8,621.35,620.8,621.3,2497.0
2026-01-26 07:00:00,621.26,622.34,621.25,622.2,9408.0
2026-01-26 07:15:00,622.2,622.2,621.68,621.81,3851.0
2026-01-26 07:30:00,621.9,621.96,621.48,621.54,7006.0
2026-01-26 07:45:00,621.6,621.8,621.47,621.78,4639.0
2026-01-26 08:00:00,621.81,622.09,621.46,622.06,133451.0
2026-01-26 08:15:00,622.0704,622.2,621.68,621.7892,29718.0
2026-01-26 08:30:00,621.8,621.86,621.0297,621.42,67316.0
2026-01-26 08:45:00,621.42,622.52,621.39,622.46,74047.0
2026-01-26 09:00:00,622.45,622.91,622.44,622.56,66949.0
2026-01-26 09:15:00,622.57,623.2,622.38,623.2,37427.0
2026-01-27 04:00:00,628.89,629.15,628.62,628.9,17456.0
2026-01-27 04:15:00,628.96,629.18,628.9,628.94,9947.0
2026-01-27 04:30:00,628.96,629.0,628.8,628.95,3456.0
2026-01-27 04:45:00,628.99,628.99,628.62,628.71,2793.0
2026-01-27 05:00:00,628.76,629.14,628.72,628.94,29113.0
2026-01-27 05:15:00,629.01,629.31,629.01,629.29,3352.0
2026-01-27 05:30:00,629.25,629.32,629.12,629.22,7236.0
2026-01-27 05:45:00,629.19,629.5,629.19,629.43,6166.0
2026-01-27 06:00:00,629.48,629.54,629.15,629.44,5233.0
2026-01-27 06:15:00,629.37,629.5,629.18,629.44,5199.0
2026-01-27 06:30:00,629.45,630.09,629.42,630.09,21344.0
2026-01-27 06:45:00,630.14,630.35,629.97,630.1,5956.0
2026-01-27 07:00:00,630.07,630.1,629.59,629.69,16140.0
2026-01-27 07:15:00,629.66,629.77,629.22,629.26,6470.0
2026-01-27 07:30:00,629.21,629.73,629.14,629.5,11615.0
2026-01-27 07:45:00,629.5,629.6,629.32,629.4,9640.0
2026-01-27 08:00:00,629.35,629.73,629.319,629.67,115321.0
2026-01-27 08:15:00,629.68,629.71,629.33,629.38,18382.0
2026-01-27 08:30:00,629.3729,629.48,629.17,629.34,38797.0
2026-01-27 08:45:00,629.34,629.5,628.9,629.09,37291.0
2026-01-27 09:00:00,629.09,629.53,629.08,629.1887,50464.0
2026-01-27 09:15:00,629.1805,629.43,628.88,628.8993,61500.0
2026-01-28 04:00:00,636.13,636.23,635.61,636.0,13717.0
2026-01-28 04:15:00,635.88,636.06,635.57,635.77,7981.0
2026-01-28 04:30:00,635.78,636.0,635.5,635.95,8324.0
2026-01-28 04:45:00,636.01,636.38,635.93,636.25,2860.0
2026-01-28 05:00:00,636.27,636.47,636.03,636.44,4032.0
2026-01-28 05:15:00,636.36,636.54,636.13,636.48,3942.0
2026-01-28 05:30:00,636.51,637.0,636.5,636.93,6894.0
2026-01-28 05:45:00,636.85,637.13,636.66,637.06,8419.0
2026-01-28 06:00:00,637.08,637.08,636.54,636.66,7728.0
2026-01-28 06:15:00,636.64,636.87,636.36,636.87,4388.0
2026-01-28 06:30:00,636.9,637.08,636.86,636.96,5495.0
2026-01-28 06:45:00,636.96,637.3,636.8,637.08,12516.0
2026-01-28 07:00:00,637.1,637.1,635.85,636.4,31397.0
2026-01-28 07:15:00,636.44,636.51,635.82,636.12,13919.0
2026-01-28 07:30:00,636.2,636.5,635.94,636.33,5729.0
2026-01-28 07:45:00,636.3,636.62,636.17,636.18,13742.0
2026-01-28 08:00:00,636.1688,636.74,635.88,635.9,102143.0
2026-01-28 08:15:00,635.85,636.445,635.85,636.09,34183.0
2026-01-28 08:30:00,636.0734,636.2,635.52,635.67,65194.0
2026-01-28 08:45:00,635.64,636.26,635.63,635.99,90820.0
2026-01-28 09:00:00,635.98,636.09,635.26,635.3299,81780.0
2026-01-28 09:15:00,635.32,635.6901,635.03,635.57,141176.0
2026-01-29 04:00:00,635.42,636.0,635.4,635.84,13560.0
2026-01-29 04:15:00,635.92,635.94,635.5,635.52,4039.0
2026-01-29 04:30:00,635.6,635.81,635.3,635.53,2813.0
2026-01-29 04:45:00,635.5,635.5,634.5,634.55,10048.0
2026-01-29 05:00:00,634.5,634.74,634.21,634.41,5695.0
2026-01-29 05:15:00,634.42,635.14,634.4,634.95,9122.0
2026-01-29 05:30:00,634.95,634.97,634.55,634.75,3131.0
2026-01-29 05:45:00,634.79,634.8,634.0,634.0,3272.0
2026-01-29 06:00:00,634.1,634.4,633.71,634.18,8916.0
2026-01-29 06:15:00,634.21,634.3,633.86,634.1,36116.0
2026-01-29 06:30:00,634.0,634.35,633.77,634.1,6404.0
2026-01-29 06:45:00,634.18,634.47,634.1,634.23,2712.0
2026-01-29 07:00:00,634.32,634.77,634.299,634.589,16087.0
2026-01-29 07:15:00,634.65,634.65,634.05,634.284,29477.0
2026-01-29 07:30:00,634.22,634.32,633.35,633.4,11674.0
2026-01-29 07:45:00,633.6,633.77,633.28,633.76,46130.0
2026-01-29 08:00:00,633.64,634.01,633.59,633.7,114032.0
2026-01-29 08:15:00,633.6717,633.76,633.1297,633.7,52528.0
2026-01-29 08:30:00,633.69,634.38,633.34,634.21,42921.0
2026-01-29 08:45:00,634.2,634.34,633.91,634.17,40280.0
2026-01-29 09:00:00,634.185,634.2,632.97,633.06,93180.0
2026-01-29 09:15:00,633.0795,633.33,632.67,632.67,89431.0
2026-01-30 04:00:00,624.4,624.49,622.78,622.97,12425.0
2026-01-30 04:15:00,623.0,623.13,622.16,622.56,20962.0
2026-01-30 04:30:00,622.75,623.18,622.31,622.51,17342.0
2026-01-30 04:45:00,622.52,622.8,621.24,622.35,13687.0
2026-01-30 05:00:00,622.51,623.4,622.39,623.4,12966.0
2026-01-30 05:15:00,623.33,623.6,622.89,623.09,7029.0
2026-01-30 05:30:00,623.5,624.4,623.35,624.17,9998.0
2026-01-30 05:45:00,624.33,624.58,623.82,623.98,30042.0
2026-01-30 06:00:00,624.01,625.01,624.01,625.0,17179.0
2026-01-30 06:15:00,624.96,625.3,624.71,625.27,12573.0
2026-01-30 06:30:00,625.24,625.91,625.1,625.59,81658.0
2026-01-30 06:45:00,625.56,626.85,624.64,626.57,44717.0
2026-01-30 07:00:00,626.66,627.39,626.35,626.6,23284.0
2026-01-30 07:15:00,626.53,626.92,626.18,626.52,26118.0
2026-01-30 07:30:00,626.52,627.15,626.06,626.07,19878.0
2026-01-30 07:45:00,626.04,626.53,625.39,625.95,25776.0
2026-01-30 08:00:00,626.07,626.909,625.2,626.74,155398.0
2026-01-30 08:15:00,626.78,626.95,625.56,626.01,31282.0
2026-01-30 08:30:00,626.02,627.0,624.46,625.88,114454.0
2026-01-30 08:45:00,625.86,626.1,625.175,625.49,35637.0
2026-01-30 09:00:00,625.45,626.0,625.11,625.7023,56823.0
2026-01-30 09:15:00,625.6703,626.0,625.04,625.74,39503.0
2026-02-02 04:00:00,615.26,615.52,614.18,614.94,31490.0
2026-02-02 04:15:00,615.0,616.6,614.6,616.15,23238.0
2026-02-02 04:30:00,616.12,616.66,616.0,616.21,17703.0
2026-02-02 04:45:00,616.25,616.7,616.21,616.56,15395.0
2026-02-02 05:00:00,616.54,617.0,616.15,616.41,11381.0
2026-02-02 05:15:00,616.48,616.8,616.23,616.44,29054.0
2026-02-02 05:30:00,616.36,616.51,615.19,615.34,9956.0
2026-02-02 05:45:00,615.25,615.69,615.05,615.45,10378.0
2026-02-02 06:00:00,615.45,616.28,615.28,616.17,10736.0
2026-02-02 06:15:00,616.16,616.61,615.77,616.6,9012.0
2026-02-02 06:30:00,616.63,616.96,616.36,616.89,13680.0
2026-02-02 06:45:00,616.87,617.44,616.49,616.55,15797.0
2026-02-02 07:00:00,616.54,617.27,616.54,617.24,20561.0
2026-02-02 07:15:00,617.17,618.05,617.09,618.0,24918.0
2026-02-02 07:30:00,617.95,618.3,617.73,618.26,28581.0
2026-02-02 07:45:00,618.21,618.37,617.2,617.46,16464.0
2026-02-02 08:00:00,617.43,617.6607,616.65,617.535,221743.0
2026-02-02 08:15:00,617.63,617.75,617.05,617.12,35294.0
2026-02-02 08:30:00,617.31,617.53,616.65,617.49,29673.0
2026-02-02 08:45:00,617.53,618.615,617.5203,618.375,71284.0
2026-02-02 09:00:00,618.43,618.8,618.18,618.61,74500.0
2026-02-02 09:15:00,618.6199,618.77,618.1707,618.77,71915.0
2026-02-03 04:00:00,629.28,630.1,629.28,629.39,11192.0
2026-02-03 04:15:00,629.28,629.58,628.93,629.02,12664.0
2026-02-03 04:30:00,629.11,629.36,628.94,629.16,6529.0
2026-02-03 04:45:00,629.17,629.37,628.97,629.14,9285.0
2026-02-03 05:00:00,629.25,629.67,629.17,629.36,9308.0
2026-02-03 05:15:00,629.55,629.56,629.12,629.19,3327.0
2026-02-03 05:30:00,629.14,629.14,628.6,628.76,7603.0
2026-02-03 05:45:00,628.64,629.0,628.63,628.95,8006.0
2026-02-03 06:00:00,628.87,629.0,628.46,628.79,5784.0
2026-02-03 06:15:00,628.82,629.02,628.5,628.64,4651.0
2026-02-03 06:30:00,628.64,628.8,628.34,628.75,8717.0
2026-02-03 06:45:00,628.81,629.04,628.59,628.68,7840.0
2026-02-03 07:00:00,628.62,629.15,628.1,629.15,10585.0
2026-02-03 07:15:00,629.16,629.58,628.94,629.54,7245.0
2026-02-03 07:30:00,629.53,629.75,629.46,629.52,8761.0
2026-02-03 07:45:00,629.58,629.74,629.37,629.37,8030.0
2026-02-03 08:00:00,629.3988,629.92,629.305,629.61,81239.0
2026-02-03 08:15:00,629.62,629.83,629.3,629.6369,18914.0
2026-02-03 08:30:00,629.66,629.79,629.2,629.27,20851.0
2026-02-03 08:45:00,629.28,629.45,628.955,629.07,45171.0
2026-02-03 09:00:00,629.08,629.3,628.75,628.81,22755.0
2026-02-03 09:15:00,628.79,628.81,628.12,628.25,52724.0
2026-02-04 04:00:00,616.0,616.6,615.61,615.77,17462.0
2026-02-04 04:15:00,615.74,615.78,614.42,615.0,17306.0
2026-02-04 04:30:00,615.15,615.37,614.38,614.72,12973.0
2026-02-04 04:45:00,614.88,615.55,614.67,615.5,10994.0
2026-02-04 05:00:00,615.36,616.34,615.34,615.9,7689.0
2026-02-04 05:15:00,615.9,616.55,615.9,616.5,14546.0
2026-02-04 05:30:00,616.56,617.0,616.34,616.46,7271.0
2026-02-04 05:45:00,616.45,617.0,616.3,616.6,13464.0
2026-02-04 06:00:00,616.67,616.84,616.35,616.52,5753.0
2026-02-04 06:15:00,616.54,616.87,616.46,616.6,9980.0
2026-02-04 06:30:00,616.61,617.3,616.55,617.01,23095.0
2026-02-04 06:45:00,616.95,617.4,616.75,617.22,8889.0
2026-02-04 07:00:00,617.2,617.62,616.36,616.799,10606.0
2026-02-04 07:15:00,616.86,616.98,615.92,616.22,13763.0
2026-02-04 07:30:00,616.16,616.52,615.4,615.78,31606.0
2026-02-04 07:45:00,615.79,616.0,615.4,615.72,13950.0
2026-02-04 08:00:00,615.54,615.8001,614.799,615.2,180197.0
2026-02-04 08:15:00,615.195,615.585,614.67,615.2482,28084.0
2026-02-04 08:30:00,615.26,615.749,614.81,615.23,55011.0
2026-02-04 08:45:00,615.27,615.27,614.05,614.395,76284.0
2026-02-04 09:00:00,614.37,614.42,613.58,614.19,53299.0
2026-02-04 09:15:00,614.19,615.11,613.84,615.0796,74953.0
2026-02-05 04:00:00,605.93,606.79,605.35,605.86,18527.0
2026-02-05 04:15:00,605.83,607.45,605.47,607.45,17744.0
2026-02-05 04:30:00,607.52,608.09,606.56,606.59,7143.0
2026-02-05 04:45:00,606.58,607.2,606.08,606.64,14998.0
2026-02-05 05:00:00,606.48,607.74,606.35,607.7,11374.0
2026-02-05 05:15:00,607.75,608.05,607.5,607.88,5242.0
2026-02-05 05:30:00,607.92,607.92,606.41,606.86,10546.0
2026-02-05 05:45:00,606.8,607.08,606.6,606.65,2330.0
2026-02-05 06:00:00,606.54,606.75,606.15,606.64,5837.0
2026-02-05 06:15:00,606.89,607.38,606.37,606.46,7328.0
2026-02-05 06:30:00,606.41,606.49,605.6,606.02,29237.0
2026-02-05 06:45:00,606.2,606.59,605.99,606.48,10449.0
2026-02-05 07:00:00,606.59,607.15,605.92,606.74,27413.0
2026-02-05 07:15:00,606.89,606.89,602.99,603.54,109942.0
2026-02-05 07:30:00,603.5,603.81,599.8,600.69,137608.0
2026-02-05 07:45:00,600.92,601.04,598.73,600.74,147261.0
2026-02-05 08:00:00,600.75,601.9,600.2805,601.01,392698.0
2026-02-05 08:15:00,601.12,601.52,600.5,600.82,77973.0
2026-02-05 08:30:00,600.85,602.63,600.04,601.3129,175759.0
2026-02-05 08:45:00,601.2679,601.51,599.95,600.18,156808.0
2026-02-05 09:00:00,600.17,601.889,599.37,600.1,132423.0
2026-02-05 09:15:00,600.074,600.415,599.1,600.249,138002.0
2026-02-06 04:00:00,596.0,597.75,595.42,597.75,55312.0
2026-02-06 04:15:00,597.68,599.46,597.11,599.38,53973.0
2026-02-06 04:30:00,599.37,600.82,599.32,600.59,40845.0
2026-02-06 04:45:00,600.66,600.66,599.7,600.07,34837.0
2026-02-06 05:00:00,600.04,600.05,599.16,599.69,20641.0
2026-02-06 05:15:00,599.69,600.07,599.2,599.2,14584.0
2026-02-06 05:30:00,599.3,600.37,599.12,600.0,13108.0
2026-02-06 05:45:00,600.0,601.15,599.85,601.05,26344.0
2026-02-06 06:00:00,601.07,601.95,601.0,601.61,25858.0
2026-02-06 06:15:00,601.84,601.95,601.29,601.48,29779.0
2026-02-06 06:30:00,601.43,602.72,601.43,602.18,83422.0
2026-02-06 06:45:00,602.21,602.92,601.85,602.54,28134.0
2026-02-06 07:00:00,602.41,602.59,601.15,601.16,43829.0
2026-02-06 07:15:00,601.15,601.68,600.77,601.0,17295.0
2026-02-06 07:30:00,601.04,601.62,600.53,600.97,21324.0
2026-02-06 07:45:00,600.97,601.3,600.19,600.71,43314.0
2026-02-06 08:00:00,600.8,601.29,600.12,601.205,327761.0
2026-02-06 08:15:00,601.12,602.3,600.71,601.61,68412.0
2026-02-06 08:30:00,601.6396,602.4,600.64,601.37,71925.0
2026-02-06 08:45:00,601.3505,601.62,600.5987,601.139,64068.0
2026-02-06 09:00:00,601.12,601.555,600.6,600.975,57639.0
2026-02-06 09:15:00,601.045,601.37,599.8,600.21,151635.0
2026-02-09 04:00:00,610.03,610.61,609.97,609.99,16054.0
2026-02-09 04:15:00,610.04,610.2,609.64,609.9,9328.0
2026-02-09 04:30:00,609.93,610.0,608.89,609.2,32530.0
2026-02-09 04:45:00,609.3,609.44,607.92,608.13,20531.0
2026-02-09 05:00:00,608.26,608.3,607.32,607.9,12662.0
2026-02-09 05:15:00,607.68,607.68,606.99,607.01,30199.0
2026-02-09 05:30:00,606.96,607.0,605.34,605.69,35329.0
2026-02-09 05:45:00,605.57,607.44,605.57,607.2,23904.0
2026-02-09 06:00:00,607.16,607.46,606.58,606.94,24821.0
2026-02-09 06:15:00,606.93,607.76,606.72,607.76,10568.0
2026-02-09 06:30:00,607.61,607.8,607.14,607.29,8843.0
2026-02-09 06:45:00,607.27,607.6,606.95,607.39,9432.0
2026-02-09 07:00:00,607.36,608.53,606.5,608.48,30004.0
2026-02-09 07:15:00,608.47,608.47,607.62,608.36,17864.0
2026-02-09 07:30:00,608.28,608.62,608.0,608.02,8630.0
2026-02-09 07:45:00,608.16,608.53,608.0,608.53,6616.0
2026-02-09 08:00:00,608.65,609.83,608.5794,609.5,139434.0
2026-02-09 08:15:00,609.475,609.9,608.88,609.07,46456.0
2026-02-09 08:30:00,609.0815,609.11,608.41,608.72,118965.0
2026-02-09 08:45:00,608.69,608.909,607.949,608.0282,49752.0
2026-02-09 09:00:00,608.15,608.39,607.46,607.9,61289.0
2026-02-09 09:15:00,607.86,608.0707,607.07,607.51,76977.0
2026-02-10 04:00:00,614.36,615.46,614.33,615.4,9983.0
2026-02-10 04:15:00,615.5,615.96,615.5,615.8,9503.0
2026-02-10 04:30:00,615.7,615.82,615.52,615.63,5152.0
2026-02-10 04:45:00,615.53,615.53,614.83,615.02,8455.0
2026-02-10 05:00:00,615.08,615.09,614.57,615.09,5169.0
2026-02-10 05:15:00,615.07,615.1,614.69,614.97,4584.0
2026-02-10 05:30:00,614.93,614.99,614.55,614.74,6395.0
2026-02-10 05:45:00,614.72,615.25,614.68,614.79,4179.0
2026-02-10 06:00:00,614.74,614.76,614.3,614.63,5382.0
2026-02-10 06:15:00,614.64,615.0,614.64,614.81,1992.0
2026-02-10 06:30:00,614.79,615.13,614.79,615.0,3542.0
2026-02-10 06:45:00,614.96,615.29,614.9,615.28,3923.0
2026-02-10 07:00:00,615.29,615.84,615.179,615.69,14820.0
2026-02-10 07:15:00,615.81,616.25,615.7,616.25,7911.0
2026-02-10 07:30:00,616.3,616.44,614.9,615.28,20837.0
2026-02-10 07:45:00,615.1,615.26,614.41,614.45,24393.0
2026-02-10 08:00:00,614.4688,614.6501,613.3,613.99,148627.0
2026-02-10 08:15:00,613.965,614.48,613.67,614.2518,35570.0
2026-02-10 08:30:00,614.25,614.81,613.58,614.67,51014.0
2026-02-10 08:45:00,614.7,615.2605,614.65,615.2395,76824.0
2026-02-10 09:00:00,615.19,615.52,615.0966,615.45,69069.0
2026-02-10 09:15:00,615.5,615.82,615.3195,615.3195,87773.0
2026-02-11 04:00:00,612.24,613.0,612.15,612.5,6729.0
2026-02-11 04:15:00,612.54,612.62,612.05,612.43,7747.0
2026-02-11 04:30:00,612.32,612.32,611.25,611.31,3312.0
2026-02-11 04:45:00,611.5,611.85,611.28,611.28,4297.0
2026-02-11 05:00:00,611.2,611.2,609.89,610.2,13867.0
2026-02-11 05:15:00,610.3,611.06,610.27,610.85,5362.0
2026-02-11 05:30:00,610.89,611.0,610.57,610.88,2317.0
2026-02-11 05:45:00,610.77,611.21,610.31,611.21,3099.0
2026-02-11 06:00:00,611.31,611.9,611.28,611.5,5680.0
2026-02-11 06:15:00,611.55,612.25,611.55,612.25,4911.0
2026-02-11 06:30:00,612.3,612.33,611.51,611.6,6078.0
2026-02-11 06:45:00,611.65,612.06,611.39,611.44,6224.0
2026-02-11 07:00:00,611.36,612.95,611.36,612.851,26005.0
2026-02-11 07:15:00,612.85,612.85,612.38,612.51,6686.0
2026-02-11 07:30:00,612.47,612.53,612.04,612.22,6923.0
2026-02-11 07:45:00,612.3,612.3,611.71,612.25,9022.0
2026-02-11 08:00:00,612.3788,612.47,611.99,612.31,118656.0
2026-02-11 08:15:00,612.33,612.84,612.2,612.21,28326.0
2026-02-11 08:30:00,612.12,615.2,612.07,614.6006,338616.0
2026-02-11 08:45:00,614.62,617.17,614.59,617.03,180425.0
2026-02-11 09:00:00,616.9925,616.9925,616.19,616.42,85005.0
2026-02-11 09:15:00,616.4012,616.93,616.1403,616.44,68011.0
2026-02-12 04:00:00,614.81,615.15,614.62,614.99,6336.0
2026-02-12 04:15:00,615.05,615.15,614.83,614.85,3667.0
2026-02-12 04:30:00,614.8,615.06,614.65,614.7,3123.0
2026-02-12 04:45:00,614.72,615.02,614.4,615.02,6689.0
2026-02-12 05:00:00,614.92,615.4,614.67,614.69,7522.0
2026-02-12 05:15:00,614.71,614.83,614.5,614.64,3788.0
2026-02-12 05:30:00,614.73,614.8,614.58,614.7,1500.0
2026-02-12 05:45:00,614.7,614.8,614.62,614.74,1703.0
2026-02-12 06:00:00,614.86,615.06,614.6,615.03,14163.0
2026-02-12 06:15:00,614.97,615.34,614.97,615.34,6135.0
2026-02-12 06:30:00,615.25,615.35,614.69,614.69,3677.0
2026-02-12 06:45:00,614.69,615.3,614.69,615.3,6290.0
2026-02-12 07:00:00,615.18,615.25,614.65,615.0,4783.0
2026-02-12 07:15:00,614.8,615.23,614.8,615.23,5309.0
2026-02-12 07:30:00,615.19,615.659,615.18,615.2,10552.0
2026-02-12 07:45:00,615.2,615.38,614.89,615.06,10946.0
2026-02-12 08:00:00,614.8988,615.1233,614.31,614.325,81689.0
2026-02-12 08:15:00,614.31,614.6,614.12,614.57,16409.0
2026-02-12 08:30:00,614.62,616.5,614.47,616.325,65444.0
2026-02-12 08:45:00,616.315,616.37,615.57,615.91,61580.0
2026-02-12 09:00:00,615.9,616.01,615.1871,615.2092,43708.0
2026-02-12 09:15:00,615.21,615.59,614.759,614.759,49083.0
2026-02-13 04:00:00,601.18,601.24,600.15,600.75,7351.0
2026-02-13 04:15:00,600.76,601.94,600.76,601.62,10958.0
2026-02-13 04:30:00,601.6,601.88,601.46,601.46,14279.0
2026-02-13 04:45:00,601.56,601.95,600.97,601.02,9058.0
2026-02-13 05:00:00,601.1,601.5,600.87,601.38,7730.0
2026-02-13 05:15:00,601.5,601.76,601.28,601.46,6249.0
2026-02-13 05:30:00,601.55,601.55,600.66,600.91,5698.0
2026-02-13 05:45:00,600.84,600.99,600.04,600.08,6876.0
2026-02-13 06:00:00,600.08,600.08,598.73,598.73,9002.0
2026-02-13 06:15:00,598.6,599.23,598.23,598.5,15385.0
2026-02-13 06:30:00,598.44,599.34,597.61,598.66,15349.0
2026-02-13 06:45:00,598.69,599.84,598.41,599.84,25968.0
2026-02-13 07:00:00,599.87,600.41,598.83,598.99,41649.0
2026-02-13 07:15:00,599.02,599.97,598.71,599.57,18648.0
2026-02-13 07:30:00,599.49,600.05,599.49,599.97,9335.0
2026-02-13 07:45:00,599.95,600.2,598.62,599.21,53245.0
2026-02-13 08:00:00,599.24,599.81,597.6,597.7795,259408.0
2026-02-13 08:15:00,597.76,599.8,597.43,599.2,91834.0
2026-02-13 08:30:00,599.5,602.3,599.5,601.18,392355.0
2026-02-13 08:45:00,601.1508,602.0802,600.13,601.3799,146378.0
2026-02-13 09:00:00,601.3,602.2823,599.84,600.5099,157670.0
2026-02-13 09:15:00,600.45,600.72,599.77,600.42,88992.0
2026-02-17 04:00:00,597.99,598.88,597.99,598.07,23661.0
2026-02-17 04:15:00,598.01,598.71,597.97,598.71,4306.0
2026-02-17 04:30:00,598.64,599.23,598.64,598.95,4399.0
2026-02-17 04:45:00,599.03,599.27,598.73,599.06,2352.0
2026-02-17 05:00:00,599.15,599.34,598.37,598.39,2993.0
2026-02-17 05:15:00,598.47,598.55,598.11,598.45,2633.0
2026-02-17 05:30:00,598.45,598.45,597.06,597.14,14610.0
2026-02-17 05:45:00,597.1,597.55,596.78,597.14,8813.0
2026-02-17 06:00:00,597.33,597.52,596.68,597.03,8675.0
2026-02-17 06:15:00,596.97,597.43,596.37,597.43,10574.0
2026-02-17 06:30:00,597.47,597.7,597.0,597.24,11376.0
2026-02-17 06:45:00,597.21,597.99,597.15,597.5,19254.0
2026-02-17 07:00:00,597.47,598.6,597.2,598.28,14792.0
2026-02-17 07:15:00,598.21,598.35,597.45,597.45,19244.0
2026-02-17 07:30:00,597.45,597.46,596.96,597.08,6906.0
2026-02-17 07:45:00,597.2,597.2,596.45,596.67,25111.0
2026-02-17 08:00:00,596.62,597.0285,595.0492,595.76,198724.0
2026-02-17 08:15:00,595.8,597.5,595.39,597.1,90038.0
2026-02-17 08:30:00,597.2,597.2,596.42,596.96,26997.0
2026-02-17 08:45:00,596.99,599.46,596.4564,597.2999,100734.0
2026-02-17 09:00:00,597.3,598.69,597.3,598.205,49821.0
2026-02-17 09:15:00,598.2395,598.625,597.66,598.29,45753.0
2026-02-18 04:00:00,604.35,604.89,604.31,604.67,7323.0
2026-02-18 04:15:00,604.74,604.9,604.46,604.84,4507.0
2026-02-18 04:30:00,604.79,605.3,604.79,605.18,15921.0
2026-02-18 04:45:00,605.18,605.18,604.5,604.54,4871.0
2026-02-18 05:00:00,604.56,605.25,604.53,605.13,5968.0
2026-02-18 05:15:00,605.13,605.2,604.92,605.17,6002.0
2026-02-18 05:30:00,605.14,605.27,604.76,604.91,3230.0
2026-02-18 05:45:00,605.0,605.04,604.66,604.76,6789.0
2026-02-18 06:00:00,604.89,604.93,604.23,604.32,13048.0
2026-02-18 06:15:00,604.43,604.89,604.35,604.45,7232.0
2026-02-18 06:30:00,604.45,604.68,604.06,604.13,9221.0
2026-02-18 06:45:00,604.25,604.44,604.1,604.2,7551.0
2026-02-18 07:00:00,604.25,605.69,604.08,605.69,34030.0
2026-02-18 07:15:00,605.66,605.77,604.3,604.33,15686.0
2026-02-18 07:30:00,604.31,604.33,602.93,603.99,33634.0
2026-02-18 07:45:00,603.9,604.27,603.46,604.06,11063.0
2026-02-18 08:00:00,604.2,604.27,603.55,604.01,130511.0
2026-02-18 08:15:00,604.01,604.271,603.49,604.12,32632.0
2026-02-18 08:30:00,604.2,604.8,602.71,603.0888,59685.0
2026-02-18 08:45:00,603.1,603.15,602.3092,602.57,33252.0
2026-02-18 09:00:00,602.56,602.87,602.1295,602.6775,30549.0
2026-02-18 09:15:00,602.69,603.03,602.09,602.15,73845.0
2026-02-19 04:00:00,605.79,606.17,605.48,606.04,9467.0
2026-02-19 04:15:00,606.04,606.12,605.13,605.25,9588.0
2026-02-19 04:30:00,605.33,605.5,604.27,604.36,8652.0
2026-02-19 04:45:00,604.43,604.43,603.3,604.19,13990.0
2026-02-19 05:00:00,604.14,604.47,602.85,602.97,20587.0
2026-02-19 05:15:00,603.12,603.55,602.8,602.99,9921.0
2026-02-19 05:30:00,603.08,603.47,602.6,603.44,10605.0
2026-02-19 05:45:00,603.29,603.71,602.94,603.25,4701.0
2026-02-19 06:00:00,603.22,603.86,602.91,603.63,31927.0
2026-02-19 06:15:00,603.74,603.99,603.4,603.72,15567.0
2026-02-19 06:30:00,603.82,604.02,603.48,603.61,4400.0
2026-02-19 06:45:00,603.71,603.9,603.03,603.84,4327.0
2026-02-19 07:00:00,603.9,603.9,602.35,603.3,16416.0
2026-02-19 07:15:00,603.45,604.28,603.1,603.9,7970.0
2026-02-19 07:30:00,603.77,604.27,603.58,604.24,13909.0
2026-02-19 07:45:00,604.24,604.27,603.63,603.7,6520.0
2026-02-19 08:00:00,603.74,604.045,603.06,603.19,99994.0
2026-02-19 08:15:00,603.205,603.29,602.2495,602.64,36199.0
2026-02-19 08:30:00,602.8,603.93,601.89,603.23,61236.0
2026-02-19 08:45:00,603.1,603.92,602.87,603.28,47018.0
2026-02-19 09:00:00,603.32,603.53,602.6687,603.17,65941.0
2026-02-19 09:15:00,603.1678,603.7499,602.73,602.82,54719.0
2026-02-20 04:00:00,605.47,606.04,605.34,606.03,12665.0
2026-02-20 04:15:00,606.04,606.59,606.0,606.42,11157.0
2026-02-20 04:30:00,606.37,606.49,605.81,606.0,3617.0
2026-02-20 04:45:00,606.01,606.04,605.4,605.5,9513.0
2026-02-20 05:00:00,605.5,605.63,605.19,605.54,3431.0
2026-02-20 05:15:00,605.61,605.71,605.08,605.32,2400.0
2026-02-20 05:30:00,605.24,605.48,605.04,605.25,2650.0
2026-02-20 05:45:00,605.24,605.44,604.64,604.67,9155.0
2026-02-20 06:00:00,604.62,604.62,603.33,603.9,11083.0
2026-02-20 06:15:00,603.8,604.26,603.57,604.14,3737.0
2026-02-20 06:30:00,604.13,604.34,603.43,603.68,5027.0
2026-02-20 06:45:00,603.65,603.7,602.53,602.94,19577.0
2026-02-20 07:00:00,602.94,603.22,602.39,603.22,12978.0
2026-02-20 07:15:00,603.33,603.361,602.23,602.39,7891.0
2026-02-20 07:30:00,602.38,602.6,602.01,602.34,18191.0
2026-02-20 07:45:00,602.28,602.93,602.05,602.93,20560.0
2026-02-20 08:00:00,602.98,603.01,602.6,602.77,130083.0
2026-02-20 08:15:00,602.851,603.7512,602.805,603.715,39493.0
2026-02-20 08:30:00,603.5842,603.62,600.37,600.81,204123.0
2026-02-20 08:45:00,600.86,601.5054,600.32,601.4216,109890.0
2026-02-20 09:00:00,601.4146,601.7702,600.4212,600.65,92703.0
2026-02-20 09:15:00,600.63,600.69,599.7,600.12,101064.0
2026-02-23 04:00:00,605.32,606.98,605.32,606.89,18518.0
2026-02-23 04:15:00,606.93,606.93,606.4,606.91,4314.0
2026-02-23 04:30:00,606.9,607.15,606.44,606.98,7561.0
2026-02-23 04:45:00,606.98,607.06,606.65,606.65,4683.0
2026-02-23 05:00:00,606.69,607.14,606.57,606.86,5225.0
2026-02-23 05:15:00,606.75,606.76,605.79,606.33,21227.0
2026-02-23 05:30:00,606.35,606.64,606.09,606.57,8245.0
2026-02-23 05:45:00,606.41,606.44,606.21,606.33,3723.0
2026-02-23 06:00:00,606.39,606.51,606.05,606.51,3898.0
2026-02-23 06:15:00,606.6,606.72,606.22,606.23,4527.0
2026-02-23 06:30:00,606.25,606.27,605.79,605.81,5948.0
2026-02-23 06:45:00,605.87,605.88,604.85,605.36,22964.0
2026-02-23 07:00:00,605.34,605.62,604.98,605.14,13089.0
2026-02-23 07:15:00,605.1,605.1,604.7,604.78,18210.0
2026-02-23 07:30:00,604.67,605.2,604.299,605.2,16065.0
2026-02-23 07:45:00,605.15,605.259,604.5,604.65,22294.0
2026-02-23 08:00:00,604.62,605.54,604.35,605.11,133874.0
2026-02-23 08:15:00,605.09,605.5183,604.94,605.28,25745.0
2026-02-23 08:30:00,605.29,605.85,604.915,605.8346,38353.0
2026-02-23 08:45:00,605.845,605.9502,605.31,605.51,37659.0
2026-02-23 09:00:00,605.5105,606.15,605.4507,606.13,49310.0
2026-02-23 09:15:00,606.14,606.6405,605.575,606.6,51945.0
2026-02-24 04:00:00,602.07,603.18,602.06,603.18,22660.0
2026-02-24 04:15:00,603.21,603.28,602.8,602.82,5653.0
2026-02-24 04:30:00,602.82,602.95,602.14,602.87,7574.0
2026-02-24 04:45:00,603.01,603.41,602.93,603.39,18707.0
2026-02-24 05:00:00,603.39,603.83,603.29,603.29,6335.0
2026-02-24 05:15:00,603.29,603.41,603.15,603.2,2113.0
2026-02-24 05:30:00,603.33,603.38,602.97,603.24,2562.0
2026-02-24 05:45:00,603.34,603.34,602.97,603.24,3413.0
2026-02-24 06:00:00,603.34,603.56,602.9,602.9,7538.0
2026-02-24 06:15:00,602.91,603.03,602.7,602.8,3990.0
2026-02-24 06:30:00,602.9,602.93,602.52,602.72,4617.0
2026-02-24 06:45:00,602.82,603.09,602.6,603.06,8007.0
2026-02-24 07:00:00,603.03,604.73,603.0,604.11,65204.0
2026-02-24 07:15:00,603.99,604.0,603.13,603.35,23620.0
2026-02-24 07:30:00,603.24,603.4,602.3,602.66,11854.0
2026-02-24 07:45:00,602.72,602.8,602.19,602.65,20258.0
2026-02-24 08:00:00,602.6288,603.26,602.5316,602.8777,118643.0
2026-02-24 08:15:00,602.88,603.6892,602.8786,603.5901,19375.0
2026-02-24 08:30:00,603.67,604.09,603.18,604.02,47494.0
2026-02-24 08:45:00,604.03,604.46,603.94,604.1494,45038.0
2026-02-24 09:00:00,604.1405,604.1486,603.34,603.52,39967.0
2026-02-24 09:15:00,603.52,603.55,602.22,602.3,75911.0
2026-02-25 04:00:00,608.91,609.27,608.58,609.03,5320.0
2026-02-25 04:15:00,608.99,609.16,608.8,608.87,5892.0
2026-02-25 04:30:00,608.83,609.15,608.79,609.12,3572.0
2026-02-25 04:45:00,609.18,609.27,609.02,609.17,4000.0
2026-02-25 05:00:00,609.27,609.27,608.82,608.86,4548.0
2026-02-25 05:15:00,608.95,609.19,608.8,609.19,4667.0
2026-02-25 05:30:00,609.13,609.47,608.98,609.34,4291.0
2026-02-25 05:45:00,609.17,609.31,608.87,608.99,2826.0
2026-02-25 06:00:00,609.03,609.16,608.86,609.15,6124.0
2026-02-25 06:15:00,609.13,609.25,608.96,609.16,9618.0
2026-02-25 06:30:00,609.19,609.85,609.19,609.8,15549.0
2026-02-25 06:45:00,609.83,610.25,609.81,610.18,11625.0
2026-02-25 07:00:00,610.15,610.37,609.82,609.92,42612.0
2026-02-25 07:15:00,609.9,610.81,609.9,610.499,24701.0
2026-02-25 07:30:00,610.33,610.64,610.26,610.43,13065.0
2026-02-25 07:45:00,610.36,610.77,610.36,610.54,11941.0
2026-02-25 08:00:00,610.58,610.86,610.43,610.82,112145.0
2026-02-25 08:15:00,610.78,610.79,610.38,610.65,34483.0
2026-02-25 08:30:00,610.641,610.6854,610.24,610.46,37259.0
2026-02-25 08:45:00,610.43,611.21,610.42,610.8407,32922.0
2026-02-25 09:00:00,610.91,611.5,610.74,611.0,93408.0
2026-02-25 09:15:00,610.97,611.14,610.37,611.09,113608.0
2026-02-26 04:00:00,615.75,616.31,615.7,616.3,8923.0
2026-02-26 04:15:00,616.32,616.51,616.15,616.51,10828.0
2026-02-26 04:30:00,616.45,616.93,616.42,616.93,7903.0
2026-02-26 04:45:00,616.83,617.02,616.45,616.51,13906.0
2026-02-26 05:00:00,616.52,616.69,616.4,616.66,10298.0
2026-02-26 05:15:00,616.61,616.63,616.12,616.15,8727.0
2026-02-26 05:30:00,616.11,616.27,615.9,616.26,5444.0
2026-02-26 05:45:00,616.19,616.2,615.75,615.95,7980.0
2026-02-26 06:00:00,616.03,616.09,615.68,615.91,8201.0
2026-02-26 06:15:00,615.85,616.24,615.82,616.14,13589.0
2026-02-26 06:30:00,616.16,616.26,615.96,615.96,2481.0
2026-02-26 06:45:00,615.96,616.25,615.84,616.09,5019.0
2026-02-26 07:00:00,616.06,616.48,616.04,616.15,6167.0
2026-02-26 07:15:00,616.14,616.69,616.14,616.69,5641.0
2026-02-26 07:30:00,616.64,616.76,616.309,616.72,9870.0
2026-02-26 07:45:00,616.61,616.61,616.31,616.31,4843.0
2026-02-26 08:00:00,616.28,616.52,616.02,616.4382,93298.0
2026-02-26 08:15:00,616.415,616.99,616.3212,616.9687,39474.0
2026-02-26 08:30:00,616.89,617.04,616.6601,616.67,35241.0
2026-02-26 08:45:00,616.66,617.35,616.54,616.61,81512.0
2026-02-26 09:00:00,616.59,616.94,616.21,616.42,40398.0
2026-02-26 09:15:00,616.47,616.59,615.51,615.5697,127109.0
2026-02-27 04:00:00,609.12,609.59,608.72,609.36,10034.0
2026-02-27 04:15:00,609.45,609.83,609.1,609.35,28960.0
2026-02-27 04:30:00,609.29,609.32,608.27,608.27,18993.0
2026-02-27 04:45:00,608.25,608.58,608.1,608.23,8270.0
2026-02-27 05:00:00,608.05,608.05,606.69,607.05,10844.0
2026-02-27 05:15:00,607.25,607.93,607.25,607.69,5266.0
2026-02-27 05:30:00,607.95,608.5,607.94,608.33,9933.0
2026-02-27 05:45:00,608.28,608.28,607.23,607.51,11375.0
2026-02-27 06:00:00,607.47,607.59,607.16,607.37,7212.0
2026-02-27 06:15:00,607.34,607.6,607.13,607.29,11707.0
2026-02-27 06:30:00,607.21,607.41,605.82,605.97,20058.0
2026-02-27 06:45:00,606.11,606.4,605.8,606.4,11726.0
2026-02-27 07:00:00,606.4,606.93,605.57,606.93,14932.0
2026-02-27 07:15:00,606.87,607.3,606.74,606.82,26852.0
2026-02-27 07:30:00,606.75,607.06,605.68,605.74,26865.0
2026-02-27 07:45:00,605.73,605.92,605.01,605.45,30654.0
2026-02-27 08:00:00,605.54,606.07,605.2071,605.27,107070.0
2026-02-27 08:15:00,605.3244,605.6,604.41,604.61,61442.0
2026-02-27 08:30:00,604.49,604.62,602.51,603.56,221174.0
2026-02-27 08:45:00,603.5838,604.5502,603.4006,604.3007,103710.0
2026-02-27 09:00:00,604.4574,604.4574,603.4,603.74,71187.0
2026-02-27 09:15:00,603.67,603.67,602.55,602.88,117710.0
2026-03-02 04:00:00,596.95,598.62,596.71,598.28,56425.0
2026-03-02 04:15:00,598.34,599.06,598.26,598.61,29565.0
2026-03-02 04:30:00,598.79,599.12,598.11,598.7,22380.0
2026-03-02 04:45:00,598.59,598.7,598.09,598.54,16260.0
2026-03-02 05:00:00,598.5,599.84,598.5,598.9,47765.0
2026-03-02 05:15:00,598.91,599.59,598.63,599.13,13664.0
2026-03-02 05:30:00,599.24,599.82,599.14,599.65,26665.0
2026-03-02 05:45:00,599.83,599.84,598.84,599.13,12391.0
2026-03-02 06:00:00,599.34,599.47,598.7,598.92,12033.0
2026-03-02 06:15:00,598.95,599.53,598.7,599.17,18455.0
2026-03-02 06:30:00,599.15,600.05,599.15,599.8,35471.0
2026-03-02 06:45:00,599.68,600.93,599.55,599.88,50058.0
2026-03-02 07:00:00,599.96,600.29,598.72,599.26,32034.0
2026-03-02 07:15:00,599.0,599.13,598.58,598.67,20452.0
2026-03-02 07:30:00,598.68,599.1,598.5,598.81,26692.0
2026-03-02 07:45:00,598.79,599.3,598.04,598.49,35994.0
2026-03-02 08:00:00,598.56,599.3,598.34,598.945,314115.0
2026-03-02 08:15:00,598.98,601.1415,598.882,600.2506,181619.0
2026-03-02 08:30:00,600.2899,600.46,599.16,599.1808,73323.0
2026-03-02 08:45:00,599.19,599.64,597.69,598.3129,72109.0
2026-03-02 09:00:00,598.3384,599.06,598.0109,598.6299,57657.0
2026-03-02 09:15:00,598.57,599.0,598.07,598.89,48198.0
2026-03-03 04:00:00,596.37,597.43,595.92,596.85,55773.0
2026-03-03 04:15:00,596.95,596.95,595.73,595.91,38904.0
2026-03-03 04:30:00,596.0,596.5,595.42,595.49,49012.0
2026-03-03 04:45:00,595.48,595.55,594.24,594.32,68321.0
2026-03-03 05:00:00,594.37,595.05,593.6,594.29,43655.0
2026-03-03 05:15:00,594.23,595.0,593.95,593.95,30982.0
2026-03-03 05:30:00,594.14,594.74,592.94,594.74,50009.0
2026-03-03 05:45:00,594.76,595.06,593.27,594.23,53187.0
2026-03-03 06:00:00,594.2,594.93,593.65,593.76,23322.0
2026-03-03 06:15:00,593.92,595.18,592.32,594.49,56018.0
2026-03-03 06:30:00,594.39,595.58,594.39,595.46,31734.0
2026-03-03 06:45:00,595.5,595.84,594.8,595.13,42223.0
2026-03-03 07:00:00,595.19,597.31,594.99,596.869,79493.0
2026-03-03 07:15:00,596.89,597.95,596.41,597.26,75222.0
2026-03-03 07:30:00,597.23,597.75,596.74,597.46,32528.0
2026-03-03 07:45:00,597.51,598.07,596.92,597.58,58577.0
2026-03-03 08:00:00,597.56,597.7594,596.2,596.73,414610.0
2026-03-03 08:15:00,596.6815,597.29,595.85,596.2052,99399.0
2026-03-03 08:30:00,596.21,596.22,594.85,595.42,150674.0
2026-03-03 08:45:00,595.395,595.5,594.2,595.4,94949.0
2026-03-03 09:00:00,595.42,595.6107,594.4591,594.97,93442.0
2026-03-03 09:15:00,595.0,596.5,594.84,596.25,116303.0
2026-03-04 04:00:00,599.09,600.53,598.5,600.3,25263.0
2026-03-04 04:15:00,600.23,600.8,600.06,600.51,25819.0
2026-03-04 04:30:00,600.51,601.48,600.29,601.18,46010.0
2026-03-04 04:45:00,601.22,602.1,601.09,601.72,29071.0
2026-03-04 05:00:00,601.6,604.23,601.25,604.06,78918.0
2026-03-04 05:15:00,604.15,604.4,602.73,603.0,66924.0
2026-03-04 05:30:00,603.23,603.93,603.0,603.65,20433.0
2026-03-04 05:45:00,603.45,604.11,603.21,603.89,30631.0
2026-03-04 06:00:00,603.91,604.61,603.8,604.16,33849.0
2026-03-04 06:15:00,604.27,605.1,604.26,604.32,56975.0
2026-03-04 06:30:00,604.4,604.58,603.23,603.23,37361.0
2026-03-04 06:45:00,603.1,603.73,602.9,602.95,18131.0
2026-03-04 07:00:00,603.04,603.9,602.98,603.5,45570.0
2026-03-04 07:15:00,603.44,603.44,601.12,601.21,44399.0
2026-03-04 07:30:00,601.22,602.66,600.93,602.44,29885.0
2026-03-04 07:45:00,602.3,602.9,601.86,602.85,25166.0
2026-03-04 08:00:00,602.79,605.81,602.6707,605.68,458990.0
2026-03-04 08:15:00,605.72,605.88,604.4,604.8386,74997.0
2026-03-04 08:30:00,604.8112,605.78,604.3,605.37,112412.0
2026-03-04 08:45:00,605.3261,605.69,604.67,605.0,81728.0
2026-03-04 09:00:00,604.97,605.38,604.46,605.12,68179.0
2026-03-04 09:15:00,605.2,605.55,604.05,604.07,126606.0
2026-03-05 04:00:00,608.98,612.7,608.79,612.25,58230.0
2026-03-05 04:15:00,612.28,612.5,610.76,610.89,47361.0
2026-03-05 04:30:00,610.85,611.23,609.9,610.0,34459.0
2026-03-05 04:45:00,610.12,610.73,609.77,610.71,20752.0
2026-03-05 05:00:00,610.55,610.9,609.8,610.67,11150.0
2026-03-05 05:15:00,610.61,611.17,610.56,610.99,13940.0
2026-03-05 05:30:00,611.05,611.21,610.12,610.27,7136.0
2026-03-05 05:45:00,610.28,610.71,610.0,610.31,4021.0
2026-03-05 06:00:00,610.35,611.03,609.8,611.03,28830.0
2026-03-05 06:15:00,611.08,611.31,610.74,611.04,4746.0
2026-03-05 06:30:00,610.88,611.37,610.3,610.7,11454.0
2026-03-05 06:45:00,610.75,611.02,609.9,609.98,16486.0
2026-03-05 07:00:00,610.08,610.42,609.64,610.18,14744.0
2026-03-05 07:15:00,610.07,611.52,609.8,610.63,27133.0
2026-03-05 07:30:00,610.55,610.73,609.5,609.77,10192.0
2026-03-05 07:45:00,609.63,610.24,608.68,609.43,42805.0
2026-03-05 08:00:00,609.44,609.6577,608.38,608.73,213416.0
2026-03-05 08:15:00,608.72,609.3,608.355,609.09,54265.0
2026-03-05 08:30:00,609.09,609.4305,607.54,608.26,95361.0
2026-03-05 08:45:00,608.24,608.89,607.31,607.64,92791.0
2026-03-05 09:00:00,607.6,608.001,607.22,607.4,74761.0
2026-03-05 09:15:00,607.43,607.79,606.82,607.3818,95200.0
2026-03-06 04:00:00,609.83,609.88,608.22,608.49,36302.0
2026-03-06 04:15:00,608.47,608.6,606.94,607.02,27368.0
2026-03-06 04:30:00,606.95,607.45,605.7,606.18,30773.0
2026-03-06 04:45:00,606.15,606.3,605.13,606.0,32016.0
2026-03-06 05:00:00,606.09,607.17,606.09,606.72,28216.0
2026-03-06 05:15:00,606.61,607.43,606.44,607.42,22045.0
2026-03-06 05:30:00,607.28,607.28,606.45,606.46,41532.0
2026-03-06 05:45:00,606.4,607.0,606.25,606.75,6243.0
2026-03-06 06:00:00,606.69,606.78,605.28,606.64,45486.0
2026-03-06 06:15:00,606.43,607.03,606.1,606.66,20662.0
2026-03-06 06:30:00,606.62,606.77,604.6,604.94,47776.0
2026-03-06 06:45:00,604.94,605.4,604.06,604.58,33703.0
2026-03-06 07:00:00,604.59,604.91,604.05,604.83,21290.0
2026-03-06 07:15:00,604.93,605.1,604.47,604.52,25111.0
2026-03-06 07:30:00,604.52,604.6,603.65,604.26,33575.0
2026-03-06 07:45:00,604.23,604.33,603.25,603.93,40618.0
2026-03-06 08:00:00,603.91,604.65,603.68,604.3,250165.0
2026-03-06 08:15:00,604.2795,604.97,604.0,604.71,51058.0
2026-03-06 08:30:00,604.95,605.43,601.35,601.58,342962.0
2026-03-06 08:45:00,601.47,601.47,598.73,599.3889,352124.0
2026-03-06 09:00:00,599.25,599.9,598.58,598.9178,123039.0
2026-03-06 09:15:00,598.94,600.3212,598.66,600.3212,125589.0
2026-03-09 04:00:00,590.62,591.27,589.76,590.03,41508.0
2026-03-09 04:15:00,589.98,591.36,589.46,590.51,33947.0
2026-03-09 04:30:00,590.5,591.9,590.5,590.71,33235.0
2026-03-09 04:45:00,590.54,591.65,590.31,591.32,16793.0
2026-03-09 05:00:00,591.34,592.24,590.69,592.22,33036.0
2026-03-09 05:15:00,592.16,594.04,592.14,593.73,34212.0
2026-03-09 05:30:00,593.74,595.74,593.0,595.02,73265.0
2026-03-09 05:45:00,594.97,595.46,593.3,593.89,26574.0
2026-03-09 06:00:00,594.05,594.21,592.74,592.99,36444.0
2026-03-09 06:15:00,592.97,593.8,592.9,592.93,28965.0
2026-03-09 06:30:00,592.9,593.85,592.46,593.21,25766.0
2026-03-09 06:45:00,593.14,593.45,592.14,592.82,18215.0
2026-03-09 07:00:00,592.82,593.75,592.66,592.98,16315.0
2026-03-09 07:15:00,592.97,593.25,592.3,592.48,22035.0
2026-03-09 07:30:00,592.61,594.0,592.4,593.06,15803.0
2026-03-09 07:45:00,593.14,593.71,592.89,593.01,29008.0
2026-03-09 08:00:00,592.98,594.42,592.9412,594.3517,327536.0
2026-03-09 08:15:00,594.4,594.9016,594.27,594.7329,67916.0
2026-03-09 08:30:00,594.75,594.85,592.58,592.7361,69168.0
2026-03-09 08:45:00,592.729,593.08,592.29,592.978,59233.0
2026-03-09 09:00:00,592.9517,594.54,592.842,594.309,109887.0
2026-03-09 09:15:00,594.22,594.4403,593.12,594.21,107283.0
2026-03-10 04:00:00,609.76,611.48,609.52,610.8,53211.0
2026-03-10 04:15:00,610.78,611.27,610.4,611.23,18828.0
2026-03-10 04:30:00,611.01,611.55,610.76,611.1,19159.0
2026-03-10 04:45:00,611.05,611.35,609.94,610.16,29006.0
2026-03-10 05:00:00,610.1,611.25,610.0,610.93,18408.0
2026-03-10 05:15:00,610.97,610.99,610.31,610.64,10444.0
2026-03-10 05:30:00,610.6,611.1,610.42,610.77,8079.0
2026-03-10 05:45:00,610.6,610.86,610.11,610.23,10857.0
2026-03-10 06:00:00,610.23,610.25,609.36,609.59,13334.0
2026-03-10 06:15:00,609.52,609.92,609.1,609.92,11518.0
2026-03-10 06:30:00,609.99,610.23,608.55,609.49,19391.0
2026-03-10 06:45:00,609.51,609.72,609.1,609.66,9858.0
2026-03-10 07:00:00,609.56,610.58,608.19,608.19,49728.0
2026-03-10 07:15:00,608.37,608.69,607.88,608.57,13491.0
2026-03-10 07:30:00,608.58,608.63,607.25,607.34,13838.0
2026-03-10 07:45:00,607.37,607.8,607.011,607.27,37941.0
2026-03-10 08:00:00,607.3413,607.393,605.63,606.37,311340.0
2026-03-10 08:15:00,606.3863,606.81,605.9392,606.0692,48693.0
2026-03-10 08:30:00,606.059,607.0487,605.4335,606.7861,66106.0
2026-03-10 08:45:00,606.8381,608.02,606.8245,607.2655,74355.0
2026-03-10 09:00:00,607.5,607.7907,607.0363,607.289,43295.0
2026-03-10 09:15:00,607.3409,608.2,607.2,607.76,43366.0
2026-03-11 04:00:00,608.2,608.73,608.1,608.73,11551.0
2026-03-11 04:15:00,608.69,608.86,608.1,608.58,7347.0
2026-03-11 04:30:00,608.38,609.0,607.65,607.91,10986.0
2026-03-11 04:45:00,607.9,608.01,606.51,607.37,28695.0
2026-03-11 05:00:00,607.25,607.28,606.32,606.46,27043.0
2026-03-11 05:15:00,606.6,607.4,606.22,606.28,14464.0
2026-03-11 05:30:00,606.28,606.85,606.05,606.23,10880.0
2026-03-11 05:45:00,606.35,606.62,605.68,605.79,8983.0
2026-03-11 06:00:00,605.73,607.46,605.55,607.46,16106.0
2026-03-11 06:15:00,607.38,607.76,607.13,607.53,9926.0
2026-03-11 06:30:00,607.68,608.55,607.59,608.54,13435.0
2026-03-11 06:45:00,608.55,608.69,608.33,608.41,7028.0
2026-03-11 07:00:00,608.55,609.15,608.41,608.88,11050.0
2026-03-11 07:15:00,608.76,609.03,607.43,607.61,16255.0
2026-03-11 07:30:00,607.5,607.92,607.01,607.46,14918.0
2026-03-11 07:45:00,607.4,608.0,606.4,606.86,35516.0
2026-03-11 08:00:00,606.86,607.42,606.61,607.04,158163.0
2026-03-11 08:15:00,607.12,608.0,606.88,607.71,34814.0
2026-03-11 08:30:00,607.68,609.32,606.2,606.5,118675.0
2026-03-11 08:45:00,606.4589,607.061,605.9375,606.78,55014.0
2026-03-11 09:00:00,606.861,608.0602,606.82,607.1795,73467.0
2026-03-11 09:15:00,607.27,608.94,607.23,608.89,60537.0
2026-03-12 04:00:00,605.06,605.75,604.95,605.2,42688.0
2026-03-12 04:15:00,605.19,605.52,604.68,604.76,33174.0
2026-03-12 04:30:00,604.65,605.04,604.2,605.0,18649.0
2026-03-12 04:45:00,604.96,605.46,604.78,605.06,8199.0
2026-03-12 05:00:00,605.0,605.0,604.11,604.27,9538.0
2026-03-12 05:15:00,604.16,604.59,603.66,604.59,7910.0
2026-03-12 05:30:00,604.64,605.9,604.61,605.76,18059.0
2026-03-12 05:45:00,605.8,606.2,605.49,606.2,17904.0
2026-03-12 06:00:00,606.14,606.37,605.62,605.86,9830.0
2026-03-12 06:15:00,605.88,605.89,605.35,605.48,10826.0
2026-03-12 06:30:00,605.48,606.37,605.34,605.51,13147.0
2026-03-12 06:45:00,605.45,605.83,605.15,605.4,5256.0
2026-03-12 07:00:00,605.24,605.4,604.75,604.81,15310.0
2026-03-12 07:15:00,604.81,605.38,604.5,605.2,9636.0
2026-03-12 07:30:00,605.32,606.38,605.3,606.0,24256.0
2026-03-12 07:45:00,605.98,606.01,604.64,604.73,35784.0
2026-03-12 08:00:00,604.7,604.86,603.57,604.1287,193424.0
2026-03-12 08:15:00,604.11,604.3799,603.789,604.22,26358.0
2026-03-12 08:30:00,604.265,604.36,603.31,603.9,25362.0
2026-03-12 08:45:00,603.86,604.135,603.37,604.135,24882.0
2026-03-12 09:00:00,604.1305,604.62,603.35,603.395,48994.0
2026-03-12 09:15:00,603.4164,603.6,602.1487,602.79,147038.0
2026-03-13 04:00:00,594.94,595.25,593.8,594.14,41003.0
2026-03-13 04:15:00,593.97,594.6,593.79,594.2,15935.0
2026-03-13 04:30:00,594.61,595.85,594.53,595.56,33532.0
2026-03-13 04:45:00,595.52,596.79,595.21,596.5,43737.0
2026-03-13 05:00:00,596.59,598.0,596.59,596.94,46951.0
2026-03-13 05:15:00,597.0,597.15,596.55,596.89,8809.0
2026-03-13 05:30:00,596.94,597.03,596.5,597.03,7635.0
2026-03-13 05:45:00,596.9,597.48,596.7,597.04,15034.0
2026-03-13 06:00:00,596.91,598.5,596.85,598.42,39647.0
2026-03-13 06:15:00,598.39,598.93,598.13,598.28,14479.0
2026-03-13 06:30:00,598.3,598.33,597.9,598.01,13339.0
2026-03-13 06:45:00,598.09,599.18,598.0,599.11,26249.0
2026-03-13 07:00:00,599.04,599.73,598.72,598.89,30383.0
2026-03-13 07:15:00,599.09,599.9,598.76,599.4,55120.0
2026-03-13 07:30:00,599.29,599.8,599.17,599.78,41415.0
2026-03-13 07:45:00,599.81,600.19,599.6,600.14,30228.0
2026-03-13 08:00:00,600.12,600.45,599.5,599.86,244220.0
2026-03-13 08:15:00,599.8988,600.06,599.39,600.06,76823.0
2026-03-13 08:30:00,600.01,600.58,599.4995,600.09,60245.0
2026-03-13 08:45:00,600.0732,601.9,600.0732,600.5514,139103.0
2026-03-13 09:00:00,600.651,600.82,599.73,600.32,99474.0
2026-03-13 09:15:00,600.35,600.76,599.58,599.79,100441.0
2026-03-16 04:00:00,596.54,597.91,596.4,597.12,19118.0
2026-03-16 04:15:00,596.82,597.45,596.35,596.98,11362.0
2026-03-16 04:30:00,597.0,597.21,596.29,596.35,8933.0
2026-03-16 04:45:00,596.37,597.21,596.2,596.93,12730.0
2026-03-16 05:00:00,597.01,597.08,595.91,596.9,21512.0
2026-03-16 05:15:00,596.77,597.06,596.5,596.57,32570.0
2026-03-16 05:30:00,596.5,596.54,595.88,595.89,11322.0
2026-03-16 05:45:00,595.89,596.63,595.75,596.09,16232.0
2026-03-16 06:00:00,595.99,597.03,595.99,596.91,22162.0
2026-03-16 06:15:00,596.91,598.22,596.85,597.9,17252.0
2026-03-16 06:30:00,597.96,598.54,597.59,597.88,16706.0
2026-03-16 06:45:00,597.76,598.99,597.76,598.81,22198.0
2026-03-16 07:00:00,598.7,598.82,598.291,598.42,18373.0
2026-03-16 07:15:00,598.49,598.79,598.09,598.11,32271.0
2026-03-16 07:30:00,598.14,599.46,598.11,599.39,32345.0
2026-03-16 07:45:00,599.32,599.5,599.05,599.27,18873.0
2026-03-16 08:00:00,599.22,600.455,599.19,600.36,231741.0
2026-03-16 08:15:00,600.35,600.52,599.91,600.19,64053.0
2026-03-16 08:30:00,600.1617,600.76,600.1617,600.55,126657.0
2026-03-16 08:45:00,600.5,600.8,599.8195,600.01,59333.0
2026-03-16 09:00:00,600.1,600.6193,599.92,600.04,47434.0
2026-03-16 09:15:00,600.04,600.3598,599.81,600.01,60376.0
2026-03-17 04:00:00,597.73,598.61,597.48,597.53,13829.0
2026-03-17 04:15:00,597.57,598.21,597.37,597.41,6704.0
2026-03-17 04:30:00,597.59,598.36,597.0,598.17,7535.0
2026-03-17 04:45:00,598.27,598.29,597.24,597.72,8869.0
2026-03-17 05:00:00,597.81,598.28,597.81,598.19,8180.0
2026-03-17 05:15:00,598.14,599.5,597.97,599.44,37155.0
2026-03-17 05:30:00,599.35,599.6,598.98,599.44,9282.0
2026-03-17 05:45:00,599.35,599.51,599.16,599.47,13798.0
2026-03-17 06:00:00,599.4,599.41,598.82,598.85,6778.0
2026-03-17 06:15:00,598.8,598.8,598.25,598.59,13439.0
2026-03-17 06:30:00,598.59,599.12,598.45,598.93,3652.0
2026-03-17 06:45:00,598.93,599.24,598.71,599.24,2072.0
2026-03-17 07:00:00,599.2,599.6,598.88,598.98,8947.0
2026-03-17 07:15:00,598.99,599.84,598.9,599.57,23837.0
2026-03-17 07:30:00,599.37,599.75,599.2,599.48,12241.0
2026-03-17 07:45:00,599.6,599.63,598.73,598.74,10052.0
2026-03-17 08:00:00,598.77,600.66,598.659,600.5,153136.0
2026-03-17 08:15:00,600.4988,601.15,600.34,601.02,41682.0
2026-03-17 08:30:00,601.03,601.75,601.0,601.41,90557.0
2026-03-17 08:45:00,601.35,601.6,601.1836,601.585,28772.0
2026-03-17 09:00:00,601.64,602.57,601.55,602.57,53053.0
2026-03-17 09:15:00,602.565,603.79,602.4,603.15,95911.0
2026-03-18 04:00:00,607.1,607.64,607.02,607.51,29991.0
2026-03-18 04:15:00,607.52,607.57,607.08,607.08,9301.0
2026-03-18 04:30:00,607.08,607.37,606.92,607.13,5305.0
2026-03-18 04:45:00,607.17,607.58,607.1,607.35,6144.0
2026-03-18 05:00:00,607.3,607.61,607.04,607.05,2741.0
2026-03-18 05:15:00,607.06,607.75,607.03,607.67,7062.0
2026-03-18 05:30:00,607.65,607.78,607.54,607.72,4072.0
2026-03-18 05:45:00,607.67,607.67,607.28,607.32,4481.0
2026-03-18 06:00:00,607.31,607.6,607.2,607.6,5662.0
2026-03-18 06:15:00,607.6,607.95,607.56,607.77,6575.0
2026-03-18 06:30:00,607.72,607.93,607.46,607.58,3606.0
2026-03-18 06:45:00,607.62,607.62,607.06,607.14,5061.0
2026-03-18 07:00:00,607.08,607.32,606.79,607.22,11617.0
2026-03-18 07:15:00,607.15,607.42,605.74,605.74,16557.0
2026-03-18 07:30:00,605.71,606.78,605.6,606.65,28468.0
2026-03-18 07:45:00,606.61,606.64,605.86,605.91,15716.0
2026-03-18 08:00:00,605.9,606.0097,603.9295,604.32,201282.0
2026-03-18 08:15:00,604.3318,604.43,603.19,603.875,121817.0
2026-03-18 08:30:00,603.76,603.9,600.98,601.388,228006.0
2026-03-18 08:45:00,601.37,601.5992,600.1,600.3241,193045.0
2026-03-18 09:00:00,600.4,601.1,599.97,600.772,112432.0
2026-03-18 09:15:00,600.7979,601.7,600.29,601.49,113315.0
2026-03-19 04:00:00,592.76,593.46,592.28,593.14,14576.0
2026-03-19 04:15:00,593.31,593.48,592.25,592.42,21313.0
2026-03-19 04:30:00,592.46,592.79,591.45,591.47,21402.0
2026-03-19 04:45:00,591.49,592.96,591.44,592.27,21528.0
2026-03-19 05:00:00,592.78,593.46,592.54,593.0,18603.0
2026-03-19 05:15:00,593.0,593.6,591.3,591.71,35417.0
2026-03-19 05:30:00,591.83,592.9,591.63,592.27,17396.0
2026-03-19 05:45:00,592.53,594.83,592.34,594.27,49721.0
2026-03-19 06:00:00,594.17,594.32,593.65,593.73,13321.0
2026-03-19 06:15:00,593.69,593.93,593.5,593.79,9936.0
2026-03-19 06:30:00,593.93,594.09,592.99,593.25,13501.0
2026-03-19 06:45:00,593.25,593.56,593.03,593.48,12648.0
2026-03-19 07:00:00,593.51,593.97,592.8,593.31,14557.0
2026-03-19 07:15:00,593.15,593.26,592.0,592.38,21550.0
2026-03-19 07:30:00,592.35,592.59,591.5,591.7,22774.0
2026-03-19 07:45:00,591.62,592.5,591.56,592.35,42130.0
2026-03-19 08:00:00,592.26,592.6302,590.79,591.75,305272.0
2026-03-19 08:15:00,591.7,592.1,590.2497,591.0,86334.0
2026-03-19 08:30:00,591.0,591.58,589.98,591.33,98579.0
2026-03-19 08:45:00,591.2471,591.25,589.43,590.02,83819.0
2026-03-19 09:00:00,590.1,590.23,589.14,589.25,54793.0
2026-03-19 09:15:00,589.21,591.4205,589.0,589.48,193691.0
2026-03-20 04:00:00,593.67,594.19,593.27,594.18,11713.0
2026-03-20 04:15:00,594.14,594.15,593.05,593.05,5379.0
2026-03-20 04:30:00,593.02,593.9,592.8,593.22,13070.0
2026-03-20 04:45:00,592.9,593.44,592.75,592.85,10686.0
2026-03-20 05:00:00,592.85,593.46,592.3,592.44,14488.0
2026-03-20 05:15:00,592.43,592.47,591.35,591.49,15896.0
2026-03-20 05:30:00,591.42,591.89,590.55,590.95,22933.0
2026-03-20 05:45:00,590.92,590.94,589.23,589.74,76018.0
2026-03-20 06:00:00,589.91,589.91,587.06,587.82,57726.0
2026-03-20 06:15:00,587.84,588.26,587.36,588.02,24800.0
2026-03-20 06:30:00,588.07,589.72,588.04,589.42,32149.0
2026-03-20 06:45:00,589.44,589.44,589.0,589.25,16416.0
2026-03-20 07:00:00,589.2,590.64,589.08,590.22,61356.0
2026-03-20 07:15:00,590.18,590.59,590.05,590.25,34085.0
2026-03-20 07:30:00,590.25,590.52,589.65,590.089,24360.0
2026-03-20 07:45:00,589.9,590.13,589.3,590.07,25214.0
2026-03-20 08:00:00,590.16,591.3207,589.6197,590.789,278542.0
2026-03-20 08:15:00,590.75,591.29,590.065,591.23,51470.0
2026-03-20 08:30:00,591.2,591.2259,589.96,590.4215,69281.0
2026-03-20 08:45:00,590.4315,591.39,590.2,591.25,35170.0
2026-03-20 09:00:00,591.33,591.5805,590.4042,590.6416,35181.0
2026-03-20 09:15:00,590.6,592.04,590.56,591.2,69299.0
2026-03-23 04:00:00,575.09,576.82,575.03,576.65,49215.0
2026-03-23 04:15:00,576.73,576.92,575.93,576.3,22817.0
2026-03-23 04:30:00,576.23,577.5,576.13,576.76,32737.0
2026-03-23 04:45:00,576.77,577.62,576.7,577.06,21396.0
2026-03-23 05:00:00,577.17,577.44,576.27,577.12,16703.0
2026-03-23 05:15:00,577.15,577.99,576.71,577.02,11972.0
2026-03-23 05:30:00,577.03,577.1,575.01,575.55,24690.0
2026-03-23 05:45:00,575.6,576.1,575.29,576.01,20061.0
2026-03-23 06:00:00,576.01,576.98,575.76,576.31,20898.0
2026-03-23 06:15:00,576.29,576.45,574.97,575.23,24988.0
2026-03-23 06:30:00,575.19,576.0,574.79,575.25,39955.0
2026-03-23 06:45:00,575.25,576.89,574.33,575.83,42460.0
2026-03-23 07:00:00,575.9,597.0,575.84,596.04,593144.0
2026-03-23 07:15:00,596.28,596.41,589.88,591.2,300983.0
2026-03-23 07:30:00,591.11,595.35,590.95,591.3,190149.0
2026-03-23 07:45:00,591.3,591.63,587.6,588.02,224344.0
2026-03-23 08:00:00,588.01,590.2,587.01,588.2885,881872.0
2026-03-23 08:15:00,588.36,591.23,588.23,590.71,242881.0
2026-03-23 08:30:00,590.65,592.44,589.6,592.32,335693.0
2026-03-23 08:45:00,592.4,593.6,591.4177,593.33,182674.0
2026-03-23 09:00:00,593.42,594.11,591.65,591.935,214347.0
2026-03-23 09:15:00,591.978,592.2807,590.31,590.47,194760.0
2026-03-24 04:00:00,589.64,590.45,589.64,589.98,15584.0
2026-03-24 04:15:00,590.09,590.4,588.16,588.3,41887.0
2026-03-24 04:30:00,588.15,588.83,587.98,588.2,13981.0
2026-03-24 04:45:00,588.58,588.76,587.4,587.96,19983.0
2026-03-24 05:00:00,587.77,588.22,586.06,586.06,17906.0
2026-03-24 05:15:00,586.04,587.48,586.02,587.4,7933.0
2026-03-24 05:30:00,587.4,588.15,587.0,588.08,5143.0
2026-03-24 05:45:00,588.03,589.0,587.49,588.81,26406.0
2026-03-24 06:00:00,588.73,589.08,587.7,588.89,13913.0
2026-03-24 06:15:00,588.76,588.98,587.93,587.98,4643.0
2026-03-24 06:30:00,587.9,588.98,587.56,588.6,15342.0
2026-03-24 06:45:00,588.67,588.95,587.89,588.48,5119.0
2026-03-24 07:00:00,588.37,588.87,587.73,588.65,12905.0
2026-03-24 07:15:00,588.2,588.3,587.53,588.18,12175.0
2026-03-24 07:30:00,587.8,588.1,587.48,587.6,18473.0
2026-03-24 07:45:00,587.66,588.68,585.92,587.94,59274.0
2026-03-24 08:00:00,587.94,588.2882,586.3987,586.985,160539.0
2026-03-24 08:15:00,586.915,587.7,586.599,587.25,33318.0
2026-03-24 08:30:00,587.27,587.2831,585.1,585.1768,88726.0
2026-03-24 08:45:00,585.21,586.0207,585.05,585.37,67192.0
2026-03-24 09:00:00,585.3282,585.78,583.66,584.79,69106.0
2026-03-24 09:15:00,584.9,585.2,584.1295,584.82,70133.0
2026-03-25 04:00:00,588.63,590.77,588.61,590.65,33889.0
2026-03-25 04:15:00,590.75,591.59,590.67,590.91,37766.0
2026-03-25 04:30:00,590.93,591.38,590.14,590.62,26781.0
2026-03-25 04:45:00,590.54,590.81,589.03,589.42,35250.0
2026-03-25 05:00:00,589.42,590.35,589.0,590.27,13711.0
2026-03-25 05:15:00,590.21,590.29,589.35,589.59,8265.0
2026-03-25 05:30:00,589.67,590.0,589.38,589.38,22454.0
2026-03-25 05:45:00,589.39,590.3,588.75,589.69,33407.0
2026-03-25 06:00:00,589.79,590.5,589.68,589.84,17793.0
2026-03-25 06:15:00,589.89,590.16,589.45,589.45,8972.0
2026-03-25 06:30:00,589.41,589.75,589.15,589.16,22282.0
2026-03-25 06:45:00,589.1,589.92,589.1,589.65,11880.0
2026-03-25 07:00:00,589.61,590.42,589.56,590.21,13876.0
2026-03-25 07:15:00,590.2,590.8,590.0,590.5,19000.0
2026-03-25 07:30:00,590.51,591.3,590.5,591.08,28934.0
2026-03-25 07:45:00,591.08,591.08,589.42,590.71,53579.0
2026-03-25 08:00:00,590.69,591.74,590.67,591.3601,255811.0
2026-03-25 08:15:00,591.39,591.4183,588.24,589.15,202215.0
2026-03-25 08:30:00,589.1412,589.75,587.7887,589.02,166177.0
2026-03-25 08:45:00,589.0292,590.2,588.65,589.6,76983.0
2026-03-25 09:00:00,589.6,590.43,588.87,589.545,83263.0
2026-03-25 09:15:00,589.53,589.66,589.01,589.11,50070.0
2026-03-26 04:00:00,585.39,585.69,583.8,583.88,5963.0
2026-03-26 04:15:00,583.88,584.34,583.44,583.51,18780.0
2026-03-26 04:30:00,583.47,584.04,583.0,583.06,12791.0
2026-03-26 04:45:00,583.03,583.73,582.61,583.51,19461.0
2026-03-26 05:00:00,583.45,583.55,582.63,582.95,16835.0
2026-03-26 05:15:00,582.96,582.97,582.39,582.55,11087.0
2026-03-26 05:30:00,582.4,582.47,581.55,582.3,31674.0
2026-03-26 05:45:00,582.33,582.85,582.03,582.63,9798.0
2026-03-26 06:00:00,582.57,583.6,582.27,583.35,36474.0
2026-03-26 06:15:00,583.4,583.71,583.05,583.63,16240.0
2026-03-26 06:30:00,583.51,583.73,582.48,582.79,33519.0
2026-03-26 06:45:00,582.76,583.3,582.76,583.09,14677.0
2026-03-26 07:00:00,583.16,583.41,582.79,582.86,21245.0
2026-03-26 07:15:00,582.85,583.08,581.95,582.34,16481.0
2026-03-26 07:30:00,582.48,582.51,581.74,581.84,21438.0
2026-03-26 07:45:00,581.93,582.06,581.24,581.34,34022.0
2026-03-26 08:00:00,581.4,582.33,580.81,582.1861,353179.0
2026-03-26 08:15:00,582.16,582.4102,581.94,582.0094,38546.0
2026-03-26 08:30:00,582.099,582.099,580.59,581.165,107223.0
2026-03-26 08:45:00,581.3,581.79,581.14,581.72,40442.0
2026-03-26 09:00:00,581.74,582.39,581.56,582.1095,86591.0
2026-03-26 09:15:00,582.06,582.67,581.9,582.61,85247.0
2026-03-27 04:00:00,576.0,576.49,574.78,575.18,35961.0
2026-03-27 04:15:00,575.2,575.38,574.13,574.19,46407.0
2026-03-27 04:30:00,574.29,574.81,573.73,574.0,41289.0
2026-03-27 04:45:00,574.21,574.46,573.6,573.91,11886.0
2026-03-27 05:00:00,573.85,574.0,572.16,572.81,34939.0
2026-03-27 05:15:00,572.85,574.24,572.81,574.08,20904.0
2026-03-27 05:30:00,574.06,574.6,573.58,573.96,19114.0
2026-03-27 05:45:00,573.9,573.9,572.66,572.75,25559.0
2026-03-27 06:00:00,572.65,573.44,572.5,572.64,36967.0
2026-03-27 06:15:00,572.63,573.0,572.45,572.61,11743.0
2026-03-27 06:30:00,572.57,572.87,571.32,571.69,38354.0
2026-03-27 06:45:00,571.6,571.63,570.27,570.65,33413.0
2026-03-27 07:00:00,570.65,570.88,569.78,570.29,44852.0
2026-03-27 07:15:00,570.28,570.77,570.28,570.75,24454.0
2026-03-27 07:30:00,570.85,570.95,570.47,570.75,13013.0
2026-03-27 07:45:00,570.88,571.6,570.83,571.0,28513.0
2026-03-27 08:00:00,571.06,571.169,569.75,570.22,364414.0
2026-03-27 08:15:00,570.24,570.86,570.11,570.7,66851.0
2026-03-27 08:30:00,570.6785,570.8,569.77,570.2712,63090.0
2026-03-27 08:45:00,570.27,570.47,569.43,569.83,114747.0
2026-03-27 09:00:00,569.87,569.9,568.89,569.2491,104661.0
2026-03-27 09:15:00,569.25,570.92,569.15,570.82,114185.0
2026-03-30 04:00:00,564.71,565.37,564.1017,565.25,52372.0
2026-03-30 04:15:00,565.2796,565.6,564.9487,565.4007,26664.0
2026-03-30 04:30:00,565.3515,565.84,565.2492,565.51,26710.0
2026-03-30 04:45:00,565.66,565.95,565.2197,565.819,16658.0
2026-03-30 05:00:00,565.81,565.97,565.2692,565.3,12863.0
2026-03-30 05:15:00,565.35,565.6815,564.66,564.9787,16884.0
2026-03-30 05:30:00,565.05,565.271,564.53,564.73,19385.0
2026-03-30 05:45:00,564.7,565.021,564.53,564.87,6621.0
2026-03-30 06:00:00,564.819,565.14,564.61,564.77,11376.0
2026-03-30 06:15:00,564.76,565.1,564.589,564.91,15008.0
2026-03-30 06:30:00,564.89,564.89,564.1387,564.441,20355.0
2026-03-30 06:45:00,564.41,565.111,564.36,565.0107,9820.0
2026-03-30 07:00:00,565.04,565.67,564.8805,565.4502,53532.0
2026-03-30 07:15:00,565.43,568.89,565.35,566.7903,128717.0
2026-03-30 07:30:00,566.823,567.25,565.95,566.31,75672.0
2026-03-30 07:45:00,566.3,566.6407,565.86,566.13,84020.0
2026-03-30 08:00:00,566.13,566.42,565.57,566.2876,77167.0
2026-03-30 08:15:00,566.32,567.35,566.1682,567.16,99290.0
2026-03-30 08:30:00,567.16,567.65,566.95,567.3085,57051.0
2026-03-30 08:45:00,567.28,567.39,566.92,567.26,52428.0
2026-03-30 09:00:00,567.3,567.67,566.69,567.15,69271.0
2026-03-30 09:15:00,567.19,567.63,567.05,567.35,79797.0
2026-03-31 04:00:00,563.96,564.43,563.2515,563.3615,51908.0
2026-03-31 04:15:00,563.3317,563.82,562.8452,563.0,14722.0
2026-03-31 04:30:00,562.9692,563.1807,562.5719,562.5992,22919.0
2026-03-31 04:45:00,562.64,563.2207,562.19,562.5913,16058.0
2026-03-31 05:00:00,562.57,563.5315,562.57,563.13,11394.0
2026-03-31 05:15:00,563.18,563.5402,562.7887,562.86,19990.0
2026-03-31 05:30:00,562.929,563.181,562.4395,562.8,27014.0
2026-03-31 05:45:00,562.78,563.161,562.19,562.48,15405.0
2026-03-31 06:00:00,562.48,563.0902,562.43,562.8,16756.0
2026-03-31 06:15:00,562.83,562.9012,562.249,562.7,11007.0
2026-03-31 06:30:00,562.7132,562.8207,560.86,561.0887,25479.0
2026-03-31 06:45:00,561.09,562.161,560.8892,562.01,39189.0
2026-03-31 07:00:00,561.93,564.65,561.469,563.121,95371.0
2026-03-31 07:15:00,563.1307,564.37,562.9069,563.48,75139.0
2026-03-31 07:30:00,563.5,564.3,562.97,564.2301,65587.0
2026-03-31 07:45:00,564.26,564.27,563.25,563.79,62159.0
2026-03-31 08:00:00,563.8815,565.3487,562.95,563.0318,163990.0
2026-03-31 08:15:00,563.05,565.06,562.61,564.79,131799.0
2026-03-31 08:30:00,564.6975,565.6,564.51,565.23,145096.0
2026-03-31 08:45:00,565.18,565.37,563.94,564.0,95543.0
2026-03-31 09:00:00,564.07,564.55,563.7292,564.265,46559.0
2026-03-31 09:15:00,564.24,564.85,564.1,564.2987,53577.0
2026-04-01 04:00:00,581.5672,581.62,580.17,580.55,62696.0
2026-04-01 04:15:00,580.6062,581.94,580.42,581.24,29753.0
2026-04-01 04:30:00,581.42,581.7007,581.24,581.57,16815.0
2026-04-01 04:45:00,581.54,581.8012,580.0,581.02,34137.0
2026-04-01 05:00:00,581.07,581.3417,580.0987,580.25,26303.0
2026-04-01 05:15:00,580.209,580.4,579.4812,580.0,23810.0
2026-04-01 05:30:00,580.1415,580.69,580.11,580.55,19647.0
2026-04-01 05:45:00,580.661,581.5407,580.581,580.99,23218.0
2026-04-01 06:00:00,581.01,581.45,580.5895,581.1387,18828.0
2026-04-01 06:15:00,581.0487,581.4305,580.7695,581.0137,25259.0
2026-04-01 06:30:00,581.06,581.62,580.8938,581.57,10831.0
2026-04-01 06:45:00,581.539,582.71,581.539,582.51,45590.0
2026-04-01 07:00:00,582.43,583.19,582.326,583.14,63004.0
2026-04-01 07:15:00,583.1489,583.35,582.8,583.0,39250.0
2026-04-01 07:30:00,583.0198,583.863,582.89,583.6793,83737.0
2026-04-01 07:45:00,583.649,584.3085,583.49,583.9737,68476.0
2026-04-01 08:00:00,583.94,584.105,583.2895,583.3269,93579.0
2026-04-01 08:15:00,583.3329,583.6107,582.33,582.81,134218.0
2026-04-01 08:30:00,582.87,585.24,581.88,583.74,166867.0
2026-04-01 08:45:00,583.78,584.94,580.57,580.84,276038.0
2026-04-01 09:00:00,580.86,581.4,580.26,580.99,99518.0
2026-04-01 09:15:00,580.98,581.86,580.7,581.55,122952.0
2026-04-02 04:00:00,576.8757,576.9,575.8,575.918,82574.0
2026-04-02 04:15:00,575.8785,576.1695,575.4,575.7685,23319.0
2026-04-02 04:30:00,575.7685,576.5,575.7582,575.9587,28994.0
2026-04-02 04:45:00,576.07,576.21,575.6582,575.7167,52732.0
2026-04-02 05:00:00,575.7485,576.0,575.43,575.49,22062.0
2026-04-02 05:15:00,575.48,576.28,575.45,576.03,21647.0
2026-04-02 05:30:00,576.0,576.0,575.37,575.49,15259.0
2026-04-02 05:45:00,575.53,575.7812,575.31,575.6,7648.0
2026-04-02 06:00:00,575.56,575.8,574.49,574.5385,20297.0
2026-04-02 06:15:00,574.55,574.7215,574.3,574.41,18038.0
2026-04-02 06:30:00,574.4,575.25,574.25,575.02,31173.0
2026-04-02 06:45:00,575.03,575.3188,574.7885,575.13,25659.0
2026-04-02 07:00:00,575.16,575.3809,573.82,573.89,74485.0
2026-04-02 07:15:00,573.859,573.88,573.01,573.0782,81202.0
2026-04-02 07:30:00,573.0602,573.6117,572.43,572.6301,73889.0
2026-04-02 07:45:00,572.74,573.1415,572.02,572.03,71819.0
2026-04-02 08:00:00,572.0397,572.45,571.64,572.24,96003.0
2026-04-02 08:15:00,572.2,573.2202,572.09,572.97,55673.0
2026-04-02 08:30:00,573.14,573.55,572.68,573.44,54572.0
2026-04-02 08:45:00,573.42,573.79,572.9247,573.02,64793.0
2026-04-02 09:00:00,573.03,573.6,572.6282,572.88,85215.0
2026-04-02 09:15:00,572.8884,574.03,572.86,573.95,88277.0
2026-04-06 04:00:00,586.888,587.81,586.888,587.61,58042.0
2026-04-06 04:15:00,587.68,588.3717,587.3,588.17,20150.0
2026-04-06 04:30:00,588.21,589.22,588.023,589.15,35159.0
2026-04-06 04:45:00,589.16,589.2,588.5336,588.7,17115.0
2026-04-06 05:00:00,588.68,589.33,588.61,588.87,13257.0
2026-04-06 05:15:00,588.81,589.3,588.641,588.98,11869.0
2026-04-06 05:30:00,589.01,589.1307,588.69,588.7092,11501.0
2026-04-06 05:45:00,588.73,588.88,587.79,587.91,19948.0
2026-04-06 06:00:00,587.9,588.4207,587.64,588.28,29292.0
2026-04-06 06:15:00,588.2397,588.26,587.6995,588.14,17299.0
2026-04-06 06:30:00,588.0117,588.361,587.9,588.0615,3357.0
2026-04-06 06:45:00,588.0792,588.0792,586.23,587.41,23703.0
2026-04-06 07:00:00,587.36,587.36,586.6487,586.8483,25473.0
2026-04-06 07:15:00,586.7686,587.3,586.6,587.12,22792.0
2026-04-06 07:30:00,587.0691,587.3688,586.859,586.91,21251.0
2026-04-06 07:45:00,586.91,587.3905,586.91,587.19,15161.0
2026-04-06 08:00:00,587.19,587.266,586.8497,587.1,24600.0
2026-04-06 08:15:00,587.125,587.4,586.71,587.255,13804.0
2026-04-06 08:30:00,587.2115,587.73,587.0315,587.44,20118.0
2026-04-06 08:45:00,587.425,587.92,587.089,587.16,27262.0
2026-04-06 09:00:00,587.1506,587.38,586.3985,587.2,45324.0
2026-04-06 09:15:00,587.23,587.3602,586.0297,586.1625,62375.0
2026-04-07 04:00:00,585.5282,588.1622,585.5137,587.5315,35927.0
2026-04-07 04:15:00,587.22,588.6112,587.1992,587.94,32997.0
2026-04-07 04:30:00,587.93,589.0005,587.92,588.55,16461.0
2026-04-07 04:45:00,588.5807,588.7067,588.15,588.51,14438.0
2026-04-07 05:00:00,588.46,589.13,588.29,588.7585,17522.0
2026-04-07 05:15:00,588.8287,589.69,588.6887,589.53,30437.0
2026-04-07 05:30:00,589.44,589.9,589.1082,589.1082,12527.0
2026-04-07 05:45:00,589.0604,589.3188,588.74,589.2253,10425.0
2026-04-07 06:00:00,589.1495,589.3717,586.9,588.65,44568.0
2026-04-07 06:15:00,588.65,589.2,587.36,588.13,17486.0
2026-04-07 06:30:00,588.13,588.18,586.33,586.68,60831.0
2026-04-07 06:45:00,586.74,586.74,584.21,584.6,47726.0
2026-04-07 07:00:00,584.7,585.3312,584.5,585.11,70922.0
2026-04-07 07:15:00,585.0443,585.95,585.0443,585.25,26341.0
2026-04-07 07:30:00,585.1575,585.25,584.0497,585.07,43932.0
2026-04-07 07:45:00,585.05,585.1,584.53,584.79,43111.0
2026-04-07 08:00:00,584.825,585.24,582.97,583.8,187515.0
2026-04-07 08:15:00,583.8,585.59,583.18,585.55,131375.0
2026-04-07 08:30:00,585.5783,585.75,584.4097,584.61,56048.0
2026-04-07 08:45:00,584.665,586.46,584.07,584.94,87224.0
2026-04-07 09:00:00,584.851,585.76,584.54,585.255,60617.0
2026-04-07 09:15:00,585.2617,585.7296,584.89,585.65,88643.0
2026-04-08 04:00:00,607.16,607.77,607.16,607.72,105174.0
2026-04-08 04:15:00,607.72,608.23,607.6803,608.18,17186.0
2026-04-08 04:30:00,608.13,608.54,607.52,607.8417,43495.0
2026-04-08 04:45:00,607.8517,609.26,607.78,609.2,35595.0
2026-04-08 05:00:00,609.1504,609.8207,608.9,609.69,36265.0
2026-04-08 05:15:00,609.6482,609.74,609.1687,609.1687,22933.0
2026-04-08 05:30:00,609.2,609.26,608.4,608.43,44596.0
2026-04-08 05:45:00,608.6,609.2112,608.42,608.77,23796.0
2026-04-08 06:00:00,608.77,609.09,608.53,608.59,18963.0
2026-04-08 06:15:00,608.58,609.24,608.4392,609.24,25874.0
2026-04-08 06:30:00,609.23,609.4957,608.91,609.3886,42806.0
2026-04-08 06:45:00,609.3147,609.3392,608.8395,608.8395,29170.0
2026-04-08 07:00:00,608.82,608.97,608.2801,608.7,86045.0
2026-04-08 07:15:00,608.67,609.49,608.24,609.37,63439.0
2026-04-08 07:30:00,609.3835,609.5,608.81,608.9895,43064.0
2026-04-08 07:45:00,608.9998,609.3396,608.8395,608.87,53753.0
2026-04-08 08:00:00,608.8705,610.07,608.8705,609.701,129411.0
2026-04-08 08:15:00,609.66,609.74,607.62,608.44,218511.0
2026-04-08 08:30:00,608.43,608.8,608.1585,608.43,74059.0
2026-04-08 08:45:00,608.4412,609.2,608.3819,609.03,123199.0
2026-04-08 09:00:00,609.04,609.57,608.95,609.32,93461.0
2026-04-08 09:15:00,609.34,609.4,608.34,608.66,213260.0
2026-04-09 04:00:00,604.07,604.2095,602.9118,603.03,137731.0
2026-04-09 04:15:00,602.98,603.38,602.9,603.0785,19104.0
2026-04-09 04:30:00,603.15,603.9707,603.15,603.9707,23474.0
2026-04-09 04:45:00,603.9805,604.1,603.2792,603.34,5461.0
2026-04-09 05:00:00,603.3796,604.0,603.159,603.95,9819.0
2026-04-09 05:15:00,604.0,604.3707,603.9487,604.3579,16974.0
2026-04-09 05:30:00,604.23,604.34,603.8685,604.14,3613.0
2026-04-09 05:45:00,604.12,604.47,604.06,604.47,9624.0
2026-04-09 06:00:00,604.4507,604.62,604.23,604.32,18389.0
2026-04-09 06:15:00,604.239,604.6702,604.09,604.57,11981.0
2026-04-09 06:30:00,604.46,604.6,604.1,604.451,10336.0
2026-04-09 06:45:00,604.44,604.6,603.5987,603.6057,15127.0
2026-04-09 07:00:00,603.6781,604.0,603.48,603.86,13951.0
2026-04-09 07:15:00,603.8235,603.8235,603.4695,603.63,16674.0
2026-04-09 07:30:00,603.61,604.83,603.61,604.62,30846.0
2026-04-09 07:45:00,604.63,604.91,604.53,604.7201,29270.0
2026-04-09 08:00:00,604.7451,605.2202,604.69,604.86,56189.0
2026-04-09 08:15:00,604.8295,605.0306,604.64,604.86,16844.0
2026-04-09 08:30:00,604.87,605.5,604.4182,604.95,129706.0
2026-04-09 08:45:00,604.92,605.13,604.55,604.69,37633.0
2026-04-09 09:00:00,604.72,605.18,604.61,605.01,68161.0
2026-04-09 09:15:00,605.0465,605.99,604.9,605.94,49789.0
2026-04-10 04:00:00,610.0882,610.1,609.31,609.3892,215123.0
2026-04-10 04:15:00,609.37,609.74,609.06,609.67,111567.0
2026-04-10 04:30:00,609.6299,609.8502,609.5,609.79,4413.0
2026-04-10 04:45:00,609.75,609.76,609.0697,609.22,8120.0
2026-04-10 05:00:00,609.2215,609.49,609.1397,609.3,10901.0
2026-04-10 05:15:00,609.3011,610.742,609.2987,609.9012,53506.0
2026-04-10 05:30:00,609.9112,610.0,609.54,609.8816,3760.0
2026-04-10 05:45:00,609.85,610.461,609.85,610.36,24298.0
2026-04-10 06:00:00,610.42,610.621,609.9987,610.0987,8934.0
2026-04-10 06:15:00,610.0887,610.9312,610.0887,610.6973,7504.0
2026-04-10 06:30:00,610.6715,610.78,610.34,610.6322,18394.0
2026-04-10 06:45:00,610.63,611.0,610.54,610.7995,3933.0
2026-04-10 07:00:00,610.72,611.2207,610.7,610.9987,22786.0
2026-04-10 07:15:00,611.0,611.38,610.91,611.25,19309.0
2026-04-10 07:30:00,611.24,611.42,610.93,610.97,35172.0
2026-04-10 07:45:00,610.9313,611.15,610.53,610.7007,34324.0
2026-04-10 08:00:00,610.75,611.0,610.5795,610.935,38208.0
2026-04-10 08:15:00,610.9892,612.38,610.8,612.0,49730.0
2026-04-10 08:30:00,612.38,613.02,611.0,611.71,96569.0
2026-04-10 08:45:00,611.75,612.0802,611.43,611.535,69766.0
2026-04-10 09:00:00,611.5222,611.9607,611.36,611.8952,27155.0
2026-04-10 09:15:00,611.8911,611.92,611.3,611.7815,73318.0
2026-04-13 04:00:00,606.69,607.4,606.6232,607.01,34256.0
2026-04-13 04:15:00,607.0,607.219,606.8122,607.15,11126.0
2026-04-13 04:30:00,607.07,607.2415,606.4682,606.72,19258.0
2026-04-13 04:45:00,606.76,606.93,606.61,606.61,6744.0
2026-04-13 05:00:00,606.88,607.3388,606.83,606.94,8253.0
2026-04-13 05:15:00,606.92,607.37,606.8885,607.23,5903.0
2026-04-13 05:30:00,607.21,607.47,607.03,607.1495,6239.0
2026-04-13 05:45:00,607.14,607.2,606.8887,607.07,5777.0
2026-04-13 06:00:00,607.13,607.22,606.98,607.14,5471.0
2026-04-13 06:15:00,607.05,607.1167,606.91,607.1167,5652.0
2026-04-13 06:30:00,607.192,607.261,606.98,607.11,4771.0
2026-04-13 06:45:00,607.1,608.04,607.06,608.0323,16811.0
2026-04-13 07:00:00,608.13,608.9215,608.01,608.17,69599.0
2026-04-13 07:15:00,608.1565,608.2,607.5197,607.63,49253.0
2026-04-13 07:30:00,607.55,607.68,606.77,607.16,31652.0
2026-04-13 07:45:00,607.2189,607.3775,606.3065,606.43,223977.0
2026-04-13 08:00:00,606.4282,607.14,606.0497,607.0635,58870.0
2026-04-13 08:15:00,607.06,607.33,606.97,607.23,27729.0
2026-04-13 08:30:00,607.24,607.9,607.14,607.7978,36980.0
2026-04-13 08:45:00,607.8389,608.59,607.831,608.2752,75119.0
2026-04-13 09:00:00,608.3,608.63,608.0114,608.575,55303.0
2026-04-13 09:15:00,608.55,609.47,608.29,609.461,72816.0
2026-04-14 04:00:00,618.28,619.69,618.28,619.67,47694.0
2026-04-14 04:15:00,619.68,619.92,619.3292,619.92,14218.0
2026-04-14 04:30:00,619.91,620.2,619.7,620.181,13985.0
2026-04-14 04:45:00,620.17,620.41,620.1362,620.35,11108.0
2026-04-14 05:00:00,620.3815,620.65,620.3815,620.54,12905.0
2026-04-14 05:15:00,620.5,620.61,620.09,620.09,27634.0
2026-04-14 05:30:00,620.0885,620.0885,619.8392,619.8795,17097.0
2026-04-14 05:45:00,619.86,619.8787,619.65,619.8,4303.0
2026-04-14 06:00:00,619.7916,620.1602,619.5151,620.1602,9648.0
2026-04-14 06:15:00,620.11,620.2102,619.81,619.9717,8867.0
2026-04-14 06:30:00,620.01,620.01,619.4055,619.44,15429.0
2026-04-14 06:45:00,619.47,619.82,619.42,619.5033,6774.0
2026-04-14 07:00:00,619.4892,619.98,619.3218,619.82,28526.0
2026-04-14 07:15:00,619.7908,620.3183,619.7801,620.2005,21988.0
2026-04-14 07:30:00,620.1657,620.33,620.0601,620.17,15466.0
2026-04-14 07:45:00,620.1855,621.1689,620.11,620.4415,84169.0
2026-04-14 08:00:00,620.5025,621.13,620.46,620.67,65414.0
2026-04-14 08:15:00,620.68,621.19,620.24,621.15,53109.0
2026-04-14 08:30:00,621.23,621.66,620.48,620.77,71832.0
2026-04-14 08:45:00,620.7507,620.8308,620.32,620.7187,27011.0
2026-04-14 09:00:00,620.6795,620.7105,620.46,620.635,34498.0
2026-04-14 09:15:00,620.62,620.87,620.03,620.169,92989.0
2026-04-15 04:00:00,628.64,628.97,628.5517,628.853,97035.0
2026-04-15 04:15:00,628.824,629.15,628.61,629.15,6049.0
2026-04-15 04:30:00,629.09,629.34,629.03,629.1301,15925.0
2026-04-15 04:45:00,629.14,629.5,629.05,629.3587,6908.0
2026-04-15 05:00:00,629.4,629.5,628.3,628.3918,16319.0
2026-04-15 05:15:00,628.38,628.61,628.17,628.3385,21006.0
2026-04-15 05:30:00,628.3333,628.4941,628.0924,628.2,15812.0
2026-04-15 05:45:00,628.1585,628.25,627.989,627.99,11591.0
2026-04-15 06:00:00,628.04,628.46,627.91,628.1717,22091.0
2026-04-15 06:15:00,628.1321,628.1821,627.13,627.2815,30430.0
2026-04-15 06:30:00,627.336,628.05,626.9881,628.0485,32038.0
2026-04-15 06:45:00,628.05,628.2287,627.8731,628.1306,15573.0
2026-04-15 07:00:00,628.2,628.5435,628.03,628.4302,40025.0
2026-04-15 07:15:00,628.52,628.53,627.91,628.11,14337.0
2026-04-15 07:30:00,628.099,628.6,628.0392,628.33,16392.0
2026-04-15 07:45:00,628.32,629.6,628.1,628.55,42551.0
2026-04-15 08:00:00,628.51,628.691,627.71,627.72,68701.0
2026-04-15 08:15:00,627.71,628.1,627.6,627.96,40892.0
2026-04-15 08:30:00,627.8909,628.7105,627.879,628.68,23595.0
2026-04-15 08:45:00,628.61,628.7192,628.31,628.3292,15341.0
2026-04-15 09:00:00,628.3195,628.58,628.1,628.5093,16390.0
2026-04-15 09:15:00,628.5584,629.199,628.3401,629.08,66246.0
2026-04-16 04:00:00,639.67,640.0017,638.8715,638.98,105092.0
2026-04-16 04:15:00,639.04,639.29,638.9,639.0,17391.0
2026-04-16 04:30:00,638.9396,639.1,638.59,639.0693,12743.0
2026-04-16 04:45:00,639.05,639.36,638.99,639.31,4753.0
2026-04-16 05:00:00,639.25,639.6802,639.24,639.55,10437.0
2026-04-16 05:15:00,639.59,639.62,639.38,639.46,11954.0
2026-04-16 05:30:00,639.46,639.6,639.4,639.45,4070.0
2026-04-16 05:45:00,639.41,639.5988,639.12,639.5988,20540.0
2026-04-16 06:00:00,639.571,639.841,639.489,639.56,6398.0
2026-04-16 06:15:00,639.5476,639.57,639.06,639.07,12696.0
2026-04-16 06:30:00,639.0835,639.0835,637.8,637.91,62633.0
2026-04-16 06:45:00,637.95,638.48,637.45,638.4273,47305.0
2026-04-16 07:00:00,638.4495,638.8,638.42,638.548,52225.0
2026-04-16 07:15:00,638.58,638.695,637.9,638.2099,34801.0
2026-04-16 07:30:00,638.2317,638.82,638.2317,638.445,34977.0
2026-04-16 07:45:00,638.4107,638.88,638.32,638.71,19961.0
2026-04-16 08:00:00,638.78,639.01,638.31,638.55,42222.0
2026-04-16 08:15:00,638.5539,638.94,638.47,638.845,34979.0
2026-04-16 08:30:00,638.87,639.05,638.44,638.6485,38008.0
2026-04-16 08:45:00,638.6,638.61,638.1,638.3485,56524.0
2026-04-16 09:00:00,638.38,638.9305,638.32,638.56,43107.0
2026-04-16 09:15:00,638.53,639.402,638.219,639.22,72789.0
2026-04-17 04:00:00,640.65,640.79,640.3467,640.4938,27452.0
2026-04-17 04:15:00,640.52,640.9,640.45,640.88,8745.0
2026-04-17 04:30:00,640.88,641.26,640.6993,641.2401,9142.0
2026-04-17 04:45:00,641.1507,641.4,641.07,641.3412,6488.0
2026-04-17 05:00:00,641.39,641.551,641.26,641.38,11829.0
2026-04-17 05:15:00,641.37,641.6,641.0912,641.58,15732.0
2026-04-17 05:30:00,641.5805,641.5805,641.14,641.37,12288.0
2026-04-17 05:45:00,641.43,641.9,641.3,641.8,6441.0
2026-04-17 06:00:00,641.8,642.0205,641.7015,642.0,13482.0
2026-04-17 06:15:00,641.99,641.99,641.42,641.5387,8596.0
2026-04-17 06:30:00,641.479,641.53,641.0797,641.22,13413.0
2026-04-17 06:45:00,641.18,641.6607,641.18,641.59,4066.0
2026-04-17 07:00:00,641.57,641.815,641.4803,641.6878,15102.0
2026-04-17 07:15:00,641.679,642.08,641.67,641.97,26262.0
2026-04-17 07:30:00,641.97,642.26,641.92,642.239,27899.0
2026-04-17 07:45:00,642.1878,642.6002,642.145,642.5348,31214.0
2026-04-17 08:00:00,642.53,643.23,642.41,643.1152,50470.0
2026-04-17 08:15:00,643.15,643.89,642.62,643.7912,100699.0
2026-04-17 08:30:00,643.831,644.42,643.5197,643.56,158374.0
2026-04-17 08:45:00,643.51,646.8239,643.42,646.775,329379.0
2026-04-17 09:00:00,646.73,648.5,645.75,648.2646,292023.0
2026-04-17 09:15:00,648.28,648.315,645.39,645.53,442653.0
2026-04-20 04:00:00,645.12,645.339,643.76,644.38,49524.0
2026-04-20 04:15:00,644.4385,645.13,644.3026,645.09,19045.0
2026-04-20 04:30:00,645.05,645.0817,644.7397,644.9572,11003.0
2026-04-20 04:45:00,644.99,645.8407,644.9017,645.5617,13221.0
2026-04-20 05:00:00,645.55,646.111,645.5,645.6487,9538.0
2026-04-20 05:15:00,645.63,645.7515,645.359,645.59,3061.0
2026-04-20 05:30:00,645.65,645.9412,645.5695,645.85,5945.0
2026-04-20 05:45:00,645.85,645.88,645.53,645.56,9956.0
2026-04-20 06:00:00,645.59,646.45,645.4695,646.08,4742.0
2026-04-20 06:15:00,646.08,646.34,645.8115,645.89,12615.0
2026-04-20 06:30:00,645.9186,645.98,645.53,645.58,10205.0
2026-04-20 06:45:00,645.58,645.82,645.5112,645.6793,9874.0
2026-04-20 07:00:00,645.71,645.81,645.215,645.76,68090.0
2026-04-20 07:15:00,645.79,645.87,645.38,645.3887,17598.0
2026-04-20 07:30:00,645.3785,645.96,645.28,645.8932,18089.0
2026-04-20 07:45:00,645.9158,646.24,645.7112,645.9006,25040.0
2026-04-20 08:00:00,645.9602,646.2902,645.79,645.95,30241.0
2026-04-20 08:15:00,645.93,646.32,645.7301,646.0696,33953.0
2026-04-20 08:30:00,646.19,646.63,645.959,646.5,40246.0
2026-04-20 08:45:00,646.4541,647.46,646.4541,646.9,69829.0
2026-04-20 09:00:00,646.89,648.1117,646.65,647.4001,80406.0
2026-04-20 09:15:00,647.46,648.09,647.2,648.0,65786.0
2026-04-21 04:00:00,648.41,648.75,648.1392,648.2487,26876.0
2026-04-21 04:15:00,648.25,648.9212,648.25,648.9,4516.0
2026-04-21 04:30:00,648.8195,649.4207,648.65,649.3,8221.0
2026-04-21 04:45:00,649.32,649.451,649.0506,649.0518,7432.0
2026-04-21 05:00:00,649.0587,649.0587,648.3232,648.61,5544.0
2026-04-21 05:15:00,648.55,648.74,648.5,648.6288,7073.0
2026-04-21 05:30:00,648.71,648.92,648.69,648.82,4187.0
2026-04-21 05:45:00,648.8437,649.2815,648.8012,649.1801,13733.0
2026-04-21 06:00:00,649.103,649.6012,649.0306,649.3387,12564.0
2026-04-21 06:15:00,649.3787,649.44,649.2088,649.3,4551.0
2026-04-21 06:30:00,649.32,649.685,649.24,649.66,9042.0
2026-04-21 06:45:00,649.65,650.16,649.56,649.9,34433.0
2026-04-21 07:00:00,649.9,650.1505,649.16,649.45,78336.0
2026-04-21 07:15:00,649.55,649.99,649.39,649.99,26359.0
2026-04-21 07:30:00,649.9805,650.59,649.97,650.2662,59136.0
2026-04-21 07:45:00,650.27,650.48,649.8397,649.87,25337.0
2026-04-21 08:00:00,649.9247,650.1,649.52,649.5789,30415.0
2026-04-21 08:15:00,649.54,649.63,648.9,649.6,42933.0
2026-04-21 08:30:00,649.6,649.95,648.61,648.85,81855.0
2026-04-21 08:45:00,648.94,649.161,648.51,648.73,42902.0
2026-04-21 09:00:00,648.73,648.8275,648.23,648.47,32738.0
2026-04-21 09:15:00,648.48,648.63,648.1991,648.34,30003.0
2026-04-22 04:00:00,648.73,649.473,648.73,649.1,113130.0
2026-04-22 04:15:00,649.12,649.12,648.45,648.4554,10152.0
2026-04-22 04:30:00,648.53,648.72,647.7695,648.37,27205.0
2026-04-22 04:45:00,648.4085,648.74,648.089,648.72,3195.0
2026-04-22 05:00:00,648.6001,649.421,648.6001,649.28,19915.0
2026-04-22 05:15:00,649.4,649.6512,649.2,649.6,11660.0
2026-04-22 05:30:00,649.55,649.61,649.3704,649.61,10570.0
2026-04-22 05:45:00,649.65,649.7007,648.41,648.94,13866.0
2026-04-22 06:00:00,648.9115,649.17,648.375,648.56,14612.0
2026-04-22 06:15:00,648.6482,649.08,648.62,648.98,11120.0
2026-04-22 06:30:00,649.01,649.39,648.8395,648.929,12604.0
2026-04-22 06:45:00,648.93,648.98,648.7897,648.9,2609.0
2026-04-22 07:00:00,648.84,649.05,648.6,648.7122,13577.0
2026-04-22 07:15:00,648.67,648.97,648.5,648.6,10253.0
2026-04-22 07:30:00,648.63,648.81,648.36,648.52,11513.0
2026-04-22 07:45:00,648.4765,649.1585,648.4409,649.0016,10484.0
2026-04-22 08:00:00,649.05,650.6135,649.05,650.57,82372.0
2026-04-22 08:15:00,650.53,650.58,649.839,649.839,47172.0
2026-04-22 08:30:00,649.87,650.0605,649.1392,649.2,57565.0
2026-04-22 08:45:00,649.1522,649.4164,648.7,648.76,80531.0
2026-04-22 09:00:00,648.76,649.961,648.6695,649.04,42102.0
2026-04-22 09:15:00,649.1,650.301,648.87,650.14,112796.0
2026-04-23 04:00:00,653.07,653.2397,652.1,652.47,58472.0
2026-04-23 04:15:00,652.3717,652.9315,652.32,652.58,5580.0
2026-04-23 04:30:00,652.58,652.58,651.4585,651.48,10832.0
2026-04-23 04:45:00,651.52,651.62,651.17,651.44,16616.0
2026-04-23 05:00:00,651.36,651.4,650.5195,651.0,22285.0
2026-04-23 05:15:00,650.94,652.0,650.94,651.75,24567.0
2026-04-23 05:30:00,651.92,652.2012,651.7685,651.92,11069.0
2026-04-23 05:45:00,651.9483,651.95,651.7097,651.755,7677.0
2026-04-23 06:00:00,651.72,651.74,651.149,651.27,13762.0
2026-04-23 06:15:00,651.41,652.0,651.35,651.77,16619.0
2026-04-23 06:30:00,651.79,652.6405,651.659,651.96,13690.0
2026-04-23 06:45:00,651.99,652.79,651.8985,652.64,13231.0
2026-04-23 07:00:00,652.71,653.02,652.38,652.66,53216.0
2026-04-23 07:15:00,652.715,652.8802,652.1292,652.35,40356.0
2026-04-23 07:30:00,652.46,652.87,651.77,652.8622,41518.0
2026-04-23 07:45:00,652.84,654.34,652.7975,653.935,92603.0
2026-04-23 08:00:00,653.849,655.08,653.849,654.66,76708.0
2026-04-23 08:15:00,654.6395,654.6395,653.685,654.03,44612.0
2026-04-23 08:30:00,653.945,654.36,653.789,653.96,42173.0
2026-04-23 08:45:00,653.96,654.14,652.22,653.3831,94881.0
2026-04-23 09:00:00,653.4407,653.85,652.6977,653.1432,60046.0
2026-04-23 09:15:00,653.153,653.83,652.99,653.5,49486.0
2026-04-24 04:00:00,655.995,656.12,655.2,655.59,24120.0
2026-04-24 04:15:00,655.69,657.065,655.68,656.0985,17475.0
2026-04-24 04:30:00,656.03,656.09,655.4,655.43,12782.0
2026-04-24 04:45:00,655.4129,656.1,655.39,655.61,7765.0
2026-04-24 05:00:00,655.73,655.8912,655.3787,655.799,5223.0
2026-04-24 05:15:00,655.83,655.98,654.9885,655.79,21761.0
2026-04-24 05:30:00,655.6852,656.2102,655.6,656.155,18989.0
2026-04-24 05:45:00,656.1175,656.33,655.82,656.0286,19610.0
2026-04-24 06:00:00,656.05,656.8,656.05,656.73,23689.0
2026-04-24 06:15:00,656.78,657.97,656.6872,657.8,38758.0
2026-04-24 06:30:00,657.7965,658.042,657.6099,657.74,15776.0
2026-04-24 06:45:00,657.7226,657.8156,657.5,657.56,12305.0
2026-04-24 07:00:00,657.55,660.85,657.5302,660.15,156730.0
2026-04-24 07:15:00,660.1,661.9,659.81,661.87,102690.0
2026-04-24 07:30:00,661.85,662.1324,660.3,660.58,85075.0
2026-04-24 07:45:00,660.51,660.54,659.835,660.06,80910.0
2026-04-24 08:00:00,660.06,660.75,659.97,660.685,62248.0
2026-04-24 08:15:00,660.6304,660.96,659.8,660.47,66977.0
2026-04-24 08:30:00,660.46,660.57,659.1,659.3,55969.0
2026-04-24 08:45:00,659.34,659.7,658.32,659.2285,69068.0
2026-04-24 09:00:00,659.23,659.76,658.93,659.287,67947.0
2026-04-24 09:15:00,659.3,659.835,658.44,658.52,89563.0
2026-04-27 04:00:00,663.77,664.07,662.9487,663.0,50556.0
2026-04-27 04:15:00,662.939,663.615,662.939,663.47,18458.0
2026-04-27 04:30:00,663.5056,664.09,663.48,664.06,17459.0
2026-04-27 04:45:00,664.06,664.29,664.06,664.19,6625.0
2026-04-27 05:00:00,664.19,664.42,664.09,664.37,18122.0
2026-04-27 05:15:00,664.34,664.54,664.2,664.44,17959.0
2026-04-27 05:30:00,664.47,664.65,664.35,664.399,3438.0
2026-04-27 05:45:00,664.4192,664.81,664.41,664.56,14703.0
2026-04-27 06:00:00,664.53,664.63,664.2,664.35,6010.0
2026-04-27 06:15:00,664.38,664.7412,664.3085,664.5135,20239.0
2026-04-27 06:30:00,664.47,665.1493,664.45,665.08,14542.0
2026-04-27 06:45:00,665.055,665.195,664.8594,665.03,13464.0
2026-04-27 07:00:00,665.029,665.4264,664.99,665.23,38324.0
2026-04-27 07:15:00,665.1752,665.5512,665.1,665.42,30672.0
2026-04-27 07:30:00,665.4286,665.6,665.1,665.19,18497.0
2026-04-27 07:45:00,665.19,665.41,665.0778,665.18,11851.0
2026-04-27 08:00:00,665.21,665.25,664.639,664.84,34358.0
2026-04-27 08:15:00,664.78,664.785,663.1787,663.655,73807.0
2026-04-27 08:30:00,663.65,663.77,662.95,663.61,73812.0
2026-04-27 08:45:00,663.61,664.061,663.435,663.63,37672.0
2026-04-27 09:00:00,663.6278,664.01,662.78,663.5,85630.0
2026-04-27 09:15:00,663.5636,663.78,663.01,663.47,62047.0
2026-04-28 04:00:00,661.78,661.86,660.91,661.18,59108.0
2026-04-28 04:15:00,661.25,662.2012,661.25,662.2012,30126.0
2026-04-28 04:30:00,662.15,662.27,661.8752,661.9387,23274.0
2026-04-28 04:45:00,661.8692,662.1,661.69,662.1,7664.0
2026-04-28 05:00:00,662.1005,662.19,661.4887,661.84,13842.0
2026-04-28 05:15:00,661.84,661.92,661.0587,661.16,15815.0
2026-04-28 05:30:00,661.12,661.14,660.24,660.41,30664.0
2026-04-28 05:45:00,660.42,660.7412,659.75,660.45,33385.0
2026-04-28 06:00:00,660.41,660.82,659.929,659.9699,13301.0
2026-04-28 06:15:00,659.9,660.4087,659.66,660.07,16215.0
2026-04-28 06:30:00,660.1,660.3012,659.62,659.63,12775.0
2026-04-28 06:45:00,659.71,660.0,659.3097,659.91,29330.0
2026-04-28 07:00:00,659.86,660.06,658.0274,658.25,69930.0
2026-04-28 07:15:00,658.22,658.27,656.88,657.26,127278.0
2026-04-28 07:30:00,657.26,657.33,656.04,657.0212,129554.0
2026-04-28 07:45:00,657.0312,657.17,655.5,655.87,102083.0
2026-04-28 08:00:00,655.87,656.15,655.12,655.93,72647.0
2026-04-28 08:15:00,655.96,656.48,654.67,654.9,103084.0
2026-04-28 08:30:00,654.89,656.25,654.5,655.8592,67393.0
2026-04-28 08:45:00,655.85,657.275,655.819,657.16,118296.0
2026-04-28 09:00:00,657.13,657.59,656.559,656.63,97079.0
2026-04-28 09:15:00,656.61,657.89,656.3795,657.57,152208.0
2026-04-29 04:00:00,659.46,659.91,658.6,658.75,46861.0
2026-04-29 04:15:00,658.62,659.63,658.4,659.5587,7763.0
2026-04-29 04:30:00,659.6,659.6,658.579,659.45,6292.0
2026-04-29 04:45:00,659.4517,659.5712,659.159,659.4585,11084.0
2026-04-29 05:00:00,659.4087,659.92,659.1587,659.74,6731.0
2026-04-29 05:15:00,659.74,660.13,659.399,659.67,9505.0
2026-04-29 05:30:00,659.6,659.9902,659.259,659.259,9723.0
2026-04-29 05:45:00,659.3,659.57,658.979,659.1023,9229.0
2026-04-29 06:00:00,659.02,659.5112,658.7292,659.48,13859.0
2026-04-29 06:15:00,659.5212,660.55,659.5212,660.45,21677.0
2026-04-29 06:30:00,660.45,660.541,659.839,660.01,5163.0
2026-04-29 06:45:00,659.956,660.201,659.759,659.96,3090.0
2026-04-29 07:00:00,659.96,660.2405,659.7597,660.12,17507.0
2026-04-29 07:15:00,660.0836,660.33,659.81,659.94,13053.0
2026-04-29 07:30:00,659.871,660.4502,659.4108,659.64,29697.0
2026-04-29 07:45:00,659.569,659.88,659.2,659.675,8755.0
2026-04-29 08:00:00,659.6,659.6,659.1592,659.24,18729.0
2026-04-29 08:15:00,659.2293,659.64,658.919,659.23,24298.0
2026-04-29 08:30:00,659.185,659.5791,658.22,659.37,68876.0
2026-04-29 08:45:00,659.37,659.5,658.875,659.03,16535.0
2026-04-29 09:00:00,659.06,659.62,659.06,659.4565,47973.0
2026-04-29 09:15:00,659.42,659.5198,658.4,658.67,70264.0
2026-04-30 04:00:00,662.19,662.84,661.8897,662.27,104543.0
2026-04-30 04:15:00,662.1633,662.41,661.4795,662.34,12514.0
2026-04-30 04:30:00,662.3712,663.2,662.31,662.89,16312.0
2026-04-30 04:45:00,662.96,663.161,662.3097,662.38,10462.0
2026-04-30 05:00:00,662.4082,662.751,661.9187,662.1418,9042.0
2026-04-30 05:15:00,662.23,663.1207,661.639,663.03,17988.0
2026-04-30 05:30:00,663.12,664.28,662.5995,662.69,25991.0
2026-04-30 05:45:00,662.64,663.021,662.24,662.54,11571.0
2026-04-30 06:00:00,662.5588,663.2415,662.53,662.72,14697.0
2026-04-30 06:15:00,662.6,663.8405,662.5873,663.68,14467.0
2026-04-30 06:30:00,663.77,664.07,662.6392,662.8,44107.0
2026-04-30 06:45:00,662.8,663.3307,662.21,662.692,16669.0
2026-04-30 07:00:00,662.69,664.24,662.5987,663.68,37532.0
2026-04-30 07:15:00,663.6562,665.44,663.56,665.44,43057.0
2026-04-30 07:30:00,665.4,665.5488,664.5,664.5005,117446.0
2026-04-30 07:45:00,664.5,664.8215,664.1297,664.26,26903.0
2026-04-30 08:00:00,664.2591,665.5,664.2011,665.44,51093.0
2026-04-30 08:15:00,665.47,666.6,665.38,666.5927,63118.0
2026-04-30 08:30:00,666.61,666.745,665.04,665.311,56842.0
2026-04-30 08:45:00,665.3691,666.4605,665.21,666.245,40999.0
2026-04-30 09:00:00,666.22,666.63,665.62,665.6502,68292.0
2026-04-30 09:15:00,665.6565,666.0,665.47,665.52,73244.0
2026-05-01 04:00:00,667.91,668.2,667.74,668.045,35824.0
2026-05-01 04:15:00,668.08,668.3,667.8887,668.01,8019.0
2026-05-01 04:30:00,667.96,667.96,667.48,667.5,7843.0
2026-05-01 04:45:00,667.47,667.6,667.2992,667.5227,7211.0
2026-05-01 05:00:00,667.52,667.5582,667.06,667.3305,6387.0
2026-05-01 05:15:00,667.4,667.64,667.2987,667.48,12405.0
2026-05-01 05:30:00,667.47,667.66,667.36,667.55,2643.0
2026-05-01 05:45:00,667.51,667.8007,667.4451,667.72,3026.0
2026-05-01 06:00:00,667.6805,667.7112,667.38,667.6,5078.0
2026-05-01 06:15:00,667.6212,667.93,667.4987,667.55,9337.0
2026-05-01 06:30:00,667.513,667.6298,666.78,667.1591,14050.0
2026-05-01 06:45:00,667.2,667.69,667.13,667.6199,12844.0
2026-05-01 07:00:00,667.6607,667.7502,666.97,667.16,15005.0
2026-05-01 07:15:00,667.12,667.54,666.9995,667.1292,14094.0
2026-05-01 07:30:00,667.12,667.225,666.9,667.16,18977.0
2026-05-01 07:45:00,667.1259,667.5012,667.11,667.5012,22350.0
2026-05-01 08:00:00,667.511,668.8902,667.1,668.409,67086.0
2026-05-01 08:15:00,668.3992,669.0,668.14,668.77,51191.0
2026-05-01 08:30:00,668.69,668.69,667.65,667.685,53666.0
2026-05-01 08:45:00,667.6501,668.12,667.5782,667.8,21425.0
2026-05-01 09:00:00,667.79,668.73,667.79,668.44,41264.0
2026-05-01 09:15:00,668.455,669.2405,668.23,669.095,85844.0
2026-05-04 04:00:00,676.0298,676.0488,674.9097,675.48,46444.0
2026-05-04 04:15:00,675.46,675.9585,675.0497,675.79,13456.0
2026-05-04 04:30:00,675.92,676.015,675.6185,675.6195,6377.0
2026-05-04 04:45:00,675.609,675.88,675.479,675.5987,5976.0
2026-05-04 05:00:00,675.6,676.1,675.3997,676.1,7549.0
2026-05-04 05:15:00,676.1,676.1,675.86,676.0622,9744.0
2026-05-04 05:30:00,676.0,676.2987,675.92,676.15,8852.0
2026-05-04 05:45:00,676.1,676.35,675.539,675.539,32335.0
2026-05-04 06:00:00,675.57,675.63,670.08,670.85,112850.0
2026-05-04 06:15:00,670.97,672.5112,670.08,672.1429,98637.0
2026-05-04 06:30:00,672.2,674.6217,672.0,674.02,52713.0
2026-05-04 06:45:00,673.98,674.2412,673.48,673.63,15241.0
2026-05-04 07:00:00,673.695,674.43,673.22,674.06,45710.0
2026-05-04 07:15:00,674.1,674.4117,673.69,673.8682,23699.0
2026-05-04 07:30:00,673.8,674.15,672.8477,673.53,36110.0
2026-05-04 07:45:00,673.5561,674.15,673.2195,674.005,16157.0
2026-05-04 08:00:00,674.02,674.979,674.02,674.71,53718.0
2026-05-04 08:15:00,674.6097,675.27,674.15,674.88,44460.0
2026-05-04 08:30:00,674.86,675.14,674.3314,674.94,25510.0
2026-05-04 08:45:00,674.905,674.945,674.14,674.39,17821.0
2026-05-04 09:00:00,674.39,675.24,673.069,674.61,82007.0
2026-05-04 09:15:00,674.52,674.84,674.37,674.61,39923.0
2026-05-05 04:00:00,675.36,676.6282,675.2695,676.4985,38538.0
2026-05-05 04:15:00,676.48,676.6605,676.2416,676.3674,11281.0
2026-05-05 04:30:00,676.3,676.6105,676.14,676.52,12281.0
2026-05-05 04:45:00,676.52,676.78,676.3048,676.6085,8410.0
2026-05-05 05:00:00,676.5487,676.7453,676.0692,676.43,6422.0
2026-05-05 05:15:00,676.41,676.62,676.18,676.52,5610.0
2026-05-05 05:30:00,676.55,676.98,676.5369,676.7794,12675.0
2026-05-05 05:45:00,676.75,677.14,676.54,676.65,12625.0
2026-05-05 06:00:00,676.6712,676.8807,676.3887,676.64,10419.0
2026-05-05 06:15:00,676.64,676.88,676.5241,676.7594,3564.0
2026-05-05 06:30:00,676.84,677.24,676.5695,676.63,16092.0
2026-05-05 06:45:00,676.6,676.7462,676.4992,676.66,5683.0
2026-05-05 07:00:00,676.6306,676.7285,675.96,676.1692,49556.0
2026-05-05 07:15:00,676.19,676.6815,675.82,676.49,23801.0
2026-05-05 07:30:00,676.52,676.93,676.4978,676.7755,21904.0
2026-05-05 07:45:00,676.76,676.94,676.7,676.82,9866.0
2026-05-05 08:00:00,676.85,678.0943,676.53,678.0943,64452.0
2026-05-05 08:15:00,678.09,678.36,677.74,677.93,41237.0
2026-05-05 08:30:00,677.98,678.09,677.6506,677.6506,29127.0
2026-05-05 08:45:00,677.675,677.81,677.51,677.58,28569.0
2026-05-05 09:00:00,677.625,678.35,677.615,678.0,40450.0
2026-05-05 09:15:00,677.98,678.19,677.605,677.98,94234.0
2026-05-06 04:00:00,686.7,687.17,686.5922,686.7968,40944.0
2026-05-06 04:15:00,686.78,686.8041,686.1897,686.5387,9160.0
2026-05-06 04:30:00,686.5536,687.18,686.4871,687.11,4887.0
2026-05-06 04:45:00,687.13,690.79,687.109,689.99,53042.0
2026-05-06 05:00:00,689.98,690.3674,688.4,689.19,66034.0
2026-05-06 05:15:00,689.18,689.76,689.18,689.6573,35784.0
2026-05-06 05:30:00,689.62,690.6726,689.44,690.4,37470.0
2026-05-06 05:45:00,690.35,690.77,690.0061,690.6,20785.0
2026-05-06 06:00:00,690.65,691.34,690.52,690.71,39721.0
2026-05-06 06:15:00,690.68,691.84,690.679,691.73,28623.0
2026-05-06 06:30:00,691.68,692.63,691.68,692.51,45246.0
2026-05-06 06:45:00,692.459,693.14,692.0,692.5347,56517.0
2026-05-06 07:00:00,692.48,693.7,692.29,693.365,81337.0
2026-05-06 07:15:00,693.33,693.62,692.51,692.7933,55337.0
2026-05-06 07:30:00,692.8199,693.04,691.6,691.6,62148.0
2026-05-06 07:45:00,691.6365,691.81,690.82,691.36,81764.0
2026-05-06 08:00:00,691.32,691.38,689.16,689.32,115144.0
2026-05-06 08:15:00,689.21,690.7,688.76,690.355,65066.0
2026-05-06 08:30:00,690.39,690.52,689.05,689.11,58070.0
2026-05-06 08:45:00,689.2,689.78,688.8003,689.42,67024.0
2026-05-06 09:00:00,689.35,689.38,687.84,688.565,92060.0
2026-05-06 09:15:00,688.57,688.94,687.3,687.81,172394.0
2026-05-07 04:00:00,697.25,698.11,696.87,697.04,56228.0
2026-05-07 04:15:00,697.01,697.06,696.24,696.478,15091.0
2026-05-07 04:30:00,696.47,696.9087,696.4,696.43,19842.0
2026-05-07 04:45:00,696.44,696.6542,696.07,696.25,18018.0
2026-05-07 05:00:00,696.16,696.4,695.6722,696.1244,15771.0
2026-05-07 05:15:00,696.16,696.88,696.14,696.52,13148.0
2026-05-07 05:30:00,696.4503,696.66,696.33,696.4792,8812.0
2026-05-07 05:45:00,696.439,696.8785,695.9,696.09,10989.0
2026-05-07 06:00:00,696.06,696.2,695.22,695.7712,27237.0
2026-05-07 06:15:00,695.68,696.12,695.49,695.89,10873.0
2026-05-07 06:30:00,695.87,696.38,695.77,696.36,9578.0
2026-05-07 06:45:00,696.34,696.37,695.9685,696.0997,6248.0
2026-05-07 07:00:00,696.04,696.6,695.8597,695.87,41000.0
2026-05-07 07:15:00,695.85,696.2,695.6,695.6897,37280.0
2026-05-07 07:30:00,695.6504,696.3,695.5,696.132,25056.0
2026-05-07 07:45:00,696.105,696.29,695.66,696.155,23184.0
2026-05-07 08:00:00,696.07,696.46,695.8,696.335,23690.0
2026-05-07 08:15:00,696.3252,696.38,695.81,696.34,28373.0
2026-05-07 08:30:00,696.378,696.81,696.09,696.6781,40058.0
2026-05-07 08:45:00,696.6824,696.8,696.31,696.69,140639.0
2026-05-07 09:00:00,696.675,696.675,696.015,696.3225,33890.0
2026-05-07 09:15:00,696.385,696.84,696.35,696.65,48842.0
2026-05-08 04:00:00,698.53,699.6084,698.51,699.19,57637.0
2026-05-08 04:15:00,699.12,699.5785,699.08,699.36,14936.0
2026-05-08 04:30:00,699.3987,699.61,699.08,699.2244,5523.0
2026-05-08 04:45:00,699.12,699.47,699.04,699.4687,6610.0
2026-05-08 05:00:00,699.48,700.15,699.46,700.0,24035.0
2026-05-08 05:15:00,700.0,700.34,699.8776,700.19,10647.0
2026-05-08 05:30:00,700.1195,700.12,699.36,699.4,14278.0
2026-05-08 05:45:00,699.37,699.465,698.78,699.2427,20082.0
2026-05-08 06:00:00,699.27,699.57,699.27,699.3392,4975.0
2026-05-08 06:15:00,699.41,699.8944,699.37,699.69,4880.0
2026-05-08 06:30:00,699.67,700.11,699.55,699.9885,7914.0
2026-05-08 06:45:00,699.88,699.9,698.9982,699.51,12010.0
2026-05-08 07:00:00,699.5,700.02,699.5,699.96,23063.0
2026-05-08 07:15:00,699.93,700.24,699.72,700.195,24799.0
2026-05-08 07:30:00,700.19,700.38,700.095,700.2696,23701.0
2026-05-08 07:45:00,700.265,700.74,700.26,700.32,31331.0
2026-05-08 08:00:00,700.28,700.42,699.9,700.035,26859.0
2026-05-08 08:15:00,700.03,700.44,699.83,700.3434,18293.0
2026-05-08 08:30:00,700.5,702.24,700.32,701.83,162311.0
2026-05-08 08:45:00,701.9,701.9,700.38,700.69,137863.0
2026-05-08 09:00:00,700.68,701.08,699.55,699.8967,119672.0
2026-05-08 09:15:00,699.8,700.24,699.5,699.805,98949.0
2026-05-11 04:00:00,710.79,710.972,709.47,709.7185,44857.0
2026-05-11 04:15:00,709.68,710.57,709.4867,709.4867,16690.0
2026-05-11 04:30:00,709.47,710.04,709.36,710.01,20580.0
2026-05-11 04:45:00,710.01,710.61,709.9891,710.19,18603.0
2026-05-11 05:00:00,710.16,710.98,710.16,710.571,10270.0
2026-05-11 05:15:00,710.59,711.0707,710.5,710.71,9493.0
2026-05-11 05:30:00,710.72,711.22,710.72,711.16,10753.0
2026-05-11 05:45:00,711.18,711.7515,710.56,710.56,13922.0
2026-05-11 06:00:00,710.605,710.9963,710.43,710.5785,7584.0
2026-05-11 06:15:00,710.47,710.6094,710.12,710.5233,8643.0
2026-05-11 06:30:00,710.51,710.5487,710.0,710.2215,9024.0
2026-05-11 06:45:00,710.2705,710.47,709.96,710.26,6306.0
2026-05-11 07:00:00,710.24,711.245,710.23,711.23,32714.0
2026-05-11 07:15:00,711.25,712.08,711.02,711.9709,22440.0
2026-05-11 07:30:00,711.99,712.33,711.31,711.33,32047.0
2026-05-11 07:45:00,711.345,711.41,710.8,711.36,33625.0
2026-05-11 08:00:00,711.3416,711.5,710.15,710.26,49564.0
2026-05-11 08:15:00,710.2435,710.6,709.69,710.4,39064.0
2026-05-11 08:30:00,710.39,710.53,709.48,709.5153,24465.0
2026-05-11 08:45:00,709.52,710.16,709.23,710.11,39031.0
2026-05-11 09:00:00,710.16,710.5,709.85,710.38,48104.0
2026-05-11 09:15:00,710.355,710.4187,709.76,710.32,44337.0
2026-05-12 04:00:00,708.86,708.9377,707.43,707.4333,45784.0
2026-05-12 04:15:00,707.42,708.36,707.24,708.33,12532.0
2026-05-12 04:30:00,708.3509,708.46,707.88,707.88,9001.0
2026-05-12 04:45:00,707.84,708.1767,707.5195,708.1767,8857.0
2026-05-12 05:00:00,708.17,708.46,707.315,708.03,30232.0
2026-05-12 05:15:00,708.08,708.34,707.76,707.9224,16514.0
2026-05-12 05:30:00,708.05,708.95,708.05,708.296,9700.0
2026-05-12 05:45:00,708.3259,708.75,708.15,708.3,9205.0
2026-05-12 06:00:00,708.41,709.02,708.3587,708.78,9366.0
2026-05-12 06:15:00,708.8,708.82,708.3008,708.5,8841.0
2026-05-12 06:30:00,708.5,708.5181,707.5415,707.77,13635.0
2026-05-12 06:45:00,707.76,708.15,707.61,708.05,23789.0
2026-05-12 07:00:00,708.09,708.25,706.6,706.77,72923.0
2026-05-12 07:15:00,706.78,707.0509,706.28,707.005,34145.0
2026-05-12 07:30:00,707.0,707.4748,706.75,707.15,42944.0
2026-05-12 07:45:00,707.2392,707.47,707.04,707.065,33376.0
2026-05-12 08:00:00,707.07,707.12,705.97,707.06,52867.0
2026-05-12 08:15:00,707.0017,707.04,706.12,706.65,54955.0
2026-05-12 08:30:00,706.79,708.5305,705.78,707.93,173904.0
2026-05-12 08:45:00,707.95,708.63,707.9,708.4391,38344.0
2026-05-12 09:00:00,708.4207,708.78,707.9,708.28,67455.0
2026-05-12 09:15:00,708.29,708.3,707.6,708.16,46054.0
2026-05-13 04:00:00,711.83,713.46,711.8245,713.25,78262.0
2026-05-13 04:15:00,713.2693,713.86,713.24,713.64,39088.0
2026-05-13 04:30:00,713.63,713.9,713.3,713.65,18947.0
2026-05-13 04:45:00,713.55,713.62,712.815,713.1,17825.0
2026-05-13 05:00:00,713.01,713.03,712.0,712.28,17464.0
2026-05-13 05:15:00,712.27,712.56,711.98,712.49,12094.0
2026-05-13 05:30:00,712.39,713.18,712.2,713.0877,14054.0
2026-05-13 05:45:00,713.04,713.36,712.8251,713.2982,26945.0
2026-05-13 06:00:00,713.25,713.3,712.47,712.75,8813.0
2026-05-13 06:15:00,712.7,712.8488,712.2987,712.51,9234.0
2026-05-13 06:30:00,712.499,712.57,711.96,712.56,19867.0
2026-05-13 06:45:00,712.52,712.6287,712.269,712.3666,12321.0
2026-05-13 07:00:00,712.335,712.56,711.59,711.93,41231.0
2026-05-13 07:15:00,711.84,712.115,711.4,711.71,24083.0
2026-05-13 07:30:00,711.71,712.21,711.57,711.96,63411.0
2026-05-13 07:45:00,711.97,712.1982,711.65,711.98,31149.0
2026-05-13 08:00:00,711.92,712.7,711.88,712.06,54704.0
2026-05-13 08:15:00,712.07,712.07,710.53,711.74,75481.0
2026-05-13 08:30:00,711.6,711.6825,707.8,709.02,314742.0
2026-05-13 08:45:00,708.95,709.4,708.46,708.7,101126.0
2026-05-13 09:00:00,708.87,710.12,708.79,710.03,108408.0
2026-05-13 09:15:00,710.0,710.39,709.825,710.01,91443.0
2026-05-14 04:00:00,717.498,717.6,716.4,717.59,56674.0
2026-05-14 04:15:00,717.65,718.32,717.23,717.48,15023.0
2026-05-14 04:30:00,717.44,717.9,716.4717,716.5796,12179.0
2026-05-14 04:45:00,716.55,717.1503,716.38,717.0122,11538.0
2026-05-14 05:00:00,717.13,717.3505,716.3,716.6196,16994.0
2026-05-14 05:15:00,716.76,716.76,715.89,716.04,12456.0
2026-05-14 05:30:00,715.96,716.18,714.72,715.42,20891.0
2026-05-14 05:45:00,715.4238,716.2,715.3,715.97,12592.0
2026-05-14 06:00:00,715.98,717.425,715.92,716.5682,19143.0
2026-05-14 06:15:00,716.5017,717.02,716.03,716.35,12699.0
2026-05-14 06:30:00,716.35,716.49,715.56,715.8,8263.0
2026-05-14 06:45:00,715.772,716.77,715.68,716.3,6413.0
2026-05-14 07:00:00,716.2298,717.0305,716.2,716.755,30497.0
2026-05-14 07:15:00,716.7388,716.81,715.4,715.76,30566.0
2026-05-14 07:30:00,715.7897,716.43,715.765,716.3,18750.0
2026-05-14 07:45:00,716.2995,716.76,716.1,716.16,23681.0
2026-05-14 08:00:00,716.16,716.75,716.05,716.6535,11439.0
2026-05-14 08:15:00,716.645,717.0,716.395,716.76,15385.0
2026-05-14 08:30:00,716.76,716.76,715.71,715.71,42720.0
2026-05-14 08:45:00,715.7,715.9,714.68,715.08,45098.0
2026-05-14 09:00:00,715.0,715.155,713.97,714.54,63054.0
2026-05-14 09:15:00,714.57,715.09,714.09,714.69,68914.0
2026-05-15 04:00:00,713.27,713.31,711.35,711.6,69989.0
2026-05-15 04:15:00,711.59,711.59,708.675,708.83,40605.0
2026-05-15 04:30:00,708.82,710.55,707.82,710.4853,41402.0
2026-05-15 04:45:00,710.505,710.52,709.41,709.68,23028.0
2026-05-15 05:00:00,709.73,710.28,709.0,709.13,12809.0
2026-05-15 05:15:00,709.08,709.48,707.91,709.43,31932.0
2026-05-15 05:30:00,709.32,709.65,708.2,708.4112,17291.0
2026-05-15 05:45:00,708.33,709.42,707.62,708.65,40550.0
2026-05-15 06:00:00,708.83,710.14,708.2,710.13,48180.0
2026-05-15 06:15:00,709.95,710.82,709.68,709.99,33328.0
2026-05-15 06:30:00,709.98,710.73,709.33,710.35,56739.0
2026-05-15 06:45:00,710.36,712.31,710.17,711.28,43296.0
2026-05-15 07:00:00,711.33,711.94,710.66,711.12,48497.0
2026-05-15 07:15:00,711.11,711.39,710.49,710.7601,41614.0
2026-05-15 07:30:00,710.7925,711.09,709.86,709.86,30230.0
2026-05-15 07:45:00,709.85,710.92,709.48,709.515,46047.0
2026-05-15 08:00:00,709.515,709.56,707.66,707.72,108158.0
2026-05-15 08:15:00,707.74,709.22,707.56,708.1214,89135.0
2026-05-15 08:30:00,708.2,708.2,706.85,707.25,107200.0
2026-05-15 08:45:00,707.24,708.28,706.83,707.98,65608.0
2026-05-15 09:00:00,707.9565,708.03,707.0,707.68,101726.0
2026-05-15 09:15:00,707.6573,710.34,707.39,710.09,232492.0
2026-05-18 04:00:00,706.29,708.0,706.29,707.48,44619.0
2026-05-18 04:15:00,707.51,708.88,707.11,708.64,18690.0
2026-05-18 04:30:00,708.84,709.25,707.9987,708.06,27040.0
2026-05-18 04:45:00,708.14,709.28,708.0681,709.24,31669.0
2026-05-18 05:00:00,709.27,709.44,708.22,708.32,15350.0
2026-05-18 05:15:00,708.24,708.72,707.88,708.36,8020.0
2026-05-18 05:30:00,708.3682,708.48,708.07,708.29,3460.0
2026-05-18 05:45:00,708.28,708.5985,707.55,708.12,10221.0
2026-05-18 06:00:00,708.0716,708.09,706.23,706.78,23944.0
2026-05-18 06:15:00,706.68,707.0,706.42,706.64,12048.0
2026-05-18 06:30:00,706.68,706.8,705.35,706.25,34458.0
2026-05-18 06:45:00,706.21,706.85,706.05,706.24,13456.0
2026-05-18 07:00:00,706.3007,706.47,704.7,705.96,31583.0
2026-05-18 07:15:00,705.88,706.5109,705.5,705.53,27430.0
2026-05-18 07:30:00,705.55,710.0,705.5465,709.2,137882.0
2026-05-18 07:45:00,709.17,709.21,707.22,707.63,42609.0
2026-05-18 08:00:00,707.63,709.14,707.57,708.71,33237.0
2026-05-18 08:15:00,708.74,708.77,707.9,708.265,25567.0
2026-05-18 08:30:00,708.27,711.4,707.96,711.12,179222.0
2026-05-18 08:45:00,711.09,713.5,711.01,713.32,207780.0
2026-05-18 09:00:00,713.22,713.5,711.9948,712.61,110939.0
2026-05-18 09:15:00,712.5669,712.64,711.08,711.16,120605.0
2026-05-19 04:00:00,705.94,706.26,704.0,704.28,42029.0
2026-05-19 04:15:00,704.4,704.65,702.84,703.15,13675.0
2026-05-19 04:30:00,703.08,703.94,703.07,703.8,7633.0
2026-05-19 04:45:00,703.8217,704.2684,703.53,703.5985,4970.0
2026-05-19 05:00:00,703.53,703.53,702.75,702.88,3889.0
2026-05-19 05:15:00,702.7592,702.7592,700.86,700.98,18179.0
2026-05-19 05:30:00,700.95,701.4,699.53,699.6,24710.0
2026-05-19 05:45:00,699.66,701.7267,699.66,701.32,25974.0
2026-05-19 06:00:00,701.32,701.52,700.4,701.1,20718.0
2026-05-19 06:15:00,701.15,701.3,700.68,701.045,8536.0
2026-05-19 06:30:00,701.0817,701.74,699.6,699.84,35315.0
2026-05-19 06:45:00,699.84,701.67,699.53,701.52,29620.0
2026-05-19 07:00:00,701.58,702.2,701.28,701.28,27591.0
2026-05-19 07:15:00,701.26,701.76,700.91,701.2617,14237.0
2026-05-19 07:30:00,701.2819,702.0,700.8145,701.02,26630.0
2026-05-19 07:45:00,700.95,700.9896,699.95,699.96,30626.0
2026-05-19 08:00:00,699.93,700.7788,699.43,700.565,54756.0
2026-05-19 08:15:00,700.5758,700.7,699.62,700.3,52566.0
2026-05-19 08:30:00,700.2,701.95,700.11,701.38,65598.0
2026-05-19 08:45:00,701.38,701.91,701.22,701.35,25006.0
2026-05-19 09:00:00,701.38,701.62,699.5,700.46,118099.0
2026-05-19 09:15:00,700.48,700.5,698.72,700.19,88153.0
2026-05-20 04:00:00,704.21,705.63,704.1322,705.5,53973.0
2026-05-20 04:15:00,705.47,705.84,705.06,705.72,27713.0
2026-05-20 04:30:00,705.83,706.54,705.72,706.46,39704.0
2026-05-20 04:45:00,706.46,706.855,705.88,705.98,17036.0
2026-05-20 05:00:00,705.88,705.97,705.33,705.33,7635.0
2026-05-20 05:15:00,705.24,705.7482,705.2,705.6127,5293.0
2026-05-20 05:30:00,705.6515,706.08,705.6515,705.9808,3002.0
2026-05-20 05:45:00,706.02,707.17,705.9,706.6,21054.0
2026-05-20 06:00:00,706.68,707.3,706.68,706.9,14790.0
2026-05-20 06:15:00,706.92,706.98,706.44,706.62,11233.0
2026-05-20 06:30:00,706.6482,707.32,706.56,706.73,13603.0
2026-05-20 06:45:00,706.6694,706.925,706.1,706.16,7631.0
2026-05-20 07:00:00,706.185,706.66,705.82,705.87,17154.0
2026-05-20 07:15:00,705.91,706.52,705.895,706.4104,14521.0
2026-05-20 07:30:00,706.44,706.63,705.46,705.75,20104.0
2026-05-20 07:45:00,705.7469,705.96,705.13,705.5015,20977.0
2026-05-20 08:00:00,705.525,706.55,705.35,706.485,39031.0
2026-05-20 08:15:00,706.45,707.38,706.2388,707.08,45159.0
2026-05-20 08:30:00,707.13,707.6,706.55,706.69,50759.0
2026-05-20 08:45:00,706.6709,707.11,706.06,706.07,33185.0
2026-05-20 09:00:00,706.07,706.42,705.91,705.95,57110.0
2026-05-20 09:15:00,705.956,706.38,704.96,705.4,78067.0
2026-05-21 04:00:00,711.5977,714.16,711.1791,714.12,60500.0
2026-05-21 04:15:00,714.23,714.92,712.73,713.71,48536.0
2026-05-21 04:30:00,713.7046,713.7046,712.6,713.04,9005.0
2026-05-21 04:45:00,712.92,713.06,712.27,712.8,12472.0
2026-05-21 05:00:00,712.84,713.71,712.68,713.511,19405.0
2026-05-21 05:15:00,713.51,714.08,713.35,713.89,10914.0
2026-05-21 05:30:00,713.8885,714.06,712.86,712.92,8208.0
2026-05-21 05:45:00,712.83,713.28,712.8,712.9015,4456.0
2026-05-21 06:00:00,712.98,713.16,712.33,713.04,4239.0
2026-05-21 06:15:00,713.06,713.1707,709.61,710.25,47832.0
2026-05-21 06:30:00,710.16,710.88,708.92,709.9,44554.0
2026-05-21 06:45:00,709.9,709.93,708.48,709.57,35855.0
2026-05-21 07:00:00,709.64,709.9535,708.71,709.8,38138.0
2026-05-21 07:15:00,709.74,710.83,709.7078,710.4,46195.0
2026-05-21 07:30:00,710.3603,710.66,709.55,709.67,41294.0
2026-05-21 07:45:00,709.64,710.45,709.61,709.83,10697.0
2026-05-21 08:00:00,709.8886,710.185,709.3,709.51,31697.0
2026-05-21 08:15:00,709.52,710.04,709.07,709.48,34215.0
2026-05-21 08:30:00,709.55,710.75,709.1,709.499,74693.0
2026-05-21 08:45:00,709.465,709.63,708.25,708.47,40200.0
2026-05-21 09:00:00,708.3958,709.55,708.28,708.9982,67363.0
2026-05-21 09:15:00,708.945,709.0,708.1,708.94,112583.0
2026-05-22 04:00:00,718.135,718.935,718.0965,718.5,43286.0
2026-05-22 04:15:00,718.61,720.12,718.59,719.4,30307.0
2026-05-22 04:30:00,719.4,719.41,718.2,718.4888,7850.0
2026-05-22 04:45:00,718.56,718.93,717.72,717.77,13994.0
2026-05-22 05:00:00,717.72,717.75,716.34,716.3785,49436.0
2026-05-22 05:15:00,716.32,716.84,715.87,716.11,30122.0
2026-05-22 05:30:00,716.0882,717.04,715.67,717.01,14288.0
2026-05-22 05:45:00,717.01,717.3297,716.6692,716.79,10647.0
2026-05-22 06:00:00,716.689,716.689,715.85,715.9191,29747.0
2026-05-22 06:15:00,715.85,715.98,714.96,715.09,27390.0
2026-05-22 06:30:00,715.09,715.3,714.66,715.07,25131.0
2026-05-22 06:45:00,715.037,715.5687,715.01,715.3217,8249.0
2026-05-22 07:00:00,715.32,716.06,715.23,715.34,26106.0
2026-05-22 07:15:00,715.394,715.7335,715.055,715.49,11419.0
2026-05-22 07:30:00,715.448,716.15,715.27,716.142,23382.0
2026-05-22 07:45:00,716.125,716.79,716.02,716.38,18505.0
2026-05-22 08:00:00,716.3202,718.1,716.06,717.72,37564.0
2026-05-22 08:15:00,717.89,718.2,716.925,717.355,71356.0
2026-05-22 08:30:00,717.36,717.79,717.29,717.5,19912.0
2026-05-22 08:45:00,717.47,718.48,717.47,718.39,32903.0
2026-05-22 09:00:00,718.5,718.67,717.55,718.2,56996.0
2026-05-22 09:15:00,718.1311,718.41,717.3574,718.14,62231.0
2026-05-26 04:00:00,722.95,723.1385,722.4885,722.8287,35996.0
2026-05-26 04:15:00,722.8487,723.31,722.67,723.31,8261.0
2026-05-26 04:30:00,723.33,723.64,722.9,723.5475,10198.0
2026-05-26 04:45:00,723.5487,723.77,723.16,723.73,5287.0
2026-05-26 05:00:00,723.76,724.0587,723.71,723.73,9704.0
2026-05-26 05:15:00,723.71,724.58,723.628,724.5,16709.0
2026-05-26 05:30:00,724.5,724.57,724.24,724.43,5245.0
2026-05-26 05:45:00,724.425,724.74,724.42,724.6726,9292.0
2026-05-26 06:00:00,724.6712,725.24,724.57,725.1877,24241.0
2026-05-26 06:15:00,725.191,726.0,725.0492,725.8631,23908.0
2026-05-26 06:30:00,725.87,726.3,725.21,725.269,22606.0
2026-05-26 06:45:00,725.27,725.43,724.83,724.8585,9285.0
2026-05-26 07:00:00,724.81,725.12,724.51,724.51,41839.0
2026-05-26 07:15:00,724.55,725.14,724.47,724.97,32951.0
2026-05-26 07:30:00,724.97,725.32,723.99,724.905,36389.0
2026-05-26 07:45:00,724.926,725.25,724.7817,725.11,31264.0
2026-05-26 08:00:00,725.1,725.55,724.77,725.2,44041.0
2026-05-26 08:15:00,725.2382,726.01,725.085,725.8478,39940.0
2026-05-26 08:30:00,725.8503,726.63,725.7,726.35,62197.0
2026-05-26 08:45:00,726.35,726.55,726.2105,726.42,40452.0
2026-05-26 09:00:00,726.42,726.52,725.9352,726.43,37725.0
2026-05-26 09:15:00,726.45,726.66,725.6404,726.17,130510.0
2026-05-27 04:00:00,731.7,732.5,731.444,732.48,35253.0
2026-05-27 04:15:00,732.46,733.65,732.46,733.5,14819.0
2026-05-27 04:30:00,733.49,733.66,733.09,733.4012,7741.0
2026-05-27 04:45:00,733.54,733.54,733.08,733.2,3686.0
2026-05-27 05:00:00,733.2,733.28,732.59,732.95,10398.0
2026-05-27 05:15:00,732.93,733.1802,732.8,733.01,6995.0
2026-05-27 05:30:00,732.94,733.4887,732.8,733.21,4028.0
2026-05-27 05:45:00,733.18,733.61,732.96,733.5369,7407.0
2026-05-27 06:00:00,733.5761,734.39,733.5465,734.36,21560.0
2026-05-27 06:15:00,734.32,734.4,733.95,734.0316,9560.0
2026-05-27 06:30:00,734.027,734.027,733.6,733.9,12874.0
2026-05-27 06:45:00,733.8715,734.21,733.8,734.0682,14234.0
2026-05-27 07:00:00,734.11,735.07,734.0906,734.925,35001.0
2026-05-27 07:15:00,734.9,735.45,734.4,734.985,18782.0
2026-05-27 07:30:00,734.9652,735.6,734.95,735.17,22029.0
2026-05-27 07:45:00,735.159,735.55,734.8,734.8587,26179.0
2026-05-27 08:00:00,734.8,735.18,734.6,734.91,28063.0
2026-05-27 08:15:00,734.91,737.6,734.31,736.99,131700.0
2026-05-27 08:30:00,737.04,737.04,735.89,736.065,61204.0
2026-05-27 08:45:00,736.08,736.08,734.66,734.78,58680.0
2026-05-27 09:00:00,734.745,735.0,733.36,733.62,107843.0
2026-05-27 09:15:00,733.6735,733.92,732.93,733.04,124550.0
2026-05-28 04:00:00,727.41,728.16,727.16,727.54,82145.0
2026-05-28 04:15:00,727.66,728.21,727.21,727.58,12924.0
2026-05-28 04:30:00,727.53,728.05,727.39,727.76,21042.0
2026-05-28 04:45:00,727.681,728.0402,727.47,727.89,3249.0
2026-05-28 05:00:00,727.94,728.3,727.55,727.67,9918.0
2026-05-28 05:15:00,727.7903,728.1158,727.62,727.66,3881.0
2026-05-28 05:30:00,727.66,727.66,726.9772,727.1465,5493.0
2026-05-28 05:45:00,727.13,727.9,727.1,727.79,6937.0
2026-05-28 06:00:00,727.7987,727.7987,727.045,727.1285,7021.0
2026-05-28 06:15:00,727.12,727.29,726.31,726.91,12340.0
2026-05-28 06:30:00,726.75,726.9,726.23,726.27,7402.0
2026-05-28 06:45:00,726.26,726.62,725.27,725.6213,23049.0
2026-05-28 07:00:00,725.6,726.1,725.285,725.43,48302.0
2026-05-28 07:15:00,725.43,726.28,725.43,725.84,19503.0
2026-05-28 07:30:00,725.822,726.95,725.5612,726.855,30661.0
2026-05-28 07:45:00,726.9,726.9,726.33,726.6183,17316.0
2026-05-28 08:00:00,726.5551,727.49,726.54,727.45,30848.0
2026-05-28 08:15:00,727.345,727.4,726.67,727.35,19687.0
2026-05-28 08:30:00,727.35,729.1,727.23,729.0899,92018.0
2026-05-28 08:45:00,729.0,730.0435,728.9365,729.775,85020.0
2026-05-28 09:00:00,729.75,730.72,729.14,729.28,70997.0
2026-05-28 09:15:00,729.29,730.12,729.2107,730.07,66418.0
2026-05-29 04:00:00,735.92,736.28,735.54,736.08,84486.0
2026-05-29 04:15:00,736.17,736.31,735.67,736.12,5196.0
2026-05-29 04:30:00,736.18,736.45,736.04,736.05,8177.0
2026-05-29 04:45:00,736.0797,736.29,735.68,736.27,9732.0
2026-05-29 05:00:00,736.2782,737.3,736.13,737.3,9920.0
2026-05-29 05:15:00,737.26,737.5,736.79,737.17,6602.0
2026-05-29 05:30:00,737.0908,737.17,736.58,736.6,9936.0
2026-05-29 05:45:00,736.6,737.02,736.5826,736.64,5751.0
2026-05-29 06:00:00,736.61,736.65,735.9,736.2787,13970.0
2026-05-29 06:15:00,736.23,736.64,735.98,736.61,6788.0
2026-05-29 06:30:00,736.5,736.95,736.39,736.8233,6220.0
2026-05-29 06:45:00,736.81,737.01,736.7,736.7759,5012.0
2026-05-29 07:00:00,736.77,737.35,736.77,737.3374,20194.0
2026-05-29 07:15:00,737.33,737.58,736.6,736.6,21732.0
2026-05-29 07:30:00,736.68,737.09,736.0806,736.98,47921.0
2026-05-29 07:45:00,736.96,737.1393,735.85,737.03,35260.0
2026-05-29 08:00:00,736.99,737.0,736.2,736.35,14714.0
2026-05-29 08:15:00,736.32,736.65,736.1239,736.52,15822.0
2026-05-29 08:30:00,736.55,736.63,735.75,736.33,68977.0
2026-05-29 08:45:00,736.326,737.02,736.13,737.0,33604.0
2026-05-29 09:00:00,737.005,737.38,736.83,736.93,37175.0
2026-05-29 09:15:00,736.935,737.86,736.69,737.86,45005.0
2026-06-01 04:00:00,741.19,741.2695,740.25,740.378,42487.0
2026-06-01 04:15:00,740.3985,740.4,739.8,739.8,12714.0
2026-06-01 04:30:00,739.79,740.38,739.585,740.38,20630.0
2026-06-01 04:45:00,740.4,740.93,739.97,740.92,20862.0
2026-06-01 05:00:00,740.93,741.2288,740.5,740.55,5819.0
2026-06-01 05:15:00,740.48,740.83,740.2442,740.28,13479.0
2026-06-01 05:30:00,740.3182,740.37,740.1,740.329,9123.0
2026-06-01 05:45:00,740.24,740.3285,739.8,739.97,14774.0
2026-06-01 06:00:00,740.02,740.57,739.8375,740.51,12498.0
2026-06-01 06:15:00,740.51,740.65,740.12,740.65,7376.0
2026-06-01 06:30:00,740.59,741.02,740.59,740.89,10109.0
2026-06-01 06:45:00,740.93,741.03,740.715,740.7211,13336.0
2026-06-01 07:00:00,740.78,740.84,739.96,740.2,37368.0
2026-06-01 07:15:00,740.2,740.2399,739.75,740.03,37601.0
2026-06-01 07:30:00,739.95,740.912,739.75,740.484,41179.0
2026-06-01 07:45:00,740.515,740.69,739.99,740.02,22673.0
2026-06-01 08:00:00,739.9917,740.06,738.9995,739.0,30172.0
2026-06-01 08:15:00,739.025,739.92,738.8617,739.685,20756.0
2026-06-01 08:30:00,739.72,740.625,739.3385,740.5982,27296.0
2026-06-01 08:45:00,740.58,740.8,739.6,739.685,11461.0
2026-06-01 09:00:00,739.73,739.84,736.5,737.234,77748.0
2026-06-01 09:15:00,737.195,738.11,735.83,737.15,159893.0
2026-06-02 04:00:00,741.9,742.7369,741.8177,742.48,37291.0
2026-06-02 04:15:00,742.4615,742.6859,741.9,742.2582,10238.0
2026-06-02 04:30:00,742.2503,742.695,742.1819,742.32,9366.0
2026-06-02 04:45:00,742.249,742.6178,742.09,742.28,5415.0
2026-06-02 05:00:00,742.23,742.2788,741.76,742.0115,11889.0
2026-06-02 05:15:00,742.07,742.3312,741.75,741.96,5182.0
2026-06-02 05:30:00,741.9812,743.08,741.9687,743.01,11491.0
2026-06-02 05:45:00,742.97,743.15,742.67,742.7287,10061.0
2026-06-02 06:00:00,742.6578,742.77,742.39,742.57,9948.0
2026-06-02 06:15:00,742.58,742.6885,742.2204,742.42,7089.0
2026-06-02 06:30:00,742.4315,742.4315,741.86,741.92,8087.0
2026-06-02 06:45:00,741.9674,742.1,741.75,741.8,13788.0
2026-06-02 07:00:00,741.775,742.2,741.1665,742.16,66585.0
2026-06-02 07:15:00,742.111,742.26,741.7,742.25,31305.0
2026-06-02 07:30:00,742.2078,742.9,742.2078,742.3502,26778.0
2026-06-02 07:45:00,742.33,742.4,741.8,741.8,22549.0
2026-06-02 08:00:00,741.8504,742.1587,741.76,741.83,24645.0
2026-06-02 08:15:00,741.8,742.5,741.63,742.289,21259.0
2026-06-02 08:30:00,742.08,742.555,741.77,742.41,27060.0
2026-06-02 08:45:00,742.3901,742.415,741.71,741.785,14686.0
2026-06-02 09:00:00,741.8,741.94,740.685,740.93,55024.0
2026-06-02 09:15:00,740.96,742.66,740.83,742.61,76853.0
2026-06-03 04:00:00,746.43,747.25,746.07,746.9,30105.0
2026-06-03 04:15:00,746.88,747.0,746.06,746.84,10900.0
2026-06-03 04:30:00,746.9,747.0017,746.31,746.4482,5202.0
2026-06-03 04:45:00,746.4198,746.6388,746.23,746.4485,5948.0
2026-06-03 05:00:00,746.4013,747.25,746.36,747.0585,10019.0
2026-06-03 05:15:00,747.06,747.71,746.94,747.65,12704.0
2026-06-03 05:30:00,747.68,747.7087,747.2,747.4991,12118.0
2026-06-03 05:45:00,747.53,747.53,746.79,746.8,11698.0
2026-06-03 06:00:00,746.7804,748.0,746.41,747.57,14741.0
2026-06-03 06:15:00,747.48,747.545,746.97,747.48,10530.0
2026-06-03 06:30:00,747.53,748.04,747.1,747.11,8001.0
2026-06-03 06:45:00,747.1,747.56,747.08,747.37,3260.0
2026-06-03 07:00:00,747.29,748.0,747.29,747.8388,15812.0
2026-06-03 07:15:00,747.77,748.12,747.6,747.85,34353.0
2026-06-03 07:30:00,747.8712,748.28,747.71,747.8087,21091.0
2026-06-03 07:45:00,747.76,748.17,747.64,747.9797,40002.0
2026-06-03 08:00:00,747.95,748.3781,747.7615,748.265,32419.0
2026-06-03 08:15:00,748.2526,748.2526,747.35,747.3501,47078.0
2026-06-03 08:30:00,747.35,747.365,746.14,746.68,79919.0
2026-06-03 08:45:00,746.66,746.9,746.0616,746.48,43397.0
2026-06-03 09:00:00,746.45,747.0455,746.38,746.7721,23476.0
2026-06-03 09:15:00,746.7799,747.5,746.75,747.41,73320.0
2026-06-04 04:00:00,741.04,741.1585,738.84,738.84,43358.0
2026-06-04 04:15:00,738.8095,739.26,737.28,738.0,26256.0
2026-06-04 04:30:00,737.99,738.7,737.85,737.93,11013.0
2026-06-04 04:45:00,737.9282,738.07,736.92,737.3,18978.0
2026-06-04 05:00:00,737.37,737.37,735.24,735.26,58986.0
2026-06-04 05:15:00,735.2907,736.5,735.0097,736.4,35048.0
2026-06-04 05:30:00,736.302,737.0,736.08,736.1615,29711.0
2026-06-04 05:45:00,736.2,737.4288,736.111,737.1015,25538.0
2026-06-04 06:00:00,736.95,736.98,736.23,736.44,22270.0
2026-06-04 06:15:00,736.4682,736.4682,735.54,735.629,25350.0
2026-06-04 06:30:00,735.58,736.02,735.01,735.21,27718.0
2026-06-04 06:45:00,735.1302,735.62,733.93,734.87,37675.0
2026-06-04 07:00:00,734.95,735.42,734.66,734.99,51948.0
2026-06-04 07:15:00,734.9,735.75,734.56,735.5748,52902.0
2026-06-04 07:30:00,735.6,736.0,733.01,733.7807,111039.0
2026-06-04 07:45:00,733.72,735.82,733.65,735.82,61114.0
2026-06-04 08:00:00,735.7763,735.9,734.46,734.7695,85194.0
2026-06-04 08:15:00,734.78,735.1389,734.44,735.08,65347.0
2026-06-04 08:30:00,735.055,736.55,735.01,736.48,53800.0
2026-06-04 08:45:00,736.5,736.98,736.03,736.55,86485.0
2026-06-04 09:00:00,736.44,736.68,736.0,736.2495,31134.0
2026-06-04 09:15:00,736.29,736.99,735.26,735.3,97045.0
2026-06-05 04:00:00,732.88,733.11,732.1378,732.63,63007.0
2026-06-05 04:15:00,732.6,734.4,732.295,734.4,26645.0
2026-06-05 04:30:00,734.28,734.58,733.27,733.3,12870.0
2026-06-05 04:45:00,733.26,733.58,732.8,733.01,9266.0
2026-06-05 05:00:00,733.01,735.4,732.86,734.52,34501.0
2026-06-05 05:15:00,734.65,734.7996,733.44,733.56,6317.0
2026-06-05 05:30:00,733.55,733.86,733.37,733.57,10644.0
2026-06-05 05:45:00,733.68,734.32,733.68,733.92,7178.0
2026-06-05 06:00:00,733.8815,734.21,733.85,734.21,7188.0
2026-06-05 06:15:00,734.17,734.94,734.0,734.7706,8868.0
2026-06-05 06:30:00,734.7762,734.859,734.29,734.59,18692.0
2026-06-05 06:45:00,734.59,734.62,733.83,733.83,6762.0
2026-06-05 07:00:00,733.87,733.91,733.3491,733.62,42284.0
2026-06-05 07:15:00,733.6031,733.65,732.5,733.6158,45058.0
2026-06-05 07:30:00,733.565,733.87,733.11,733.4984,24344.0
2026-06-05 07:45:00,733.46,733.56,732.7,732.72,35302.0
2026-06-05 08:00:00,732.76,732.79,731.84,731.8901,64122.0
2026-06-05 08:15:00,732.0,733.0,731.4487,732.0,141481.0
2026-06-05 08:30:00,732.0,732.99,730.15,732.1194,245708.0
2026-06-05 08:45:00,732.12,732.43,730.48,730.5599,89434.0
2026-06-05 09:00:00,730.5,730.9,729.97,730.1591,85112.0
2026-06-05 09:15:00,730.06,730.41,729.54,729.69,115613.0
2026-06-08 04:00:00,711.15,711.2888,709.9497,710.2585,89209.0
2026-06-08 04:15:00,710.27,711.11,710.01,710.4,18036.0
2026-06-08 04:30:00,710.52,711.52,709.62,710.04,24846.0
2026-06-08 04:45:00,709.99,710.12,708.9,709.4,28162.0
2026-06-08 05:00:00,709.4,709.81,708.66,709.59,26908.0
2026-06-08 05:15:00,709.65,710.45,709.5358,709.8688,23195.0
2026-06-08 05:30:00,709.71,711.2,709.05,710.43,34830.0
2026-06-08 05:45:00,710.3,710.88,710.23,710.88,11192.0
2026-06-08 06:00:00,710.9,710.9,709.65,710.4,17943.0
2026-06-08 06:15:00,710.4025,710.52,709.32,709.8,17858.0
2026-06-08 06:30:00,709.7985,711.72,709.6742,711.0056,35908.0
2026-06-08 06:45:00,711.03,711.29,710.58,710.93,21306.0
2026-06-08 07:00:00,710.92,713.88,710.28,713.85,67594.0
2026-06-08 07:15:00,713.94,714.99,713.32,714.98,109124.0
2026-06-08 07:30:00,714.99,715.65,714.95,715.0009,100448.0
2026-06-08 07:45:00,715.0,715.25,714.1,714.17,63923.0
2026-06-08 08:00:00,714.195,715.19,713.91,715.13,88826.0
2026-06-08 08:15:00,715.06,716.21,714.79,716.19,74545.0
2026-06-08 08:30:00,716.12,717.48,716.12,717.045,135916.0
2026-06-08 08:45:00,717.055,717.12,716.22,716.8622,65815.0
2026-06-08 09:00:00,716.93,719.15,716.874,719.0589,204104.0
2026-06-08 09:15:00,719.02,719.72,717.73,717.87,220929.0
2026-06-09 04:00:00,719.47,721.38,718.9337,721.3196,65133.0
2026-06-09 04:15:00,721.3019,721.5,720.68,721.24,19808.0
2026-06-09 04:30:00,721.24,721.778,720.84,721.6,15798.0
2026-06-09 04:45:00,721.6074,721.82,720.68,720.745,16390.0
2026-06-09 05:00:00,720.77,721.43,720.62,721.3882,8372.0
2026-06-09 05:15:00,721.36,722.0,721.249,721.84,20767.0
2026-06-09 05:30:00,721.8,721.8,721.1574,721.63,5068.0
2026-06-09 05:45:00,721.63,722.07,721.61,721.68,6494.0
2026-06-09 06:00:00,721.69,722.11,720.22,721.59,27126.0
2026-06-09 06:15:00,721.61,721.65,721.0,721.5,6452.0
2026-06-09 06:30:00,721.5,721.5587,720.94,721.1015,7619.0
2026-06-09 06:45:00,721.08,722.13,721.05,721.81,11914.0
2026-06-09 07:00:00,721.775,722.24,721.69,722.08,29163.0
2026-06-09 07:15:00,722.11,722.18,721.4791,721.885,26762.0
2026-06-09 07:30:00,721.86,722.79,721.75,722.56,30794.0
2026-06-09 07:45:00,722.6,722.71,721.61,721.6987,36070.0
2026-06-09 08:00:00,721.64,722.12,721.5,721.5,36977.0
2026-06-09 08:15:00,721.579,721.65,720.96,721.475,35719.0
2026-06-09 08:30:00,721.365,722.825,721.365,721.97,63506.0
2026-06-09 08:45:00,722.0,723.0,721.41,722.92,43790.0
2026-06-09 09:00:00,722.97,723.25,722.3,722.4,47075.0
2026-06-09 09:15:00,722.451,723.09,721.94,722.73,78807.0
2026-06-10 04:00:00,704.38,704.38,702.1,702.2,89016.0
2026-06-10 04:15:00,702.29,702.6,701.39,701.76,35702.0
2026-06-10 04:30:00,701.89,702.45,699.62,699.738,37839.0
2026-06-10 04:45:00,699.65,700.695,698.95,699.29,39875.0
2026-06-10 05:00:00,699.4,700.17,698.09,698.09,47435.0
2026-06-10 05:15:00,698.05,699.85,697.49,699.77,43356.0
2026-06-10 05:30:00,699.8,700.95,698.9,699.3668,27272.0
2026-06-10 05:45:00,699.39,699.96,698.735,699.72,15511.0
2026-06-10 06:00:00,699.82,699.95,698.885,699.4106,14845.0
2026-06-10 06:15:00,699.43,699.54,697.91,699.46,39057.0
2026-06-10 06:30:00,699.46,700.85,699.36,700.8,37559.0
2026-06-10 06:45:00,700.8558,701.2831,699.8,700.96,21746.0
2026-06-10 07:00:00,700.91,701.35,696.37,698.71,134562.0
2026-06-10 07:15:00,698.67,699.42,696.01,697.1045,80254.0
2026-06-10 07:30:00,697.06,697.33,695.61,696.1704,86461.0
2026-06-10 07:45:00,696.12,697.88,695.66,697.31,57000.0
2026-06-10 08:00:00,697.39,698.57,697.08,697.6685,61114.0
2026-06-10 08:15:00,697.59,699.18,696.89,699.18,135607.0
2026-06-10 08:30:00,699.1,704.97,698.88,703.24,414055.0
2026-06-10 08:45:00,703.14,703.92,701.01,701.11,140473.0
2026-06-10 09:00:00,701.11,702.46,700.88,701.7238,102490.0
2026-06-10 09:15:00,701.74,702.5,701.05,701.12,121474.0
2026-06-11 04:00:00,701.44,703.54,701.44,703.27,100643.0
2026-06-11 04:15:00,703.2488,703.7,702.636,703.0696,36464.0
2026-06-11 04:30:00,703.07,703.73,702.84,703.2482,17313.0
2026-06-11 04:45:00,703.25,703.32,702.65,703.2281,8077.0
2026-06-11 05:00:00,703.2,703.4,702.22,702.4686,12529.0
2026-06-11 05:15:00,702.48,702.66,701.94,702.3,11387.0
2026-06-11 05:30:00,702.24,702.7,701.85,702.4913,8509.0
2026-06-11 05:45:00,702.47,703.01,702.33,702.3882,13819.0
2026-06-11 06:00:00,702.33,703.29,702.33,702.77,17609.0
2026-06-11 06:15:00,702.89,703.0,702.2,702.33,14183.0
2026-06-11 06:30:00,702.32,703.2,702.32,702.6967,7951.0
2026-06-11 06:45:00,702.73,702.96,702.3,702.34,7052.0
2026-06-11 07:00:00,702.36,702.38,700.72,701.4483,77796.0
2026-06-11 07:15:00,701.3,702.04,700.92,701.76,31314.0
2026-06-11 07:30:00,701.685,702.93,701.65,702.49,53138.0
2026-06-11 07:45:00,702.52,703.04,702.36,702.82,24892.0
2026-06-11 08:00:00,702.8511,703.19,702.5,702.71,31732.0
2026-06-11 08:15:00,702.77,702.85,698.41,699.46,204062.0
2026-06-11 08:30:00,699.38,700.24,696.58,699.21,207477.0
2026-06-11 08:45:00,699.17,701.1,698.95,700.68,101193.0
2026-06-11 09:00:00,700.5,700.6851,699.35,699.85,81604.0
2026-06-11 09:15:00,699.89,700.33,698.7,698.7,66841.0
2026-06-12 04:00:00,716.2652,717.34,715.62,716.83,131246.0
2026-06-12 04:15:00,717.0,719.38,716.4,718.44,53904.0
2026-06-12 04:30:00,718.47,718.639,716.61,716.94,18348.0
2026-06-12 04:45:00,716.97,718.08,716.4304,717.25,18015.0
2026-06-12 05:00:00,717.25,718.92,717.2,718.92,17606.0
2026-06-12 05:15:00,718.97,720.56,718.69,720.45,24272.0
2026-06-12 05:30:00,720.48,721.81,719.91,721.1,31678.0
2026-06-12 05:45:00,721.1,721.65,720.4374,720.77,19695.0
2026-06-12 06:00:00,720.64,721.53,720.2512,720.712,18154.0
2026-06-12 06:15:00,720.84,720.9,718.15,718.53,28712.0
2026-06-12 06:30:00,718.5396,719.5,718.44,719.2575,10981.0
2026-06-12 06:45:00,719.33,719.4877,718.56,718.93,9919.0
2026-06-12 07:00:00,719.04,720.085,719.0,719.915,23649.0
2026-06-12 07:15:00,719.97,721.41,719.94,720.9225,34455.0
2026-06-12 07:30:00,720.95,721.3,720.1,721.285,34721.0
2026-06-12 07:45:00,721.32,721.63,720.55,721.073,21549.0
2026-06-12 08:00:00,721.0915,721.26,719.75,719.9583,68300.0
2026-06-12 08:15:00,719.98,720.205,718.5,718.55,63064.0
2026-06-12 08:30:00,718.549,718.9,716.91,717.175,133344.0
2026-06-12 08:45:00,717.21,717.44,715.07,715.615,114656.0
2026-06-12 09:00:00,715.56,716.68,714.2,716.65,171964.0
2026-06-12 09:15:00,716.7381,717.75,716.15,717.58,102872.0
2026-06-15 04:00:00,735.8535,736.94,735.6097,736.78,70347.0
2026-06-15 04:15:00,736.81,737.43,736.38,737.2982,23071.0
2026-06-15 04:30:00,737.26,737.64,737.16,737.48,11283.0
2026-06-15 04:45:00,737.64,737.91,736.86,737.03,28847.0
2026-06-15 05:00:00,737.0025,737.3,736.56,736.7317,16292.0
2026-06-15 05:15:00,736.61,736.65,735.6097,735.8,37776.0
2026-06-15 05:30:00,735.7022,735.82,735.3012,735.468,22622.0
2026-06-15 05:45:00,735.39,736.19,735.1,736.08,8484.0
2026-06-15 06:00:00,736.02,736.35,735.8,736.33,5876.0
2026-06-15 06:15:00,736.31,736.49,735.82,736.48,11576.0
2026-06-15 06:30:00,736.4836,736.49,735.59,735.97,7411.0
2026-06-15 06:45:00,736.0,736.46,735.9718,736.41,9917.0
2026-06-15 07:00:00,736.33,737.23,736.01,737.1382,56978.0
2026-06-15 07:15:00,737.18,737.62,737.11,737.599,32858.0
2026-06-15 07:30:00,737.565,737.76,736.64,736.7572,49308.0
2026-06-15 07:45:00,736.8,737.66,736.55,737.2016,45182.0
2026-06-15 08:00:00,737.18,737.66,736.975,737.1508,36570.0
2026-06-15 08:15:00,737.1514,737.38,736.18,736.49,70284.0
2026-06-15 08:30:00,736.53,736.89,736.08,736.19,29692.0
2026-06-15 08:45:00,736.2,736.9,735.76,736.79,45923.0
2026-06-15 09:00:00,736.825,737.3,736.39,737.3,33281.0
2026-06-15 09:15:00,737.2378,738.24,737.0715,738.17,79827.0
2026-06-16 04:00:00,743.0512,744.4,742.79,743.756,24366.0
2026-06-16 04:15:00,743.87,744.6,743.85,744.575,15583.0
2026-06-16 04:30:00,744.57,744.7,743.71,744.2321,18120.0
2026-06-16 04:45:00,744.23,745.6,743.8758,745.219,13159.0
2026-06-16 05:00:00,745.18,745.28,744.85,745.0487,14845.0
2026-06-16 05:15:00,745.05,745.1,744.1,744.19,11514.0
2026-06-16 05:30:00,744.15,744.72,743.84,744.0782,16267.0
2026-06-16 05:45:00,744.01,744.205,743.66,743.82,6666.0
2026-06-16 06:00:00,743.9064,744.4601,743.8604,744.4601,4950.0
2026-06-16 06:15:00,744.5,744.89,744.21,744.7,8524.0
2026-06-16 06:30:00,744.677,745.3,744.43,745.08,11048.0
2026-06-16 06:45:00,744.94,745.35,744.83,745.29,6192.0
2026-06-16 07:00:00,745.25,746.0,745.06,745.86,35043.0
2026-06-16 07:15:00,745.87,746.27,745.4,745.74,31570.0
2026-06-16 07:30:00,745.6885,745.91,745.2016,745.79,16950.0
2026-06-16 07:45:00,745.8,745.93,745.43,745.48,13454.0
2026-06-16 08:00:00,745.48,745.73,744.99,745.08,19494.0
2026-06-16 08:15:00,745.04,745.04,743.0,743.63,77951.0
2026-06-16 08:30:00,743.62,743.745,742.6,742.8,46916.0
2026-06-16 08:45:00,742.74,743.23,742.3,742.72,53074.0
2026-06-16 09:00:00,742.66,742.88,741.65,742.52,100565.0
2026-06-16 09:15:00,742.52,743.09,742.17,742.49,65512.0
2026-06-17 04:00:00,736.04,736.68,735.57,735.6,74263.0
2026-06-17 04:15:00,735.6,735.85,735.0,735.09,8462.0
2026-06-17 04:30:00,735.11,735.25,734.16,734.33,14333.0
2026-06-17 04:45:00,734.33,734.95,733.8,734.86,9321.0
2026-06-17 05:00:00,734.88,735.2,734.3947,734.698,5376.0
2026-06-17 05:15:00,734.7,735.0,734.39,734.85,4309.0
2026-06-17 05:30:00,734.9,735.15,734.23,734.52,4800.0
2026-06-17 05:45:00,734.57,734.67,733.3,733.6,9075.0
2026-06-17 06:00:00,733.68,733.68,732.61,733.4413,12927.0
2026-06-17 06:15:00,733.44,734.04,733.08,733.74,13148.0
2026-06-17 06:30:00,733.77,734.39,733.5247,734.2794,22751.0
2026-06-17 06:45:00,734.22,734.63,733.62,733.72,6305.0
2026-06-17 07:00:00,733.66,734.18,733.21,734.1,27722.0
2026-06-17 07:15:00,734.1012,734.42,733.68,733.895,10513.0
2026-06-17 07:30:00,733.84,733.96,733.06,733.21,12844.0
2026-06-17 07:45:00,733.1428,733.35,731.99,732.65,60458.0
2026-06-17 08:00:00,732.65,733.8,732.65,733.7,24673.0
2026-06-17 08:15:00,733.695,734.1493,733.2678,733.6,29689.0
2026-06-17 08:30:00,733.79,735.04,733.655,734.7336,63391.0
2026-06-17 08:45:00,734.74,734.88,734.19,734.32,27542.0
2026-06-17 09:00:00,734.4,734.465,733.78,734.155,24316.0
2026-06-17 09:15:00,734.15,735.3797,734.12,735.01,47386.0
2026-06-18 04:00:00,733.51,734.91,733.46,734.49,80686.0
2026-06-18 04:15:00,734.64,734.64,733.13,733.33,26880.0
2026-06-18 04:30:00,733.4,734.25,733.12,733.88,17311.0
2026-06-18 04:45:00,733.83,733.97,732.36,732.54,11506.0
2026-06-18 05:00:00,732.6,733.44,732.39,733.36,15225.0
2026-06-18 05:15:00,733.44,733.82,733.25,733.5015,11628.0
2026-06-18 05:30:00,733.49,734.2,733.315,734.0865,45249.0
2026-06-18 05:45:00,734.11,734.88,734.11,734.76,11777.0
2026-06-18 06:00:00,734.73,734.82,734.1285,734.6,9674.0
2026-06-18 06:15:00,734.59,734.88,734.25,734.3559,11204.0
2026-06-18 06:30:00,734.3841,734.7,733.28,733.28,19198.0
2026-06-18 06:45:00,733.25,733.61,733.18,733.3822,5735.0
2026-06-18 07:00:00,733.38,733.95,732.19,732.7403,45855.0
2026-06-18 07:15:00,732.8,732.9,731.87,732.71,25919.0
2026-06-18 07:30:00,732.68,733.0435,731.6,732.435,34376.0
2026-06-18 07:45:00,732.4501,733.18,732.28,733.17,23912.0
2026-06-18 08:00:00,733.17,733.502,732.52,733.36,33270.0
2026-06-18 08:15:00,733.43,734.33,733.0887,734.2,124669.0
2026-06-18 08:30:00,734.16,734.73,733.99,734.3606,53085.0
2026-06-18 08:45:00,734.41,735.795,734.36,735.21,69911.0
2026-06-18 09:00:00,735.2189,735.48,734.13,735.27,59753.0
2026-06-18 09:15:00,735.32,737.6,735.14,736.65,218532.0
2026-06-22 04:00:00,735.59,740.6877,735.59,739.7382,135999.0
2026-06-22 04:15:00,739.6899,739.8,738.78,739.1,14989.0
2026-06-22 04:30:00,739.13,740.06,738.9232,740.005,13620.0
2026-06-22 04:45:00,740.06,740.06,739.4,739.82,10225.0
2026-06-22 05:00:00,739.84,740.44,739.35,740.02,8651.0
2026-06-22 05:15:00,740.16,740.1717,739.68,739.8321,8396.0
2026-06-22 05:30:00,739.86,739.91,739.2,739.34,9366.0
2026-06-22 05:45:00,739.3085,739.4487,739.0569,739.0569,6884.0
2026-06-22 06:00:00,739.19,740.64,739.1,740.3914,20397.0
2026-06-22 06:15:00,740.3,740.54,739.92,740.09,15927.0
2026-06-22 06:30:00,739.9987,739.9987,739.14,739.52,15310.0
2026-06-22 06:45:00,739.67,739.92,739.47,739.47,8490.0
2026-06-22 07:00:00,739.57,742.035,739.42,739.75,42630.0
2026-06-22 07:15:00,739.8,740.33,739.66,740.04,11099.0
2026-06-22 07:30:00,740.05,740.8,739.9,740.245,50279.0
2026-06-22 07:45:00,740.22,740.6,739.75,740.43,21655.0
2026-06-22 08:00:00,740.5,741.1477,740.34,741.0,20346.0
2026-06-22 08:15:00,741.04,742.15,740.81,742.095,35035.0
2026-06-22 08:30:00,742.085,742.56,741.64,741.6882,36709.0
2026-06-22 08:45:00,741.73,741.96,741.45,741.6,21984.0
2026-06-22 09:00:00,741.56,743.13,741.55,742.9,92362.0
2026-06-22 09:15:00,742.905,743.22,741.825,742.19,79322.0
2026-06-23 04:00:00,720.11,720.5,718.17,718.8138,129707.0
2026-06-23 04:15:00,718.91,719.0171,717.07,717.64,77335.0
2026-06-23 04:30:00,717.6507,719.44,717.6507,718.918,38807.0
2026-06-23 04:45:00,718.88,718.88,717.1364,718.24,18655.0
2026-06-23 05:00:00,718.46,720.24,718.24,720.02,37799.0
2026-06-23 05:15:00,720.02,720.92,719.64,720.3276,30450.0
2026-06-23 05:30:00,720.41,720.48,719.1982,719.22,15833.0
2026-06-23 05:45:00,719.21,719.85,719.05,719.69,18101.0
2026-06-23 06:00:00,719.7,720.44,718.94,719.16,25853.0
2026-06-23 06:15:00,719.15,719.58,718.06,718.2,25195.0
2026-06-23 06:30:00,718.21,718.21,716.56,717.28,36978.0
2026-06-23 06:45:00,717.25,718.25,717.16,718.1526,30717.0
2026-06-23 07:00:00,718.1,718.98,717.42,718.93,89331.0
2026-06-23 07:15:00,718.85,719.32,717.86,718.0,79191.0
2026-06-23 07:30:00,718.0,719.481,717.74,719.36,38022.0
2026-06-23 07:45:00,719.399,719.79,718.88,719.5396,42293.0
2026-06-23 08:00:00,719.51,720.184,718.11,718.37,51355.0
2026-06-23 08:15:00,718.38,718.38,716.46,717.18,78892.0
2026-06-23 08:30:00,717.15,717.6,715.54,716.3522,79009.0
2026-06-23 08:45:00,716.36,716.835,715.75,716.22,43139.0
2026-06-23 09:00:00,716.22,716.44,715.15,716.1701,71943.0
2026-06-23 09:15:00,716.16,716.65,714.76,715.77,139374.0
2026-06-24 04:00:00,716.934,718.87,714.103,718.84,61488.0
2026-06-24 04:15:00,718.93,719.02,717.92,718.48,16935.0
2026-06-24 04:30:00,718.54,719.12,718.07,718.48,8927.0
2026-06-24 04:45:00,718.36,718.36,717.65,717.95,10852.0
2026-06-24 05:00:00,718.12,718.54,717.4,718.45,10861.0
2026-06-24 05:15:00,718.47,718.47,717.42,717.73,7367.0
2026-06-24 05:30:00,717.76,717.8193,716.74,716.8,13168.0
2026-06-24 05:45:00,716.73,717.82,716.48,717.76,6527.0
2026-06-24 06:00:00,717.76,717.77,717.0,717.76,4554.0
2026-06-24 06:15:00,717.78,718.08,717.46,717.9,4745.0
2026-06-24 06:30:00,717.99,718.74,717.9,718.38,13725.0
2026-06-24 06:45:00,718.3596,718.36,717.2772,717.38,28845.0
2026-06-24 07:00:00,717.39,718.15,716.65,716.66,25994.0
2026-06-24 07:15:00,716.75,716.83,716.0,716.48,33164.0
2026-06-24 07:30:00,716.495,718.2,716.43,717.865,20722.0
2026-06-24 07:45:00,717.87,719.1,717.582,718.9323,38533.0
2026-06-24 08:00:00,718.9507,719.0762,718.1301,718.61,22820.0
2026-06-24 08:15:00,718.7191,719.28,718.09,718.73,27042.0
2026-06-24 08:30:00,718.72,718.97,717.16,717.45,44038.0
2026-06-24 08:45:00,717.39,717.5,716.44,716.68,36510.0
2026-06-24 09:00:00,716.7,717.31,715.1,715.26,88408.0
2026-06-24 09:15:00,715.2515,716.7,714.5,714.5,136637.0
2026-06-25 04:00:00,726.4452,727.44,726.21,726.64,61566.0
2026-06-25 04:15:00,726.648,726.66,726.0,726.28,14203.0
2026-06-25 04:30:00,726.267,726.5312,725.9,725.9,19498.0
2026-06-25 04:45:00,725.89,725.9504,724.83,725.18,17620.0
2026-06-25 05:00:00,725.15,725.8,724.93,725.48,16883.0
2026-06-25 05:15:00,725.4885,725.8,725.0,725.44,10443.0
2026-06-25 05:30:00,725.53,725.93,725.3712,725.73,25309.0
2026-06-25 05:45:00,725.73,725.94,725.26,725.3,10503.0
2026-06-25 06:00:00,725.38,726.07,725.2,725.98,22185.0
2026-06-25 06:15:00,725.9889,726.24,725.61,726.1085,11250.0
2026-06-25 06:30:00,726.12,726.62,725.76,725.87,13329.0
2026-06-25 06:45:00,725.87,726.35,725.54,725.9515,10502.0
2026-06-25 07:00:00,726.02,726.8,725.8,725.855,37772.0
2026-06-25 07:15:00,725.8,725.96,724.8,724.91,40100.0
2026-06-25 07:30:00,724.84,725.455,724.56,725.31,34431.0
2026-06-25 07:45:00,725.325,725.8,724.93,725.29,36195.0
2026-06-25 08:00:00,725.2314,726.5,725.06,725.5402,41490.0
2026-06-25 08:15:00,725.54,725.84,725.0,725.27,54374.0
2026-06-25 08:30:00,725.2,728.42,725.2,726.78,131697.0
2026-06-25 08:45:00,726.79,727.61,726.7,727.04,30157.0
2026-06-25 09:00:00,727.04,727.3,725.695,726.14,87919.0
2026-06-25 09:15:00,726.08,726.4988,725.35,725.76,97871.0
2026-06-26 04:00:00,711.07,711.88,709.5,709.72,70486.0
2026-06-26 04:15:00,709.82,710.7,709.45,710.6,11969.0
2026-06-26 04:30:00,710.53,710.53,709.16,709.2177,7707.0
2026-06-26 04:45:00,709.1833,709.23,707.2,708.04,30141.0
2026-06-26 05:00:00,708.09,708.242,707.23,708.04,16840.0
2026-06-26 05:15:00,708.04,708.3,706.72,707.62,34276.0
2026-06-26 05:30:00,707.45,709.06,706.98,708.56,22598.0
2026-06-26 05:45:00,708.6,709.08,707.29,707.32,12867.0
2026-06-26 06:00:00,707.44,707.92,706.08,707.74,26940.0
2026-06-26 06:15:00,707.6725,708.0,706.74,707.5,18066.0
2026-06-26 06:30:00,707.4199,707.71,706.64,706.96,19907.0
2026-06-26 06:45:00,706.8666,707.42,706.7,707.07,9394.0
2026-06-26 07:00:00,707.14,708.68,706.9606,708.11,43046.0
2026-06-26 07:15:00,708.155,708.155,707.1,707.405,18339.0
2026-06-26 07:30:00,707.38,708.07,707.1811,707.22,23282.0
2026-06-26 07:45:00,707.27,707.61,705.85,706.965,35662.0
2026-06-26 08:00:00,706.959,708.96,706.6417,708.565,27705.0
2026-06-26 08:15:00,708.56,709.31,707.43,707.91,36252.0
2026-06-26 08:30:00,707.89,708.42,706.12,706.22,47549.0
2026-06-26 08:45:00,706.265,706.74,705.68,706.075,69684.0
2026-06-26 09:00:00,706.12,706.2277,704.5,705.26,84239.0
2026-06-26 09:15:00,705.2483,707.21,703.6,706.77,129806.0
2026-06-29 04:00:00,714.46,715.61,714.19,715.0,62096.0
2026-06-29 04:15:00,715.04,716.04,714.85,715.21,22941.0
2026-06-29 04:30:00,715.12,715.8,714.74,714.991,11398.0
2026-06-29 04:45:00,715.02,715.53,714.28,714.39,13438.0
2026-06-29 05:00:00,714.34,714.7,713.9941,714.44,8981.0
2026-06-29 05:15:00,714.28,715.1,714.16,714.87,3874.0
2026-06-29 05:30:00,714.98,715.02,714.16,714.35,7456.0
2026-06-29 05:45:00,714.4,714.6698,713.46,714.51,9256.0
2026-06-29 06:00:00,714.62,715.875,714.62,715.062,12238.0
2026-06-29 06:15:00,715.05,715.75,714.62,715.75,4500.0
2026-06-29 06:30:00,715.76,716.34,715.55,716.0,5889.0
2026-06-29 06:45:00,715.97,716.44,715.34,716.32,15874.0
2026-06-29 07:00:00,716.28,716.7,715.49,715.54,72857.0
2026-06-29 07:15:00,715.53,715.77,714.891,715.58,41611.0
2026-06-29 07:30:00,715.51,716.68,715.16,715.35,43655.0
2026-06-29 07:45:00,715.48,715.95,715.23,715.425,27108.0
2026-06-29 08:00:00,715.3392,716.03,715.06,715.97,44261.0
2026-06-29 08:15:00,715.95,716.16,715.44,715.62,27623.0
2026-06-29 08:30:00,715.68,716.0,714.09,714.62,74546.0
2026-06-29 08:45:00,714.69,715.41,714.43,715.32,49945.0
2026-06-29 09:00:00,715.4,716.05,715.27,715.88,43039.0
2026-06-29 09:15:00,715.87,715.99,713.6,713.98,72422.0
2026-06-30 04:00:00,725.03,726.1,724.7712,725.32,45825.0
2026-06-30 04:15:00,725.2776,726.11,724.84,726.11,7824.0
2026-06-30 04:30:00,726.16,726.3,723.54,724.24,10638.0
2026-06-30 04:45:00,724.16,724.8,723.64,724.69,5992.0
2026-06-30 05:00:00,724.79,725.05,724.52,724.9,7034.0
2026-06-30 05:15:00,724.96,725.1,724.56,724.56,2394.0
2026-06-30 05:30:00,724.54,724.96,723.955,724.76,6473.0
2026-06-30 05:45:00,724.839,725.35,724.839,725.05,4930.0
2026-06-30 06:00:00,725.0809,725.49,724.76,725.49,8157.0
2026-06-30 06:15:00,725.55,725.93,725.51,725.89,8666.0
2026-06-30 06:30:00,725.83,725.86,725.2,725.573,3618.0
2026-06-30 06:45:00,725.44,726.72,725.32,726.45,8503.0
2026-06-30 07:00:00,726.45,727.15,726.2,726.98,31411.0
2026-06-30 07:15:00,726.9904,727.0883,725.87,726.28,27336.0
2026-06-30 07:30:00,726.33,726.8012,726.02,726.71,18299.0
2026-06-30 07:45:00,726.65,727.27,726.3711,726.43,47914.0
2026-06-30 08:00:00,726.3839,726.5065,725.12,725.24,51637.0
2026-06-30 08:15:00,725.212,725.4,723.94,724.0,81361.0
2026-06-30 08:30:00,723.98,724.47,723.21,724.15,86261.0
2026-06-30 08:45:00,724.1896,724.33,723.28,723.4,28072.0
2026-06-30 09:00:00,723.52,724.1367,723.225,723.79,35425.0
2026-06-30 09:15:00,723.64,724.309,723.0,724.12,50654.0
2026-07-01 04:00:00,732.38,732.5685,731.55,732.0985,26358.0
2026-07-01 04:15:00,732.04,732.3,731.26,731.44,14753.0
2026-07-01 04:30:00,731.56,732.26,731.1417,732.19,8754.0
2026-07-01 04:45:00,732.08,732.57,731.83,732.57,7478.0
2026-07-01 05:00:00,732.538,732.538,731.63,731.91,9211.0
2026-07-01 05:15:00,731.86,732.23,731.8,731.99,4074.0
2026-07-01 05:30:00,731.96,732.23,731.82,732.09,3857.0
2026-07-01 05:45:00,732.16,732.78,732.16,732.7217,12250.0
2026-07-01 06:00:00,732.7217,732.81,731.9744,732.12,12657.0
2026-07-01 06:15:00,732.19,733.03,732.175,733.0299,7049.0
2026-07-01 06:30:00,733.0205,733.1,732.2,732.7815,11082.0
2026-07-01 06:45:00,732.85,733.44,732.69,733.23,4175.0
2026-07-01 07:00:00,733.25,733.94,733.25,733.445,42063.0
2026-07-01 07:15:00,733.4391,733.575,733.0478,733.11,20678.0
2026-07-01 07:30:00,733.12,733.175,732.514,733.01,15344.0
2026-07-01 07:45:00,733.025,733.05,732.07,732.2496,27141.0
2026-07-01 08:00:00,732.25,732.48,731.52,732.26,43682.0
2026-07-01 08:15:00,732.27,732.83,732.17,732.415,49909.0
2026-07-01 08:30:00,732.37,732.949,729.34,730.0,150400.0
2026-07-01 08:45:00,730.0208,730.41,729.15,730.0988,113334.0
2026-07-01 09:00:00,729.9,730.84,729.3901,729.59,69568.0
2026-07-01 09:15:00,729.665,731.03,728.675,729.18,114460.0
2026-07-02 04:00:00,721.23,721.8716,719.5,719.8117,64276.0
2026-07-02 04:15:00,719.81,722.12,719.8,721.84,13123.0
2026-07-02 04:30:00,721.788,723.91,721.68,723.1777,26894.0
2026-07-02 04:45:00,723.18,724.5,722.89,724.43,15236.0
2026-07-02 05:00:00,724.408,724.408,722.72,723.2396,18488.0
2026-07-02 05:15:00,723.29,723.29,722.3,723.2188,10549.0
2026-07-02 05:30:00,723.11,723.93,723.09,723.6631,9495.0
2026-07-02 05:45:00,723.53,723.53,722.5,722.58,5825.0
2026-07-02 06:00:00,722.51,722.56,721.67,722.0,9234.0
2026-07-02 06:15:00,721.894,722.62,721.79,722.32,6790.0
2026-07-02 06:30:00,722.43,723.705,722.3704,723.05,10728.0
2026-07-02 06:45:00,723.04,723.77,722.96,723.65,5428.0
2026-07-02 07:00:00,723.65,724.12,722.85,723.72,17689.0
2026-07-02 07:15:00,723.71,723.93,722.88,723.74,18936.0
2026-07-02 07:30:00,723.7191,725.15,723.4504,725.05,26904.0
2026-07-02 07:45:00,724.99,725.45,724.48,724.525,31390.0
2026-07-02 08:00:00,724.44,726.96,724.19,726.79,38941.0
2026-07-02 08:15:00,726.8,727.87,726.735,727.83,68370.0
2026-07-02 08:30:00,727.96,731.33,726.85,729.55,222018.0
2026-07-02 08:45:00,729.5792,730.01,727.41,728.14,83315.0
2026-07-02 09:00:00,728.2,728.8,726.59,727.18,92826.0
2026-07-02 09:15:00,727.09,728.14,725.51,725.58,67563.0
2026-07-06 04:00:00,718.61,721.15,718.61,719.66,41588.0
2026-07-06 04:15:00,719.63,719.88,718.6887,719.88,10939.0
2026-07-06 04:30:00,719.89,720.33,719.32,720.13,6302.0
2026-07-06 04:45:00,720.21,720.8,720.04,720.79,5668.0
2026-07-06 05:00:00,720.7,720.88,720.16,720.4,6673.0
2026-07-06 05:15:00,720.51,720.75,720.27,720.6115,3988.0
2026-07-06 05:30:00,720.64,720.74,720.0,720.3482,5432.0
2026-07-06 05:45:00,720.3287,721.1958,719.79,720.88,7623.0
2026-07-06 06:00:00,720.95,721.39,720.4,720.85,5006.0
2026-07-06 06:15:00,720.87,721.08,720.5618,720.6335,6945.0
2026-07-06 06:30:00,720.63,721.12,720.4,720.4,8071.0
2026-07-06 06:45:00,720.43,721.13,720.23,721.13,5246.0
2026-07-06 07:00:00,721.09,721.39,720.09,720.48,22827.0
2026-07-06 07:15:00,720.52,721.275,720.4,721.05,19927.0
2026-07-06 07:30:00,720.96,721.42,720.77,721.095,16409.0
2026-07-06 07:45:00,721.1,721.79,720.9,720.98,22737.0
2026-07-06 08:00:00,720.911,722.32,720.67,722.22,72950.0
2026-07-06 08:15:00,722.26,722.32,720.93,721.28,43012.0
2026-07-06 08:30:00,721.285,722.0,721.2,721.39,30951.0
2026-07-06 08:45:00,721.4291,722.25,721.4291,722.25,24516.0
2026-07-06 09:00:00,722.23,722.31,720.39,720.48,47964.0
2026-07-06 09:15:00,720.49,720.6,719.6,719.88,67077.0
2026-07-07 04:00:00,715.61,716.64,715.28,716.53,37206.0
2026-07-07 04:15:00,716.44,716.99,716.33,716.56,8342.0
2026-07-07 04:30:00,716.56,716.85,716.09,716.3709,7441.0
2026-07-07 04:45:00,716.42,716.6106,715.77,715.77,4313.0
2026-07-07 05:00:00,715.77,716.49,715.37,716.49,7625.0
2026-07-07 05:15:00,716.41,716.6,715.67,715.71,3168.0
2026-07-07 05:30:00,715.7015,715.77,715.0745,715.5982,12040.0
2026-07-07 05:45:00,715.5,715.9,714.9,715.8399,9008.0
2026-07-07 06:00:00,715.9112,716.5,715.23,715.5,34934.0
2026-07-07 06:15:00,715.5,716.44,715.47,716.0909,45169.0
2026-07-07 06:30:00,716.08,716.09,715.4,715.45,25331.0
2026-07-07 06:45:00,715.51,715.72,714.9,715.72,13634.0
2026-07-07 07:00:00,715.77,715.8,714.39,714.62,64038.0
2026-07-07 07:15:00,714.645,715.55,714.645,715.12,39027.0
2026-07-07 07:30:00,715.1,715.1,714.18,714.88,40153.0
2026-07-07 07:45:00,714.89,715.41,714.365,715.34,27644.0
2026-07-07 08:00:00,715.31,717.09,715.3008,716.85,73350.0
2026-07-07 08:15:00,716.815,716.9,715.74,716.47,48289.0
2026-07-07 08:30:00,716.475,716.95,715.92,716.395,42618.0
2026-07-07 08:45:00,716.375,716.465,714.9,715.36,40907.0
2026-07-07 09:00:00,715.35,715.71,714.72,715.395,64835.0
2026-07-07 09:15:00,715.42,715.65,713.99,714.19,66730.0
2026-07-08 04:00:00,709.17,709.92,708.28,709.9,43139.0
2026-07-08 04:15:00,709.96,710.06,701.6,701.99,98827.0
2026-07-08 04:30:00,702.01,702.52,699.12,700.4096,88470.0
2026-07-08 04:45:00,700.6,702.4,700.1,700.2392,110610.0
2026-07-08 05:00:00,700.3082,700.77,697.94,697.96,48265.0
2026-07-08 05:15:00,698.0,699.27,697.86,699.09,42646.0
2026-07-08 05:30:00,699.04,700.25,698.9,699.7488,37562.0
2026-07-08 05:45:00,699.67,700.11,698.79,698.95,19531.0
2026-07-08 06:00:00,699.04,699.63,698.2,698.9522,21301.0
2026-07-08 06:15:00,699.04,700.57,698.8,700.52,33652.0
2026-07-08 06:30:00,700.42,701.34,699.95,701.2,41954.0
2026-07-08 06:45:00,701.15,701.49,700.34,700.5056,17592.0
2026-07-08 07:00:00,700.55,700.709,699.51,700.05,44082.0
2026-07-08 07:15:00,700.085,700.31,699.46,699.64,50414.0
2026-07-08 07:30:00,699.7065,702.9,699.46,702.14,80116.0
2026-07-08 07:45:00,702.04,702.77,701.365,702.23,68868.0
2026-07-08 08:00:00,702.185,704.44,701.375,703.69,56593.0
2026-07-08 08:15:00,703.62,704.34,703.04,704.28,35425.0
2026-07-08 08:30:00,704.37,704.68,703.6,704.4562,34615.0
2026-07-08 08:45:00,704.46,705.8,703.72,703.72,75987.0
2026-07-08 09:00:00,703.78,705.38,703.6499,705.14,54888.0
2026-07-08 09:15:00,705.16,705.5507,703.74,705.02,95897.0
2026-07-09 04:00:00,716.86,718.0,716.34,717.26,45092.0
2026-07-09 04:15:00,717.31,718.01,717.045,717.1891,16511.0
2026-07-09 04:30:00,717.1482,717.3,716.29,716.69,17657.0
2026-07-09 04:45:00,716.7082,716.7082,715.84,716.24,49502.0
2026-07-09 05:00:00,716.32,716.41,715.48,715.7486,7078.0
2026-07-09 05:15:00,715.73,716.2,715.63,716.01,10248.0
2026-07-09 05:30:00,716.03,716.2,715.17,715.3,6334.0
2026-07-09 05:45:00,715.3,715.95,715.28,715.78,5988.0
2026-07-09 06:00:00,715.78,716.13,715.6585,715.84,3777.0
2026-07-09 06:15:00,715.9017,716.41,715.55,716.01,5737.0
2026-07-09 06:30:00,715.94,716.22,715.48,715.78,9169.0
2026-07-09 06:45:00,715.72,715.72,713.96,714.8025,24340.0
2026-07-09 07:00:00,714.81,715.4222,714.3,715.0101,46539.0
2026-07-09 07:15:00,715.035,715.84,714.67,715.795,24843.0
2026-07-09 07:30:00,715.85,716.915,715.53,716.84,35227.0
2026-07-09 07:45:00,716.89,717.675,716.3,717.095,65198.0
2026-07-09 08:00:00,717.0812,717.9413,716.7475,717.5395,57322.0
2026-07-09 08:15:00,717.5665,718.44,717.32,718.32,52318.0
2026-07-09 08:30:00,718.33,719.2425,718.1391,718.3299,78211.0
2026-07-09 08:45:00,718.33,718.3662,717.56,718.08,41011.0
2026-07-09 09:00:00,718.0,718.64,717.8,718.48,36798.0
2026-07-09 09:15:00,718.6,718.6,717.83,718.32,53620.0
2026-07-10 04:00:00,719.34,719.83,718.569,719.8015,41718.0
2026-07-10 04:15:00,719.81,720.02,718.96,719.1687,11661.0
2026-07-10 04:30:00,719.1622,719.54,718.83,719.54,13144.0
2026-07-10 04:45:00,719.4688,719.85,719.2715,719.29,8837.0
2026-07-10 05:00:00,719.44,719.92,717.9787,719.85,22370.0
2026-07-10 05:15:00,719.855,720.305,719.855,720.21,13223.0
2026-07-10 05:30:00,720.2285,720.5885,720.11,720.23,7075.0
2026-07-10 05:45:00,720.38,720.57,719.95,720.28,7173.0
2026-07-10 06:00:00,720.36,720.88,720.36,720.76,7841.0
2026-07-10 06:15:00,720.7715,720.8393,720.09,720.8094,16128.0
2026-07-10 06:30:00,720.8757,721.41,720.87,721.4,13463.0
2026-07-10 06:45:00,721.42,721.42,720.76,721.13,8536.0
2026-07-10 07:00:00,721.11,721.76,721.11,721.75,26918.0
2026-07-10 07:15:00,721.7088,722.01,721.14,721.2,23864.0
2026-07-10 07:30:00,721.12,721.1487,720.215,720.74,37900.0
2026-07-10 07:45:00,720.805,720.94,720.11,720.2465,24728.0
2026-07-10 08:00:00,720.36,721.83,719.2591,720.95,100873.0
2026-07-10 08:15:00,720.9793,721.29,720.55,721.15,26193.0
2026-07-10 08:30:00,721.085,721.366,720.4437,720.54,24891.0
2026-07-10 08:45:00,720.565,720.89,719.94,719.94,21138.0
2026-07-10 09:00:00,719.94,720.5392,719.68,720.17,33482.0
2026-07-10 09:15:00,720.21,721.1,719.98,721.06,37449.0
2026-07-13 04:00:00,715.35,717.64,715.35,717.56,106337.0
2026-07-13 04:15:00,717.63,718.47,717.63,718.15,36158.0
2026-07-13 04:30:00,718.15,718.3074,717.53,718.2,19127.0
2026-07-13 04:45:00,718.2,718.79,718.06,718.6,19035.0
2026-07-13 05:00:00,718.5,718.6412,717.918,718.24,7534.0
2026-07-13 05:15:00,718.29,719.0885,718.22,718.9885,29028.0
2026-07-13 05:30:00,719.0185,719.35,718.83,719.237,14808.0
2026-07-13 05:45:00,719.23,719.26,718.77,719.25,6932.0
2026-07-13 06:00:00,719.2504,719.345,718.43,718.6,15271.0
2026-07-13 06:15:00,718.61,719.0582,718.407,718.428,5224.0
2026-07-13 06:30:00,718.54,718.8485,718.35,718.4012,4979.0
2026-07-13 06:45:00,718.4,719.01,718.35,718.7485,3903.0
2026-07-13 07:00:00,718.84,719.87,718.75,719.155,42641.0
2026-07-13 07:15:00,719.142,719.48,718.52,719.27,32794.0
2026-07-13 07:30:00,719.35,719.79,719.08,719.08,20688.0
2026-07-13 07:45:00,719.104,719.16,718.21,718.51,25759.0
2026-07-13 08:00:00,718.475,718.84,717.4,718.1602,53835.0
2026-07-13 08:15:00,718.24,718.37,717.0848,717.17,60778.0
2026-07-13 08:30:00,717.1696,717.41,716.48,717.2358,75141.0
2026-07-13 08:45:00,717.296,718.1185,717.1854,717.99,32007.0
2026-07-13 09:00:00,717.998,718.67,717.76,717.99,27474.0
2026-07-13 09:15:00,717.95,718.33,717.16,718.24,55313.0
2026-07-14 04:00:00,714.5385,715.11,713.81,714.6,50436.0
2026-07-14 04:15:00,714.64,715.8,714.64,715.53,24379.0
2026-07-14 04:30:00,715.36,715.92,715.27,715.36,12631.0
2026-07-14 04:45:00,715.36,715.36,714.3987,714.4,7337.0
2026-07-14 05:00:00,714.38,715.69,714.085,715.69,9731.0
2026-07-14 05:15:00,715.54,715.75,714.4,714.4,4426.0
2026-07-14 05:30:00,714.478,715.25,714.478,715.12,4803.0
2026-07-14 05:45:00,715.04,715.5769,714.98,715.019,3285.0
2026-07-14 06:00:00,715.1,715.535,714.9,715.21,5858.0
2026-07-14 06:15:00,715.18,715.27,714.74,715.0,7765.0
2026-07-14 06:30:00,715.0,715.78,714.52,715.24,8913.0
2026-07-14 06:45:00,715.1373,715.5,714.8299,715.16,11321.0
2026-07-14 07:00:00,715.225,715.53,714.0,715.24,35594.0
2026-07-14 07:15:00,715.24,716.71,715.13,716.01,63323.0
2026-07-14 07:30:00,716.0673,716.67,715.37,715.51,27609.0
2026-07-14 07:45:00,715.515,716.45,715.46,715.8112,29542.0
2026-07-14 08:00:00,715.9088,715.9683,714.34,714.79,43536.0
2026-07-14 08:15:00,714.8683,717.17,714.55,717.17,59662.0
2026-07-14 08:30:00,717.23,722.76,717.1655,720.41,363696.0
2026-07-14 08:45:00,720.47,720.78,718.8119,719.2,67211.0
2026-07-14 09:00:00,719.259,720.07,719.0783,719.5,56378.0
2026-07-14 09:15:00,719.48,720.64,718.54,719.69,109174.0
2026-07-15 04:00:00,724.86,724.88,722.7,722.9,41056.0
2026-07-15 04:15:00,722.98,723.0888,721.8,722.7031,16594.0
2026-07-15 04:30:00,722.8,723.09,722.5215,723.09,10654.0
2026-07-15 04:45:00,723.0595,723.4935,722.8,723.3,7363.0
2026-07-15 05:00:00,723.3985,723.86,723.3393,723.755,9144.0
2026-07-15 05:15:00,723.7433,723.96,723.52,723.68,4839.0
2026-07-15 05:30:00,723.708,723.8403,723.16,723.6955,14171.0
2026-07-15 05:45:00,723.6901,723.715,722.84,723.06,6362.0
2026-07-15 06:00:00,723.0463,723.5,722.8304,723.4391,4946.0
2026-07-15 06:15:00,723.46,723.57,722.18,722.5,15595.0
2026-07-15 06:30:00,722.478,722.97,722.21,722.5788,8041.0
2026-07-15 06:45:00,722.57,723.28,722.51,723.14,5442.0
2026-07-15 07:00:00,723.09,723.75,722.985,723.115,15841.0
2026-07-15 07:15:00,723.08,723.49,722.8721,722.95,10511.0
2026-07-15 07:30:00,722.995,723.489,722.765,723.175,19134.0
2026-07-15 07:45:00,723.198,723.2,722.6401,722.8,11431.0
2026-07-15 08:00:00,722.7415,722.91,721.85,722.04,24292.0
2026-07-15 08:15:00,722.0876,722.31,721.46,721.9597,37811.0
2026-07-15 08:30:00,721.92,724.2,721.6,723.7229,76138.0
2026-07-15 08:45:00,723.71,724.73,723.5,724.37,39406.0
2026-07-15 09:00:00,724.478,724.84,723.43,723.6,38149.0
2026-07-15 09:15:00,723.64,724.2,723.39,724.15,37918.0
2026-07-16 04:00:00,714.42,714.57,712.6,712.66,46933.0
2026-07-16 04:15:00,712.66,714.16,712.39,713.68,12464.0
2026-07-16 04:30:00,713.83,714.7277,713.63,714.12,15048.0
2026-07-16 04:45:00,714.1432,715.15,714.12,715.11,13891.0
2026-07-16 05:00:00,715.18,716.08,715.17,715.96,7573.0
2026-07-16 05:15:00,715.96,716.34,715.6,715.6,8104.0
2026-07-16 05:30:00,715.6977,716.05,714.96,714.96,4736.0
2026-07-16 05:45:00,714.85,714.88,713.57,713.65,11544.0
2026-07-16 06:00:00,713.65,714.36,713.23,714.1,10998.0
2026-07-16 06:15:00,714.0,714.08,713.22,713.83,9417.0
2026-07-16 06:30:00,713.795,714.26,713.17,713.44,25268.0
2026-07-16 06:45:00,713.44,713.8,713.0,713.54,18644.0
2026-07-16 07:00:00,713.6,713.68,711.922,712.59,48440.0
2026-07-16 07:15:00,712.6,712.95,711.6787,712.1917,25535.0
2026-07-16 07:30:00,712.23,712.23,711.23,711.402,73284.0
2026-07-16 07:45:00,711.38,711.83,709.57,711.6699,46659.0
2026-07-16 08:00:00,711.67,711.9,710.32,711.05,50129.0
2026-07-16 08:15:00,711.02,711.45,710.0,710.56,62366.0
2026-07-16 08:30:00,710.68,710.98,709.7,709.83,38857.0
2026-07-16 08:45:00,709.83,710.85,709.6277,710.32,37908.0
2026-07-16 09:00:00,710.3485,711.9,710.2292,711.76,55755.0
2026-07-16 09:15:00,711.76,712.57,711.545,712.064,69356.0
2026-07-17 04:00:00,693.48,694.631,693.04,693.268,87546.0
2026-07-17 04:15:00,693.16,693.2149,690.9,691.6,49272.0
2026-07-17 04:30:00,691.6677,691.81,690.32,691.0582,24998.0
2026-07-17 04:45:00,691.0,692.82,690.96,692.082,31660.0
2026-07-17 05:00:00,692.11,693.22,691.9,693.175,34580.0
2026-07-17 05:15:00,693.18,693.59,692.16,693.5899,22433.0
2026-07-17 05:30:00,693.648,694.15,692.92,693.43,21728.0
2026-07-17 05:45:00,693.4987,694.48,693.44,694.12,24513.0
2026-07-17 06:00:00,694.06,695.52,693.64,695.46,55824.0
2026-07-17 06:15:00,695.51,695.95,694.38,695.56,49516.0
2026-07-17 06:30:00,695.68,696.81,695.43,696.26,47579.0
2026-07-17 06:45:00,696.28,696.638,695.65,695.7562,21722.0
2026-07-17 07:00:00,695.89,696.459,695.0,695.27,37711.0
2026-07-17 07:15:00,695.265,695.45,694.51,695.2,26794.0
2026-07-17 07:30:00,695.37,695.37,694.23,694.5011,22716.0
2026-07-17 07:45:00,694.508,695.3,694.285,694.8,34231.0
2026-07-17 08:00:00,694.8495,694.93,693.25,693.41,82720.0
2026-07-17 08:15:00,693.43,693.72,692.9,693.17,31208.0
2026-07-17 08:30:00,693.25,693.4,692.65,693.2107,53071.0
2026-07-17 08:45:00,693.22,693.598,692.51,692.99,42393.0
2026-07-17 09:00:00,692.985,693.0282,691.9,692.02,56158.0
2026-07-17 09:15:00,691.9697,692.57,691.0,692.07,173958.0
2026-07-20 04:00:00,698.92,699.5,698.44,699.365,28316.0
2026-07-20 04:15:00,699.33,699.69,698.68,698.78,7097.0
2026-07-20 04:30:00,698.808,698.86,697.7715,697.7715,6285.0
2026-07-20 04:45:00,697.8312,698.5,697.83,698.3,9786.0
2026-07-20 05:00:00,698.32,698.39,697.65,698.2,5748.0
2026-07-20 05:15:00,698.19,699.08,698.19,698.8985,3406.0
2026-07-20 05:30:00,698.75,699.7,698.72,699.7,21156.0
2026-07-20 05:45:00,699.66,701.09,699.65,700.0306,16641.0
2026-07-20 06:00:00,700.0282,700.07,699.41,699.5392,9139.0
2026-07-20 06:15:00,699.51,700.2,699.2264,700.1487,13958.0
2026-07-20 06:30:00,700.0982,700.52,699.88,700.34,16906.0
2026-07-20 06:45:00,700.36,700.6,700.23,700.38,4535.0
2026-07-20 07:00:00,700.41,701.75,700.3,701.4015,44761.0
2026-07-20 07:15:00,701.421,701.57,700.85,701.12,29086.0
2026-07-20 07:30:00,701.095,703.75,701.095,703.2,97263.0
2026-07-20 07:45:00,703.25,703.47,702.33,702.83,45211.0
2026-07-20 08:00:00,702.8516,703.0,700.74,701.27,64083.0
2026-07-20 08:15:00,701.23,702.0,700.94,701.95,36066.0
2026-07-20 08:30:00,702.0,702.25,701.2,701.28,26139.0
2026-07-20 08:45:00,701.24,702.18,701.2317,701.6917,22807.0
2026-07-20 09:00:00,701.8,702.54,701.52,701.73,52610.0
2026-07-20 09:15:00,701.73,702.53,701.66,702.33,67925.0
2026-07-21 04:00:00,704.21,704.9,703.7262,704.885,43239.0
2026-07-21 04:15:00,704.85,705.28,704.6318,705.17,18211.0
2026-07-21 04:30:00,705.2987,705.45,705.0,705.29,35406.0
2026-07-21 04:45:00,705.26,705.43,704.89,705.28,10852.0
2026-07-21 05:00:00,705.23,705.59,705.18,705.34,10215.0
2026-07-21 05:15:00,705.4,705.93,705.25,705.25,18303.0
2026-07-21 05:30:00,705.27,705.535,704.88,705.23,7167.0
2026-07-21 05:45:00,705.16,705.65,704.94,705.05,11013.0
2026-07-21 06:00:00,705.05,706.0,705.0,705.37,12159.0
2026-07-21 06:15:00,705.46,705.73,705.2,705.435,13416.0
2026-07-21 06:30:00,705.4782,706.12,705.22,705.4,15080.0
2026-07-21 06:45:00,705.398,705.7,705.05,705.2149,25914.0
2026-07-21 07:00:00,705.265,705.62,704.47,705.1,33470.0
2026-07-21 07:15:00,705.04,705.0892,704.15,704.4,26271.0
2026-07-21 07:30:00,704.252,705.355,704.252,705.265,22738.0
2026-07-21 07:45:00,705.265,705.6,704.7101,704.92,19535.0
2026-07-21 08:00:00,704.969,705.9,704.76,705.5435,45760.0
2026-07-21 08:15:00,705.515,705.56,704.44,704.51,28211.0
2026-07-21 08:30:00,704.49,704.64,703.92,704.53,39049.0
2026-07-21 08:45:00,704.51,705.71,704.495,705.38,36399.0
2026-07-21 09:00:00,705.4977,705.64,704.98,705.14,36544.0
2026-07-21 09:15:00,705.14,706.52,705.03,706.5,75249.0
2026-07-22 04:00:00,702.83,704.0,702.42,703.0199,79218.0
2026-07-22 04:15:00,703.0682,703.978,702.9622,703.89,14149.0
2026-07-22 04:30:00,703.8882,704.228,703.38,703.5,12650.0
2026-07-22 04:45:00,703.5372,704.2,703.5372,704.11,6168.0
2026-07-22 05:00:00,704.148,705.01,704.01,704.512,9961.0
2026-07-22 05:15:00,704.5422,704.96,704.43,704.5,5946.0
2026-07-22 05:30:00,704.46,704.4669,703.78,704.249,11260.0
2026-07-22 05:45:00,704.25,704.5,703.57,704.4985,9150.0
2026-07-22 06:00:00,704.481,705.2305,704.34,704.37,8780.0
2026-07-22 06:15:00,704.3307,705.46,704.19,705.28,16420.0
2026-07-22 06:30:00,705.388,705.5,704.6901,704.72,10234.0
2026-07-22 06:45:00,704.68,705.59,704.68,705.16,9346.0
2026-07-22 07:00:00,705.16,705.4,704.44,704.4801,26332.0
2026-07-22 07:15:00,704.44,704.68,703.85,703.96,32043.0
2026-07-22 07:30:00,703.92,704.19,701.88,702.5083,76183.0
2026-07-22 07:45:00,702.51,703.35,702.34,702.765,36988.0
2026-07-22 08:00:00,702.8,703.17,702.09,702.5035,41843.0
2026-07-22 08:15:00,702.52,702.56,701.365,702.06,37519.0
2026-07-22 08:30:00,702.1,703.08,702.1,702.82,69758.0
2026-07-22 08:45:00,702.79,702.8482,700.51,701.8885,122808.0
2026-07-22 09:00:00,701.9,702.948,701.9,702.74,26524.0
2026-07-22 09:15:00,702.7401,704.17,702.7401,704.17,58049.0
2026-07-23 04:00:00,701.228,702.5,700.48,702.36,50423.0
2026-07-23 04:15:00,702.3082,702.9182,701.92,702.63,8097.0
2026-07-23 04:30:00,702.6782,702.93,702.23,702.35,4577.0
2026-07-23 04:45:00,702.36,704.13,702.36,703.96,7639.0
2026-07-23 05:00:00,703.84,704.7,703.43,703.43,7015.0
2026-07-23 05:15:00,703.4,703.9,703.35,703.6415,6229.0
2026-07-23 05:30:00,703.6982,703.6982,703.12,703.2587,2304.0
2026-07-23 05:45:00,703.32,703.52,702.565,702.75,4742.0
2026-07-23 06:00:00,702.88,703.0417,702.45,702.46,4956.0
2026-07-23 06:15:00,702.54,702.97,702.3222,702.6815,13356.0
2026-07-23 06:30:00,702.778,704.4,702.64,703.86,37714.0
2026-07-23 06:45:00,703.9,704.08,703.73,703.83,2916.0
2026-07-23 07:00:00,703.96,704.08,702.3,702.8671,24495.0
2026-07-23 07:15:00,702.88,703.12,701.3,701.315,23002.0
2026-07-23 07:30:00,701.23,701.55,699.38,699.6211,63481.0
2026-07-23 07:45:00,699.65,701.06,699.35,700.6796,27238.0
2026-07-23 08:00:00,700.6,700.6505,699.45,699.4987,29938.0
2026-07-23 08:15:00,699.45,699.9283,697.97,698.4,80559.0
2026-07-23 08:30:00,698.24,698.47,695.89,696.4,133916.0
2026-07-23 08:45:00,696.44,696.76,695.56,696.32,52171.0
2026-07-23 09:00:00,696.34,696.74,694.6,694.92,111051.0
2026-07-23 09:15:00,694.96,695.0,694.21,694.64,118850.0
2026-07-24 04:00:00,692.3667,692.4382,690.9,691.2698,44880.0
2026-07-24 04:15:00,691.2692,692.49,691.2692,692.49,6012.0
2026-07-24 04:30:00,692.4177,693.14,692.3222,692.698,9863.0
2026-07-24 04:45:00,692.6882,692.74,692.1617,692.4687,8787.0
2026-07-24 05:00:00,692.5482,693.91,692.2487,693.0182,23622.0
2026-07-24 05:15:00,692.9417,693.8182,692.74,693.738,12626.0
2026-07-24 05:30:00,693.7007,694.4185,693.4917,694.2615,12174.0
2026-07-24 05:45:00,694.2887,694.4687,693.9,694.3715,14324.0
2026-07-24 06:00:00,694.3985,694.48,693.4,693.4993,12248.0
2026-07-24 06:15:00,693.5,693.82,693.2693,693.67,16574.0
2026-07-24 06:30:00,693.618,693.99,692.8792,693.0492,7452.0
2026-07-24 06:45:00,693.0021,693.28,692.7497,692.83,12256.0
2026-07-24 07:00:00,692.89,693.49,692.7094,693.26,16943.0
2026-07-24 07:15:00,693.3245,693.42,692.85,692.96,10660.0
2026-07-24 07:30:00,692.985,693.06,692.36,692.399,22423.0
2026-07-24 07:45:00,692.3966,694.32,692.0,693.89,21785.0
2026-07-24 08:00:00,693.8772,694.21,692.51,694.11,24081.0
2026-07-24 08:15:00,694.0507,694.2387,693.2692,694.04,25106.0
2026-07-24 08:30:00,694.0477,694.05,692.52,692.6413,25154.0
2026-07-24 08:45:00,692.6499,692.79,691.64,691.7318,34152.0
2026-07-24 09:00:00,691.768,691.99,691.25,691.72,39620.0
2026-07-24 09:15:00,691.663,692.3,690.18,690.33,63354.0
2026-07-27 04:00:00,693.49,694.43,693.4212,694.22,37799.0
2026-07-27 04:15:00,694.24,694.92,693.86,694.9,10345.0
2026-07-27 04:30:00,694.9082,695.37,694.45,695.18,30498.0
2026-07-27 04:45:00,695.25,695.52,694.99,695.22,13884.0
2026-07-27 05:00:00,695.27,695.27,694.88,694.9782,6527.0
2026-07-27 05:15:00,694.95,695.34,694.95,695.04,4596.0
2026-07-27 05:30:00,695.0,695.53,694.8596,695.52,11498.0
2026-07-27 05:45:00,695.4882,695.89,695.42,695.52,14029.0
2026-07-27 06:00:00,695.54,695.63,695.03,695.3507,7460.0
2026-07-27 06:15:00,695.3,695.53,695.15,695.24,11875.0
2026-07-27 06:30:00,695.3185,695.57,695.15,695.51,11449.0
2026-07-27 06:45:00,695.4885,695.72,695.33,695.3991,7154.0
2026-07-27 07:00:00,695.35,695.3885,694.55,694.6622,34405.0
2026-07-27 07:15:00,694.6114,694.84,693.14,693.14,23100.0
2026-07-27 07:30:00,693.23,693.94,693.22,693.5898,36389.0
2026-07-27 07:45:00,693.62,693.79,693.371,693.6695,13452.0
2026-07-27 08:00:00,693.7285,694.2805,692.74,692.8392,27183.0
2026-07-27 08:15:00,692.82,693.2,692.64,693.18,34080.0
2026-07-27 08:30:00,693.188,693.63,692.74,693.63,29401.0
2026-07-27 08:45:00,693.63,694.1587,693.57,694.101,26475.0
2026-07-27 09:00:00,694.159,694.37,693.13,693.45,50240.0
2026-07-27 09:15:00,693.4614,693.75,691.67,691.709,66213.0
2026-07-28 04:00:00,676.007,676.25,674.69,674.75,50596.0
2026-07-28 04:15:00,674.88,677.67,674.775,677.6,25892.0
2026-07-28 04:30:00,677.7,678.65,676.9799,678.4327,37075.0
2026-07-28 04:45:00,678.43,678.7,677.235,677.38,14844.0
2026-07-28 05:00:00,677.31,677.88,677.16,677.34,11154.0
2026-07-28 05:15:00,677.34,677.92,677.195,677.88,6199.0
2026-07-28 05:30:00,677.8694,677.8694,676.8,676.85,18383.0
2026-07-28 05:45:00,676.88,677.1,676.18,676.53,6951.0
2026-07-28 06:00:00,676.47,676.7,676.3,676.35,8192.0
2026-07-28 06:15:00,676.403,676.79,675.9232,676.75,8894.0
2026-07-28 06:30:00,676.8385,677.05,675.29,675.91,33172.0
2026-07-28 06:45:00,675.86,676.38,675.7998,676.1712,11156.0
2026-07-28 07:00:00,676.19,676.3692,674.28,674.4411,51689.0
2026-07-28 07:15:00,674.3663,676.5261,674.3663,674.76,59383.0
2026-07-28 07:30:00,674.7,675.72,673.9723,674.1,45836.0
2026-07-28 07:45:00,674.18,676.85,674.12,676.64,45572.0
2026-07-28 08:00:00,676.61,677.57,676.3,676.6718,51076.0
2026-07-28 08:15:00,676.6974,677.97,676.32,677.82,38969.0
2026-07-28 08:30:00,677.808,678.19,676.4864,677.82,41185.0
2026-07-28 08:45:00,677.77,678.35,677.06,677.4,24806.0
2026-07-28 09:00:00,677.4177,678.19,676.89,677.56,30811.0
2026-07-28 09:15:00,677.53,678.1968,675.93,676.46,101274.0
2026-07-29 04:00:00,675.35,675.67,674.18,674.29,74713.0
2026-07-29 04:15:00,674.12,674.7575,673.22,673.67,21750.0
2026-07-29 04:30:00,673.758,675.8,673.45,675.74,26830.0
2026-07-29 04:45:00,675.78,676.1,675.0384,675.1809,8869.0
2026-07-29 05:00:00,675.3177,677.0,675.14,677.0,18223.0
2026-07-29 05:15:00,676.98,677.23,676.36,676.9522,155493.0
2026-07-29 05:30:00,677.0477,677.82,676.52,677.5647,9095.0
2026-07-29 05:45:00,677.62,678.89,677.56,678.03,14663.0
2026-07-29 06:00:00,678.03,678.6,677.68,677.8189,21474.0
2026-07-29 06:15:00,677.8,678.07,677.26,677.95,16573.0
2026-07-29 06:30:00,677.98,678.02,676.5,676.82,21613.0
2026-07-29 06:45:00,676.74,676.858,675.9799,676.161,10927.0
2026-07-29 07:00:00,676.29,677.65,676.0,677.4152,41081.0
2026-07-29 07:15:00,677.4099,678.1201,677.2054,677.6407,25981.0
2026-07-29 07:30:00,677.5895,677.77,676.64,676.7759,12767.0
2026-07-29 07:45:00,676.77,677.61,676.53,677.6,14536.0
2026-07-29 08:00:00,677.6585,677.7176,676.02,676.1665,27711.0
2026-07-29 08:15:00,676.1,676.2276,673.99,674.3635,110808.0
2026-07-29 08:30:00,674.3697,675.609,673.8124,675.49,38418.0
2026-07-29 08:45:00,675.43,675.88,675.24,675.3625,31236.0
2026-07-29 09:00:00,675.3785,675.54,674.4698,674.47,24724.0
2026-07-29 09:15:00,674.4592,676.1,674.14,674.97,90792.0
2026-07-30 04:00:00,663.0,664.55,661.78,664.112,77897.0
2026-07-30 04:15:00,664.2,666.16,663.92,665.89,32094.0
2026-07-30 04:30:00,665.8877,666.3,665.38,665.5,11631.0
2026-07-30 04:45:00,665.53,665.84,664.77,665.31,10613.0
2026-07-30 05:00:00,665.24,666.89,665.02,666.5,17318.0
2026-07-30 05:15:00,666.54,667.46,666.47,666.91,20522.0
2026-07-30 05:30:00,666.94,667.71,666.61,666.7,18947.0
2026-07-30 05:45:00,666.73,666.97,666.0,666.06,8455.0
2026-07-30 06:00:00,666.05,667.2,665.47,666.67,19623.0
2026-07-30 06:15:00,666.93,668.72,666.81,668.46,28690.0
2026-07-30 06:30:00,668.4595,669.16,668.35,668.77,22060.0
2026-07-30 06:45:00,668.75,669.2505,668.4055,668.5599,22391.0
2026-07-30 07:00:00,668.525,670.16,668.43,669.6959,88744.0
2026-07-30 07:15:00,669.6988,671.14,669.6,670.821,74986.0
2026-07-30 07:30:00,670.9,671.13,669.91,670.58,45308.0
2026-07-30 07:45:00,670.58,671.59,670.58,671.15,94848.0
2026-07-30 08:00:00,671.11,672.06,670.37,672.01,121936.0
2026-07-30 08:15:00,672.0,672.1,670.9,671.55,86618.0
2026-07-30 08:30:00,671.7405,673.0,670.88,672.3686,104699.0
2026-07-30 08:45:00,672.34,673.4,672.01,673.0887,58590.0
2026-07-30 09:00:00,673.109,674.78,672.76,673.9,143255.0
2026-07-30 09:15:00,673.8293,674.97,673.68,674.12,158208.0
2026-07-31 04:00:00,691.95,692.43,690.86,692.08,54815.0
2026-07-31 04:15:00,692.07,692.86,691.82,692.61,29364.0
2026-07-31 04:30:00,692.6282,692.86,691.755,691.905,15049.0
2026-07-31 04:45:00,691.86,692.84,691.85,692.75,11003.0
2026-07-31 05:00:00,692.85,693.62,692.6492,693.33,23646.0
2026-07-31 05:15:00,693.32,693.39,692.3,692.39,16476.0
2026-07-31 05:30:00,692.36,692.39,691.04,691.5367,20046.0
2026-07-31 05:45:00,691.53,691.9053,690.95,691.03,14489.0
2026-07-31 06:00:00,690.96,691.76,690.7695,691.6,17159.0
2026-07-31 06:15:00,691.579,692.14,691.4,691.94,7899.0
2026-07-31 06:30:00,692.08,692.2,691.73,692.05,11135.0
2026-07-31 06:45:00,692.25,692.35,691.51,691.77,15243.0
2026-07-31 07:00:00,691.83,693.25,691.65,692.5207,47214.0
2026-07-31 07:15:00,692.57,692.6,691.4,691.5684,38591.0
2026-07-31 07:30:00,691.536,691.69,690.7912,691.18,38543.0
2026-07-31 07:45:00,691.213,691.69,691.02,691.5097,16820.0
2026-07-31 08:00:00,691.5777,691.5911,689.75,689.8282,25479.0
2026-07-31 08:15:00,689.7382,690.36,689.02,690.17,49441.0
2026-07-31 08:30:00,690.1785,690.25,688.6,689.1,57876.0
2026-07-31 08:45:00,689.0993,689.9689,688.79,689.4886,31152.0
2026-07-31 09:00:00,689.4785,690.99,689.22,690.9356,40641.0
2026-07-31 09:15:00,690.96,692.2,690.94,691.52,123445.0
2026-08-03 04:00:00,692.39,692.5888,690.76,691.83,47680.0
2026-08-03 04:15:00,691.69,691.8105,689.71,690.0,17100.0
2026-08-03 04:30:00,690.0582,691.6,689.6693,691.23,16531.0
2026-08-03 04:45:00,691.13,692.6,691.0,692.59,19722.0
2026-08-03 05:00:00,692.62,692.71,691.36,691.72,16700.0
2026-08-03 05:15:00,691.72,692.26,691.48,691.72,10896.0
2026-08-03 05:30:00,691.64,692.16,691.41,691.41,4068.0
2026-08-03 05:45:00,691.67,691.8,690.81,691.7357,9453.0
2026-08-03 06:00:00,691.7503,691.82,690.93,690.99,17356.0
2026-08-03 06:15:00,690.97,691.2782,690.1,690.49,16640.0
2026-08-03 06:30:00,690.515,691.04,690.12,690.98,12713.0
2026-08-03 06:45:00,690.9889,691.4,690.64,691.28,11632.0
2026-08-03 07:00:00,691.35,691.43,689.5322,689.9948,33721.0
2026-08-03 07:15:00,690.0008,690.59,689.58,689.58,16328.0
2026-08-03 07:30:00,689.559,690.6,689.1413,689.72,40035.0
2026-08-03 07:45:00,689.72,689.75,687.98,688.4207,77642.0
2026-08-03 08:00:00,688.3887,688.78,687.5,688.7046,37043.0
2026-08-03 08:15:00,688.711,689.35,688.5,689.0513,22850.0
2026-08-03 08:30:00,689.158,690.02,688.8767,689.97,92383.0
2026-08-03 08:45:00,689.9878,690.09,688.97,689.4,29874.0
2026-08-03 09:00:00,689.408,689.7897,688.9113,689.35,134312.0
2026-08-03 09:15:00,689.3317,690.18,687.84,688.345,94877.0
2026-08-04 04:00:00,704.2982,705.51,704.161,705.1,43301.0
2026-08-04 04:15:00,705.11,705.7,704.9,705.22,12961.0
2026-08-04 04:30:00,705.2192,705.2192,704.01,704.1388,15214.0
2026-08-04 04:45:00,704.0,704.3975,703.45,704.09,14245.0
2026-08-04 05:00:00,704.0211,704.1062,702.81,703.38,15949.0
2026-08-04 05:15:00,703.38,703.55,702.72,703.55,11928.0
2026-08-04 05:30:00,703.6,704.47,703.59,704.3615,9384.0
2026-08-04 05:45:00,704.36,704.58,703.945,704.35,5568.0
2026-08-04 06:00:00,704.41,705.2,704.17,705.11,7728.0
2026-08-04 06:15:00,705.1085,705.3,704.63,704.8396,14920.0
2026-08-04 06:30:00,704.82,705.63,704.34,705.5017,12130.0
2026-08-04 06:45:00,705.29,706.01,705.0682,705.33,41837.0
2026-08-04 07:00:00,705.3,706.1388,705.26,706.03,30075.0
2026-08-04 07:15:00,706.0219,706.67,705.9029,706.64,34319.0
2026-08-04 07:30:00,706.6624,707.62,706.195,707.4039,40549.0
2026-08-04 07:45:00,707.43,708.41,707.15,708.23,63100.0
2026-08-04 08:00:00,708.24,708.278,707.45,707.54,43137.0
2026-08-04 08:15:00,707.501,708.17,707.47,707.92,41927.0
2026-08-04 08:30:00,707.948,707.9881,707.35,707.8338,49968.0
2026-08-04 08:45:00,707.8107,707.8826,707.05,707.48,106411.0
2026-08-04 09:00:00,707.4987,708.1974,707.1582,708.0806,46079.0
2026-08-04 09:15:00,708.13,709.3,707.81,708.29,113359.0
2026-08-05 04:00:00,724.45,725.02,723.3,723.46,46907.0
2026-08-05 04:15:00,723.48,723.6881,722.46,722.82,26478.0
2026-08-05 04:30:00,722.838,722.995,721.92,722.2361,26241.0
2026-08-05 04:45:00,722.25,722.96,722.01,722.8538,14539.0
2026-08-05 05:00:00,722.858,723.21,722.54,722.73,16010.0
2026-08-05 05:15:00,722.788,723.46,722.3,723.4017,17018.0
2026-08-05 05:30:00,723.39,724.04,723.39,724.0,11255.0
2026-08-05 05:45:00,723.89,724.15,723.29,723.4318,6017.0
2026-08-05 06:00:00,723.34,723.6206,722.79,723.0015,6477.0
2026-08-05 06:15:00,722.9,723.5185,722.9,723.33,5565.0
2026-08-05 06:30:00,723.38,723.69,723.17,723.3,7867.0
2026-08-05 06:45:00,723.36,723.64,722.81,723.49,10804.0
2026-08-05 07:00:00,723.53,724.9,723.51,724.4424,35963.0
2026-08-05 07:15:00,724.4696,724.88,724.32,724.38,32042.0
2026-08-05 07:30:00,724.36,725.12,724.12,724.78,28750.0
2026-08-05 07:45:00,724.72,725.41,724.5,724.8492,31397.0
2026-08-05 08:00:00,724.8187,724.98,724.185,724.95,22257.0
2026-08-05 08:15:00,724.95,725.31,724.42,725.17,24138.0
2026-08-05 08:30:00,725.21,725.54,724.22,725.33,30146.0
2026-08-05 08:45:00,725.3499,725.45,724.5976,724.78,32688.0
2026-08-05 09:00:00,724.7993,725.5702,724.7993,725.08,27197.0
2026-08-05 09:15:00,725.05,726.27,724.32,726.156,80227.0
2026-08-06 04:00:00,715.0,715.512,713.47,713.8129,52088.0
2026-08-06 04:15:00,713.74,715.0,713.5186,714.98,21574.0
2026-08-06 04:30:00,715.0082,715.548,714.86,714.86,8805.0
2026-08-06 04:45:00,714.88,715.35,714.54,715.23,10350.0
2026-08-06 05:00:00,715.21,715.21,713.35,713.4815,19911.0
2026-08-06 05:15:00,713.54,714.58,713.54,714.3687,8759.0
2026-08-06 05:30:00,714.35,714.74,714.22,714.555,2531.0
2026-08-06 05:45:00,714.461,715.49,714.461,715.3717,5779.0
2026-08-06 06:00:00,715.33,715.59,714.695,714.8612,7092.0
2026-08-06 06:15:00,714.86,715.35,714.67,715.195,3446.0
2026-08-06 06:30:00,715.2,715.25,714.165,714.335,7465.0
2026-08-06 06:45:00,714.28,714.58,714.025,714.37,15763.0
2026-08-06 07:00:00,714.41,714.415,711.5,712.7979,108470.0
2026-08-06 07:15:00,712.848,714.09,712.7777,714.035,53991.0
2026-08-06 07:30:00,714.04,715.12,714.04,714.6476,25766.0
2026-08-06 07:45:00,714.65,715.02,713.3,714.0088,41493.0
2026-08-06 08:00:00,713.9682,714.15,712.57,712.66,42245.0
2026-08-06 08:15:00,712.67,713.54,712.09,713.2129,70234.0
2026-08-06 08:30:00,713.2437,713.84,712.77,713.11,41690.0
2026-08-06 08:45:00,713.15,713.3,712.13,712.33,39055.0
2026-08-06 09:00:00,712.3877,712.4598,711.18,711.2,70087.0
2026-08-06 09:15:00,711.2902,711.56,710.46,711.31,129294.0
2026-08-07 04:00:00,717.08,718.0432,716.9877,718.0,27309.0
2026-08-07 04:15:00,718.02,718.12,717.445,718.015,16474.0
2026-08-07 04:30:00,718.038,718.5499,717.65,718.03,11921.0
2026-08-07 04:45:00,718.05,718.31,717.81,718.27,6149.0
2026-08-07 05:00:00,718.27,718.59,718.13,718.47,4810.0
2026-08-07 05:15:00,718.46,718.5785,718.04,718.29,10214.0
2026-08-07 05:30:00,718.25,718.565,717.9882,718.13,3581.0
2026-08-07 05:45:00,718.14,718.28,717.83,717.8304,7185.0
2026-08-07 06:00:00,717.88,718.103,717.7039,717.7039,2705.0
2026-08-07 06:15:00,717.68,717.9685,717.24,717.9327,10481.0
2026-08-07 06:30:00,717.92,718.0,717.685,717.96,1078.0
2026-08-07 06:45:00,717.94,717.9785,717.5,717.62,3372.0
2026-08-07 07:00:00,717.64,718.6,717.61,718.3353,14819.0
2026-08-07 07:15:00,718.3408,718.8993,718.33,718.7485,14488.0
2026-08-07 07:30:00,718.7085,719.119,718.5718,719.01,16546.0
2026-08-07 07:45:00,719.01,719.0558,717.76,717.8086,37723.0
2026-08-07 08:00:00,717.759,719.15,717.56,718.8682,36774.0
2026-08-07 08:15:00,718.8278,719.44,718.06,719.16,34015.0
2026-08-07 08:30:00,719.32,722.57,719.3066,722.3398,223234.0
2026-08-07 08:45:00,722.3339,723.83,722.3339,723.3,124681.0
2026-08-07 09:00:00,723.3,723.43,720.71,720.8006,111187.0
2026-08-07 09:15:00,720.8571,720.92,719.42,720.4,138139.0
2026-08-10 04:00:00,725.998,726.6288,725.8382,726.17,33012.0
2026-08-10 04:15:00,726.17,726.4485,725.6787,725.95,10637.0
2026-08-10 04:30:00,726.0082,726.42,725.77,726.0088,6657.0
2026-08-10 04:45:00,726.0082,726.49,725.89,726.4287,6981.0
2026-08-10 05:00:00,726.4,726.71,726.3265,726.52,9632.0
2026-08-10 05:15:00,726.61,726.69,726.29,726.36,6023.0
2026-08-10 05:30:00,726.2885,726.41,725.62,725.79,7023.0
2026-08-10 05:45:00,725.74,725.9682,725.6,725.66,2495.0
2026-08-10 06:00:00,725.6682,726.12,725.1044,725.1044,8996.0
2026-08-10 06:15:00,725.11,725.9193,725.08,725.75,13570.0
2026-08-10 06:30:00,725.78,725.81,724.999,725.16,12403.0
2026-08-10 06:45:00,725.21,725.6488,724.96,725.02,8472.0
2026-08-10 07:00:00,725.02,725.3102,723.5389,724.111,30545.0
2026-08-10 07:15:00,724.11,724.96,723.8821,724.9499,26181.0
2026-08-10 07:30:00,724.93,725.06,724.01,724.12,44300.0
2026-08-10 07:45:00,724.1217,724.3122,723.38,723.95,31030.0
2026-08-10 08:00:00,723.89,724.32,723.3372,723.355,18823.0
2026-08-10 08:15:00,723.36,723.4,722.53,722.7501,45190.0
2026-08-10 08:30:00,722.78,722.8617,721.8893,722.47,37724.0
2026-08-10 08:45:00,722.4235,722.51,721.61,721.7888,23370.0
2026-08-10 09:00:00,721.788,722.62,721.6121,722.36,57489.0
2026-08-10 09:15:00,722.3321,722.82,722.08,722.63,23416.0
2026-08-11 04:00:00,721.7967,722.4,720.6285,720.6285,19025.0
2026-08-11 04:15:00,720.67,721.03,720.36,720.89,8436.0
2026-08-11 04:30:00,720.698,721.19,720.36,721.19,4270.0
2026-08-11 04:45:00,721.1915,721.43,720.95,721.0415,6370.0
2026-08-11 05:00:00,720.9795,721.1912,720.4,720.67,9087.0
2026-08-11 05:15:00,720.6712,721.46,720.6712,721.3465,7275.0
2026-08-11 05:30:00,721.3685,721.9,721.29,721.63,4757.0
2026-08-11 05:45:00,721.59,721.8788,721.47,721.5334,5975.0
2026-08-11 06:00:00,721.6085,721.6617,721.2304,721.2436,2934.0
2026-08-11 06:15:00,721.25,723.05,721.12,722.81,11181.0
2026-08-11 06:30:00,722.89,722.89,722.41,722.6,4131.0
2026-08-11 06:45:00,722.67,722.93,722.64,722.6915,7693.0
2026-08-11 07:00:00,722.71,724.4,722.71,724.0015,104327.0
2026-08-11 07:15:00,724.02,724.0731,723.03,723.12,33198.0
2026-08-11 07:30:00,723.1503,723.17,722.6,722.9232,35128.0
2026-08-11 07:45:00,722.8703,723.1318,722.6017,723.0938,12219.0
2026-08-11 08:00:00,723.1382,723.8,722.83,723.795,41347.0
2026-08-11 08:15:00,723.82,724.0,722.86,723.04,62417.0
2026-08-11 08:30:00,723.0,723.69,722.79,723.4377,12217.0
2026-08-11 08:45:00,723.48,723.6094,723.0031,723.11,13986.0
2026-08-11 09:00:00,723.1392,723.54,722.83,723.02,34575.0
2026-08-11 09:15:00,722.9497,723.37,722.63,722.94,77581.0
2026-08-12 04:00:00,721.19,721.92,721.08,721.76,20243.0
2026-08-12 04:15:00,721.71,722.24,721.608,722.08,21909.0
2026-08-12 04:30:00,722.0985,722.0985,721.53,721.74,11308.0
2026-08-12 04:45:00,721.73,722.4,721.73,722.3187,15568.0
2026-08-12 05:00:00,722.3187,722.71,722.28,722.58,17071.0
2026-08-12 05:15:00,722.611,723.57,722.53,722.9377,11102.0
2026-08-12 05:30:00,723.0182,723.3433,722.9915,723.13,2775.0
2026-08-12 05:45:00,723.1585,723.23,722.48,722.7474,7033.0
2026-08-12 06:00:00,722.8285,723.42,722.7701,723.3585,7460.0
2026-08-12 06:15:00,723.3279,723.46,723.25,723.43,6539.0
2026-08-12 06:30:00,723.37,723.44,723.21,723.37,11543.0
2026-08-12 06:45:00,723.3332,723.37,722.13,722.74,31939.0
2026-08-12 07:00:00,722.77,723.3,722.73,722.9353,24525.0
2026-08-12 07:15:00,722.89,722.89,722.52,722.6687,12917.0
2026-08-12 07:30:00,722.62,723.1724,722.5571,723.0734,12331.0
2026-08-12 07:45:00,723.0587,723.5,722.87,723.4969,21447.0
2026-08-12 08:00:00,723.4995,723.7923,723.15,723.15,28569.0
2026-08-12 08:15:00,723.15,725.22,722.9011,725.05,108051.0
2026-08-12 08:30:00,725.06,725.86,721.3,725.29,270671.0
2026-08-12 08:45:00,725.28,725.36,724.89,725.31,54095.0
2026-08-12 09:00:00,725.3487,725.82,725.24,725.7831,44357.0
2026-08-12 09:15:00,725.79,727.23,725.7156,727.01,130122.0
2026-08-13 04:00:00,723.9305,724.2,723.21,723.42,33801.0
2026-08-13 04:15:00,723.46,724.08,723.21,723.86,11631.0
2026-08-13 04:30:00,723.9582,724.06,723.665,724.02,1944.0
2026-08-13 04:45:00,724.0,724.22,723.82,723.9687,8944.0
2026-08-13 05:00:00,723.99,724.13,723.47,723.495,6245.0
2026-08-13 05:15:00,723.3,723.68,723.02,723.37,10131.0
2026-08-13 05:30:00,723.4285,723.97,723.4285,723.97,940.0
2026-08-13 05:45:00,723.98,724.4,723.8941,724.4,5050.0
2026-08-13 06:00:00,724.3885,724.3885,724.05,724.3,2672.0
2026-08-13 06:15:00,724.3427,724.515,724.06,724.2179,12041.0
2026-08-13 06:30:00,724.2585,724.49,724.19,724.38,2214.0
2026-08-13 06:45:00,724.3943,724.56,724.33,724.47,6397.0
2026-08-13 07:00:00,724.47,724.71,724.23,724.23,12225.0
2026-08-13 07:15:00,724.29,724.3,723.85,724.0002,13060.0
2026-08-13 07:30:00,724.01,724.6,723.9,724.6,14763.0
2026-08-13 07:45:00,724.65,724.8,724.1645,724.2,15402.0
2026-08-13 08:00:00,724.2285,724.23,723.3593,723.52,33136.0
2026-08-13 08:15:00,723.46,723.94,722.8,723.94,19485.0
2026-08-13 08:30:00,723.8254,724.66,723.0,723.66,33450.0
2026-08-13 08:45:00,723.5877,724.43,723.53,724.42,35081.0
2026-08-13 09:00:00,724.42,725.3929,724.4062,725.1077,84816.0
2026-08-13 09:15:00,725.0946,725.39,724.93,725.1985,48556.0
2026-08-14 04:00:00,732.2,733.26,732.1982,732.75,23221.0
2026-08-14 04:15:00,732.82,733.27,732.6412,732.9972,13192.0
2026-08-14 04:30:00,733.108,733.4,732.9898,733.1985,6139.0
2026-08-14 04:45:00,733.18,733.38,732.9987,732.9987,5836.0
2026-08-14 05:00:00,732.94,732.9781,732.7303,732.8876,3022.0
2026-08-14 05:15:00,732.89,733.23,732.81,733.12,2455.0
2026-08-14 05:30:00,733.1182,733.1182,732.65,732.68,3587.0
2026-08-14 05:45:00,732.68,733.3102,732.66,733.31,4217.0
2026-08-14 06:00:00,733.3385,733.67,733.28,733.4685,8131.0
2026-08-14 06:15:00,733.4287,733.44,733.02,733.1,2930.0
2026-08-14 06:30:00,733.1704,733.3312,733.06,733.3312,5083.0
2026-08-14 06:45:00,733.36,733.68,733.2651,733.661,5881.0
2026-08-14 07:00:00,733.71,733.92,733.61,733.7744,32755.0
2026-08-14 07:15:00,733.72,733.79,733.4982,733.6013,12330.0
2026-08-14 07:30:00,733.6,733.88,733.4,733.7085,13358.0
2026-08-14 07:45:00,733.671,734.1027,733.66,733.98,28874.0
2026-08-14 08:00:00,733.99,734.33,732.68,733.38,34165.0
2026-08-14 08:15:00,733.378,733.72,733.08,733.72,25898.0
2026-08-14 08:30:00,733.765,734.355,733.597,734.0,15673.0
2026-08-14 08:45:00,734.0,734.33,733.64,734.05,15893.0
2026-08-14 09:00:00,734.0987,734.41,733.71,733.73,31912.0
2026-08-14 09:15:00,733.7,733.89,733.37,733.52,34868.0
2026-08-17 04:00:00,734.96,735.53,734.8195,735.05,43777.0
2026-08-17 04:15:00,735.01,735.35,734.98,735.245,13090.0
2026-08-17 04:30:00,735.2985,735.332,734.61,734.65,6434.0
2026-08-17 04:45:00,734.6585,734.968,734.5785,734.8987,4949.0
2026-08-17 05:00:00,734.8792,734.89,734.6122,734.77,5378.0
2026-08-17 05:15:00,734.8387,734.84,734.16,734.22,14872.0
2026-08-17 05:30:00,734.289,734.44,734.12,734.44,11273.0
2026-08-17 05:45:00,734.4785,734.665,734.44,734.45,3937.0
2026-08-17 06:00:00,734.4785,734.74,734.3005,734.74,13174.0
2026-08-17 06:15:00,734.77,735.86,734.4285,735.77,23409.0
2026-08-17 06:30:00,735.805,735.83,734.755,735.16,8406.0
2026-08-17 06:45:00,735.16,735.22,735.0312,735.19,7661.0
2026-08-17 07:00:00,735.23,735.44,734.8313,734.8704,60940.0
2026-08-17 07:15:00,734.8944,735.02,734.56,734.85,10748.0
2026-08-17 07:30:00,734.85,735.0,734.7439,735.0,6799.0
2026-08-17 07:45:00,734.9886,735.1,734.54,734.54,20453.0
2026-08-17 08:00:00,734.59,734.5987,733.62,734.4,23850.0
2026-08-17 08:15:00,734.3982,734.4273,733.04,733.3924,44407.0
2026-08-17 08:30:00,733.28,733.65,732.08,732.23,40198.0
2026-08-17 08:45:00,732.18,732.7771,732.0,732.5124,38581.0
2026-08-17 09:00:00,732.5387,733.04,732.4617,732.9121,19622.0
2026-08-17 09:15:00,732.89,733.37,732.58,732.93,49264.0
2026-08-18 04:00:00,723.33,723.33,721.4,722.1097,98241.0
2026-08-18 04:15:00,722.21,722.5,721.38,721.87,28039.0
2026-08-18 04:30:00,721.898,722.6412,721.65,722.42,7714.0
2026-08-18 04:45:00,722.43,722.43,721.5,722.0,14117.0
2026-08-18 05:00:00,722.0682,722.34,721.54,722.0682,8414.0
2026-08-18 05:15:00,722.05,722.05,721.08,721.3,23533.0
2026-08-18 05:30:00,721.29,721.43,720.45,720.765,27115.0
2026-08-18 05:45:00,720.75,721.3285,720.165,721.26,21983.0
2026-08-18 06:00:00,721.2685,721.46,720.89,720.9867,23521.0
2026-08-18 06:15:00,720.99,721.44,720.58,721.1285,24749.0
2026-08-18 06:30:00,721.1171,721.52,720.94,721.097,12337.0
2026-08-18 06:45:00,721.14,721.71,720.96,721.4102,7675.0
2026-08-18 07:00:00,721.41,722.23,721.22,722.16,55479.0
2026-08-18 07:15:00,722.08,722.28,721.8,721.9032,16297.0
2026-08-18 07:30:00,721.8978,721.94,721.1501,721.7808,27631.0
2026-08-18 07:45:00,721.8814,722.31,721.61,721.6562,19872.0
2026-08-18 08:00:00,721.698,722.51,721.17,721.32,44783.0
2026-08-18 08:15:00,721.32,721.95,720.81,720.8605,48859.0
2026-08-18 08:30:00,720.8465,721.01,720.2,720.2297,43248.0
2026-08-18 08:45:00,720.24,720.9892,720.06,720.7793,34148.0
2026-08-18 09:00:00,720.8382,721.13,720.3,720.39,39832.0
2026-08-18 09:15:00,720.37,720.7,719.97,720.18,76519.0
2026-08-19 04:00:00,718.0815,719.0212,717.16,718.69,62244.0
2026-08-19 04:15:00,718.7,719.0,718.28,718.6,14375.0
2026-08-19 04:30:00,718.6587,718.85,718.09,718.69,8757.0
2026-08-19 04:45:00,718.74,718.85,718.2662,718.2681,3294.0
2026-08-19 05:00:00,718.289,718.81,717.95,718.02,13991.0
2026-08-19 05:15:00,717.96,718.0426,717.2893,717.31,14453.0
2026-08-19 05:30:00,717.4185,717.7503,716.86,716.945,5807.0
2026-08-19 05:45:00,716.92,717.15,716.58,716.9523,7486.0
2026-08-19 06:00:00,716.9388,717.07,715.95,716.6486,17407.0
2026-08-19 06:15:00,716.56,716.6,715.975,716.58,10284.0
2026-08-19 06:30:00,716.61,717.0449,716.4,716.97,17513.0
2026-08-19 06:45:00,717.0,717.05,716.14,716.15,4625.0
2026-08-19 07:00:00,716.18,717.57,715.95,716.9098,29797.0
2026-08-19 07:15:00,716.82,717.16,716.5,716.62,7682.0
2026-08-19 07:30:00,716.5636,716.7187,715.88,716.0336,16720.0
2026-08-19 07:45:00,716.0,716.55,715.85,716.5046,11419.0
2026-08-19 08:00:00,716.519,717.06,715.985,716.9519,50733.0
2026-08-19 08:15:00,716.96,717.65,716.91,717.46,49909.0
2026-08-19 08:30:00,717.5011,720.13,716.89,720.0908,231160.0
2026-08-19 08:45:00,720.1,721.8757,720.1,721.55,206046.0
2026-08-19 09:00:00,721.5577,721.5577,720.07,721.13,104625.0
2026-08-19 09:15:00,721.12,721.6591,720.44,720.44,100221.0
2026-08-20 04:00:00,718.0372,718.17,716.21,716.69,37211.0
2026-08-20 04:15:00,716.64,716.82,715.6148,715.74,29859.0
2026-08-20 04:30:00,715.7677,716.29,714.88,715.78,46772.0
2026-08-20 04:45:00,715.66,715.81,714.6,715.06,10154.0
2026-08-20 05:00:00,715.1482,716.71,714.9612,716.06,6914.0
2026-08-20 05:15:00,716.24,716.62,716.0,716.44,3624.0
2026-08-20 05:30:00,716.4485,716.5,715.9,716.42,4176.0
2026-08-20 05:45:00,716.5715,716.81,716.03,716.5013,3266.0
2026-08-20 06:00:00,716.35,717.165,716.02,717.057,4708.0
2026-08-20 06:15:00,717.08,717.08,716.35,716.58,11309.0
2026-08-20 06:30:00,716.57,716.83,716.085,716.3,6810.0
2026-08-20 06:45:00,716.4321,717.25,716.3602,717.25,11287.0
2026-08-20 07:00:00,717.33,717.6324,714.83,715.36,54623.0
2026-08-20 07:15:00,715.3,715.6509,713.8,713.8471,38634.0
2026-08-20 07:30:00,713.8,714.5198,713.7068,713.838,25953.0
2026-08-20 07:45:00,713.83,713.84,712.05,712.3108,94112.0
2026-08-20 08:00:00,712.3682,712.67,709.96,710.21,120728.0
2026-08-20 08:15:00,710.1923,710.99,710.0,710.301,83776.0
2026-08-20 08:30:00,710.3876,710.64,709.4034,710.59,482507.0
2026-08-20 08:45:00,710.6092,712.0245,710.47,711.9333,75620.0
2026-08-20 09:00:00,711.9685,712.55,711.64,711.73,44693.0
2026-08-20 09:15:00,711.7214,712.4733,711.41,712.1,41340.0
2026-08-21 04:00:00,714.6,715.0,713.75,713.96,64732.0
2026-08-21 04:15:00,713.97,714.12,713.33,714.01,13945.0
2026-08-21 04:30:00,714.0587,714.845,713.98,714.81,13892.0
2026-08-21 04:45:00,714.81,715.13,714.7186,714.8,8353.0
2026-08-21 05:00:00,714.8582,714.8582,713.84,714.4573,5484.0
2026-08-21 05:15:00,714.4,714.6015,714.2985,714.3593,3120.0
2026-08-21 05:30:00,714.4182,715.52,714.3,715.355,14295.0
2026-08-21 05:45:00,715.321,715.76,715.1412,715.62,6197.0
2026-08-21 06:00:00,715.58,716.29,715.41,715.6,14454.0
2026-08-21 06:15:00,715.6,715.69,715.25,715.63,11922.0
2026-08-21 06:30:00,715.74,715.77,715.3,715.34,13584.0
2026-08-21 06:45:00,715.45,715.62,715.3287,715.52,8016.0
2026-08-21 07:00:00,715.37,715.59,714.7921,715.1707,54339.0
2026-08-21 07:15:00,715.1966,716.5202,715.13,716.3024,49461.0
2026-08-21 07:30:00,716.36,716.8515,715.91,716.68,49064.0
2026-08-21 07:45:00,716.66,716.7,715.9487,715.97,50437.0
2026-08-21 08:00:00,715.9587,716.05,715.46,715.6806,21886.0
2026-08-21 08:15:00,715.6584,716.38,715.44,716.3123,29488.0
2026-08-21 08:30:00,716.3062,716.6419,716.15,716.6,32986.0
2026-08-21 08:45:00,716.64,716.74,716.02,716.2,39824.0
2026-08-21 09:00:00,716.2292,716.2943,715.16,715.24,43423.0
2026-08-21 09:15:00,715.1861,715.56,713.93,715.36,137281.0
2026-08-24 04:00:00,707.52,708.89,706.792,708.445,57722.0
2026-08-24 04:15:00,708.378,709.0246,708.135,708.64,9020.0
2026-08-24 04:30:00,708.608,709.3894,708.385,709.34,10296.0
2026-08-24 04:45:00,709.33,709.72,709.15,709.15,3856.0
2026-08-24 05:00:00,709.1882,709.92,708.85,709.62,4982.0
2026-08-24 05:15:00,709.63,709.64,708.99,709.04,3962.0
2026-08-24 05:30:00,709.0485,709.77,709.035,709.6,6742.0
2026-08-24 05:45:00,709.631,709.96,709.47,709.5091,2805.0
2026-08-24 06:00:00,709.57,709.88,709.1539,709.1585,12688.0
2026-08-24 06:15:00,709.1615,709.6,708.9195,708.9987,16171.0
2026-08-24 06:30:00,708.98,709.7,708.77,708.9632,4935.0
2026-08-24 06:45:00,708.97,708.97,708.3,708.42,14753.0
2026-08-24 07:00:00,708.42,708.6,707.5,708.0,33546.0
2026-08-24 07:15:00,708.0136,708.8614,707.95,708.3746,18022.0
2026-08-24 07:30:00,708.6,710.8,708.5,710.1,35951.0
2026-08-24 07:45:00,710.22,710.22,709.53,709.9285,17423.0
2026-08-24 08:00:00,709.9185,709.9185,709.01,709.038,29777.0
2026-08-24 08:15:00,709.09,709.5345,708.9,709.5317,22996.0
2026-08-24 08:30:00,709.5385,709.74,708.19,708.8582,69432.0
2026-08-24 08:45:00,708.97,709.54,708.8,708.9,7981.0
2026-08-24 09:00:00,708.9511,709.25,708.68,709.0413,12164.0
2026-08-24 09:15:00,709.0416,709.77,708.71,709.4,60382.0
2026-08-25 04:00:00,709.65,710.12,709.16,709.41,32909.0
2026-08-25 04:15:00,709.3,711.8,709.3,710.67,23524.0
2026-08-25 04:30:00,710.73,711.16,710.27,710.79,16024.0
2026-08-25 04:45:00,710.8434,711.3988,710.84,711.3007,10930.0
2026-08-25 05:00:00,711.33,712.08,710.97,711.85,23592.0
2026-08-25 05:15:00,711.85,712.07,711.43,711.675,8699.0
2026-08-25 05:30:00,711.7382,713.05,711.6315,712.73,29110.0
2026-08-25 05:45:00,712.68,714.22,712.68,713.4982,27937.0
2026-08-25 06:00:00,713.4385,713.96,712.9896,713.43,18777.0
2026-08-25 06:15:00,713.42,713.51,712.9,712.994,13730.0
2026-08-25 06:30:00,713.0197,713.17,712.44,712.44,9207.0
2026-08-25 06:45:00,712.41,712.94,712.41,712.6712,10228.0
2026-08-25 07:00:00,712.61,712.7463,711.25,712.17,44409.0
2026-08-25 07:15:00,712.2177,712.5999,711.79,712.2323,19353.0
2026-08-25 07:30:00,712.32,712.7723,712.3,712.7001,11678.0
2026-08-25 07:45:00,712.65,713.45,712.65,713.02,26329.0
2026-08-25 08:00:00,713.02,713.26,712.649,713.2,23006.0
2026-08-25 08:15:00,713.228,713.9,712.84,713.0601,40658.0
2026-08-25 08:30:00,713.04,713.05,711.58,711.9399,41546.0
2026-08-25 08:45:00,711.934,712.38,711.775,712.071,21478.0
2026-08-25 09:00:00,712.1187,712.3143,711.6,711.98,50982.0
2026-08-25 09:15:00,711.95,712.2887,710.88,710.97,70904.0
2026-08-26 04:00:00,709.218,710.089,709.0,709.0917,46601.0
2026-08-26 04:15:00,709.12,709.85,708.67,709.8069,10664.0
2026-08-26 04:30:00,709.7654,710.21,709.3187,710.05,5539.0
2026-08-26 04:45:00,709.9585,709.99,709.3,709.689,2185.0
2026-08-26 05:00:00,709.6985,709.74,709.31,709.42,1696.0
2026-08-26 05:15:00,709.4685,709.5017,708.8115,708.89,4530.0
2026-08-26 05:30:00,708.999,709.45,708.9784,709.37,3841.0
2026-08-26 05:45:00,709.38,709.8985,709.34,709.8787,2716.0
2026-08-26 06:00:00,709.7987,709.7987,708.8915,708.9748,3141.0
2026-08-26 06:15:00,709.0815,709.3782,708.975,709.06,3666.0
2026-08-26 06:30:00,709.0097,710.0,708.7517,709.6912,9774.0
2026-08-26 06:45:00,709.695,709.9419,709.6,709.94,2950.0
2026-08-26 07:00:00,709.89,710.57,709.85,710.3038,17206.0
2026-08-26 07:15:00,710.32,710.9,709.9,710.2444,12498.0
2026-08-26 07:30:00,710.2787,710.5,708.9,709.2285,15672.0
2026-08-26 07:45:00,709.27,709.638,708.705,709.52,13686.0
2026-08-26 08:00:00,709.48,709.5937,709.1,709.429,42840.0
2026-08-26 08:15:00,709.4138,710.35,708.77,710.35,18036.0
2026-08-26 08:30:00,710.43,710.47,707.8,708.2,78042.0
2026-08-26 08:45:00,708.1835,708.5346,707.42,707.837,71752.0
2026-08-26 09:00:00,707.8,708.35,707.43,708.35,43362.0
2026-08-26 09:15:00,708.33,708.68,707.87,708.63,44928.0
2026-08-27 04:00:00,717.3685,719.305,717.1985,719.2184,82003.0
2026-08-27 04:15:00,719.28,720.15,718.62,720.135,39147.0
2026-08-27 04:30:00,720.1,720.12,719.0,719.44,20942.0
2026-08-27 04:45:00,719.5782,720.18,719.28,719.3,12267.0
2026-08-27 05:00:00,719.3487,719.4,718.34,718.34,17891.0
2026-08-27 05:15:00,718.3733,719.04,717.95,718.695,18457.0
2026-08-27 05:30:00,718.6982,719.3,718.6982,719.081,11250.0
2026-08-27 05:45:00,719.1122,719.5015,718.741,718.775,12835.0
2026-08-27 06:00:00,718.77,718.88,718.36,718.75,5537.0
2026-08-27 06:15:00,718.79,718.79,718.21,718.2185,11614.0
2026-08-27 06:30:00,718.25,718.82,718.0267,718.74,9217.0
2026-08-27 06:45:00,718.68,718.79,717.9987,718.6897,25929.0
2026-08-27 07:00:00,718.715,719.45,718.2,719.1118,40259.0
2026-08-27 07:15:00,719.1787,719.24,718.03,718.03,20197.0
2026-08-27 07:30:00,718.02,718.44,717.44,717.958,45939.0
2026-08-27 07:45:00,717.73,717.7695,716.71,717.7535,25575.0
2026-08-27 08:00:00,717.7285,718.4734,717.5507,718.29,25835.0
2026-08-27 08:15:00,718.35,718.49,717.9454,718.22,21126.0
2026-08-27 08:30:00,718.2292,718.25,717.16,717.2,25303.0
2026-08-27 08:45:00,717.2695,717.27,716.735,716.8932,37350.0
2026-08-27 09:00:00,716.8882,717.82,716.78,717.66,48454.0
2026-08-27 09:15:00,717.6108,718.0,716.7,716.83,128829.0
2026-08-28 04:00:00,719.2085,719.5,718.51,718.61,27784.0
2026-08-28 04:15:00,718.73,719.1629,718.62,719.0188,5410.0
2026-08-28 04:30:00,719.0688,719.84,719.0688,719.62,7925.0
2026-08-28 04:45:00,719.5004,719.58,719.18,719.4964,3732.0
2026-08-28 05:00:00,719.51,719.51,719.14,719.29,4097.0
2026-08-28 05:15:00,719.19,719.5025,719.0,719.42,2746.0
2026-08-28 05:30:00,719.4195,719.5,719.12,719.14,2910.0
2026-08-28 05:45:00,719.1815,719.56,719.06,719.24,1772.0
2026-08-28 06:00:00,719.19,719.28,718.9,719.1382,2756.0
2026-08-28 06:15:00,719.19,719.3882,719.0467,719.3166,1044.0
2026-08-28 06:30:00,719.3585,719.585,719.12,719.17,3306.0
2026-08-28 06:45:00,719.083,719.62,719.065,719.62,2554.0
2026-08-28 07:00:00,719.58,719.87,719.0456,719.4413,16317.0
2026-08-28 07:15:00,719.45,719.96,719.4089,719.85,9337.0
2026-08-28 07:30:00,719.92,720.0,719.2609,719.2609,4698.0
2026-08-28 07:45:00,719.3382,719.42,719.035,719.15,13078.0
2026-08-28 08:00:00,719.13,719.81,719.02,719.8001,16453.0
2026-08-28 08:15:00,719.7742,720.5487,719.75,720.51,29487.0
2026-08-28 08:30:00,720.54,720.54,719.41,720.4807,18313.0
2026-08-28 08:45:00,720.4408,720.6,720.22,720.4967,12090.0
2026-08-28 09:00:00,720.5185,721.0,720.28,720.53,21975.0
2026-08-28 09:15:00,720.53,720.5548,719.61,719.78,64240.0
2026-08-31 04:00:00,716.85,717.5,716.365,716.81,54071.0
2026-08-31 04:15:00,716.83,716.9,716.3487,716.67,4732.0
2026-08-31 04:30:00,716.679,716.7,716.09,716.24,7613.0
2026-08-31 04:45:00,716.28,716.58,716.17,716.24,4630.0
2026-08-31 05:00:00,716.3185,716.66,715.96,716.43,6529.0
2026-08-31 05:15:00,716.53,716.8,716.45,716.45,1899.0
2026-08-31 05:30:00,716.4787,716.49,715.865,715.9,3769.0
2026-08-31 05:45:00,715.9009,715.91,715.3617,715.45,6035.0
2026-08-31 06:00:00,715.48,715.65,715.24,715.65,13121.0
2026-08-31 06:15:00,715.52,715.84,715.3583,715.69,4093.0
2026-08-31 06:30:00,715.6485,715.6787,715.4486,715.53,2104.0
2026-08-31 06:45:00,715.516,715.955,715.5087,715.6,4537.0
2026-08-31 07:00:00,715.645,715.6627,715.12,715.22,11812.0
2026-08-31 07:15:00,715.2077,715.94,715.11,715.77,11846.0
2026-08-31 07:30:00,715.811,715.811,715.0247,715.0724,10513.0
2026-08-31 07:45:00,715.1018,715.22,714.85,714.9279,7667.0
2026-08-31 08:00:00,714.9585,715.86,714.16,715.4621,57099.0
2026-08-31 08:15:00,715.4718,716.21,714.02,714.6419,42142.0
2026-08-31 08:30:00,714.73,715.2207,713.9892,714.17,43208.0
2026-08-31 08:45:00,714.17,714.3644,713.7,713.9882,32064.0
2026-08-31 09:00:00,713.9987,714.47,713.7015,714.43,35606.0
2026-08-31 09:15:00,714.47,715.23,714.43,715.15,69588.0
2026-09-01 04:00:00,715.11,715.418,712.57,713.05,53739.0
2026-09-01 04:15:00,713.1,713.27,711.42,711.468,28006.0
2026-09-01 04:30:00,711.5,712.15,710.64,710.82,53683.0
2026-09-01 04:45:00,710.88,711.39,710.33,710.3607,46087.0
2026-09-01 05:00:00,710.4,710.47,709.5925,709.6912,62222.0
2026-09-01 05:15:00,709.6,709.84,709.19,709.43,29345.0
2026-09-01 05:30:00,709.4499,709.8288,709.12,709.79,19218.0
2026-09-01 05:45:00,709.79,710.12,709.76,709.85,16082.0
2026-09-01 06:00:00,709.71,710.16,709.53,709.98,10930.0
2026-09-01 06:15:00,710.0,710.64,709.75,710.36,17203.0
2026-09-01 06:30:00,710.4292,710.88,710.1246,710.1246,21049.0
2026-09-01 06:45:00,710.14,710.51,709.46,709.78,26972.0
2026-09-01 07:00:00,709.75,709.84,709.0,709.3544,30462.0
2026-09-01 07:15:00,709.5,709.886,709.4,709.72,13967.0
2026-09-01 07:30:00,709.7,710.39,709.6927,710.15,19703.0
2026-09-01 07:45:00,710.15,710.17,708.72,708.8275,45032.0
2026-09-01 08:00:00,708.8185,708.9935,708.35,708.58,30545.0
2026-09-01 08:15:00,708.65,708.8166,707.9995,708.7618,71774.0
2026-09-01 08:30:00,708.66,708.7203,707.65,707.7943,79945.0
2026-09-01 08:45:00,707.72,708.3444,707.65,707.71,31585.0
2026-09-01 09:00:00,707.6866,707.7,706.76,706.9265,74416.0
2026-09-01 09:15:00,706.9,707.58,706.69,707.3665,71007.0
2026-09-02 04:00:00,706.082,707.0,705.98,706.5,76543.0
2026-09-02 04:15:00,706.4287,706.8,705.6549,705.9487,8716.0
2026-09-02 04:30:00,705.9695,706.3,705.5,705.54,4141.0
2026-09-02 04:45:00,705.56,705.599,703.61,703.9959,24205.0
2026-09-02 05:00:00,704.0917,705.3,703.98,703.98,10760.0
2026-09-02 05:15:00,703.96,704.56,703.64,704.125,22319.0
2026-09-02 05:30:00,704.1882,704.19,703.28,703.4662,15463.0
2026-09-02 05:45:00,703.6917,704.05,703.44,704.05,3305.0
2026-09-02 06:00:00,703.9886,704.16,703.41,704.1286,17507.0
2026-09-02 06:15:00,704.16,704.6,703.94,704.38,17379.0
2026-09-02 06:30:00,704.3764,704.3764,703.72,703.89,6610.0
2026-09-02 06:45:00,703.81,704.3521,703.68,704.3521,10014.0
2026-09-02 07:00:00,704.38,705.18,702.9692,705.02,53668.0
2026-09-02 07:15:00,705.0,705.5387,704.54,705.25,47485.0
2026-09-02 07:30:00,705.2823,706.12,705.15,705.4134,48842.0
2026-09-02 07:45:00,705.4199,706.71,705.2512,706.71,37576.0
2026-09-02 08:00:00,706.68,707.66,706.5,707.56,58703.0
2026-09-02 08:15:00,707.59,708.25,707.0,707.3362,58310.0
2026-09-02 08:30:00,707.24,707.348,706.3201,706.4338,40009.0
2026-09-02 08:45:00,706.41,706.41,705.5,705.6885,25600.0
2026-09-02 09:00:00,705.6785,706.37,705.65,706.3553,27162.0
2026-09-02 09:15:00,706.32,707.44,706.27,707.1039,30151.0
2026-09-03 04:00:00,710.08,711.86,709.95,710.68,142015.0
2026-09-03 04:15:00,710.68,711.1,710.36,710.91,60923.0
2026-09-03 04:30:00,710.88,710.88,710.2,710.2987,32130.0
2026-09-03 04:45:00,710.31,710.4,709.959,709.959,11287.0
2026-09-03 05:00:00,710.0452,710.18,709.865,710.0535,5885.0
2026-09-03 05:15:00,710.04,710.14,709.3,709.3,10809.0
2026-09-03 05:30:00,709.3,709.52,708.82,708.92,12645.0
2026-09-03 05:45:00,708.97,709.0087,707.83,708.08,22155.0
2026-09-03 06:00:00,708.062,708.52,707.6312,707.81,13829.0
2026-09-03 06:15:00,707.77,708.0193,707.679,707.7512,15431.0
2026-09-03 06:30:00,707.86,708.08,707.34,707.97,5135.0
2026-09-03 06:45:00,707.8,707.88,707.4052,707.79,5170.0
2026-09-03 07:00:00,707.89,708.8702,707.364,708.77,37220.0
2026-09-03 07:15:00,708.7077,709.25,708.5914,708.84,12672.0
2026-09-03 07:30:00,708.95,708.9616,707.4,708.24,24475.0
2026-09-03 07:45:00,708.2579,708.2579,707.28,707.2937,32088.0
2026-09-03 08:00:00,707.3985,708.3,707.3275,707.8565,16361.0
2026-09-03 08:15:00,707.81,708.4,707.33,708.299,34822.0
2026-09-03 08:30:00,708.35,710.6899,708.35,709.31,102263.0
2026-09-03 08:45:00,709.42,711.01,709.3097,710.7507,58040.0
2026-09-03 09:00:00,710.7082,710.7082,709.54,710.55,37533.0
2026-09-03 09:15:00,710.5465,710.87,709.66,710.83,35396.0
2026-09-04 04:00:00,720.91,721.32,720.52,720.88,43563.0
2026-09-04 04:15:00,720.87,721.4022,720.76,721.38,10617.0
2026-09-04 04:30:00,721.38,721.39,720.7587,721.1,6130.0
2026-09-04 04:45:00,721.0287,721.2229,720.8,721.09,5075.0
2026-09-04 05:00:00,721.0392,721.0392,720.3012,720.3687,8514.0
2026-09-04 05:15:00,720.3624,720.67,720.08,720.24,10497.0
2026-09-04 05:30:00,720.2985,720.75,720.1587,720.75,4718.0
2026-09-04 05:45:00,720.7112,721.12,720.7112,721.0312,7536.0
2026-09-04 06:00:00,721.0327,721.3,720.98,721.18,6876.0
2026-09-04 06:15:00,721.1203,721.69,721.07,721.59,3378.0
2026-09-04 06:30:00,721.47,721.6547,721.36,721.615,3160.0
2026-09-04 06:45:00,721.5912,722.06,721.54,721.61,11109.0
2026-09-04 07:00:00,721.59,721.7008,720.9,721.1226,13897.0
2026-09-04 07:15:00,721.12,721.48,721.05,721.1464,13662.0
2026-09-04 07:30:00,721.17,721.4794,721.14,721.4,15284.0
2026-09-04 07:45:00,721.35,721.81,721.29,721.67,11215.0
2026-09-04 08:00:00,721.6487,721.7362,720.3012,720.72,41088.0
2026-09-04 08:15:00,720.64,721.73,720.4507,721.0,56839.0
2026-09-04 08:30:00,721.4683,721.74,718.0,718.7,221994.0
2026-09-04 08:45:00,718.6,718.62,717.25,718.3437,99624.0
2026-09-04 09:00:00,718.3782,718.6,717.76,718.36,56815.0
2026-09-04 09:15:00,718.3393,719.39,718.3393,719.33,69146.0
2026-09-08 04:00:00,718.21,718.25,716.9,717.66,81648.0
2026-09-08 04:15:00,717.72,718.1,717.3,717.6185,12658.0
2026-09-08 04:30:00,717.1985,717.96,717.168,717.39,6460.0
2026-09-08 04:45:00,717.38,718.12,717.17,717.37,7822.0
2026-09-08 05:00:00,717.5285,718.49,717.05,718.47,12008.0
2026-09-08 05:15:00,718.4499,718.56,718.1299,718.56,6507.0
2026-09-08 05:30:00,718.47,719.5,718.47,718.9582,12896.0
2026-09-08 05:45:00,719.0212,719.79,719.0212,719.79,9753.0
2026-09-08 06:00:00,719.74,719.79,719.15,719.441,4667.0
2026-09-08 06:15:00,719.47,720.9412,719.4115,719.95,18472.0
2026-09-08 06:30:00,719.98,719.98,719.4285,719.605,4995.0
2026-09-08 06:45:00,719.6,719.6,718.56,719.05,9920.0
2026-09-08 07:00:00,719.06,719.33,718.26,718.3946,19478.0
2026-09-08 07:15:00,718.51,719.23,718.51,718.83,22999.0
2026-09-08 07:30:00,718.96,719.22,718.53,718.54,22565.0
2026-09-08 07:45:00,718.6,719.85,718.39,719.7993,27740.0
2026-09-08 08:00:00,719.7879,719.8287,718.6995,718.71,30855.0
2026-09-08 08:15:00,718.77,719.6842,718.6,719.66,18607.0
2026-09-08 08:30:00,719.71,720.46,719.6231,720.1415,33132.0
2026-09-08 08:45:00,720.16,721.08,719.97,721.07,24281.0
2026-09-08 09:00:00,721.0934,721.28,720.67,721.2291,28972.0
2026-09-08 09:15:00,721.23,721.47,720.67,720.9,46013.0
2026-09-09 04:00:00,719.58,720.0787,719.33,719.47,27210.0
2026-09-09 04:15:00,719.47,719.7,719.08,719.6685,4744.0
2026-09-09 04:30:00,719.51,719.68,718.5,718.5,12492.0
2026-09-09 04:45:00,718.5,719.13,718.43,719.0272,7426.0
2026-09-09 05:00:00,719.0582,719.27,718.28,718.6657,11681.0
2026-09-09 05:15:00,718.7206,718.7206,717.85,718.16,15455.0
2026-09-09 05:30:00,718.15,718.38,716.8,716.9,34364.0
2026-09-09 05:45:00,716.8438,717.1,714.8,715.0886,42105.0
2026-09-09 06:00:00,715.1185,715.6,714.405,714.985,34183.0
2026-09-09 06:15:00,714.96,715.84,714.66,715.5,22539.0
2026-09-09 06:30:00,715.4285,715.8,715.0,715.0,12366.0
2026-09-09 06:45:00,715.0,715.14,714.365,714.88,27659.0
2026-09-09 07:00:00,714.83,715.76,714.56,715.2487,19752.0
2026-09-09 07:15:00,715.23,715.8,714.53,715.5,23748.0
2026-09-09 07:30:00,715.43,715.5,714.51,714.52,20808.0
2026-09-09 07:45:00,714.5596,716.27,714.51,715.02,55888.0
2026-09-09 08:00:00,715.02,715.08,713.52,713.5389,80883.0
2026-09-09 08:15:00,713.63,714.2399,713.45,713.9299,44270.0
2026-09-09 08:30:00,713.91,714.6724,713.71,714.6475,21326.0
2026-09-09 08:45:00,714.5997,715.12,714.5997,714.8831,77102.0
2026-09-09 09:00:00,714.7495,715.24,714.695,715.1485,23917.0
2026-09-09 09:15:00,715.12,716.4,715.03,716.4,43349.0
2026-09-10 04:00:00,716.1782,716.5,715.8687,715.89,37954.0
2026-09-10 04:15:00,715.88,716.301,715.7,716.2915,3905.0
2026-09-10 04:30:00,716.34,716.44,715.439,715.47,6655.0
2026-09-10 04:45:00,715.6085,715.75,715.27,715.4065,2450.0
2026-09-10 05:00:00,715.4285,715.775,715.3,715.4712,4228.0
2026-09-10 05:15:00,715.478,715.56,714.97,715.03,5177.0
2026-09-10 05:30:00,714.94,714.96,714.14,714.92,15874.0
2026-09-10 05:45:00,714.9,715.55,714.86,715.25,13858.0
2026-09-10 06:00:00,715.2582,715.5,714.85,715.0,11457.0
2026-09-10 06:15:00,715.03,715.3,714.8,714.9,7392.0
2026-09-10 06:30:00,714.91,715.1285,714.24,714.92,11411.0
2026-09-10 06:45:00,714.92,715.59,714.25,714.54,10394.0
2026-09-10 07:00:00,714.52,714.54,713.36,713.7625,51317.0
2026-09-10 07:15:00,713.7222,713.8283,713.44,713.5822,30049.0
2026-09-10 07:30:00,713.59,714.19,713.5458,713.7724,20667.0
2026-09-10 07:45:00,713.7811,714.51,711.83,711.84,56453.0
2026-09-10 08:00:00,711.9285,712.12,711.07,711.7432,84242.0
2026-09-10 08:15:00,711.6739,711.7805,710.5,710.93,104941.0
2026-09-10 08:30:00,710.84,711.46,707.41,707.94,235020.0
2026-09-10 08:45:00,707.97,707.98,706.5,706.76,107354.0
2026-09-10 09:00:00,706.83,707.7653,706.76,707.11,113538.0
2026-09-10 09:15:00,707.0832,707.67,706.53,707.67,139793.0
2026-09-11 04:00:00,711.06,712.015,710.94,711.43,62755.0
2026-09-11 04:15:00,711.45,713.19,711.3354,712.0782,14377.0
2026-09-11 04:30:00,712.22,713.12,712.21,712.54,27689.0
2026-09-11 04:45:00,712.5,713.38,712.5,713.38,17669.0
2026-09-11 05:00:00,713.4,713.6,712.69,712.69,11351.0
2026-09-11 05:15:00,712.6,713.0012,712.5315,712.8759,2939.0
2026-09-11 05:30:00,712.8851,713.1493,712.8566,712.9812,5364.0
2026-09-11 05:45:00,712.96,713.402,712.95,713.3487,3465.0
2026-09-11 06:00:00,713.1817,713.75,712.5,713.392,11711.0
2026-09-11 06:15:00,713.4,713.5,713.0212,713.1329,11634.0
2026-09-11 06:30:00,713.0831,713.44,713.0831,713.166,5920.0
2026-09-11 06:45:00,713.1449,713.22,712.94,713.025,16583.0
2026-09-11 07:00:00,713.04,713.1284,712.53,712.65,27768.0
2026-09-11 07:15:00,712.68,713.38,712.57,713.12,16452.0
2026-09-11 07:30:00,713.1388,713.5718,712.7193,713.5293,26630.0
2026-09-11 07:45:00,713.56,713.72,713.27,713.3491,24442.0
2026-09-11 08:00:00,713.4182,713.66,712.91,713.35,17569.0
2026-09-11 08:15:00,713.3339,715.08,713.3261,714.8,82701.0
2026-09-11 08:30:00,714.89,715.08,710.49,714.12,378822.0
2026-09-11 08:45:00,714.08,717.0661,713.8884,716.88,187746.0
2026-09-11 09:00:00,716.9115,717.69,716.07,716.28,211877.0
2026-09-11 09:15:00,716.27,716.43,715.01,715.01,103617.0
2026-09-14 04:00:00,703.76,704.24,703.365,703.952,121425.0
2026-09-14 04:15:00,703.959,703.96,702.61,702.61,35949.0
2026-09-14 04:30:00,702.63,703.6,702.54,703.09,31790.0
2026-09-14 04:45:00,703.0985,703.24,702.0,702.64,40182.0
2026-09-14 05:00:00,702.668,702.95,701.65,701.89,22812.0
2026-09-14 05:15:00,701.9,702.06,701.155,702.05,26997.0
2026-09-14 05:30:00,702.2,702.4,701.8063,701.96,25900.0
2026-09-14 05:45:00,702.02,702.2412,701.7414,702.1065,9067.0
2026-09-14 06:00:00,702.2,702.74,702.08,702.5515,20268.0
2026-09-14 06:15:00,702.58,703.4396,702.2626,703.4396,11693.0
2026-09-14 06:30:00,703.4195,704.15,703.3,704.04,16589.0
2026-09-14 06:45:00,704.01,704.16,703.61,703.86,15477.0
2026-09-14 07:00:00,703.86,704.36,703.5822,704.12,69519.0
2026-09-14 07:15:00,704.14,705.07,704.1151,704.955,87018.0
2026-09-14 07:30:00,704.9409,704.98,703.96,704.39,40029.0
2026-09-14 07:45:00,704.38,704.688,703.77,703.9007,32339.0
2026-09-14 08:00:00,703.82,703.898,702.95,703.519,63063.0
2026-09-14 08:15:00,703.5092,704.284,703.37,703.66,29413.0
2026-09-14 08:30:00,703.58,703.93,702.05,703.192,69809.0
2026-09-14 08:45:00,703.24,703.32,702.185,702.75,46028.0
2026-09-14 09:00:00,702.76,702.76,701.5,702.6785,75536.0
2026-09-14 09:15:00,702.6992,703.7495,702.67,703.4,190350.0
2026-09-15 04:00:00,706.25,706.26,704.15,705.155,56099.0
2026-09-15 04:15:00,705.23,705.9959,705.16,705.5,20776.0
2026-09-15 04:30:00,705.34,705.58,705.025,705.14,10514.0
2026-09-15 04:45:00,705.0,705.38,704.9324,705.15,4938.0
2026-09-15 05:00:00,705.1477,705.39,704.6,704.825,23709.0
2026-09-15 05:15:00,704.56,705.1,704.3,705.0212,7879.0
2026-09-15 05:30:00,705.07,705.7785,704.8,705.6715,17381.0
2026-09-15 05:45:00,705.72,706.93,705.709,706.71,17405.0
2026-09-15 06:00:00,706.7853,707.35,706.58,706.8844,6463.0
2026-09-15 06:15:00,706.8,707.28,706.65,707.2601,7277.0
2026-09-15 06:30:00,707.26,707.7,707.1254,707.48,22169.0
2026-09-15 06:45:00,707.4315,708.15,707.34,708.13,13125.0
2026-09-15 07:00:00,708.07,708.85,708.05,708.6068,25249.0
2026-09-15 07:15:00,708.6,708.88,708.27,708.3504,18095.0
2026-09-15 07:30:00,708.31,708.48,708.0,708.4154,13268.0
2026-09-15 07:45:00,708.3624,708.72,708.3,708.65,13347.0
2026-09-15 08:00:00,708.6477,709.17,708.34,709.05,15755.0
2026-09-15 08:15:00,709.1,709.2,708.2,708.78,22682.0
2026-09-15 08:30:00,708.76,708.98,708.3,708.72,19756.0
2026-09-15 08:45:00,708.7187,710.28,708.6592,709.1,114391.0
2026-09-15 09:00:00,709.0,709.318,708.86,708.96,31924.0
2026-09-15 09:15:00,708.9704,709.1896,708.5,708.7381,51808.0
2026-09-16 04:00:00,706.2,707.73,706.2,706.99,35442.0
2026-09-16 04:15:00,707.12,707.73,706.7487,707.07,5361.0
2026-09-16 04:30:00,707.1,707.45,706.56,706.996,5428.0
2026-09-16 04:45:00,707.0527,707.67,706.93,707.66,6139.0
2026-09-16 05:00:00,707.7085,707.8808,707.3,707.3,6095.0
2026-09-16 05:15:00,707.3,707.6117,706.85,707.3082,5330.0
2026-09-16 05:30:00,707.2738,708.13,707.2149,707.9,13659.0
2026-09-16 05:45:00,707.93,708.13,707.59,707.9,2635.0
2026-09-16 06:00:00,707.84,708.0,707.35,707.6682,6900.0
2026-09-16 06:15:00,707.6115,707.78,707.4712,707.7685,4391.0
2026-09-16 06:30:00,707.7017,707.9687,707.67,707.9387,3397.0
2026-09-16 06:45:00,707.83,708.3,707.6,708.3,12382.0
2026-09-16 07:00:00,708.29,708.75,707.65,707.67,67881.0
2026-09-16 07:15:00,707.67,707.9987,707.44,707.82,67899.0
2026-09-16 07:30:00,707.82,708.67,707.7713,708.539,73865.0
2026-09-16 07:45:00,708.5588,708.66,708.3811,708.66,17034.0
2026-09-16 08:00:00,708.64,709.21,708.6203,708.85,27789.0
2026-09-16 08:15:00,708.83,709.12,708.8,709.0,21104.0
2026-09-16 08:30:00,709.0,709.0633,707.5116,707.56,40729.0
2026-09-16 08:45:00,707.56,708.43,707.4577,708.372,25629.0
2026-09-16 09:00:00,708.28,708.58,707.45,708.3679,29862.0
2026-09-16 09:15:00,708.36,708.66,707.9317,708.0,21663.0
2026-09-17 04:00:00,708.4,711.48,708.4,710.6,83231.0
2026-09-17 04:15:00,710.62,711.11,710.36,711.11,13627.0
2026-09-17 04:30:00,711.0987,711.59,710.84,711.42,26096.0
2026-09-17 04:45:00,711.41,712.2,711.39,712.03,22164.0
2026-09-17 05:00:00,712.1182,712.93,712.1,712.44,13730.0
2026-09-17 05:15:00,712.4487,712.54,712.0,712.0095,16551.0
2026-09-17 05:30:00,712.07,712.44,712.0,712.3688,2495.0
2026-09-17 05:45:00,712.315,712.59,711.76,712.14,8609.0
2026-09-17 06:00:00,712.15,712.63,712.08,712.448,9096.0
2026-09-17 06:15:00,712.4385,712.86,712.21,712.62,7475.0
2026-09-17 06:30:00,712.67,712.9,712.2,712.356,19250.0
2026-09-17 06:45:00,712.26,712.86,712.22,712.76,5793.0
2026-09-17 07:00:00,712.7106,713.36,712.5,712.826,40182.0
2026-09-17 07:15:00,712.85,712.9206,712.2815,712.545,17098.0
2026-09-17 07:30:00,712.5667,712.62,712.1845,712.1845,11795.0
2026-09-17 07:45:00,712.15,713.64,712.07,713.6,49697.0
2026-09-17 08:00:00,713.598,715.07,713.0,714.7,101964.0
2026-09-17 08:15:00,714.71,716.13,714.6542,716.11,64355.0
2026-09-17 08:30:00,716.1,716.76,715.85,716.02,106029.0
2026-09-17 08:45:00,716.0,716.26,715.72,716.1278,72503.0
2026-09-17 09:00:00,716.09,716.72,715.9254,716.29,54938.0
2026-09-17 09:15:00,716.2679,716.5,715.75,715.93,65760.0
2026-09-18 04:00:00,721.52,721.88,720.99,721.1212,44328.0
2026-09-18 04:15:00,721.1387,721.56,720.76,720.79,8746.0
2026-09-18 04:30:00,720.74,721.23,720.7,721.13,9150.0
2026-09-18 04:45:00,721.21,721.28,720.67,720.6996,7888.0
2026-09-18 05:00:00,720.6987,720.71,720.3995,720.46,5281.0
2026-09-18 05:15:00,720.4685,720.81,720.1829,720.24,5102.0
2026-09-18 05:30:00,720.199,720.2,719.4,719.4,8196.0
2026-09-18 05:45:00,719.41,719.78,719.39,719.4097,3214.0
2026-09-18 06:00:00,719.445,719.71,719.4249,719.71,13127.0
2026-09-18 06:15:00,719.83,720.3,719.7898,720.3,20288.0
2026-09-18 06:30:00,720.36,720.9,720.3425,720.65,21043.0
2026-09-18 06:45:00,720.6476,720.65,720.2037,720.3692,7932.0
2026-09-18 07:00:00,720.285,720.792,719.5,719.79,29532.0
2026-09-18 07:15:00,719.7167,719.7766,719.0659,719.18,19604.0
2026-09-18 07:30:00,719.1686,719.85,719.14,719.1784,11198.0
2026-09-18 07:45:00,719.17,719.52,719.01,719.31,27115.0
2026-09-18 08:00:00,719.4482,719.66,718.101,718.15,64235.0
2026-09-18 08:15:00,718.16,718.36,717.665,717.8403,37940.0
2026-09-18 08:30:00,717.8408,718.3454,717.79,718.22,34970.0
2026-09-18 08:45:00,718.1884,718.3,717.7,717.841,32715.0
2026-09-18 09:00:00,717.84,718.169,717.57,718.09,42906.0
2026-09-18 09:15:00,718.12,718.98,717.1,718.67,285992.0
2026-09-21 04:00:00,726.79,727.71,725.48,727.53,67464.0
2026-09-21 04:15:00,727.48,727.675,727.2,727.37,11495.0
2026-09-21 04:30:00,727.37,728.29,727.34,728.1469,17619.0
2026-09-21 04:45:00,728.13,728.2788,727.9885,728.23,11292.0
2026-09-21 05:00:00,728.2385,728.5685,728.1,728.32,10370.0
2026-09-21 05:15:00,728.3417,728.87,728.1737,728.53,8414.0
2026-09-21 05:30:00,728.5,728.82,728.38,728.79,9696.0
2026-09-21 05:45:00,728.75,728.91,728.2,728.26,9369.0
2026-09-21 06:00:00,728.2176,728.52,728.19,728.45,7873.0
2026-09-21 06:15:00,728.55,728.65,728.32,728.42,16843.0
2026-09-21 06:30:00,728.4482,728.93,728.3187,728.6,8232.0
2026-09-21 06:45:00,728.58,728.7512,728.32,728.32,4044.0
2026-09-21 07:00:00,728.35,728.6034,727.89,728.14,33713.0
2026-09-21 07:15:00,728.12,728.3482,727.8007,728.0202,39978.0
2026-09-21 07:30:00,728.0085,728.3,727.87,728.29,50217.0
2026-09-21 07:45:00,728.32,728.82,728.16,728.5282,34570.0
2026-09-21 08:00:00,728.46,729.14,728.2215,728.6238,44038.0
2026-09-21 08:15:00,728.61,728.7566,727.95,728.0,34475.0
2026-09-21 08:30:00,727.98,728.7,727.92,728.6814,15962.0
2026-09-21 08:45:00,728.7184,728.7434,727.9349,727.9792,29763.0
2026-09-21 09:00:00,727.9392,728.23,727.84,727.9351,32870.0
2026-09-21 09:15:00,727.96,728.19,727.33,728.19,81480.0
2026-09-22 04:00:00,741.13,741.16,739.98,740.285,63444.0
2026-09-22 04:15:00,740.2867,740.2867,738.98,739.03,40339.0
2026-09-22 04:30:00,738.96,740.8687,738.68,740.77,25473.0
2026-09-22 04:45:00,740.87,741.5,740.47,741.41,27219.0
2026-09-22 05:00:00,741.4,741.7227,740.71,740.94,13086.0
2026-09-22 05:15:00,740.92,741.47,740.8865,741.0489,3786.0
2026-09-22 05:30:00,741.15,741.58,740.9336,741.525,9087.0
2026-09-22 05:45:00,741.52,743.0,741.35,742.7,38357.0
2026-09-22 06:00:00,742.62,743.0,742.055,742.32,19218.0
2026-09-22 06:15:00,742.31,742.39,741.71,742.0712,6684.0
2026-09-22 06:30:00,742.07,742.54,741.79,742.3427,5048.0
2026-09-22 06:45:00,742.2585,742.625,741.98,742.18,7193.0
2026-09-22 07:00:00,742.135,742.4615,740.6,741.64,44037.0
2026-09-22 07:15:00,741.7659,741.8602,741.28,741.3,13560.0
2026-09-22 07:30:00,741.3,741.8545,741.22,741.6924,9012.0
2026-09-22 07:45:00,741.6789,742.0435,741.1193,741.259,35417.0
2026-09-22 08:00:00,741.2685,741.6,740.64,740.88,17400.0
2026-09-22 08:15:00,740.87,741.405,740.6218,741.4,26176.0
2026-09-22 08:30:00,741.36,741.49,740.94,740.94,19197.0
2026-09-22 08:45:00,741.0,741.0273,740.52,740.68,40712.0
2026-09-22 09:00:00,740.6902,741.3,740.5987,741.02,56334.0
2026-09-22 09:15:00,741.051,741.25,740.648,741.18,57950.0
2026-09-23 04:00:00,747.6212,748.0,747.23,747.7315,72259.0
2026-09-23 04:15:00,747.8054,748.08,747.5223,747.8487,11857.0
2026-09-23 04:30:00,747.8215,747.87,747.07,747.1875,11028.0
2026-09-23 04:45:00,747.1,747.32,746.94,747.22,5123.0
2026-09-23 05:00:00,747.2585,747.4673,747.02,747.21,3516.0
2026-09-23 05:15:00,747.2085,747.64,747.0991,747.47,2281.0
2026-09-23 05:30:00,747.4542,747.6185,747.2744,747.2744,1671.0
2026-09-23 05:45:00,747.2,747.23,746.8,747.0663,7259.0
2026-09-23 06:00:00,747.1643,747.5712,747.09,747.5587,2322.0
2026-09-23 06:15:00,747.59,747.8,747.4,747.64,5190.0
2026-09-23 06:30:00,747.65,747.67,747.2,747.3312,1872.0
2026-09-23 06:45:00,747.3,747.5551,747.18,747.53,6555.0
2026-09-23 07:00:00,747.5297,747.5482,746.7,746.9012,15411.0
2026-09-23 07:15:00,746.9,747.09,745.67,745.7581,31718.0
2026-09-23 07:30:00,745.735,745.735,744.688,745.03,57536.0
2026-09-23 07:45:00,745.03,745.918,745.02,745.8204,31563.0
2026-09-23 08:00:00,745.82,745.97,745.0149,745.1582,32599.0
2026-09-23 08:15:00,745.1,745.6688,744.91,745.59,27241.0
2026-09-23 08:30:00,745.58,745.89,745.5,745.6198,17603.0
2026-09-23 08:45:00,745.61,746.1,745.57,746.045,23274.0
2026-09-23 09:00:00,746.0,746.1,745.4759,745.94,23144.0
2026-09-23 09:15:00,745.9258,747.1,745.9,747.09,53159.0
2026-09-24 04:00:00,736.2781,736.88,734.28,734.51,88018.0
2026-09-24 04:15:00,734.58,735.0106,733.65,733.77,27781.0
2026-09-24 04:30:00,733.7985,734.65,733.11,733.46,30007.0
2026-09-24 04:45:00,733.48,733.69,732.59,733.05,34520.0
2026-09-24 05:00:00,733.2085,733.65,732.82,733.03,31254.0
2026-09-24 05:15:00,733.05,733.9,732.91,733.4,6393.0
2026-09-24 05:30:00,733.4,733.4,731.68,731.76,45597.0
2026-09-24 05:45:00,731.77,733.25,731.7,733.2115,40076.0
2026-09-24 06:00:00,733.09,733.55,732.79,733.2,33795.0
2026-09-24 06:15:00,733.2901,733.78,732.72,733.09,34865.0
2026-09-24 06:30:00,733.2,734.4,732.92,734.2312,40195.0
2026-09-24 06:45:00,734.29,735.31,734.11,734.5483,40545.0
2026-09-24 07:00:00,734.485,734.84,733.7177,734.4877,55941.0
2026-09-24 07:15:00,734.5,735.08,734.1,734.1,40341.0
2026-09-24 07:30:00,734.16,734.8,733.45,733.611,52770.0
2026-09-24 07:45:00,733.6201,734.15,733.07,733.84,30892.0
2026-09-24 08:00:00,733.8882,734.46,733.0,734.45,42680.0
2026-09-24 08:15:00,734.37,734.9999,733.75,734.14,204222.0
2026-09-24 08:30:00,734.14,734.31,732.9,734.13,81004.0
2026-09-24 08:45:00,734.12,734.7,733.7999,734.458,38095.0
2026-09-24 09:00:00,734.5,735.23,734.43,734.98,37461.0
2026-09-24 09:15:00,735.03,735.4,734.8,735.21,98933.0
2026-09-25 04:00:00,744.0,744.51,743.29,744.245,34724.0
2026-09-25 04:15:00,744.32,745.389,744.2887,745.29,15559.0
2026-09-25 04:30:00,745.33,745.64,745.05,745.6,8393.0
2026-09-25 04:45:00,745.65,746.065,745.51,745.88,23195.0
2026-09-25 05:00:00,745.899,746.205,745.78,746.0766,8230.0
2026-09-25 05:15:00,746.0239,746.52,745.66,745.66,25716.0
2026-09-25 05:30:00,745.65,746.0,745.52,745.68,14386.0
2026-09-25 05:45:00,745.61,745.61,745.07,745.189,6823.0
2026-09-25 06:00:00,745.24,745.52,744.78,745.45,8619.0
2026-09-25 06:15:00,745.44,745.72,745.4145,745.4669,13417.0
2026-09-25 06:30:00,745.56,745.66,745.06,745.3,8281.0
2026-09-25 06:45:00,745.28,745.539,745.118,745.2907,7229.0
2026-09-25 07:00:00,745.28,746.5418,745.13,746.53,48302.0
2026-09-25 07:15:00,746.54,747.0338,746.5051,746.5832,34378.0
2026-09-25 07:30:00,746.6183,747.06,746.21,746.4449,10580.0
2026-09-25 07:45:00,746.4832,746.73,746.24,746.25,17702.0
2026-09-25 08:00:00,746.2,746.62,745.66,746.0463,26510.0
2026-09-25 08:15:00,745.9815,746.0093,745.2,745.52,25407.0
2026-09-25 08:30:00,745.52,745.644,744.2093,744.66,41586.0
2026-09-25 08:45:00,744.6,745.2115,744.0,744.2286,52845.0
2026-09-25 09:00:00,744.324,744.9552,743.68,744.8087,31969.0
2026-09-25 09:15:00,744.7594,744.779,742.53,742.54,64614.0
2026-09-28 04:00:00,737.14,738.4,737.14,738.38,78461.0
2026-09-28 04:15:00,738.4112,738.46,737.38,738.0,20671.0
2026-09-28 04:30:00,738.05,738.21,736.8369,737.3,31542.0
2026-09-28 04:45:00,737.23,737.5,736.9753,737.0715,22559.0
2026-09-28 05:00:00,737.039,737.68,736.05,736.21,36095.0
2026-09-28 05:15:00,736.22,737.3,736.03,737.17,21650.0
2026-09-28 05:30:00,737.19,737.395,736.56,737.3119,13339.0
2026-09-28 05:45:00,737.46,737.65,737.166,737.33,9964.0
2026-09-28 06:00:00,737.4,737.68,736.38,736.73,36615.0
2026-09-28 06:15:00,736.9,737.07,736.5935,736.99,8010.0
2026-09-28 06:30:00,736.974,737.17,736.65,737.0,10279.0
2026-09-28 06:45:00,737.0215,737.97,736.99,737.16,27022.0
2026-09-28 07:00:00,737.23,738.63,737.23,737.445,98408.0
2026-09-28 07:15:00,737.3908,738.6,737.3087,738.6,28927.0
2026-09-28 07:30:00,738.6275,738.7,738.1,738.6476,11952.0
2026-09-28 07:45:00,738.6484,738.77,738.23,738.53,19384.0
2026-09-28 08:00:00,738.5585,740.45,737.89,740.12,97695.0
2026-09-28 08:15:00,740.1357,740.85,739.75,739.9133,70298.0
2026-09-28 08:30:00,739.96,740.6875,739.8124,740.6543,48748.0
2026-09-28 08:45:00,740.67,741.305,740.5124,740.94,50656.0
2026-09-28 09:00:00,740.9561,740.9561,739.96,740.2043,61461.0
2026-09-28 09:15:00,740.27,740.67,739.77,740.55,61966.0
2026-09-29 04:00:00,737.1487,737.8,736.88,737.248,69553.0
2026-09-29 04:15:00,737.18,738.4,737.18,737.78,14128.0
2026-09-29 04:30:00,737.79,738.2,737.4785,738.1915,12398.0
2026-09-29 04:45:00,738.16,738.2085,737.13,737.65,7819.0
2026-09-29 05:00:00,737.6082,737.7,736.9012,736.9012,13773.0
2026-09-29 05:15:00,736.9783,737.0,736.31,736.585,8845.0
2026-09-29 05:30:00,736.385,737.08,736.1,737.08,26585.0
2026-09-29 05:45:00,737.1,737.46,736.6,736.88,7615.0
2026-09-29 06:00:00,736.77,737.92,736.77,737.8,8213.0
2026-09-29 06:15:00,737.67,737.8,737.225,737.77,8272.0
2026-09-29 06:30:00,737.85,738.08,737.3687,737.86,12992.0
2026-09-29 06:45:00,737.89,738.59,737.76,738.59,11930.0
2026-09-29 07:00:00,738.56,739.23,738.31,738.51,28805.0
2026-09-29 07:15:00,738.5077,738.8805,738.45,738.6988,19396.0
2026-09-29 07:30:00,738.65,739.17,738.55,739.03,15126.0
2026-09-29 07:45:00,739.0218,740.1,738.5,739.5399,28685.0
2026-09-29 08:00:00,739.538,740.1,739.52,739.93,15528.0
2026-09-29 08:15:00,739.97,740.4,738.8717,739.4104,32891.0
2026-09-29 08:30:00,739.4,739.48,738.66,738.81,17735.0
2026-09-29 08:45:00,738.856,738.856,738.27,738.33,17662.0
2026-09-29 09:00:00,738.27,739.15,738.27,739.15,20290.0
2026-09-29 09:15:00,739.16,740.36,738.87,740.31,56786.0
2026-09-30 04:00:00,739.8282,740.24,739.0417,739.13,30313.0
2026-09-30 04:15:00,739.1388,739.38,738.9385,739.26,5127.0
2026-09-30 04:30:00,739.2312,739.37,738.5637,738.6157,5093.0
2026-09-30 04:45:00,738.64,739.03,738.21,738.21,9976.0
2026-09-30 05:00:00,738.2282,738.46,737.45,738.46,13702.0
2026-09-30 05:15:00,738.49,738.55,737.96,738.05,4068.0
2026-09-30 05:30:00,738.11,738.69,737.6,737.7345,4572.0
2026-09-30 05:45:00,737.87,738.1,737.85,737.9887,6386.0
2026-09-30 06:00:00,738.0285,738.0285,737.35,737.3585,4267.0
2026-09-30 06:15:00,737.25,737.77,737.05,737.4008,8011.0
2026-09-30 06:30:00,737.43,737.74,737.2,737.56,5378.0
2026-09-30 06:45:00,737.4982,737.85,737.4,737.5499,3859.0
2026-09-30 07:00:00,737.48,737.5,735.97,736.15,32828.0
2026-09-30 07:15:00,736.164,737.39,735.64,737.1038,29919.0
2026-09-30 07:30:00,737.11,737.84,736.9962,737.32,7428.0
2026-09-30 07:45:00,737.52,737.73,736.5466,737.47,16936.0
2026-09-30 08:00:00,737.4782,737.71,736.61,737.2582,11202.0
2026-09-30 08:15:00,737.18,738.3,736.0,737.97,60999.0
2026-09-30 08:30:00,738.18,741.95,737.85,740.61,240808.0
2026-09-30 08:45:00,740.56,741.15,739.5,740.5085,57541.0
2026-09-30 09:00:00,740.4362,741.7207,740.4362,741.08,76149.0
2026-09-30 09:15:00,741.11,741.25,739.9,740.18,90187.0
