time_utc,open,high,low,close,volume
2026-08-11T14:55,722.2,722.4099,721.68,721.79,263428
2026-08-11T15:00,721.8,722.14,721.66,721.765,176218
2026-08-11T15:05,721.76,721.775,720.26,720.28,658193
2026-08-11T15:10,720.27,720.6,720.035,720.25,304780
2026-08-11T15:15,720.22,720.38,719.89,720.1399,166304
2026-08-11T15:20,720.16,720.8,720.0,720.0695,238790
2026-08-11T15:25,720.105,720.46,719.99,719.99,139484
2026-08-11T15:30,720.035,720.365,719.11,719.3,241387
2026-08-11T15:35,719.31,719.77,719.135,719.225,218351
2026-08-11T15:40,719.205,719.82,719.1,719.77,218388
2026-08-11T15:45,719.775,719.775,719.18,719.2001,143013
2026-08-11T15:50,719.18,719.58,719.01,719.12,141411
2026-08-11T15:55,719.12,719.35,718.9716,719.0699,134885
2026-08-11T16:00,719.08,719.3255,718.68,718.7684,195291
2026-08-11T16:05,718.79,719.45,718.76,719.43,232849
2026-08-11T16:10,719.4499,719.46,718.72,718.75,218070
2026-08-11T16:15,718.77,719.18,718.61,718.67,118663
2026-08-11T16:20,718.69,718.97,718.48,718.54,203926
2026-08-11T16:25,718.53,718.63,718.035,718.63,369195
2026-08-11T16:30,718.61,718.71,718.267,718.32,202734
2026-08-11T16:35,718.3,719.07,718.28,718.98,305826
2026-08-11T16:40,718.98,718.98,718.33,718.385,562813
2026-08-11T16:45,718.3995,718.42,717.93,718.28,243938
2026-08-11T16:50,718.29,718.52,718.26,718.48,245428
2026-08-11T16:55,718.49,718.51,718.045,718.14,314336
2026-08-11T17:00,718.14,718.3272,717.61,717.655,391776
2026-08-11T17:05,717.63,718.05,717.555,717.82,298157
2026-08-11T17:10,717.81,717.81,716.95,716.98,281434
2026-08-11T17:15,716.96,717.66,716.87,717.5,246880
2026-08-11T17:20,717.53,717.9,717.32,717.68,227631
2026-08-11T17:25,717.68,717.92,717.48,717.66,265451
2026-08-11T17:30,717.668,717.85,717.5,717.85,208947
2026-08-11T17:35,717.8412,718.19,717.635,717.8109,368021
2026-08-11T17:40,717.745,718.42,717.74,718.335,263301
2026-08-11T17:45,718.335,718.47,718.09,718.21,123096
2026-08-11T17:50,718.235,718.46,718.235,718.43,187456
2026-08-11T17:55,718.44,718.45,718.06,718.19,167332
2026-08-11T18:00,718.2009,718.36,717.95,718.245,320513
2026-08-11T18:05,718.22,718.3172,717.55,717.63,218785
2026-08-11T18:10,717.62,717.85,717.58,717.6801,129789
2026-08-11T18:15,717.69,717.83,717.55,717.62,88214
2026-08-11T18:20,717.61,717.61,716.92,717.13,351472
2026-08-11T18:25,717.13,717.2,715.79,716.18,540218
2026-08-11T18:30,716.18,716.81,716.1,716.74,1039188
2026-08-11T18:35,716.755,716.938,716.45,716.63,159709
2026-08-11T18:40,716.575,716.575,716.16,716.28,247195
2026-08-11T18:45,716.28,717.23,716.28,717.1822,189840
2026-08-11T18:50,717.16,717.49,717.05,717.4,372066
2026-08-11T18:55,717.39,717.43,717.09,717.09,169783
2026-08-11T19:00,717.095,717.41,716.91,717.36,275109
2026-08-11T19:05,717.35,717.37,716.82,717.0801,418304
2026-08-11T19:10,717.1,717.84,717.03,717.685,423504
2026-08-11T19:15,717.68,717.86,717.56,717.62,252757
2026-08-11T19:20,717.63,717.9,717.5815,717.825,161085
2026-08-11T19:25,717.825,718.1364,717.66,718.065,299159
2026-08-11T19:30,718.09,718.43,717.99,718.39,380390
2026-08-11T19:35,718.4,718.935,718.2723,718.935,470855
2026-08-11T19:40,718.92,718.93,718.4,718.44,386542
2026-08-11T19:45,718.44,718.51,717.9731,718.135,608368
2026-08-11T19:50,718.16,718.6499,717.65,718.59,637627
2026-08-11T19:55,718.57,718.6899,717.77,718.45,1929045
2026-08-12T13:30,726.99,727.25,724.29,724.3163,1518111
2026-08-12T13:35,724.27,725.84,724.07,724.5701,857703
2026-08-12T13:40,724.5675,724.9262,723.7381,724.83,645425
2026-08-12T13:45,724.81,726.5,724.1702,726.335,793352
2026-08-12T13:50,726.31,726.335,724.515,724.735,574499
2026-08-12T13:55,724.75,725.35,723.89,725.09,571252
2026-08-12T14:00,725.04,725.16,723.82,723.82,475506
2026-08-12T14:05,723.8,725.39,723.61,725.35,323018
2026-08-12T14:10,725.31,725.718,724.5,724.69,647700
2026-08-12T14:15,724.67,725.2634,724.2805,724.305,411701
2026-08-12T14:20,724.34,725.4001,724.02,725.385,252358
2026-08-12T14:25,725.38,725.93,724.96,725.23,283426
2026-08-12T14:30,725.24,725.42,723.53,724.33,860426
2026-08-12T14:35,724.32,725.535,723.961,725.25,1404475
2026-08-12T14:40,725.3888,725.5,724.75,725.43,494640
2026-08-12T14:45,725.46,725.6,724.66,724.96,219676
2026-08-12T14:50,724.93,724.96,723.8001,723.95,364433
2026-08-12T14:55,723.95,724.36,723.63,724.11,200185
2026-08-12T15:00,724.1,724.33,723.39,723.7,306468
2026-08-12T15:05,723.64,724.3562,723.47,724.2,186677
2026-08-12T15:10,724.1716,724.63,723.65,724.425,371413
2026-08-12T15:15,724.365,724.5699,723.99,724.14,102195
2026-08-12T15:20,724.18,724.33,723.545,723.71,600095
2026-08-12T15:25,723.71,724.23,723.525,724.23,190598
2026-08-12T15:30,724.25,724.31,722.92,723.22,253613
2026-08-12T15:35,723.22,723.84,723.2,723.21,273791
2026-08-12T15:40,723.2205,723.455,722.92,723.135,251077
2026-08-12T15:45,723.15,723.6,722.92,723.575,179321
2026-08-12T15:50,723.59,723.734,723.28,723.35,183035
2026-08-12T15:55,723.36,723.465,723.175,723.24,182200
2026-08-12T16:00,723.24,723.92,723.16,723.71,174710
2026-08-12T16:05,723.6601,724.1762,723.55,724.165,320880
2026-08-12T16:10,724.175,724.3,723.89,724.2,145783
2026-08-12T16:15,724.22,724.285,723.8707,723.92,223542
2026-08-12T16:20,723.925,724.4875,723.88,724.41,131389
2026-08-12T16:25,724.41,724.55,724.125,724.2,145302
2026-08-12T16:30,724.2295,724.36,723.67,723.71,113148
2026-08-12T16:35,723.69,724.505,723.68,724.5,243282
2026-08-12T16:40,724.57,724.72,724.41,724.48,168250
2026-08-12T16:45,724.495,724.82,724.36,724.75,170528
2026-08-12T16:50,724.76,725.25,724.76,725.09,272053
2026-08-12T16:55,725.12,725.16,724.94,724.99,259092
2026-08-12T17:00,724.985,725.4,724.91,725.32,209348
2026-08-12T17:05,725.31,725.43,725.05,725.07,184775
2026-08-12T17:10,725.05,725.16,724.805,725.1199,126723
2026-08-12T17:15,725.1199,725.1199,724.59,724.82,187411
2026-08-12T17:20,724.82,725.08,724.82,724.96,115163
2026-08-12T17:25,724.97,725.32,724.95,725.08,135242
2026-08-12T17:30,725.07,725.32,724.92,725.0901,344825
2026-08-12T17:35,725.06,725.28,725.03,725.19,102250
2026-08-12T17:40,725.2,725.38,725.04,725.215,131738
2026-08-12T17:45,725.23,725.33,725.115,725.145,202580
2026-08-12T17:50,725.14,725.415,724.975,725.0207,141530
2026-08-12T17:55,725.03,725.19,724.91,725.115,140581
2026-08-12T18:00,725.115,725.24,724.86,724.9101,89031
2026-08-12T18:05,724.89,724.965,724.66,724.86,234396
2026-08-12T18:10,724.86,725.3231,724.85,725.051,102191
2026-08-12T18:15,725.045,725.1,724.73,724.91,131685
2026-08-12T18:20,724.91,725.12,724.66,725.09,335823
2026-08-12T18:25,725.1,725.2003,724.71,724.74,255059
2026-08-12T18:30,724.74,725.17,724.74,724.935,151906
2026-08-12T18:35,724.94,725.17,724.93,725.1164,92464
2026-08-12T18:40,725.135,725.56,725.1299,725.32,145395
2026-08-12T18:45,725.325,725.3494,725.08,725.3,98792
2026-08-12T18:50,725.31,725.415,725.07,725.07,97727
2026-08-12T18:55,725.09,725.09,724.51,724.63,140562
2026-08-12T19:00,724.63,724.93,724.59,724.65,228854
2026-08-12T19:05,724.66,724.96,724.63,724.67,104653
2026-08-12T19:10,724.66,724.71,724.375,724.49,122217
2026-08-12T19:15,724.485,724.82,724.45,724.63,283405
2026-08-12T19:20,724.62,724.63,724.0325,724.035,142706
2026-08-12T19:25,724.07,724.23,723.82,724.1,208728
2026-08-12T19:30,724.09,724.1099,723.73,723.88,241852
2026-08-12T19:35,723.88,724.0024,723.67,723.74,594631
2026-08-12T19:40,723.75,723.78,723.22,723.65,482467
2026-08-12T19:45,723.64,724.09,723.41,724.06,514038
2026-08-12T19:50,724.04,724.07,723.37,723.78,526281
2026-08-12T19:55,723.8,723.95,723.035,723.7,2268852
2026-08-13T13:30,725.125,726.02,724.04,725.9701,838557
2026-08-13T13:35,725.97,728.26,725.9,728.24,988855
2026-08-13T13:40,728.24,728.61,727.235,727.62,812036
2026-08-13T13:45,727.64,730.83,727.47,730.59,1570096
2026-08-13T13:50,730.585,731.15,730.205,730.865,1287042
2026-08-13T13:55,730.855,731.68,730.29,731.57,830670
2026-08-13T14:00,731.565,731.79,731.1,731.5901,693392
2026-08-13T14:05,731.61,731.9099,731.21,731.64,605761
2026-08-13T14:10,731.64,732.48,731.6313,732.26,671313
2026-08-13T14:15,732.27,732.56,732.0,732.08,458154
2026-08-13T14:20,732.08,732.525,731.8,732.29,410119
2026-08-13T14:25,732.31,733.04,732.1,732.96,369386
2026-08-13T14:30,732.95,733.735,732.8248,733.68,669434
2026-08-13T14:35,733.66,733.755,733.125,733.4,690214
2026-08-13T14:40,733.38,733.5889,732.94,733.015,495401
2026-08-13T14:45,733.0,733.1299,732.44,732.58,939725
2026-08-13T14:50,732.58,732.825,732.36,732.82,406919
2026-08-13T14:55,732.77,732.8,732.12,732.15,215773
2026-08-13T15:00,732.14,732.9,732.0444,732.12,246022
2026-08-13T15:05,732.12,732.72,732.11,732.495,446329
2026-08-13T15:10,732.5,732.84,732.31,732.5809,367043
2026-08-13T15:15,732.6,732.79,732.21,732.79,203113
2026-08-13T15:20,732.755,733.1,732.69,732.91,232009
2026-08-13T15:25,732.91,733.03,731.7,731.91,434430
2026-08-13T15:30,731.92,732.125,730.82,730.85,355466
2026-08-13T15:35,730.86,731.35,730.47,731.015,332198
2026-08-13T15:40,731.01,731.6233,730.5301,731.1404,266673
2026-08-13T15:45,731.055,731.055,730.4,730.7,165516
2026-08-13T15:50,730.73,730.8,729.88,730.2003,289898
2026-08-13T15:55,730.23,730.65,729.86,730.14,272858
2026-08-13T16:00,730.15,731.33,730.11,730.96,752925
2026-08-13T16:05,731.015,731.51,730.99,731.31,207881
2026-08-13T16:10,731.3,731.5,730.6858,730.69,115241
2026-08-13T16:15,730.74,730.985,730.58,730.85,107925
2026-08-13T16:20,730.825,731.41,730.654,731.34,338408
2026-08-13T16:25,731.34,731.88,731.31,731.83,190234
2026-08-13T16:30,731.84,732.16,731.79,731.869,266766
2026-08-13T16:35,731.8337,732.03,731.4001,731.59,107705
2026-08-13T16:40,731.605,731.855,731.435,731.76,201119
2026-08-13T16:45,731.75,732.06,731.75,731.98,102834
2026-08-13T16:50,731.98,732.24,731.76,731.805,110881
2026-08-13T16:55,731.745,732.0,731.62,731.975,120839
2026-08-13T17:00,732.0,732.63,732.0,732.59,254715
2026-08-13T17:05,732.585,732.92,732.575,732.81,174229
2026-08-13T17:10,732.83,732.95,732.74,732.8,175161
2026-08-13T17:15,732.795,733.2,732.77,733.195,154380
2026-08-13T17:20,733.195,733.35,733.02,733.11,162010
2026-08-13T17:25,733.165,733.26,733.035,733.0484,105003
2026-08-13T17:30,733.05,733.2263,732.9,732.965,318283
2026-08-13T17:35,732.985,733.0399,732.6737,732.76,95435
2026-08-13T17:40,732.74,732.92,732.53,732.53,156274
2026-08-13T17:45,732.525,732.84,732.5201,732.6,249657
2026-08-13T17:50,732.6299,732.71,732.31,732.35,289479
2026-08-13T17:55,732.4,732.63,732.28,732.28,153294
2026-08-13T18:00,732.3,732.46,732.23,732.37,109456
2026-08-13T18:05,732.3586,732.55,732.04,732.11,93818
2026-08-13T18:10,732.14,732.32,731.93,732.23,202775
2026-08-13T18:15,732.225,732.37,732.05,732.07,319823
2026-08-13T18:20,732.065,732.22,731.765,731.8001,145681
2026-08-13T18:25,731.81,732.1,731.81,732.0,218535
2026-08-13T18:30,732.01,732.69,732.01,732.585,198502
2026-08-13T18:35,732.585,732.77,732.515,732.7,183576
2026-08-13T18:40,732.71,733.09,732.6,732.9,252321
2026-08-13T18:45,732.9,733.2295,732.89,733.18,244211
2026-08-13T18:50,733.18,733.27,732.97,733.15,254321
2026-08-13T18:55,733.15,733.31,733.07,733.29,162395
2026-08-13T19:00,733.29,733.535,733.2301,733.308,214968
2026-08-13T19:05,733.31,733.96,733.162,733.83,260352
2026-08-13T19:10,733.81,733.82,732.95,733.13,242126
2026-08-13T19:15,733.12,733.185,732.7301,733.185,233518
2026-08-13T19:20,733.1898,733.32,733.0,733.035,197160
2026-08-13T19:25,733.0,733.045,732.58,732.77,172902
2026-08-13T19:30,732.74,732.864,732.46,732.58,179526
2026-08-13T19:35,732.57,732.77,732.51,732.67,267288
2026-08-13T19:40,732.69,732.7376,732.24,732.275,329371
2026-08-13T19:45,732.27,732.32,732.05,732.225,388186
2026-08-13T19:50,732.21,732.28,731.75,731.99,769582
2026-08-13T19:55,732.01,732.12,731.55,732.07,1772795
2026-08-14T13:30,733.26,734.09,732.6,732.6,800801
2026-08-14T13:35,732.63,732.965,731.7201,732.94,415008
2026-08-14T13:40,732.965,733.92,732.3267,733.9,345532
2026-08-14T13:45,733.86,734.39,733.07,733.375,460258
2026-08-14T13:50,733.43,733.98,732.89,733.39,332519
2026-08-14T13:55,733.39,733.63,732.7,733.05,242639
2026-08-14T14:00,732.95,733.7975,732.64,733.735,225454
2026-08-14T14:05,733.72,734.16,733.15,733.2499,302541
2026-08-14T14:10,733.22,733.5,732.805,732.975,229987
2026-08-14T14:15,732.99,733.115,731.682,731.785,374954
2026-08-14T14:20,731.775,732.25,731.24,731.4399,925327
2026-08-14T14:25,731.4999,731.7,730.84,731.4601,469426
2026-08-14T14:30,731.4721,731.55,730.75,731.0,386834
2026-08-14T14:35,730.99,731.84,730.9101,731.75,232831
2026-08-14T14:40,731.69,731.69,731.0638,731.44,199640
2026-08-14T14:45,731.39,731.63,731.1,731.27,160050
2026-08-14T14:50,731.25,731.64,731.105,731.11,146215
2026-08-14T14:55,731.11,731.24,730.6,730.6,183028
2026-08-14T15:00,730.61,731.05,730.28,730.5856,159960
2026-08-14T15:05,730.59,730.785,730.09,730.19,198136
2026-08-14T15:10,730.2,730.44,729.7599,729.805,303050
2026-08-14T15:15,729.805,730.295,729.805,730.12,234327
2026-08-14T15:20,730.13,730.25,728.68,728.71,407156
2026-08-14T15:25,728.725,729.4,728.42,729.3201,458393
2026-08-14T15:30,729.37,729.39,728.65,728.78,257924
2026-08-14T15:35,728.77,729.18,728.55,728.6199,227818
2026-08-14T15:40,728.595,728.8,728.32,728.75,289768
2026-08-14T15:45,728.79,729.19,728.35,728.54,217194
2026-08-14T15:50,728.55,729.14,728.33,728.99,258114
2026-08-14T15:55,729.02,729.38,728.89,729.225,237713
2026-08-14T16:00,729.22,729.67,729.22,729.43,311710
2026-08-14T16:05,729.41,729.5,728.86,729.0351,173806
2026-08-14T16:10,729.07,729.62,729.0,729.585,262519
2026-08-14T16:15,729.58,729.76,729.5125,729.58,256570
2026-08-14T16:20,729.58,729.9,729.46,729.885,110525
2026-08-14T16:25,729.86,730.215,729.84,730.07,286198
2026-08-14T16:30,730.075,730.0999,729.23,729.38,219316
2026-08-14T16:35,729.4,729.965,729.34,729.575,136819
2026-08-14T16:40,729.6,729.6,729.18,729.25,187417
2026-08-14T16:45,729.23,729.46,729.12,729.4,159111
2026-08-14T16:50,729.39,729.4,728.96,729.08,139197
2026-08-14T16:55,729.12,729.2901,728.95,729.02,122925
2026-08-14T17:00,729.05,729.2095,728.886,729.0533,203475
2026-08-14T17:05,729.09,729.38,729.05,729.2326,100627
2026-08-14T17:10,729.245,729.538,729.165,729.27,108417
2026-08-14T17:15,729.265,729.37,729.0,729.25,252139
2026-08-14T17:20,729.25,729.45,728.83,728.915,159714
2026-08-14T17:25,728.88,729.15,728.76,729.0131,153511
2026-08-14T17:30,729.03,729.33,728.96,729.25,161923
2026-08-14T17:35,729.25,729.325,728.83,728.975,136943
2026-08-14T17:40,728.96,729.18,728.84,729.02,93271
2026-08-14T17:45,729.0063,729.145,728.9,728.98,102306
2026-08-14T17:50,729.0,729.44,728.78,729.3497,161966
2026-08-14T17:55,729.3525,729.6,729.1802,729.545,157805
2026-08-14T18:00,729.53,729.8,729.37,729.73,184005
2026-08-14T18:05,729.72,729.785,729.515,729.74,209136
2026-08-14T18:10,729.71,729.77,729.45,729.48,199856
2026-08-14T18:15,729.48,729.7572,729.4701,729.615,134874
2026-08-14T18:20,729.6,729.8,729.4713,729.5251,106658
2026-08-14T18:25,729.52,729.6799,729.16,729.18,167475
2026-08-14T18:30,729.23,729.4,729.09,729.31,191969
2026-08-14T18:35,729.31,729.445,729.17,729.405,120131
2026-08-14T18:40,729.38,729.745,729.35,729.67,171608
2026-08-14T18:45,729.675,729.7096,729.451,729.68,102480
2026-08-14T18:50,729.69,730.08,729.68,729.91,317095
2026-08-14T18:55,729.9,729.91,729.66,729.69,99838
2026-08-14T19:00,729.7,729.755,729.4225,729.5501,196805
2026-08-14T19:05,729.56,729.82,729.41,729.79,265395
2026-08-14T19:10,729.79,729.79,729.52,729.55,415927
2026-08-14T19:15,729.55,729.76,729.4,729.7,387930
2026-08-14T19:20,729.695,729.71,729.51,729.65,115771
2026-08-14T19:25,729.65,730.04,729.64,729.86,247957
2026-08-14T19:30,729.86,730.0353,729.76,729.99,228419
2026-08-14T19:35,729.9899,730.165,729.87,730.075,370409
2026-08-14T19:40,730.09,730.33,730.05,730.17,570011
2026-08-14T19:45,730.15,730.43,730.0,730.4101,370360
2026-08-14T19:50,730.4,730.67,730.36,730.59,573618
2026-08-14T19:55,730.595,731.125,730.29,731.07,1673493
2026-08-17T13:30,732.96,734.03,732.27,732.4499,926128
2026-08-17T13:35,732.41,733.4175,731.64,731.9268,455834
2026-08-17T13:40,731.93,733.205,731.7,732.32,341286
2026-08-17T13:45,732.39,733.17,731.86,733.13,398599
2026-08-17T13:50,733.125,733.7962,732.74,733.625,517518
2026-08-17T13:55,733.65,733.7,732.855,733.3,329836
2026-08-17T14:00,733.3395,733.5,732.18,732.6699,315336
2026-08-17T14:05,732.685,732.82,731.59,732.445,418400
2026-08-17T14:10,732.45,733.15,732.37,733.105,290989
2026-08-17T14:15,733.105,733.12,731.92,732.1199,328362
2026-08-17T14:20,732.055,732.17,731.53,731.98,474469
2026-08-17T14:25,731.975,732.49,731.7201,732.44,258590
2026-08-17T14:30,732.45,732.67,732.2,732.59,249284
2026-08-17T14:35,732.59,732.645,732.22,732.3897,140308
2026-08-17T14:40,732.365,732.89,732.33,732.5825,232744
2026-08-17T14:45,732.6,733.06,732.515,732.91,343261
2026-08-17T14:50,732.91,733.25,732.605,732.7,321351
2026-08-17T14:55,732.745,733.62,732.73,733.56,289710
2026-08-17T15:00,733.585,734.35,733.33,734.17,369482
2026-08-17T15:05,734.15,734.58,733.86,733.91,626394
2026-08-17T15:10,733.92,734.3199,733.88,733.91,277916
2026-08-17T15:15,733.9095,734.3499,733.86,734.25,311241
2026-08-17T15:20,734.26,734.41,734.11,734.1901,350050
2026-08-17T15:25,734.21,734.37,733.86,734.18,209868
2026-08-17T15:30,734.2,734.28,733.545,733.57,299310
2026-08-17T15:35,733.61,733.78,733.07,733.07,250435
2026-08-17T15:40,733.0825,733.32,732.74,733.21,393640
2026-08-17T15:45,733.19,733.31,732.9,732.9501,249690
2026-08-17T15:50,732.95,733.71,732.9,733.53,180168
2026-08-17T15:55,733.56,733.659,733.43,733.4999,140851
2026-08-17T16:00,733.47,733.55,732.92,732.95,184229
2026-08-17T16:05,732.9599,733.03,732.56,732.725,329443
2026-08-17T16:10,732.73,732.9,732.5598,732.6362,225668
2026-08-17T16:15,732.64,732.98,732.5555,732.8438,331101
2026-08-17T16:20,732.885,732.96,732.37,732.51,227183
2026-08-17T16:25,732.52,732.7601,732.48,732.7,166554
2026-08-17T16:30,732.7,732.835,732.38,732.45,177586
2026-08-17T16:35,732.48,732.59,732.37,732.58,184125
2026-08-17T16:40,732.57,732.57,732.1001,732.135,184033
2026-08-17T16:45,732.13,732.2925,732.04,732.28,192241
2026-08-17T16:50,732.27,732.34,731.9513,732.285,210972
2026-08-17T16:55,732.2801,732.33,732.0,732.135,202604
2026-08-17T17:00,732.13,732.22,731.8601,731.91,195704
2026-08-17T17:05,731.91,731.91,731.47,731.5754,275379
2026-08-17T17:10,731.59,731.65,730.82,730.82,323253
2026-08-17T17:15,730.81,731.14,730.49,730.83,448815
2026-08-17T17:20,730.825,730.825,730.015,730.33,834690
2026-08-17T17:25,730.325,730.475,729.94,730.035,649153
2026-08-17T17:30,730.02,730.405,729.8907,729.955,284459
2026-08-17T17:35,729.96,730.47,729.89,729.91,254443
2026-08-17T17:40,729.91,730.7522,729.8,730.68,215681
2026-08-17T17:45,730.67,730.77,730.34,730.37,134801
2026-08-17T17:50,730.36,730.53,730.27,730.39,265260
2026-08-17T17:55,730.4062,730.43,730.06,730.17,154248
2026-08-17T18:00,730.16,730.44,729.865,729.94,210870
2026-08-17T18:05,729.92,730.03,729.645,729.81,433833
2026-08-17T18:10,729.78,730.2854,729.72,730.12,180715
2026-08-17T18:15,730.1101,730.21,729.95,730.06,114246
2026-08-17T18:20,730.05,730.29,729.865,730.265,216955
2026-08-17T18:25,730.26,730.44,729.992,730.19,149431
2026-08-17T18:30,730.19,730.31,729.9301,730.13,138969
2026-08-17T18:35,730.155,730.34,730.14,730.275,93382
2026-08-17T18:40,730.27,730.585,730.26,730.53,184092
2026-08-17T18:45,730.52,730.72,730.49,730.6422,147683
2026-08-17T18:50,730.675,731.0,730.62,730.66,205372
2026-08-17T18:55,730.66,730.72,730.535,730.655,104728
2026-08-17T19:00,730.66,730.72,730.3001,730.31,268448
2026-08-17T19:05,730.31,730.475,730.0901,730.18,191293
2026-08-17T19:10,730.17,730.19,729.75,729.76,243804
2026-08-17T19:15,729.74,730.28,729.7,729.915,227447
2026-08-17T19:20,729.915,730.06,729.71,730.03,443056
2026-08-17T19:25,730.04,730.45,729.94,729.97,255524
2026-08-17T19:30,729.94,730.2,729.84,730.02,246464
2026-08-17T19:35,730.035,730.24,729.98,730.23,167639
2026-08-17T19:40,730.2299,730.37,730.01,730.16,385248
2026-08-17T19:45,730.18,730.56,730.18,730.5401,218187
2026-08-17T19:50,730.56,730.615,729.82,729.9,468773
2026-08-17T19:55,729.92,730.16,729.27,729.87,2095024
2026-08-18T13:30,720.08,721.77,718.79,720.025,1681787
2026-08-18T13:35,720.06,721.46,719.8162,721.31,901718
2026-08-18T13:40,721.32,722.13,720.13,720.16,643953
2026-08-18T13:45,720.12,720.43,719.13,719.41,1199420
2026-08-18T13:50,719.3971,719.99,718.83,718.88,660226
2026-08-18T13:55,718.91,719.58,718.11,719.125,1028974
2026-08-18T14:00,719.14,720.56,718.57,719.775,716206
2026-08-18T14:05,719.81,719.92,718.47,718.4999,364272
2026-08-18T14:10,718.47,718.57,717.24,717.67,812687
2026-08-18T14:15,717.67,718.86,717.47,718.47,646642
2026-08-18T14:20,718.485,719.47,717.88,719.0099,582845
2026-08-18T14:25,719.03,720.02,718.91,719.7317,644243
2026-08-18T14:30,719.6,720.2,719.16,719.23,629470
2026-08-18T14:35,719.24,720.03,719.1999,719.55,340963
2026-08-18T14:40,719.5504,719.71,718.275,718.315,547023
2026-08-18T14:45,718.3,718.56,717.89,718.09,1108295
2026-08-18T14:50,718.14,718.44,717.0,717.01,942590
2026-08-18T14:55,717.01,717.21,716.46,716.72,617709
2026-08-18T15:00,716.73,717.27,716.22,717.09,908894
2026-08-18T15:05,717.09,717.31,716.24,716.3,472004
2026-08-18T15:10,716.33,716.695,715.92,716.69,546555
2026-08-18T15:15,716.6975,717.04,716.41,716.45,477084
2026-08-18T15:20,716.41,717.425,716.35,717.23,1042758
2026-08-18T15:25,717.24,717.975,717.12,717.7626,604903
2026-08-18T15:30,717.7,718.2,717.54,717.76,670060
2026-08-18T15:35,717.78,717.78,717.18,717.285,548396
2026-08-18T15:40,717.29,718.12,717.15,717.92,617659
2026-08-18T15:45,717.935,718.7,717.935,718.505,668473
2026-08-18T15:50,718.5,718.85,717.95,718.8,440039
2026-08-18T15:55,718.79,718.97,718.41,718.87,549215
2026-08-18T16:00,718.88,719.26,718.74,718.91,1459770
2026-08-18T16:05,718.902,719.2,718.5901,718.83,492020
2026-08-18T16:10,718.84,719.49,718.77,719.09,414797
2026-08-18T16:15,719.11,719.18,718.47,718.57,551045
2026-08-18T16:20,718.58,719.34,718.53,719.03,557794
2026-08-18T16:25,719.03,719.05,718.2,718.23,385251
2026-08-18T16:30,718.2,718.64,718.0501,718.54,521249
2026-08-18T16:35,718.55,718.92,718.29,718.785,381548
2026-08-18T16:40,718.7805,719.155,718.39,718.675,330181
2026-08-18T16:45,718.69,719.63,718.43,719.515,547824
2026-08-18T16:50,719.52,719.67,719.31,719.61,403129
2026-08-18T16:55,719.61,719.61,719.12,719.18,431333
2026-08-18T17:00,719.155,719.4399,718.77,719.0808,403899
2026-08-18T17:05,719.04,719.1196,718.625,718.83,427969
2026-08-18T17:10,718.8575,718.96,718.41,718.8,200184
2026-08-18T17:15,718.8,718.82,718.11,718.11,337885
2026-08-18T17:20,718.1,718.445,717.92,717.965,230673
2026-08-18T17:25,717.97,718.39,717.8,718.35,303161
2026-08-18T17:30,718.34,718.47,718.09,718.18,256463
2026-08-18T17:35,718.17,718.47,717.75,718.19,523115
2026-08-18T17:40,718.16,718.34,718.0,718.055,1017570
2026-08-18T17:45,718.045,718.31,717.82,717.84,265470
2026-08-18T17:50,717.85,717.95,717.75,717.795,289721
2026-08-18T17:55,717.82,717.82,717.125,717.125,541282
2026-08-18T18:00,717.12,717.375,717.03,717.21,329804
2026-08-18T18:05,717.2,717.409,716.765,716.85,548060
2026-08-18T18:10,716.85,717.44,716.69,717.34,385409
2026-08-18T18:15,717.3599,718.08,717.279,718.08,495466
2026-08-18T18:20,718.06,718.29,717.76,717.94,702950
2026-08-18T18:25,717.945,718.02,717.66,718.01,260231
2026-08-18T18:30,718.01,718.1463,717.66,717.93,141049
2026-08-18T18:35,717.94,718.26,717.94,718.0797,279192
2026-08-18T18:40,718.07,718.11,717.5833,717.655,341824
2026-08-18T18:45,717.63,717.875,717.57,717.57,194503
2026-08-18T18:50,717.59,717.62,717.21,717.25,357865
2026-08-18T18:55,717.25,717.475,717.12,717.24,247628
2026-08-18T19:00,717.24,717.52,717.08,717.245,374296
2026-08-18T19:05,717.245,717.5799,717.13,717.47,205372
2026-08-18T19:10,717.48,717.59,717.17,717.27,198653
2026-08-18T19:15,717.27,717.42,717.11,717.32,218488
2026-08-18T19:20,717.34,717.82,717.14,717.82,215081
2026-08-18T19:25,717.83,718.08,717.7,717.92,432749
2026-08-18T19:30,717.92,718.07,717.68,717.7501,485555
2026-08-18T19:35,717.725,717.95,717.575,717.8105,346236
2026-08-18T19:40,717.81,718.055,717.55,717.95,468723
2026-08-18T19:45,717.94,718.1,717.66,717.91,445845
2026-08-18T19:50,717.92,718.17,716.92,717.17,1429032
2026-08-18T19:55,717.19,717.96,717.17,717.51,3305088
2026-08-19T13:30,720.41,721.4999,719.28,719.83,853873
2026-08-19T13:35,719.77,720.14,717.7,717.77,1172516
2026-08-19T13:40,717.79,718.7,717.12,718.26,845842
2026-08-19T13:45,718.29,718.85,714.6,714.85,1018817
2026-08-19T13:50,714.83,715.4,713.37,714.86,1603135
2026-08-19T13:55,714.86,716.18,714.62,715.5,826383
2026-08-19T14:00,715.51,715.93,714.53,714.89,598881
2026-08-19T14:05,714.89,715.65,714.0,714.38,814138
2026-08-19T14:10,714.39,714.65,712.675,712.74,1043618
2026-08-19T14:15,712.77,714.81,712.61,713.66,640633
2026-08-19T14:20,713.6316,714.53,712.855,713.5466,530828
2026-08-19T14:25,713.485,715.19,713.075,715.17,689850
2026-08-19T14:30,715.14,715.99,714.82,715.42,597187
2026-08-19T14:35,715.4592,717.19,715.19,717.18,489538
2026-08-19T14:40,717.19,717.405,716.43,717.1201,473480
2026-08-19T14:45,717.14,717.19,716.266,716.33,302038
2026-08-19T14:50,716.35,717.91,716.24,717.9,398343
2026-08-19T14:55,717.91,718.6,717.58,718.59,462404
2026-08-19T15:00,718.57,718.73,717.86,717.89,263582
2026-08-19T15:05,717.91,718.22,717.58,717.6899,299385
2026-08-19T15:10,717.69,718.5719,717.655,718.41,200990
2026-08-19T15:15,718.4162,718.7,717.9099,718.57,144288
2026-08-19T15:20,718.52,718.737,718.1,718.105,155122
2026-08-19T15:25,718.135,718.48,717.77,718.32,147769
2026-08-19T15:30,718.32,718.38,717.72,717.8,133695
2026-08-19T15:35,717.815,717.945,717.312,717.354,218899
2026-08-19T15:40,717.35,717.94,716.8,717.93,452946
2026-08-19T15:45,717.93,718.39,717.695,717.695,290169
2026-08-19T15:50,717.7,717.9,717.29,717.35,146737
2026-08-19T15:55,717.39,718.185,717.33,718.17,222045
2026-08-19T16:00,718.18,718.945,717.71,718.9103,555567
2026-08-19T16:05,718.94,719.3299,718.72,719.23,212913
2026-08-19T16:10,719.27,719.315,718.9301,718.9301,196583
2026-08-19T16:15,718.93,719.7,718.705,719.4999,273788
2026-08-19T16:20,719.485,719.6,718.86,718.95,186279
2026-08-19T16:25,718.95,718.96,718.11,718.3,148165
2026-08-19T16:30,718.26,718.41,717.94,718.31,180594
2026-08-19T16:35,718.31,718.52,717.9,718.22,145854
2026-08-19T16:40,718.24,718.505,718.09,718.28,149691
2026-08-19T16:45,718.27,718.28,717.725,717.77,194642
2026-08-19T16:50,717.73,717.73,717.155,717.3022,188589
2026-08-19T16:55,717.295,717.3,716.86,717.055,185346
2026-08-19T17:00,717.065,717.25,716.76,716.97,228690
2026-08-19T17:05,717.01,717.345,716.58,716.58,180193
2026-08-19T17:10,716.63,717.07,716.6201,716.75,218489
2026-08-19T17:15,716.77,716.93,716.21,716.2199,193645
2026-08-19T17:20,716.22,716.24,715.83,716.05,485332
2026-08-19T17:25,716.01,716.61,715.89,716.54,252601
2026-08-19T17:30,716.54,716.605,716.05,716.05,194017
2026-08-19T17:35,716.025,716.47,715.94,716.11,367203
2026-08-19T17:40,716.1131,716.63,716.1,716.47,165410
2026-08-19T17:45,716.46,716.78,716.41,716.58,247909
2026-08-19T17:50,716.575,717.0491,716.51,716.82,356140
2026-08-19T17:55,716.815,716.87,716.515,716.63,230928
2026-08-19T18:00,716.66,717.79,716.47,717.09,287034
2026-08-19T18:05,717.08,717.2895,715.5726,715.605,349900
2026-08-19T18:10,715.605,716.54,715.575,716.05,242464
2026-08-19T18:15,716.04,716.12,715.38,715.825,249455
2026-08-19T18:20,715.82,716.14,715.74,715.88,348174
2026-08-19T18:25,715.84,716.54,715.7956,716.5,186609
2026-08-19T18:30,716.5001,717.47,716.5001,717.1801,444103
2026-08-19T18:35,717.19,717.2,716.48,716.6401,174659
2026-08-19T18:40,716.57,717.09,716.57,717.0,259191
2026-08-19T18:45,717.01,717.02,716.57,716.89,137962
2026-08-19T18:50,716.8349,716.94,716.45,716.7345,110563
2026-08-19T18:55,716.721,716.73,716.25,716.4,135952
2026-08-19T19:00,716.4175,716.83,716.295,716.54,223356
2026-08-19T19:05,716.56,716.965,716.3695,716.92,111917
2026-08-19T19:10,716.92,716.99,716.66,716.72,386179
2026-08-19T19:15,716.725,717.185,716.65,717.18,218787
2026-08-19T19:20,717.165,717.36,716.82,717.1399,233424
2026-08-19T19:25,717.13,717.51,716.88,716.9305,213545
2026-08-19T19:30,716.96,717.76,716.85,717.54,244762
2026-08-19T19:35,717.56,717.56,716.46,716.505,872497
2026-08-19T19:40,716.5,716.73,716.24,716.32,508919
2026-08-19T19:45,716.325,716.36,715.62,715.82,582314
2026-08-19T19:50,715.79,716.05,715.24,715.82,897269
2026-08-19T19:55,715.83,716.14,715.26,716.08,2141632
2026-08-20T13:30,712.28,714.06,711.7632,713.285,886912
2026-08-20T13:35,713.37,714.94,712.57,714.13,621699
2026-08-20T13:40,714.1486,714.6,713.01,714.29,494920
2026-08-20T13:45,714.275,714.7,712.07,712.9,579324
2026-08-20T13:50,712.87,713.05,711.07,712.51,631643
2026-08-20T13:55,712.54,713.45,711.45,712.1101,468333
2026-08-20T14:00,712.1595,713.1,711.32,711.53,486697
2026-08-20T14:05,711.59,713.08,711.2666,713.08,415978
2026-08-20T14:10,713.04,713.52,712.38,712.5,576644
2026-08-20T14:15,712.52,712.82,711.18,711.2201,613180
2026-08-20T14:20,711.22,713.58,711.05,713.2,610261
2026-08-20T14:25,713.19,713.3,711.74,712.09,397814
2026-08-20T14:30,712.06,712.96,711.75,711.75,333807
2026-08-20T14:35,711.77,713.74,711.59,713.5999,351872
2026-08-20T14:40,713.56,714.0,713.12,713.78,271849
2026-08-20T14:45,713.82,714.08,712.63,712.715,316906
2026-08-20T14:50,712.72,713.2499,712.13,712.32,185579
2026-08-20T14:55,712.3,713.1174,712.05,713.1095,219970
2026-08-20T15:00,713.09,714.625,713.01,714.025,515295
2026-08-20T15:05,714.02,714.02,711.94,712.305,442567
2026-08-20T15:10,712.21,712.8095,711.47,712.44,746186
2026-08-20T15:15,712.45,712.51,711.91,712.18,254773
2026-08-20T15:20,712.13,712.33,711.1,711.39,558064
2026-08-20T15:25,711.39,711.98,710.89,711.9536,550483
2026-08-20T15:30,711.93,712.08,710.68,710.89,713481
2026-08-20T15:35,710.91,711.2395,710.325,710.35,330199
2026-08-20T15:40,710.345,710.94,710.31,710.335,655135
2026-08-20T15:45,710.34,711.07,710.1337,710.79,339376
2026-08-20T15:50,710.76,711.6,710.67,711.4363,173069
2026-08-20T15:55,711.44,711.625,711.22,711.565,172679
2026-08-20T16:00,711.59,711.925,711.18,711.25,201156
2026-08-20T16:05,711.26,711.681,710.9237,711.681,165151
2026-08-20T16:10,711.67,711.875,711.04,711.09,225818
2026-08-20T16:15,711.05,711.425,711.0,711.4,198792
2026-08-20T16:20,711.44,712.19,711.14,712.005,193200
2026-08-20T16:25,712.0,712.2,711.69,711.915,517897
2026-08-20T16:30,711.85,712.06,711.13,712.04,185974
2026-08-20T16:35,712.05,712.35,711.8909,712.29,151820
2026-08-20T16:40,712.305,712.73,712.1938,712.72,223978
2026-08-20T16:45,712.73,713.0,712.435,712.53,250054
2026-08-20T16:50,712.51,712.795,712.2201,712.54,187278
2026-08-20T16:55,712.545,712.92,712.36,712.7847,249342
2026-08-20T17:00,712.8,712.81,712.13,712.2709,121797
2026-08-20T17:05,712.285,712.29,711.705,711.89,207668
2026-08-20T17:10,711.88,712.14,711.7,711.75,109116
2026-08-20T17:15,711.77,711.7799,710.975,710.975,177371
2026-08-20T17:20,710.9949,711.46,710.875,711.15,166109
2026-08-20T17:25,711.14,711.2887,710.735,710.79,221706
2026-08-20T17:30,710.755,710.98,710.56,710.61,327631
2026-08-20T17:35,710.59,710.88,710.48,710.65,236166
2026-08-20T17:40,710.625,710.71,710.46,710.68,103534
2026-08-20T17:45,710.63,711.17,710.57,711.06,179018
2026-08-20T17:50,711.0,711.4869,710.91,710.945,232320
2026-08-20T17:55,710.95,711.14,710.69,710.73,195752
2026-08-20T18:00,710.715,710.715,709.77,709.93,582436
2026-08-20T18:05,709.95,710.03,709.15,709.29,290028
2026-08-20T18:10,709.235,709.405,708.8169,709.195,301599
2026-08-20T18:15,709.1801,709.31,708.52,709.285,254437
2026-08-20T18:20,709.285,709.62,709.14,709.17,151494
2026-08-20T18:25,709.17,709.38,708.95,709.22,196072
2026-08-20T18:30,709.2,709.315,708.72,708.7938,192368
2026-08-20T18:35,708.83,709.2,708.73,708.97,405053
2026-08-20T18:40,709.0,709.28,708.72,709.2401,237001
2026-08-20T18:45,709.25,709.715,709.1,709.6799,194227
2026-08-20T18:50,709.6513,709.75,709.42,709.615,147719
2026-08-20T18:55,709.63,709.84,709.47,709.48,144902
2026-08-20T19:00,709.45,710.22,709.44,710.165,294020
2026-08-20T19:05,710.15,710.66,709.9888,710.58,424784
2026-08-20T19:10,710.63,710.6631,710.19,710.36,301344
2026-08-20T19:15,710.37,710.68,710.08,710.12,218887
2026-08-20T19:20,710.13,710.93,710.08,710.75,268700
2026-08-20T19:25,710.75,710.99,710.725,710.93,315151
2026-08-20T19:30,710.931,711.0591,710.63,710.91,422116
2026-08-20T19:35,710.9199,711.65,710.79,711.495,668756
2026-08-20T19:40,711.5,711.6095,710.88,711.07,450631
2026-08-20T19:45,711.08,711.33,710.665,711.3,465320
2026-08-20T19:50,711.3,711.54,710.79,710.92,824728
2026-08-20T19:55,711.0,711.175,710.4738,710.93,2661690
2026-08-21T13:30,715.23,715.37,712.54,712.65,894200
2026-08-21T13:35,712.66,712.8812,711.56,712.315,734477
2026-08-21T13:40,712.29,712.57,711.4,711.6,673618
2026-08-21T13:45,711.67,712.53,711.29,712.07,493088
2026-08-21T13:50,712.12,712.215,710.1,710.91,610906
2026-08-21T13:55,710.97,711.61,710.4647,711.27,455987
2026-08-21T14:00,711.2195,711.6192,710.245,710.9187,384971
2026-08-21T14:05,710.89,711.97,710.89,711.42,310179
2026-08-21T14:10,711.42,711.81,709.89,710.05,559974
2026-08-21T14:15,709.97,710.71,709.41,709.44,416800
2026-08-21T14:20,709.45,710.83,709.205,710.025,716515
2026-08-21T14:25,710.06,711.37,709.94,710.59,471767
2026-08-21T14:30,710.6,711.25,710.5,710.53,237162
2026-08-21T14:35,710.55,711.04,710.27,710.65,220637
2026-08-21T14:40,710.6,711.35,710.1635,711.025,222253
2026-08-21T14:45,710.995,711.615,710.875,711.385,269762
2026-08-21T14:50,711.39,711.69,710.861,711.07,299212
2026-08-21T14:55,711.025,711.91,710.86,711.9,333027
2026-08-21T15:00,711.9,712.675,711.785,712.551,1049789
2026-08-21T15:05,712.59,712.78,712.15,712.34,385342
2026-08-21T15:10,712.36,712.615,712.2125,712.41,183013
2026-08-21T15:15,712.41,712.745,711.9808,712.145,216681
2026-08-21T15:20,712.1424,712.5799,711.915,712.032,275170
2026-08-21T15:25,712.02,712.85,711.97,712.74,254800
2026-08-21T15:30,712.78,713.665,712.68,713.64,1188717
2026-08-21T15:35,713.62,714.6,713.55,714.575,451223
2026-08-21T15:40,714.56,715.27,714.46,714.795,626401
2026-08-21T15:45,714.8,714.9495,714.1525,714.31,338527
2026-08-21T15:50,714.33,715.6738,714.33,715.32,397489
2026-08-21T15:55,715.32,715.32,714.44,714.61,386642
2026-08-21T16:00,714.545,714.685,713.96,714.035,171812
2026-08-21T16:05,714.03,714.22,713.36,713.41,205187
2026-08-21T16:10,713.4125,713.77,713.3001,713.45,786984
2026-08-21T16:15,713.43,714.02,713.32,713.53,516627
2026-08-21T16:20,713.53,714.8,713.26,713.64,659268
2026-08-21T16:25,713.65,713.8651,713.461,713.77,104919
2026-08-21T16:30,713.7795,713.845,713.41,713.41,730388
2026-08-21T16:35,713.39,713.96,713.39,713.93,172614
2026-08-21T16:40,713.9297,714.11,713.85,713.9695,75636
2026-08-21T16:45,713.95,713.95,713.5306,713.5306,189322
2026-08-21T16:50,713.555,713.555,713.05,713.33,300711
2026-08-21T16:55,713.29,713.87,713.12,713.83,193816
2026-08-21T17:00,713.81,714.1,713.76,713.81,427363
2026-08-21T17:05,713.7751,714.07,713.6355,713.83,160880
2026-08-21T17:10,713.795,713.8,713.53,713.73,93965
2026-08-21T17:15,713.74,713.77,713.5,713.5699,190249
2026-08-21T17:20,713.57,713.61,712.97,713.26,174665
2026-08-21T17:25,713.2763,713.67,713.05,713.415,155344
2026-08-21T17:30,713.425,713.5442,713.19,713.19,120708
2026-08-21T17:35,713.16,713.63,713.12,713.395,159326
2026-08-21T17:40,713.4,713.59,713.2,713.59,103749
2026-08-21T17:45,713.645,713.775,713.435,713.5,93796
2026-08-21T17:50,713.5,713.59,713.25,713.38,174124
2026-08-21T17:55,713.37,713.38,713.09,713.12,123063
2026-08-21T18:00,713.1299,713.63,713.02,713.54,500370
2026-08-21T18:05,713.54,713.54,712.9299,712.97,147174
2026-08-21T18:10,712.965,713.23,712.885,712.885,191969
2026-08-21T18:15,712.9127,713.11,712.79,713.05,354010
2026-08-21T18:20,713.04,713.31,713.025,713.16,136253
2026-08-21T18:25,713.165,713.2,712.655,712.655,187953
2026-08-21T18:30,712.655,712.72,712.43,712.505,219806
2026-08-21T18:35,712.56,712.76,712.52,712.6,127729
2026-08-21T18:40,712.62,712.87,712.61,712.7499,118458
2026-08-21T18:45,712.74,713.145,712.67,713.1399,430428
2026-08-21T18:50,713.14,713.45,713.1399,713.355,253920
2026-08-21T18:55,713.35,713.5899,713.202,713.565,332106
2026-08-21T19:00,713.5495,713.89,713.3401,713.355,603729
2026-08-21T19:05,713.36,713.7099,713.31,713.495,249566
2026-08-21T19:10,713.46,713.4825,713.2,713.27,441569
2026-08-21T19:15,713.25,713.495,713.09,713.26,304270
2026-08-21T19:20,713.26,713.57,713.185,713.56,118836
2026-08-21T19:25,713.5591,713.675,713.42,713.42,163509
2026-08-21T19:30,713.41,713.79,713.41,713.6501,203260
2026-08-21T19:35,713.65,713.82,713.55,713.81,223911
2026-08-21T19:40,713.797,713.81,713.48,713.8,330941
2026-08-21T19:45,713.8,714.31,713.75,714.19,581675
2026-08-21T19:50,714.19,714.2,713.33,713.42,753802
2026-08-21T19:55,713.4,713.83,712.91,713.44,2475743
2026-08-24T13:30,709.49,709.79,706.0,706.65,1226945
2026-08-24T13:35,706.66,707.43,705.575,705.885,744360
2026-08-24T13:40,705.84,706.12,703.38,703.44,844404
2026-08-24T13:45,703.43,704.69,702.8703,703.72,847665
2026-08-24T13:50,703.715,704.24,702.7,704.145,700592
2026-08-24T13:55,704.21,704.815,703.9,704.48,495181
2026-08-24T14:00,704.44,704.8106,703.04,703.33,587291
2026-08-24T14:05,703.33,703.88,703.0,703.4,446716
2026-08-24T14:10,703.385,703.81,702.83,703.77,569422
2026-08-24T14:15,703.78,704.11,703.16,703.3583,412999
2026-08-24T14:20,703.36,704.71,703.32,703.93,550017
2026-08-24T14:25,703.94,704.35,703.45,704.23,254880
2026-08-24T14:30,704.16,705.85,703.95,705.76,753509
2026-08-24T14:35,705.7537,706.2075,705.48,705.87,675778
2026-08-24T14:40,705.87,706.545,705.6349,706.03,278610
2026-08-24T14:45,705.98,706.51,705.78,706.47,420486
2026-08-24T14:50,706.475,706.5315,705.8809,706.2301,266574
2026-08-24T14:55,706.24,706.47,705.77,705.93,218787
2026-08-24T15:00,705.93,706.2,705.25,705.305,286097
2026-08-24T15:05,705.3195,705.55,704.915,705.34,504237
2026-08-24T15:10,705.33,705.79,705.0,705.06,302148
2026-08-24T15:15,705.06,705.42,705.025,705.2721,306140
2026-08-24T15:20,705.284,705.92,704.822,705.8422,344320
2026-08-24T15:25,705.85,707.19,705.8,706.83,813382
2026-08-24T15:30,706.8,707.21,706.51,707.15,435193
2026-08-24T15:35,707.14,707.83,706.97,707.7,482298
2026-08-24T15:40,707.71,708.28,707.67,708.14,376425
2026-08-24T15:45,708.15,708.8439,708.15,708.36,452250
2026-08-24T15:50,708.39,708.66,708.2,708.34,337519
2026-08-24T15:55,708.33,708.33,707.56,707.99,468754
2026-08-24T16:00,707.9801,708.49,707.71,708.11,456203
2026-08-24T16:05,708.1201,708.2476,707.76,707.76,122231
2026-08-24T16:10,707.78,708.29,707.7101,708.2887,157146
2026-08-24T16:15,708.285,708.985,708.25,708.7269,340611
2026-08-24T16:20,708.68,709.3359,708.63,708.8686,349500
2026-08-24T16:25,708.86,708.945,708.67,708.8404,164428
2026-08-24T16:30,708.8495,709.025,708.3001,708.44,264329
2026-08-24T16:35,708.455,708.8,708.37,708.42,155023
2026-08-24T16:40,708.41,708.48,708.13,708.3899,438852
2026-08-24T16:45,708.39,708.485,708.11,708.485,202376
2026-08-24T16:50,708.48,708.56,708.06,708.285,295457
2026-08-24T16:55,708.285,708.33,708.025,708.025,263206
2026-08-24T17:00,708.03,708.055,707.64,707.7303,454215
2026-08-24T17:05,707.73,708.66,707.71,708.52,332676
2026-08-24T17:10,708.52,708.98,708.34,708.595,240346
2026-08-24T17:15,708.5989,708.6,707.93,707.9331,331372
2026-08-24T17:20,707.96,707.99,707.24,707.405,289059
2026-08-24T17:25,707.43,707.69,707.0912,707.235,221300
2026-08-24T17:30,707.25,707.33,707.03,707.05,229234
2026-08-24T17:35,707.04,707.17,706.812,707.09,321690
2026-08-24T17:40,707.11,707.21,706.7705,706.7709,240178
2026-08-24T17:45,706.7895,707.22,706.7617,707.085,242946
2026-08-24T17:50,707.06,707.355,706.78,706.855,281418
2026-08-24T17:55,706.86,706.955,706.74,706.9,176741
2026-08-24T18:00,706.91,707.7,706.886,707.515,314162
2026-08-24T18:05,707.515,708.3375,707.455,708.245,265634
2026-08-24T18:10,708.225,708.455,707.965,708.4146,279830
2026-08-24T18:15,708.435,708.71,708.09,708.185,285842
2026-08-24T18:20,708.15,709.24,708.145,709.15,392213
2026-08-24T18:25,709.135,709.28,709.0504,709.16,434825
2026-08-24T18:30,709.17,709.53,709.06,709.205,265013
2026-08-24T18:35,709.23,709.315,708.26,708.41,518655
2026-08-24T18:40,708.41,708.61,708.3216,708.4799,179210
2026-08-24T18:45,708.46,708.58,708.11,708.26,184060
2026-08-24T18:50,708.22,708.41,707.89,707.96,402133
2026-08-24T18:55,707.955,708.07,707.61,707.63,262746
2026-08-24T19:00,707.625,707.81,707.51,707.6574,264816
2026-08-24T19:05,707.64,707.81,707.41,707.4416,162222
2026-08-24T19:10,707.42,707.7897,707.35,707.655,229860
2026-08-24T19:15,707.655,707.75,707.33,707.72,189119
2026-08-24T19:20,707.69,707.91,707.51,707.645,282126
2026-08-24T19:25,707.64,707.83,707.61,707.715,393564
2026-08-24T19:30,707.74,708.05,707.31,707.31,427805
2026-08-24T19:35,707.33,707.34,706.965,707.05,784737
2026-08-24T19:40,707.065,707.18,706.9,707.02,512606
2026-08-24T19:45,707.05,707.11,706.795,707.065,728311
2026-08-24T19:50,707.08,707.31,706.32,706.895,1340127
2026-08-24T19:55,706.9,706.9,706.21,706.32,2919387
2026-08-25T13:30,711.24,713.13,710.8,713.125,964410
2026-08-25T13:35,713.08,713.11,711.34,711.665,491225
2026-08-25T13:40,711.71,713.09,711.69,712.525,430508
2026-08-25T13:45,712.5,714.04,712.35,713.525,632445
2026-08-25T13:50,713.53,713.625,712.34,712.36,583466
2026-08-25T13:55,712.36,712.42,711.1,711.61,551330
2026-08-25T14:00,711.67,711.68,710.07,710.3806,550695
2026-08-25T14:05,710.43,710.86,710.0,710.36,409358
2026-08-25T14:10,710.35,710.98,709.915,710.01,307161
2026-08-25T14:15,710.02,710.6,709.76,709.96,402454
2026-08-25T14:20,709.95,710.25,709.1401,709.62,442502
2026-08-25T14:25,709.6434,710.15,709.275,709.3,597374
2026-08-25T14:30,709.24,710.1,707.45,709.0701,919051
2026-08-25T14:35,709.07,710.55,709.06,710.3101,255957
2026-08-25T14:40,710.32,710.39,708.77,709.36,434036
2026-08-25T14:45,709.26,709.64,709.08,709.43,225894
2026-08-25T14:50,709.35,710.385,709.1147,710.01,221672
2026-08-25T14:55,710.02,710.115,709.4,709.69,434701
2026-08-25T15:00,709.69,709.79,708.8825,708.99,314275
2026-08-25T15:05,709.045,709.53,708.88,709.25,222754
2026-08-25T15:10,709.29,709.63,709.11,709.5,159566
2026-08-25T15:15,709.5095,709.98,709.4,709.78,182569
2026-08-25T15:20,709.8,710.37,709.54,709.8,251036
2026-08-25T15:25,709.8,710.86,709.66,710.79,173157
2026-08-25T15:30,710.76,711.52,710.48,710.565,332429
2026-08-25T15:35,710.55,711.47,710.5,710.66,348328
2026-08-25T15:40,710.65,710.73,710.27,710.53,342023
2026-08-25T15:45,710.49,710.4999,709.47,709.63,238893
2026-08-25T15:50,709.605,710.45,709.48,710.3,132212
2026-08-25T15:55,710.3,710.675,710.23,710.435,163247
2026-08-25T16:00,710.48,711.06,710.41,710.693,185128
2026-08-25T16:05,710.7,711.0,710.53,710.555,122718
2026-08-25T16:10,710.56,710.85,710.4601,710.8001,319332
2026-08-25T16:15,710.81,711.08,710.721,710.9885,106518
2026-08-25T16:20,710.9699,711.17,710.781,711.01,179956
2026-08-25T16:25,710.98,711.26,710.96,711.16,152261
2026-08-25T16:30,711.1795,711.29,710.975,710.99,136172
2026-08-25T16:35,711.0399,711.18,710.64,711.1,150224
2026-08-25T16:40,711.11,711.11,710.34,710.49,133820
2026-08-25T16:45,710.5,710.91,710.41,710.605,137844
2026-08-25T16:50,710.62,710.6433,710.24,710.325,97750
2026-08-25T16:55,710.335,710.85,710.19,710.705,202969
2026-08-25T17:00,710.7116,710.8,709.94,709.9663,189080
2026-08-25T17:05,709.95,710.05,709.5,709.735,162203
2026-08-25T17:10,709.74,709.99,709.4801,709.9208,161491
2026-08-25T17:15,709.91,710.2999,709.79,710.25,132177
2026-08-25T17:20,710.23,710.27,709.81,709.84,226147
2026-08-25T17:25,709.7801,709.7801,709.27,709.48,143453
2026-08-25T17:30,709.5,709.65,709.31,709.58,144229
2026-08-25T17:35,709.54,709.71,709.44,709.6,154173
2026-08-25T17:40,709.62,709.62,709.35,709.4399,126495
2026-08-25T17:45,709.4395,709.65,709.33,709.53,95921
2026-08-25T17:50,709.53,709.649,709.305,709.57,113791
2026-08-25T17:55,709.57,709.645,709.36,709.544,73115
2026-08-25T18:00,709.53,709.53,708.995,709.01,153267
2026-08-25T18:05,709.02,709.325,708.96,709.16,155523
2026-08-25T18:10,709.15,709.4,709.0,709.01,83993
2026-08-25T18:15,709.03,709.2299,708.97,709.215,106856
2026-08-25T18:20,709.22,709.55,709.195,709.41,143030
2026-08-25T18:25,709.38,709.42,709.09,709.335,100859
2026-08-25T18:30,709.37,709.95,709.35,709.91,159082
2026-08-25T18:35,709.915,710.13,709.8,710.03,229113
2026-08-25T18:40,710.02,710.33,709.91,710.285,149712
2026-08-25T18:45,710.285,710.67,710.285,710.57,263612
2026-08-25T18:50,710.57,710.58,710.3,710.34,180029
2026-08-25T18:55,710.35,710.46,710.19,710.26,144053
2026-08-25T19:00,710.255,710.48,710.0,710.02,164185
2026-08-25T19:05,710.01,710.15,709.93,710.05,167528
2026-08-25T19:10,710.07,710.09,709.65,709.74,193624
2026-08-25T19:15,709.72,709.8,709.4499,709.51,229798
2026-08-25T19:20,709.5,709.525,709.21,709.47,142780
2026-08-25T19:25,709.48,709.5599,709.32,709.53,118625
2026-08-25T19:30,709.53,709.54,709.18,709.52,164634
2026-08-25T19:35,709.51,709.85,709.48,709.705,172190
2026-08-25T19:40,709.7,710.29,709.7,709.825,225096
2026-08-25T19:45,709.82,710.0,709.59,709.93,290212
2026-08-25T19:50,709.9,710.972,709.72,710.9,467679
2026-08-25T19:55,710.9,711.08,710.485,710.72,1784718
2026-08-26T13:30,708.63,710.955,708.48,710.36,772008
2026-08-26T13:35,710.35,710.78,709.19,710.049,403795
2026-08-26T13:40,709.8686,711.69,709.59,711.16,395314
2026-08-26T13:45,711.16,711.73,710.63,710.67,275379
2026-08-26T13:50,710.667,711.62,710.28,711.6199,261718
2026-08-26T13:55,711.62,712.2,711.31,712.17,258787
2026-08-26T14:00,712.18,712.18,711.38,711.5558,265697
2026-08-26T14:05,711.57,711.67,710.8002,710.92,240730
2026-08-26T14:10,711.0,711.01,709.8801,710.145,304386
2026-08-26T14:15,710.13,710.54,709.79,709.98,267210
2026-08-26T14:20,709.9599,710.08,709.0599,709.09,244851
2026-08-26T14:25,709.08,709.22,707.97,708.525,386170
2026-08-26T14:30,708.49,709.136,708.47,708.9728,261150
2026-08-26T14:35,708.94,709.79,708.65,709.37,198727
2026-08-26T14:40,709.3701,709.9301,709.35,709.54,179243
2026-08-26T14:45,709.5625,710.05,709.2,709.95,175423
2026-08-26T14:50,709.9501,710.68,709.95,710.0599,212124
2026-08-26T14:55,710.05,710.45,709.89,710.3,171509
2026-08-26T15:00,710.32,710.79,710.2,710.51,170800
2026-08-26T15:05,710.53,711.04,710.5,710.71,188028
2026-08-26T15:10,710.7189,710.85,710.25,710.44,212915
2026-08-26T15:15,710.43,710.43,709.58,710.1,155021
2026-08-26T15:20,710.055,710.4899,709.87,710.02,124391
2026-08-26T15:25,710.01,710.66,709.9265,710.4,123539
2026-08-26T15:30,710.38,710.472,709.5501,709.7616,162622
2026-08-26T15:35,709.76,710.4,709.75,710.2683,107600
2026-08-26T15:40,710.26,711.1799,710.2,711.03,159025
2026-08-26T15:45,710.99,711.15,710.8231,711.15,148455
2026-08-26T15:50,711.15,711.2196,709.782,709.865,275147
2026-08-26T15:55,709.83,710.09,709.405,709.44,121208
2026-08-26T16:00,709.43,709.46,708.7767,709.38,200178
2026-08-26T16:05,709.268,709.62,709.0701,709.19,153090
2026-08-26T16:10,709.23,709.3894,709.02,709.07,203024
2026-08-26T16:15,709.07,709.19,708.88,709.14,127400
2026-08-26T16:20,709.13,709.39,709.05,709.28,95251
2026-08-26T16:25,709.28,709.33,709.02,709.2,79123
2026-08-26T16:30,709.205,709.4999,709.16,709.36,100450
2026-08-26T16:35,709.4,709.455,708.59,708.62,142505
2026-08-26T16:40,708.6,708.86,708.29,708.3901,133321
2026-08-26T16:45,708.39,708.97,708.355,708.59,129010
2026-08-26T16:50,708.6,708.82,708.41,708.65,63323
2026-08-26T16:55,708.67,709.54,708.63,709.3999,173499
2026-08-26T17:00,709.39,709.755,709.27,709.69,160196
2026-08-26T17:05,709.62,709.9,709.43,709.825,190997
2026-08-26T17:10,709.7901,710.0,709.73,709.88,116304
2026-08-26T17:15,709.95,710.47,709.95,710.27,168432
2026-08-26T17:20,710.27,710.645,710.27,710.6211,108283
2026-08-26T17:25,710.62,710.68,710.33,710.61,135845
2026-08-26T17:30,710.6,710.94,710.5101,710.85,168997
2026-08-26T17:35,710.86,711.09,710.79,710.915,153043
2026-08-26T17:40,710.91,711.16,710.725,710.9305,144213
2026-08-26T17:45,710.93,711.02,710.605,710.66,183994
2026-08-26T17:50,710.6799,711.1,710.66,711.07,147090
2026-08-26T17:55,711.07,711.23,710.98,711.01,82326
2026-08-26T18:00,711.02,711.02,710.725,710.86,224339
2026-08-26T18:05,710.86,711.2926,710.85,711.1782,117154
2026-08-26T18:10,711.17,711.19,710.5838,710.68,140411
2026-08-26T18:15,710.68,711.04,710.56,710.96,194631
2026-08-26T18:20,710.9699,711.2,710.8206,710.8301,97015
2026-08-26T18:25,710.82,711.0199,710.71,710.9,113157
2026-08-26T18:30,710.9,711.45,710.81,711.32,169391
2026-08-26T18:35,711.35,711.39,711.17,711.2,86678
2026-08-26T18:40,711.21,711.33,711.11,711.26,244991
2026-08-26T18:45,711.27,712.05,711.27,711.86,167106
2026-08-26T18:50,711.8508,711.99,711.6301,711.82,131460
2026-08-26T18:55,711.82,712.08,711.75,711.89,118572
2026-08-26T19:00,711.875,713.02,711.81,712.9626,425552
2026-08-26T19:05,712.98,713.01,712.51,712.51,222478
2026-08-26T19:10,712.51,712.62,712.12,712.345,121174
2026-08-26T19:15,712.35,712.75,712.33,712.69,159362
2026-08-26T19:20,712.68,712.69,712.17,712.52,208239
2026-08-26T19:25,712.49,712.71,712.24,712.31,290056
2026-08-26T19:30,712.31,712.45,712.09,712.39,298784
2026-08-26T19:35,712.41,712.44,711.92,711.94,176622
2026-08-26T19:40,711.922,712.06,711.56,711.612,149764
2026-08-26T19:45,711.58,712.2561,711.515,712.225,237305
2026-08-26T19:50,712.24,712.36,710.92,711.115,422601
2026-08-26T19:55,711.11,711.61,710.885,711.37,1133515
2026-08-27T13:30,717.0,718.47,715.26,715.53,1137767
2026-08-27T13:35,715.51,716.055,715.0,716.04,593307
2026-08-27T13:40,716.07,718.36,716.04,718.1401,621784
2026-08-27T13:45,718.15,718.83,715.21,715.76,867073
2026-08-27T13:50,716.01,717.96,715.93,717.31,344110
2026-08-27T13:55,717.33,717.415,714.525,715.93,810196
2026-08-27T14:00,715.96,717.49,715.84,717.22,402227
2026-08-27T14:05,717.19,717.6999,716.43,717.06,447980
2026-08-27T14:10,717.1,718.47,717.0252,717.75,348727
2026-08-27T14:15,717.77,718.59,717.76,718.25,309142
2026-08-27T14:20,718.25,718.79,718.1,718.5989,276086
2026-08-27T14:25,718.5899,719.2692,718.2001,718.935,306718
2026-08-27T14:30,718.93,718.99,717.9,718.12,247784
2026-08-27T14:35,718.2,718.87,717.4,717.4299,276078
2026-08-27T14:40,717.435,717.94,717.3,717.76,380588
2026-08-27T14:45,717.75,718.76,717.14,718.625,281071
2026-08-27T14:50,718.6,718.9,717.84,718.2715,202311
2026-08-27T14:55,718.275,718.8,717.68,718.8,183562
2026-08-27T15:00,718.81,719.13,718.53,719.04,351265
2026-08-27T15:05,719.01,719.37,718.905,719.315,198332
2026-08-27T15:10,719.33,719.43,718.97,719.3872,212734
2026-08-27T15:15,719.388,719.58,719.23,719.33,389970
2026-08-27T15:20,719.36,719.42,718.68,718.72,174916
2026-08-27T15:25,718.71,718.745,718.145,718.22,116492
2026-08-27T15:30,718.25,718.71,717.96,718.21,354889
2026-08-27T15:35,718.28,718.39,717.55,717.74,264142
2026-08-27T15:40,717.77,718.14,717.08,717.205,480058
2026-08-27T15:45,717.23,717.23,716.67,716.95,224446
2026-08-27T15:50,716.95,719.0,716.95,718.9999,309792
2026-08-27T15:55,718.99,718.99,718.6,718.69,180147
2026-08-27T16:00,718.695,719.32,718.64,719.11,241478
2026-08-27T16:05,719.11,719.26,718.54,718.6177,234780
2026-08-27T16:10,718.61,718.8717,718.33,718.535,130404
2026-08-27T16:15,718.55,718.83,718.232,718.53,90264
2026-08-27T16:20,718.51,718.53,718.08,718.24,110629
2026-08-27T16:25,718.25,718.99,718.13,718.85,168373
2026-08-27T16:30,718.8863,719.14,718.79,719.12,129647
2026-08-27T16:35,719.12,719.8,719.05,719.72,155134
2026-08-27T16:40,719.77,719.985,719.68,719.87,279972
2026-08-27T16:45,719.88,720.18,719.8,719.89,250461
2026-08-27T16:50,719.94,720.1,719.67,720.06,159635
2026-08-27T16:55,720.04,720.0752,719.7901,720.03,162220
2026-08-27T17:00,720.03,720.37,719.99,720.34,133850
2026-08-27T17:05,720.33,720.39,719.94,720.39,151608
2026-08-27T17:10,720.41,720.58,720.32,720.46,191777
2026-08-27T17:15,720.44,720.53,720.215,720.34,81441
2026-08-27T17:20,720.33,720.62,720.24,720.52,141419
2026-08-27T17:25,720.51,720.51,719.69,719.765,667137
2026-08-27T17:30,719.7569,720.16,719.62,719.715,216188
2026-08-27T17:35,719.665,719.89,719.56,719.57,113832
2026-08-27T17:40,719.58,719.95,719.41,719.5,170866
2026-08-27T17:45,719.5,719.57,719.12,719.2,155580
2026-08-27T17:50,719.22,719.52,719.0402,719.415,199194
2026-08-27T17:55,719.43,719.4443,718.99,719.1,178852
2026-08-27T18:00,719.1,719.34,718.18,718.2064,737675
2026-08-27T18:05,718.19,718.5801,718.1503,718.35,412432
2026-08-27T18:10,718.3412,718.46,717.8805,718.25,551489
2026-08-27T18:15,718.2403,718.53,717.97,718.27,202879
2026-08-27T18:20,718.265,718.3984,717.94,718.0399,208227
2026-08-27T18:25,718.04,718.0501,717.04,717.33,239124
2026-08-27T18:30,717.31,718.125,717.3,717.5806,346422
2026-08-27T18:35,717.61,718.3,717.45,718.29,268110
2026-08-27T18:40,718.3,718.35,718.05,718.13,313725
2026-08-27T18:45,718.11,718.36,717.6501,717.6501,91375
2026-08-27T18:50,717.635,718.01,717.555,717.72,88492
2026-08-27T18:55,717.71,718.24,717.48,718.1,127674
2026-08-27T19:00,718.105,718.6,718.035,718.53,182315
2026-08-27T19:05,718.5391,718.86,718.12,718.5893,210033
2026-08-27T19:10,718.5974,718.94,718.58,718.61,191251
2026-08-27T19:15,718.63,719.0,718.63,718.93,199157
2026-08-27T19:20,718.92,719.09,718.86,718.9,400104
2026-08-27T19:25,718.892,719.12,718.67,718.865,171000
2026-08-27T19:30,718.88,719.46,718.71,719.42,254615
2026-08-27T19:35,719.43,719.58,719.31,719.51,526934
2026-08-27T19:40,719.495,719.6,719.36,719.6,179447
2026-08-27T19:45,719.59,719.98,719.52,719.94,257758
2026-08-27T19:50,719.94,720.88,719.5,720.83,550200
2026-08-27T19:55,720.83,721.35,720.59,721.11,3149535
2026-08-28T13:30,719.76,719.99,718.1762,719.2,828255
2026-08-28T13:35,719.21,720.52,718.78,720.32,413053
2026-08-28T13:40,720.31,721.52,720.31,721.1863,329865
2026-08-28T13:45,721.18,721.5499,720.33,720.5,605690
2026-08-28T13:50,720.5451,720.7181,719.71,719.91,494847
2026-08-28T13:55,719.94,720.74,719.7101,719.711,809001
2026-08-28T14:00,719.93,721.63,719.04,719.82,534700
2026-08-28T14:05,719.805,719.83,718.11,718.6599,531283
2026-08-28T14:10,718.66,719.1,716.79,717.55,724638
2026-08-28T14:15,717.5699,719.76,717.43,719.1866,513003
2026-08-28T14:20,719.21,720.9,719.1702,720.125,1207400
2026-08-28T14:25,720.18,720.36,719.2,720.3,479349
2026-08-28T14:30,720.35,721.17,719.83,721.07,589320
2026-08-28T14:35,721.09,721.79,720.78,720.98,546062
2026-08-28T14:40,720.97,722.5,720.87,722.2901,457593
2026-08-28T14:45,722.32,722.785,722.07,722.675,454810
2026-08-28T14:50,722.65,723.36,722.56,723.1406,508313
2026-08-28T14:55,723.14,723.83,723.09,723.82,391595
2026-08-28T15:00,723.78,724.125,723.35,723.8,552742
2026-08-28T15:05,723.79,723.94,722.76,722.94,348239
2026-08-28T15:10,722.94,723.165,722.28,722.6105,221694
2026-08-28T15:15,722.62,723.27,722.56,722.61,209503
2026-08-28T15:20,722.625,723.22,722.39,723.121,321436
2026-08-28T15:25,723.09,723.65,723.02,723.41,190816
2026-08-28T15:30,723.455,723.49,722.97,722.97,146049
2026-08-28T15:35,722.96,723.105,721.86,721.93,193194
2026-08-28T15:40,721.96,721.96,720.57,720.76,815758
2026-08-28T15:45,720.74,721.015,719.72,719.8206,440564
2026-08-28T15:50,719.84,720.178,718.7,719.49,544550
2026-08-28T15:55,719.51,719.51,717.7,717.86,593628
2026-08-28T16:00,717.93,718.19,716.84,717.37,760064
2026-08-28T16:05,717.35,718.82,717.295,718.69,384682
2026-08-28T16:10,718.67,718.8,717.94,718.0,212206
2026-08-28T16:15,717.96,718.3,716.42,716.89,508764
2026-08-28T16:20,716.8,717.145,715.69,716.27,460060
2026-08-28T16:25,716.225,716.68,716.0,716.31,266906
2026-08-28T16:30,716.29,717.23,716.0299,716.0299,276533
2026-08-28T16:35,716.01,717.305,716.01,716.895,206500
2026-08-28T16:40,716.865,716.92,715.97,716.195,212487
2026-08-28T16:45,716.18,717.68,716.17,717.5,203967
2026-08-28T16:50,717.46,717.79,716.81,716.88,276205
2026-08-28T16:55,716.8799,717.1665,716.61,716.65,125587
2026-08-28T17:00,716.64,716.6666,715.28,715.85,518971
2026-08-28T17:05,715.8,715.82,715.085,715.4001,259695
2026-08-28T17:10,715.4,716.2395,715.1437,716.23,209403
2026-08-28T17:15,716.21,716.35,715.75,716.08,171263
2026-08-28T17:20,716.05,716.27,715.45,715.96,155404
2026-08-28T17:25,716.02,716.47,715.69,715.89,152547
2026-08-28T17:30,715.84,716.66,715.75,716.535,149074
2026-08-28T17:35,716.55,716.72,715.67,715.74,197575
2026-08-28T17:40,715.72,716.3799,715.7,716.21,164687
2026-08-28T17:45,716.19,717.25,716.075,717.17,211853
2026-08-28T17:50,717.19,717.29,716.88,717.0,160747
2026-08-28T17:55,717.01,717.04,716.42,716.986,205420
2026-08-28T18:00,717.0,717.11,716.48,716.6514,108199
2026-08-28T18:05,716.63,716.99,716.48,716.716,117202
2026-08-28T18:10,716.7468,717.03,716.32,716.33,108650
2026-08-28T18:15,716.33,716.705,716.2,716.44,96909
2026-08-28T18:20,716.48,716.6925,715.9,716.15,83814
2026-08-28T18:25,716.15,716.49,715.94,716.205,204785
2026-08-28T18:30,716.205,716.67,716.1249,716.53,158767
2026-08-28T18:35,716.5105,716.74,716.13,716.135,199254
2026-08-28T18:40,716.1,716.55,716.02,716.41,113678
2026-08-28T18:45,716.3794,716.42,715.7,715.76,246844
2026-08-28T18:50,715.75,715.75,715.15,715.47,296108
2026-08-28T18:55,715.44,715.68,715.2,715.52,203071
2026-08-28T19:00,715.515,715.89,715.24,715.69,283920
2026-08-28T19:05,715.67,716.365,715.51,716.36,401369
2026-08-28T19:10,716.355,716.37,715.756,716.08,568743
2026-08-28T19:15,716.09,716.18,715.72,716.075,342398
2026-08-28T19:20,716.08,716.5,716.03,716.2001,307411
2026-08-28T19:25,716.23,716.63,716.185,716.53,189998
2026-08-28T19:30,716.535,716.655,716.22,716.52,326293
2026-08-28T19:35,716.46,716.6,716.17,716.595,329673
2026-08-28T19:40,716.6,716.88,716.58,716.6401,348083
2026-08-28T19:45,716.66,716.72,715.935,716.37,339621
2026-08-28T19:50,716.4,717.08,716.15,716.36,920075
2026-08-28T19:55,716.33,716.9,716.07,716.43,3555958
2026-08-31T13:30,715.12,717.001,714.63,715.7999,820988
2026-08-31T13:35,715.76,715.76,714.01,714.2201,580553
2026-08-31T13:40,714.25,715.235,714.07,714.425,404875
2026-08-31T13:45,714.43,716.0,713.97,715.185,606301
2026-08-31T13:50,715.17,715.9,714.56,715.8959,297788
2026-08-31T13:55,715.8,716.1284,715.03,715.23,267516
2026-08-31T14:00,715.2,715.4,714.185,714.32,293451
2026-08-31T14:05,714.29,714.82,713.69,713.72,241480
2026-08-31T14:10,713.71,714.34,713.54,714.09,316057
2026-08-31T14:15,714.07,714.96,713.794,714.663,314773
2026-08-31T14:20,714.69,714.83,713.39,713.42,445004
2026-08-31T14:25,713.4,713.86,713.16,713.62,215085
2026-08-31T14:30,713.5501,713.93,713.37,713.63,164819
2026-08-31T14:35,713.65,714.93,713.55,714.44,226665
2026-08-31T14:40,714.394,715.08,714.3055,714.83,202447
2026-08-31T14:45,714.86,714.885,713.8601,713.9881,239210
2026-08-31T14:50,713.9601,714.545,713.89,714.5199,127620
2026-08-31T14:55,714.505,715.27,714.42,714.6,181807
2026-08-31T15:00,714.61,715.25,714.14,714.51,155503
2026-08-31T15:05,714.455,715.08,714.34,714.45,112753
2026-08-31T15:10,714.46,714.95,714.35,714.635,102777
2026-08-31T15:15,714.638,714.89,714.1994,714.67,103697
2026-08-31T15:20,714.71,715.2,714.4308,715.1297,123416
2026-08-31T15:25,715.13,715.31,714.63,714.7174,209373
2026-08-31T15:30,714.77,714.8,713.9,714.22,3560896
2026-08-31T15:35,714.16,714.34,713.88,714.165,116587
2026-08-31T15:40,714.2,714.47,713.85,714.4538,111034
2026-08-31T15:45,714.45,714.665,714.14,714.5,275267
2026-08-31T15:50,714.51,715.0,714.51,714.67,405894
2026-08-31T15:55,714.66,714.77,713.88,713.955,176908
2026-08-31T16:00,713.97,713.97,713.41,713.5,178139
2026-08-31T16:05,713.45,713.69,713.36,713.58,145679
2026-08-31T16:10,713.575,714.52,713.505,714.38,257718
2026-08-31T16:15,714.4,714.47,713.8217,714.21,1203409
2026-08-31T16:20,714.23,714.3999,713.995,714.25,253093
2026-08-31T16:25,714.234,714.86,714.234,714.84,1162007
2026-08-31T16:30,714.85,714.865,714.45,714.64,264394
2026-08-31T16:35,714.64,714.858,714.1204,714.135,107295
2026-08-31T16:40,714.16,714.975,714.125,714.57,122467
2026-08-31T16:45,714.555,715.03,714.4519,714.85,90011
2026-08-31T16:50,714.87,715.17,714.775,714.99,145532
2026-08-31T16:55,715.0,715.28,714.9819,715.21,124759
2026-08-31T17:00,715.2,715.2,714.8,714.89,837044
2026-08-31T17:05,715.005,715.16,714.68,714.7144,55910
2026-08-31T17:10,714.715,714.895,714.6329,714.83,133218
2026-08-31T17:15,714.82,715.07,714.535,714.76,127834
2026-08-31T17:20,714.715,714.85,714.58,714.68,72633
2026-08-31T17:25,714.67,714.7,714.12,714.21,122487
2026-08-31T17:30,714.2,714.36,713.99,713.9901,211287
2026-08-31T17:35,713.99,714.665,713.99,714.665,225203
2026-08-31T17:40,714.63,715.2,714.62,715.2,514420
2026-08-31T17:45,715.205,715.31,715.02,715.145,116172
2026-08-31T17:50,715.12,715.62,715.11,715.5333,158302
2026-08-31T17:55,715.535,715.6,715.03,715.235,98005
2026-08-31T18:00,715.18,715.5401,714.782,715.505,141257
2026-08-31T18:05,715.5,715.66,715.31,715.595,121892
2026-08-31T18:10,715.6,715.61,715.29,715.385,157613
2026-08-31T18:15,715.39,715.66,715.355,715.53,433382
2026-08-31T18:20,715.56,715.74,715.337,715.535,84882
2026-08-31T18:25,715.55,715.56,715.1521,715.175,164651
2026-08-31T18:30,715.17,715.2773,714.76,714.7822,86795
2026-08-31T18:35,714.81,714.94,714.08,714.22,225172
2026-08-31T18:40,714.1769,714.34,713.8492,714.235,163056
2026-08-31T18:45,714.25,714.38,714.0101,714.35,640457
2026-08-31T18:50,714.355,714.59,714.1551,714.475,102487
2026-08-31T18:55,714.46,714.74,714.27,714.35,117076
2026-08-31T19:00,714.357,714.83,714.34,714.53,147232
2026-08-31T19:05,714.51,714.8,714.31,714.75,85986
2026-08-31T19:10,714.765,714.925,714.58,714.85,329727
2026-08-31T19:15,714.85,714.9,714.645,714.76,196056
2026-08-31T19:20,714.745,715.23,714.69,715.05,211663
2026-08-31T19:25,715.025,715.52,714.91,715.38,132262
2026-08-31T19:30,715.39,715.4065,714.96,715.28,122625
2026-08-31T19:35,715.28,715.58,715.19,715.42,993848
2026-08-31T19:40,715.47,716.195,715.35,716.0601,543923
2026-08-31T19:45,716.06,716.25,715.62,715.9901,552001
2026-08-31T19:50,716.0,717.46,716.0,717.22,1913342
2026-08-31T19:55,717.2,717.575,716.55,716.76,1934230
2026-09-01T13:30,707.43,707.69,706.21,706.99,1533279
2026-09-01T13:35,707.05,708.04,706.1182,706.39,764774
2026-09-01T13:40,706.41,706.98,705.62,706.69,1069173
2026-09-01T13:45,706.61,708.12,706.5101,708.12,487416
2026-09-01T13:50,708.105,708.45,707.225,707.62,451411
2026-09-01T13:55,707.645,707.7795,706.88,707.225,389883
2026-09-01T14:00,707.27,707.97,706.7714,707.155,449739
2026-09-01T14:05,707.15,708.54,707.15,708.3412,373383
2026-09-01T14:10,708.35,708.465,707.45,707.8771,319887
2026-09-01T14:15,707.855,708.8,707.835,708.14,383978
2026-09-01T14:20,708.17,708.97,708.17,708.52,284398
2026-09-01T14:25,708.54,708.94,708.4,708.61,398650
2026-09-01T14:30,708.595,709.7599,708.57,709.715,354694
2026-09-01T14:35,709.71,709.84,709.3831,709.68,275567
2026-09-01T14:40,709.6999,710.285,709.59,710.285,238376
2026-09-01T14:45,710.28,711.09,710.1,710.5915,292081
2026-09-01T14:50,710.59,710.59,709.925,710.01,473094
2026-09-01T14:55,710.02,710.2,709.67,710.18,289928
2026-09-01T15:00,710.1899,710.47,709.5201,709.77,705974
2026-09-01T15:05,709.745,709.84,709.01,709.02,511656
2026-09-01T15:10,709.012,709.46,709.0016,709.0805,120325
2026-09-01T15:15,709.0887,709.55,708.9997,709.42,160725
2026-09-01T15:20,709.43,709.8999,709.16,709.8687,202551
2026-09-01T15:25,709.87,710.24,709.66,710.24,380133
2026-09-01T15:30,710.24,710.52,710.06,710.24,287433
2026-09-01T15:35,710.26,711.15,710.19,711.0832,200992
2026-09-01T15:40,711.09,711.65,711.08,711.6,268385
2026-09-01T15:45,711.59,712.3,711.56,712.21,285524
2026-09-01T15:50,712.2,712.27,711.79,712.135,288563
2026-09-01T15:55,712.13,712.165,711.66,711.8,164724
2026-09-01T16:00,711.85,711.89,711.34,711.4048,192584
2026-09-01T16:05,711.365,711.4899,710.86,710.91,169813
2026-09-01T16:10,710.94,711.07,710.29,710.31,243167
2026-09-01T16:15,710.281,710.385,709.565,709.6,414730
2026-09-01T16:20,709.595,709.74,708.7905,709.4075,801638
2026-09-01T16:25,709.395,709.56,708.61,708.99,518681
2026-09-01T16:30,708.97,709.135,707.89,707.945,419016
2026-09-01T16:35,707.935,708.64,707.91,708.63,399176
2026-09-01T16:40,708.64,708.74,707.955,707.98,599992
2026-09-01T16:45,707.98,708.59,707.87,708.55,224825
2026-09-01T16:50,708.551,708.7,708.34,708.61,269155
2026-09-01T16:55,708.63,709.44,708.63,709.29,276815
2026-09-01T17:00,709.3,709.3,708.29,708.3,186042
2026-09-01T17:05,708.3299,708.51,708.01,708.254,117891
2026-09-01T17:10,708.23,708.62,708.0495,708.38,144152
2026-09-01T17:15,708.4,708.5996,707.89,708.06,114962
2026-09-01T17:20,708.04,708.2695,707.83,708.0001,111088
2026-09-01T17:30,708.08,708.469,707.975,708.345,295950
2026-09-01T17:35,708.31,708.52,708.0301,708.075,83088
2026-09-01T17:40,708.1,708.45,708.0533,708.32,80095
2026-09-01T17:45,708.29,708.3,707.6039,707.6039,193174
2026-09-01T17:50,707.6,707.96,707.48,707.625,167372
2026-09-01T17:55,707.63,708.07,707.5,708.01,120593
2026-09-01T18:00,708.0,708.27,707.5331,707.6,92254
2026-09-01T18:05,707.63,707.63,707.3219,707.57,201438
2026-09-01T18:10,707.5119,707.65,707.06,707.1001,186652
2026-09-01T18:15,707.1,707.42,706.81,707.32,221322
2026-09-01T18:20,707.326,707.45,707.17,707.41,226637
2026-09-01T18:25,707.38,707.39,706.69,706.88,199505
2026-09-01T18:30,706.88,706.96,706.26,706.39,345030
2026-09-01T18:35,706.355,706.54,706.03,706.0799,249128
2026-09-01T18:40,706.075,706.16,704.975,705.0,525565
2026-09-01T18:45,704.99,705.65,704.66,705.63,613513
2026-09-01T18:50,705.6,705.87,705.43,705.785,289194
2026-09-01T18:55,705.7101,706.57,705.7101,706.4232,273507
2026-09-01T19:00,706.445,707.11,706.31,706.985,385939
2026-09-01T19:05,707.0,707.24,706.75,707.091,257494
2026-09-01T19:10,707.09,707.52,706.985,707.49,338676
2026-09-01T19:15,707.54,707.62,707.24,707.375,339975
2026-09-01T19:20,707.39,707.5901,707.1,707.425,587254
2026-09-01T19:25,707.43,707.73,707.2914,707.65,201179
2026-09-01T19:30,707.66,707.7,706.85,707.48,319003
2026-09-01T19:35,707.47,707.5883,707.1,707.1,232673
2026-09-01T19:40,707.11,707.56,706.9803,707.45,237696
2026-09-01T19:45,707.47,707.99,707.33,707.795,565125
2026-09-01T19:50,707.78,707.78,706.67,707.08,1203155
2026-09-01T19:55,707.09,708.55,706.92,707.64,2703721
2026-09-02T13:30,707.11,707.11,705.77,706.69,756189
2026-09-02T13:35,706.73,706.87,705.58,706.8,534895
2026-09-02T13:40,706.84,707.54,706.52,706.87,571365
2026-09-02T13:45,706.89,707.4,705.72,705.87,537314
2026-09-02T13:50,705.86,706.44,705.3,705.38,464103
2026-09-02T13:55,705.41,706.289,705.11,706.18,333117
2026-09-02T14:00,706.19,706.68,705.5014,706.68,301228
2026-09-02T14:05,706.68,707.45,706.64,707.0302,587492
2026-09-02T14:10,707.02,707.77,706.8309,707.76,659492
2026-09-02T14:15,707.76,708.5998,707.58,708.56,358127
2026-09-02T14:20,708.56,709.23,708.3068,708.86,374856
2026-09-02T14:25,708.85,709.336,708.57,709.2,429630
2026-09-02T14:30,709.16,709.66,708.86,709.62,348047
2026-09-02T14:35,709.65,709.7988,708.77,709.2071,302961
2026-09-02T14:40,709.18,709.6,709.0305,709.57,344509
2026-09-02T14:45,709.59,709.6,708.3,708.59,381063
2026-09-02T14:50,708.58,708.58,707.6501,707.87,234152
2026-09-02T14:55,707.85,708.1,707.43,707.6,348548
2026-09-02T15:00,707.59,708.24,707.2975,708.05,240856
2026-09-02T15:05,708.07,708.44,707.808,708.42,179726
2026-09-02T15:10,708.41,708.77,708.11,708.52,219449
2026-09-02T15:15,708.54,709.28,708.38,709.17,234145
2026-09-02T15:20,709.17,709.245,708.78,709.015,284296
2026-09-02T15:25,709.045,709.72,709.045,709.645,178078
2026-09-02T15:30,709.67,709.7399,709.29,709.36,241227
2026-09-02T15:35,709.34,709.58,708.86,709.0,170370
2026-09-02T15:40,709.0337,709.25,708.92,709.145,119750
2026-09-02T15:45,709.12,709.12,708.12,708.14,136172
2026-09-02T15:50,708.14,708.7,708.0,708.3499,111321
2026-09-02T15:55,708.3545,709.3116,708.12,709.195,115315
2026-09-02T16:00,709.2,709.46,708.92,709.44,334537
2026-09-02T16:05,709.435,709.48,709.1484,709.2,75777
2026-09-02T16:10,709.25,709.41,709.09,709.2,138868
2026-09-02T16:15,709.16,709.16,708.58,708.805,112871
2026-09-02T16:20,708.8305,708.96,708.53,708.59,79409
2026-09-02T16:25,708.625,708.74,708.17,708.385,91153
2026-09-02T16:30,708.3895,708.92,708.34,708.6,154838
2026-09-02T16:35,708.64,708.8875,708.5,708.5,96631
2026-09-02T16:40,708.53,708.5403,708.05,708.06,94113
2026-09-02T16:45,708.05,708.33,708.05,708.25,166660
2026-09-02T16:50,708.27,708.715,707.98,708.665,178855
2026-09-02T16:55,708.66,708.73,708.28,708.42,112992
2026-09-02T17:00,708.45,709.08,708.45,708.89,139929
2026-09-02T17:05,708.88,708.9695,707.7401,707.845,208771
2026-09-02T17:10,707.835,708.36,707.805,708.18,214710
2026-09-02T17:15,708.2,708.2215,707.72,707.86,99010
2026-09-02T17:20,707.855,708.35,707.752,708.225,157998
2026-09-02T17:25,708.2101,708.42,708.1,708.32,119235
2026-09-02T17:30,708.335,708.44,707.9,707.9,120186
2026-09-02T17:35,707.8951,708.0701,707.84,707.94,60176
2026-09-02T17:40,707.93,708.5,707.76,708.4934,208917
2026-09-02T17:45,708.5,708.88,708.49,708.53,232327
2026-09-02T17:50,708.54,708.65,708.33,708.5,143374
2026-09-02T17:55,708.47,708.74,708.14,708.54,171459
2026-09-02T18:00,708.55,708.56,707.97,708.52,136802
2026-09-02T18:05,708.47,708.68,708.225,708.33,261025
2026-09-02T18:10,708.3031,708.4,708.03,708.1901,63514
2026-09-02T18:15,708.23,709.49,708.1601,708.85,1046764
2026-09-02T18:20,708.85,708.93,708.58,708.775,98623
2026-09-02T18:25,708.8,708.9,708.435,708.53,54428
2026-09-02T18:30,708.53,708.89,708.5029,708.5029,84142
2026-09-02T18:35,708.5,708.6548,708.05,708.1199,122311
2026-09-02T18:40,708.1063,708.14,707.885,707.99,91597
2026-09-02T18:45,708.04,708.3898,707.85,708.31,109920
2026-09-02T18:50,708.31,708.42,707.94,708.06,118417
2026-09-02T18:55,708.13,708.385,708.04,708.21,155079
2026-09-02T19:00,708.225,708.45,708.0757,708.3,148064
2026-09-02T19:05,708.32,708.7,708.29,708.7,135204
2026-09-02T19:10,708.72,708.825,708.58,708.71,397072
2026-09-02T19:15,708.7,708.7599,708.5,708.7599,835757
2026-09-02T19:20,708.8,708.8,708.34,708.48,446268
2026-09-02T19:25,708.48,708.79,708.33,708.75,110203
2026-09-02T19:30,708.73,708.87,708.56,708.82,514715
2026-09-02T19:35,708.825,708.83,708.4329,708.62,147279
2026-09-02T19:40,708.56,708.94,708.5004,708.91,116846
2026-09-02T19:45,708.9,709.194,708.855,709.12,247516
2026-09-02T19:50,709.1,709.425,708.79,709.3227,416164
2026-09-02T19:55,709.31,709.36,708.815,709.24,1187209
2026-09-03T13:30,710.85,711.66,710.2,710.97,866180
2026-09-03T13:35,710.94,712.91,709.6938,712.77,855351
2026-09-03T13:40,712.78,713.49,712.39,713.15,522882
2026-09-03T13:45,713.15,713.65,712.53,713.47,425023
2026-09-03T13:50,713.505,713.8497,712.67,713.25,515884
2026-09-03T13:55,713.2496,713.37,711.98,712.88,591620
2026-09-03T14:00,712.84,712.8401,710.87,711.28,941410
2026-09-03T14:05,711.275,711.65,710.68,711.2401,374113
2026-09-03T14:10,711.28,712.11,710.85,712.055,355365
2026-09-03T14:15,712.04,713.215,711.96,713.055,563294
2026-09-03T14:20,713.07,713.55,712.73,713.25,439651
2026-09-03T14:25,713.255,713.56,712.7103,713.075,266683
2026-09-03T14:30,713.06,713.47,711.6531,711.6995,303711
2026-09-03T14:35,711.76,712.5,711.58,711.65,201546
2026-09-03T14:40,711.65,712.31,711.42,711.61,217837
2026-09-03T14:45,711.655,712.34,711.48,712.26,192809
2026-09-03T14:50,712.2739,712.375,711.68,712.375,131096
2026-09-03T14:55,712.3486,713.645,710.81,713.55,646860
2026-09-03T15:00,713.5699,715.35,713.565,715.33,873205
2026-09-03T15:05,715.36,715.53,714.98,715.17,504797
2026-09-03T15:10,715.178,716.045,715.09,716.0,501096
2026-09-03T15:15,716.005,716.37,715.94,716.25,444664
2026-09-03T15:20,716.2,716.72,715.76,716.41,406560
2026-09-03T15:25,716.4,717.82,716.35,717.73,718144
2026-09-03T15:30,717.76,717.865,717.29,717.555,555397
2026-09-03T15:35,717.54,717.75,717.1,717.2,253137
2026-09-03T15:40,717.2,717.45,716.94,717.0,220088
2026-09-03T15:45,717.08,717.35,716.9576,717.18,131421
2026-09-03T15:50,717.18,717.63,717.02,717.56,198080
2026-09-03T15:55,717.55,717.82,717.39,717.82,143334
2026-09-03T16:00,717.805,717.82,717.16,717.17,376092
2026-09-03T16:05,717.1612,717.31,716.9332,717.12,753419
2026-09-03T16:10,717.09,717.41,716.99,717.325,244276
2026-09-03T16:15,717.34,717.55,717.133,717.46,114597
2026-09-03T16:20,717.51,717.5101,716.9,716.9,160101
2026-09-03T16:25,716.91,716.935,716.6,716.78,206732
2026-09-03T16:30,716.794,716.87,716.49,716.6,137233
2026-09-03T16:35,716.595,717.478,716.44,717.4,271944
2026-09-03T16:40,717.375,717.6999,717.345,717.55,92261
2026-09-03T16:45,717.57,717.6697,717.41,717.605,120908
2026-09-03T16:50,717.62,717.67,717.295,717.41,74771
2026-09-03T16:55,717.395,717.93,717.38,717.555,95313
2026-09-03T17:00,717.57,717.68,717.105,717.345,99494
2026-09-03T17:05,717.32,717.35,716.7,716.7,89319
2026-09-03T17:10,716.7085,716.91,716.58,716.6501,161410
2026-09-03T17:15,716.67,716.9,716.52,716.575,135344
2026-09-03T17:20,716.57,716.59,716.34,716.4705,148687
2026-09-03T17:25,716.4895,717.08,716.47,716.97,120106
2026-09-03T17:30,716.958,717.325,716.958,717.23,103670
2026-09-03T17:35,717.24,717.5856,717.18,717.37,113593
2026-09-03T17:40,717.387,717.62,717.36,717.58,134963
2026-09-03T17:45,717.555,717.705,717.39,717.58,278559
2026-09-03T17:50,717.6,718.15,717.48,717.99,365918
2026-09-03T17:55,717.98,718.13,717.85,717.92,113613
2026-09-03T18:00,717.92,718.76,717.92,718.66,474467
2026-09-03T18:05,718.67,718.805,718.47,718.68,217782
2026-09-03T18:10,718.685,718.7863,718.58,718.65,238768
2026-09-03T18:15,718.6576,718.91,718.55,718.62,438773
2026-09-03T18:20,718.645,718.7,718.443,718.61,183388
2026-09-03T18:25,718.61,718.7699,718.5,718.585,206185
2026-09-03T18:30,718.6,718.77,718.43,718.74,93505
2026-09-03T18:35,718.75,718.8,718.59,718.73,150752
2026-09-03T18:40,718.73,718.76,718.335,718.34,320307
2026-09-03T18:45,718.335,718.75,718.335,718.75,286426
2026-09-03T18:50,718.74,718.84,718.45,718.58,129953
2026-09-03T18:55,718.585,718.585,718.35,718.51,263134
2026-09-03T19:00,718.525,718.56,718.155,718.249,180429
2026-09-03T19:05,718.25,718.3401,718.03,718.075,126475
2026-09-03T19:10,718.06,718.13,717.7,717.83,142961
2026-09-03T19:15,717.82,717.955,717.63,717.955,268432
2026-09-03T19:20,717.95,717.96,717.56,717.65,313554
2026-09-03T19:25,717.655,717.8,717.5437,717.73,233721
2026-09-03T19:30,717.715,717.8699,717.5,717.55,323253
2026-09-03T19:35,717.55,717.78,717.55,717.6969,306591
2026-09-03T19:40,717.68,717.88,717.46,717.51,192793
2026-09-03T19:45,717.51,717.77,717.3,717.41,453877
2026-09-03T19:50,717.42,717.6,717.168,717.56,535801
2026-09-03T19:55,717.58,717.74,717.14,717.67,2454354
2026-09-04T13:30,719.36,720.48,718.525,720.46,930278
2026-09-04T13:35,720.47,720.685,719.95,720.3482,498948
2026-09-04T13:40,720.32,720.71,719.5991,720.04,722734
2026-09-04T13:45,720.02,720.805,719.12,720.48,470364
2026-09-04T13:50,720.475,721.21,719.885,721.09,420560
2026-09-04T13:55,721.08,721.86,720.93,721.838,340460
2026-09-04T14:00,721.82,721.84,720.95,721.31,356450
2026-09-04T14:05,721.31,721.5,720.67,720.76,511344
2026-09-04T14:10,720.72,720.96,719.54,720.85,572079
2026-09-04T14:15,720.86,720.89,719.6905,719.705,417416
2026-09-04T14:20,719.72,719.96,719.195,719.59,672960
2026-09-04T14:25,719.54,719.74,718.85,719.59,756295
2026-09-04T14:30,719.6,719.64,718.6,718.72,513666
2026-09-04T14:35,718.69,719.4,718.69,719.375,393243
2026-09-04T14:40,719.33,719.36,718.0377,718.0716,413306
2026-09-04T14:45,718.07,718.3295,717.51,717.5101,470940
2026-09-04T14:50,717.51,718.115,717.5,717.6,528652
2026-09-04T14:55,717.66,718.0,717.26,717.71,546362
2026-09-04T15:00,717.76,718.0,717.24,717.6699,399100
2026-09-04T15:05,717.65,718.0399,717.37,717.94,596824
2026-09-04T15:10,717.89,718.28,717.57,718.28,424247
2026-09-04T15:15,718.2595,718.32,717.16,717.3303,449177
2026-09-04T15:20,717.33,717.55,716.93,717.35,517020
2026-09-04T15:25,717.34,717.58,717.2,717.44,370494
2026-09-04T15:30,717.43,717.53,716.79,717.07,319016
2026-09-04T15:35,717.0784,717.435,717.0401,717.335,164855
2026-09-04T15:40,717.38,717.87,717.24,717.76,342833
2026-09-04T15:45,717.7428,717.8099,717.0,717.34,159611
2026-09-04T15:50,717.335,717.68,717.17,717.37,158464
2026-09-04T15:55,717.365,717.7186,717.23,717.6301,136617
2026-09-04T16:00,717.65,717.75,717.43,717.63,186518
2026-09-04T16:05,717.6299,718.165,717.51,718.075,242783
2026-09-04T16:10,718.0823,718.55,717.98,718.455,237131
2026-09-04T16:15,718.45,718.45,718.19,718.37,294765
2026-09-04T16:20,718.37,718.855,718.37,718.615,270173
2026-09-04T16:25,718.6,718.7599,718.43,718.61,282806
2026-09-04T16:30,718.6095,719.005,718.49,719.005,240586
2026-09-04T16:35,719.001,719.08,718.71,718.81,743115
2026-09-04T16:40,718.795,718.96,718.725,718.925,298862
2026-09-04T16:45,718.95,719.47,718.87,719.445,318051
2026-09-04T16:50,719.46,719.605,719.36,719.36,288054
2026-09-04T16:55,719.36,719.41,719.142,719.16,195866
2026-09-04T17:00,719.16,719.22,718.395,718.535,295974
2026-09-04T17:05,718.53,718.78,718.235,718.24,305356
2026-09-04T17:10,718.24,718.4084,718.065,718.14,239915
2026-09-04T17:15,718.14,718.33,717.97,718.05,323822
2026-09-04T17:20,718.06,718.16,717.73,717.74,402604
2026-09-04T17:25,717.75,717.935,717.42,717.505,311407
2026-09-04T17:30,717.5,717.5,716.98,717.169,451158
2026-09-04T17:35,717.15,717.33,717.06,717.195,344800
2026-09-04T17:40,717.2,717.21,716.7,716.805,340151
2026-09-04T17:45,716.795,717.1299,716.56,716.93,304603
2026-09-04T17:50,716.94,717.2,716.8602,716.965,314163
2026-09-04T17:55,716.96,717.266,716.85,717.12,153991
2026-09-04T18:00,717.11,717.2635,716.66,716.7497,366182
2026-09-04T18:05,716.76,717.09,716.64,717.09,335235
2026-09-04T18:10,717.06,717.245,716.99,717.01,187649
2026-09-04T18:15,717.035,717.455,716.96,717.43,236579
2026-09-04T18:20,717.435,717.67,717.36,717.475,326383
2026-09-04T18:25,717.49,717.6015,717.39,717.5629,499873
2026-09-04T18:30,717.6,717.7388,717.5815,717.73,294727
2026-09-04T18:35,717.725,717.77,717.43,717.55,185688
2026-09-04T18:40,717.575,717.875,717.43,717.825,187346
2026-09-04T18:45,717.82,718.0,717.8099,717.985,147260
2026-09-04T18:50,717.97,718.06,717.835,718.0,153874
2026-09-04T18:55,718.01,718.32,717.94,718.23,176153
2026-09-04T19:00,718.235,718.36,717.56,717.59,231436
2026-09-04T19:05,717.62,717.74,717.48,717.55,138615
2026-09-04T19:10,717.53,717.77,717.48,717.56,243410
2026-09-04T19:15,717.59,717.8299,717.575,717.68,121045
2026-09-04T19:20,717.68,717.89,717.65,717.87,102369
2026-09-04T19:25,717.93,718.0699,717.8325,717.95,148851
2026-09-04T19:30,717.95,718.29,717.79,718.255,221236
2026-09-04T19:35,718.245,718.46,717.97,718.15,287049
2026-09-04T19:40,718.13,718.33,718.05,718.31,264473
2026-09-04T19:45,718.3,718.585,718.2925,718.555,1040134
2026-09-04T19:50,718.58,719.21,718.58,719.17,879893
2026-09-04T19:55,719.18,719.44,718.79,718.96,2030387
2026-09-08T13:30,720.97,721.886,719.15,719.84,873037
2026-09-08T13:35,719.85,720.09,718.89,719.04,546615
2026-09-08T13:40,719.01,719.13,716.56,716.72,852321
2026-09-08T13:45,716.74,718.0,716.64,717.99,481587
2026-09-08T13:50,718.0,718.0,716.33,717.37,466312
2026-09-08T13:55,717.37,718.29,717.12,717.47,423468
2026-09-08T14:00,717.46,717.695,715.87,717.0422,581750
2026-09-08T14:05,717.01,717.14,716.265,716.29,259238
2026-09-08T14:10,716.19,716.9,715.57,716.505,301747
2026-09-08T14:15,716.5,717.225,716.39,716.93,252717
2026-09-08T14:20,716.9399,717.94,716.81,717.9101,314784
2026-09-08T14:25,717.88,717.91,717.03,717.76,244299
2026-09-08T14:30,717.8161,717.985,717.15,717.95,200771
2026-09-08T14:35,717.93,717.99,717.35,717.6,133156
2026-09-08T14:40,717.5851,718.305,717.505,718.15,278017
2026-09-08T14:45,718.15,718.215,717.7,718.05,222492
2026-09-08T14:50,718.07,718.66,717.98,718.625,355060
2026-09-08T14:55,718.63,718.9387,718.39,718.93,272470
2026-09-08T15:00,718.95,719.04,718.63,718.813,242628
2026-09-08T15:05,718.82,719.05,718.555,718.74,369851
2026-09-08T15:10,718.82,720.075,718.79,719.92,341691
2026-09-08T15:15,719.92,720.445,719.7008,720.32,671910
2026-09-08T15:20,720.3,720.32,719.4,720.2899,281715
2026-09-08T15:25,720.2772,720.72,720.01,720.085,431882
2026-09-08T15:30,720.1249,720.36,719.89,720.113,210402
2026-09-08T15:35,720.11,720.15,719.76,720.13,386645
2026-09-08T15:40,720.14,720.93,720.03,720.85,230026
2026-09-08T15:45,720.89,720.91,720.045,720.155,327701
2026-09-08T15:50,720.2,720.5,720.07,720.205,334323
2026-09-08T15:55,720.18,720.36,719.865,719.97,455221
2026-09-08T16:00,719.99,720.28,719.8,720.28,244089
2026-09-08T16:05,720.28,720.4,719.6212,719.64,193363
2026-09-08T16:10,719.63,719.725,719.335,719.6,244433
2026-09-08T16:15,719.59,719.59,719.13,719.1301,179202
2026-09-08T16:20,719.14,719.6672,718.98,719.6672,269606
2026-09-08T16:25,719.65,719.96,719.0601,719.075,266116
2026-09-08T16:30,719.1,719.47,718.95,719.28,454822
2026-09-08T16:35,719.28,719.445,719.13,719.26,169630
2026-09-08T16:40,719.28,719.47,719.1,719.27,220730
2026-09-08T16:45,719.28,719.7669,719.15,719.63,138429
2026-09-08T16:50,719.63,720.07,719.465,719.765,313053
2026-09-08T16:55,719.79,719.84,718.67,719.23,349488
2026-09-08T17:00,719.24,720.59,719.22,720.59,345391
2026-09-08T17:05,720.6,720.85,720.2801,720.395,203771
2026-09-08T17:10,720.39,720.66,720.35,720.56,151123
2026-09-08T17:15,720.59,720.67,720.39,720.52,261836
2026-09-08T17:20,720.54,720.58,720.18,720.435,236238
2026-09-08T17:25,720.43,720.47,720.04,720.26,103527
2026-09-08T17:30,720.28,720.67,720.25,720.58,141447
2026-09-08T17:35,720.555,720.65,720.38,720.38,110845
2026-09-08T17:40,720.39,720.39,719.84,719.88,163912
2026-09-08T17:45,719.89,720.1655,719.8872,720.0321,214342
2026-09-08T17:50,720.03,720.19,719.79,720.07,150174
2026-09-08T17:55,720.08,720.08,719.66,719.66,110490
2026-09-08T18:00,719.67,719.8697,719.57,719.805,324544
2026-09-08T18:05,719.85,720.15,719.7904,720.0301,154891
2026-09-08T18:10,720.04,720.2,719.91,720.02,119385
2026-09-08T18:15,720.03,720.24,719.98,720.13,97865
2026-09-08T18:20,720.115,720.22,719.67,719.6862,98430
2026-09-08T18:25,719.67,719.87,719.62,719.81,115521
2026-09-08T18:30,719.83,719.88,719.67,719.68,698253
2026-09-08T18:35,719.67,719.79,719.38,719.5,137267
2026-09-08T18:40,719.495,719.95,719.37,719.93,89866
2026-09-08T18:45,719.93,720.12,717.91,718.5,494428
2026-09-08T18:50,718.52,719.36,718.32,719.2859,315639
2026-09-08T18:55,719.28,719.52,719.1464,719.29,164715
2026-09-08T19:00,719.315,719.5463,718.91,719.155,180099
2026-09-08T19:05,719.135,719.48,719.0501,719.075,216187
2026-09-08T19:10,719.06,719.36,719.04,719.24,121488
2026-09-08T19:15,719.22,719.31,718.87,718.8915,115656
2026-09-08T19:20,718.89,719.12,718.5501,718.62,135485
2026-09-08T19:25,718.68,719.079,718.51,718.965,152777
2026-09-08T19:30,718.965,719.01,718.57,718.93,162551
2026-09-08T19:35,718.9471,718.9599,718.62,718.7,183603
2026-09-08T19:40,718.75,718.855,718.45,718.57,231658
2026-09-08T19:45,718.58,718.67,717.99,718.47,334369
2026-09-08T19:50,718.5,718.62,717.25,717.495,863865
2026-09-08T19:55,717.58,718.54,717.39,718.36,3070497
2026-09-09T13:30,716.29,717.4074,715.49,716.9548,853203
2026-09-09T13:35,716.91,717.4399,716.68,717.08,382107
2026-09-09T13:40,717.08,717.54,716.551,716.96,414518
2026-09-09T13:45,716.99,717.79,716.41,717.45,837633
2026-09-09T13:50,717.45,718.0,717.08,717.9,367443
2026-09-09T13:55,717.89,719.06,717.8,718.88,509428
2026-09-09T14:00,718.87,719.5494,718.2062,719.335,480678
2026-09-09T14:05,719.33,719.7,718.92,719.19,389979
2026-09-09T14:10,719.19,719.38,718.51,718.945,382784
2026-09-09T14:15,718.88,718.92,717.1959,717.42,540885
2026-09-09T14:20,717.43,717.66,716.51,716.51,491209
2026-09-09T14:25,716.52,718.37,716.49,718.29,447001
2026-09-09T14:30,718.28,718.32,717.47,717.84,204004
2026-09-09T14:35,717.9,718.18,717.33,718.0381,261057
2026-09-09T14:40,717.99,718.5196,717.74,718.4,221631
2026-09-09T14:45,718.35,718.46,717.94,718.39,168670
2026-09-09T14:50,718.435,718.46,717.57,717.62,432668
2026-09-09T14:55,717.61,718.3796,717.58,718.17,208587
2026-09-09T15:00,718.1851,718.93,717.05,717.31,514508
2026-09-09T15:05,717.27,717.59,715.88,716.005,378587
2026-09-09T15:10,716.045,716.175,714.7329,715.015,474048
2026-09-09T15:15,715.01,716.27,714.84,716.09,471704
2026-09-09T15:20,716.09,716.36,714.02,714.16,484090
2026-09-09T15:25,714.155,714.8879,714.07,714.8,338341
2026-09-09T15:30,714.82,715.8557,714.75,715.7386,330145
2026-09-09T15:35,715.84,716.83,715.16,716.68,433310
2026-09-09T15:40,716.71,716.98,715.45,715.97,325374
2026-09-09T15:45,715.95,716.06,715.65,715.91,127351
2026-09-09T15:50,715.93,716.63,715.93,716.62,317272
2026-09-09T15:55,716.5971,716.5971,715.69,716.19,389056
2026-09-09T16:00,716.1911,716.43,716.037,716.39,159215
2026-09-09T16:05,716.39,716.51,715.37,715.385,295657
2026-09-09T16:10,715.385,715.88,715.3,715.37,169173
2026-09-09T16:15,715.38,715.41,714.99,715.11,187019
2026-09-09T16:20,715.1,715.35,714.9114,715.33,196233
2026-09-09T16:25,715.34,715.4199,714.71,714.96,226584
2026-09-09T16:30,715.01,715.89,714.98,715.765,231242
2026-09-09T16:35,715.76,716.07,715.575,716.0463,171718
2026-09-09T16:40,716.055,716.33,715.9,716.33,176952
2026-09-09T16:45,716.36,716.51,716.02,716.32,124955
2026-09-09T16:50,716.321,716.87,716.321,716.51,229226
2026-09-09T16:55,716.53,716.71,716.34,716.41,198630
2026-09-09T17:00,716.4,716.95,716.16,716.18,322895
2026-09-09T17:05,716.21,716.65,716.21,716.41,122708
2026-09-09T17:10,716.4,716.96,716.3,716.89,143908
2026-09-09T17:15,716.89,717.05,716.5,716.5,124715
2026-09-09T17:20,716.51,716.7,716.36,716.7,118859
2026-09-09T17:25,716.73,716.73,716.24,716.24,103924
2026-09-09T17:30,716.26,716.52,716.041,716.3,129548
2026-09-09T17:35,716.255,716.3999,715.7275,715.79,166591
2026-09-09T17:40,715.82,716.41,715.81,716.37,121614
2026-09-09T17:45,716.4,716.797,716.37,716.715,139819
2026-09-09T17:50,716.73,717.03,716.54,716.95,144217
2026-09-09T17:55,716.96,717.04,716.68,716.7,133200
2026-09-09T18:00,716.69,716.77,716.59,716.66,195149
2026-09-09T18:05,716.66,716.67,716.28,716.345,115586
2026-09-09T18:10,716.35,716.4099,716.0439,716.0439,149850
2026-09-09T18:15,716.01,716.255,715.93,716.0903,121737
2026-09-09T18:20,716.1,716.48,716.075,716.445,125101
2026-09-09T18:25,716.4451,716.5202,716.15,716.3,118258
2026-09-09T18:30,716.3122,716.4898,716.14,716.335,152805
2026-09-09T18:35,716.32,716.5295,716.3,716.4701,53972
2026-09-09T18:40,716.48,716.69,716.48,716.63,356571
2026-09-09T18:45,716.6225,716.695,716.41,716.4685,127338
2026-09-09T18:50,716.47,716.8,716.45,716.71,102081
2026-09-09T18:55,716.73,716.8,716.14,716.15,104314
2026-09-09T19:00,716.16,716.28,715.76,715.87,250537
2026-09-09T19:05,715.88,716.34,715.8386,716.26,541426
2026-09-09T19:10,716.275,716.34,716.16,716.225,306812
2026-09-09T19:15,716.225,716.72,716.211,716.64,219333
2026-09-09T19:20,716.66,716.745,716.44,716.5886,298458
2026-09-09T19:25,716.595,716.68,716.265,716.2761,105687
2026-09-09T19:30,716.28,716.39,716.14,716.23,231374
2026-09-09T19:35,716.235,716.28,715.98,716.05,713292
2026-09-09T19:40,716.02,716.15,715.91,716.13,270624
2026-09-09T19:45,716.13,716.25,715.94,716.19,389102
2026-09-09T19:50,716.15,716.23,715.78,715.995,484033
2026-09-09T19:55,716.01,716.37,715.53,716.31,1335881
2026-09-10T13:30,707.69,708.43,706.855,707.775,1645184
2026-09-10T13:35,707.78,709.9,707.58,709.721,890911
2026-09-10T13:40,709.7463,710.27,708.67,708.77,704583
2026-09-10T13:45,708.82,710.36,708.6255,709.8888,759433
2026-09-10T13:50,709.91,709.95,707.9307,707.95,553724
2026-09-10T13:55,707.955,708.4071,707.58,707.83,318791
2026-09-10T14:00,707.76,709.715,707.76,708.98,447493
2026-09-10T14:05,708.985,709.2,708.04,708.69,355213
2026-09-10T14:10,708.738,709.51,708.34,708.79,437422
2026-09-10T14:15,708.77,709.29,708.11,709.215,433901
2026-09-10T14:20,709.23,711.78,709.12,710.99,635002
2026-09-10T14:25,710.96,711.5852,710.17,710.41,638412
2026-09-10T14:30,710.41,711.25,710.385,710.705,382955
2026-09-10T14:35,710.71,712.06,710.71,711.725,443962
2026-09-10T14:40,711.73,711.92,710.81,711.14,334804
2026-09-10T14:45,711.1,711.48,710.56,710.93,236227
2026-09-10T14:50,710.9116,711.35,710.5,711.335,268122
2026-09-10T14:55,711.42,711.805,710.98,711.8,202137
2026-09-10T15:00,711.77,711.83,710.61,710.9175,714924
2026-09-10T15:05,710.93,711.57,710.803,710.88,310960
2026-09-10T15:10,710.875,711.72,710.855,711.36,225606
2026-09-10T15:15,711.33,711.45,710.46,710.805,311762
2026-09-10T15:20,710.82,711.1,710.21,711.03,320118
2026-09-10T15:25,711.03,711.6,710.84,711.13,249283
2026-09-10T15:30,711.13,711.425,710.68,711.29,246071
2026-09-10T15:35,711.27,711.98,710.94,711.24,298715
2026-09-10T15:40,711.21,711.575,710.95,711.51,156106
2026-09-10T15:45,711.54,711.63,710.61,711.005,206325
2026-09-10T15:50,710.95,711.21,710.385,710.385,404823
2026-09-10T15:55,710.39,710.5551,709.92,710.395,331615
2026-09-10T16:00,710.38,711.0,710.2,710.35,375596
2026-09-10T16:05,710.335,710.54,709.79,709.825,373739
2026-09-10T16:10,709.828,710.1,709.44,709.77,228034
2026-09-10T16:15,709.81,710.27,709.52,709.646,365387
2026-09-10T16:20,709.65,710.02,709.6405,709.7516,105917
2026-09-10T16:25,709.76,709.83,709.3325,709.64,200597
2026-09-10T16:30,709.635,710.1,708.98,709.08,400445
2026-09-10T16:35,709.04,709.61,708.63,709.505,180089
2026-09-10T16:40,709.5163,710.57,709.51,710.425,154842
2026-09-10T16:45,710.4231,711.21,710.365,710.46,341508
2026-09-10T16:50,710.445,711.08,710.3801,711.061,201394
2026-09-10T16:55,711.07,711.25,710.84,711.03,165820
2026-09-10T17:00,711.0079,711.81,710.55,710.88,394601
2026-09-10T17:05,710.88,711.11,710.69,710.91,118409
2026-09-10T17:10,710.8912,711.39,710.82,710.82,136162
2026-09-10T17:15,710.84,711.0,710.655,710.805,91400
2026-09-10T17:20,710.81,710.81,710.43,710.5,92939
2026-09-10T17:25,710.52,710.55,710.24,710.49,138472
2026-09-10T17:30,710.468,710.5875,710.2,710.31,169038
2026-09-10T17:35,710.32,710.5899,709.695,709.73,229101
2026-09-10T17:40,709.7001,710.31,709.67,710.29,134091
2026-09-10T17:45,710.3,710.35,709.93,709.97,708529
2026-09-10T17:50,709.985,710.31,709.8,710.0875,135230
2026-09-10T17:55,710.07,710.2,709.83,709.8995,87789
2026-09-10T18:00,709.88,710.23,709.33,709.47,211480
2026-09-10T18:05,709.45,709.71,709.12,709.21,157053
2026-09-10T18:10,709.21,709.45,708.97,709.235,165063
2026-09-10T18:15,709.245,709.3,708.98,709.28,237395
2026-09-10T18:20,709.275,709.705,709.275,709.4199,164588
2026-09-10T18:25,709.415,709.52,709.08,709.2099,163966
2026-09-10T18:30,709.17,709.36,708.9213,709.3401,184973
2026-09-10T18:35,709.34,709.62,709.17,709.605,210127
2026-09-10T18:40,709.61,709.615,709.385,709.55,114391
2026-09-10T18:45,709.54,709.8291,709.0101,709.46,193547
2026-09-10T18:50,709.4,710.18,709.14,709.77,622606
2026-09-10T18:55,709.77,709.9663,709.42,709.575,182056
2026-09-10T19:00,709.57,709.6062,709.03,709.0326,280863
2026-09-10T19:05,709.04,709.401,708.79,709.37,265754
2026-09-10T19:10,709.345,709.4299,708.8,709.1386,173334
2026-09-10T19:15,709.135,709.325,708.67,708.84,174322
2026-09-10T19:20,708.82,709.13,708.7,709.09,211200
2026-09-10T19:25,709.085,709.27,709.02,709.18,215104
2026-09-10T19:30,709.16,709.35,708.83,709.2826,430738
2026-09-10T19:35,709.27,709.31,708.83,709.16,331115
2026-09-10T19:40,709.175,709.43,709.09,709.135,252891
2026-09-10T19:45,709.135,709.35,708.89,709.18,387626
2026-09-10T19:50,709.17,709.39,708.28,708.61,760363
2026-09-10T19:55,708.58,708.85,708.35,708.69,1611447
2026-09-11T13:30,715.0,715.84,713.93,715.7037,1078474
2026-09-11T13:35,715.68,715.97,714.57,715.1,708479
2026-09-11T13:40,715.2538,716.18,714.0903,716.0,664466
2026-09-11T13:45,715.985,716.931,715.18,716.015,676262
2026-09-11T13:50,716.06,716.295,714.76,715.83,402292
2026-09-11T13:55,715.82,717.04,715.57,716.865,319262
2026-09-11T14:00,716.93,716.93,714.9151,715.0,446771
2026-09-11T14:05,714.98,715.3748,714.41,715.05,320562
2026-09-11T14:10,715.06,715.76,714.705,715.07,442494
2026-09-11T14:15,715.11,716.1699,714.57,716.12,467728
2026-09-11T14:20,716.12,716.67,715.99,716.2,343355
2026-09-11T14:25,716.265,716.83,716.13,716.46,266487
2026-09-11T14:30,716.5,716.55,715.43,715.54,405279
2026-09-11T14:35,715.44,715.5214,714.5,714.89,627800
2026-09-11T14:40,714.895,715.4599,714.11,714.56,328500
2026-09-11T14:45,714.56,715.1899,713.65,715.17,705097
2026-09-11T14:50,715.17,715.22,714.41,714.48,270983
2026-09-11T14:55,714.49,714.65,714.0,714.49,222627
2026-09-11T15:00,714.4493,715.28,714.27,715.2701,251675
2026-09-11T15:05,715.2777,715.98,715.22,715.69,354826
2026-09-11T15:10,715.705,715.8,714.6,715.08,209413
2026-09-11T15:15,715.08,716.29,715.08,716.12,294268
2026-09-11T15:20,716.14,716.73,716.08,716.68,159011
2026-09-11T15:25,716.6801,717.45,716.6,717.275,464610
2026-09-11T15:30,717.27,717.62,717.09,717.29,258918
2026-09-11T15:35,717.28,717.325,716.74,717.05,146492
2026-09-11T15:40,717.05,717.23,716.8301,717.11,105947
2026-09-11T15:45,717.1,717.1,716.7,716.9,112939
2026-09-11T15:50,716.91,717.049,716.245,716.39,156784
2026-09-11T15:55,716.38,716.7,716.22,716.46,212190
2026-09-11T16:00,716.46,717.2,716.45,717.185,131194
2026-09-11T16:05,717.21,717.26,716.67,716.9,100405
2026-09-11T16:10,716.89,716.97,716.32,716.3899,95371
2026-09-11T16:15,716.35,716.46,716.06,716.125,122238
2026-09-11T16:20,716.17,716.25,715.77,715.86,197824
2026-09-11T16:25,715.875,716.1,715.18,715.25,355573
2026-09-11T16:30,715.2763,716.22,715.12,715.96,271450
2026-09-11T16:35,715.91,715.9199,715.17,715.1903,96583
2026-09-11T16:40,715.185,716.04,715.05,716.0,102836
2026-09-11T16:45,715.99,716.0678,715.57,715.605,61243
2026-09-11T16:50,715.555,715.92,715.555,715.9,66159
2026-09-11T16:55,715.91,716.13,715.85,716.085,185349
2026-09-11T17:00,716.11,716.41,716.1,716.2,150367
2026-09-11T17:05,716.2006,716.79,716.2006,716.49,144156
2026-09-11T17:10,716.495,716.645,716.09,716.1101,123290
2026-09-11T17:15,716.14,716.74,716.14,716.625,117873
2026-09-11T17:20,716.63,717.045,716.62,717.04,260405
2026-09-11T17:25,717.03,717.13,716.765,716.765,118013
2026-09-11T17:30,716.72,717.09,716.71,716.75,120441
2026-09-11T17:35,716.78,716.8997,716.65,716.69,102211
2026-09-11T17:40,716.6801,716.94,716.6401,716.76,181771
2026-09-11T17:45,716.75,716.89,716.56,716.84,273228
2026-09-11T17:50,716.87,716.88,716.7515,716.765,182726
2026-09-11T17:55,716.79,716.82,716.44,716.51,109885
2026-09-11T18:00,716.53,716.71,716.46,716.57,89584
2026-09-11T18:05,716.55,716.555,716.31,716.36,246224
2026-09-11T18:10,716.385,716.39,716.1799,716.2401,232183
2026-09-11T18:15,716.27,716.37,716.09,716.25,146501
2026-09-11T18:20,716.259,716.27,715.72,716.0,525486
2026-09-11T18:25,716.01,716.36,715.915,716.285,141874
2026-09-11T18:30,716.28,716.64,716.04,716.57,187058
2026-09-11T18:35,716.62,716.67,716.3,716.39,83979
2026-09-11T18:40,716.4,716.46,716.11,716.18,96260
2026-09-11T18:45,716.19,716.34,715.97,716.03,135957
2026-09-11T18:50,716.0,716.09,715.91,715.94,111875
2026-09-11T18:55,715.93,716.185,715.88,715.9401,195226
2026-09-11T19:00,715.98,716.05,715.79,715.861,158376
2026-09-11T19:05,715.89,716.0,715.5601,715.62,139912
2026-09-11T19:10,715.606,715.6937,715.3923,715.6,111215
2026-09-11T19:15,715.655,715.86,715.57,715.69,98819
2026-09-11T19:20,715.705,715.83,715.57,715.82,110472
2026-09-11T19:25,715.81,715.88,715.54,715.605,104171
2026-09-11T19:30,715.59,715.7199,715.55,715.71,151599
2026-09-11T19:35,715.71,715.74,715.57,715.67,266117
2026-09-11T19:40,715.67,715.89,715.66,715.79,305977
2026-09-11T19:45,715.79,715.905,715.53,715.59,1683146
2026-09-11T19:50,715.58,715.665,715.11,715.475,494577
2026-09-11T19:55,715.45,715.45,714.74,714.88,1691511
2026-09-14T13:30,703.29,703.99,702.75,703.34,1810159
2026-09-14T13:35,703.32,703.675,702.77,702.9599,1003134
2026-09-14T13:40,702.96,704.53,702.83,704.485,700589
2026-09-14T13:45,704.49,706.74,704.48,706.4413,1345616
2026-09-14T13:50,706.44,706.65,705.6,705.815,723748
2026-09-14T13:55,705.81,706.11,705.42,705.785,470686
2026-09-14T14:00,705.7401,706.605,705.7,706.235,402511
2026-09-14T14:05,706.21,707.48,706.14,707.24,467882
2026-09-14T14:10,707.205,707.7699,707.205,707.42,606634
2026-09-14T14:15,707.43,707.62,706.395,706.72,542770
2026-09-14T14:20,706.71,706.74,705.76,705.81,418343
2026-09-14T14:25,705.7699,705.91,705.11,705.78,548337
2026-09-14T14:30,705.7924,706.1,705.39,706.055,297739
2026-09-14T14:35,706.025,706.025,704.65,704.95,330034
2026-09-14T14:40,704.91,705.44,704.5901,705.44,313156
2026-09-14T14:45,705.45,706.11,705.34,705.7635,263524
2026-09-14T14:50,705.82,705.83,705.03,705.19,226169
2026-09-14T14:55,705.21,705.95,704.93,705.91,169213
2026-09-14T15:00,705.905,706.03,705.27,705.33,268811
2026-09-14T15:05,705.3,707.55,705.3,706.559,710277
2026-09-14T15:10,706.615,706.74,706.15,706.16,171950
2026-09-14T15:15,706.16,707.12,706.05,707.0,190662
2026-09-14T15:20,707.01,707.45,706.75,707.375,308400
2026-09-14T15:25,707.33,707.76,707.16,707.55,270346
2026-09-14T15:30,707.53,709.59,707.38,709.5762,754966
2026-09-14T15:35,709.4899,709.97,709.06,709.83,419888
2026-09-14T15:40,709.84,710.6466,709.56,710.435,648198
2026-09-14T15:45,710.46,710.5,709.76,709.785,555069
2026-09-14T15:50,709.795,710.1063,709.56,710.001,287362
2026-09-14T15:55,710.02,710.13,709.71,709.8376,197897
2026-09-14T16:00,709.79,709.8849,709.1,709.1,232665
2026-09-14T16:05,709.03,709.34,708.84,708.995,419745
2026-09-14T16:10,709.0,709.5999,708.96,709.49,181941
2026-09-14T16:15,709.48,711.039,709.48,710.815,348264
2026-09-14T16:20,710.815,711.12,710.43,710.895,216666
2026-09-14T16:25,710.885,710.94,710.165,710.3,121134
2026-09-14T16:30,710.19,710.62,710.12,710.24,235112
2026-09-14T16:35,710.24,710.5491,710.05,710.49,119874
2026-09-14T16:40,710.475,710.9,710.335,710.9,239239
2026-09-14T16:45,710.94,712.3,710.5901,711.965,546772
2026-09-14T16:50,711.97,712.22,711.72,711.76,392667
2026-09-14T16:55,711.76,711.92,711.4,711.86,139405
2026-09-14T17:00,711.86,712.02,711.49,711.67,106351
2026-09-14T17:05,711.65,711.7999,711.39,711.67,124411
2026-09-14T17:10,711.69,712.2862,711.62,711.755,104848
2026-09-14T17:15,711.755,711.935,711.36,711.5999,103274
2026-09-14T17:20,711.61,712.02,711.5405,711.93,173668
2026-09-14T17:25,711.97,712.35,711.8,712.348,348526
2026-09-14T17:30,712.35,712.5,712.11,712.28,443794
2026-09-14T17:35,712.305,712.49,712.09,712.485,96586
2026-09-14T17:40,712.4701,712.5,712.22,712.381,152738
2026-09-14T17:45,712.4,712.7,712.39,712.615,99128
2026-09-14T17:50,712.63,712.84,712.54,712.735,134142
2026-09-14T17:55,712.74,712.95,712.4,712.413,164280
2026-09-14T18:00,712.455,712.865,712.2,712.295,181508
2026-09-14T18:05,712.285,712.59,712.1022,712.51,134643
2026-09-14T18:10,712.53,712.53,712.231,712.435,87118
2026-09-14T18:15,712.47,712.62,712.19,712.275,133561
2026-09-14T18:20,712.265,712.3,711.92,711.92,139029
2026-09-14T18:25,711.91,712.06,711.812,711.91,200571
2026-09-14T18:30,711.95,712.27,711.85,712.1301,292913
2026-09-14T18:35,712.13,712.41,712.045,712.259,89244
2026-09-14T18:40,712.2125,712.42,712.13,712.13,182317
2026-09-14T18:45,712.15,712.23,711.8,712.18,230794
2026-09-14T18:50,712.175,712.25,711.98,712.04,79195
2026-09-14T18:55,711.99,712.1,711.7425,711.84,97363
2026-09-14T19:00,711.83,711.86,711.4801,711.63,200971
2026-09-14T19:05,711.615,711.67,711.135,711.305,195707
2026-09-14T19:10,711.31,711.435,711.12,711.23,209499
2026-09-14T19:15,711.24,711.24,710.9501,711.16,178350
2026-09-14T19:20,711.15,711.21,710.855,711.042,257492
2026-09-14T19:25,711.065,711.18,710.99,711.035,264831
2026-09-14T19:30,711.03,711.18,710.97,710.98,284856
2026-09-14T19:35,711.0,711.015,710.68,710.69,375551
2026-09-14T19:40,710.6987,710.93,710.665,710.78,439715
2026-09-14T19:45,710.73,711.01,710.73,710.965,921094
2026-09-14T19:50,710.92,711.0,710.07,710.2102,1320505
2026-09-14T19:55,710.21,710.21,709.09,709.18,3708283
2026-09-15T13:30,708.76,708.855,707.56,707.88,861085
2026-09-15T13:35,707.885,709.228,707.885,708.98,569066
2026-09-15T13:40,708.98,709.23,708.4,709.145,566323
2026-09-15T13:45,709.13,709.5299,708.825,708.98,435868
2026-09-15T13:50,708.965,709.1354,708.43,708.985,360141
2026-09-15T13:55,708.985,709.16,708.645,708.95,203153
2026-09-15T14:00,708.95,709.01,708.19,708.19,454812
2026-09-15T14:05,708.19,708.34,707.6,707.79,280551
2026-09-15T14:10,707.7801,707.8,706.82,706.925,418730
2026-09-15T14:15,706.93,707.43,706.865,707.24,319302
2026-09-15T14:20,707.235,707.39,705.95,706.54,389969
2026-09-15T14:25,706.57,706.8,706.2916,706.555,203967
2026-09-15T14:30,706.55,706.73,705.96,706.11,424194
2026-09-15T14:35,706.13,706.34,705.58,705.7,297986
2026-09-15T14:40,705.655,705.6599,705.3,705.585,326075
2026-09-15T14:45,705.595,705.92,705.13,705.13,301129
2026-09-15T14:50,705.1,705.195,703.906,704.475,685720
2026-09-15T14:55,704.475,704.91,704.21,704.48,333085
2026-09-15T15:00,704.475,705.54,704.475,705.54,357326
2026-09-15T15:05,705.54,705.66,705.16,705.29,219709
2026-09-15T15:10,705.285,705.45,704.95,705.275,400615
2026-09-15T15:15,705.27,705.76,705.1,705.57,202297
2026-09-15T15:20,705.58,705.77,705.135,705.575,182015
2026-09-15T15:25,705.6,705.81,705.41,705.6595,164082
2026-09-15T15:30,705.66,705.71,704.9625,705.42,229930
2026-09-15T15:35,705.46,705.63,705.2,705.21,100570
2026-09-15T15:40,705.1901,705.8048,705.1901,705.6,331373
2026-09-15T15:45,705.58,705.65,704.98,705.1,148238
2026-09-15T15:50,705.1,705.87,705.08,705.375,278074
2026-09-15T15:55,705.39,706.02,705.255,705.32,153958
2026-09-15T16:00,705.35,705.61,705.22,705.5121,164227
2026-09-15T16:05,705.47,705.5,704.571,704.67,167795
2026-09-15T16:10,704.65,704.77,704.4901,704.53,142347
2026-09-15T16:15,704.535,705.1,704.46,705.09,168357
2026-09-15T16:20,705.07,705.92,705.07,705.7887,274390
2026-09-15T16:25,705.78,705.8805,705.45,705.51,167314
2026-09-15T16:30,705.505,705.75,705.1104,705.59,183090
2026-09-15T16:35,705.5999,705.62,705.3301,705.475,67506
2026-09-15T16:40,705.46,705.549,705.25,705.39,97187
2026-09-15T16:45,705.39,705.54,705.1205,705.3344,101233
2026-09-15T16:50,705.31,705.96,705.29,705.895,145280
2026-09-15T16:55,705.9,706.0,705.27,705.44,118221
2026-09-15T17:00,705.44,705.52,704.78,704.78,202243
2026-09-15T17:05,704.76,705.17,704.6307,704.88,233505
2026-09-15T17:10,704.895,705.25,704.8,704.825,200265
2026-09-15T17:15,704.84,705.01,704.762,705.0,93906
2026-09-15T17:20,705.0,705.12,704.56,704.5718,141138
2026-09-15T17:25,704.57,704.87,704.55,704.8,127148
2026-09-15T17:30,704.81,705.13,704.725,704.9,296306
2026-09-15T17:35,704.91,705.0499,704.72,704.79,95342
2026-09-15T17:40,704.79,704.95,704.53,704.85,142815
2026-09-15T17:45,704.825,704.96,704.6,704.67,174940
2026-09-15T17:50,704.66,705.03,704.625,705.0197,287481
2026-09-15T17:55,705.0,705.1985,704.89,705.0,244682
2026-09-15T18:00,705.0,705.25,704.82,705.235,228866
2026-09-15T18:05,705.225,705.38,705.11,705.38,277643
2026-09-15T18:10,705.385,705.57,705.26,705.38,468418
2026-09-15T18:15,705.41,705.46,704.985,705.085,147727
2026-09-15T18:20,705.08,705.22,705.065,705.1699,191686
2026-09-15T18:25,705.18,705.4,705.07,705.395,160916
2026-09-15T18:30,705.3987,705.3987,704.82,704.87,160820
2026-09-15T18:35,704.8775,704.9624,704.7,704.87,244812
2026-09-15T18:40,704.875,705.13,704.65,704.68,228981
2026-09-15T18:45,704.685,704.73,704.1906,704.34,273030
2026-09-15T18:50,704.33,704.53,704.27,704.5,256954
2026-09-15T18:55,704.5,704.755,704.441,704.7304,119271
2026-09-15T19:00,704.73,704.88,704.5,704.68,216795
2026-09-15T19:05,704.68,704.78,704.54,704.72,154591
2026-09-15T19:10,704.72,704.78,704.4,704.4561,366100
2026-09-15T19:15,704.445,704.53,704.275,704.47,351151
2026-09-15T19:20,704.46,704.48,704.289,704.33,259943
2026-09-15T19:25,704.335,704.51,704.23,704.36,264702
2026-09-15T19:30,704.36,704.4278,704.225,704.24,202548
2026-09-15T19:35,704.23,704.23,703.8,703.9099,453526
2026-09-15T19:40,703.9,704.16,703.82,704.085,378326
2026-09-15T19:45,704.08,704.23,703.9458,704.195,394182
2026-09-15T19:50,704.17,704.34,703.635,704.34,765297
2026-09-15T19:55,704.31,704.645,704.08,704.54,2515607
2026-09-16T13:30,708.06,708.79,707.885,708.45,956581
2026-09-16T13:35,708.38,708.582,707.65,708.12,682076
2026-09-16T13:40,708.11,708.81,708.02,708.39,339961
2026-09-16T13:45,708.4,709.82,708.35,709.77,660281
2026-09-16T13:50,709.77,710.14,709.59,709.795,415045
2026-09-16T13:55,709.81,710.25,709.65,710.21,303789
2026-09-16T14:00,710.22,710.27,709.04,709.14,275823
2026-09-16T14:05,709.15,709.92,708.91,709.6099,252401
2026-09-16T14:10,709.595,709.76,708.75,709.52,223341
2026-09-16T14:15,709.49,710.1399,709.37,709.97,203874
2026-09-16T14:20,709.94,710.09,709.65,709.81,148025
2026-09-16T14:25,709.83,709.87,709.395,709.5801,133468
2026-09-16T14:30,709.565,709.7197,709.225,709.43,197442
2026-09-16T14:35,709.41,709.49,708.95,709.24,191718
2026-09-16T14:40,709.201,709.89,709.201,709.89,241825
2026-09-16T14:45,709.8896,710.08,709.54,709.69,390233
2026-09-16T14:50,709.69,710.035,709.52,709.8399,142053
2026-09-16T14:55,709.85,710.73,709.76,710.6579,199140
2026-09-16T15:00,710.72,711.03,710.35,710.75,295024
2026-09-16T15:05,710.74,711.55,710.52,711.42,517957
2026-09-16T15:10,711.41,711.5,710.92,711.28,226301
2026-09-16T15:15,711.311,711.311,710.62,710.91,165802
2026-09-16T15:20,710.9,711.14,710.72,711.1081,135466
2026-09-16T15:25,711.0801,711.31,710.762,710.87,238523
2026-09-16T15:30,710.9,710.96,710.3,710.46,173330
2026-09-16T15:35,710.49,710.83,710.33,710.56,201766
2026-09-16T15:40,710.5699,710.7368,710.345,710.6,125092
2026-09-16T15:45,710.59,711.85,710.4404,711.34,398786
2026-09-16T15:50,711.38,711.45,710.9501,711.03,153759
2026-09-16T15:55,710.965,711.0789,710.6301,710.6301,87375
2026-09-16T16:00,710.67,710.73,710.13,710.15,140980
2026-09-16T16:05,710.13,710.44,710.1,710.3301,106888
2026-09-16T16:10,710.34,710.38,710.01,710.3099,107861
2026-09-16T16:15,710.33,710.5995,710.29,710.49,94609
2026-09-16T16:20,710.48,710.48,709.93,709.995,113923
2026-09-16T16:25,710.0,710.38,709.966,710.35,91747
2026-09-16T16:30,710.34,710.41,709.87,709.8808,152337
2026-09-16T16:35,709.88,710.09,709.88,710.02,131485
2026-09-16T16:40,710.018,710.15,709.94,710.0,115979
2026-09-16T16:45,710.01,710.52,710.01,710.39,88967
2026-09-16T16:50,710.36,710.42,709.91,710.094,92708
2026-09-16T16:55,710.092,710.21,709.96,709.965,60775
2026-09-16T17:00,709.98,709.98,709.28,709.4635,174746
2026-09-16T17:05,709.475,709.57,709.39,709.57,85611
2026-09-16T17:10,709.57,709.82,709.4,709.75,76084
2026-09-16T17:15,709.755,709.86,709.58,709.62,75970
2026-09-16T17:20,709.63,709.81,709.38,709.45,75134
2026-09-16T17:25,709.46,709.71,709.46,709.685,79026
2026-09-16T17:30,709.7,709.83,709.47,709.5601,90807
2026-09-16T17:35,709.58,709.65,709.31,709.31,166880
2026-09-16T17:40,709.3,709.31,708.772,708.879,295237
2026-09-16T17:45,708.89,709.37,708.88,709.09,131974
2026-09-16T17:50,709.12,709.53,708.96,709.42,168443
2026-09-16T17:55,709.41,710.21,709.371,710.19,368336
2026-09-16T18:00,710.21,711.1,708.6,710.92,1121901
2026-09-16T18:05,710.94,711.65,710.5795,710.7699,652334
2026-09-16T18:10,710.75,710.95,709.69,709.89,381152
2026-09-16T18:15,709.885,710.29,709.55,709.92,308261
2026-09-16T18:20,709.84,710.23,709.45,709.61,258549
2026-09-16T18:25,709.65,709.75,708.45,709.6651,377613
2026-09-16T18:30,709.5878,709.92,707.52,707.64,619656
2026-09-16T18:35,707.62,708.33,705.895,708.08,872750
2026-09-16T18:40,707.995,710.62,707.93,709.31,728242
2026-09-16T18:45,709.29,710.07,707.7661,707.92,559437
2026-09-16T18:50,707.88,708.225,705.725,705.77,637344
2026-09-16T18:55,705.83,706.48,704.02,704.28,986709
2026-09-16T19:00,704.31,706.02,704.075,705.38,989349
2026-09-16T19:05,705.3,705.38,703.24,703.6664,797990
2026-09-16T19:10,703.66,703.83,701.35,701.9099,1258891
2026-09-16T19:15,701.855,702.67,700.7663,701.33,942059
2026-09-16T19:20,701.36,701.84,700.68,701.3694,766750
2026-09-16T19:25,701.43,701.9864,700.0,701.89,843262
2026-09-16T19:30,701.875,703.45,701.655,703.425,937441
2026-09-16T19:35,703.4,703.52,702.16,703.28,947572
2026-09-16T19:40,703.2763,703.68,702.32,702.8601,992020
2026-09-16T19:45,702.88,704.34,702.86,704.09,562940
2026-09-16T19:50,704.09,704.77,703.87,704.4,780556
2026-09-16T19:55,704.4,705.03,703.92,704.72,2229501
2026-09-17T13:30,716.05,716.37,714.06,714.11,1453029
2026-09-17T13:35,714.11,714.72,713.32,713.67,859834
2026-09-17T13:40,713.68,714.3799,713.51,714.21,634135
2026-09-17T13:45,714.23,714.85,713.8,714.74,631273
2026-09-17T13:50,714.76,715.495,714.28,715.04,583245
2026-09-17T13:55,715.03,715.38,714.75,715.37,353627
2026-09-17T14:00,715.41,715.41,714.43,714.9709,410174
2026-09-17T14:05,715.04,715.185,714.16,714.6072,262740
2026-09-17T14:10,714.615,716.02,714.345,715.85,435271
2026-09-17T14:15,715.85,716.0999,715.565,715.88,492378
2026-09-17T14:20,715.874,716.22,715.4605,716.14,279657
2026-09-17T14:25,716.16,716.61,715.945,715.96,361253
2026-09-17T14:30,715.98,716.59,715.9,716.4909,578840
2026-09-17T14:35,716.51,716.695,716.22,716.25,342267
2026-09-17T14:40,716.27,716.8,716.0001,716.04,265437
2026-09-17T14:45,716.05,716.12,715.21,715.505,276848
2026-09-17T14:50,715.5,715.61,714.95,715.1,766463
2026-09-17T14:55,715.08,715.57,714.92,715.175,379415
2026-09-17T15:00,715.23,715.395,714.9,715.06,817060
2026-09-17T15:05,715.07,715.48,714.58,715.285,257599
2026-09-17T15:10,715.2875,715.37,715.02,715.29,117376
2026-09-17T15:15,715.3,715.625,715.03,715.54,122584
2026-09-17T15:20,715.57,715.57,715.23,715.535,218595
2026-09-17T15:25,715.53,716.03,715.53,715.86,267779
2026-09-17T15:30,715.86,715.95,715.69,715.8499,117464
2026-09-17T15:35,715.86,716.17,715.8,716.17,201039
2026-09-17T15:40,716.18,716.65,716.14,716.53,233225
2026-09-17T15:45,716.52,716.7118,716.42,716.63,214096
2026-09-17T15:50,716.7,716.74,716.42,716.56,185297
2026-09-17T15:55,716.56,716.69,716.27,716.67,247471
2026-09-17T16:00,716.71,716.76,716.33,716.3395,118757
2026-09-17T16:05,716.335,716.68,716.075,716.64,134164
2026-09-17T16:10,716.66,716.71,716.4501,716.63,118594
2026-09-17T16:15,716.645,716.6941,716.46,716.58,237988
2026-09-17T16:20,716.61,716.9386,716.4,716.815,250080
2026-09-17T16:25,716.81,716.9,716.69,716.815,232481
2026-09-17T16:30,716.81,716.8839,716.105,716.276,312629
2026-09-17T16:35,716.29,716.5,716.22,716.41,334643
2026-09-17T16:40,716.405,716.7901,716.2801,716.7901,152192
2026-09-17T16:45,716.7951,716.86,716.6501,716.715,129703
2026-09-17T16:50,716.71,716.84,716.66,716.71,56447
2026-09-17T16:55,716.7,716.74,715.8,716.6974,388407
2026-09-17T17:00,716.68,717.07,716.645,716.9795,335482
2026-09-17T17:05,716.99,717.16,716.79,716.8,182800
2026-09-17T17:10,716.84,716.84,716.43,716.45,178209
2026-09-17T17:15,716.4858,716.72,716.445,716.62,121907
2026-09-17T17:20,716.59,716.72,716.24,716.2612,134294
2026-09-17T17:25,716.29,716.52,716.2201,716.32,98589
2026-09-17T17:30,716.34,716.49,716.112,716.48,138981
2026-09-17T17:35,716.47,716.58,716.26,716.27,285308
2026-09-17T17:40,716.3,716.61,716.3,716.59,169326
2026-09-17T17:45,716.57,716.76,716.54,716.62,136006
2026-09-17T17:50,716.6,716.61,716.35,716.44,130591
2026-09-17T17:55,716.45,716.72,716.41,716.68,178322
2026-09-17T18:00,716.7,716.75,716.49,716.69,138995
2026-09-17T18:05,716.69,716.825,716.275,716.32,498986
2026-09-17T18:10,716.375,716.49,716.28,716.415,375396
2026-09-17T18:15,716.41,716.6496,716.195,716.55,291969
2026-09-17T18:20,716.5501,716.6127,716.25,716.29,281281
2026-09-17T18:25,716.285,716.43,716.28,716.33,1425083
2026-09-17T18:30,716.36,716.5,716.2,716.22,849295
2026-09-17T18:35,716.22,716.255,715.93,715.95,415691
2026-09-17T18:40,715.95,716.14,715.86,716.1099,260705
2026-09-17T18:45,716.13,716.37,716.08,716.24,150774
2026-09-17T18:50,716.23,716.35,716.12,716.22,168797
2026-09-17T18:55,716.22,716.3155,716.1,716.24,260153
2026-09-17T19:00,716.3,716.6062,716.225,716.575,403513
2026-09-17T19:05,716.5799,716.95,716.5706,716.665,447501
2026-09-17T19:10,716.67,716.84,716.575,716.7,491103
2026-09-17T19:15,716.71,716.86,716.6246,716.8,347239
2026-09-17T19:20,716.81,716.86,716.5801,716.595,582337
2026-09-17T19:25,716.6,716.69,716.44,716.53,430973
2026-09-17T19:30,716.525,717.05,716.505,717.01,517875
2026-09-17T19:35,717.025,717.21,717.02,717.155,546434
2026-09-17T19:40,717.155,717.34,716.91,717.29,652237
2026-09-17T19:45,717.29,717.34,716.975,717.06,1079797
2026-09-17T19:50,717.07,718.0401,717.07,717.469,1248663
2026-09-17T19:55,717.33,717.62,716.6,716.92,3707815
2026-09-18T13:30,718.84,719.47,718.5,718.735,1346495
2026-09-18T13:35,718.73,719.41,718.45,719.34,917822
2026-09-18T13:40,719.34,719.54,718.52,718.87,639103
2026-09-18T13:45,718.875,719.35,718.28,718.37,773119
2026-09-18T13:50,718.36,718.6,717.96,718.04,428153
2026-09-18T13:55,718.0351,718.19,717.64,717.9299,438393
2026-09-18T14:00,717.91,718.08,716.62,716.68,699232
2026-09-18T14:05,716.705,717.2,716.4,717.02,618490
2026-09-18T14:10,717.015,717.39,716.4605,716.4801,623753
2026-09-18T14:15,716.49,716.67,715.895,716.6368,832688
2026-09-18T14:20,716.63,717.16,716.44,716.775,303301
2026-09-18T14:25,716.78,717.1,716.61,716.7,303442
2026-09-18T14:30,716.705,716.92,716.3318,716.6595,272767
2026-09-18T14:35,716.66,717.2535,716.301,716.85,279133
2026-09-18T14:40,716.845,716.87,716.13,716.38,269679
2026-09-18T14:45,716.38,717.07,716.2201,717.04,248682
2026-09-18T14:50,717.031,717.65,716.8942,717.55,1055086
2026-09-18T14:55,717.56,717.62,717.1761,717.43,328669
2026-09-18T15:00,717.43,717.58,716.94,717.28,332646
2026-09-18T15:05,717.27,717.73,717.19,717.21,347736
2026-09-18T15:10,717.22,717.31,716.645,716.74,302966
2026-09-18T15:15,716.75,716.88,716.555,716.8,3193428
2026-09-18T15:20,716.8,717.09,716.685,716.99,490256
2026-09-18T15:25,716.98,717.36,716.98,717.25,177704
2026-09-18T15:30,717.24,717.38,716.71,716.9,372438
2026-09-18T15:35,716.89,717.09,716.55,716.63,267287
2026-09-18T15:40,716.63,716.69,716.34,716.61,199572
2026-09-18T15:45,716.63,716.69,716.33,716.54,130880
2026-09-18T15:50,716.54,716.8,716.26,716.315,385168
2026-09-18T15:55,716.32,716.545,716.15,716.29,311935
2026-09-18T16:00,716.275,716.32,716.0501,716.2101,413460
2026-09-18T16:05,716.23,716.63,716.22,716.41,529329
2026-09-18T16:10,716.405,716.53,716.29,716.295,495610
2026-09-18T16:15,716.275,716.605,716.18,716.555,203319
2026-09-18T16:20,716.57,716.605,715.34,715.41,409332
2026-09-18T16:25,715.415,716.1619,715.08,716.065,578877
2026-09-18T16:30,716.07,716.56,715.87,716.38,305602
2026-09-18T16:35,716.385,716.5,716.015,716.2406,178820
2026-09-18T16:40,716.265,716.58,716.1201,716.485,271140
2026-09-18T16:45,716.46,716.54,716.12,716.43,135607
2026-09-18T16:50,716.4099,716.78,716.4099,716.7209,185216
2026-09-18T16:55,716.75,716.87,716.59,716.74,110222
2026-09-18T17:00,716.745,716.8701,716.55,716.83,154595
2026-09-18T17:05,716.8,717.08,716.8,716.91,156777
2026-09-18T17:10,716.95,717.05,716.685,717.03,896582
2026-09-18T17:15,717.04,717.22,717.015,717.09,273412
2026-09-18T17:20,717.17,717.21,717.0,717.2,296824
2026-09-18T17:25,717.19,717.29,717.05,717.07,169172
2026-09-18T17:30,717.06,717.07,716.851,717.06,201519
2026-09-18T17:35,717.05,717.41,717.05,717.405,158512
2026-09-18T17:40,717.4061,717.56,717.3401,717.55,170565
2026-09-18T17:45,717.55,717.63,717.46,717.505,200611
2026-09-18T17:50,717.495,717.64,717.435,717.55,166674
2026-09-18T17:55,717.56,717.67,717.505,717.59,134353
2026-09-18T18:00,717.59,717.7,717.44,717.565,143810
2026-09-18T18:05,717.555,717.59,717.4,717.44,158968
2026-09-18T18:10,717.45,717.48,717.211,717.3498,564337
2026-09-18T18:15,717.34,717.6,717.33,717.6,416587
2026-09-18T18:20,717.5926,718.16,717.5926,717.88,483065
2026-09-18T18:25,717.89,718.0,717.75,717.95,125351
2026-09-18T18:30,717.9799,718.07,717.8359,718.07,163856
2026-09-18T18:35,718.0687,718.09,717.805,717.965,96844
2026-09-18T18:40,717.96,718.211,717.88,718.2041,167960
2026-09-18T18:45,718.2,719.0,718.195,718.9,561367
2026-09-18T18:50,718.881,719.6,718.8724,719.3,899251
2026-09-18T18:55,719.3,719.325,719.05,719.13,292780
2026-09-18T19:00,719.19,719.5477,719.12,719.48,218389
2026-09-18T19:05,719.48,719.64,719.12,719.2994,1576248
2026-09-18T19:10,719.3,719.455,719.1199,719.24,263638
2026-09-18T19:15,719.235,719.36,719.16,719.3,763493
2026-09-18T19:20,719.2999,719.47,719.17,719.35,645426
2026-09-18T19:25,719.35,719.39,719.075,719.12,277500
2026-09-18T19:30,719.12,719.17,718.93,718.97,362997
2026-09-18T19:35,718.97,719.37,718.935,719.28,355816
2026-09-18T19:40,719.305,719.6,719.23,719.59,482939
2026-09-18T19:45,719.59,720.09,719.555,720.06,702557
2026-09-18T19:50,720.09,720.4402,719.845,720.235,1109502
2026-09-18T19:55,720.2397,721.725,720.23,721.45,6971592
2026-09-21T13:30,728.02,728.84,727.82,728.655,1659006
2026-09-21T13:35,728.66,729.92,728.305,729.805,1411147
2026-09-21T13:40,729.81,730.785,729.79,730.78,1177007
2026-09-21T13:45,730.77,731.5,730.77,731.22,783032
2026-09-21T13:50,731.22,732.39,731.07,732.385,765577
2026-09-21T13:55,732.3808,732.67,732.08,732.5701,590861
2026-09-21T14:00,732.56,733.07,732.45,732.59,840010
2026-09-21T14:05,732.595,732.61,732.09,732.38,503377
2026-09-21T14:10,732.35,733.19,732.35,732.9901,447136
2026-09-21T14:15,733.05,733.81,733.05,733.76,474433
2026-09-21T14:20,733.75,734.66,733.48,734.57,615517
2026-09-21T14:25,734.59,735.0,734.4,734.97,555035
2026-09-21T14:30,734.975,735.27,734.81,735.12,1996864
2026-09-21T14:35,735.11,735.8611,735.11,735.23,584337
2026-09-21T14:40,735.29,735.5,734.56,734.935,544843
2026-09-21T14:45,734.93,735.25,734.62,734.97,640643
2026-09-21T14:50,734.96,735.19,734.65,735.1669,280721
2026-09-21T14:55,735.15,735.87,734.995,735.72,316507
2026-09-21T15:00,735.73,736.35,735.69,736.33,588931
2026-09-21T15:05,736.3299,736.38,736.04,736.32,295094
2026-09-21T15:10,736.3375,736.43,736.115,736.32,202336
2026-09-21T15:15,736.33,736.57,736.2054,736.536,246487
2026-09-21T15:20,736.54,736.55,736.2,736.285,265321
2026-09-21T15:25,736.28,736.6,736.21,736.57,268896
2026-09-21T15:30,736.585,736.795,736.43,736.51,229966
2026-09-21T15:35,736.53,737.2,736.45,737.11,406498
2026-09-21T15:40,737.12,737.2699,736.9106,737.23,256755
2026-09-21T15:45,737.29,737.69,737.29,737.5,340776
2026-09-21T15:50,737.5,737.86,737.21,737.23,614173
2026-09-21T15:55,737.225,737.33,736.94,737.1401,320419
2026-09-21T16:00,737.146,737.66,736.9401,737.615,315573
2026-09-21T16:05,737.615,738.18,737.37,738.15,511267
2026-09-21T16:10,738.16,738.36,738.03,738.16,243037
2026-09-21T16:15,738.23,738.395,738.04,738.265,505781
2026-09-21T16:20,738.25,738.64,738.15,738.6088,275403
2026-09-21T16:25,738.574,739.0,738.535,738.775,382117
2026-09-21T16:30,738.766,739.39,738.745,739.24,318299
2026-09-21T16:35,739.24,739.3,738.48,738.525,711263
2026-09-21T16:40,738.535,738.93,738.51,738.6,232826
2026-09-21T16:45,738.62,738.85,738.604,738.79,248804
2026-09-21T16:50,738.82,738.8895,738.5,738.69,202005
2026-09-21T16:55,738.7,738.85,738.6,738.835,37760
2026-09-21T17:00,738.84,739.01,738.82,738.955,389866
2026-09-21T17:05,738.97,739.15,738.72,738.8356,200170
2026-09-21T17:10,738.84,739.13,738.73,739.0301,164827
2026-09-21T17:15,739.035,739.1,738.82,739.01,183930
2026-09-21T17:20,739.02,739.1,738.51,738.54,181169
2026-09-21T17:25,738.59,739.025,738.43,738.97,223018
2026-09-21T17:30,738.98,739.17,738.64,738.6773,201259
2026-09-21T17:35,738.7,738.9,738.5995,738.83,175323
2026-09-21T17:40,738.84,739.67,738.77,739.61,718004
2026-09-21T17:45,739.63,739.8599,739.46,739.569,258019
2026-09-21T17:50,739.57,739.79,739.545,739.73,931334
2026-09-21T17:55,739.73,739.73,739.505,739.5607,403361
2026-09-21T18:00,739.59,739.85,739.565,739.8399,238518
2026-09-21T18:05,739.88,740.0,739.77,739.845,372198
2026-09-21T18:10,739.85,740.13,739.7601,740.0,257388
2026-09-21T18:15,740.0,740.32,739.9887,740.2,275393
2026-09-21T18:20,740.19,740.62,740.19,740.59,186874
2026-09-21T18:25,740.59,740.69,740.43,740.555,393042
2026-09-21T18:30,740.56,740.59,740.16,740.29,602475
2026-09-21T18:35,740.31,740.78,740.2037,740.78,188426
2026-09-21T18:40,740.78,740.8899,740.65,740.8287,156475
2026-09-21T18:45,740.87,741.04,740.75,740.99,505306
2026-09-21T18:50,741.0,741.58,741.0,741.46,806205
2026-09-21T18:55,741.47,741.52,741.1801,741.34,245234
2026-09-21T19:00,741.36,741.57,741.15,741.15,620230
2026-09-21T19:05,741.12,741.44,741.0,741.3901,380785
2026-09-21T19:10,741.4,741.71,741.16,741.71,275779
2026-09-21T19:15,741.7,741.84,741.55,741.7999,243464
2026-09-21T19:20,741.81,741.98,741.575,741.74,1091747
2026-09-21T19:25,741.74,741.97,741.63,741.75,269426
2026-09-21T19:30,741.76,742.62,741.7,742.575,507698
2026-09-21T19:35,742.585,743.22,742.502,743.03,893698
2026-09-21T19:40,743.035,743.11,742.37,742.555,673047
2026-09-21T19:45,742.54,742.63,742.25,742.33,694797
2026-09-21T19:50,742.33,742.33,741.43,741.59,1177056
2026-09-21T19:55,741.57,741.92,741.25,741.47,4114577
2026-09-22T13:30,741.18,743.45,741.0,743.45,1020727
2026-09-22T13:35,743.45,744.24,743.44,744.11,629026
2026-09-22T13:40,744.13,744.94,743.98,744.36,601414
2026-09-22T13:45,744.41,744.9,743.93,744.465,683448
2026-09-22T13:50,744.45,745.37,744.45,745.3151,458780
2026-09-22T13:55,745.3,745.36,744.29,745.035,467217
2026-09-22T14:00,745.03,745.21,744.545,744.955,362745
2026-09-22T14:05,744.97,745.068,744.511,744.669,284777
2026-09-22T14:10,744.66,746.3,744.63,745.75,668902
2026-09-22T14:15,745.76,746.13,745.21,745.47,397524
2026-09-22T14:20,745.49,745.75,745.12,745.5285,262421
2026-09-22T14:25,745.5,745.842,745.27,745.76,243058
2026-09-22T14:30,745.7799,746.6,745.61,746.3999,462207
2026-09-22T14:35,746.38,746.5,745.19,745.37,450274
2026-09-22T14:40,745.39,745.47,744.2309,744.63,546854
2026-09-22T14:45,744.62,745.31,744.05,745.31,442674
2026-09-22T14:50,745.275,745.61,744.82,745.325,321592
2026-09-22T14:55,745.34,745.42,744.73,744.94,1179414
2026-09-22T15:00,744.95,744.99,744.41,744.64,294186
2026-09-22T15:05,744.602,745.1,744.52,744.615,1123900
2026-09-22T15:10,744.6195,745.285,744.465,745.175,534194
2026-09-22T15:15,745.1701,745.437,744.86,745.4316,327418
2026-09-22T15:20,745.37,745.4,744.99,745.055,127465
2026-09-22T15:25,745.06,745.35,744.7801,745.0,152467
2026-09-22T15:30,744.9537,745.1,744.7,744.88,482821
2026-09-22T15:35,744.89,744.9199,744.18,744.24,325033
2026-09-22T15:40,744.21,744.43,743.99,744.3,228383
2026-09-22T15:45,744.3037,744.74,744.26,744.49,267558
2026-09-22T15:50,744.47,744.63,744.17,744.2005,206916
2026-09-22T15:55,744.205,744.555,744.01,744.5433,145473
2026-09-22T16:00,744.5674,744.72,744.185,744.5095,131775
2026-09-22T16:05,744.5,745.15,744.47,744.94,1441989
2026-09-22T16:10,744.95,745.115,744.76,744.89,163554
2026-09-22T16:15,744.87,744.93,744.5,744.54,105191
2026-09-22T16:20,744.55,744.89,744.23,744.2901,225086
2026-09-22T16:25,744.25,744.47,744.05,744.065,305078
2026-09-22T16:30,744.09,744.74,744.09,744.73,161118
2026-09-22T16:35,744.73,744.73,744.271,744.37,117375
2026-09-22T16:40,744.38,744.67,744.21,744.6523,144494
2026-09-22T16:45,744.64,745.4,744.56,745.315,292678
2026-09-22T16:50,745.31,745.37,745.12,745.2093,191854
2026-09-22T16:55,745.21,745.3499,745.15,745.285,159717
2026-09-22T17:00,745.29,745.35,745.18,745.235,161034
2026-09-22T17:05,745.24,745.6,745.19,745.31,226331
2026-09-22T17:10,745.31,745.415,745.21,745.32,104722
2026-09-22T17:15,745.32,745.36,745.16,745.27,104291
2026-09-22T17:20,745.26,745.27,745.02,745.1701,146164
2026-09-22T17:25,745.15,745.67,745.11,745.59,181823
2026-09-22T17:30,745.59,745.59,745.06,745.1799,107810
2026-09-22T17:35,745.18,745.25,745.01,745.04,99655
2026-09-22T17:40,745.04,745.41,744.83,745.38,157413
2026-09-22T17:45,745.39,745.52,745.23,745.32,336667
2026-09-22T17:50,745.31,746.44,745.18,746.17,719227
2026-09-22T17:55,746.15,746.22,745.89,746.1701,241480
2026-09-22T18:00,746.188,746.23,745.545,745.7699,304893
2026-09-22T18:05,745.78,746.28,745.7301,746.265,205010
2026-09-22T18:10,746.265,746.37,746.105,746.28,258380
2026-09-22T18:15,746.31,746.5824,746.2919,746.495,263763
2026-09-22T18:20,746.495,746.94,746.46,746.825,348175
2026-09-22T18:25,746.82,746.87,746.56,746.5799,410965
2026-09-22T18:30,746.58,746.69,746.28,746.285,199453
2026-09-22T18:35,746.32,746.3613,745.94,746.06,486709
2026-09-22T18:40,746.059,746.55,745.94,746.45,283260
2026-09-22T18:45,746.46,746.53,746.26,746.34,241873
2026-09-22T18:50,746.34,746.46,746.2,746.385,253686
2026-09-22T18:55,746.37,746.41,746.0432,746.15,187202
2026-09-22T19:00,746.17,746.4735,746.14,746.4635,350760
2026-09-22T19:05,746.46,746.71,746.375,746.66,181100
2026-09-22T19:10,746.655,746.85,746.655,746.795,443983
2026-09-22T19:15,746.81,747.1,746.782,747.02,316499
2026-09-22T19:20,747.015,747.015,746.705,746.84,282352
2026-09-22T19:25,746.845,747.33,746.845,747.205,767018
2026-09-22T19:30,747.2062,747.86,747.15,747.82,606005
2026-09-22T19:35,747.81,747.9,747.62,747.74,592950
2026-09-22T19:40,747.745,747.77,747.17,747.55,555247
2026-09-22T19:45,747.55,747.93,747.55,747.89,780895
2026-09-22T19:50,747.875,748.349,747.45,747.7,723295
2026-09-22T19:55,747.68,747.69,747.09,747.46,2102703
2026-09-23T13:30,747.11,747.12,745.085,745.085,743186
2026-09-23T13:35,745.09,745.8,744.45,744.8,450572
2026-09-23T13:40,744.7737,744.99,744.53,744.76,357519
2026-09-23T13:45,744.63,744.95,743.46,743.9,812475
2026-09-23T13:50,743.95,744.12,743.02,743.21,550448
2026-09-23T13:55,743.18,743.51,742.81,743.12,709491
2026-09-23T14:00,743.11,743.69,742.46,742.755,492760
2026-09-23T14:05,742.7898,742.988,741.17,741.21,552807
2026-09-23T14:10,741.24,741.35,739.67,740.03,1245556
2026-09-23T14:15,740.025,740.55,738.88,738.9102,801138
2026-09-23T14:20,738.91,739.58,738.24,738.92,734642
2026-09-23T14:25,738.93,739.42,738.191,739.09,567387
2026-09-23T14:30,739.08,740.1,738.58,740.05,582901
2026-09-23T14:35,740.045,740.475,739.26,739.47,503489
2026-09-23T14:40,739.51,740.07,739.3501,740.05,208943
2026-09-23T14:45,740.03,740.49,740.03,740.34,306146
2026-09-23T14:50,740.3501,742.56,739.9,742.2999,873879
2026-09-23T14:55,742.28,742.6,741.5,742.515,498431
2026-09-23T15:00,742.558,742.635,741.85,742.0637,358992
2026-09-23T15:05,742.0582,742.34,741.79,742.09,252649
2026-09-23T15:10,742.08,742.12,741.5901,741.715,231833
2026-09-23T15:15,741.715,742.005,740.96,741.6554,423515
2026-09-23T15:20,741.65,742.4005,741.5,742.2,284801
2026-09-23T15:25,742.17,742.39,741.26,741.335,210681
2026-09-23T15:30,741.331,741.56,741.14,741.29,357495
2026-09-23T15:35,741.27,741.45,740.97,741.16,250672
2026-09-23T15:40,741.18,741.5676,740.91,741.53,248574
2026-09-23T15:45,741.52,741.62,740.3601,740.54,233956
2026-09-23T15:50,740.5297,740.84,740.14,740.84,177652
2026-09-23T15:55,740.87,740.93,740.47,740.71,185662
2026-09-23T16:00,740.68,740.73,740.2501,740.5499,118202
2026-09-23T16:05,740.51,740.8,740.33,740.67,196963
2026-09-23T16:10,740.6699,740.79,740.5,740.655,100807
2026-09-23T16:15,740.65,740.91,740.21,740.49,179961
2026-09-23T16:20,740.485,740.49,739.9401,740.13,163159
2026-09-23T16:25,740.1999,740.44,740.03,740.16,153252
2026-09-23T16:30,740.175,740.8,740.175,740.585,182508
2026-09-23T16:35,740.595,740.7532,740.17,740.32,114342
2026-09-23T16:40,740.24,740.288,739.46,739.4896,268760
2026-09-23T16:45,739.47,740.05,739.29,739.43,282678
2026-09-23T16:50,739.43,739.4394,738.8,738.87,397246
2026-09-23T16:55,738.86,739.44,738.825,739.26,269031
2026-09-23T17:00,739.27,739.735,738.26,738.53,572809
2026-09-23T17:05,738.56,739.075,738.4006,738.96,283232
2026-09-23T17:10,738.98,739.015,738.46,738.8,420854
2026-09-23T17:15,738.7138,740.11,738.68,740.04,262309
2026-09-23T17:20,740.06,740.07,739.08,739.08,410865
2026-09-23T17:25,739.07,739.29,738.95,739.05,263526
2026-09-23T17:30,739.04,739.5843,738.865,739.5599,184060
2026-09-23T17:35,739.54,739.65,739.235,739.4101,122746
2026-09-23T17:40,739.427,740.8499,739.175,740.7,444693
2026-09-23T17:45,740.66,741.04,740.425,740.725,217856
2026-09-23T17:50,740.7,740.9406,740.5,740.75,671434
2026-09-23T17:55,740.86,741.335,740.71,741.28,287326
2026-09-23T18:00,741.27,741.285,740.24,740.2951,370213
2026-09-23T18:05,740.252,740.72,740.1962,740.52,1046761
2026-09-23T18:10,740.518,740.7,740.4705,740.69,286711
2026-09-23T18:15,740.7,741.255,740.6,741.07,302972
2026-09-23T18:20,741.03,741.09,740.745,741.055,212371
2026-09-23T18:25,741.065,741.14,740.845,740.9365,196772
2026-09-23T18:30,740.935,740.97,740.57,740.73,139233
2026-09-23T18:35,740.76,740.88,740.22,740.34,175669
2026-09-23T18:40,740.33,740.815,740.33,740.68,109883
2026-09-23T18:45,740.72,741.065,740.55,741.05,121702
2026-09-23T18:50,741.06,741.18,740.6701,740.72,179524
2026-09-23T18:55,740.75,741.15,740.72,741.02,130490
2026-09-23T19:00,741.045,741.1663,740.58,740.6099,92309
2026-09-23T19:05,740.62,741.5296,740.57,741.25,157845
2026-09-23T19:10,741.2224,741.33,740.8122,741.025,359441
2026-09-23T19:15,741.055,741.1,740.525,740.763,415016
2026-09-23T19:20,740.74,740.745,740.53,740.7115,110148
2026-09-23T19:25,740.72,740.8999,740.61,740.78,177506
2026-09-23T19:30,740.81,741.33,740.669,741.3,426886
2026-09-23T19:35,741.26,741.26,740.9,741.08,382471
2026-09-23T19:40,741.088,741.22,740.22,740.65,514897
2026-09-23T19:45,740.64,741.13,740.555,741.1199,294912
2026-09-23T19:50,741.11,741.13,739.77,739.97,864905
2026-09-23T19:55,739.97,741.4,739.97,741.21,2382778
