DATE,SPX
01/02/1975,70.230000
01/03/1975,70.710000
01/06/1975,71.070000
01/07/1975,71.020000
01/08/1975,70.040000
01/09/1975,71.170000
01/10/1975,72.610000
01/13/1975,72.310000
01/14/1975,71.680000
01/15/1975,72.140000
01/16/1975,72.050000
01/17/1975,70.960000
01/20/1975,71.080000
01/21/1975,70.700000
01/22/1975,71.740000
01/23/1975,72.070000
01/24/1975,72.980000
01/27/1975,75.370000
01/28/1975,76.030000
01/29/1975,77.260000
01/30/1975,76.210000
01/31/1975,76.980000
02/03/1975,77.820000
02/04/1975,77.610000
02/05/1975,78.950000
02/06/1975,78.560000
02/07/1975,78.630000
02/10/1975,78.360000
02/11/1975,78.580000
02/12/1975,79.920000
02/13/1975,81.010000
02/14/1975,81.500000
02/18/1975,80.930000
02/19/1975,81.440000
02/20/1975,82.210000
02/21/1975,82.620000
02/24/1975,81.440000
02/25/1975,79.530000
02/26/1975,80.370000
02/27/1975,80.770000
02/28/1975,81.590000
03/03/1975,83.030000
03/04/1975,83.560000
03/05/1975,83.900000
03/06/1975,83.690000
03/07/1975,84.300000
03/10/1975,84.950000
03/11/1975,84.360000
03/12/1975,83.590000
03/13/1975,83.740000
03/14/1975,84.760000
03/17/1975,86.010000
03/18/1975,85.130000
03/19/1975,84.340000
03/20/1975,83.610000
03/21/1975,83.390000
03/24/1975,81.420000
03/25/1975,82.060000
03/26/1975,83.590000
03/27/1975,83.850000
03/31/1975,83.360000
04/01/1975,82.640000
04/02/1975,82.430000
04/03/1975,81.510000
04/04/1975,80.880000
04/07/1975,80.350000
04/08/1975,80.990000
04/09/1975,82.840000
04/10/1975,83.770000
04/11/1975,84.180000
04/14/1975,85.600000
04/15/1975,86.300000
04/16/1975,86.600000
04/17/1975,87.250000
04/18/1975,86.300000
04/21/1975,87.230000
04/22/1975,87.090000
04/23/1975,86.120000
04/24/1975,86.040000
04/25/1975,86.620000
04/28/1975,86.230000
04/29/1975,85.640000
04/30/1975,87.300000
05/01/1975,88.100000
05/02/1975,89.220000
05/05/1975,90.080000
05/06/1975,88.640000
05/07/1975,89.080000
05/08/1975,89.560000
05/09/1975,90.530000
05/12/1975,90.610000
05/13/1975,91.580000
05/14/1975,92.270000
05/15/1975,91.410000
05/16/1975,90.430000
05/19/1975,90.530000
05/20/1975,90.070000
05/21/1975,89.060000
05/22/1975,89.390000
05/23/1975,90.580000
05/27/1975,90.340000
05/28/1975,89.710000
05/29/1975,89.680000
05/30/1975,91.150000
06/02/1975,92.580000
06/03/1975,92.890000
06/04/1975,92.600000
06/05/1975,92.690000
06/06/1975,92.480000
06/09/1975,91.210000
06/10/1975,90.440000
06/11/1975,90.550000
06/12/1975,90.080000
06/13/1975,90.520000
06/16/1975,91.460000
06/17/1975,90.580000
06/18/1975,90.390000
06/19/1975,92.020000
06/20/1975,92.610000
06/23/1975,93.620000
06/24/1975,94.190000
06/25/1975,94.620000
06/26/1975,94.810000
06/27/1975,94.810000
06/30/1975,95.190000
07/01/1975,94.850000
07/02/1975,94.180000
07/03/1975,94.360000
07/07/1975,93.540000
07/08/1975,93.390000
07/09/1975,94.800000
07/10/1975,94.810000
07/11/1975,94.660000
07/14/1975,95.190000
07/15/1975,95.610000
07/16/1975,94.610000
07/17/1975,93.630000
07/18/1975,93.200000
07/21/1975,92.440000
07/22/1975,91.450000
07/23/1975,90.180000
07/24/1975,90.070000
07/25/1975,89.290000
07/28/1975,88.690000
07/29/1975,88.190000
07/30/1975,88.830000
07/31/1975,88.750000
08/01/1975,87.990000
08/04/1975,87.150000
08/05/1975,86.230000
08/06/1975,86.250000
08/07/1975,86.300000
08/08/1975,86.020000
08/11/1975,86.550000
08/12/1975,87.120000
08/13/1975,85.970000
08/14/1975,85.600000
08/15/1975,86.360000
08/18/1975,86.200000
08/19/1975,84.950000
08/20/1975,83.220000
08/21/1975,83.070000
08/22/1975,84.280000
08/25/1975,85.060000
08/26/1975,83.960000
08/27/1975,84.430000
08/28/1975,86.400000
08/29/1975,86.880000
09/02/1975,85.480000
09/03/1975,86.030000
09/04/1975,86.200000
09/05/1975,85.620000
09/08/1975,85.890000
09/09/1975,84.600000
09/10/1975,83.790000
09/11/1975,83.450000
09/12/1975,83.300000
09/15/1975,82.880000
09/16/1975,82.090000
09/17/1975,82.370000
09/18/1975,84.060000
09/19/1975,85.880000
09/22/1975,85.070000
09/23/1975,84.940000
09/24/1975,85.740000
09/25/1975,85.640000
09/26/1975,86.190000
09/29/1975,85.030000
09/30/1975,83.870000
10/01/1975,82.930000
10/02/1975,83.820000
10/03/1975,85.950000
10/06/1975,86.880000
10/07/1975,86.770000
10/08/1975,87.940000
10/09/1975,88.370000
10/10/1975,88.210000
10/13/1975,89.460000
10/14/1975,89.280000
10/15/1975,89.230000
10/16/1975,89.370000
10/17/1975,88.860000
10/20/1975,89.820000
10/21/1975,90.560000
10/22/1975,90.710000
10/23/1975,91.240000
10/24/1975,89.830000
10/27/1975,89.730000
10/28/1975,90.510000
10/29/1975,89.390000
10/30/1975,89.310000
10/31/1975,89.040000
11/03/1975,88.090000
11/04/1975,88.510000
11/05/1975,89.150000
11/06/1975,89.550000
11/07/1975,89.330000
11/10/1975,89.340000
11/11/1975,89.870000
11/12/1975,91.190000
11/13/1975,91.040000
11/14/1975,90.970000
11/17/1975,91.460000
11/18/1975,91.000000
11/19/1975,89.980000
11/20/1975,89.640000
11/21/1975,89.530000
11/24/1975,89.700000
11/25/1975,90.710000
11/26/1975,90.940000
11/28/1975,91.240000
12/01/1975,90.670000
12/02/1975,89.330000
12/03/1975,87.600000
12/04/1975,87.840000
12/05/1975,86.820000
12/08/1975,87.070000
12/09/1975,87.300000
12/10/1975,88.080000
12/11/1975,87.800000
12/12/1975,87.830000
12/15/1975,88.090000
12/16/1975,88.930000
12/17/1975,89.150000
12/18/1975,89.430000
12/19/1975,88.800000
12/22/1975,88.140000
12/23/1975,88.730000
12/24/1975,89.460000
12/26/1975,90.250000
12/29/1975,90.130000
12/30/1975,89.770000
12/31/1975,90.190000
01/02/1976,90.900000
01/05/1976,92.580000
01/06/1976,93.530000
01/07/1976,93.950000
01/08/1976,94.580000
01/09/1976,94.950000
01/12/1976,96.330000
01/13/1976,95.570000
01/14/1976,97.130000
01/15/1976,96.610000
01/16/1976,97.000000
01/19/1976,98.320000
01/20/1976,98.860000
01/21/1976,98.240000
01/22/1976,98.040000
01/23/1976,99.210000
01/26/1976,99.680000
01/27/1976,99.070000
01/28/1976,98.530000
01/29/1976,100.110000
01/30/1976,100.860000
02/02/1976,100.870000
02/03/1976,101.180000
02/04/1976,101.910000
02/05/1976,100.390000
02/06/1976,99.460000
02/09/1976,99.620000
02/10/1976,100.470000
02/11/1976,100.770000
02/12/1976,100.250000
02/13/1976,99.670000
02/17/1976,99.050000
02/18/1976,99.850000
02/19/1976,101.410000
02/20/1976,102.100000
02/23/1976,101.610000
02/24/1976,102.030000
02/25/1976,101.690000
02/26/1976,100.110000
02/27/1976,99.710000
03/01/1976,100.020000
03/02/1976,100.580000
03/03/1976,99.980000
03/04/1976,98.920000
03/05/1976,99.110000
03/08/1976,100.190000
03/09/1976,100.580000
03/10/1976,100.940000
03/11/1976,101.890000
03/12/1976,100.860000
03/15/1976,99.800000
03/16/1976,100.920000
03/17/1976,100.860000
03/18/1976,100.450000
03/19/1976,100.580000
03/22/1976,100.710000
03/23/1976,102.240000
03/24/1976,103.420000
03/25/1976,102.850000
03/26/1976,102.850000
03/29/1976,102.410000
03/30/1976,102.010000
03/31/1976,102.770000
04/01/1976,102.240000
04/02/1976,102.250000
04/05/1976,103.510000
04/06/1976,103.360000
04/07/1976,102.210000
04/08/1976,101.280000
04/09/1976,100.350000
04/12/1976,100.200000
04/13/1976,101.050000
04/14/1976,100.310000
04/15/1976,100.670000
04/19/1976,101.440000
04/20/1976,102.870000
04/21/1976,103.320000
04/22/1976,102.980000
04/23/1976,102.290000
04/26/1976,102.430000
04/27/1976,101.860000
04/28/1976,102.130000
04/29/1976,102.130000
04/30/1976,101.640000
05/03/1976,100.920000
05/04/1976,101.460000
05/05/1976,100.880000
05/06/1976,101.160000
05/07/1976,101.880000
05/10/1976,103.100000
05/11/1976,102.950000
05/12/1976,102.770000
05/13/1976,102.160000
05/14/1976,101.340000
05/17/1976,101.090000
05/18/1976,101.260000
05/19/1976,101.180000
05/20/1976,102.000000
05/21/1976,101.260000
05/24/1976,99.440000
05/25/1976,99.490000
05/26/1976,99.340000
05/27/1976,99.380000
05/28/1976,100.180000
06/01/1976,99.850000
06/02/1976,100.220000
06/03/1976,100.130000
06/04/1976,99.150000
06/07/1976,98.630000
06/08/1976,98.800000
06/09/1976,98.740000
06/10/1976,99.560000
06/11/1976,100.920000
06/14/1976,101.950000
06/15/1976,101.460000
06/16/1976,102.010000
06/17/1976,103.610000
06/18/1976,103.760000
06/21/1976,104.280000
06/22/1976,103.470000
06/23/1976,103.250000
06/24/1976,103.790000
06/25/1976,103.720000
06/28/1976,103.430000
06/29/1976,103.860000
06/30/1976,104.280000
07/01/1976,103.590000
07/02/1976,104.110000
07/06/1976,103.540000
07/07/1976,103.830000
07/08/1976,103.980000
07/09/1976,104.980000
07/12/1976,105.900000
07/13/1976,105.670000
07/14/1976,105.950000
07/15/1976,105.200000
07/16/1976,104.680000
07/19/1976,104.290000
07/20/1976,103.720000
07/21/1976,103.820000
07/22/1976,103.930000
07/23/1976,104.060000
07/26/1976,104.070000
07/27/1976,103.480000
07/28/1976,103.050000
07/29/1976,102.930000
07/30/1976,103.440000
08/02/1976,103.190000
08/03/1976,104.140000
08/04/1976,104.430000
08/05/1976,103.850000
08/06/1976,103.790000
08/09/1976,103.490000
08/10/1976,104.410000
08/11/1976,104.060000
08/12/1976,104.220000
08/13/1976,104.250000
08/16/1976,104.430000
08/17/1976,104.800000
08/18/1976,104.560000
08/19/1976,103.390000
08/20/1976,102.370000
08/23/1976,101.960000
08/24/1976,101.270000
08/25/1976,102.030000
08/26/1976,101.320000
08/27/1976,101.480000
08/30/1976,102.070000
08/31/1976,102.910000
09/01/1976,104.060000
09/02/1976,103.920000
09/03/1976,104.300000
09/07/1976,105.030000
09/08/1976,104.940000
09/09/1976,104.400000
09/10/1976,104.650000
09/13/1976,104.290000
09/14/1976,103.940000
09/15/1976,104.250000
09/16/1976,105.340000
09/17/1976,106.270000
09/20/1976,106.320000
09/21/1976,107.830000
09/22/1976,107.460000
09/23/1976,106.920000
09/24/1976,106.800000
09/27/1976,107.270000
09/28/1976,105.920000
09/29/1976,105.370000
09/30/1976,105.240000
10/01/1976,104.170000
10/04/1976,104.030000
10/05/1976,103.230000
10/06/1976,102.970000
10/07/1976,103.540000
10/08/1976,102.560000
10/11/1976,101.640000
10/12/1976,100.810000
10/13/1976,102.120000
10/14/1976,100.850000
10/15/1976,100.880000
10/18/1976,101.470000
10/19/1976,101.450000
10/20/1976,101.740000
10/21/1976,100.770000
10/22/1976,99.960000
10/25/1976,100.070000
10/26/1976,101.060000
10/27/1976,101.760000
10/28/1976,101.610000
10/29/1976,102.900000
11/01/1976,103.100000
11/03/1976,101.920000
11/04/1976,102.410000
11/05/1976,100.820000
11/08/1976,99.600000
11/09/1976,99.320000
11/10/1976,98.810000
11/11/1976,99.640000
11/12/1976,99.240000
11/15/1976,99.900000
11/16/1976,100.040000
11/17/1976,100.610000
11/18/1976,101.890000
11/19/1976,101.920000
11/22/1976,102.590000
11/23/1976,101.960000
11/24/1976,102.410000
11/26/1976,103.150000
11/29/1976,102.440000
11/30/1976,102.100000
12/01/1976,102.490000
12/02/1976,102.120000
12/03/1976,102.760000
12/06/1976,103.560000
12/07/1976,103.490000
12/08/1976,104.080000
12/09/1976,104.510000
12/10/1976,104.700000
12/13/1976,104.630000
12/14/1976,105.070000
12/15/1976,105.140000
12/16/1976,104.800000
12/17/1976,104.260000
12/20/1976,103.650000
12/21/1976,104.220000
12/22/1976,104.710000
12/23/1976,104.840000
12/27/1976,106.060000
12/28/1976,106.770000
12/29/1976,106.340000
12/30/1976,106.880000
12/31/1976,107.460000
01/03/1977,107.000000
01/04/1977,105.700000
01/05/1977,104.760000
01/06/1977,105.020000
01/07/1977,105.010000
01/10/1977,105.200000
01/11/1977,104.120000
01/12/1977,103.400000
01/13/1977,104.200000
01/14/1977,104.010000
01/17/1977,103.730000
01/18/1977,103.320000
01/19/1977,103.850000
01/20/1977,102.970000
01/21/1977,103.320000
01/24/1977,103.250000
01/25/1977,103.130000
01/26/1977,102.340000
01/27/1977,101.790000
01/28/1977,101.930000
01/31/1977,102.030000
02/01/1977,102.540000
02/02/1977,102.360000
02/03/1977,101.850000
02/04/1977,101.880000
02/07/1977,101.890000
02/08/1977,101.600000
02/09/1977,100.730000
02/10/1977,100.820000
02/11/1977,100.220000
02/14/1977,100.740000
02/15/1977,101.040000
02/16/1977,101.500000
02/17/1977,100.920000
02/18/1977,100.490000
02/22/1977,100.490000
02/23/1977,100.190000
02/24/1977,99.600000
02/25/1977,99.480000
02/28/1977,99.820000
03/01/1977,100.660000
03/02/1977,100.390000
03/03/1977,100.880000
03/04/1977,101.200000
03/07/1977,101.250000
03/08/1977,100.870000
03/09/1977,100.100000
03/10/1977,100.670000
03/11/1977,100.650000
03/14/1977,101.420000
03/15/1977,101.980000
03/16/1977,102.170000
03/17/1977,102.080000
03/18/1977,101.860000
03/21/1977,101.310000
03/22/1977,101.000000
03/23/1977,100.200000
03/24/1977,99.700000
03/25/1977,99.060000
03/28/1977,99.000000
03/29/1977,99.690000
03/30/1977,98.540000
03/31/1977,98.420000
04/01/1977,99.210000
04/04/1977,98.230000
04/05/1977,98.010000
04/06/1977,97.910000
04/07/1977,98.350000
04/11/1977,98.880000
04/12/1977,100.150000
04/13/1977,100.160000
04/14/1977,101.000000
04/15/1977,101.040000
04/18/1977,100.540000
04/19/1977,100.070000
04/20/1977,100.400000
04/21/1977,99.750000
04/22/1977,98.440000
04/25/1977,97.150000
04/26/1977,97.110000
04/27/1977,97.960000
04/28/1977,98.200000
04/29/1977,98.440000
05/02/1977,98.930000
05/03/1977,99.430000
05/04/1977,99.960000
05/05/1977,100.110000
05/06/1977,99.490000
05/09/1977,99.180000
05/10/1977,99.470000
05/11/1977,98.780000
05/12/1977,98.730000
05/13/1977,99.030000
05/16/1977,99.470000
05/17/1977,99.770000
05/18/1977,100.300000
05/19/1977,99.880000
05/20/1977,99.450000
05/23/1977,98.150000
05/24/1977,97.670000
05/25/1977,96.770000
05/26/1977,97.010000
05/27/1977,96.270000
05/31/1977,96.120000
06/01/1977,96.930000
06/02/1977,96.740000
06/03/1977,97.690000
06/06/1977,97.230000
06/07/1977,97.730000
06/08/1977,98.200000
06/09/1977,98.140000
06/10/1977,98.460000
06/13/1977,98.740000
06/14/1977,99.860000
06/15/1977,99.610000
06/16/1977,99.850000
06/17/1977,99.970000
06/20/1977,100.420000
06/21/1977,100.740000
06/22/1977,100.460000
06/23/1977,100.620000
06/24/1977,101.190000
06/27/1977,100.980000
06/28/1977,100.140000
06/29/1977,100.110000
06/30/1977,100.480000
07/01/1977,100.100000
07/05/1977,100.090000
07/06/1977,99.580000
07/07/1977,99.930000
07/08/1977,99.790000
07/11/1977,99.550000
07/12/1977,99.450000
07/13/1977,99.590000
07/15/1977,100.180000
07/18/1977,100.950000
07/19/1977,101.790000
07/20/1977,101.730000
07/21/1977,101.590000
07/22/1977,101.670000
07/25/1977,100.850000
07/26/1977,100.270000
07/27/1977,98.640000
07/28/1977,98.790000
07/29/1977,98.850000
08/01/1977,99.120000
08/02/1977,98.500000
08/03/1977,98.370000
08/04/1977,98.740000
08/05/1977,98.760000
08/08/1977,97.990000
08/09/1977,98.050000
08/10/1977,98.920000
08/11/1977,98.160000
08/12/1977,97.880000
08/15/1977,98.180000
08/16/1977,97.730000
08/17/1977,97.740000
08/18/1977,97.680000
08/19/1977,97.510000
08/22/1977,97.790000
08/23/1977,97.620000
08/24/1977,97.230000
08/25/1977,96.150000
08/26/1977,96.060000
08/29/1977,96.920000
08/30/1977,96.380000
08/31/1977,96.770000
09/01/1977,96.830000
09/02/1977,97.450000
09/06/1977,97.710000
09/07/1977,98.010000
09/08/1977,97.280000
09/09/1977,96.370000
09/12/1977,96.030000
09/13/1977,96.090000
09/14/1977,96.550000
09/15/1977,96.800000
09/16/1977,96.480000
09/19/1977,95.850000
09/20/1977,95.890000
09/21/1977,95.100000
09/22/1977,95.090000
09/23/1977,95.040000
09/26/1977,95.380000
09/27/1977,95.240000
09/28/1977,95.310000
09/29/1977,95.850000
09/30/1977,96.530000
10/03/1977,96.740000
10/04/1977,96.030000
10/05/1977,95.680000
10/06/1977,96.050000
10/07/1977,95.970000
10/10/1977,95.750000
10/11/1977,94.930000
10/12/1977,94.040000
10/13/1977,93.460000
10/14/1977,93.560000
10/17/1977,93.470000
10/18/1977,93.460000
10/19/1977,92.380000
10/20/1977,92.670000
10/21/1977,92.320000
10/24/1977,91.630000
10/25/1977,91.000000
10/26/1977,92.100000
10/27/1977,92.340000
10/28/1977,92.610000
10/31/1977,92.340000
11/01/1977,91.350000
11/02/1977,90.710000
11/03/1977,90.760000
11/04/1977,91.580000
11/07/1977,92.290000
11/08/1977,92.460000
11/09/1977,92.980000
11/10/1977,94.710000
11/11/1977,95.980000
11/14/1977,95.320000
11/15/1977,95.930000
11/16/1977,95.450000
11/17/1977,95.160000
11/18/1977,95.330000
11/21/1977,95.250000
11/22/1977,96.090000
11/23/1977,96.490000
11/25/1977,96.690000
11/28/1977,96.040000
11/29/1977,94.550000
11/30/1977,94.830000
12/01/1977,94.690000
12/02/1977,94.670000
12/05/1977,94.270000
12/06/1977,92.830000
12/07/1977,92.780000
12/08/1977,92.960000
12/09/1977,93.650000
12/12/1977,93.630000
12/13/1977,93.560000
12/14/1977,94.030000
12/15/1977,93.550000
12/16/1977,93.400000
12/19/1977,92.690000
12/20/1977,92.500000
12/21/1977,93.050000
12/22/1977,93.800000
12/23/1977,94.690000
12/27/1977,94.690000
12/28/1977,94.750000
12/29/1977,94.940000
12/30/1977,95.100000
01/03/1978,93.820000
01/04/1978,93.520000
01/05/1978,92.740000
01/06/1978,91.620000
01/09/1978,90.640000
01/10/1978,90.170000
01/11/1978,89.740000
01/12/1978,89.820000
01/13/1978,89.690000
01/16/1978,89.430000
01/17/1978,89.880000
01/18/1978,90.560000
01/19/1978,90.090000
01/20/1978,89.890000
01/23/1978,89.240000
01/24/1978,89.250000
01/25/1978,89.390000
01/26/1978,88.580000
01/27/1978,88.580000
01/30/1978,89.340000
01/31/1978,89.250000
02/01/1978,89.930000
02/02/1978,90.130000
02/03/1978,89.620000
02/06/1978,89.500000
02/07/1978,90.330000
02/08/1978,90.830000
02/09/1978,90.300000
02/10/1978,90.080000
02/13/1978,89.860000
02/14/1978,89.040000
02/15/1978,88.830000
02/16/1978,88.080000
02/17/1978,87.960000
02/21/1978,87.590000
02/22/1978,87.560000
02/23/1978,87.640000
02/24/1978,88.490000
02/27/1978,87.720000
02/28/1978,87.040000
03/01/1978,87.190000
03/02/1978,87.320000
03/03/1978,87.450000
03/06/1978,86.900000
03/07/1978,87.360000
03/08/1978,87.840000
03/09/1978,87.890000
03/10/1978,88.880000
03/13/1978,88.950000
03/14/1978,89.350000
03/15/1978,89.120000
03/16/1978,89.510000
03/17/1978,90.200000
03/20/1978,90.820000
03/21/1978,89.790000
03/22/1978,89.470000
03/23/1978,89.360000
03/27/1978,88.870000
03/28/1978,89.500000
03/29/1978,89.640000
03/30/1978,89.410000
03/31/1978,89.210000
04/03/1978,88.460000
04/04/1978,88.860000
04/05/1978,89.640000
04/06/1978,89.790000
04/07/1978,90.170000
04/10/1978,90.490000
04/11/1978,90.250000
04/12/1978,90.110000
04/13/1978,90.980000
04/14/1978,92.920000
04/17/1978,94.450000
04/18/1978,93.430000
04/19/1978,93.860000
04/20/1978,94.540000
04/21/1978,94.340000
04/24/1978,95.770000
04/25/1978,96.640000
04/26/1978,96.820000
04/27/1978,95.860000
04/28/1978,96.830000
05/01/1978,97.670000
05/02/1978,97.250000
05/03/1978,96.260000
05/04/1978,95.930000
05/05/1978,96.530000
05/08/1978,96.190000
05/09/1978,95.900000
05/10/1978,95.920000
05/11/1978,97.200000
05/12/1978,98.070000
05/15/1978,98.760000
05/16/1978,99.350000
05/17/1978,99.600000
05/18/1978,98.620000
05/19/1978,98.120000
05/22/1978,99.090000
05/23/1978,98.050000
05/24/1978,97.080000
05/25/1978,96.800000
05/26/1978,96.580000
05/30/1978,96.860000
05/31/1978,97.240000
06/01/1978,97.350000
06/02/1978,98.140000
06/05/1978,99.950000
06/06/1978,100.320000
06/07/1978,100.120000
06/08/1978,100.210000
06/09/1978,99.930000
06/12/1978,99.550000
06/13/1978,99.570000
06/14/1978,99.480000
06/15/1978,98.340000
06/16/1978,97.420000
06/19/1978,97.490000
06/20/1978,96.510000
06/21/1978,96.010000
06/22/1978,96.240000
06/23/1978,95.850000
06/26/1978,94.600000
06/27/1978,94.980000
06/28/1978,95.400000
06/29/1978,95.570000
06/30/1978,95.530000
07/03/1978,95.090000
07/05/1978,94.270000
07/06/1978,94.320000
07/07/1978,94.890000
07/10/1978,95.270000
07/11/1978,95.930000
07/12/1978,96.240000
07/13/1978,96.250000
07/14/1978,97.580000
07/17/1978,97.780000
07/18/1978,96.870000
07/19/1978,98.120000
07/20/1978,98.030000
07/21/1978,97.750000
07/24/1978,97.720000
07/25/1978,98.440000
07/26/1978,99.080000
07/27/1978,99.540000
07/28/1978,100.000000
07/31/1978,100.680000
08/01/1978,100.660000
08/02/1978,102.920000
08/03/1978,103.510000
08/04/1978,103.920000
08/07/1978,103.550000
08/08/1978,104.010000
08/09/1978,104.500000
08/10/1978,103.660000
08/11/1978,103.960000
08/14/1978,103.970000
08/15/1978,103.850000
08/16/1978,104.650000
08/17/1978,105.080000
08/18/1978,104.730000
08/21/1978,103.890000
08/22/1978,104.310000
08/23/1978,104.910000
08/24/1978,105.080000
08/25/1978,104.900000
08/28/1978,103.960000
08/29/1978,103.390000
08/30/1978,103.500000
08/31/1978,103.290000
09/01/1978,103.680000
09/05/1978,104.490000
09/06/1978,105.380000
09/07/1978,105.420000
09/08/1978,106.790000
09/11/1978,106.980000
09/12/1978,106.990000
09/13/1978,106.340000
09/14/1978,105.100000
09/15/1978,104.120000
09/18/1978,103.210000
09/19/1978,102.530000
09/20/1978,101.730000
09/21/1978,101.900000
09/22/1978,101.840000
09/25/1978,101.860000
09/26/1978,102.620000
09/27/1978,101.660000
09/28/1978,101.960000
09/29/1978,102.540000
10/02/1978,102.960000
10/03/1978,102.600000
10/04/1978,103.060000
10/05/1978,103.270000
10/06/1978,103.520000
10/09/1978,104.590000
10/10/1978,104.460000
10/11/1978,105.390000
10/12/1978,104.880000
10/13/1978,104.660000
10/16/1978,102.610000
10/17/1978,101.260000
10/18/1978,100.490000
10/19/1978,99.330000
10/20/1978,97.950000
10/23/1978,98.180000
10/24/1978,97.490000
10/25/1978,97.310000
10/26/1978,96.030000
10/27/1978,94.590000
10/30/1978,95.060000
10/31/1978,93.150000
11/01/1978,96.850000
11/02/1978,95.610000
11/03/1978,96.180000
11/06/1978,95.190000
11/07/1978,93.850000
11/08/1978,94.450000
11/09/1978,94.420000
11/10/1978,94.770000
11/13/1978,93.130000
11/14/1978,92.490000
11/15/1978,92.710000
11/16/1978,93.710000
11/17/1978,94.420000
11/20/1978,95.250000
11/21/1978,95.010000
11/22/1978,95.480000
11/24/1978,95.790000
11/27/1978,95.990000
11/28/1978,95.150000
11/29/1978,93.750000
11/30/1978,94.700000
12/01/1978,96.280000
12/04/1978,96.150000
12/05/1978,97.440000
12/06/1978,97.490000
12/07/1978,97.080000
12/08/1978,96.630000
12/11/1978,97.110000
12/12/1978,96.590000
12/13/1978,96.060000
12/14/1978,96.040000
12/15/1978,95.330000
12/18/1978,93.440000
12/19/1978,94.240000
12/20/1978,94.680000
12/21/1978,94.710000
12/22/1978,96.310000
12/26/1978,97.520000
12/27/1978,96.660000
12/28/1978,96.280000
12/29/1978,96.110000
01/02/1979,96.730000
01/03/1979,97.800000
01/04/1979,98.580000
01/05/1979,99.130000
01/08/1979,98.800000
01/09/1979,99.330000
01/10/1979,98.770000
01/11/1979,99.100000
01/12/1979,99.930000
01/15/1979,100.690000
01/16/1979,99.460000
01/17/1979,99.480000
01/18/1979,99.720000
01/19/1979,99.750000
01/22/1979,99.900000
01/23/1979,100.600000
01/24/1979,100.160000
01/25/1979,101.190000
01/26/1979,101.860000
01/29/1979,101.550000
01/30/1979,101.050000
01/31/1979,99.930000
02/01/1979,99.960000
02/02/1979,99.500000
02/05/1979,98.090000
02/06/1979,98.050000
02/07/1979,97.160000
02/08/1979,97.650000
02/09/1979,97.870000
02/12/1979,98.200000
02/13/1979,98.930000
02/14/1979,98.870000
02/15/1979,98.730000
02/16/1979,98.670000
02/20/1979,99.420000
02/21/1979,99.070000
02/22/1979,98.330000
02/23/1979,97.780000
02/26/1979,97.670000
02/27/1979,96.130000
02/28/1979,96.280000
03/01/1979,96.900000
03/02/1979,96.970000
03/05/1979,98.060000
03/06/1979,97.870000
03/07/1979,98.440000
03/08/1979,99.580000
03/09/1979,99.540000
03/12/1979,99.670000
03/13/1979,99.840000
03/14/1979,99.710000
03/15/1979,99.860000
03/16/1979,100.690000
03/19/1979,101.060000
03/20/1979,100.500000
03/21/1979,101.250000
03/22/1979,101.670000
03/23/1979,101.600000
03/26/1979,101.040000
03/27/1979,102.480000
03/28/1979,102.120000
03/29/1979,102.030000
03/30/1979,101.590000
04/02/1979,100.900000
04/03/1979,102.400000
04/04/1979,102.650000
04/05/1979,103.260000
04/06/1979,103.180000
04/09/1979,102.870000
04/10/1979,103.340000
04/11/1979,102.310000
04/12/1979,102.000000
04/16/1979,101.120000
04/17/1979,101.240000
04/18/1979,101.700000
04/19/1979,101.280000
04/20/1979,101.230000
04/23/1979,101.570000
04/24/1979,102.200000
04/25/1979,102.500000
04/26/1979,102.010000
04/27/1979,101.800000
04/30/1979,101.760000
05/01/1979,101.680000
05/02/1979,101.720000
05/03/1979,101.810000
05/04/1979,100.690000
05/07/1979,99.020000
05/08/1979,99.170000
05/09/1979,99.460000
05/10/1979,98.520000
05/11/1979,98.520000
05/14/1979,98.060000
05/15/1979,98.140000
05/16/1979,98.420000
05/17/1979,99.940000
05/18/1979,99.930000
05/21/1979,100.140000
05/22/1979,100.510000
05/23/1979,99.890000
05/24/1979,99.930000
05/25/1979,100.220000
05/29/1979,100.050000
05/30/1979,99.110000
05/31/1979,99.080000
06/01/1979,99.170000
06/04/1979,99.320000
06/05/1979,100.620000
06/06/1979,101.300000
06/07/1979,101.790000
06/08/1979,101.490000
06/11/1979,101.910000
06/12/1979,102.850000
06/13/1979,102.310000
06/14/1979,102.200000
06/15/1979,102.090000
06/18/1979,101.560000
06/19/1979,101.580000
06/20/1979,101.630000
06/21/1979,102.090000
06/22/1979,102.640000
06/25/1979,102.090000
06/26/1979,101.660000
06/27/1979,102.270000
06/28/1979,102.800000
06/29/1979,102.910000
07/02/1979,101.990000
07/03/1979,102.090000
07/05/1979,102.430000
07/06/1979,103.620000
07/09/1979,104.470000
07/10/1979,104.200000
07/11/1979,103.640000
07/12/1979,102.690000
07/13/1979,102.320000
07/16/1979,102.740000
07/17/1979,101.830000
07/18/1979,101.690000
07/19/1979,101.610000
07/20/1979,101.820000
07/23/1979,101.590000
07/24/1979,101.970000
07/25/1979,103.080000
07/26/1979,103.100000
07/27/1979,103.100000
07/30/1979,103.150000
07/31/1979,103.810000
08/01/1979,104.170000
08/02/1979,104.100000
08/03/1979,104.040000
08/06/1979,104.300000
08/07/1979,105.650000
08/08/1979,105.980000
08/09/1979,105.490000
08/10/1979,106.400000
08/13/1979,107.420000
08/14/1979,107.520000
08/15/1979,108.250000
08/16/1979,108.090000
08/17/1979,108.300000
08/20/1979,108.830000
08/21/1979,108.910000
08/22/1979,108.990000
08/23/1979,108.630000
08/24/1979,108.600000
08/27/1979,109.140000
08/28/1979,109.020000
08/29/1979,109.020000
08/30/1979,109.020000
08/31/1979,109.320000
09/04/1979,107.440000
09/05/1979,106.400000
09/06/1979,106.850000
09/07/1979,107.660000
09/10/1979,108.170000
09/11/1979,107.510000
09/12/1979,107.820000
09/13/1979,107.850000
09/14/1979,108.760000
09/17/1979,108.840000
09/18/1979,108.000000
09/19/1979,108.280000
09/20/1979,110.510000
09/21/1979,110.470000
09/24/1979,109.610000
09/25/1979,109.680000
09/26/1979,109.960000
09/27/1979,110.210000
09/28/1979,109.320000
10/01/1979,108.560000
10/02/1979,109.590000
10/03/1979,109.590000
10/04/1979,110.170000
10/05/1979,111.270000
10/08/1979,109.880000
10/09/1979,106.630000
10/10/1979,105.300000
10/11/1979,105.050000
10/12/1979,104.490000
10/15/1979,103.360000
10/16/1979,103.190000
10/17/1979,103.390000
10/18/1979,103.610000
10/19/1979,101.600000
10/22/1979,100.710000
10/23/1979,100.280000
10/24/1979,100.440000
10/25/1979,100.000000
10/26/1979,100.570000
10/29/1979,100.710000
10/30/1979,102.670000
10/31/1979,101.820000
11/01/1979,102.570000
11/02/1979,102.510000
11/05/1979,101.820000
11/06/1979,101.200000
11/07/1979,99.870000
11/08/1979,100.300000
11/09/1979,101.510000
11/12/1979,103.510000
11/13/1979,102.940000
11/14/1979,103.390000
11/15/1979,104.130000
11/16/1979,103.790000
11/19/1979,104.230000
11/20/1979,103.690000
11/21/1979,103.890000
11/23/1979,104.670000
11/26/1979,106.800000
11/27/1979,106.380000
11/28/1979,106.770000
11/29/1979,106.810000
11/30/1979,106.160000
12/03/1979,105.830000
12/04/1979,106.790000
12/05/1979,107.250000
12/06/1979,108.000000
12/07/1979,107.520000
12/10/1979,107.670000
12/11/1979,107.490000
12/12/1979,107.520000
12/13/1979,107.670000
12/14/1979,108.920000
12/17/1979,109.330000
12/18/1979,108.300000
12/19/1979,108.200000
12/20/1979,108.260000
12/21/1979,107.590000
12/24/1979,107.660000
12/26/1979,107.780000
12/27/1979,107.960000
12/28/1979,107.840000
12/31/1979,107.940000
01/02/1980,105.760000
01/03/1980,105.220000
01/04/1980,106.520000
01/07/1980,106.810000
01/08/1980,108.950000
01/09/1980,109.050000
01/10/1980,109.890000
01/11/1980,109.920000
01/14/1980,110.380000
01/15/1980,111.140000
01/16/1980,111.050000
01/17/1980,110.700000
01/18/1980,111.070000
01/21/1980,112.100000
01/22/1980,111.510000
01/23/1980,113.440000
01/24/1980,113.700000
01/25/1980,113.610000
01/28/1980,114.850000
01/29/1980,114.070000
01/30/1980,115.200000
01/31/1980,114.160000
02/01/1980,115.120000
02/04/1980,114.370000
02/05/1980,114.660000
02/06/1980,115.720000
02/07/1980,116.280000
02/08/1980,117.950000
02/11/1980,117.120000
02/12/1980,117.900000
02/13/1980,118.440000
02/14/1980,116.720000
02/15/1980,115.410000
02/19/1980,114.600000
02/20/1980,116.470000
02/21/1980,115.280000
02/22/1980,115.040000
02/25/1980,113.330000
02/26/1980,113.980000
02/27/1980,112.380000
02/28/1980,112.350000
02/29/1980,113.660000
03/03/1980,112.500000
03/04/1980,112.780000
03/05/1980,111.130000
03/06/1980,108.650000
03/07/1980,106.900000
03/10/1980,106.510000
03/11/1980,107.780000
03/12/1980,106.870000
03/13/1980,105.620000
03/14/1980,105.430000
03/17/1980,102.260000
03/18/1980,104.100000
03/19/1980,104.310000
03/20/1980,103.120000
03/21/1980,102.310000
03/24/1980,99.280000
03/25/1980,99.190000
03/26/1980,98.680000
03/27/1980,98.220000
03/28/1980,100.680000
03/31/1980,102.090000
04/01/1980,102.180000
04/02/1980,102.680000
04/03/1980,102.150000
04/07/1980,100.190000
04/08/1980,101.200000
04/09/1980,103.110000
04/10/1980,104.080000
04/11/1980,103.790000
04/14/1980,102.840000
04/15/1980,102.630000
04/16/1980,101.540000
04/17/1980,101.050000
04/18/1980,100.550000
04/21/1980,99.800000
04/22/1980,103.430000
04/23/1980,103.730000
04/24/1980,104.400000
04/25/1980,105.160000
04/28/1980,105.640000
04/29/1980,105.860000
04/30/1980,106.290000
05/01/1980,105.460000
05/02/1980,105.580000
05/05/1980,106.380000
05/06/1980,106.250000
05/07/1980,107.180000
05/08/1980,106.130000
05/09/1980,104.720000
05/12/1980,104.780000
05/13/1980,106.300000
05/14/1980,106.850000
05/15/1980,106.990000
05/16/1980,107.350000
05/19/1980,107.670000
05/20/1980,107.620000
05/21/1980,107.720000
05/22/1980,109.010000
05/23/1980,110.620000
05/27/1980,111.400000
05/28/1980,112.060000
05/29/1980,110.270000
05/30/1980,111.240000
06/02/1980,110.760000
06/03/1980,110.510000
06/04/1980,112.610000
06/05/1980,112.780000
06/06/1980,113.200000
06/09/1980,113.710000
06/10/1980,114.660000
06/11/1980,116.020000
06/12/1980,115.520000
06/13/1980,115.810000
06/16/1980,116.090000
06/17/1980,116.030000
06/18/1980,116.260000
06/19/1980,114.660000
06/20/1980,114.060000
06/23/1980,114.510000
06/24/1980,115.140000
06/25/1980,116.720000
06/26/1980,116.190000
06/27/1980,116.000000
06/30/1980,114.240000
07/01/1980,114.930000
07/02/1980,115.680000
07/03/1980,117.460000
07/07/1980,118.290000
07/08/1980,117.840000
07/09/1980,117.980000
07/10/1980,116.950000
07/11/1980,117.840000
07/14/1980,120.010000
07/15/1980,119.300000
07/16/1980,119.630000
07/17/1980,121.440000
07/18/1980,122.040000
07/21/1980,122.510000
07/22/1980,122.190000
07/23/1980,121.930000
07/24/1980,121.790000
07/25/1980,120.780000
07/28/1980,121.430000
07/29/1980,122.400000
07/30/1980,122.230000
07/31/1980,121.670000
08/01/1980,121.210000
08/04/1980,120.980000
08/05/1980,120.740000
08/06/1980,121.550000
08/07/1980,123.300000
08/08/1980,123.610000
08/11/1980,124.780000
08/12/1980,123.790000
08/13/1980,123.280000
08/14/1980,125.250000
08/15/1980,125.720000
08/18/1980,123.390000
08/19/1980,122.600000
08/20/1980,123.770000
08/21/1980,125.460000
08/22/1980,126.020000
08/25/1980,125.160000
08/26/1980,124.840000
08/27/1980,123.520000
08/28/1980,122.080000
08/29/1980,122.380000
09/02/1980,123.740000
09/03/1980,126.120000
09/04/1980,125.420000
09/05/1980,124.880000
09/08/1980,123.310000
09/09/1980,124.070000
09/10/1980,124.810000
09/11/1980,125.660000
09/12/1980,125.540000
09/15/1980,125.670000
09/16/1980,126.740000
09/17/1980,128.870000
09/18/1980,128.400000
09/19/1980,129.250000
09/22/1980,130.400000
09/23/1980,129.430000
09/24/1980,130.370000
09/25/1980,128.720000
09/26/1980,126.350000
09/29/1980,123.540000
09/30/1980,125.460000
10/01/1980,127.130000
10/02/1980,128.090000
10/03/1980,129.330000
10/06/1980,131.730000
10/07/1980,131.000000
10/08/1980,131.650000
10/09/1980,131.040000
10/10/1980,130.290000
10/13/1980,132.030000
10/14/1980,132.020000
10/15/1980,133.700000
10/16/1980,132.220000
10/17/1980,131.520000
10/20/1980,132.610000
10/21/1980,131.840000
10/22/1980,131.920000
10/23/1980,129.530000
10/24/1980,129.850000
10/27/1980,127.880000
10/28/1980,128.050000
10/29/1980,127.910000
10/30/1980,126.290000
10/31/1980,127.470000
11/03/1980,129.040000
11/05/1980,131.330000
11/06/1980,128.910000
11/07/1980,129.180000
11/10/1980,129.480000
11/11/1980,131.260000
11/12/1980,134.590000
11/13/1980,136.490000
11/14/1980,137.150000
11/17/1980,137.750000
11/18/1980,139.700000
11/19/1980,139.060000
11/20/1980,140.400000
11/21/1980,139.110000
11/24/1980,138.310000
11/25/1980,139.330000
11/26/1980,140.170000
11/28/1980,140.520000
12/01/1980,137.210000
12/02/1980,136.970000
12/03/1980,136.710000
12/04/1980,136.480000
12/05/1980,134.030000
12/08/1980,130.610000
12/09/1980,130.480000
12/10/1980,128.260000
12/11/1980,127.360000
12/12/1980,129.230000
12/15/1980,129.450000
12/16/1980,130.600000
12/17/1980,132.890000
12/18/1980,133.000000
12/19/1980,133.700000
12/22/1980,135.780000
12/23/1980,135.300000
12/24/1980,135.880000
12/26/1980,136.570000
12/29/1980,135.030000
12/30/1980,135.330000
12/31/1980,135.760000
01/02/1981,136.340000
01/05/1981,137.970000
01/06/1981,138.120000
01/07/1981,135.080000
01/08/1981,133.060000
01/09/1981,133.480000
01/12/1981,133.520000
01/13/1981,133.290000
01/14/1981,133.470000
01/15/1981,134.220000
01/16/1981,134.770000
01/19/1981,134.370000
01/20/1981,131.650000
01/21/1981,131.360000
01/22/1981,130.260000
01/23/1981,130.230000
01/26/1981,129.840000
01/27/1981,131.120000
01/28/1981,130.340000
01/29/1981,130.240000
01/30/1981,129.550000
02/02/1981,126.910000
02/03/1981,128.460000
02/04/1981,128.590000
02/05/1981,129.630000
02/06/1981,130.600000
02/09/1981,129.270000
02/10/1981,129.240000
02/11/1981,128.240000
02/12/1981,127.480000
02/13/1981,126.980000
02/17/1981,127.810000
02/18/1981,128.480000
02/19/1981,126.610000
02/20/1981,126.580000
02/23/1981,127.350000
02/24/1981,127.390000
02/25/1981,128.520000
02/26/1981,130.100000
02/27/1981,131.270000
03/02/1981,132.010000
03/03/1981,130.560000
03/04/1981,130.860000
03/05/1981,129.930000
03/06/1981,129.850000
03/09/1981,131.120000
03/10/1981,130.460000
03/11/1981,129.950000
03/12/1981,133.190000
03/13/1981,133.110000
03/16/1981,134.680000
03/17/1981,133.920000
03/18/1981,134.220000
03/19/1981,133.460000
03/20/1981,134.080000
03/23/1981,135.690000
03/24/1981,134.670000
03/25/1981,137.110000
03/26/1981,136.270000
03/27/1981,134.650000
03/30/1981,134.280000
03/31/1981,136.000000
04/01/1981,136.570000
04/02/1981,136.320000
04/03/1981,135.490000
04/06/1981,133.930000
04/07/1981,133.910000
04/08/1981,134.310000
04/09/1981,134.670000
04/10/1981,134.510000
04/13/1981,133.150000
04/14/1981,132.680000
04/15/1981,134.170000
04/16/1981,134.700000
04/20/1981,135.450000
04/21/1981,134.230000
04/22/1981,134.140000
04/23/1981,133.940000
04/24/1981,135.140000
04/27/1981,135.480000
04/28/1981,134.330000
04/29/1981,133.050000
04/30/1981,132.810000
05/01/1981,132.720000
05/04/1981,130.670000
05/05/1981,130.320000
05/06/1981,130.780000
05/07/1981,131.670000
05/08/1981,131.660000
05/11/1981,129.710000
05/12/1981,130.720000
05/13/1981,130.550000
05/14/1981,131.280000
05/15/1981,132.170000
05/18/1981,132.540000
05/19/1981,132.090000
05/20/1981,132.000000
05/21/1981,131.750000
05/22/1981,131.330000
05/26/1981,132.770000
05/27/1981,133.770000
05/28/1981,133.450000
05/29/1981,132.590000
06/01/1981,132.410000
06/02/1981,130.620000
06/03/1981,130.710000
06/04/1981,130.960000
06/05/1981,132.220000
06/08/1981,132.240000
06/09/1981,131.970000
06/10/1981,132.320000
06/11/1981,133.750000
06/12/1981,133.490000
06/15/1981,133.610000
06/16/1981,132.150000
06/17/1981,133.320000
06/18/1981,131.640000
06/19/1981,132.270000
06/22/1981,131.950000
06/23/1981,133.350000
06/24/1981,132.660000
06/25/1981,132.810000
06/26/1981,132.560000
06/29/1981,131.890000
06/30/1981,131.210000
07/01/1981,129.770000
07/02/1981,128.640000
07/06/1981,127.370000
07/07/1981,128.240000
07/08/1981,128.320000
07/09/1981,129.300000
07/10/1981,129.370000
07/13/1981,129.640000
07/14/1981,129.650000
07/15/1981,130.230000
07/16/1981,130.340000
07/17/1981,130.760000
07/20/1981,128.720000
07/21/1981,129.650000
07/22/1981,127.130000
07/23/1981,127.400000
07/24/1981,128.460000
07/27/1981,129.900000
07/28/1981,129.140000
07/29/1981,129.160000
07/30/1981,130.010000
07/31/1981,130.920000
08/03/1981,130.480000
08/04/1981,131.180000
08/05/1981,132.670000
08/06/1981,132.640000
08/07/1981,131.750000
08/10/1981,132.540000
08/11/1981,133.850000
08/12/1981,133.400000
08/13/1981,133.510000
08/14/1981,132.490000
08/17/1981,131.220000
08/18/1981,130.110000
08/19/1981,130.490000
08/20/1981,130.690000
08/21/1981,129.230000
08/24/1981,125.500000
08/25/1981,125.130000
08/26/1981,124.960000
08/27/1981,123.510000
08/28/1981,124.080000
08/31/1981,122.790000
09/01/1981,123.020000
09/02/1981,123.490000
09/03/1981,121.240000
09/04/1981,120.070000
09/08/1981,117.980000
09/09/1981,118.400000
09/10/1981,120.140000
09/11/1981,121.610000
09/14/1981,120.660000
09/15/1981,119.770000
09/16/1981,118.870000
09/17/1981,117.150000
09/18/1981,116.260000
09/21/1981,117.240000
09/22/1981,116.680000
09/23/1981,115.650000
09/24/1981,115.010000
09/25/1981,112.770000
09/28/1981,115.530000
09/29/1981,115.940000
09/30/1981,116.180000
10/01/1981,117.080000
10/02/1981,119.360000
10/05/1981,119.510000
10/06/1981,119.390000
10/07/1981,121.310000
10/08/1981,122.310000
10/09/1981,121.450000
10/12/1981,121.210000
10/13/1981,120.780000
10/14/1981,118.800000
10/15/1981,119.710000
10/16/1981,119.190000
10/19/1981,118.980000
10/20/1981,120.280000
10/21/1981,120.100000
10/22/1981,119.640000
10/23/1981,118.600000
10/26/1981,118.160000
10/27/1981,119.290000
10/28/1981,119.450000
10/29/1981,119.060000
10/30/1981,121.890000
11/02/1981,124.200000
11/03/1981,124.800000
11/04/1981,124.740000
11/05/1981,123.540000
11/06/1981,122.670000
11/09/1981,123.290000
11/10/1981,122.700000
11/11/1981,122.920000
11/12/1981,123.190000
11/13/1981,121.670000
11/16/1981,120.240000
11/17/1981,121.150000
11/18/1981,120.260000
11/19/1981,120.710000
11/20/1981,121.710000
11/23/1981,121.600000
11/24/1981,123.510000
11/25/1981,124.050000
11/27/1981,125.090000
11/30/1981,126.350000
12/01/1981,126.100000
12/02/1981,124.690000
12/03/1981,125.120000
12/04/1981,126.260000
12/07/1981,125.190000
12/08/1981,124.820000
12/09/1981,125.480000
12/10/1981,125.710000
12/11/1981,124.930000
12/14/1981,122.780000
12/15/1981,122.990000
12/16/1981,122.420000
12/17/1981,123.120000
12/18/1981,124.000000
12/21/1981,123.340000
12/22/1981,122.880000
12/23/1981,122.310000
12/24/1981,122.540000
12/28/1981,122.270000
12/29/1981,121.670000
12/30/1981,122.300000
12/31/1981,122.550000
01/04/1982,122.740000
01/05/1982,120.050000
01/06/1982,119.180000
01/07/1982,118.930000
01/08/1982,119.550000
01/11/1982,116.780000
01/12/1982,116.300000
01/13/1982,114.880000
01/14/1982,115.540000
01/15/1982,116.330000
01/18/1982,117.220000
01/19/1982,115.970000
01/20/1982,115.270000
01/21/1982,115.750000
01/22/1982,115.380000
01/25/1982,115.410000
01/26/1982,115.190000
01/27/1982,115.740000
01/28/1982,118.920000
01/29/1982,120.400000
02/01/1982,117.780000
02/02/1982,118.010000
02/03/1982,116.480000
02/04/1982,116.420000
02/05/1982,117.260000
02/08/1982,114.630000
02/09/1982,113.680000
02/10/1982,114.660000
02/11/1982,114.430000
02/12/1982,114.380000
02/16/1982,114.060000
02/17/1982,113.690000
02/18/1982,113.820000
02/19/1982,113.220000
02/22/1982,111.590000
02/23/1982,111.510000
02/24/1982,113.470000
02/25/1982,113.210000
02/26/1982,113.110000
03/01/1982,113.310000
03/02/1982,112.680000
03/03/1982,110.920000
03/04/1982,109.880000
03/05/1982,109.340000
03/08/1982,107.340000
03/09/1982,108.830000
03/10/1982,109.410000
03/11/1982,109.360000
03/12/1982,108.610000
03/15/1982,109.450000
03/16/1982,109.280000
03/17/1982,109.080000
03/18/1982,110.300000
03/19/1982,110.610000
03/22/1982,112.770000
03/23/1982,113.550000
03/24/1982,112.970000
03/25/1982,113.210000
03/26/1982,111.940000
03/29/1982,112.300000
03/30/1982,112.270000
03/31/1982,111.960000
04/01/1982,113.790000
04/02/1982,115.120000
04/05/1982,114.730000
04/06/1982,115.360000
04/07/1982,115.460000
04/08/1982,116.220000
04/12/1982,116.000000
04/13/1982,115.990000
04/14/1982,115.830000
04/15/1982,116.350000
04/16/1982,116.810000
04/19/1982,116.700000
04/20/1982,115.440000
04/21/1982,115.720000
04/22/1982,117.190000
04/23/1982,118.640000
04/26/1982,119.260000
04/27/1982,118.000000
04/28/1982,117.260000
04/29/1982,116.130000
04/30/1982,116.440000
05/03/1982,116.810000
05/04/1982,117.460000
05/05/1982,117.670000
05/06/1982,118.680000
05/07/1982,119.470000
05/10/1982,118.380000
05/11/1982,119.420000
05/12/1982,119.170000
05/13/1982,118.220000
05/14/1982,118.010000
05/17/1982,116.710000
05/18/1982,115.840000
05/19/1982,114.890000
05/20/1982,114.590000
05/21/1982,114.890000
05/24/1982,114.790000
05/25/1982,114.400000
05/26/1982,113.110000
05/27/1982,112.660000
05/28/1982,111.880000
06/01/1982,111.680000
06/02/1982,112.040000
06/03/1982,111.860000
06/04/1982,110.090000
06/07/1982,110.120000
06/08/1982,109.630000
06/09/1982,108.990000
06/10/1982,109.610000
06/11/1982,111.240000
06/14/1982,109.960000
06/15/1982,109.690000
06/16/1982,108.870000
06/17/1982,107.600000
06/18/1982,107.280000
06/21/1982,107.200000
06/22/1982,108.300000
06/23/1982,110.140000
06/24/1982,109.830000
06/25/1982,109.140000
06/28/1982,110.260000
06/29/1982,110.210000
06/30/1982,109.610000
07/01/1982,108.710000
07/02/1982,107.650000
07/06/1982,107.290000
07/07/1982,107.220000
07/08/1982,107.530000
07/09/1982,108.830000
07/12/1982,109.570000
07/13/1982,109.450000
07/14/1982,110.440000
07/15/1982,110.470000
07/16/1982,111.070000
07/19/1982,110.730000
07/20/1982,111.540000
07/21/1982,111.420000
07/22/1982,111.470000
07/23/1982,111.170000
07/26/1982,110.360000
07/27/1982,109.430000
07/28/1982,107.730000
07/29/1982,107.720000
07/30/1982,107.090000
08/02/1982,108.980000
08/03/1982,107.830000
08/04/1982,106.140000
08/05/1982,105.160000
08/06/1982,103.710000
08/09/1982,103.080000
08/10/1982,102.840000
08/11/1982,102.600000
08/12/1982,102.420000
08/13/1982,103.850000
08/16/1982,104.090000
08/17/1982,109.040000
08/18/1982,108.530000
08/19/1982,109.160000
08/20/1982,113.020000
08/23/1982,116.110000
08/24/1982,115.340000
08/25/1982,117.580000
08/26/1982,118.550000
08/27/1982,117.110000
08/30/1982,117.660000
08/31/1982,119.510000
09/01/1982,118.250000
09/02/1982,120.280000
09/03/1982,122.680000
09/07/1982,121.370000
09/08/1982,122.200000
09/09/1982,121.970000
09/10/1982,120.970000
09/13/1982,122.240000
09/14/1982,123.100000
09/15/1982,124.290000
09/16/1982,123.770000
09/17/1982,122.550000
09/20/1982,122.510000
09/21/1982,124.880000
09/22/1982,123.990000
09/23/1982,123.810000
09/24/1982,123.320000
09/27/1982,123.620000
09/28/1982,123.240000
09/29/1982,121.630000
09/30/1982,120.420000
10/01/1982,121.970000
10/04/1982,121.510000
10/05/1982,121.980000
10/06/1982,125.970000
10/07/1982,128.800000
10/08/1982,131.050000
10/11/1982,134.470000
10/12/1982,134.440000
10/13/1982,136.710000
10/14/1982,134.570000
10/15/1982,133.570000
10/18/1982,136.730000
10/19/1982,136.580000
10/20/1982,139.230000
10/21/1982,139.060000
10/22/1982,138.830000
10/25/1982,133.320000
10/26/1982,134.480000
10/27/1982,135.280000
10/28/1982,133.590000
10/29/1982,133.710000
11/01/1982,135.470000
11/02/1982,137.490000
11/03/1982,142.870000
11/04/1982,141.850000
11/05/1982,142.160000
11/08/1982,140.440000
11/09/1982,143.020000
11/10/1982,141.160000
11/11/1982,141.760000
11/12/1982,139.530000
11/15/1982,137.030000
11/16/1982,135.420000
11/17/1982,137.930000
11/18/1982,138.340000
11/19/1982,137.020000
11/22/1982,134.220000
11/23/1982,132.930000
11/24/1982,133.880000
11/26/1982,134.880000
11/29/1982,134.200000
11/30/1982,138.540000
12/01/1982,138.720000
12/02/1982,138.820000
12/03/1982,138.690000
12/06/1982,141.770000
12/07/1982,142.720000
12/08/1982,141.810000
12/09/1982,140.000000
12/10/1982,139.570000
12/13/1982,139.950000
12/14/1982,137.390000
12/15/1982,135.240000
12/16/1982,135.300000
12/17/1982,137.490000
12/20/1982,136.260000
12/21/1982,138.610000
12/22/1982,138.830000
12/23/1982,139.720000
12/27/1982,142.180000
12/28/1982,140.770000
12/29/1982,141.240000
12/30/1982,140.330000
12/31/1982,140.640000
01/03/1983,138.340000
01/04/1983,141.350000
01/05/1983,141.960000
01/06/1983,145.270000
01/07/1983,145.180000
01/10/1983,146.780000
01/11/1983,145.780000
01/12/1983,146.690000
01/13/1983,145.730000
01/14/1983,146.650000
01/17/1983,146.710000
01/18/1983,146.400000
01/19/1983,145.270000
01/20/1983,146.290000
01/21/1983,143.850000
01/24/1983,139.970000
01/25/1983,141.750000
01/26/1983,141.540000
01/27/1983,144.270000
01/28/1983,144.510000
01/31/1983,145.300000
02/01/1983,142.960000
02/02/1983,143.230000
02/03/1983,144.260000
02/04/1983,146.140000
02/07/1983,146.930000
02/08/1983,145.700000
02/09/1983,145.000000
02/10/1983,147.500000
02/11/1983,147.630000
02/14/1983,148.920000
02/15/1983,148.300000
02/16/1983,147.430000
02/17/1983,147.440000
02/18/1983,148.000000
02/22/1983,145.480000
02/23/1983,146.790000
02/24/1983,149.600000
02/25/1983,149.740000
02/28/1983,148.060000
03/01/1983,150.880000
03/02/1983,152.300000
03/03/1983,153.480000
03/04/1983,153.670000
03/07/1983,153.670000
03/08/1983,151.260000
03/09/1983,152.870000
03/10/1983,151.800000
03/11/1983,151.240000
03/14/1983,150.830000
03/15/1983,151.360000
03/16/1983,149.800000
03/17/1983,149.590000
03/18/1983,149.900000
03/21/1983,151.190000
03/22/1983,150.660000
03/23/1983,152.810000
03/24/1983,153.370000
03/25/1983,152.670000
03/28/1983,151.850000
03/29/1983,151.590000
03/30/1983,153.390000
03/31/1983,152.960000
04/04/1983,153.020000
04/05/1983,151.890000
04/06/1983,151.040000
04/07/1983,151.760000
04/08/1983,152.850000
04/11/1983,155.140000
04/12/1983,155.820000
04/13/1983,156.770000
04/14/1983,158.110000
04/15/1983,158.750000
04/18/1983,159.740000
04/19/1983,158.710000
04/20/1983,160.710000
04/21/1983,160.050000
04/22/1983,160.420000
04/25/1983,158.810000
04/26/1983,161.810000
04/27/1983,161.440000
04/28/1983,162.950000
04/29/1983,164.420000
05/02/1983,162.110000
05/03/1983,162.340000
05/04/1983,163.310000
05/05/1983,164.280000
05/06/1983,166.100000
05/09/1983,165.810000
05/10/1983,165.950000
05/11/1983,164.960000
05/12/1983,164.250000
05/13/1983,164.900000
05/16/1983,163.400000
05/17/1983,163.710000
05/18/1983,163.270000
05/19/1983,161.990000
05/20/1983,162.140000
05/23/1983,163.430000
05/24/1983,165.540000
05/25/1983,166.210000
05/26/1983,165.480000
05/27/1983,164.460000
05/31/1983,162.390000
06/01/1983,162.550000
06/02/1983,163.980000
06/03/1983,164.420000
06/06/1983,164.830000
06/07/1983,162.770000
06/08/1983,161.360000
06/09/1983,161.830000
06/10/1983,162.680000
06/13/1983,164.840000
06/14/1983,165.530000
06/15/1983,167.120000
06/16/1983,169.140000
06/17/1983,169.130000
06/20/1983,169.020000
06/21/1983,170.530000
06/22/1983,170.990000
06/23/1983,170.570000
06/24/1983,170.400000
06/27/1983,168.460000
06/28/1983,165.680000
06/29/1983,166.640000
06/30/1983,168.110000
07/01/1983,168.910000
07/05/1983,166.600000
07/06/1983,168.480000
07/07/1983,167.560000
07/08/1983,167.080000
07/11/1983,168.110000
07/12/1983,165.530000
07/13/1983,165.460000
07/14/1983,166.010000
07/15/1983,164.290000
07/18/1983,163.950000
07/19/1983,164.830000
07/20/1983,169.290000
07/21/1983,169.060000
07/22/1983,168.890000
07/25/1983,169.530000
07/26/1983,170.350000
07/27/1983,167.590000
07/28/1983,165.040000
07/29/1983,162.560000
08/01/1983,162.040000
08/02/1983,162.010000
08/03/1983,163.440000
08/04/1983,161.330000
08/05/1983,161.740000
08/08/1983,159.180000
08/09/1983,160.130000
08/10/1983,161.540000
08/11/1983,161.550000
08/12/1983,162.160000
08/15/1983,163.710000
08/16/1983,163.410000
08/17/1983,165.290000
08/18/1983,163.550000
08/19/1983,163.980000
08/22/1983,164.340000
08/23/1983,162.770000
08/24/1983,161.250000
08/25/1983,160.840000
08/26/1983,162.140000
08/29/1983,162.250000
08/30/1983,162.580000
08/31/1983,164.400000
09/01/1983,164.230000
09/02/1983,165.000000
09/06/1983,167.890000
09/07/1983,167.960000
09/08/1983,167.770000
09/09/1983,166.920000
09/12/1983,165.480000
09/13/1983,164.800000
09/14/1983,165.360000
09/15/1983,164.380000
09/16/1983,166.240000
09/19/1983,167.620000
09/20/1983,169.250000
09/21/1983,168.410000
09/22/1983,169.760000
09/23/1983,169.510000
09/26/1983,170.070000
09/27/1983,168.430000
09/28/1983,168.010000
09/29/1983,167.230000
09/30/1983,166.070000
10/03/1983,165.800000
10/04/1983,166.270000
10/05/1983,167.740000
10/06/1983,170.280000
10/07/1983,170.800000
10/10/1983,172.650000
10/11/1983,170.340000
10/12/1983,169.630000
10/13/1983,169.880000
10/14/1983,169.860000
10/17/1983,170.430000
10/18/1983,167.810000
10/19/1983,166.730000
10/20/1983,166.980000
10/21/1983,165.950000
10/24/1983,165.990000
10/25/1983,166.470000
10/26/1983,165.380000
10/27/1983,164.840000
10/28/1983,163.370000
10/31/1983,163.550000
11/01/1983,163.640000
11/02/1983,164.840000
11/03/1983,163.450000
11/04/1983,162.440000
11/07/1983,161.910000
11/08/1983,161.760000
11/09/1983,163.970000
11/10/1983,164.410000
11/11/1983,166.290000
11/14/1983,166.580000
11/15/1983,165.360000
11/16/1983,166.080000
11/17/1983,166.130000
11/18/1983,165.090000
11/21/1983,166.050000
11/22/1983,166.840000
11/23/1983,166.960000
11/25/1983,167.180000
11/28/1983,166.540000
11/29/1983,167.910000
11/30/1983,166.400000
12/01/1983,166.490000
12/02/1983,165.440000
12/05/1983,165.770000
12/06/1983,165.470000
12/07/1983,165.910000
12/08/1983,165.200000
12/09/1983,165.090000
12/12/1983,165.620000
12/13/1983,164.930000
12/14/1983,163.330000
12/15/1983,161.670000
12/16/1983,162.390000
12/19/1983,162.320000
12/20/1983,162.000000
12/21/1983,163.560000
12/22/1983,163.270000
12/23/1983,163.220000
12/27/1983,164.760000
12/28/1983,165.340000
12/29/1983,164.860000
12/30/1983,164.930000
01/03/1984,164.040000
01/04/1984,166.780000
01/05/1984,168.810000
01/06/1984,169.280000
01/09/1984,168.900000
01/10/1984,167.950000
01/11/1984,167.790000
01/12/1984,167.750000
01/13/1984,167.020000
01/16/1984,167.180000
01/17/1984,167.830000
01/18/1984,167.550000
01/19/1984,167.040000
01/20/1984,166.210000
01/23/1984,164.870000
01/24/1984,165.940000
01/25/1984,164.840000
01/26/1984,164.240000
01/27/1984,163.940000
01/30/1984,162.870000
01/31/1984,163.410000
02/01/1984,162.740000
02/02/1984,163.360000
02/03/1984,160.910000
02/06/1984,158.080000
02/07/1984,158.740000
02/08/1984,155.850000
02/09/1984,155.420000
02/10/1984,156.300000
02/13/1984,154.950000
02/14/1984,156.610000
02/15/1984,156.250000
02/16/1984,156.130000
02/17/1984,155.740000
02/21/1984,154.640000
02/22/1984,154.310000
02/23/1984,154.290000
02/24/1984,157.510000
02/27/1984,159.300000
02/28/1984,156.820000
02/29/1984,157.060000
03/01/1984,158.190000
03/02/1984,159.240000
03/05/1984,157.890000
03/06/1984,156.250000
03/07/1984,154.570000
03/08/1984,155.190000
03/09/1984,154.350000
03/12/1984,156.340000
03/13/1984,156.780000
03/14/1984,156.770000
03/15/1984,157.410000
03/16/1984,159.270000
03/19/1984,157.780000
03/20/1984,158.860000
03/21/1984,158.660000
03/22/1984,156.690000
03/23/1984,156.860000
03/26/1984,156.670000
03/27/1984,157.300000
03/28/1984,159.880000
03/29/1984,159.520000
03/30/1984,159.180000
04/02/1984,157.980000
04/03/1984,157.660000
04/04/1984,157.540000
04/05/1984,155.040000
04/06/1984,155.480000
04/09/1984,155.450000
04/10/1984,155.870000
04/11/1984,155.000000
04/12/1984,157.730000
04/13/1984,157.310000
04/16/1984,158.320000
04/17/1984,158.970000
04/18/1984,157.900000
04/19/1984,158.020000
04/23/1984,156.800000
04/24/1984,158.070000
04/25/1984,158.650000
04/26/1984,160.300000
04/27/1984,159.890000
04/30/1984,160.050000
05/01/1984,161.680000
05/02/1984,161.900000
05/03/1984,161.200000
05/04/1984,159.110000
05/07/1984,159.470000
05/08/1984,160.520000
05/09/1984,160.110000
05/10/1984,160.000000
05/11/1984,158.490000
05/14/1984,157.500000
05/15/1984,158.000000
05/16/1984,157.990000
05/17/1984,156.570000
05/18/1984,155.780000
05/21/1984,154.730000
05/22/1984,153.880000
05/23/1984,153.150000
05/24/1984,151.230000
05/25/1984,151.620000
05/29/1984,150.290000
05/30/1984,150.350000
05/31/1984,150.550000
06/01/1984,153.240000
06/04/1984,154.340000
06/05/1984,153.650000
06/06/1984,155.010000
06/07/1984,154.920000
06/08/1984,155.170000
06/11/1984,153.060000
06/12/1984,152.190000
06/13/1984,152.130000
06/14/1984,150.390000
06/15/1984,149.030000
06/18/1984,151.730000
06/19/1984,152.610000
06/20/1984,154.840000
06/21/1984,154.510000
06/22/1984,154.460000
06/25/1984,153.970000
06/26/1984,152.710000
06/27/1984,151.640000
06/28/1984,152.840000
06/29/1984,153.180000
07/02/1984,153.200000
07/03/1984,153.700000
07/05/1984,152.760000
07/06/1984,152.240000
07/09/1984,153.360000
07/10/1984,152.890000
07/11/1984,150.560000
07/12/1984,150.030000
07/13/1984,150.880000
07/16/1984,151.600000
07/17/1984,152.380000
07/18/1984,151.400000
07/19/1984,150.370000
07/20/1984,149.550000
07/23/1984,148.950000
07/24/1984,147.820000
07/25/1984,148.830000
07/26/1984,150.080000
07/27/1984,151.190000
07/30/1984,150.190000
07/31/1984,150.660000
08/01/1984,154.080000
08/02/1984,157.990000
08/03/1984,162.350000
08/06/1984,162.600000
08/07/1984,162.710000
08/08/1984,161.750000
08/09/1984,165.540000
08/10/1984,165.420000
08/13/1984,165.430000
08/14/1984,164.420000
08/15/1984,162.800000
08/16/1984,163.770000
08/17/1984,164.140000
08/20/1984,164.940000
08/21/1984,167.830000
08/22/1984,167.060000
08/23/1984,167.120000
08/24/1984,167.510000
08/27/1984,166.440000
08/28/1984,167.400000
08/29/1984,167.100000
08/30/1984,166.600000
08/31/1984,166.680000
09/04/1984,164.880000
09/05/1984,164.290000
09/06/1984,165.650000
09/07/1984,164.370000
09/10/1984,164.260000
09/11/1984,164.450000
09/12/1984,164.680000
09/13/1984,167.940000
09/14/1984,168.780000
09/17/1984,168.870000
09/18/1984,167.650000
09/19/1984,166.940000
09/20/1984,167.470000
09/21/1984,165.670000
09/24/1984,165.280000
09/25/1984,165.620000
09/26/1984,166.280000
09/27/1984,166.960000
09/28/1984,166.100000
10/01/1984,164.620000
10/02/1984,163.590000
10/03/1984,162.440000
10/04/1984,162.920000
10/05/1984,162.680000
10/08/1984,162.130000
10/09/1984,161.670000
10/10/1984,162.110000
10/11/1984,162.780000
10/12/1984,164.180000
10/15/1984,165.770000
10/16/1984,164.780000
10/17/1984,164.140000
10/18/1984,168.100000
10/19/1984,167.960000
10/22/1984,167.360000
10/23/1984,167.090000
10/24/1984,167.200000
10/25/1984,166.310000
10/26/1984,165.290000
10/29/1984,164.780000
10/30/1984,166.840000
10/31/1984,166.090000
11/01/1984,167.490000
11/02/1984,167.420000
11/05/1984,168.580000
11/06/1984,170.410000
11/07/1984,169.170000
11/08/1984,168.680000
11/09/1984,167.600000
11/12/1984,167.360000
11/13/1984,165.970000
11/14/1984,165.990000
11/15/1984,165.890000
11/16/1984,164.100000
11/19/1984,163.100000
11/20/1984,164.180000
11/21/1984,164.520000
11/23/1984,166.920000
11/26/1984,165.550000
11/27/1984,166.290000
11/28/1984,165.020000
11/29/1984,163.910000
11/30/1984,163.580000
12/03/1984,162.820000
12/04/1984,163.380000
12/05/1984,162.100000
12/06/1984,162.760000
12/07/1984,162.260000
12/10/1984,162.830000
12/11/1984,163.070000
12/12/1984,162.630000
12/13/1984,161.810000
12/14/1984,162.690000
12/17/1984,163.610000
12/18/1984,168.110000
12/19/1984,167.160000
12/20/1984,166.380000
12/21/1984,165.510000
12/24/1984,166.760000
12/26/1984,166.470000
12/27/1984,165.750000
12/28/1984,166.260000
12/31/1984,167.240000
01/02/1985,165.370000
01/03/1985,164.570000
01/04/1985,163.680000
01/07/1985,164.240000
01/08/1985,163.990000
01/09/1985,165.180000
01/10/1985,168.310000
01/11/1985,167.910000
01/14/1985,170.510000
01/15/1985,170.810000
01/16/1985,171.190000
01/17/1985,170.730000
01/18/1985,171.320000
01/21/1985,175.230000
01/22/1985,175.480000
01/23/1985,177.300000
01/24/1985,176.710000
01/25/1985,177.350000
01/28/1985,177.400000
01/29/1985,179.180000
01/30/1985,179.390000
01/31/1985,179.630000
02/01/1985,178.630000
02/04/1985,180.350000
02/05/1985,180.610000
02/06/1985,180.430000
02/07/1985,181.820000
02/08/1985,182.190000
02/11/1985,180.510000
02/12/1985,180.560000
02/13/1985,183.350000
02/14/1985,182.410000
02/15/1985,181.600000
02/19/1985,181.330000
02/20/1985,181.180000
02/21/1985,180.190000
02/22/1985,179.360000
02/25/1985,179.230000
02/26/1985,181.170000
02/27/1985,180.710000
02/28/1985,181.180000
03/01/1985,183.230000
03/04/1985,182.060000
03/05/1985,182.230000
03/06/1985,180.650000
03/07/1985,179.510000
03/08/1985,179.100000
03/11/1985,178.790000
03/12/1985,179.660000
03/13/1985,178.190000
03/14/1985,177.840000
03/15/1985,176.530000
03/18/1985,176.880000
03/19/1985,179.540000
03/20/1985,179.080000
03/21/1985,179.350000
03/22/1985,179.040000
03/25/1985,177.970000
03/26/1985,178.430000
03/27/1985,179.540000
03/28/1985,179.540000
03/29/1985,180.660000
04/01/1985,181.270000
04/02/1985,180.530000
04/03/1985,179.110000
04/04/1985,179.030000
04/08/1985,178.030000
04/09/1985,178.210000
04/10/1985,179.420000
04/11/1985,180.190000
04/12/1985,180.540000
04/15/1985,180.920000
04/16/1985,181.200000
04/17/1985,181.680000
04/18/1985,180.840000
04/19/1985,181.110000
04/22/1985,180.700000
04/23/1985,181.880000
04/24/1985,182.260000
04/25/1985,183.430000
04/26/1985,182.180000
04/29/1985,180.630000
04/30/1985,179.830000
05/01/1985,178.370000
05/02/1985,179.010000
05/03/1985,180.080000
05/06/1985,179.990000
05/07/1985,180.760000
05/08/1985,180.620000
05/09/1985,181.920000
05/10/1985,184.280000
05/13/1985,184.610000
05/14/1985,183.870000
05/15/1985,184.540000
05/16/1985,185.660000
05/17/1985,187.420000
05/20/1985,189.720000
05/21/1985,189.640000
05/22/1985,188.560000
05/23/1985,187.600000
05/24/1985,188.290000
05/28/1985,187.860000
05/29/1985,187.680000
05/30/1985,187.750000
05/31/1985,189.550000
06/03/1985,189.320000
06/04/1985,190.040000
06/05/1985,190.160000
06/06/1985,191.060000
06/07/1985,189.680000
06/10/1985,189.510000
06/11/1985,189.040000
06/12/1985,187.610000
06/13/1985,185.330000
06/14/1985,187.100000
06/17/1985,186.530000
06/18/1985,187.340000
06/19/1985,186.630000
06/20/1985,186.730000
06/21/1985,189.610000
06/24/1985,189.150000
06/25/1985,189.740000
06/26/1985,190.060000
06/27/1985,191.230000
06/28/1985,191.850000
07/01/1985,192.430000
07/02/1985,192.010000
07/03/1985,191.450000
07/05/1985,192.520000
07/08/1985,191.930000
07/09/1985,191.050000
07/10/1985,192.370000
07/11/1985,192.940000
07/12/1985,193.290000
07/15/1985,192.720000
07/16/1985,194.720000
07/17/1985,195.650000
07/18/1985,194.380000
07/19/1985,195.130000
07/22/1985,194.350000
07/23/1985,192.550000
07/24/1985,191.580000
07/25/1985,192.060000
07/26/1985,192.400000
07/29/1985,189.600000
07/30/1985,189.930000
07/31/1985,190.920000
08/01/1985,192.110000
08/02/1985,191.480000
08/05/1985,190.620000
08/06/1985,187.930000
08/07/1985,187.680000
08/08/1985,188.950000
08/09/1985,188.320000
08/12/1985,187.630000
08/13/1985,187.300000
08/14/1985,187.410000
08/15/1985,187.260000
08/16/1985,186.100000
08/19/1985,186.380000
08/20/1985,188.080000
08/21/1985,189.160000
08/22/1985,187.360000
08/23/1985,187.170000
08/26/1985,187.310000
08/27/1985,188.100000
08/28/1985,188.830000
08/29/1985,188.930000
08/30/1985,188.630000
09/03/1985,187.910000
09/04/1985,187.370000
09/05/1985,187.270000
09/06/1985,188.240000
09/09/1985,188.250000
09/10/1985,186.900000
09/11/1985,185.030000
09/12/1985,183.690000
09/13/1985,182.910000
09/16/1985,182.880000
09/17/1985,181.360000
09/18/1985,181.710000
09/19/1985,183.390000
09/20/1985,182.050000
09/23/1985,184.300000
09/24/1985,182.620000
09/25/1985,180.660000
09/26/1985,181.290000
09/27/1985,181.300000
09/30/1985,182.080000
10/01/1985,185.070000
10/02/1985,184.060000
10/03/1985,184.360000
10/04/1985,183.220000
10/07/1985,181.870000
10/08/1985,181.870000
10/09/1985,182.520000
10/10/1985,182.780000
10/11/1985,184.280000
10/14/1985,186.370000
10/15/1985,186.080000
10/16/1985,187.980000
10/17/1985,187.660000
10/18/1985,187.040000
10/21/1985,186.960000
10/22/1985,188.040000
10/23/1985,189.090000
10/24/1985,188.500000
10/25/1985,187.520000
10/28/1985,187.760000
10/29/1985,189.230000
10/30/1985,190.070000
10/31/1985,189.820000
11/01/1985,191.530000
11/04/1985,191.250000
11/05/1985,192.370000
11/06/1985,192.760000
11/07/1985,192.620000
11/08/1985,193.720000
11/11/1985,197.280000
11/12/1985,198.080000
11/13/1985,197.100000
11/14/1985,199.060000
11/15/1985,198.110000
11/18/1985,198.710000
11/19/1985,198.670000
11/20/1985,198.990000
11/21/1985,201.410000
11/22/1985,201.520000
11/25/1985,200.350000
11/26/1985,200.670000
11/27/1985,202.540000
11/29/1985,202.170000
12/02/1985,200.460000
12/03/1985,200.860000
12/04/1985,204.230000
12/05/1985,203.880000
12/06/1985,202.990000
12/09/1985,204.250000
12/10/1985,204.390000
12/11/1985,206.310000
12/12/1985,206.730000
12/13/1985,209.940000
12/16/1985,212.020000
12/17/1985,210.650000
12/18/1985,209.810000
12/19/1985,210.020000
12/20/1985,210.940000
12/23/1985,208.570000
12/24/1985,207.140000
12/26/1985,207.650000
12/27/1985,209.610000
12/30/1985,210.680000
12/31/1985,211.280000
01/02/1986,209.590000
01/03/1986,210.880000
01/06/1986,210.650000
01/07/1986,213.800000
01/08/1986,207.970000
01/09/1986,206.110000
01/10/1986,205.960000
01/13/1986,206.720000
01/14/1986,206.640000
01/15/1986,208.260000
01/16/1986,209.170000
01/17/1986,208.430000
01/20/1986,207.530000
01/21/1986,205.790000
01/22/1986,203.490000
01/23/1986,204.250000
01/24/1986,206.430000
01/27/1986,207.390000
01/28/1986,209.810000
01/29/1986,210.290000
01/30/1986,209.330000
01/31/1986,211.780000
02/03/1986,213.960000
02/04/1986,212.790000
02/05/1986,212.960000
02/06/1986,213.470000
02/07/1986,214.560000
02/10/1986,216.240000
02/11/1986,215.920000
02/12/1986,215.970000
02/13/1986,217.400000
02/14/1986,219.760000
02/18/1986,222.450000
02/19/1986,219.760000
02/20/1986,222.220000
02/21/1986,224.620000
02/24/1986,224.340000
02/25/1986,223.790000
02/26/1986,224.040000
02/27/1986,226.770000
02/28/1986,226.920000
03/03/1986,225.420000
03/04/1986,224.380000
03/05/1986,224.340000
03/06/1986,225.130000
03/07/1986,225.570000
03/10/1986,226.580000
03/11/1986,231.690000
03/12/1986,232.540000
03/13/1986,233.190000
03/14/1986,236.550000
03/17/1986,234.670000
03/18/1986,235.780000
03/19/1986,235.600000
03/20/1986,236.540000
03/21/1986,233.340000
03/24/1986,235.330000
03/25/1986,234.720000
03/26/1986,237.300000
03/27/1986,238.970000
03/31/1986,238.900000
04/01/1986,235.140000
04/02/1986,235.710000
04/03/1986,232.470000
04/04/1986,228.690000
04/07/1986,228.630000
04/08/1986,233.520000
04/09/1986,233.750000
04/10/1986,236.440000
04/11/1986,235.970000
04/14/1986,237.280000
04/15/1986,237.730000
04/16/1986,242.220000
04/17/1986,243.030000
04/18/1986,242.380000
04/21/1986,244.740000
04/22/1986,242.420000
04/23/1986,241.750000
04/24/1986,242.020000
04/25/1986,242.290000
04/28/1986,243.080000
04/29/1986,240.510000
04/30/1986,235.520000
05/01/1986,235.160000
05/02/1986,234.790000
05/05/1986,237.730000
05/06/1986,237.240000
05/07/1986,236.080000
05/08/1986,237.130000
05/09/1986,237.850000
05/12/1986,237.580000
05/13/1986,236.410000
05/14/1986,237.540000
05/15/1986,234.430000
05/16/1986,232.760000
05/19/1986,233.200000
05/20/1986,236.110000
05/21/1986,235.450000
05/22/1986,240.120000
05/23/1986,241.350000
05/27/1986,244.750000
05/28/1986,246.630000
05/29/1986,247.980000
05/30/1986,247.350000
06/02/1986,245.040000
06/03/1986,245.510000
06/04/1986,243.940000
06/05/1986,245.650000
06/06/1986,245.670000
06/09/1986,239.960000
06/10/1986,239.580000
06/11/1986,241.130000
06/12/1986,241.490000
06/13/1986,245.730000
06/16/1986,246.130000
06/17/1986,244.350000
06/18/1986,244.990000
06/19/1986,244.060000
06/20/1986,247.580000
06/23/1986,245.260000
06/24/1986,247.030000
06/25/1986,248.930000
06/26/1986,248.740000
06/27/1986,249.600000
06/30/1986,250.840000
07/01/1986,252.040000
07/02/1986,252.700000
07/03/1986,251.790000
07/07/1986,244.050000
07/08/1986,241.590000
07/09/1986,242.820000
07/10/1986,243.010000
07/11/1986,242.220000
07/14/1986,238.110000
07/15/1986,233.660000
07/16/1986,235.010000
07/17/1986,236.070000
07/18/1986,236.360000
07/21/1986,236.240000
07/22/1986,238.180000
07/23/1986,238.670000
07/24/1986,237.950000
07/25/1986,240.220000
07/28/1986,236.010000
07/29/1986,234.550000
07/30/1986,236.590000
07/31/1986,236.120000
08/01/1986,234.910000
08/04/1986,235.990000
08/05/1986,237.030000
08/06/1986,236.840000
08/07/1986,237.040000
08/08/1986,236.880000
08/11/1986,240.680000
08/12/1986,243.340000
08/13/1986,245.670000
08/14/1986,246.250000
08/15/1986,247.150000
08/18/1986,247.380000
08/19/1986,246.510000
08/20/1986,249.770000
08/21/1986,249.670000
08/22/1986,250.190000
08/25/1986,247.810000
08/26/1986,252.840000
08/27/1986,253.300000
08/28/1986,252.840000
08/29/1986,252.930000
09/02/1986,248.520000
09/03/1986,250.080000
09/04/1986,253.830000
09/05/1986,250.470000
09/08/1986,248.140000
09/09/1986,247.670000
09/10/1986,247.060000
09/11/1986,235.180000
09/12/1986,230.670000
09/15/1986,231.940000
09/16/1986,231.720000
09/17/1986,231.680000
09/18/1986,232.310000
09/19/1986,232.210000
09/22/1986,234.930000
09/23/1986,235.670000
09/24/1986,236.280000
09/25/1986,231.830000
09/26/1986,232.230000
09/29/1986,229.910000
09/30/1986,231.220000
10/01/1986,233.600000
10/02/1986,233.920000
10/03/1986,233.710000
10/06/1986,234.780000
10/07/1986,234.410000
10/08/1986,236.680000
10/09/1986,235.850000
10/10/1986,235.480000
10/13/1986,235.910000
10/14/1986,235.370000
10/15/1986,238.800000
10/16/1986,239.530000
10/17/1986,238.840000
10/20/1986,235.970000
10/21/1986,235.880000
10/22/1986,236.260000
10/23/1986,239.280000
10/24/1986,238.260000
10/27/1986,238.770000
10/28/1986,239.260000
10/29/1986,240.940000
10/30/1986,243.710000
10/31/1986,243.980000
11/03/1986,245.800000
11/04/1986,246.200000
11/05/1986,246.580000
11/06/1986,245.870000
11/07/1986,245.770000
11/10/1986,246.130000
11/11/1986,247.080000
11/12/1986,246.640000
11/13/1986,243.020000
11/14/1986,244.500000
11/17/1986,243.210000
11/18/1986,236.780000
11/19/1986,237.660000
11/20/1986,242.050000
11/21/1986,245.860000
11/24/1986,247.450000
11/25/1986,248.170000
11/26/1986,248.770000
11/28/1986,249.220000
12/01/1986,249.050000
12/02/1986,254.000000
12/03/1986,253.850000
12/04/1986,253.040000
12/05/1986,251.170000
12/08/1986,251.160000
12/09/1986,249.280000
12/10/1986,250.960000
12/11/1986,248.170000
12/12/1986,247.350000
12/15/1986,248.210000
12/16/1986,250.040000
12/17/1986,247.560000
12/18/1986,246.780000
12/19/1986,249.730000
12/22/1986,248.750000
12/23/1986,246.340000
12/24/1986,246.750000
12/26/1986,246.920000
12/29/1986,244.670000
12/30/1986,243.370000
12/31/1986,242.170000
01/02/1987,246.450000
01/05/1987,252.190000
01/06/1987,252.780000
01/07/1987,255.330000
01/08/1987,257.280000
01/09/1987,258.730000
01/12/1987,260.300000
01/13/1987,259.950000
01/14/1987,262.640000
01/15/1987,265.490000
01/16/1987,266.280000
01/19/1987,269.340000
01/20/1987,269.040000
01/21/1987,267.840000
01/22/1987,273.910000
01/23/1987,270.100000
01/26/1987,269.610000
01/27/1987,273.750000
01/28/1987,275.400000
01/29/1987,274.240000
01/30/1987,274.080000
02/02/1987,276.450000
02/03/1987,275.990000
02/04/1987,279.640000
02/05/1987,281.160000
02/06/1987,280.040000
02/09/1987,278.160000
02/10/1987,275.070000
02/11/1987,277.540000
02/12/1987,275.620000
02/13/1987,279.700000
02/17/1987,285.490000
02/18/1987,285.420000
02/19/1987,285.570000
02/20/1987,285.480000
02/23/1987,282.380000
02/24/1987,282.880000
02/25/1987,284.000000
02/26/1987,282.960000
02/27/1987,284.200000
03/02/1987,283.000000
03/03/1987,284.120000
03/04/1987,288.620000
03/05/1987,290.520000
03/06/1987,290.660000
03/09/1987,288.300000
03/10/1987,290.860000
03/11/1987,290.310000
03/12/1987,291.220000
03/13/1987,289.890000
03/16/1987,288.230000
03/17/1987,292.470000
03/18/1987,292.780000
03/19/1987,294.080000
03/20/1987,298.170000
03/23/1987,301.160000
03/24/1987,301.640000
03/25/1987,300.380000
03/26/1987,300.930000
03/27/1987,296.130000
03/30/1987,289.200000
03/31/1987,291.700000
04/01/1987,292.390000
04/02/1987,293.630000
04/03/1987,300.410000
04/06/1987,301.950000
04/07/1987,296.690000
04/08/1987,297.260000
04/09/1987,292.860000
04/10/1987,292.490000
04/13/1987,285.620000
04/14/1987,279.160000
04/15/1987,284.440000
04/16/1987,286.910000
04/20/1987,286.090000
04/21/1987,293.070000
04/22/1987,287.190000
04/23/1987,286.820000
04/24/1987,281.520000
04/27/1987,281.830000
04/28/1987,282.510000
04/29/1987,284.570000
04/30/1987,288.360000
05/01/1987,288.030000
05/04/1987,289.360000
05/05/1987,295.340000
05/06/1987,295.470000
05/07/1987,294.710000
05/08/1987,293.370000
05/11/1987,291.570000
05/12/1987,293.300000
05/13/1987,293.980000
05/14/1987,294.240000
05/15/1987,287.430000
05/18/1987,286.650000
05/19/1987,279.620000
05/20/1987,278.210000
05/21/1987,280.170000
05/22/1987,282.160000
05/26/1987,289.110000
05/27/1987,288.730000
05/28/1987,290.760000
05/29/1987,290.100000
06/01/1987,289.830000
06/02/1987,288.460000
06/03/1987,293.470000
06/04/1987,295.090000
06/05/1987,293.450000
06/08/1987,296.720000
06/09/1987,297.280000
06/10/1987,297.470000
06/11/1987,298.730000
06/12/1987,301.620000
06/15/1987,303.140000
06/16/1987,304.760000
06/17/1987,304.810000
06/18/1987,305.690000
06/19/1987,306.970000
06/22/1987,309.650000
06/23/1987,308.430000
06/24/1987,306.860000
06/25/1987,308.960000
06/26/1987,307.160000
06/29/1987,307.900000
06/30/1987,304.000000
07/01/1987,304.920000
07/02/1987,305.630000
07/06/1987,304.920000
07/07/1987,307.400000
07/08/1987,308.290000
07/09/1987,307.520000
07/10/1987,308.370000
07/13/1987,307.630000
07/14/1987,310.680000
07/15/1987,310.420000
07/16/1987,312.700000
07/17/1987,314.590000
07/20/1987,311.390000
07/21/1987,308.550000
07/22/1987,308.470000
07/23/1987,307.810000
07/24/1987,309.270000
07/27/1987,310.650000
07/28/1987,312.330000
07/29/1987,315.650000
07/30/1987,318.050000
07/31/1987,318.660000
08/03/1987,317.570000
08/04/1987,316.230000
08/05/1987,318.450000
08/06/1987,322.090000
08/07/1987,323.000000
08/10/1987,328.000000
08/11/1987,333.330000
08/12/1987,332.390000
08/13/1987,334.650000
08/14/1987,333.990000
08/17/1987,334.110000
08/18/1987,329.250000
08/19/1987,329.830000
08/20/1987,334.840000
08/21/1987,335.900000
08/24/1987,333.330000
08/25/1987,336.770000
08/26/1987,334.570000
08/27/1987,331.380000
08/28/1987,327.040000
08/31/1987,329.800000
09/01/1987,323.400000
09/02/1987,321.680000
09/03/1987,320.210000
09/04/1987,316.700000
09/08/1987,313.560000
09/09/1987,313.920000
09/10/1987,317.130000
09/11/1987,321.980000
09/14/1987,323.080000
09/15/1987,317.740000
09/16/1987,314.860000
09/17/1987,314.930000
09/18/1987,314.860000
09/21/1987,310.540000
09/22/1987,319.500000
09/23/1987,321.190000
09/24/1987,319.720000
09/25/1987,320.160000
09/28/1987,323.200000
09/29/1987,321.690000
09/30/1987,321.830000
10/01/1987,327.330000
10/02/1987,328.070000
10/05/1987,328.080000
10/06/1987,319.220000
10/07/1987,318.540000
10/08/1987,314.160000
10/09/1987,311.070000
10/12/1987,309.390000
10/13/1987,314.520000
10/14/1987,305.230000
10/15/1987,298.080000
10/16/1987,282.700000
10/19/1987,224.840000
10/20/1987,236.830000
10/21/1987,258.380000
10/22/1987,248.250000
10/23/1987,248.220000
10/26/1987,227.670000
10/27/1987,233.190000
10/28/1987,233.280000
10/29/1987,244.770000
10/30/1987,251.790000
11/02/1987,255.750000
11/03/1987,250.820000
11/04/1987,248.960000
11/05/1987,254.480000
11/06/1987,250.410000
11/09/1987,243.170000
11/10/1987,239.000000
11/11/1987,241.900000
11/12/1987,248.520000
11/13/1987,245.640000
11/16/1987,246.760000
11/17/1987,243.040000
11/18/1987,245.550000
11/19/1987,240.050000
11/20/1987,242.000000
11/23/1987,242.990000
11/24/1987,246.390000
11/25/1987,244.100000
11/27/1987,240.340000
11/30/1987,230.300000
12/01/1987,232.000000
12/02/1987,233.450000
12/03/1987,225.210000
12/04/1987,223.920000
12/07/1987,228.760000
12/08/1987,234.910000
12/09/1987,238.890000
12/10/1987,233.570000
12/11/1987,235.320000
12/14/1987,242.190000
12/15/1987,242.810000
12/16/1987,248.080000
12/17/1987,242.980000
12/18/1987,249.160000
12/21/1987,249.540000
12/22/1987,249.950000
12/23/1987,253.160000
12/24/1987,252.020000
12/28/1987,245.570000
12/29/1987,244.590000
12/30/1987,247.860000
12/31/1987,247.080000
01/04/1988,255.940000
01/05/1988,258.630000
01/06/1988,258.890000
01/07/1988,261.070000
01/08/1988,243.400000
01/11/1988,247.490000
01/12/1988,245.420000
01/13/1988,245.810000
01/14/1988,245.880000
01/15/1988,252.050000
01/18/1988,251.880000
01/19/1988,249.320000
01/20/1988,242.630000
01/21/1988,243.140000
01/22/1988,246.500000
01/25/1988,252.170000
01/26/1988,249.570000
01/27/1988,249.380000
01/28/1988,253.290000
01/29/1988,257.070000
02/01/1988,255.040000
02/02/1988,255.570000
02/03/1988,252.210000
02/04/1988,252.210000
02/05/1988,250.960000
02/08/1988,249.100000
02/09/1988,251.720000
02/10/1988,256.660000
02/11/1988,255.950000
02/12/1988,257.630000
02/16/1988,259.830000
02/17/1988,259.210000
02/18/1988,257.910000
02/19/1988,261.610000
02/22/1988,265.640000
02/23/1988,265.020000
02/24/1988,264.430000
02/25/1988,261.580000
02/26/1988,262.460000
02/29/1988,267.820000
03/01/1988,267.220000
03/02/1988,267.980000
03/03/1988,267.880000
03/04/1988,267.300000
03/07/1988,267.380000
03/08/1988,269.430000
03/09/1988,269.060000
03/10/1988,263.840000
03/11/1988,264.940000
03/14/1988,266.370000
03/15/1988,266.130000
03/16/1988,268.650000
03/17/1988,271.220000
03/18/1988,271.120000
03/21/1988,268.740000
03/22/1988,268.840000
03/23/1988,268.910000
03/24/1988,263.350000
03/25/1988,258.510000
03/28/1988,258.060000
03/29/1988,260.070000
03/30/1988,258.070000
03/31/1988,258.890000
04/04/1988,256.090000
04/05/1988,258.510000
04/06/1988,265.490000
04/07/1988,266.160000
04/08/1988,269.430000
04/11/1988,270.160000
04/12/1988,271.370000
04/13/1988,271.550000
04/14/1988,259.750000
04/15/1988,259.770000
04/18/1988,259.210000
04/19/1988,257.920000
04/20/1988,256.130000
04/21/1988,256.420000
04/22/1988,260.140000
04/25/1988,262.460000
04/26/1988,263.930000
04/27/1988,263.800000
04/28/1988,262.610000
04/29/1988,261.330000
05/02/1988,261.560000
05/03/1988,263.000000
05/04/1988,260.320000
05/05/1988,258.790000
05/06/1988,257.480000
05/09/1988,256.540000
05/10/1988,257.620000
05/11/1988,253.310000
05/12/1988,253.850000
05/13/1988,256.780000
05/16/1988,258.710000
05/17/1988,255.390000
05/18/1988,251.350000
05/19/1988,252.570000
05/20/1988,253.020000
05/23/1988,250.830000
05/24/1988,253.510000
05/25/1988,253.760000
05/26/1988,254.630000
05/27/1988,253.420000
05/31/1988,262.160000
06/01/1988,266.690000
06/02/1988,265.330000
06/03/1988,266.450000
06/06/1988,267.050000
06/07/1988,265.170000
06/08/1988,271.520000
06/09/1988,270.210000
06/10/1988,271.260000
06/13/1988,271.430000
06/14/1988,274.310000
06/15/1988,274.440000
06/16/1988,269.770000
06/17/1988,270.680000
06/20/1988,268.940000
06/21/1988,271.670000
06/22/1988,275.660000
06/23/1988,274.820000
06/24/1988,273.780000
06/27/1988,269.070000
06/28/1988,272.310000
06/29/1988,270.980000
06/30/1988,273.500000
07/01/1988,271.780000
07/05/1988,275.800000
07/06/1988,272.030000
07/07/1988,271.780000
07/08/1988,270.020000
07/11/1988,270.550000
07/12/1988,267.850000
07/13/1988,269.320000
07/14/1988,270.260000
07/15/1988,272.050000
07/18/1988,270.510000
07/19/1988,268.470000
07/20/1988,270.000000
07/21/1988,266.660000
07/22/1988,263.500000
07/25/1988,264.680000
07/26/1988,265.190000
07/27/1988,262.500000
07/28/1988,266.020000
07/29/1988,272.020000
08/01/1988,272.210000
08/02/1988,272.060000
08/03/1988,272.980000
08/04/1988,271.930000
08/05/1988,271.150000
08/08/1988,269.980000
08/09/1988,266.490000
08/10/1988,261.900000
08/11/1988,262.750000
08/12/1988,262.550000
08/15/1988,258.690000
08/16/1988,260.560000
08/17/1988,260.770000
08/18/1988,261.030000
08/19/1988,260.240000
08/22/1988,256.980000
08/23/1988,257.090000
08/24/1988,261.130000
08/25/1988,259.100000
08/26/1988,259.680000
08/29/1988,262.330000
08/30/1988,262.510000
08/31/1988,261.520000
09/01/1988,258.350000
09/02/1988,264.480000
09/06/1988,265.590000
09/07/1988,265.870000
09/08/1988,265.880000
09/09/1988,266.840000
09/12/1988,266.470000
09/13/1988,267.430000
09/14/1988,269.310000
09/15/1988,268.130000
09/16/1988,270.650000
09/19/1988,268.820000
09/20/1988,269.730000
09/21/1988,270.160000
09/22/1988,269.180000
09/23/1988,269.760000
09/26/1988,268.880000
09/27/1988,268.260000
09/28/1988,269.080000
09/29/1988,272.590000
09/30/1988,271.910000
10/03/1988,271.380000
10/04/1988,270.620000
10/05/1988,271.860000
10/06/1988,272.390000
10/07/1988,278.070000
10/10/1988,278.240000
10/11/1988,277.930000
10/12/1988,273.980000
10/13/1988,275.220000
10/14/1988,275.500000
10/17/1988,276.410000
10/18/1988,279.380000
10/19/1988,276.970000
10/20/1988,282.880000
10/21/1988,283.660000
10/24/1988,282.280000
10/25/1988,282.380000
10/26/1988,281.380000
10/27/1988,277.280000
10/28/1988,278.530000
10/31/1988,278.970000
11/01/1988,279.060000
11/02/1988,279.060000
11/03/1988,279.200000
11/04/1988,276.310000
11/07/1988,273.930000
11/08/1988,275.150000
11/09/1988,273.330000
11/10/1988,273.690000
11/11/1988,267.920000
11/14/1988,267.720000
11/15/1988,268.340000
11/16/1988,263.820000
11/17/1988,264.600000
11/18/1988,266.470000
11/21/1988,266.220000
11/22/1988,267.210000
11/23/1988,269.000000
11/25/1988,267.230000
11/28/1988,268.640000
11/29/1988,270.910000
11/30/1988,273.700000
12/01/1988,272.490000
12/02/1988,271.810000
12/05/1988,274.930000
12/06/1988,277.590000
12/07/1988,278.130000
12/08/1988,276.570000
12/09/1988,277.030000
12/12/1988,276.520000
12/13/1988,276.310000
12/14/1988,275.310000
12/15/1988,274.280000
12/16/1988,276.290000
12/19/1988,278.910000
12/20/1988,277.470000
12/21/1988,277.380000
12/22/1988,276.870000
12/23/1988,277.870000
12/27/1988,276.830000
12/28/1988,277.080000
12/29/1988,279.400000
12/30/1988,277.720000
01/03/1989,275.310000
01/04/1989,279.430000
01/05/1989,280.010000
01/06/1989,280.670000
01/09/1989,280.980000
01/10/1989,280.380000
01/11/1989,282.010000
01/12/1989,283.170000
01/13/1989,283.870000
01/16/1989,284.140000
01/17/1989,283.550000
01/18/1989,286.530000
01/19/1989,286.900000
01/20/1989,286.630000
01/23/1989,284.500000
01/24/1989,288.490000
01/25/1989,289.140000
01/26/1989,291.690000
01/27/1989,293.820000
01/30/1989,294.990000
01/31/1989,297.470000
02/01/1989,297.090000
02/02/1989,296.840000
02/03/1989,296.970000
02/06/1989,296.040000
02/07/1989,299.630000
02/08/1989,298.650000
02/09/1989,296.060000
02/10/1989,292.020000
02/13/1989,292.540000
02/14/1989,291.810000
02/15/1989,294.240000
02/16/1989,294.810000
02/17/1989,296.760000
02/21/1989,295.980000
02/22/1989,290.910000
02/23/1989,292.050000
02/24/1989,287.130000
02/27/1989,287.820000
02/28/1989,288.860000
03/01/1989,287.110000
03/02/1989,289.950000
03/03/1989,291.180000
03/06/1989,294.810000
03/07/1989,293.870000
03/08/1989,294.080000
03/09/1989,293.930000
03/10/1989,292.880000
03/13/1989,295.320000
03/14/1989,295.140000
03/15/1989,296.670000
03/16/1989,299.440000
03/17/1989,292.690000
03/20/1989,289.920000
03/21/1989,291.330000
03/22/1989,290.490000
03/23/1989,288.980000
03/27/1989,290.570000
03/28/1989,291.590000
03/29/1989,292.350000
03/30/1989,292.520000
03/31/1989,294.870000
04/03/1989,296.390000
04/04/1989,295.310000
04/05/1989,296.240000
04/06/1989,295.290000
04/07/1989,297.160000
04/10/1989,297.110000
04/11/1989,298.490000
04/12/1989,298.990000
04/13/1989,296.400000
04/14/1989,301.360000
04/17/1989,301.720000
04/18/1989,306.020000
04/19/1989,307.150000
04/20/1989,306.190000
04/21/1989,309.610000
04/24/1989,308.690000
04/25/1989,306.750000
04/26/1989,306.930000
04/27/1989,309.580000
04/28/1989,309.640000
05/01/1989,309.120000
05/02/1989,308.120000
05/03/1989,308.160000
05/04/1989,307.770000
05/05/1989,307.610000
05/08/1989,306.000000
05/09/1989,305.190000
05/10/1989,305.800000
05/11/1989,306.950000
05/12/1989,313.840000
05/15/1989,316.160000
05/16/1989,315.280000
05/17/1989,317.480000
05/18/1989,317.970000
05/19/1989,321.240000
05/22/1989,321.980000
05/23/1989,318.320000
05/24/1989,319.140000
05/25/1989,319.170000
05/26/1989,321.590000
05/30/1989,319.050000
05/31/1989,320.520000
06/01/1989,321.970000
06/02/1989,325.520000
06/05/1989,322.030000
06/06/1989,324.240000
06/07/1989,326.950000
06/08/1989,326.750000
06/09/1989,326.690000
06/12/1989,326.240000
06/13/1989,323.910000
06/14/1989,323.830000
06/15/1989,320.080000
06/16/1989,321.350000
06/19/1989,321.890000
06/20/1989,321.250000
06/21/1989,320.480000
06/22/1989,322.320000
06/23/1989,328.000000
06/26/1989,326.600000
06/27/1989,328.440000
06/28/1989,325.810000
06/29/1989,319.680000
06/30/1989,317.980000
07/03/1989,319.230000
07/05/1989,320.640000
07/06/1989,321.550000
07/07/1989,324.910000
07/10/1989,327.070000
07/11/1989,328.780000
07/12/1989,329.810000
07/13/1989,329.950000
07/14/1989,331.840000
07/17/1989,332.440000
07/18/1989,331.350000
07/19/1989,335.730000
07/20/1989,333.510000
07/21/1989,335.900000
07/24/1989,333.670000
07/25/1989,333.880000
07/26/1989,338.050000
07/27/1989,341.990000
07/28/1989,342.150000
07/31/1989,346.080000
08/01/1989,343.750000
08/02/1989,344.340000
08/03/1989,344.740000
08/04/1989,343.920000
08/07/1989,349.410000
08/08/1989,349.350000
08/09/1989,346.940000
08/10/1989,348.250000
08/11/1989,344.740000
08/14/1989,343.060000
08/15/1989,344.710000
08/16/1989,345.660000
08/17/1989,344.450000
08/18/1989,346.030000
08/21/1989,340.670000
08/22/1989,341.190000
08/23/1989,344.700000
08/24/1989,351.520000
08/25/1989,350.520000
08/28/1989,352.090000
08/29/1989,349.840000
08/30/1989,350.650000
08/31/1989,351.450000
09/01/1989,353.730000
09/05/1989,352.560000
09/06/1989,349.240000
09/07/1989,348.350000
09/08/1989,348.760000
09/11/1989,347.660000
09/12/1989,348.700000
09/13/1989,345.460000
09/14/1989,343.160000
09/15/1989,345.060000
09/18/1989,346.730000
09/19/1989,346.550000
09/20/1989,346.470000
09/21/1989,345.700000
09/22/1989,347.050000
09/25/1989,344.230000
09/26/1989,344.330000
09/27/1989,345.100000
09/28/1989,348.600000
09/29/1989,349.150000
10/02/1989,350.870000
10/03/1989,354.710000
10/04/1989,356.940000
10/05/1989,356.970000
10/06/1989,358.780000
10/09/1989,359.800000
10/10/1989,359.130000
10/11/1989,356.990000
10/12/1989,355.390000
10/13/1989,333.650000
10/16/1989,342.850000
10/17/1989,341.160000
10/18/1989,341.760000
10/19/1989,347.130000
10/20/1989,347.160000
10/23/1989,344.830000
10/24/1989,343.700000
10/25/1989,342.500000
10/26/1989,337.930000
10/27/1989,335.060000
10/30/1989,335.070000
10/31/1989,340.360000
11/01/1989,341.200000
11/02/1989,338.480000
11/03/1989,337.620000
11/06/1989,332.610000
11/07/1989,334.810000
11/08/1989,338.150000
11/09/1989,336.570000
11/10/1989,339.100000
11/13/1989,339.550000
11/14/1989,337.990000
11/15/1989,340.540000
11/16/1989,340.580000
11/17/1989,341.610000
11/20/1989,339.350000
11/21/1989,339.590000
11/22/1989,341.910000
11/24/1989,343.970000
11/27/1989,345.610000
11/28/1989,345.770000
11/29/1989,343.600000
11/30/1989,345.990000
12/01/1989,350.630000
12/04/1989,351.410000
12/05/1989,349.580000
12/06/1989,348.550000
12/07/1989,347.590000
12/08/1989,348.690000
12/11/1989,348.560000
12/12/1989,351.730000
12/13/1989,352.750000
12/14/1989,350.930000
12/15/1989,350.140000
12/18/1989,343.690000
12/19/1989,342.460000
12/20/1989,342.840000
12/21/1989,344.780000
12/22/1989,347.420000
12/26/1989,346.810000
12/27/1989,348.810000
12/28/1989,350.670000
12/29/1989,353.400000
01/02/1990,359.690000
01/03/1990,358.760000
01/04/1990,355.670000
01/05/1990,352.200000
01/08/1990,353.790000
01/09/1990,349.620000
01/10/1990,347.310000
01/11/1990,348.530000
01/12/1990,339.930000
01/15/1990,337.000000
01/16/1990,340.750000
01/17/1990,337.400000
01/18/1990,338.190000
01/19/1990,339.150000
01/22/1990,330.380000
01/23/1990,331.610000
01/24/1990,330.260000
01/25/1990,326.080000
01/26/1990,325.800000
01/29/1990,325.200000
01/30/1990,322.980000
01/31/1990,329.080000
02/01/1990,328.790000
02/02/1990,330.920000
02/05/1990,331.850000
02/06/1990,329.660000
02/07/1990,333.750000
02/08/1990,332.960000
02/09/1990,333.620000
02/12/1990,330.080000
02/13/1990,331.020000
02/14/1990,332.010000
02/15/1990,334.890000
02/16/1990,332.720000
02/20/1990,327.990000
02/21/1990,327.670000
02/22/1990,325.700000
02/23/1990,324.150000
02/26/1990,328.670000
02/27/1990,330.260000
02/28/1990,331.890000
03/01/1990,332.740000
03/02/1990,335.540000
03/05/1990,333.740000
03/06/1990,337.930000
03/07/1990,336.950000
03/08/1990,340.270000
03/09/1990,337.930000
03/12/1990,338.670000
03/13/1990,336.000000
03/14/1990,336.870000
03/15/1990,338.070000
03/16/1990,341.910000
03/19/1990,343.530000
03/20/1990,341.570000
03/21/1990,339.740000
03/22/1990,335.650000
03/23/1990,337.220000
03/26/1990,337.630000
03/27/1990,341.500000
03/28/1990,342.000000
03/29/1990,340.790000
03/30/1990,339.940000
04/02/1990,338.700000
04/03/1990,343.640000
04/04/1990,341.090000
04/05/1990,340.730000
04/06/1990,340.080000
04/09/1990,341.370000
04/10/1990,342.070000
04/11/1990,341.920000
04/12/1990,344.340000
04/16/1990,344.740000
04/17/1990,344.680000
04/18/1990,340.720000
04/19/1990,338.090000
04/20/1990,335.120000
04/23/1990,331.050000
04/24/1990,330.360000
04/25/1990,332.030000
04/26/1990,332.920000
04/27/1990,329.110000
04/30/1990,330.800000
05/01/1990,332.250000
05/02/1990,334.480000
05/03/1990,335.570000
05/04/1990,338.390000
05/07/1990,340.530000
05/08/1990,342.010000
05/09/1990,342.860000
05/10/1990,343.820000
05/11/1990,352.000000
05/14/1990,354.750000
05/15/1990,354.280000
05/16/1990,354.000000
05/17/1990,354.470000
05/18/1990,354.640000
05/21/1990,358.000000
05/22/1990,358.430000
05/23/1990,359.290000
05/24/1990,358.410000
05/25/1990,354.580000
05/29/1990,360.650000
05/30/1990,360.860000
05/31/1990,361.230000
06/01/1990,363.160000
06/04/1990,367.400000
06/05/1990,366.640000
06/06/1990,364.960000
06/07/1990,363.150000
06/08/1990,358.710000
06/11/1990,361.630000
06/12/1990,366.250000
06/13/1990,364.900000
06/14/1990,362.900000
06/15/1990,362.910000
06/18/1990,356.880000
06/19/1990,358.470000
06/20/1990,359.100000
06/21/1990,360.470000
06/22/1990,355.430000
06/25/1990,352.310000
06/26/1990,352.060000
06/27/1990,355.140000
06/28/1990,357.630000
06/29/1990,358.020000
07/02/1990,359.540000
07/03/1990,360.160000
07/05/1990,355.680000
07/06/1990,358.420000
07/09/1990,359.520000
07/10/1990,356.490000
07/11/1990,361.230000
07/12/1990,365.440000
07/13/1990,367.310000
07/16/1990,368.950000
07/17/1990,367.520000
07/18/1990,364.220000
07/19/1990,365.320000
07/20/1990,361.610000
07/23/1990,355.310000
07/24/1990,355.790000
07/25/1990,357.090000
07/26/1990,355.910000
07/27/1990,353.440000
07/30/1990,355.550000
07/31/1990,356.150000
08/01/1990,355.520000
08/02/1990,351.480000
08/03/1990,344.860000
08/06/1990,334.430000
08/07/1990,334.830000
08/08/1990,338.350000
08/09/1990,339.940000
08/10/1990,335.520000
08/13/1990,335.730000
08/14/1990,339.390000
08/15/1990,340.060000
08/16/1990,332.390000
08/17/1990,327.830000
08/20/1990,328.510000
08/21/1990,321.860000
08/22/1990,316.550000
08/23/1990,307.060000
08/24/1990,311.510000
08/27/1990,321.440000
08/28/1990,321.340000
08/29/1990,324.190000
08/30/1990,318.710000
08/31/1990,322.560000
09/04/1990,323.090000
09/05/1990,324.390000
09/06/1990,320.460000
09/07/1990,323.400000
09/10/1990,321.630000
09/11/1990,321.040000
09/12/1990,322.540000
09/13/1990,318.650000
09/14/1990,316.830000
09/17/1990,317.770000
09/18/1990,318.600000
09/19/1990,316.600000
09/20/1990,311.480000
09/21/1990,311.320000
09/24/1990,304.550000
09/25/1990,308.260000
09/26/1990,305.060000
09/27/1990,300.970000
09/28/1990,306.050000
10/01/1990,314.940000
10/02/1990,315.210000
10/03/1990,311.400000
10/04/1990,312.690000
10/05/1990,311.500000
10/08/1990,313.480000
10/09/1990,305.100000
10/10/1990,300.390000
10/11/1990,295.460000
10/12/1990,300.030000
10/15/1990,303.230000
10/16/1990,298.920000
10/17/1990,298.760000
10/18/1990,305.740000
10/19/1990,312.480000
10/22/1990,314.760000
10/23/1990,312.360000
10/24/1990,312.600000
10/25/1990,310.170000
10/26/1990,304.710000
10/29/1990,301.880000
10/30/1990,304.060000
10/31/1990,304.000000
11/01/1990,307.020000
11/02/1990,311.850000
11/05/1990,314.590000
11/06/1990,311.620000
11/07/1990,306.010000
11/08/1990,307.610000
11/09/1990,313.740000
11/12/1990,319.480000
11/13/1990,317.670000
11/14/1990,320.400000
11/15/1990,317.020000
11/16/1990,317.120000
11/19/1990,319.340000
11/20/1990,315.310000
11/21/1990,316.030000
11/23/1990,315.100000
11/26/1990,316.510000
11/27/1990,318.100000
11/28/1990,317.950000
11/29/1990,316.420000
11/30/1990,322.220000
12/03/1990,324.100000
12/04/1990,326.350000
12/05/1990,329.920000
12/06/1990,329.070000
12/07/1990,327.750000
12/10/1990,328.890000
12/11/1990,326.440000
12/12/1990,330.190000
12/13/1990,329.340000
12/14/1990,326.820000
12/17/1990,326.020000
12/18/1990,330.050000
12/19/1990,330.200000
12/20/1990,330.120000
12/21/1990,331.750000
12/24/1990,329.900000
12/26/1990,330.850000
12/27/1990,328.290000
12/28/1990,328.720000
12/31/1990,330.220000
01/02/1991,326.450000
01/03/1991,321.910000
01/04/1991,321.000000
01/07/1991,315.440000
01/08/1991,314.900000
01/09/1991,311.490000
01/10/1991,314.530000
01/11/1991,315.230000
01/14/1991,312.490000
01/15/1991,313.730000
01/16/1991,316.170000
01/17/1991,327.970000
01/18/1991,332.230000
01/21/1991,331.060000
01/22/1991,328.310000
01/23/1991,330.210000
01/24/1991,334.780000
01/25/1991,336.070000
01/28/1991,336.030000
01/29/1991,335.840000
01/30/1991,340.910000
01/31/1991,343.930000
02/01/1991,343.050000
02/04/1991,348.340000
02/05/1991,351.260000
02/06/1991,358.070000
02/07/1991,356.520000
02/08/1991,359.350000
02/11/1991,368.580000
02/12/1991,365.500000
02/13/1991,369.020000
02/14/1991,364.220000
02/15/1991,369.060000
02/19/1991,369.390000
02/20/1991,365.140000
02/21/1991,364.970000
02/22/1991,365.650000
02/25/1991,367.260000
02/26/1991,362.810000
02/27/1991,367.740000
02/28/1991,367.070000
03/01/1991,370.470000
03/04/1991,369.330000
03/05/1991,376.720000
03/06/1991,376.170000
03/07/1991,375.910000
03/08/1991,374.950000
03/11/1991,372.960000
03/12/1991,370.030000
03/13/1991,374.570000
03/14/1991,373.500000
03/15/1991,373.590000
03/18/1991,372.110000
03/19/1991,366.590000
03/20/1991,367.920000
03/21/1991,366.580000
03/22/1991,367.480000
03/25/1991,369.830000
03/26/1991,376.300000
03/27/1991,375.350000
03/28/1991,375.220000
04/01/1991,371.300000
04/02/1991,379.500000
04/03/1991,378.940000
04/04/1991,379.770000
04/05/1991,375.360000
04/08/1991,378.660000
04/09/1991,373.560000
04/10/1991,373.150000
04/11/1991,377.630000
04/12/1991,380.400000
04/15/1991,381.190000
04/16/1991,387.620000
04/17/1991,390.450000
04/18/1991,388.460000
04/19/1991,384.200000
04/22/1991,380.950000
04/23/1991,381.760000
04/24/1991,382.760000
04/25/1991,379.250000
04/26/1991,379.020000
04/29/1991,373.660000
04/30/1991,375.350000
05/01/1991,380.290000
05/02/1991,380.520000
05/03/1991,380.800000
05/06/1991,380.080000
05/07/1991,377.320000
05/08/1991,378.510000
05/09/1991,383.250000
05/10/1991,375.740000
05/13/1991,376.760000
05/14/1991,371.620000
05/15/1991,368.570000
05/16/1991,372.190000
05/17/1991,372.390000
05/20/1991,372.280000
05/21/1991,375.350000
05/22/1991,376.190000
05/23/1991,374.970000
05/24/1991,377.490000
05/28/1991,381.940000
05/29/1991,382.790000
05/30/1991,386.960000
05/31/1991,389.830000
06/03/1991,388.060000
06/04/1991,387.740000
06/05/1991,385.090000
06/06/1991,383.630000
06/07/1991,379.430000
06/10/1991,378.570000
06/11/1991,381.050000
06/12/1991,376.650000
06/13/1991,377.630000
06/14/1991,382.290000
06/17/1991,380.130000
06/18/1991,378.590000
06/19/1991,375.090000
06/20/1991,375.420000
06/21/1991,377.750000
06/24/1991,370.940000
06/25/1991,370.650000
06/26/1991,371.590000
06/27/1991,374.400000
06/28/1991,371.160000
07/01/1991,377.920000
07/02/1991,377.470000
07/03/1991,373.330000
07/05/1991,374.080000
07/08/1991,377.940000
07/09/1991,376.110000
07/10/1991,375.740000
07/11/1991,376.970000
07/12/1991,380.250000
07/15/1991,382.390000
07/16/1991,381.540000
07/17/1991,381.180000
07/18/1991,385.370000
07/19/1991,384.220000
07/22/1991,382.880000
07/23/1991,379.420000
07/24/1991,378.640000
07/25/1991,380.960000
07/26/1991,380.930000
07/29/1991,383.150000
07/30/1991,386.690000
07/31/1991,387.810000
08/01/1991,387.120000
08/02/1991,387.180000
08/05/1991,385.060000
08/06/1991,390.620000
08/07/1991,390.560000
08/08/1991,389.320000
08/09/1991,387.120000
08/12/1991,388.020000
08/13/1991,389.620000
08/14/1991,389.900000
08/15/1991,389.330000
08/16/1991,385.580000
08/19/1991,376.470000
08/20/1991,379.430000
08/21/1991,390.590000
08/22/1991,391.330000
08/23/1991,394.170000
08/26/1991,393.850000
08/27/1991,393.060000
08/28/1991,396.640000
08/29/1991,396.470000
08/30/1991,395.430000
09/03/1991,392.150000
09/04/1991,389.970000
09/05/1991,389.140000
09/06/1991,389.100000
09/09/1991,388.570000
09/10/1991,384.560000
09/11/1991,385.090000
09/12/1991,387.340000
09/13/1991,383.590000
09/16/1991,385.780000
09/17/1991,385.500000
09/18/1991,386.940000
09/19/1991,387.560000
09/20/1991,387.920000
09/23/1991,385.920000
09/24/1991,387.710000
09/25/1991,386.880000
09/26/1991,386.490000
09/27/1991,385.900000
09/30/1991,387.860000
10/01/1991,389.200000
10/02/1991,388.260000
10/03/1991,384.470000
10/04/1991,381.240000
10/07/1991,379.500000
10/08/1991,380.670000
10/09/1991,376.800000
10/10/1991,380.550000
10/11/1991,381.450000
10/14/1991,386.470000
10/15/1991,391.010000
10/16/1991,392.800000
10/17/1991,391.920000
10/18/1991,392.500000
10/21/1991,390.020000
10/22/1991,387.830000
10/23/1991,387.940000
10/24/1991,385.070000
10/25/1991,384.200000
10/28/1991,389.520000
10/29/1991,391.480000
10/30/1991,392.960000
10/31/1991,392.460000
11/01/1991,391.320000
11/04/1991,390.280000
11/05/1991,388.710000
11/06/1991,389.970000
11/07/1991,393.720000
11/08/1991,392.890000
11/11/1991,393.120000
11/12/1991,396.740000
11/13/1991,397.410000
11/14/1991,397.150000
11/15/1991,382.620000
11/18/1991,385.240000
11/19/1991,379.420000
11/20/1991,378.530000
11/21/1991,380.060000
11/22/1991,376.140000
11/25/1991,375.340000
11/26/1991,377.960000
11/27/1991,376.550000
11/29/1991,375.220000
12/02/1991,381.400000
12/03/1991,380.960000
12/04/1991,380.070000
12/05/1991,377.390000
12/06/1991,379.100000
12/09/1991,378.260000
12/10/1991,377.900000
12/11/1991,377.700000
12/12/1991,381.550000
12/13/1991,384.470000
12/16/1991,384.460000
12/17/1991,382.740000
12/18/1991,383.480000
12/19/1991,382.520000
12/20/1991,387.040000
12/23/1991,396.820000
12/24/1991,399.330000
12/26/1991,404.840000
12/27/1991,406.460000
12/30/1991,415.140000
12/31/1991,417.090000
01/02/1992,417.260000
01/03/1992,419.340000
01/06/1992,417.960000
01/07/1992,417.400000
01/08/1992,418.100000
01/09/1992,417.610000
01/10/1992,415.100000
01/13/1992,414.340000
01/14/1992,420.440000
01/15/1992,420.770000
01/16/1992,418.210000
01/17/1992,418.860000
01/20/1992,416.360000
01/21/1992,412.640000
01/22/1992,418.130000
01/23/1992,414.960000
01/24/1992,415.480000
01/27/1992,414.990000
01/28/1992,414.960000
01/29/1992,410.340000
01/30/1992,411.620000
01/31/1992,408.790000
02/03/1992,409.530000
02/04/1992,413.850000
02/05/1992,413.840000
02/06/1992,413.820000
02/07/1992,411.090000
02/10/1992,413.770000
02/11/1992,413.760000
02/12/1992,417.130000
02/13/1992,413.690000
02/14/1992,412.480000
02/18/1992,407.380000
02/19/1992,408.260000
02/20/1992,413.900000
02/21/1992,411.460000
02/24/1992,412.270000
02/25/1992,410.450000
02/26/1992,415.350000
02/27/1992,413.860000
02/28/1992,412.700000
03/02/1992,412.450000
03/03/1992,412.850000
03/04/1992,409.330000
03/05/1992,406.510000
03/06/1992,404.440000
03/09/1992,405.210000
03/10/1992,406.890000
03/11/1992,404.030000
03/12/1992,403.890000
03/13/1992,405.840000
03/16/1992,406.390000
03/17/1992,409.580000
03/18/1992,409.150000
03/19/1992,409.800000
03/20/1992,411.300000
03/23/1992,409.910000
03/24/1992,408.880000
03/25/1992,407.520000
03/26/1992,407.860000
03/27/1992,403.500000
03/30/1992,403.000000
03/31/1992,403.690000
04/01/1992,404.230000
04/02/1992,400.500000
04/03/1992,401.550000
04/06/1992,405.590000
04/07/1992,398.060000
04/08/1992,394.500000
04/09/1992,400.640000
04/10/1992,404.290000
04/13/1992,406.080000
04/14/1992,412.390000
04/15/1992,416.280000
04/16/1992,416.050000
04/20/1992,410.160000
04/21/1992,410.260000
04/22/1992,409.810000
04/23/1992,411.600000
04/24/1992,409.020000
04/27/1992,408.450000
04/28/1992,409.110000
04/29/1992,412.020000
04/30/1992,414.950000
05/01/1992,412.530000
05/04/1992,416.910000
05/05/1992,416.840000
05/06/1992,416.790000
05/07/1992,415.850000
05/08/1992,416.050000
05/11/1992,418.490000
05/12/1992,416.290000
05/13/1992,416.450000
05/14/1992,413.140000
05/15/1992,410.090000
05/18/1992,412.810000
05/19/1992,416.370000
05/20/1992,415.390000
05/21/1992,412.600000
05/22/1992,414.020000
05/26/1992,411.410000
05/27/1992,412.170000
05/28/1992,416.740000
05/29/1992,415.350000
06/01/1992,417.300000
06/02/1992,413.500000
06/03/1992,414.590000
06/04/1992,413.260000
06/05/1992,413.480000
06/08/1992,413.360000
06/09/1992,410.060000
06/10/1992,407.250000
06/11/1992,409.050000
06/12/1992,409.760000
06/15/1992,410.290000
06/16/1992,408.320000
06/17/1992,402.260000
06/18/1992,400.960000
06/19/1992,403.670000
06/22/1992,403.400000
06/23/1992,404.040000
06/24/1992,403.830000
06/25/1992,403.120000
06/26/1992,403.460000
06/29/1992,408.940000
06/30/1992,408.140000
07/01/1992,412.880000
07/02/1992,411.770000
07/06/1992,413.840000
07/07/1992,409.160000
07/08/1992,410.280000
07/09/1992,414.230000
07/10/1992,414.620000
07/13/1992,414.870000
07/14/1992,417.680000
07/15/1992,417.100000
07/16/1992,417.540000
07/17/1992,415.620000
07/20/1992,413.750000
07/21/1992,413.760000
07/22/1992,410.930000
07/23/1992,412.080000
07/24/1992,411.600000
07/27/1992,411.540000
07/28/1992,417.520000
07/29/1992,422.230000
07/30/1992,423.920000
07/31/1992,424.210000
08/03/1992,425.090000
08/04/1992,424.360000
08/05/1992,422.190000
08/06/1992,420.590000
08/07/1992,418.880000
08/10/1992,419.420000
08/11/1992,418.900000
08/12/1992,417.780000
08/13/1992,417.730000
08/14/1992,419.910000
08/17/1992,420.740000
08/18/1992,421.340000
08/19/1992,418.180000
08/20/1992,418.260000
08/21/1992,414.850000
08/24/1992,410.720000
08/25/1992,411.610000
08/26/1992,413.510000
08/27/1992,413.530000
08/28/1992,414.840000
08/31/1992,414.030000
09/01/1992,416.070000
09/02/1992,417.980000
09/03/1992,417.980000
09/04/1992,417.080000
09/08/1992,414.440000
09/09/1992,416.360000
09/10/1992,419.950000
09/11/1992,419.580000
09/14/1992,425.270000
09/15/1992,419.770000
09/16/1992,419.920000
09/17/1992,419.930000
09/18/1992,422.930000
09/21/1992,422.140000
09/22/1992,417.140000
09/23/1992,417.440000
09/24/1992,418.470000
09/25/1992,414.350000
09/28/1992,416.620000
09/29/1992,416.800000
09/30/1992,417.800000
10/01/1992,416.290000
10/02/1992,410.470000
10/05/1992,407.570000
10/06/1992,407.180000
10/07/1992,404.250000
10/08/1992,407.750000
10/09/1992,402.660000
10/12/1992,407.440000
10/13/1992,409.300000
10/14/1992,409.370000
10/15/1992,409.600000
10/16/1992,411.730000
10/19/1992,414.980000
10/20/1992,415.480000
10/21/1992,415.670000
10/22/1992,414.900000
10/23/1992,414.100000
10/26/1992,418.160000
10/27/1992,418.490000
10/28/1992,420.130000
10/29/1992,420.860000
10/30/1992,418.680000
11/02/1992,422.750000
11/03/1992,419.920000
11/04/1992,417.110000
11/05/1992,418.340000
11/06/1992,417.580000
11/09/1992,418.590000
11/10/1992,418.620000
11/11/1992,422.200000
11/12/1992,422.870000
11/13/1992,422.430000
11/16/1992,420.680000
11/17/1992,419.270000
11/18/1992,422.850000
11/19/1992,423.610000
11/20/1992,426.650000
11/23/1992,425.120000
11/24/1992,427.590000
11/25/1992,429.190000
11/27/1992,430.160000
11/30/1992,431.350000
12/01/1992,430.780000
12/02/1992,429.890000
12/03/1992,429.910000
12/04/1992,432.060000
12/07/1992,435.310000
12/08/1992,436.990000
12/09/1992,435.650000
12/10/1992,434.640000
12/11/1992,433.730000
12/14/1992,432.840000
12/15/1992,432.570000
12/16/1992,431.520000
12/17/1992,435.430000
12/18/1992,441.280000
12/21/1992,440.700000
12/22/1992,440.310000
12/23/1992,439.030000
12/24/1992,439.770000
12/28/1992,439.150000
12/29/1992,437.980000
12/30/1992,438.820000
12/31/1992,435.710000
01/04/1993,435.380000
01/05/1993,434.340000
01/06/1993,434.520000
01/07/1993,430.730000
01/08/1993,429.050000
01/11/1993,430.950000
01/12/1993,431.040000
01/13/1993,433.030000
01/14/1993,435.940000
01/15/1993,437.150000
01/18/1993,436.840000
01/19/1993,435.130000
01/20/1993,433.370000
01/21/1993,435.490000
01/22/1993,436.110000
01/25/1993,440.010000
01/26/1993,439.950000
01/27/1993,438.110000
01/28/1993,438.660000
01/29/1993,438.780000
02/01/1993,442.520000
02/02/1993,442.560000
02/03/1993,447.200000
02/04/1993,449.560000
02/05/1993,448.930000
02/08/1993,447.850000
02/09/1993,445.330000
02/10/1993,446.230000
02/11/1993,447.660000
02/12/1993,444.580000
02/16/1993,433.910000
02/17/1993,433.300000
02/18/1993,431.900000
02/19/1993,434.220000
02/22/1993,435.240000
02/23/1993,434.800000
02/24/1993,440.870000
02/25/1993,442.340000
02/26/1993,443.380000
03/01/1993,442.010000
03/02/1993,447.900000
03/03/1993,449.260000
03/04/1993,447.340000
03/05/1993,446.110000
03/08/1993,454.710000
03/09/1993,454.400000
03/10/1993,456.330000
03/11/1993,453.720000
03/12/1993,449.830000
03/15/1993,451.430000
03/16/1993,451.370000
03/17/1993,448.310000
03/18/1993,451.880000
03/19/1993,450.180000
03/22/1993,448.880000
03/23/1993,448.760000
03/24/1993,448.070000
03/25/1993,450.880000
03/26/1993,447.780000
03/29/1993,450.770000
03/30/1993,451.970000
03/31/1993,451.670000
04/01/1993,450.300000
04/02/1993,441.390000
04/05/1993,442.290000
04/06/1993,441.160000
04/07/1993,442.730000
04/08/1993,441.840000
04/12/1993,448.370000
04/13/1993,449.220000
04/14/1993,448.660000
04/15/1993,448.400000
04/16/1993,448.940000
04/19/1993,447.460000
04/20/1993,445.100000
04/21/1993,443.630000
04/22/1993,439.460000
04/23/1993,437.030000
04/26/1993,433.540000
04/27/1993,438.010000
04/28/1993,438.020000
04/29/1993,438.890000
04/30/1993,440.190000
05/03/1993,442.460000
05/04/1993,444.050000
05/05/1993,444.520000
05/06/1993,443.260000
05/07/1993,442.310000
05/10/1993,442.800000
05/11/1993,444.360000
05/12/1993,444.800000
05/13/1993,439.230000
05/14/1993,439.560000
05/17/1993,440.370000
05/18/1993,440.320000
05/19/1993,447.570000
05/20/1993,450.590000
05/21/1993,445.840000
05/24/1993,448.000000
05/25/1993,448.850000
05/26/1993,453.440000
05/27/1993,452.410000
05/28/1993,450.190000
06/01/1993,453.830000
06/02/1993,453.850000
06/03/1993,452.490000
06/04/1993,450.060000
06/07/1993,447.690000
06/08/1993,444.710000
06/09/1993,445.780000
06/10/1993,445.380000
06/11/1993,447.260000
06/14/1993,447.710000
06/15/1993,446.270000
06/16/1993,447.430000
06/17/1993,448.540000
06/18/1993,443.680000
06/21/1993,446.220000
06/22/1993,445.930000
06/23/1993,443.190000
06/24/1993,446.620000
06/25/1993,447.600000
06/28/1993,451.850000
06/29/1993,450.690000
06/30/1993,450.530000
07/01/1993,449.020000
07/02/1993,445.840000
07/06/1993,441.430000
07/07/1993,442.830000
07/08/1993,448.640000
07/09/1993,448.130000
07/12/1993,448.980000
07/13/1993,448.090000
07/14/1993,450.080000
07/15/1993,449.220000
07/16/1993,445.750000
07/19/1993,446.030000
07/20/1993,447.310000
07/21/1993,447.180000
07/22/1993,444.510000
07/23/1993,447.100000
07/26/1993,449.090000
07/27/1993,448.240000
07/28/1993,447.190000
07/29/1993,450.240000
07/30/1993,448.130000
08/02/1993,450.150000
08/03/1993,449.270000
08/04/1993,448.540000
08/05/1993,448.130000
08/06/1993,448.680000
08/09/1993,450.720000
08/10/1993,449.450000
08/11/1993,450.460000
08/12/1993,448.960000
08/13/1993,450.140000
08/16/1993,452.380000
08/17/1993,453.130000
08/18/1993,456.040000
08/19/1993,456.430000
08/20/1993,456.160000
08/23/1993,455.230000
08/24/1993,459.770000
08/25/1993,460.130000
08/26/1993,461.040000
08/27/1993,460.540000
08/30/1993,461.900000
08/31/1993,463.560000
09/01/1993,463.150000
09/02/1993,461.300000
09/03/1993,461.340000
09/07/1993,458.520000
09/08/1993,456.650000
09/09/1993,457.500000
09/10/1993,461.720000
09/13/1993,462.060000
09/14/1993,459.900000
09/15/1993,461.600000
09/16/1993,459.430000
09/17/1993,458.830000
09/20/1993,455.050000
09/21/1993,452.950000
09/22/1993,456.200000
09/23/1993,457.740000
09/24/1993,457.630000
09/27/1993,461.800000
09/28/1993,461.530000
09/29/1993,460.110000
09/30/1993,458.930000
10/01/1993,461.290000
10/04/1993,461.340000
10/05/1993,461.200000
10/06/1993,460.740000
10/07/1993,459.180000
10/08/1993,460.310000
10/11/1993,460.880000
10/12/1993,461.120000
10/13/1993,461.490000
10/14/1993,466.830000
10/15/1993,469.500000
10/18/1993,468.450000
10/19/1993,466.210000
10/20/1993,466.070000
10/21/1993,465.360000
10/22/1993,463.270000
10/25/1993,464.200000
10/26/1993,464.300000
10/27/1993,464.610000
10/28/1993,467.730000
10/29/1993,467.830000
11/01/1993,469.100000
11/02/1993,468.440000
11/03/1993,463.020000
11/04/1993,457.490000
11/05/1993,459.570000
11/08/1993,460.210000
11/09/1993,460.330000
11/10/1993,463.720000
11/11/1993,462.640000
11/12/1993,465.390000
11/15/1993,463.750000
11/16/1993,466.740000
11/17/1993,464.810000
11/18/1993,463.620000
11/19/1993,462.600000
11/22/1993,459.130000
11/23/1993,461.030000
11/24/1993,462.360000
11/26/1993,463.060000
11/29/1993,461.900000
11/30/1993,461.790000
12/01/1993,461.890000
12/02/1993,463.110000
12/03/1993,464.890000
12/06/1993,466.430000
12/07/1993,466.760000
12/08/1993,466.290000
12/09/1993,464.180000
12/10/1993,463.930000
12/13/1993,465.700000
12/14/1993,463.060000
12/15/1993,461.840000
12/16/1993,463.340000
12/17/1993,466.380000
12/20/1993,465.850000
12/21/1993,465.300000
12/22/1993,467.320000
12/23/1993,467.380000
12/27/1993,470.540000
12/28/1993,470.940000
12/29/1993,470.580000
12/30/1993,468.640000
12/31/1993,466.450000
01/03/1994,465.440000
01/04/1994,466.890000
01/05/1994,467.550000
01/06/1994,467.120000
01/07/1994,469.900000
01/10/1994,475.270000
01/11/1994,474.130000
01/12/1994,474.170000
01/13/1994,472.470000
01/14/1994,474.910000
01/17/1994,473.300000
01/18/1994,474.250000
01/19/1994,474.300000
01/20/1994,474.980000
01/21/1994,474.720000
01/24/1994,471.970000
01/25/1994,470.920000
01/26/1994,473.200000
01/27/1994,477.050000
01/28/1994,478.700000
01/31/1994,481.610000
02/01/1994,479.620000
02/02/1994,482.000000
02/03/1994,480.710000
02/04/1994,469.810000
02/07/1994,471.760000
02/08/1994,471.050000
02/09/1994,472.770000
02/10/1994,468.930000
02/11/1994,470.180000
02/14/1994,470.230000
02/15/1994,472.520000
02/16/1994,472.790000
02/17/1994,470.340000
02/18/1994,467.690000
02/22/1994,471.460000
02/23/1994,470.690000
02/24/1994,464.260000
02/25/1994,466.070000
02/28/1994,467.140000
03/01/1994,464.440000
03/02/1994,464.810000
03/03/1994,463.010000
03/04/1994,464.740000
03/07/1994,466.910000
03/08/1994,465.880000
03/09/1994,467.060000
03/10/1994,463.900000
03/11/1994,466.440000
03/14/1994,467.390000
03/15/1994,467.010000
03/16/1994,469.420000
03/17/1994,470.900000
03/18/1994,471.060000
03/21/1994,468.540000
03/22/1994,468.800000
03/23/1994,468.540000
03/24/1994,464.350000
03/25/1994,460.580000
03/28/1994,460.000000
03/29/1994,452.480000
03/30/1994,445.550000
03/31/1994,445.770000
04/04/1994,438.920000
04/05/1994,448.290000
04/06/1994,448.050000
04/07/1994,450.880000
04/08/1994,447.100000
04/11/1994,449.870000
04/12/1994,447.570000
04/13/1994,446.260000
04/14/1994,446.380000
04/15/1994,446.180000
04/18/1994,442.460000
04/19/1994,442.540000
04/20/1994,441.960000
04/21/1994,448.730000
04/22/1994,447.630000
04/25/1994,452.710000
04/26/1994,451.870000
04/28/1994,449.100000
04/29/1994,450.910000
05/02/1994,453.020000
05/03/1994,453.030000
05/04/1994,451.720000
05/05/1994,451.380000
05/06/1994,447.820000
05/09/1994,442.320000
05/10/1994,446.010000
05/11/1994,441.490000
05/12/1994,443.750000
05/13/1994,444.140000
05/16/1994,444.490000
05/17/1994,449.370000
05/18/1994,453.690000
05/19/1994,456.480000
05/20/1994,454.920000
05/23/1994,453.200000
05/24/1994,454.810000
05/25/1994,456.340000
05/26/1994,457.060000
05/27/1994,457.330000
05/31/1994,456.500000
06/01/1994,457.630000
06/02/1994,457.650000
06/03/1994,460.130000
06/06/1994,458.880000
06/07/1994,458.210000
06/08/1994,457.060000
06/09/1994,457.860000
06/10/1994,458.670000
06/13/1994,459.100000
06/14/1994,462.370000
06/15/1994,460.610000
06/16/1994,461.930000
06/17/1994,458.450000
06/20/1994,455.480000
06/21/1994,451.340000
06/22/1994,453.090000
06/23/1994,449.630000
06/24/1994,442.800000
06/27/1994,447.310000
06/28/1994,446.070000
06/29/1994,447.630000
06/30/1994,444.270000
07/01/1994,446.200000
07/05/1994,446.370000
07/06/1994,446.130000
07/07/1994,448.380000
07/08/1994,449.550000
07/11/1994,448.060000
07/12/1994,447.950000
07/13/1994,448.730000
07/14/1994,453.410000
07/15/1994,454.160000
07/18/1994,455.220000
07/19/1994,453.860000
07/20/1994,451.600000
07/21/1994,452.610000
07/22/1994,453.110000
07/25/1994,454.250000
07/26/1994,453.360000
07/27/1994,452.570000
07/28/1994,454.240000
07/29/1994,458.260000
08/01/1994,461.010000
08/02/1994,460.560000
08/03/1994,461.450000
08/04/1994,458.400000
08/05/1994,457.090000
08/08/1994,457.890000
08/09/1994,457.930000
08/10/1994,460.300000
08/11/1994,458.880000
08/12/1994,461.940000
08/15/1994,461.230000
08/16/1994,465.010000
08/17/1994,465.170000
08/18/1994,463.170000
08/19/1994,463.680000
08/22/1994,462.320000
08/23/1994,464.510000
08/24/1994,469.030000
08/25/1994,468.080000
08/26/1994,473.800000
08/29/1994,474.590000
08/30/1994,476.070000
08/31/1994,475.490000
09/01/1994,473.170000
09/02/1994,470.990000
09/06/1994,471.860000
09/07/1994,470.960000
09/08/1994,473.140000
09/09/1994,468.180000
09/12/1994,466.210000
09/13/1994,467.510000
09/14/1994,468.800000
09/15/1994,474.810000
09/16/1994,471.190000
09/19/1994,470.850000
09/20/1994,463.360000
09/21/1994,461.460000
09/22/1994,461.270000
09/23/1994,459.670000
09/26/1994,460.820000
09/27/1994,462.050000
09/28/1994,464.840000
09/29/1994,462.240000
09/30/1994,462.690000
10/03/1994,461.740000
10/04/1994,454.590000
10/05/1994,453.520000
10/06/1994,452.360000
10/07/1994,455.100000
10/10/1994,459.040000
10/11/1994,465.790000
10/12/1994,465.470000
10/13/1994,467.770000
10/14/1994,469.100000
10/17/1994,468.960000
10/18/1994,467.660000
10/19/1994,470.280000
10/20/1994,466.850000
10/21/1994,464.890000
10/24/1994,460.830000
10/25/1994,461.530000
10/26/1994,462.620000
10/27/1994,465.850000
10/28/1994,473.770000
10/31/1994,472.350000
11/01/1994,468.420000
11/02/1994,466.500000
11/03/1994,467.910000
11/04/1994,462.280000
11/07/1994,463.070000
11/08/1994,465.650000
11/09/1994,465.400000
11/10/1994,464.370000
11/11/1994,462.350000
11/14/1994,466.040000
11/15/1994,465.030000
11/16/1994,465.600000
11/17/1994,463.560000
11/18/1994,461.470000
11/21/1994,458.300000
11/22/1994,450.090000
11/23/1994,449.930000
11/25/1994,452.290000
11/28/1994,454.160000
11/29/1994,455.170000
11/30/1994,453.690000
12/01/1994,448.920000
12/02/1994,453.300000
12/05/1994,453.320000
12/06/1994,453.110000
12/07/1994,451.230000
12/08/1994,445.450000
12/09/1994,446.960000
12/12/1994,449.470000
12/13/1994,450.150000
12/14/1994,454.970000
12/15/1994,455.340000
12/16/1994,458.800000
12/19/1994,457.910000
12/20/1994,457.100000
12/21/1994,459.610000
12/22/1994,459.670000
12/23/1994,459.830000
12/27/1994,462.470000
12/28/1994,460.860000
12/29/1994,461.160000
12/30/1994,459.270000
01/03/1995,459.110000
01/04/1995,460.710000
01/05/1995,460.340000
01/06/1995,460.680000
01/09/1995,460.830000
01/10/1995,461.680000
01/11/1995,461.660000
01/12/1995,461.640000
01/13/1995,465.970000
01/16/1995,469.380000
01/17/1995,470.050000
01/18/1995,469.720000
01/19/1995,466.950000
01/20/1995,464.780000
01/23/1995,465.810000
01/24/1995,465.860000
01/25/1995,467.440000
01/26/1995,468.320000
01/27/1995,470.390000
01/30/1995,468.510000
01/31/1995,470.420000
02/01/1995,470.400000
02/02/1995,472.780000
02/03/1995,478.640000
02/06/1995,481.140000
02/07/1995,480.810000
02/08/1995,481.190000
02/09/1995,480.190000
02/10/1995,481.460000
02/13/1995,481.650000
02/14/1995,482.550000
02/15/1995,484.540000
02/16/1995,485.220000
02/17/1995,481.970000
02/21/1995,482.740000
02/22/1995,485.070000
02/23/1995,486.910000
02/24/1995,488.110000
02/27/1995,483.810000
02/28/1995,487.390000
03/01/1995,485.650000
03/02/1995,485.130000
03/03/1995,485.420000
03/06/1995,485.630000
03/07/1995,482.120000
03/08/1995,483.140000
03/09/1995,483.160000
03/10/1995,489.570000
03/13/1995,490.050000
03/14/1995,492.890000
03/15/1995,491.880000
03/16/1995,495.410000
03/17/1995,495.520000
03/20/1995,496.150000
03/21/1995,495.070000
03/22/1995,495.670000
03/23/1995,495.950000
03/24/1995,500.970000
03/27/1995,503.200000
03/28/1995,503.900000
03/29/1995,503.120000
03/30/1995,502.220000
03/31/1995,500.710000
04/03/1995,501.850000
04/04/1995,505.240000
04/05/1995,505.570000
04/06/1995,506.080000
04/07/1995,506.420000
04/10/1995,507.010000
04/11/1995,505.530000
04/12/1995,507.170000
04/13/1995,509.230000
04/17/1995,506.130000
04/18/1995,505.370000
04/19/1995,504.920000
04/20/1995,505.290000
04/21/1995,508.490000
04/24/1995,512.890000
04/25/1995,512.100000
04/26/1995,512.660000
04/27/1995,513.550000
04/28/1995,514.710000
05/01/1995,514.260000
05/02/1995,514.860000
05/03/1995,520.480000
05/04/1995,520.540000
05/05/1995,520.120000
05/08/1995,523.960000
05/09/1995,523.560000
05/10/1995,524.360000
05/11/1995,524.370000
05/12/1995,525.550000
05/15/1995,527.740000
05/16/1995,528.190000
05/17/1995,527.070000
05/18/1995,519.580000
05/19/1995,519.190000
05/22/1995,523.650000
05/23/1995,528.590000
05/24/1995,528.610000
05/25/1995,528.590000
05/26/1995,523.650000
05/30/1995,523.580000
05/31/1995,533.400000
06/01/1995,533.490000
06/02/1995,532.510000
06/05/1995,535.600000
06/06/1995,535.550000
06/07/1995,533.130000
06/08/1995,532.350000
06/09/1995,527.940000
06/12/1995,530.880000
06/13/1995,536.050000
06/14/1995,536.470000
06/15/1995,537.120000
06/16/1995,539.830000
06/19/1995,545.220000
06/20/1995,544.980000
06/21/1995,543.980000
06/22/1995,551.070000
06/23/1995,549.710000
06/26/1995,544.130000
06/27/1995,542.430000
06/28/1995,544.730000
06/29/1995,543.870000
06/30/1995,544.750000
07/03/1995,547.090000
07/05/1995,547.260000
07/06/1995,553.990000
07/07/1995,556.370000
07/10/1995,557.190000
07/11/1995,554.780000
07/12/1995,560.890000
07/13/1995,561.000000
07/14/1995,559.890000
07/17/1995,562.720000
07/18/1995,558.460000
07/19/1995,550.980000
07/20/1995,553.540000
07/21/1995,553.620000
07/24/1995,556.630000
07/25/1995,561.100000
07/26/1995,561.610000
07/27/1995,565.220000
07/28/1995,562.930000
07/31/1995,562.060000
08/01/1995,559.640000
08/02/1995,558.800000
08/03/1995,558.750000
08/04/1995,558.940000
08/07/1995,560.030000
08/08/1995,560.390000
08/09/1995,559.710000
08/10/1995,557.450000
08/11/1995,555.110000
08/14/1995,559.740000
08/15/1995,558.570000
08/16/1995,559.970000
08/17/1995,559.040000
08/18/1995,559.210000
08/21/1995,558.110000
08/22/1995,559.520000
08/23/1995,557.140000
08/24/1995,557.460000
08/25/1995,560.100000
08/28/1995,559.050000
08/29/1995,560.000000
08/30/1995,560.920000
08/31/1995,561.880000
09/01/1995,563.840000
09/05/1995,569.170000
09/06/1995,570.170000
09/07/1995,570.290000
09/08/1995,572.680000
09/11/1995,573.910000
09/12/1995,576.510000
09/13/1995,578.770000
09/14/1995,583.610000
09/15/1995,583.350000
09/18/1995,582.770000
09/19/1995,584.200000
09/20/1995,586.770000
09/21/1995,583.000000
09/22/1995,581.730000
09/25/1995,581.810000
09/26/1995,581.410000
09/27/1995,581.040000
09/28/1995,585.870000
09/29/1995,584.410000
10/02/1995,581.720000
10/03/1995,582.340000
10/04/1995,581.470000
10/05/1995,582.630000
10/06/1995,582.490000
10/09/1995,578.370000
10/10/1995,577.520000
10/11/1995,579.460000
10/12/1995,583.100000
10/13/1995,584.500000
10/16/1995,583.030000
10/17/1995,586.780000
10/18/1995,587.440000
10/19/1995,590.650000
10/20/1995,587.460000
10/23/1995,585.060000
10/24/1995,586.540000
10/25/1995,582.470000
10/26/1995,576.720000
10/27/1995,579.700000
10/30/1995,583.250000
10/31/1995,581.500000
11/01/1995,584.220000
11/02/1995,589.720000
11/03/1995,590.570000
11/06/1995,588.460000
11/07/1995,586.320000
11/08/1995,591.710000
11/09/1995,593.260000
11/10/1995,592.720000
11/13/1995,592.300000
11/14/1995,589.290000
11/15/1995,593.960000
11/16/1995,597.340000
11/17/1995,600.070000
11/20/1995,596.850000
11/21/1995,600.240000
11/22/1995,598.400000
11/24/1995,599.970000
11/27/1995,601.320000
11/28/1995,606.450000
11/29/1995,607.640000
11/30/1995,605.370000
12/01/1995,606.980000
12/04/1995,613.680000
12/05/1995,617.680000
12/06/1995,620.180000
12/07/1995,616.170000
12/08/1995,617.480000
12/11/1995,619.520000
12/12/1995,618.780000
12/13/1995,621.690000
12/14/1995,616.920000
12/15/1995,616.340000
12/18/1995,606.810000
12/19/1995,611.930000
12/20/1995,605.940000
12/21/1995,610.490000
12/22/1995,611.960000
12/26/1995,614.300000
12/27/1995,614.530000
12/28/1995,614.120000
12/29/1995,615.930000
01/02/1996,620.730000
01/03/1996,621.320000
01/04/1996,617.700000
01/05/1996,616.710000
01/08/1996,618.460000
01/09/1996,609.450000
01/10/1996,598.480000
01/11/1996,602.690000
01/12/1996,601.810000
01/15/1996,599.820000
01/16/1996,608.440000
01/17/1996,606.370000
01/18/1996,608.240000
01/19/1996,611.830000
01/22/1996,613.400000
01/23/1996,612.790000
01/24/1996,619.960000
01/25/1996,617.030000
01/26/1996,621.620000
01/29/1996,624.220000
01/30/1996,630.150000
01/31/1996,636.020000
02/01/1996,638.460000
02/02/1996,635.840000
02/05/1996,641.430000
02/06/1996,646.330000
02/07/1996,649.930000
02/08/1996,656.070000
02/09/1996,656.370000
02/12/1996,661.450000
02/13/1996,660.510000
02/14/1996,655.580000
02/15/1996,651.320000
02/16/1996,647.980000
02/20/1996,640.650000
02/21/1996,648.100000
02/22/1996,658.860000
02/23/1996,659.080000
02/26/1996,650.460000
02/27/1996,647.240000
02/28/1996,644.750000
02/29/1996,640.430000
03/01/1996,644.370000
03/04/1996,650.810000
03/05/1996,655.790000
03/06/1996,652.000000
03/07/1996,653.650000
03/08/1996,633.500000
03/11/1996,640.020000
03/12/1996,637.090000
03/13/1996,638.550000
03/14/1996,640.870000
03/15/1996,641.430000
03/18/1996,652.650000
03/19/1996,651.690000
03/20/1996,649.980000
03/21/1996,649.190000
03/22/1996,650.620000
03/25/1996,650.040000
03/26/1996,652.970000
03/27/1996,648.910000
03/28/1996,648.940000
03/29/1996,645.500000
04/01/1996,653.730000
04/02/1996,655.260000
04/03/1996,655.880000
04/04/1996,655.860000
04/08/1996,644.240000
04/09/1996,642.190000
04/10/1996,633.500000
04/11/1996,631.180000
04/12/1996,636.710000
04/15/1996,642.490000
04/16/1996,645.000000
04/17/1996,641.610000
04/18/1996,643.610000
04/19/1996,645.070000
04/22/1996,647.890000
04/23/1996,651.580000
04/24/1996,650.170000
04/25/1996,652.870000
04/26/1996,653.460000
04/29/1996,654.160000
04/30/1996,654.170000
05/01/1996,654.580000
05/02/1996,643.380000
05/03/1996,641.630000
05/06/1996,640.810000
05/07/1996,638.260000
05/08/1996,644.770000
05/09/1996,645.440000
05/10/1996,652.090000
05/13/1996,661.510000
05/14/1996,665.600000
05/15/1996,665.420000
05/16/1996,664.850000
05/17/1996,668.910000
05/20/1996,673.150000
05/21/1996,672.760000
05/22/1996,678.420000
05/23/1996,676.000000
05/24/1996,678.510000
05/28/1996,672.230000
05/29/1996,667.930000
05/30/1996,671.700000
05/31/1996,669.120000
06/03/1996,667.680000
06/04/1996,672.560000
06/05/1996,678.440000
06/06/1996,673.030000
06/07/1996,673.310000
06/10/1996,672.160000
06/11/1996,670.970000
06/12/1996,669.040000
06/13/1996,667.920000
06/14/1996,665.850000
06/17/1996,665.160000
06/18/1996,662.060000
06/19/1996,661.960000
06/20/1996,662.100000
06/21/1996,666.840000
06/24/1996,668.850000
06/25/1996,668.480000
06/26/1996,664.390000
06/27/1996,668.550000
06/28/1996,670.630000
07/01/1996,675.880000
07/02/1996,673.610000
07/03/1996,672.400000
07/05/1996,657.440000
07/08/1996,652.540000
07/09/1996,654.750000
07/10/1996,656.060000
07/11/1996,645.670000
07/12/1996,646.190000
07/15/1996,629.800000
07/16/1996,628.370000
07/17/1996,634.070000
07/18/1996,643.560000
07/19/1996,638.730000
07/22/1996,633.770000
07/23/1996,626.870000
07/24/1996,626.650000
07/25/1996,631.170000
07/26/1996,635.900000
07/29/1996,630.910000
07/30/1996,635.260000
07/31/1996,639.950000
08/01/1996,650.020000
08/02/1996,662.490000
08/05/1996,660.230000
08/06/1996,662.380000
08/07/1996,664.160000
08/08/1996,662.590000
08/09/1996,662.100000
08/12/1996,665.770000
08/13/1996,660.200000
08/14/1996,662.050000
08/15/1996,662.280000
08/16/1996,665.210000
08/19/1996,666.580000
08/20/1996,665.690000
08/21/1996,665.070000
08/22/1996,670.680000
08/23/1996,667.030000
08/26/1996,663.880000
08/27/1996,666.310000
08/28/1996,664.810000
08/29/1996,657.400000
08/30/1996,651.990000
09/03/1996,654.720000
09/04/1996,655.610000
09/05/1996,649.440000
09/06/1996,655.680000
09/09/1996,663.760000
09/10/1996,663.810000
09/11/1996,667.280000
09/12/1996,671.150000
09/13/1996,680.540000
09/16/1996,683.980000
09/17/1996,682.940000
09/18/1996,681.470000
09/19/1996,683.000000
09/20/1996,687.030000
09/23/1996,686.480000
09/24/1996,685.610000
09/25/1996,685.830000
09/26/1996,685.860000
09/27/1996,686.190000
09/30/1996,687.310000
10/01/1996,689.080000
10/02/1996,694.010000
10/03/1996,692.780000
10/04/1996,701.460000
10/07/1996,703.340000
10/08/1996,700.640000
10/09/1996,696.740000
10/10/1996,694.610000
10/11/1996,700.660000
10/14/1996,703.540000
10/15/1996,702.570000
10/16/1996,704.410000
10/17/1996,706.990000
10/18/1996,710.820000
10/21/1996,709.850000
10/22/1996,706.570000
10/23/1996,707.270000
10/24/1996,702.290000
10/25/1996,700.920000
10/28/1996,697.260000
10/29/1996,701.500000
10/30/1996,700.900000
10/31/1996,705.270000
11/01/1996,703.770000
11/04/1996,706.720000
11/05/1996,714.140000
11/06/1996,724.590000
11/07/1996,727.650000
11/08/1996,730.820000
11/11/1996,731.870000
11/12/1996,729.560000
11/13/1996,731.130000
11/14/1996,735.880000
11/15/1996,737.620000
11/18/1996,737.020000
11/19/1996,742.160000
11/20/1996,743.950000
11/21/1996,742.750000
11/22/1996,748.730000
11/25/1996,757.030000
11/26/1996,755.960000
11/27/1996,754.990000
11/29/1996,757.020000
12/02/1996,756.530000
12/03/1996,748.280000
12/04/1996,745.100000
12/05/1996,744.380000
12/06/1996,739.600000
12/09/1996,749.730000
12/10/1996,747.540000
12/11/1996,740.730000
12/12/1996,729.300000
12/13/1996,728.640000
12/16/1996,720.980000
12/17/1996,726.040000
12/18/1996,731.540000
12/19/1996,745.760000
12/20/1996,748.870000
12/23/1996,746.920000
12/24/1996,751.030000
12/26/1996,755.820000
12/27/1996,756.790000
12/30/1996,753.850000
12/31/1996,740.740000
01/02/1997,737.010000
01/03/1997,748.030000
01/06/1997,747.650000
01/07/1997,753.230000
01/08/1997,748.410000
01/09/1997,754.850000
01/10/1997,759.500000
01/13/1997,759.510000
01/14/1997,768.860000
01/15/1997,767.250000
01/16/1997,769.740000
01/17/1997,776.170000
01/20/1997,776.700000
01/21/1997,782.720000
01/22/1997,786.230000
01/23/1997,777.560000
01/24/1997,770.520000
01/27/1997,765.000000
01/28/1997,765.030000
01/29/1997,772.500000
01/30/1997,784.150000
01/31/1997,786.160000
02/03/1997,786.700000
02/04/1997,789.280000
02/05/1997,778.180000
02/06/1997,780.130000
02/07/1997,787.140000
02/10/1997,785.450000
02/11/1997,789.320000
02/12/1997,802.770000
02/13/1997,811.830000
02/14/1997,808.450000
02/18/1997,816.290000
02/19/1997,812.470000
02/20/1997,802.770000
02/21/1997,801.760000
02/24/1997,810.290000
02/25/1997,812.100000
02/26/1997,803.690000
02/27/1997,795.080000
02/28/1997,791.090000
03/03/1997,794.970000
03/04/1997,790.950000
03/05/1997,801.990000
03/06/1997,798.590000
03/07/1997,804.060000
03/10/1997,813.650000
03/11/1997,811.280000
03/12/1997,804.260000
03/13/1997,789.560000
03/14/1997,793.550000
03/17/1997,793.170000
03/18/1997,789.590000
03/19/1997,785.500000
03/20/1997,782.590000
03/21/1997,784.100000
03/24/1997,790.890000
03/25/1997,789.070000
03/26/1997,791.010000
03/27/1997,773.300000
03/31/1997,757.120000
04/01/1997,759.600000
04/02/1997,750.120000
04/03/1997,750.320000
04/04/1997,757.270000
04/07/1997,762.390000
04/08/1997,766.120000
04/09/1997,760.220000
04/10/1997,758.320000
04/11/1997,737.650000
04/14/1997,743.730000
04/15/1997,754.720000
04/16/1997,763.530000
04/17/1997,761.780000
04/18/1997,766.340000
04/21/1997,760.260000
04/22/1997,774.640000
04/23/1997,773.630000
04/24/1997,771.160000
04/25/1997,765.370000
04/28/1997,772.960000
04/29/1997,794.050000
04/30/1997,801.340000
05/01/1997,798.530000
05/02/1997,812.970000
05/05/1997,830.240000
05/06/1997,827.760000
05/07/1997,815.620000
05/08/1997,820.260000
05/09/1997,824.780000
05/12/1997,837.660000
05/13/1997,833.130000
05/14/1997,836.040000
05/15/1997,841.880000
05/16/1997,829.750000
05/19/1997,833.270000
05/20/1997,841.660000
05/21/1997,839.350000
05/22/1997,835.660000
05/23/1997,847.030000
05/27/1997,849.710000
05/28/1997,847.210000
05/29/1997,844.080000
05/30/1997,848.280000
06/02/1997,846.360000
06/03/1997,845.400000
06/04/1997,845.480000
06/05/1997,843.430000
06/06/1997,858.010000
06/09/1997,862.910000
06/10/1997,865.270000
06/11/1997,869.570000
06/12/1997,883.480000
06/13/1997,893.270000
06/16/1997,893.900000
06/17/1997,894.420000
06/18/1997,889.060000
06/19/1997,897.990000
06/20/1997,898.700000
06/23/1997,878.620000
06/24/1997,896.340000
06/25/1997,888.990000
06/26/1997,883.680000
06/27/1997,887.300000
06/30/1997,885.140000
07/01/1997,891.030000
07/02/1997,904.030000
07/03/1997,916.920000
07/07/1997,912.200000
07/08/1997,918.750000
07/09/1997,907.540000
07/10/1997,913.780000
07/11/1997,916.680000
07/14/1997,918.380000
07/15/1997,925.760000
07/16/1997,936.590000
07/17/1997,931.610000
07/18/1997,915.300000
07/21/1997,912.940000
07/22/1997,933.980000
07/23/1997,936.560000
07/24/1997,940.300000
07/25/1997,938.790000
07/28/1997,936.450000
07/29/1997,942.290000
07/30/1997,952.290000
07/31/1997,954.290000
08/01/1997,947.140000
08/04/1997,950.300000
08/05/1997,952.370000
08/06/1997,960.320000
08/07/1997,951.190000
08/08/1997,933.540000
08/11/1997,937.000000
08/12/1997,926.530000
08/13/1997,922.020000
08/14/1997,924.770000
08/15/1997,900.810000
08/18/1997,912.490000
08/19/1997,926.010000
08/20/1997,939.350000
08/21/1997,925.050000
08/22/1997,923.550000
08/25/1997,920.160000
08/26/1997,913.020000
08/27/1997,913.700000
08/28/1997,903.670000
08/29/1997,899.470000
09/02/1997,927.580000
09/03/1997,927.860000
09/04/1997,930.870000
09/05/1997,929.050000
09/08/1997,931.200000
09/09/1997,933.620000
09/10/1997,919.030000
09/11/1997,912.590000
09/12/1997,923.910000
09/15/1997,919.770000
09/16/1997,945.640000
09/17/1997,943.000000
09/18/1997,947.290000
09/19/1997,950.510000
09/22/1997,955.430000
09/23/1997,951.930000
09/24/1997,944.480000
09/25/1997,937.910000
09/26/1997,945.220000
09/29/1997,953.340000
09/30/1997,947.280000
10/01/1997,955.410000
10/02/1997,960.460000
10/03/1997,965.030000
10/06/1997,972.690000
10/07/1997,983.120000
10/08/1997,973.840000
10/09/1997,970.620000
10/10/1997,966.980000
10/13/1997,968.100000
10/14/1997,970.280000
10/15/1997,965.720000
10/16/1997,955.230000
10/17/1997,944.160000
10/20/1997,955.610000
10/21/1997,972.280000
10/22/1997,968.490000
10/23/1997,950.690000
10/24/1997,941.640000
10/27/1997,876.990000
10/28/1997,921.850000
10/29/1997,919.160000
10/30/1997,903.680000
10/31/1997,914.620000
11/03/1997,938.990000
11/04/1997,940.760000
11/05/1997,942.760000
11/06/1997,938.030000
11/07/1997,927.510000
11/10/1997,921.130000
11/11/1997,923.780000
11/12/1997,905.960000
11/13/1997,916.660000
11/14/1997,928.350000
11/17/1997,946.200000
11/18/1997,938.230000
11/19/1997,944.590000
11/20/1997,958.980000
11/21/1997,963.090000
11/24/1997,946.670000
11/25/1997,950.820000
11/26/1997,951.640000
11/28/1997,955.400000
12/01/1997,974.770000
12/02/1997,971.680000
12/03/1997,976.770000
12/04/1997,973.100000
12/05/1997,983.790000
12/08/1997,982.370000
12/09/1997,975.780000
12/10/1997,969.790000
12/11/1997,954.940000
12/12/1997,953.390000
12/15/1997,963.390000
12/16/1997,968.040000
12/17/1997,965.540000
12/18/1997,955.300000
12/19/1997,946.780000
12/22/1997,953.700000
12/23/1997,939.130000
12/24/1997,932.700000
12/26/1997,936.460000
12/29/1997,953.350000
12/30/1997,970.840000
12/31/1997,970.430000
01/02/1998,975.040000
01/05/1998,977.070000
01/06/1998,966.580000
01/07/1998,964.000000
01/08/1998,956.040000
01/09/1998,927.690000
01/12/1998,939.210000
01/13/1998,952.120000
01/14/1998,957.940000
01/15/1998,950.730000
01/16/1998,961.510000
01/20/1998,978.600000
01/21/1998,970.810000
01/22/1998,963.040000
01/23/1998,957.590000
01/26/1998,956.950000
01/27/1998,969.020000
01/28/1998,977.460000
01/29/1998,985.490000
01/30/1998,980.280000
02/02/1998,1001.270000
02/03/1998,1006.000000
02/04/1998,1006.900000
02/05/1998,1003.540000
02/06/1998,1012.460000
02/09/1998,1010.740000
02/10/1998,1019.010000
02/11/1998,1020.010000
02/12/1998,1024.140000
02/13/1998,1020.090000
02/17/1998,1022.760000
02/18/1998,1032.080000
02/19/1998,1028.280000
02/20/1998,1034.210000
02/23/1998,1038.140000
02/24/1998,1030.560000
02/25/1998,1042.900000
02/26/1998,1048.670000
02/27/1998,1049.340000
03/02/1998,1047.700000
03/03/1998,1052.020000
03/04/1998,1047.330000
03/05/1998,1035.050000
03/06/1998,1055.690000
03/09/1998,1052.310000
03/10/1998,1064.250000
03/11/1998,1068.470000
03/12/1998,1069.920000
03/13/1998,1068.610000
03/16/1998,1079.270000
03/17/1998,1080.450000
03/18/1998,1085.520000
03/19/1998,1089.740000
03/20/1998,1099.160000
03/23/1998,1095.550000
03/24/1998,1105.650000
03/25/1998,1101.930000
03/26/1998,1100.800000
03/27/1998,1095.440000
03/30/1998,1093.550000
03/31/1998,1101.750000
04/01/1998,1108.150000
04/02/1998,1120.010000
04/03/1998,1122.700000
04/06/1998,1121.380000
04/07/1998,1109.550000
04/08/1998,1101.650000
04/09/1998,1110.670000
04/13/1998,1109.690000
04/14/1998,1115.750000
04/15/1998,1119.320000
04/16/1998,1108.170000
04/17/1998,1122.720000
04/20/1998,1123.650000
04/21/1998,1126.670000
04/22/1998,1130.540000
04/23/1998,1119.580000
04/24/1998,1107.900000
04/27/1998,1086.540000
04/28/1998,1085.110000
04/29/1998,1094.630000
04/30/1998,1111.750000
05/01/1998,1121.000000
05/04/1998,1122.070000
05/05/1998,1115.500000
05/06/1998,1104.920000
05/07/1998,1095.140000
05/08/1998,1108.140000
05/11/1998,1106.640000
05/12/1998,1115.790000
05/13/1998,1118.860000
05/14/1998,1117.370000
05/15/1998,1108.730000
05/18/1998,1105.820000
05/19/1998,1109.520000
05/20/1998,1119.060000
05/21/1998,1114.640000
05/22/1998,1110.470000
05/26/1998,1094.020000
05/27/1998,1092.230000
05/28/1998,1097.600000
05/29/1998,1090.820000
06/01/1998,1090.980000
06/02/1998,1093.220000
06/03/1998,1082.730000
06/04/1998,1094.830000
06/05/1998,1113.860000
06/08/1998,1115.720000
06/09/1998,1118.410000
06/10/1998,1112.280000
06/11/1998,1094.580000
06/12/1998,1098.840000
06/15/1998,1077.010000
06/16/1998,1087.590000
06/17/1998,1107.110000
06/18/1998,1106.370000
06/19/1998,1100.650000
06/22/1998,1103.210000
06/23/1998,1119.490000
06/24/1998,1132.880000
06/25/1998,1129.280000
06/26/1998,1133.200000
06/29/1998,1138.490000
06/30/1998,1133.840000
07/01/1998,1148.560000
07/02/1998,1146.420000
07/06/1998,1157.330000
07/07/1998,1154.660000
07/08/1998,1166.380000
07/09/1998,1158.560000
07/10/1998,1164.330000
07/13/1998,1165.190000
07/14/1998,1177.580000
07/15/1998,1174.810000
07/16/1998,1183.990000
07/17/1998,1186.750000
07/20/1998,1184.100000
07/21/1998,1165.070000
07/22/1998,1164.080000
07/23/1998,1139.750000
07/24/1998,1140.800000
07/27/1998,1147.270000
07/28/1998,1130.240000
07/29/1998,1125.210000
07/30/1998,1142.950000
07/31/1998,1120.670000
08/03/1998,1112.440000
08/04/1998,1072.120000
08/05/1998,1081.430000
08/06/1998,1089.630000
08/07/1998,1089.450000
08/10/1998,1083.140000
08/11/1998,1068.980000
08/12/1998,1084.220000
08/13/1998,1074.910000
08/14/1998,1062.750000
08/17/1998,1083.670000
08/18/1998,1101.200000
08/19/1998,1098.060000
08/20/1998,1091.600000
08/21/1998,1081.240000
08/24/1998,1088.140000
08/25/1998,1092.850000
08/26/1998,1084.190000
08/27/1998,1042.590000
08/28/1998,1027.140000
08/31/1998,957.280000
09/01/1998,994.260000
09/02/1998,990.470000
09/03/1998,982.260000
09/04/1998,973.890000
09/08/1998,1023.460000
09/09/1998,1006.200000
09/10/1998,980.190000
09/11/1998,1009.060000
09/14/1998,1029.720000
09/15/1998,1037.680000
09/16/1998,1045.480000
09/17/1998,1018.870000
09/18/1998,1020.090000
09/21/1998,1023.890000
09/22/1998,1029.630000
09/23/1998,1066.090000
09/24/1998,1042.720000
09/25/1998,1044.750000
09/28/1998,1048.690000
09/29/1998,1049.020000
09/30/1998,1017.010000
10/01/1998,986.390000
10/02/1998,1002.600000
10/05/1998,988.560000
10/06/1998,984.590000
10/07/1998,970.680000
10/08/1998,959.440000
10/09/1998,984.390000
10/12/1998,997.710000
10/13/1998,994.800000
10/14/1998,1005.530000
10/15/1998,1047.490000
10/16/1998,1056.420000
10/19/1998,1062.390000
10/20/1998,1063.930000
10/21/1998,1069.920000
10/22/1998,1078.480000
10/23/1998,1070.670000
10/26/1998,1072.320000
10/27/1998,1065.340000
10/28/1998,1068.090000
10/29/1998,1085.930000
10/30/1998,1098.670000
11/02/1998,1111.600000
11/03/1998,1110.840000
11/04/1998,1118.670000
11/05/1998,1133.850000
11/06/1998,1141.010000
11/09/1998,1130.200000
11/10/1998,1128.260000
11/11/1998,1120.970000
11/12/1998,1117.690000
11/13/1998,1125.720000
11/16/1998,1135.870000
11/17/1998,1139.320000
11/18/1998,1144.480000
11/19/1998,1152.610000
11/20/1998,1163.550000
11/23/1998,1188.210000
11/24/1998,1182.990000
11/25/1998,1186.870000
11/27/1998,1192.330000
11/30/1998,1163.630000
12/01/1998,1175.280000
12/02/1998,1171.250000
12/03/1998,1150.140000
12/04/1998,1176.740000
12/07/1998,1187.700000
12/08/1998,1181.380000
12/09/1998,1183.490000
12/10/1998,1165.020000
12/11/1998,1166.460000
12/14/1998,1141.200000
12/15/1998,1162.830000
12/16/1998,1161.940000
12/17/1998,1179.980000
12/18/1998,1188.030000
12/21/1998,1202.840000
12/22/1998,1203.570000
12/23/1998,1228.540000
12/24/1998,1226.270000
12/28/1998,1225.490000
12/29/1998,1241.810000
12/30/1998,1231.930000
12/31/1998,1229.230000
01/04/1999,1228.100000
01/05/1999,1244.780000
01/06/1999,1272.340000
01/07/1999,1269.730000
01/08/1999,1275.090000
01/11/1999,1263.880000
01/12/1999,1239.510000
01/13/1999,1234.400000
01/14/1999,1212.190000
01/15/1999,1243.260000
01/19/1999,1252.000000
01/20/1999,1256.620000
01/21/1999,1235.160000
01/22/1999,1225.190000
01/25/1999,1233.980000
01/26/1999,1252.310000
01/27/1999,1243.170000
01/28/1999,1265.370000
01/29/1999,1279.640000
02/01/1999,1273.000000
02/02/1999,1261.990000
02/03/1999,1272.070000
02/04/1999,1248.490000
02/05/1999,1239.400000
02/08/1999,1243.770000
02/09/1999,1216.140000
02/10/1999,1223.550000
02/11/1999,1254.040000
02/12/1999,1230.130000
02/16/1999,1241.870000
02/17/1999,1224.030000
02/18/1999,1237.280000
02/19/1999,1239.220000
02/22/1999,1272.140000
02/23/1999,1271.180000
02/24/1999,1253.410000
02/25/1999,1245.020000
02/26/1999,1238.330000
03/01/1999,1236.160000
03/02/1999,1225.500000
03/03/1999,1227.700000
03/04/1999,1246.640000
03/05/1999,1275.470000
03/08/1999,1282.730000
03/09/1999,1279.840000
03/10/1999,1286.840000
03/11/1999,1297.680000
03/12/1999,1294.590000
03/15/1999,1307.260000
03/16/1999,1306.380000
03/17/1999,1297.820000
03/18/1999,1316.550000
03/19/1999,1299.290000
03/22/1999,1297.010000
03/23/1999,1262.140000
03/24/1999,1268.590000
03/25/1999,1289.990000
03/26/1999,1282.800000
03/29/1999,1310.170000
03/30/1999,1300.750000
03/31/1999,1286.370000
04/01/1999,1293.720000
04/05/1999,1321.120000
04/06/1999,1317.890000
04/07/1999,1326.890000
04/08/1999,1343.980000
04/09/1999,1348.350000
04/12/1999,1358.640000
04/13/1999,1349.820000
04/14/1999,1328.440000
04/15/1999,1322.860000
04/16/1999,1319.000000
04/19/1999,1289.480000
04/20/1999,1306.170000
04/21/1999,1336.120000
04/22/1999,1358.820000
04/23/1999,1356.850000
04/26/1999,1360.040000
04/27/1999,1362.800000
04/28/1999,1350.910000
04/29/1999,1342.830000
04/30/1999,1335.180000
05/03/1999,1354.630000
05/04/1999,1332.000000
05/05/1999,1347.310000
05/06/1999,1332.050000
05/07/1999,1345.000000
05/10/1999,1340.300000
05/11/1999,1355.610000
05/12/1999,1364.000000
05/13/1999,1367.560000
05/14/1999,1337.800000
05/17/1999,1339.490000
05/18/1999,1333.320000
05/19/1999,1344.230000
05/20/1999,1338.830000
05/21/1999,1330.290000
05/24/1999,1306.650000
05/25/1999,1284.400000
05/26/1999,1304.760000
05/27/1999,1281.410000
05/28/1999,1301.840000
06/01/1999,1294.260000
06/02/1999,1294.810000
06/03/1999,1299.540000
06/04/1999,1327.750000
06/07/1999,1334.520000
06/08/1999,1317.330000
06/09/1999,1318.640000
06/10/1999,1302.820000
06/11/1999,1293.640000
06/14/1999,1294.000000
06/15/1999,1301.160000
06/16/1999,1330.410000
06/17/1999,1339.900000
06/18/1999,1342.840000
06/21/1999,1349.000000
06/22/1999,1335.880000
06/23/1999,1333.060000
06/24/1999,1315.780000
06/25/1999,1315.310000
06/28/1999,1331.350000
06/29/1999,1351.450000
06/30/1999,1372.710000
07/01/1999,1380.960000
07/02/1999,1391.220000
07/06/1999,1388.120000
07/07/1999,1395.860000
07/08/1999,1394.420000
07/09/1999,1403.280000
07/12/1999,1399.100000
07/13/1999,1393.560000
07/14/1999,1398.170000
07/15/1999,1409.620000
07/16/1999,1418.780000
07/19/1999,1407.650000
07/20/1999,1377.100000
07/21/1999,1379.290000
07/22/1999,1360.970000
07/23/1999,1356.940000
07/26/1999,1347.760000
07/27/1999,1362.840000
07/28/1999,1365.400000
07/29/1999,1341.030000
07/30/1999,1328.720000
08/02/1999,1328.050000
08/03/1999,1322.180000
08/04/1999,1305.330000
08/05/1999,1313.710000
08/06/1999,1300.290000
08/09/1999,1297.800000
08/10/1999,1281.430000
08/11/1999,1301.930000
08/12/1999,1298.160000
08/13/1999,1327.680000
08/16/1999,1330.770000
08/17/1999,1344.160000
08/18/1999,1332.840000
08/19/1999,1323.590000
08/20/1999,1336.610000
08/23/1999,1360.220000
08/24/1999,1363.500000
08/25/1999,1381.790000
08/26/1999,1362.010000
08/27/1999,1348.270000
08/30/1999,1324.020000
08/31/1999,1320.410000
09/01/1999,1331.070000
09/02/1999,1319.110000
09/03/1999,1357.240000
09/07/1999,1350.450000
09/08/1999,1344.150000
09/09/1999,1347.660000
09/10/1999,1351.660000
09/13/1999,1344.130000
09/14/1999,1336.290000
09/15/1999,1317.970000
09/16/1999,1318.480000
09/17/1999,1335.420000
09/20/1999,1335.530000
09/21/1999,1307.580000
09/22/1999,1310.510000
09/23/1999,1280.410000
09/24/1999,1277.360000
09/27/1999,1283.310000
09/28/1999,1282.200000
09/29/1999,1268.370000
09/30/1999,1282.710000
10/01/1999,1282.810000
10/04/1999,1304.600000
10/05/1999,1301.350000
10/06/1999,1325.400000
10/07/1999,1317.640000
10/08/1999,1336.020000
10/11/1999,1335.210000
10/12/1999,1313.040000
10/13/1999,1285.550000
10/14/1999,1283.420000
10/15/1999,1247.410000
10/18/1999,1254.130000
10/19/1999,1261.320000
10/20/1999,1289.430000
10/21/1999,1283.610000
10/22/1999,1301.650000
10/25/1999,1293.630000
10/26/1999,1281.910000
10/27/1999,1296.710000
10/28/1999,1342.440000
10/29/1999,1362.930000
11/01/1999,1354.120000
11/02/1999,1347.740000
11/03/1999,1354.930000
11/04/1999,1362.640000
11/05/1999,1370.230000
11/08/1999,1377.010000
11/09/1999,1365.280000
11/10/1999,1373.460000
11/11/1999,1381.460000
11/12/1999,1396.060000
11/15/1999,1394.390000
11/16/1999,1419.830000
11/17/1999,1410.710000
11/18/1999,1424.940000
11/19/1999,1422.000000
11/22/1999,1420.940000
11/23/1999,1404.640000
11/24/1999,1417.080000
11/26/1999,1416.620000
11/29/1999,1407.830000
11/30/1999,1388.910000
12/01/1999,1397.720000
12/02/1999,1409.040000
12/03/1999,1433.300000
12/06/1999,1423.330000
12/07/1999,1409.170000
12/08/1999,1403.880000
12/09/1999,1408.110000
12/10/1999,1417.040000
12/13/1999,1415.220000
12/14/1999,1403.170000
12/15/1999,1413.320000
12/16/1999,1418.780000
12/17/1999,1421.030000
12/20/1999,1418.090000
12/21/1999,1433.430000
12/22/1999,1436.130000
12/23/1999,1458.340000
12/27/1999,1457.100000
12/28/1999,1457.660000
12/29/1999,1463.460000
12/30/1999,1464.470000
01/03/2000,1455.220000
01/04/2000,1399.420000
01/05/2000,1402.110000
01/06/2000,1403.450000
01/07/2000,1441.470000
01/10/2000,1457.600000
01/11/2000,1438.560000
01/12/2000,1432.250000
01/13/2000,1449.680000
01/14/2000,1465.150000
01/18/2000,1455.140000
01/19/2000,1455.900000
01/20/2000,1445.570000
01/21/2000,1441.360000
01/24/2000,1401.530000
01/25/2000,1410.030000
01/26/2000,1404.090000
01/27/2000,1398.560000
01/28/2000,1360.160000
01/31/2000,1394.460000
02/01/2000,1409.280000
02/02/2000,1409.120000
02/03/2000,1424.970000
02/04/2000,1424.370000
02/07/2000,1424.240000
02/08/2000,1441.750000
02/09/2000,1411.700000
02/10/2000,1416.830000
02/11/2000,1387.120000
02/14/2000,1389.940000
02/15/2000,1402.050000
02/16/2000,1387.670000
02/17/2000,1388.260000
02/18/2000,1346.090000
02/22/2000,1352.170000
02/23/2000,1360.690000
02/24/2000,1353.430000
02/25/2000,1333.360000
02/28/2000,1348.050000
02/29/2000,1366.420000
03/01/2000,1379.190000
03/02/2000,1381.760000
03/03/2000,1409.170000
03/06/2000,1391.280000
03/07/2000,1355.620000
03/08/2000,1366.700000
03/09/2000,1401.690000
03/10/2000,1395.070000
03/13/2000,1383.620000
03/14/2000,1359.150000
03/15/2000,1392.150000
03/16/2000,1458.470000
03/17/2000,1464.470000
03/20/2000,1456.630000
03/21/2000,1493.870000
03/22/2000,1500.640000
03/23/2000,1527.350000
03/24/2000,1527.460000
03/27/2000,1523.860000
03/28/2000,1507.730000
03/29/2000,1508.520000
03/30/2000,1487.920000
03/31/2000,1498.580000
04/03/2000,1505.970000
04/04/2000,1494.730000
04/05/2000,1487.370000
04/06/2000,1501.340000
04/07/2000,1516.350000
04/10/2000,1504.460000
04/11/2000,1500.590000
04/12/2000,1467.170000
04/13/2000,1440.510000
04/14/2000,1356.560000
04/17/2000,1401.440000
04/18/2000,1441.610000
04/19/2000,1427.470000
04/20/2000,1434.540000
04/24/2000,1429.860000
04/25/2000,1477.440000
04/26/2000,1460.990000
04/27/2000,1464.920000
04/28/2000,1452.430000
05/01/2000,1468.250000
05/02/2000,1446.290000
05/03/2000,1415.100000
05/04/2000,1409.570000
05/05/2000,1432.630000
05/08/2000,1424.170000
05/09/2000,1412.140000
05/10/2000,1383.050000
05/11/2000,1407.810000
05/12/2000,1420.960000
05/15/2000,1452.360000
05/16/2000,1466.040000
05/17/2000,1447.800000
05/18/2000,1437.210000
05/19/2000,1406.950000
05/22/2000,1400.720000
05/23/2000,1373.860000
05/24/2000,1399.050000
05/25/2000,1381.520000
05/26/2000,1378.020000
05/30/2000,1422.450000
05/31/2000,1420.600000
06/01/2000,1448.810000
06/02/2000,1477.260000
06/05/2000,1467.630000
06/06/2000,1457.840000
06/07/2000,1471.360000
06/08/2000,1461.670000
06/09/2000,1456.950000
06/12/2000,1446.000000
06/13/2000,1469.440000
06/14/2000,1470.540000
06/15/2000,1478.730000
06/16/2000,1464.460000
06/19/2000,1486.000000
06/20/2000,1475.950000
06/21/2000,1479.130000
06/22/2000,1452.180000
06/23/2000,1441.480000
06/26/2000,1455.310000
06/27/2000,1450.550000
06/28/2000,1454.820000
06/29/2000,1442.390000
06/30/2000,1454.600000
07/03/2000,1469.540000
07/05/2000,1446.230000
07/06/2000,1456.670000
07/07/2000,1478.900000
07/10/2000,1475.620000
07/11/2000,1480.880000
07/12/2000,1492.920000
07/13/2000,1495.840000
07/14/2000,1509.980000
07/17/2000,1510.490000
07/18/2000,1493.740000
07/19/2000,1481.960000
07/20/2000,1495.570000
07/21/2000,1480.190000
07/24/2000,1464.290000
07/25/2000,1474.470000
07/26/2000,1452.420000
07/27/2000,1449.620000
07/28/2000,1419.890000
07/31/2000,1430.830000
08/01/2000,1438.100000
08/02/2000,1438.700000
08/03/2000,1452.560000
08/04/2000,1462.930000
08/07/2000,1479.320000
08/08/2000,1482.800000
08/09/2000,1472.870000
08/10/2000,1460.250000
08/11/2000,1471.840000
08/14/2000,1491.560000
08/15/2000,1484.430000
08/16/2000,1479.850000
08/17/2000,1496.070000
08/18/2000,1491.720000
08/21/2000,1499.480000
08/22/2000,1498.130000
08/23/2000,1505.970000
08/24/2000,1508.310000
08/25/2000,1506.450000
08/28/2000,1514.090000
08/29/2000,1509.840000
08/30/2000,1502.590000
08/31/2000,1517.680000
09/01/2000,1520.770000
09/05/2000,1507.080000
09/06/2000,1492.250000
09/07/2000,1502.510000
09/08/2000,1494.500000
09/11/2000,1489.260000
09/12/2000,1481.990000
09/13/2000,1484.910000
09/14/2000,1480.870000
09/15/2000,1465.810000
09/18/2000,1444.510000
09/19/2000,1459.900000
09/20/2000,1451.340000
09/21/2000,1449.050000
09/22/2000,1448.720000
09/25/2000,1439.030000
09/26/2000,1427.210000
09/27/2000,1426.570000
09/28/2000,1458.290000
09/29/2000,1436.510000
10/02/2000,1436.230000
10/03/2000,1426.460000
10/04/2000,1434.320000
10/05/2000,1436.280000
10/06/2000,1408.990000
10/09/2000,1402.030000
10/10/2000,1387.020000
10/11/2000,1364.590000
10/12/2000,1329.780000
10/13/2000,1374.170000
10/16/2000,1374.620000
10/17/2000,1349.970000
10/18/2000,1342.130000
10/19/2000,1388.760000
10/20/2000,1396.930000
10/23/2000,1395.780000
10/24/2000,1398.130000
10/25/2000,1364.900000
10/26/2000,1364.440000
10/27/2000,1379.580000
10/30/2000,1398.660000
10/31/2000,1429.400000
11/01/2000,1421.220000
11/02/2000,1428.320000
11/03/2000,1426.690000
11/06/2000,1432.190000
11/07/2000,1431.870000
11/08/2000,1409.280000
11/09/2000,1400.140000
11/10/2000,1365.980000
11/13/2000,1351.260000
11/14/2000,1382.950000
11/15/2000,1389.810000
11/16/2000,1372.320000
11/17/2000,1367.720000
11/20/2000,1342.620000
11/21/2000,1347.350000
11/22/2000,1322.360000
11/24/2000,1341.770000
11/27/2000,1348.970000
11/28/2000,1336.090000
11/29/2000,1341.910000
11/30/2000,1314.950000
12/01/2000,1315.230000
12/04/2000,1324.970000
12/05/2000,1376.540000
12/06/2000,1351.460000
12/07/2000,1343.550000
12/08/2000,1369.890000
12/11/2000,1380.200000
12/12/2000,1371.180000
12/13/2000,1359.990000
12/14/2000,1340.930000
12/15/2000,1312.150000
12/18/2000,1322.740000
12/19/2000,1305.600000
12/20/2000,1264.740000
12/21/2000,1274.860000
12/22/2000,1274.860000
12/26/2000,1315.190000
12/27/2000,1328.920000
12/28/2000,1334.220000
12/29/2000,1320.280000
01/02/2001,1283.270000
01/03/2001,1347.560000
01/04/2001,1333.340000
01/05/2001,1298.350000
01/08/2001,1295.860000
01/09/2001,1300.800000
01/10/2001,1313.270000
01/11/2001,1326.820000
01/12/2001,1318.320000
01/16/2001,1326.650000
01/17/2001,1329.470000
01/18/2001,1347.970000
01/19/2001,1342.540000
01/22/2001,1342.900000
01/23/2001,1360.400000
01/24/2001,1364.300000
01/25/2001,1357.510000
01/26/2001,1354.950000
01/29/2001,1364.170000
01/30/2001,1373.730000
01/31/2001,1366.010000
02/01/2001,1373.470000
02/02/2001,1349.470000
02/05/2001,1354.310000
02/06/2001,1352.260000
02/07/2001,1340.890000
02/08/2001,1332.530000
02/09/2001,1314.760000
02/12/2001,1330.310000
02/13/2001,1318.800000
02/14/2001,1315.920000
02/15/2001,1326.610000
02/16/2001,1301.530000
02/20/2001,1278.940000
02/21/2001,1255.270000
02/22/2001,1252.820000
02/23/2001,1245.860000
02/26/2001,1267.650000
02/27/2001,1257.940000
02/28/2001,1239.940000
03/01/2001,1241.230000
03/02/2001,1234.180000
03/05/2001,1241.410000
03/06/2001,1253.800000
03/07/2001,1261.890000
03/08/2001,1264.740000
03/09/2001,1233.420000
03/12/2001,1180.160000
03/13/2001,1197.660000
03/14/2001,1166.710000
03/15/2001,1173.560000
03/16/2001,1150.530000
03/19/2001,1170.810000
03/20/2001,1142.620000
03/21/2001,1122.140000
03/22/2001,1117.580000
03/23/2001,1139.830000
03/26/2001,1152.690000
03/27/2001,1182.170000
03/28/2001,1153.290000
03/29/2001,1147.950000
03/30/2001,1160.330000
04/02/2001,1145.870000
04/03/2001,1106.460000
04/04/2001,1103.250000
04/05/2001,1151.440000
04/06/2001,1128.430000
04/09/2001,1137.590000
04/10/2001,1168.380000
04/11/2001,1165.890000
04/12/2001,1183.500000
04/16/2001,1179.600000
04/17/2001,1191.810000
04/18/2001,1238.160000
04/19/2001,1253.700000
04/20/2001,1242.980000
04/23/2001,1224.360000
04/24/2001,1209.470000
04/25/2001,1228.750000
04/26/2001,1234.520000
04/27/2001,1253.050000
04/30/2001,1249.460000
05/01/2001,1266.440000
05/02/2001,1267.430000
05/03/2001,1248.580000
05/04/2001,1266.610000
05/07/2001,1263.510000
05/08/2001,1261.200000
05/09/2001,1255.540000
05/10/2001,1255.180000
05/11/2001,1245.670000
05/14/2001,1248.920000
05/15/2001,1249.440000
05/16/2001,1284.990000
05/17/2001,1288.490000
05/18/2001,1291.960000
05/21/2001,1312.830000
05/22/2001,1309.380000
05/23/2001,1289.050000
05/24/2001,1293.170000
05/25/2001,1277.890000
05/29/2001,1267.930000
05/30/2001,1248.080000
05/31/2001,1255.820000
06/01/2001,1260.670000
06/04/2001,1267.110000
06/05/2001,1283.570000
06/06/2001,1270.030000
06/07/2001,1276.960000
06/08/2001,1264.960000
06/11/2001,1254.390000
06/12/2001,1255.850000
06/13/2001,1241.600000
06/14/2001,1219.870000
06/15/2001,1214.360000
06/18/2001,1208.430000
06/19/2001,1212.580000
06/20/2001,1223.140000
06/21/2001,1237.040000
06/22/2001,1225.350000
06/25/2001,1218.600000
06/26/2001,1216.760000
06/27/2001,1211.070000
06/28/2001,1226.200000
06/29/2001,1224.380000
07/02/2001,1236.710000
07/03/2001,1234.450000
07/05/2001,1219.240000
07/06/2001,1190.590000
07/09/2001,1198.780000
07/10/2001,1181.520000
07/11/2001,1180.180000
07/12/2001,1208.140000
07/13/2001,1215.680000
07/16/2001,1202.450000
07/17/2001,1214.440000
07/18/2001,1207.710000
07/19/2001,1215.020000
07/20/2001,1210.850000
07/23/2001,1191.030000
07/24/2001,1171.650000
07/25/2001,1190.490000
07/26/2001,1202.930000
07/27/2001,1205.820000
07/30/2001,1204.520000
07/31/2001,1211.230000
08/01/2001,1215.930000
08/02/2001,1220.750000
08/03/2001,1214.350000
08/06/2001,1200.480000
08/07/2001,1204.400000
08/08/2001,1183.530000
08/09/2001,1183.430000
08/10/2001,1190.160000
08/13/2001,1191.290000
08/14/2001,1186.730000
08/15/2001,1178.020000
08/16/2001,1181.660000
08/17/2001,1161.970000
08/20/2001,1171.410000
08/21/2001,1157.260000
08/22/2001,1165.310000
08/23/2001,1162.090000
08/24/2001,1184.930000
08/27/2001,1179.210000
08/28/2001,1161.510000
08/29/2001,1148.600000
08/30/2001,1129.030000
08/31/2001,1133.580000
09/04/2001,1132.940000
09/05/2001,1131.740000
09/06/2001,1106.400000
09/07/2001,1085.780000
09/10/2001,1092.540000
09/17/2001,1038.770000
09/18/2001,1032.740000
09/19/2001,1016.100000
09/20/2001,984.540000
09/21/2001,965.800000
09/24/2001,1003.450000
09/25/2001,1012.270000
09/26/2001,1007.040000
09/27/2001,1018.610000
09/28/2001,1040.940000
10/01/2001,1038.550000
10/02/2001,1051.330000
10/03/2001,1072.280000
10/04/2001,1069.630000
10/05/2001,1071.380000
10/08/2001,1062.440000
10/09/2001,1056.750000
10/10/2001,1080.990000
10/11/2001,1097.430000
10/12/2001,1091.650000
10/15/2001,1089.980000
10/16/2001,1097.540000
10/17/2001,1077.090000
10/18/2001,1068.610000
10/19/2001,1073.480000
10/22/2001,1089.900000
10/23/2001,1084.780000
10/24/2001,1085.200000
10/25/2001,1100.090000
10/26/2001,1104.610000
10/29/2001,1078.300000
10/30/2001,1059.790000
10/31/2001,1059.780000
11/01/2001,1084.100000
11/02/2001,1087.200000
11/05/2001,1102.840000
11/06/2001,1118.860000
11/07/2001,1115.800000
11/08/2001,1118.540000
11/09/2001,1120.310000
11/12/2001,1118.330000
11/13/2001,1139.090000
11/14/2001,1141.210000
11/15/2001,1142.240000
11/16/2001,1138.650000
11/19/2001,1151.060000
11/20/2001,1142.660000
11/21/2001,1137.030000
11/23/2001,1150.340000
11/26/2001,1157.420000
11/27/2001,1149.500000
11/28/2001,1128.520000
11/29/2001,1140.200000
11/30/2001,1139.450000
12/03/2001,1129.900000
12/04/2001,1144.800000
12/05/2001,1170.350000
12/06/2001,1167.100000
12/07/2001,1158.310000
12/10/2001,1139.930000
12/11/2001,1136.760000
12/12/2001,1137.070000
12/13/2001,1119.380000
12/14/2001,1123.090000
12/17/2001,1134.360000
12/18/2001,1142.920000
12/19/2001,1149.560000
12/20/2001,1139.930000
12/21/2001,1144.890000
12/24/2001,1144.650000
12/26/2001,1149.370000
12/27/2001,1157.130000
12/28/2001,1161.020000
12/31/2001,1148.080000
01/02/2002,1154.670000
01/03/2002,1165.270000
01/04/2002,1172.510000
01/07/2002,1164.890000
01/08/2002,1160.710000
01/09/2002,1155.140000
01/10/2002,1156.550000
01/11/2002,1145.600000
01/14/2002,1138.410000
01/15/2002,1146.190000
01/16/2002,1127.570000
01/17/2002,1138.880000
01/18/2002,1127.580000
01/22/2002,1119.310000
01/23/2002,1128.180000
01/24/2002,1132.150000
01/25/2002,1133.280000
01/28/2002,1133.060000
01/29/2002,1100.640000
01/30/2002,1113.570000
01/31/2002,1130.200000
02/01/2002,1122.200000
02/04/2002,1094.440000
02/05/2002,1090.020000
02/06/2002,1083.510000
02/07/2002,1080.170000
02/08/2002,1096.220000
02/11/2002,1111.940000
02/12/2002,1107.500000
02/13/2002,1118.510000
02/14/2002,1116.480000
02/15/2002,1104.180000
02/19/2002,1083.340000
02/20/2002,1097.980000
02/21/2002,1080.950000
02/22/2002,1089.840000
02/25/2002,1109.430000
02/26/2002,1109.380000
02/27/2002,1109.890000
02/28/2002,1106.730000
03/01/2002,1131.780000
03/04/2002,1153.840000
03/05/2002,1146.140000
03/06/2002,1162.770000
03/07/2002,1157.540000
03/08/2002,1164.310000
03/11/2002,1168.260000
03/12/2002,1165.580000
03/13/2002,1154.090000
03/14/2002,1153.040000
03/15/2002,1166.160000
03/18/2002,1165.550000
03/19/2002,1170.290000
03/20/2002,1151.850000
03/21/2002,1153.590000
03/22/2002,1148.700000
03/25/2002,1131.870000
03/26/2002,1138.490000
03/27/2002,1144.580000
03/28/2002,1147.390000
04/01/2002,1146.540000
04/02/2002,1136.760000
04/03/2002,1125.400000
04/04/2002,1126.340000
04/05/2002,1122.730000
04/08/2002,1125.290000
04/09/2002,1117.800000
04/10/2002,1130.470000
04/11/2002,1103.690000
04/12/2002,1111.010000
04/15/2002,1102.550000
04/16/2002,1128.370000
04/17/2002,1126.070000
04/18/2002,1124.470000
04/19/2002,1125.170000
04/22/2002,1107.830000
04/23/2002,1100.960000
04/24/2002,1093.140000
04/25/2002,1091.480000
04/26/2002,1076.320000
04/29/2002,1065.450000
04/30/2002,1076.920000
05/01/2002,1086.460000
05/02/2002,1084.560000
05/03/2002,1073.430000
05/06/2002,1052.670000
05/07/2002,1049.490000
05/08/2002,1088.850000
05/09/2002,1073.010000
05/10/2002,1054.990000
05/13/2002,1074.560000
05/14/2002,1097.280000
05/15/2002,1091.070000
05/16/2002,1098.230000
05/17/2002,1106.590000
05/20/2002,1091.880000
05/21/2002,1079.880000
05/22/2002,1086.020000
05/23/2002,1097.080000
05/24/2002,1083.820000
05/28/2002,1074.550000
05/29/2002,1067.660000
05/30/2002,1064.660000
05/31/2002,1067.140000
06/03/2002,1040.680000
06/04/2002,1040.690000
06/05/2002,1049.900000
06/06/2002,1029.150000
06/07/2002,1027.530000
06/10/2002,1030.740000
06/11/2002,1013.600000
06/12/2002,1020.260000
06/13/2002,1009.560000
06/14/2002,1007.270000
06/17/2002,1036.170000
06/18/2002,1037.140000
06/19/2002,1019.990000
06/20/2002,1006.290000
06/21/2002,989.140000
06/24/2002,992.720000
06/25/2002,976.140000
06/26/2002,973.530000
06/27/2002,990.640000
06/28/2002,989.820000
07/01/2002,968.650000
07/02/2002,948.090000
07/03/2002,953.990000
07/05/2002,989.030000
07/08/2002,976.980000
07/09/2002,952.830000
07/10/2002,920.470000
07/11/2002,927.370000
07/12/2002,921.390000
07/15/2002,917.930000
07/16/2002,900.940000
07/17/2002,906.040000
07/18/2002,881.560000
07/19/2002,847.750000
07/22/2002,819.850000
07/23/2002,797.700000
07/24/2002,843.430000
07/25/2002,838.680000
07/26/2002,852.840000
07/29/2002,898.960000
07/30/2002,902.780000
07/31/2002,911.620000
08/01/2002,884.660000
08/02/2002,864.240000
08/05/2002,834.600000
08/06/2002,859.570000
08/07/2002,876.770000
08/08/2002,905.460000
08/09/2002,908.640000
08/12/2002,903.800000
08/13/2002,884.210000
08/14/2002,919.620000
08/15/2002,930.250000
08/16/2002,928.770000
08/19/2002,950.700000
08/20/2002,937.430000
08/21/2002,949.360000
08/22/2002,962.700000
08/23/2002,940.860000
08/26/2002,947.950000
08/27/2002,934.820000
08/28/2002,917.870000
08/29/2002,917.800000
08/30/2002,916.070000
09/03/2002,878.020000
09/04/2002,893.400000
09/05/2002,879.150000
09/06/2002,893.920000
09/09/2002,902.960000
09/10/2002,909.580000
09/11/2002,909.450000
09/12/2002,886.910000
09/13/2002,889.810000
09/16/2002,891.100000
09/17/2002,873.520000
09/18/2002,869.460000
09/19/2002,843.320000
09/20/2002,845.390000
09/23/2002,833.700000
09/24/2002,819.290000
09/25/2002,839.660000
09/26/2002,854.950000
09/27/2002,827.370000
09/30/2002,815.280000
10/01/2002,847.910000
10/02/2002,827.910000
10/03/2002,818.950000
10/04/2002,800.580000
10/07/2002,785.280000
10/08/2002,798.550000
10/09/2002,776.760000
10/10/2002,803.920000
10/11/2002,835.320000
10/14/2002,841.440000
10/15/2002,881.270000
10/16/2002,860.020000
10/17/2002,879.200000
10/18/2002,884.390000
10/21/2002,899.720000
10/22/2002,890.160000
10/23/2002,896.140000
10/24/2002,882.500000
10/25/2002,897.650000
10/28/2002,890.230000
10/29/2002,882.150000
10/30/2002,890.710000
10/31/2002,885.760000
11/01/2002,900.960000
11/04/2002,908.350000
11/05/2002,915.390000
11/06/2002,923.760000
11/07/2002,902.650000
11/08/2002,894.740000
11/11/2002,876.190000
11/12/2002,882.950000
11/13/2002,882.530000
11/14/2002,904.270000
11/15/2002,909.830000
11/18/2002,900.360000
11/19/2002,896.740000
11/20/2002,914.150000
11/21/2002,933.760000
11/22/2002,930.550000
11/25/2002,932.870000
11/26/2002,913.310000
11/27/2002,938.870000
11/29/2002,936.310000
12/02/2002,934.530000
12/03/2002,920.750000
12/04/2002,917.580000
12/05/2002,906.550000
12/06/2002,912.230000
12/09/2002,892.000000
12/10/2002,904.450000
12/11/2002,904.960000
12/12/2002,901.580000
12/13/2002,889.480000
12/16/2002,910.400000
12/17/2002,902.990000
12/18/2002,891.120000
12/19/2002,884.250000
12/20/2002,895.760000
12/23/2002,897.380000
12/24/2002,892.470000
12/26/2002,889.660000
12/27/2002,875.400000
12/30/2002,879.390000
12/31/2002,879.820000
01/02/2003,909.030000
01/03/2003,908.590000
01/06/2003,929.010000
01/07/2003,922.930000
01/08/2003,909.930000
01/09/2003,927.570000
01/10/2003,927.570000
01/13/2003,926.260000
01/14/2003,931.660000
01/15/2003,918.220000
01/16/2003,914.600000
01/17/2003,901.780000
01/21/2003,887.620000
01/22/2003,878.360000
01/23/2003,887.340000
01/24/2003,861.400000
01/27/2003,847.480000
01/28/2003,858.540000
01/29/2003,864.360000
01/30/2003,844.610000
01/31/2003,855.700000
02/03/2003,860.320000
02/04/2003,848.200000
02/05/2003,843.590000
02/06/2003,838.150000
02/07/2003,829.690000
02/10/2003,835.970000
02/11/2003,829.200000
02/12/2003,818.680000
02/13/2003,817.370000
02/14/2003,834.890000
02/18/2003,851.170000
02/19/2003,845.130000
02/20/2003,837.100000
02/21/2003,848.170000
02/24/2003,832.580000
02/25/2003,838.570000
02/26/2003,827.550000
02/27/2003,837.280000
02/28/2003,841.150000
03/03/2003,834.810000
03/04/2003,821.990000
03/05/2003,829.850000
03/06/2003,822.100000
03/07/2003,828.890000
03/10/2003,807.480000
03/11/2003,800.730000
03/12/2003,804.190000
03/13/2003,831.900000
03/14/2003,833.270000
03/17/2003,862.790000
03/18/2003,866.450000
03/19/2003,874.020000
03/20/2003,875.840000
03/21/2003,895.790000
03/24/2003,864.230000
03/25/2003,874.740000
03/26/2003,869.950000
03/27/2003,868.520000
03/28/2003,863.500000
03/31/2003,848.180000
04/01/2003,858.480000
04/02/2003,880.900000
04/03/2003,876.450000
04/04/2003,878.850000
04/07/2003,879.930000
04/08/2003,878.290000
04/09/2003,865.990000
04/10/2003,871.580000
04/11/2003,868.300000
04/14/2003,885.230000
04/15/2003,890.810000
04/16/2003,879.910000
04/17/2003,893.580000
04/21/2003,892.010000
04/22/2003,911.370000
04/23/2003,919.020000
04/24/2003,911.430000
04/25/2003,898.810000
04/28/2003,914.840000
04/29/2003,917.840000
04/30/2003,916.920000
05/01/2003,916.300000
05/02/2003,930.080000
05/05/2003,926.550000
05/06/2003,934.390000
05/07/2003,929.620000
05/08/2003,920.270000
05/09/2003,933.410000
05/12/2003,945.110000
05/13/2003,942.300000
05/14/2003,939.280000
05/15/2003,946.670000
05/16/2003,944.300000
05/19/2003,920.770000
05/20/2003,919.730000
05/21/2003,923.420000
05/22/2003,931.870000
05/23/2003,933.220000
05/27/2003,951.480000
05/28/2003,953.220000
05/29/2003,949.640000
05/30/2003,963.590000
06/02/2003,967.000000
06/03/2003,971.560000
06/04/2003,986.240000
06/05/2003,990.140000
06/06/2003,987.760000
06/09/2003,975.930000
06/10/2003,984.840000
06/11/2003,997.480000
06/12/2003,998.510000
06/13/2003,988.610000
06/16/2003,1010.740000
06/17/2003,1011.660000
06/18/2003,1010.090000
06/19/2003,994.700000
06/20/2003,995.690000
06/23/2003,981.640000
06/24/2003,983.450000
06/25/2003,975.320000
06/26/2003,985.820000
06/27/2003,976.220000
06/30/2003,974.500000
07/01/2003,982.320000
07/02/2003,993.750000
07/03/2003,985.700000
07/07/2003,1004.420000
07/08/2003,1007.840000
07/09/2003,1002.210000
07/10/2003,988.700000
07/11/2003,998.140000
07/14/2003,1003.860000
07/15/2003,1000.420000
07/16/2003,994.090000
07/17/2003,981.730000
07/18/2003,993.320000
07/21/2003,978.800000
07/22/2003,988.110000
07/23/2003,988.610000
07/24/2003,981.600000
07/25/2003,998.680000
07/28/2003,996.520000
07/29/2003,989.280000
07/30/2003,987.490000
07/31/2003,990.310000
08/01/2003,980.150000
08/04/2003,982.820000
08/05/2003,965.460000
08/06/2003,967.080000
08/07/2003,974.120000
08/08/2003,977.590000
08/11/2003,980.590000
08/12/2003,990.350000
08/13/2003,984.030000
08/14/2003,990.510000
08/15/2003,990.670000
08/18/2003,999.740000
08/19/2003,1002.350000
08/20/2003,1000.300000
08/21/2003,1003.270000
08/22/2003,993.060000
08/25/2003,993.710000
08/26/2003,996.730000
08/27/2003,996.790000
08/28/2003,1002.840000
08/29/2003,1008.010000
09/02/2003,1021.990000
09/03/2003,1026.270000
09/04/2003,1027.970000
09/05/2003,1021.390000
09/08/2003,1031.640000
09/09/2003,1023.170000
09/10/2003,1010.920000
09/11/2003,1016.420000
09/12/2003,1018.630000
09/15/2003,1014.810000
09/16/2003,1029.320000
09/17/2003,1025.970000
09/18/2003,1039.580000
09/19/2003,1036.300000
09/22/2003,1022.820000
09/23/2003,1029.030000
09/24/2003,1009.380000
09/25/2003,1003.270000
09/26/2003,996.850000
09/29/2003,1006.580000
09/30/2003,995.970000
10/01/2003,1018.220000
10/02/2003,1020.240000
10/03/2003,1029.850000
10/06/2003,1034.350000
10/07/2003,1039.250000
10/08/2003,1033.780000
10/09/2003,1038.730000
10/10/2003,1038.060000
10/13/2003,1045.350000
10/14/2003,1049.480000
10/15/2003,1046.760000
10/16/2003,1050.070000
10/17/2003,1039.320000
10/20/2003,1044.680000
10/21/2003,1046.030000
10/22/2003,1030.360000
10/23/2003,1033.770000
10/24/2003,1028.910000
10/27/2003,1031.130000
10/28/2003,1046.790000
10/29/2003,1048.110000
10/30/2003,1046.940000
10/31/2003,1050.710000
11/03/2003,1059.020000
11/04/2003,1053.250000
11/05/2003,1051.810000
11/06/2003,1058.050000
11/07/2003,1053.210000
11/10/2003,1047.110000
11/11/2003,1046.570000
11/12/2003,1058.530000
11/13/2003,1058.410000
11/14/2003,1050.350000
11/17/2003,1043.630000
11/18/2003,1034.150000
11/19/2003,1042.440000
11/20/2003,1033.650000
11/21/2003,1035.280000
11/24/2003,1052.080000
11/25/2003,1053.890000
11/26/2003,1058.450000
11/28/2003,1058.200000
12/01/2003,1070.120000
12/02/2003,1066.620000
12/03/2003,1064.730000
12/04/2003,1069.720000
12/05/2003,1061.500000
12/08/2003,1069.300000
12/09/2003,1060.180000
12/10/2003,1059.050000
12/11/2003,1071.210000
12/12/2003,1074.140000
12/15/2003,1068.040000
12/16/2003,1075.130000
12/17/2003,1076.480000
12/18/2003,1089.180000
12/19/2003,1088.660000
12/22/2003,1092.940000
12/23/2003,1096.020000
12/24/2003,1094.040000
12/26/2003,1095.890000
12/29/2003,1109.480000
12/30/2003,1109.640000
12/31/2003,1111.920000
01/02/2004,1108.480000
01/05/2004,1122.220000
01/06/2004,1123.670000
01/07/2004,1126.330000
01/08/2004,1131.920000
01/09/2004,1121.860000
01/12/2004,1127.230000
01/13/2004,1121.220000
01/14/2004,1130.520000
01/15/2004,1132.050000
01/16/2004,1139.830000
01/20/2004,1138.770000
01/21/2004,1147.620000
01/22/2004,1143.940000
01/23/2004,1141.550000
01/26/2004,1155.370000
01/27/2004,1144.050000
01/28/2004,1128.480000
01/29/2004,1134.110000
01/30/2004,1131.130000
02/02/2004,1135.260000
02/03/2004,1136.030000
02/04/2004,1126.520000
02/05/2004,1128.590000
02/06/2004,1142.760000
02/09/2004,1139.810000
02/10/2004,1145.540000
02/11/2004,1157.760000
02/12/2004,1152.110000
02/13/2004,1145.810000
02/17/2004,1156.990000
02/18/2004,1151.820000
02/19/2004,1147.060000
02/20/2004,1144.110000
02/23/2004,1140.990000
02/24/2004,1139.090000
02/25/2004,1143.670000
02/26/2004,1144.910000
02/27/2004,1144.940000
03/01/2004,1155.970000
03/02/2004,1149.100000
03/03/2004,1151.030000
03/04/2004,1154.870000
03/05/2004,1156.860000
03/08/2004,1147.200000
03/09/2004,1140.580000
03/10/2004,1123.890000
03/11/2004,1106.780000
03/12/2004,1120.570000
03/15/2004,1104.490000
03/16/2004,1110.700000
03/17/2004,1123.750000
03/18/2004,1122.320000
03/19/2004,1109.780000
03/22/2004,1095.400000
03/23/2004,1093.950000
03/24/2004,1091.330000
03/25/2004,1109.190000
03/26/2004,1108.060000
03/29/2004,1122.470000
03/30/2004,1127.000000
03/31/2004,1126.210000
04/01/2004,1132.170000
04/02/2004,1141.810000
04/05/2004,1150.570000
04/06/2004,1148.160000
04/07/2004,1140.530000
04/08/2004,1139.320000
04/12/2004,1145.200000
04/13/2004,1129.440000
04/14/2004,1128.170000
04/15/2004,1128.840000
04/16/2004,1134.610000
04/19/2004,1135.820000
04/20/2004,1118.150000
04/21/2004,1124.090000
04/22/2004,1139.930000
04/23/2004,1140.600000
04/26/2004,1135.530000
04/27/2004,1138.110000
04/28/2004,1122.410000
04/29/2004,1113.890000
04/30/2004,1107.300000
05/03/2004,1117.490000
05/04/2004,1119.550000
05/05/2004,1121.530000
05/06/2004,1113.990000
05/07/2004,1098.700000
05/10/2004,1087.120000
05/11/2004,1095.450000
05/12/2004,1097.280000
05/13/2004,1096.440000
05/14/2004,1095.700000
05/17/2004,1084.100000
05/18/2004,1091.490000
05/19/2004,1088.680000
05/20/2004,1089.190000
05/21/2004,1093.560000
05/24/2004,1095.410000
05/25/2004,1113.050000
05/26/2004,1114.940000
05/27/2004,1121.280000
05/28/2004,1120.680000
06/01/2004,1121.200000
06/02/2004,1124.990000
06/03/2004,1116.640000
06/04/2004,1122.500000
06/07/2004,1140.420000
06/08/2004,1142.180000
06/09/2004,1131.330000
06/10/2004,1136.470000
06/14/2004,1125.290000
06/15/2004,1132.010000
06/16/2004,1133.560000
06/17/2004,1132.050000
06/18/2004,1135.020000
06/21/2004,1130.300000
06/22/2004,1134.410000
06/23/2004,1144.060000
06/24/2004,1140.650000
06/25/2004,1134.430000
06/28/2004,1133.350000
06/29/2004,1136.200000
06/30/2004,1140.840000
07/01/2004,1128.940000
07/02/2004,1125.380000
07/06/2004,1116.210000
07/07/2004,1118.330000
07/08/2004,1109.110000
07/09/2004,1112.810000
07/12/2004,1114.350000
07/13/2004,1115.140000
07/14/2004,1111.470000
07/15/2004,1106.690000
07/16/2004,1101.390000
07/19/2004,1100.900000
07/20/2004,1108.670000
07/21/2004,1093.880000
07/22/2004,1096.840000
07/23/2004,1086.200000
07/26/2004,1084.070000
07/27/2004,1094.830000
07/28/2004,1095.420000
07/29/2004,1100.430000
07/30/2004,1101.720000
08/02/2004,1106.620000
08/03/2004,1099.690000
08/04/2004,1098.630000
08/05/2004,1080.700000
08/06/2004,1063.970000
08/09/2004,1065.220000
08/10/2004,1079.040000
08/11/2004,1075.790000
08/12/2004,1063.230000
08/13/2004,1064.800000
08/16/2004,1079.340000
08/17/2004,1081.710000
08/18/2004,1095.170000
08/19/2004,1091.230000
08/20/2004,1098.350000
08/23/2004,1095.680000
08/24/2004,1096.190000
08/25/2004,1104.960000
08/26/2004,1105.090000
08/27/2004,1107.770000
08/30/2004,1099.150000
08/31/2004,1104.240000
09/01/2004,1105.910000
09/02/2004,1118.310000
09/03/2004,1113.630000
09/07/2004,1121.300000
09/08/2004,1116.270000
09/09/2004,1118.380000
09/10/2004,1123.920000
09/13/2004,1125.820000
09/14/2004,1128.330000
09/15/2004,1120.370000
09/16/2004,1123.500000
09/17/2004,1128.550000
09/20/2004,1122.200000
09/21/2004,1129.300000
09/22/2004,1113.560000
09/23/2004,1108.360000
09/24/2004,1110.110000
09/27/2004,1103.520000
09/28/2004,1110.060000
09/29/2004,1114.800000
09/30/2004,1114.580000
10/01/2004,1131.500000
10/04/2004,1135.170000
10/05/2004,1134.480000
10/06/2004,1142.050000
10/07/2004,1130.650000
10/08/2004,1122.140000
10/11/2004,1124.390000
10/12/2004,1121.840000
10/13/2004,1113.650000
10/14/2004,1103.290000
10/15/2004,1108.200000
10/18/2004,1114.020000
10/19/2004,1103.230000
10/20/2004,1103.660000
10/21/2004,1106.490000
10/22/2004,1095.740000
10/25/2004,1094.800000
10/26/2004,1111.090000
10/27/2004,1125.400000
10/28/2004,1127.440000
10/29/2004,1130.200000
11/01/2004,1130.510000
11/02/2004,1130.560000
11/03/2004,1143.200000
11/04/2004,1161.670000
11/05/2004,1166.170000
11/08/2004,1164.890000
11/09/2004,1164.080000
11/10/2004,1162.910000
11/11/2004,1173.480000
11/12/2004,1184.170000
11/15/2004,1183.810000
11/16/2004,1175.430000
11/17/2004,1181.940000
11/18/2004,1183.550000
11/19/2004,1170.340000
11/22/2004,1177.240000
11/23/2004,1176.940000
11/24/2004,1181.760000
11/26/2004,1182.650000
11/29/2004,1178.570000
11/30/2004,1173.820000
12/01/2004,1191.370000
12/02/2004,1190.330000
12/03/2004,1191.170000
12/06/2004,1190.250000
12/07/2004,1177.070000
12/08/2004,1182.810000
12/09/2004,1189.240000
12/10/2004,1188.000000
12/13/2004,1198.680000
12/14/2004,1203.380000
12/15/2004,1205.720000
12/16/2004,1203.210000
12/17/2004,1194.200000
12/20/2004,1194.650000
12/21/2004,1205.450000
12/22/2004,1209.570000
12/23/2004,1210.130000
12/27/2004,1204.920000
12/28/2004,1213.540000
12/29/2004,1213.450000
12/30/2004,1213.550000
12/31/2004,1211.920000
01/03/2005,1202.080000
01/04/2005,1188.050000
01/05/2005,1183.740000
01/06/2005,1187.890000
01/07/2005,1186.190000
01/10/2005,1190.250000
01/11/2005,1182.990000
01/12/2005,1187.700000
01/13/2005,1177.450000
01/14/2005,1184.520000
01/18/2005,1195.980000
01/19/2005,1184.630000
01/20/2005,1175.410000
01/21/2005,1167.870000
01/24/2005,1163.750000
01/25/2005,1168.410000
01/26/2005,1174.070000
01/27/2005,1174.550000
01/28/2005,1171.360000
01/31/2005,1181.270000
02/01/2005,1189.410000
02/02/2005,1193.190000
02/03/2005,1189.890000
02/04/2005,1203.030000
02/07/2005,1201.720000
02/08/2005,1202.300000
02/09/2005,1191.990000
02/10/2005,1197.010000
02/11/2005,1205.300000
02/14/2005,1206.140000
02/15/2005,1210.120000
02/16/2005,1210.340000
02/17/2005,1200.750000
02/18/2005,1201.590000
02/22/2005,1184.160000
02/23/2005,1190.800000
02/24/2005,1200.200000
02/25/2005,1211.370000
02/28/2005,1203.600000
03/01/2005,1210.410000
03/02/2005,1210.080000
03/03/2005,1210.470000
03/04/2005,1222.120000
03/07/2005,1225.310000
03/08/2005,1219.430000
03/09/2005,1207.010000
03/10/2005,1209.250000
03/11/2005,1200.080000
03/14/2005,1206.830000
03/15/2005,1197.750000
03/16/2005,1188.070000
03/17/2005,1190.210000
03/18/2005,1189.650000
03/21/2005,1183.780000
03/22/2005,1171.710000
03/23/2005,1172.530000
03/24/2005,1171.420000
03/28/2005,1174.280000
03/29/2005,1165.360000
03/30/2005,1181.410000
03/31/2005,1180.590000
04/01/2005,1172.920000
04/04/2005,1176.120000
04/05/2005,1181.390000
04/06/2005,1184.070000
04/07/2005,1191.140000
04/08/2005,1181.200000
04/11/2005,1181.210000
04/12/2005,1187.760000
04/13/2005,1173.790000
04/14/2005,1162.050000
04/15/2005,1142.620000
04/18/2005,1145.980000
04/19/2005,1152.780000
04/20/2005,1137.500000
04/21/2005,1159.950000
04/22/2005,1152.120000
04/25/2005,1162.100000
04/26/2005,1151.740000
04/27/2005,1156.380000
04/28/2005,1143.220000
04/29/2005,1156.850000
05/02/2005,1162.160000
05/03/2005,1161.170000
05/04/2005,1175.650000
05/05/2005,1172.630000
05/06/2005,1171.350000
05/09/2005,1178.840000
05/10/2005,1166.220000
05/11/2005,1171.110000
05/12/2005,1159.360000
05/13/2005,1154.050000
05/16/2005,1165.690000
05/17/2005,1173.800000
05/18/2005,1185.560000
05/19/2005,1191.080000
05/20/2005,1189.280000
05/23/2005,1193.860000
05/24/2005,1194.070000
05/25/2005,1190.010000
05/26/2005,1197.620000
05/27/2005,1198.780000
05/31/2005,1191.500000
06/01/2005,1202.270000
06/02/2005,1204.290000
06/03/2005,1196.020000
06/06/2005,1197.510000
06/07/2005,1197.260000
06/08/2005,1194.670000
06/09/2005,1200.930000
06/10/2005,1198.110000
06/13/2005,1200.820000
06/14/2005,1203.910000
06/15/2005,1206.580000
06/16/2005,1210.960000
06/17/2005,1216.960000
06/20/2005,1216.100000
06/21/2005,1213.610000
06/22/2005,1213.880000
06/23/2005,1200.730000
06/24/2005,1191.570000
06/27/2005,1190.690000
06/28/2005,1201.570000
06/29/2005,1199.850000
06/30/2005,1191.330000
07/01/2005,1194.440000
07/05/2005,1204.990000
07/06/2005,1194.940000
07/07/2005,1197.870000
07/08/2005,1211.860000
07/11/2005,1219.440000
07/12/2005,1222.210000
07/13/2005,1223.290000
07/14/2005,1226.500000
07/15/2005,1227.920000
07/18/2005,1221.130000
07/19/2005,1229.350000
07/20/2005,1235.200000
07/21/2005,1227.040000
07/22/2005,1233.680000
07/25/2005,1229.030000
07/26/2005,1231.160000
07/27/2005,1236.790000
07/28/2005,1243.720000
07/29/2005,1234.180000
08/01/2005,1235.350000
08/02/2005,1244.120000
08/03/2005,1245.040000
08/04/2005,1235.860000
08/05/2005,1226.420000
08/08/2005,1223.130000
08/09/2005,1231.380000
08/10/2005,1229.130000
08/11/2005,1237.810000
08/12/2005,1230.390000
08/15/2005,1233.870000
08/16/2005,1219.340000
08/17/2005,1220.240000
08/18/2005,1219.020000
08/19/2005,1219.710000
08/22/2005,1221.730000
08/23/2005,1217.590000
08/24/2005,1209.590000
08/25/2005,1212.390000
08/26/2005,1205.100000
08/29/2005,1212.280000
08/30/2005,1208.410000
08/31/2005,1220.330000
09/01/2005,1221.590000
09/02/2005,1218.020000
09/06/2005,1233.390000
09/07/2005,1236.360000
09/08/2005,1231.670000
09/09/2005,1241.480000
09/12/2005,1240.560000
09/13/2005,1231.200000
09/14/2005,1227.160000
09/15/2005,1227.730000
09/16/2005,1237.910000
09/19/2005,1231.020000
09/20/2005,1221.340000
09/21/2005,1210.200000
09/22/2005,1214.620000
09/23/2005,1215.290000
09/26/2005,1215.630000
09/27/2005,1215.660000
09/28/2005,1216.890000
09/29/2005,1227.680000
09/30/2005,1228.810000
10/03/2005,1226.700000
10/04/2005,1214.470000
10/05/2005,1196.390000
10/06/2005,1191.490000
10/07/2005,1195.900000
10/10/2005,1187.330000
10/11/2005,1184.870000
10/12/2005,1177.680000
10/13/2005,1176.840000
10/14/2005,1186.570000
10/17/2005,1190.100000
10/18/2005,1178.140000
10/19/2005,1195.760000
10/20/2005,1177.800000
10/21/2005,1179.590000
10/24/2005,1199.380000
10/25/2005,1196.540000
10/26/2005,1191.380000
10/27/2005,1178.900000
10/28/2005,1198.410000
10/31/2005,1207.010000
11/01/2005,1202.760000
11/02/2005,1214.760000
11/03/2005,1219.940000
11/04/2005,1220.140000
11/07/2005,1222.810000
11/08/2005,1218.590000
11/09/2005,1220.650000
11/10/2005,1230.960000
11/11/2005,1234.720000
11/14/2005,1233.710000
11/15/2005,1229.010000
11/16/2005,1231.210000
11/17/2005,1242.800000
11/18/2005,1248.270000
11/21/2005,1254.850000
11/22/2005,1261.230000
11/23/2005,1265.610000
11/25/2005,1268.250000
11/28/2005,1257.460000
11/29/2005,1257.480000
11/30/2005,1249.480000
12/01/2005,1264.670000
12/02/2005,1265.080000
12/05/2005,1262.090000
12/06/2005,1263.700000
12/07/2005,1257.370000
12/08/2005,1255.840000
12/09/2005,1259.370000
12/12/2005,1260.430000
12/13/2005,1267.430000
12/14/2005,1272.740000
12/15/2005,1270.940000
12/16/2005,1267.320000
12/19/2005,1259.920000
12/20/2005,1259.620000
12/21/2005,1262.790000
12/22/2005,1268.120000
12/23/2005,1268.660000
12/27/2005,1256.540000
12/28/2005,1258.170000
12/29/2005,1254.420000
12/30/2005,1248.290000
01/03/2006,1268.800000
01/04/2006,1273.460000
01/05/2006,1273.480000
01/06/2006,1285.450000
01/09/2006,1290.150000
01/10/2006,1289.690000
01/11/2006,1294.180000
01/12/2006,1286.060000
01/13/2006,1287.610000
01/17/2006,1282.930000
01/18/2006,1277.930000
01/19/2006,1285.040000
01/20/2006,1261.490000
01/23/2006,1263.820000
01/24/2006,1266.860000
01/25/2006,1264.680000
01/26/2006,1273.830000
01/27/2006,1283.720000
01/30/2006,1285.200000
01/31/2006,1280.080000
02/01/2006,1282.460000
02/02/2006,1270.840000
02/03/2006,1264.030000
02/06/2006,1265.020000
02/07/2006,1254.780000
02/08/2006,1265.650000
02/09/2006,1263.780000
02/10/2006,1266.990000
02/13/2006,1262.860000
02/14/2006,1275.530000
02/15/2006,1280.000000
02/16/2006,1289.380000
02/17/2006,1287.240000
02/21/2006,1283.040000
02/22/2006,1292.670000
02/23/2006,1287.790000
02/24/2006,1289.430000
02/27/2006,1294.120000
02/28/2006,1280.660000
03/01/2006,1291.240000
03/02/2006,1289.140000
03/03/2006,1287.230000
03/06/2006,1278.260000
03/07/2006,1275.880000
03/08/2006,1278.470000
03/09/2006,1272.230000
03/10/2006,1281.580000
03/13/2006,1284.130000
03/14/2006,1297.480000
03/15/2006,1303.020000
03/16/2006,1305.330000
03/17/2006,1307.250000
03/20/2006,1305.080000
03/21/2006,1297.230000
03/22/2006,1305.040000
03/23/2006,1301.670000
03/24/2006,1302.950000
03/27/2006,1301.610000
03/28/2006,1293.230000
03/29/2006,1302.890000
03/30/2006,1300.250000
03/31/2006,1294.830000
04/03/2006,1297.810000
04/04/2006,1305.930000
04/05/2006,1311.560000
04/06/2006,1309.040000
04/07/2006,1295.500000
04/10/2006,1296.620000
04/11/2006,1286.570000
04/12/2006,1288.120000
04/13/2006,1289.120000
04/17/2006,1285.330000
04/18/2006,1307.650000
04/19/2006,1309.930000
04/20/2006,1311.460000
04/21/2006,1311.280000
04/24/2006,1308.110000
04/25/2006,1301.740000
04/26/2006,1305.410000
04/27/2006,1309.720000
04/28/2006,1310.610000
05/01/2006,1305.190000
05/02/2006,1313.210000
05/03/2006,1307.850000
05/04/2006,1312.250000
05/05/2006,1325.760000
05/08/2006,1324.660000
05/09/2006,1325.140000
05/10/2006,1322.850000
05/11/2006,1305.920000
05/12/2006,1291.240000
05/15/2006,1294.500000
05/16/2006,1292.080000
05/17/2006,1270.320000
05/18/2006,1261.810000
05/19/2006,1267.030000
05/22/2006,1262.070000
05/23/2006,1256.580000
05/24/2006,1258.570000
05/25/2006,1272.880000
05/26/2006,1280.160000
05/30/2006,1259.840000
05/31/2006,1270.090000
06/01/2006,1285.710000
06/02/2006,1288.220000
06/05/2006,1265.290000
06/06/2006,1263.850000
06/07/2006,1256.150000
06/08/2006,1257.930000
06/09/2006,1252.300000
06/12/2006,1236.400000
06/13/2006,1223.690000
06/14/2006,1230.040000
06/15/2006,1256.160000
06/16/2006,1251.540000
06/19/2006,1240.140000
06/20/2006,1240.120000
06/21/2006,1252.200000
06/22/2006,1245.600000
06/23/2006,1244.500000
06/26/2006,1250.560000
06/27/2006,1239.200000
06/28/2006,1246.000000
06/29/2006,1272.870000
06/30/2006,1270.200000
07/03/2006,1280.190000
07/05/2006,1270.910000
07/06/2006,1274.080000
07/07/2006,1265.480000
07/10/2006,1267.340000
07/11/2006,1272.520000
07/12/2006,1258.600000
07/13/2006,1242.290000
07/14/2006,1236.200000
07/17/2006,1234.490000
07/18/2006,1236.860000
07/19/2006,1259.810000
07/20/2006,1249.130000
07/21/2006,1240.290000
07/24/2006,1260.910000
07/25/2006,1268.880000
07/26/2006,1268.400000
07/27/2006,1263.200000
07/28/2006,1278.550000
07/31/2006,1276.660000
08/01/2006,1270.920000
08/02/2006,1278.550000
08/03/2006,1280.270000
08/04/2006,1279.360000
08/07/2006,1275.770000
08/08/2006,1271.480000
08/09/2006,1265.950000
08/10/2006,1271.810000
08/11/2006,1266.740000
08/14/2006,1268.210000
08/15/2006,1285.580000
08/16/2006,1295.430000
08/17/2006,1297.480000
08/18/2006,1302.300000
08/21/2006,1297.520000
08/22/2006,1298.820000
08/23/2006,1292.990000
08/24/2006,1296.060000
08/25/2006,1295.090000
08/28/2006,1301.780000
08/29/2006,1304.280000
08/30/2006,1304.270000
08/31/2006,1303.820000
09/01/2006,1311.010000
09/05/2006,1313.250000
09/06/2006,1300.260000
09/07/2006,1294.020000
09/08/2006,1298.920000
09/11/2006,1299.540000
09/12/2006,1313.110000
09/13/2006,1318.070000
09/14/2006,1316.280000
09/15/2006,1319.870000
09/18/2006,1321.180000
09/19/2006,1318.310000
09/20/2006,1325.180000
09/21/2006,1318.030000
09/22/2006,1314.780000
09/25/2006,1326.370000
09/26/2006,1336.340000
09/27/2006,1336.590000
09/28/2006,1339.150000
09/29/2006,1335.850000
10/02/2006,1331.320000
10/03/2006,1334.110000
10/04/2006,1350.220000
10/05/2006,1353.220000
10/06/2006,1349.580000
10/09/2006,1350.660000
10/10/2006,1353.420000
10/11/2006,1349.950000
10/12/2006,1362.830000
10/13/2006,1365.620000
10/16/2006,1369.050000
10/17/2006,1364.050000
10/18/2006,1365.960000
10/19/2006,1366.960000
10/20/2006,1368.600000
10/23/2006,1377.020000
10/24/2006,1377.380000
10/25/2006,1382.220000
10/26/2006,1389.080000
10/27/2006,1377.340000
10/30/2006,1377.930000
10/31/2006,1377.940000
11/01/2006,1367.810000
11/02/2006,1367.340000
11/03/2006,1364.300000
11/06/2006,1379.780000
11/07/2006,1382.840000
11/08/2006,1385.720000
11/09/2006,1378.330000
11/10/2006,1380.900000
11/13/2006,1384.420000
11/14/2006,1393.220000
11/15/2006,1396.570000
11/16/2006,1399.760000
11/17/2006,1401.200000
11/20/2006,1400.500000
11/21/2006,1402.810000
11/22/2006,1406.090000
11/24/2006,1400.950000
11/27/2006,1381.900000
11/28/2006,1386.720000
11/29/2006,1399.480000
11/30/2006,1400.630000
12/01/2006,1396.710000
12/04/2006,1409.120000
12/05/2006,1414.760000
12/06/2006,1412.900000
12/07/2006,1407.290000
12/08/2006,1409.840000
12/11/2006,1413.040000
12/12/2006,1411.560000
12/13/2006,1413.210000
12/14/2006,1425.490000
12/15/2006,1427.090000
12/18/2006,1422.480000
12/19/2006,1425.550000
12/20/2006,1423.530000
12/21/2006,1418.300000
12/22/2006,1410.760000
12/26/2006,1416.900000
12/27/2006,1426.840000
12/28/2006,1424.730000
12/29/2006,1418.300000
01/03/2007,1416.630000
01/04/2007,1418.340000
01/05/2007,1409.710000
01/08/2007,1412.840000
01/09/2007,1412.110000
01/10/2007,1414.850000
01/11/2007,1423.820000
01/12/2007,1430.730000
01/16/2007,1431.900000
01/17/2007,1430.620000
01/18/2007,1426.370000
01/19/2007,1430.500000
01/22/2007,1422.950000
01/23/2007,1427.990000
01/24/2007,1440.130000
01/25/2007,1423.900000
01/26/2007,1422.180000
01/29/2007,1420.620000
01/30/2007,1428.820000
01/31/2007,1438.240000
02/01/2007,1445.940000
02/02/2007,1448.390000
02/05/2007,1446.990000
02/06/2007,1448.000000
02/07/2007,1450.020000
02/08/2007,1448.310000
02/09/2007,1438.060000
02/12/2007,1433.370000
02/13/2007,1444.260000
02/14/2007,1455.300000
02/15/2007,1456.810000
02/16/2007,1455.540000
02/20/2007,1459.680000
02/21/2007,1457.630000
02/22/2007,1456.380000
02/23/2007,1451.190000
02/26/2007,1449.370000
02/27/2007,1399.040000
02/28/2007,1406.820000
03/01/2007,1403.170000
03/02/2007,1387.170000
03/05/2007,1374.120000
03/06/2007,1395.410000
03/07/2007,1391.970000
03/08/2007,1401.890000
03/09/2007,1402.850000
03/12/2007,1406.600000
03/13/2007,1377.950000
03/14/2007,1387.170000
03/15/2007,1392.280000
03/16/2007,1386.950000
03/19/2007,1402.060000
03/20/2007,1410.940000
03/21/2007,1435.040000
03/22/2007,1434.540000
03/23/2007,1436.110000
03/26/2007,1437.500000
03/27/2007,1428.610000
03/28/2007,1417.230000
03/29/2007,1422.530000
03/30/2007,1420.860000
04/02/2007,1424.550000
04/03/2007,1437.770000
04/04/2007,1439.370000
04/05/2007,1443.760000
04/09/2007,1444.610000
04/10/2007,1448.390000
04/11/2007,1438.870000
04/12/2007,1447.800000
04/13/2007,1452.850000
04/16/2007,1468.470000
04/17/2007,1471.480000
04/18/2007,1472.500000
04/19/2007,1470.730000
04/20/2007,1484.350000
04/23/2007,1480.930000
04/24/2007,1480.410000
04/25/2007,1495.420000
04/26/2007,1494.250000
04/27/2007,1494.070000
04/30/2007,1482.370000
05/01/2007,1486.300000
05/02/2007,1495.920000
05/03/2007,1502.390000
05/04/2007,1505.620000
05/07/2007,1509.480000
05/08/2007,1507.720000
05/09/2007,1512.580000
05/10/2007,1491.470000
05/11/2007,1505.850000
05/14/2007,1503.150000
05/15/2007,1501.190000
05/16/2007,1514.140000
05/17/2007,1512.750000
05/18/2007,1522.750000
05/21/2007,1525.100000
05/22/2007,1524.120000
05/23/2007,1522.280000
05/24/2007,1507.510000
05/25/2007,1515.730000
05/29/2007,1518.110000
05/30/2007,1530.230000
05/31/2007,1530.620000
06/01/2007,1536.340000
06/04/2007,1539.180000
06/05/2007,1530.950000
06/06/2007,1517.380000
06/07/2007,1490.720000
06/08/2007,1507.670000
06/11/2007,1509.120000
06/12/2007,1493.000000
06/13/2007,1515.670000
06/14/2007,1522.970000
06/15/2007,1532.910000
06/18/2007,1531.050000
06/19/2007,1533.700000
06/20/2007,1512.840000
06/21/2007,1522.190000
06/22/2007,1502.560000
06/25/2007,1497.740000
06/26/2007,1492.890000
06/27/2007,1506.340000
06/28/2007,1505.710000
06/29/2007,1503.350000
07/02/2007,1519.430000
07/03/2007,1524.870000
07/05/2007,1525.400000
07/06/2007,1530.440000
07/09/2007,1531.850000
07/10/2007,1510.120000
07/11/2007,1518.760000
07/12/2007,1547.700000
07/13/2007,1552.500000
07/16/2007,1549.520000
07/17/2007,1549.370000
07/18/2007,1546.170000
07/19/2007,1553.080000
07/20/2007,1534.100000
07/23/2007,1541.570000
07/24/2007,1511.040000
07/25/2007,1518.090000
07/26/2007,1482.660000
07/27/2007,1458.950000
07/30/2007,1473.910000
07/31/2007,1455.270000
08/01/2007,1465.810000
08/02/2007,1472.200000
08/03/2007,1433.060000
08/06/2007,1467.670000
08/07/2007,1476.710000
08/08/2007,1497.490000
08/09/2007,1453.090000
08/10/2007,1453.640000
08/13/2007,1452.920000
08/14/2007,1426.540000
08/15/2007,1406.700000
08/16/2007,1411.270000
08/17/2007,1445.940000
08/20/2007,1445.550000
08/21/2007,1447.120000
08/22/2007,1464.070000
08/23/2007,1462.500000
08/24/2007,1479.370000
08/27/2007,1466.790000
08/28/2007,1432.360000
08/29/2007,1463.760000
08/30/2007,1457.640000
08/31/2007,1473.990000
09/04/2007,1489.420000
09/05/2007,1472.290000
09/06/2007,1478.550000
09/07/2007,1453.550000
09/10/2007,1451.700000
09/11/2007,1471.490000
09/12/2007,1471.560000
09/13/2007,1483.950000
09/14/2007,1484.250000
09/17/2007,1476.650000
09/18/2007,1519.780000
09/19/2007,1529.030000
09/20/2007,1518.750000
09/21/2007,1525.750000
09/24/2007,1517.730000
09/25/2007,1517.210000
09/26/2007,1525.420000
09/27/2007,1531.380000
09/28/2007,1526.750000
10/01/2007,1547.040000
10/02/2007,1546.630000
10/03/2007,1539.590000
10/04/2007,1542.840000
10/05/2007,1557.590000
10/08/2007,1552.580000
10/09/2007,1565.150000
10/10/2007,1562.470000
10/11/2007,1554.410000
10/12/2007,1561.800000
10/15/2007,1548.710000
10/16/2007,1538.530000
10/17/2007,1541.240000
10/18/2007,1540.080000
10/19/2007,1500.630000
10/22/2007,1506.330000
10/23/2007,1519.590000
10/24/2007,1515.880000
10/25/2007,1514.400000
10/26/2007,1535.280000
10/29/2007,1540.980000
10/30/2007,1531.020000
10/31/2007,1549.380000
11/01/2007,1508.440000
11/02/2007,1509.650000
11/05/2007,1502.170000
11/06/2007,1520.270000
11/07/2007,1475.620000
11/08/2007,1474.770000
11/09/2007,1453.700000
11/12/2007,1439.180000
11/13/2007,1481.050000
11/14/2007,1470.580000
11/15/2007,1451.150000
11/16/2007,1458.740000
11/19/2007,1433.270000
11/20/2007,1439.700000
11/21/2007,1416.770000
11/23/2007,1440.700000
11/26/2007,1407.220000
11/27/2007,1428.230000
11/28/2007,1469.020000
11/29/2007,1469.720000
11/30/2007,1481.140000
12/03/2007,1472.420000
12/04/2007,1462.790000
12/05/2007,1485.010000
12/06/2007,1507.340000
12/07/2007,1504.660000
12/10/2007,1515.960000
12/11/2007,1477.650000
12/12/2007,1486.590000
12/13/2007,1488.410000
12/14/2007,1467.950000
12/17/2007,1445.900000
12/18/2007,1454.980000
12/19/2007,1453.000000
12/20/2007,1460.120000
12/21/2007,1484.460000
12/24/2007,1496.450000
12/26/2007,1497.660000
12/27/2007,1476.270000
12/28/2007,1478.490000
12/31/2007,1468.360000
01/02/2008,1447.160000
01/03/2008,1447.160000
01/04/2008,1411.630000
01/07/2008,1416.180000
01/08/2008,1390.190000
01/09/2008,1409.130000
01/10/2008,1420.330000
01/11/2008,1401.020000
01/14/2008,1416.250000
01/15/2008,1380.950000
01/16/2008,1373.200000
01/17/2008,1333.250000
01/18/2008,1325.190000
01/22/2008,1310.500000
01/23/2008,1338.600000
01/24/2008,1352.070000
01/25/2008,1330.610000
01/28/2008,1353.960000
01/29/2008,1362.300000
01/30/2008,1355.810000
01/31/2008,1378.550000
02/01/2008,1395.420000
02/04/2008,1380.820000
02/05/2008,1336.640000
02/06/2008,1326.450000
02/07/2008,1336.910000
02/08/2008,1331.290000
02/11/2008,1339.130000
02/12/2008,1348.860000
02/13/2008,1367.210000
02/14/2008,1348.860000
02/15/2008,1349.990000
02/19/2008,1348.780000
02/20/2008,1360.030000
02/21/2008,1342.530000
02/22/2008,1353.110000
02/25/2008,1371.800000
02/26/2008,1381.290000
02/27/2008,1380.020000
02/28/2008,1367.680000
02/29/2008,1330.630000
03/03/2008,1331.340000
03/04/2008,1326.750000
03/05/2008,1333.700000
03/06/2008,1304.340000
03/07/2008,1293.370000
03/10/2008,1273.370000
03/11/2008,1320.650000
03/12/2008,1308.770000
03/13/2008,1315.480000
03/14/2008,1288.140000
03/17/2008,1276.600000
03/18/2008,1330.740000
03/19/2008,1298.420000
03/20/2008,1329.510000
03/24/2008,1349.880000
03/25/2008,1352.990000
03/26/2008,1341.130000
03/27/2008,1325.760000
03/28/2008,1315.220000
03/31/2008,1322.700000
04/01/2008,1370.180000
04/02/2008,1367.530000
04/03/2008,1369.310000
04/04/2008,1370.400000
04/07/2008,1372.540000
04/08/2008,1365.540000
04/09/2008,1354.490000
04/10/2008,1360.550000
04/11/2008,1332.830000
04/14/2008,1328.320000
04/15/2008,1334.430000
04/16/2008,1364.710000
04/17/2008,1365.560000
04/18/2008,1390.330000
04/21/2008,1388.170000
04/22/2008,1375.940000
04/23/2008,1379.930000
04/24/2008,1388.820000
04/25/2008,1397.840000
04/28/2008,1396.370000
04/29/2008,1390.940000
04/30/2008,1385.590000
05/01/2008,1409.340000
05/02/2008,1413.900000
05/05/2008,1407.490000
05/06/2008,1418.260000
05/07/2008,1392.570000
05/08/2008,1397.680000
05/09/2008,1388.280000
05/12/2008,1403.580000
05/13/2008,1403.040000
05/14/2008,1408.660000
05/15/2008,1423.570000
05/16/2008,1425.350000
05/19/2008,1426.630000
05/20/2008,1413.400000
05/21/2008,1390.710000
05/22/2008,1394.350000
05/23/2008,1375.930000
05/27/2008,1385.350000
05/28/2008,1390.840000
05/29/2008,1398.260000
05/30/2008,1400.380000
06/02/2008,1385.670000
06/03/2008,1377.650000
06/04/2008,1377.200000
06/05/2008,1404.050000
06/06/2008,1360.680000
06/09/2008,1361.760000
06/10/2008,1358.440000
06/11/2008,1335.490000
06/12/2008,1339.870000
06/13/2008,1360.030000
06/16/2008,1360.140000
06/17/2008,1350.930000
06/18/2008,1337.810000
06/19/2008,1342.830000
06/20/2008,1317.930000
06/23/2008,1318.000000
06/24/2008,1314.290000
06/25/2008,1321.970000
06/26/2008,1283.150000
06/27/2008,1278.380000
06/30/2008,1280.000000
07/01/2008,1284.910000
07/02/2008,1261.520000
07/03/2008,1262.900000
07/07/2008,1252.310000
07/08/2008,1273.700000
07/09/2008,1244.690000
07/10/2008,1253.390000
07/11/2008,1239.490000
07/14/2008,1228.300000
07/15/2008,1214.910000
07/16/2008,1245.360000
07/17/2008,1260.320000
07/18/2008,1260.680000
07/21/2008,1260.000000
07/22/2008,1277.000000
07/23/2008,1282.190000
07/24/2008,1252.540000
07/25/2008,1257.760000
07/28/2008,1234.370000
07/29/2008,1263.200000
07/30/2008,1284.260000
07/31/2008,1267.380000
08/01/2008,1260.310000
08/04/2008,1249.010000
08/05/2008,1284.880000
08/06/2008,1289.190000
08/07/2008,1266.070000
08/08/2008,1296.320000
08/11/2008,1305.320000
08/12/2008,1289.590000
08/13/2008,1285.830000
08/14/2008,1292.930000
08/15/2008,1298.200000
08/18/2008,1278.600000
08/19/2008,1266.690000
08/20/2008,1274.540000
08/21/2008,1277.720000
08/22/2008,1292.200000
08/25/2008,1266.840000
08/26/2008,1271.510000
08/27/2008,1281.660000
08/28/2008,1300.680000
08/29/2008,1282.830000
09/02/2008,1277.580000
09/03/2008,1274.980000
09/04/2008,1236.830000
09/05/2008,1242.310000
09/08/2008,1267.790000
09/09/2008,1224.510000
09/10/2008,1232.040000
09/11/2008,1249.050000
09/12/2008,1251.700000
09/15/2008,1192.700000
09/16/2008,1213.600000
09/17/2008,1156.390000
09/18/2008,1206.510000
09/19/2008,1255.080000
09/22/2008,1207.090000
09/23/2008,1188.220000
09/24/2008,1185.870000
09/25/2008,1209.180000
09/26/2008,1213.270000
09/29/2008,1106.390000
09/30/2008,1166.360000
10/01/2008,1161.060000
10/02/2008,1114.280000
10/03/2008,1099.230000
10/06/2008,1056.890000
10/07/2008,996.230000
10/08/2008,984.940000
10/09/2008,909.920000
10/10/2008,899.220000
10/13/2008,1003.350000
10/14/2008,998.010000
10/15/2008,907.840000
10/16/2008,946.430000
10/17/2008,940.550000
10/20/2008,985.400000
10/21/2008,955.050000
10/22/2008,896.780000
10/23/2008,908.110000
10/24/2008,876.770000
10/27/2008,848.920000
10/28/2008,940.510000
10/29/2008,930.090000
10/30/2008,954.090000
10/31/2008,968.750000
11/03/2008,966.300000
11/04/2008,1005.750000
11/05/2008,952.770000
11/06/2008,904.880000
11/07/2008,930.990000
11/10/2008,919.210000
11/11/2008,898.950000
11/12/2008,852.300000
11/13/2008,911.290000
11/14/2008,873.290000
11/17/2008,850.750000
11/18/2008,859.120000
11/19/2008,806.580000
11/20/2008,752.440000
11/21/2008,800.030000
11/24/2008,851.810000
11/25/2008,857.390000
11/26/2008,887.680000
11/28/2008,896.240000
12/01/2008,816.210000
12/02/2008,848.810000
12/03/2008,870.740000
12/04/2008,845.220000
12/05/2008,876.070000
12/08/2008,909.700000
12/09/2008,888.670000
12/10/2008,899.240000
12/11/2008,873.590000
12/12/2008,879.730000
12/15/2008,868.570000
12/16/2008,913.180000
12/17/2008,904.420000
12/18/2008,885.280000
12/19/2008,887.880000
12/22/2008,871.630000
12/23/2008,863.160000
12/24/2008,868.150000
12/26/2008,872.800000
12/29/2008,869.420000
12/30/2008,890.640000
12/31/2008,903.250000
01/02/2009,931.800000
01/05/2009,927.450000
01/06/2009,934.700000
01/07/2009,906.650000
01/08/2009,909.730000
01/09/2009,890.350000
01/12/2009,870.260000
01/13/2009,871.790000
01/14/2009,842.620000
01/15/2009,843.740000
01/16/2009,850.120000
01/20/2009,805.220000
01/21/2009,840.240000
01/22/2009,827.500000
01/23/2009,831.950000
01/26/2009,836.570000
01/27/2009,845.710000
01/28/2009,874.090000
01/29/2009,845.140000
01/30/2009,825.880000
02/02/2009,825.440000
02/03/2009,838.510000
02/04/2009,832.230000
02/05/2009,845.850000
02/06/2009,868.600000
02/09/2009,869.890000
02/10/2009,827.160000
02/11/2009,833.740000
02/12/2009,835.190000
02/13/2009,826.840000
02/17/2009,789.170000
02/18/2009,788.420000
02/19/2009,778.940000
02/20/2009,770.050000
02/23/2009,743.330000
02/24/2009,773.140000
02/25/2009,764.900000
02/26/2009,752.830000
02/27/2009,735.090000
03/02/2009,700.820000
03/03/2009,696.330000
03/04/2009,712.870000
03/05/2009,682.550000
03/06/2009,683.380000
03/09/2009,676.530000
03/10/2009,719.600000
03/11/2009,721.360000
03/12/2009,750.740000
03/13/2009,756.550000
03/16/2009,753.890000
03/17/2009,778.120000
03/18/2009,794.350000
03/19/2009,784.040000
03/20/2009,768.540000
03/23/2009,822.920000
03/24/2009,806.250000
03/25/2009,813.880000
03/26/2009,832.860000
03/27/2009,815.940000
03/30/2009,787.530000
03/31/2009,797.870000
04/01/2009,811.080000
04/02/2009,834.380000
04/03/2009,842.500000
04/06/2009,835.480000
04/07/2009,815.550000
04/08/2009,825.160000
04/09/2009,856.560000
04/13/2009,858.730000
04/14/2009,841.500000
04/15/2009,852.060000
04/16/2009,865.300000
04/17/2009,869.600000
04/20/2009,832.390000
04/21/2009,850.080000
04/22/2009,843.550000
04/23/2009,851.920000
04/24/2009,866.230000
04/27/2009,857.510000
04/28/2009,855.160000
04/29/2009,873.640000
04/30/2009,872.810000
05/01/2009,877.520000
05/04/2009,907.240000
05/05/2009,903.800000
05/06/2009,919.530000
05/07/2009,907.390000
05/08/2009,929.230000
05/11/2009,909.240000
05/12/2009,908.350000
05/13/2009,883.920000
05/14/2009,893.070000
05/15/2009,882.880000
05/18/2009,909.710000
05/19/2009,908.130000
05/20/2009,903.470000
05/21/2009,888.330000
05/22/2009,887.000000
05/26/2009,910.330000
05/27/2009,893.060000
05/28/2009,906.830000
05/29/2009,919.140000
06/01/2009,942.870000
06/02/2009,944.740000
06/03/2009,931.760000
06/04/2009,942.460000
06/05/2009,940.090000
06/08/2009,939.140000
06/09/2009,942.430000
06/10/2009,939.150000
06/11/2009,944.890000
06/12/2009,946.210000
06/15/2009,923.720000
06/16/2009,911.970000
06/17/2009,910.710000
06/18/2009,918.370000
06/19/2009,921.230000
06/22/2009,893.040000
06/23/2009,895.100000
06/24/2009,900.940000
06/25/2009,920.260000
06/26/2009,918.900000
06/29/2009,927.230000
06/30/2009,919.320000
07/01/2009,923.330000
07/02/2009,896.420000
07/06/2009,898.720000
07/07/2009,881.030000
07/08/2009,879.560000
07/09/2009,882.680000
07/10/2009,879.130000
07/13/2009,901.050000
07/14/2009,905.840000
07/15/2009,932.680000
07/16/2009,940.740000
07/17/2009,940.380000
07/20/2009,951.130000
07/21/2009,954.580000
07/22/2009,954.070000
07/23/2009,976.290000
07/24/2009,979.260000
07/27/2009,982.180000
07/28/2009,979.620000
07/29/2009,975.150000
07/30/2009,986.750000
07/31/2009,987.480000
08/03/2009,1002.630000
08/04/2009,1005.650000
08/05/2009,1002.720000
08/06/2009,997.080000
08/07/2009,1010.480000
08/10/2009,1007.100000
08/11/2009,994.350000
08/12/2009,1005.810000
08/13/2009,1012.730000
08/14/2009,1004.090000
08/17/2009,979.730000
08/18/2009,989.670000
08/19/2009,996.460000
08/20/2009,1007.370000
08/21/2009,1026.130000
08/24/2009,1025.570000
08/25/2009,1028.000000
08/26/2009,1028.120000
08/27/2009,1030.980000
08/28/2009,1028.930000
08/31/2009,1020.620000
09/01/2009,998.040000
09/02/2009,994.750000
09/03/2009,1003.240000
09/04/2009,1016.400000
09/08/2009,1025.390000
09/09/2009,1033.370000
09/10/2009,1044.140000
09/11/2009,1042.730000
09/14/2009,1049.340000
09/15/2009,1052.630000
09/16/2009,1068.760000
09/17/2009,1065.490000
09/18/2009,1068.300000
09/21/2009,1064.660000
09/22/2009,1071.660000
09/23/2009,1060.870000
09/24/2009,1050.780000
09/25/2009,1044.380000
09/28/2009,1062.980000
09/29/2009,1060.610000
09/30/2009,1057.080000
10/01/2009,1029.850000
10/02/2009,1025.210000
10/05/2009,1040.460000
10/06/2009,1054.720000
10/07/2009,1057.580000
10/08/2009,1065.480000
10/09/2009,1071.490000
10/12/2009,1076.190000
10/13/2009,1073.190000
10/14/2009,1092.020000
10/15/2009,1096.560000
10/16/2009,1087.680000
10/19/2009,1097.910000
10/20/2009,1091.060000
10/21/2009,1081.400000
10/22/2009,1092.910000
10/23/2009,1079.600000
10/26/2009,1066.950000
10/27/2009,1063.410000
10/28/2009,1042.630000
10/29/2009,1066.110000
10/30/2009,1036.190000
11/02/2009,1042.880000
11/03/2009,1045.410000
11/04/2009,1046.500000
11/05/2009,1066.630000
11/06/2009,1069.300000
11/09/2009,1093.080000
11/10/2009,1093.010000
11/11/2009,1098.510000
11/12/2009,1087.240000
11/13/2009,1093.480000
11/16/2009,1109.300000
11/17/2009,1110.320000
11/18/2009,1109.800000
11/19/2009,1094.900000
11/20/2009,1091.380000
11/23/2009,1106.240000
11/24/2009,1105.650000
11/25/2009,1110.630000
11/27/2009,1091.490000
11/30/2009,1095.630000
12/01/2009,1108.860000
12/02/2009,1109.240000
12/03/2009,1099.920000
12/04/2009,1105.980000
12/07/2009,1103.250000
12/08/2009,1091.940000
12/09/2009,1095.950000
12/10/2009,1102.350000
12/11/2009,1106.410000
12/14/2009,1114.110000
12/15/2009,1107.930000
12/16/2009,1109.180000
12/17/2009,1096.080000
12/18/2009,1102.470000
12/21/2009,1114.050000
12/22/2009,1118.020000
12/23/2009,1120.590000
12/24/2009,1126.480000
12/28/2009,1127.780000
12/29/2009,1126.200000
12/30/2009,1126.420000
12/31/2009,1115.100000
01/04/2010,1132.990000
01/05/2010,1136.520000
01/06/2010,1137.140000
01/07/2010,1141.690000
01/08/2010,1144.980000
01/11/2010,1146.980000
01/12/2010,1136.220000
01/13/2010,1145.680000
01/14/2010,1148.460000
01/15/2010,1136.030000
01/19/2010,1150.230000
01/20/2010,1138.040000
01/21/2010,1116.480000
01/22/2010,1091.760000
01/25/2010,1096.780000
01/26/2010,1092.170000
01/27/2010,1097.500000
01/28/2010,1084.530000
01/29/2010,1073.870000
02/01/2010,1089.190000
02/02/2010,1103.320000
02/03/2010,1097.280000
02/04/2010,1063.110000
02/05/2010,1066.190000
02/08/2010,1056.740000
02/09/2010,1070.520000
02/10/2010,1068.130000
02/11/2010,1078.470000
02/12/2010,1075.510000
02/16/2010,1094.870000
02/17/2010,1099.510000
02/18/2010,1106.750000
02/19/2010,1109.170000
02/22/2010,1108.010000
02/23/2010,1094.600000
02/24/2010,1105.240000
02/25/2010,1102.940000
02/26/2010,1104.490000
03/01/2010,1115.710000
03/02/2010,1118.310000
03/03/2010,1118.790000
03/04/2010,1122.970000
03/05/2010,1138.700000
03/08/2010,1138.500000
03/09/2010,1140.450000
03/10/2010,1145.610000
03/11/2010,1150.240000
03/12/2010,1149.990000
03/15/2010,1150.510000
03/16/2010,1159.460000
03/17/2010,1166.210000
03/18/2010,1165.830000
03/19/2010,1159.900000
03/22/2010,1165.810000
03/23/2010,1174.170000
03/24/2010,1167.720000
03/25/2010,1165.730000
03/26/2010,1166.590000
03/29/2010,1173.220000
03/30/2010,1173.270000
03/31/2010,1169.430000
04/01/2010,1178.100000
04/05/2010,1187.440000
04/06/2010,1189.440000
04/07/2010,1182.450000
04/08/2010,1186.440000
04/09/2010,1194.370000
04/12/2010,1196.480000
04/13/2010,1197.300000
04/14/2010,1210.650000
04/15/2010,1211.670000
04/16/2010,1192.130000
04/19/2010,1197.520000
04/20/2010,1207.170000
04/21/2010,1205.940000
04/22/2010,1208.670000
04/23/2010,1217.280000
04/26/2010,1212.050000
04/27/2010,1183.710000
04/28/2010,1191.360000
04/29/2010,1206.780000
04/30/2010,1186.690000
05/03/2010,1202.260000
05/04/2010,1173.600000
05/05/2010,1165.900000
05/06/2010,1128.150000
05/07/2010,1110.880000
05/10/2010,1159.730000
05/11/2010,1155.790000
05/12/2010,1171.670000
05/13/2010,1157.440000
05/14/2010,1135.680000
05/17/2010,1136.940000
05/18/2010,1120.800000
05/19/2010,1115.050000
05/20/2010,1071.590000
05/21/2010,1087.690000
05/24/2010,1073.650000
05/25/2010,1074.030000
05/26/2010,1067.950000
05/27/2010,1103.060000
05/28/2010,1089.410000
06/01/2010,1070.710000
06/02/2010,1098.380000
06/03/2010,1102.830000
06/04/2010,1064.880000
06/07/2010,1050.470000
06/08/2010,1062.000000
06/09/2010,1055.690000
06/10/2010,1086.840000
06/11/2010,1091.600000
06/14/2010,1089.630000
06/15/2010,1115.230000
06/16/2010,1114.610000
06/17/2010,1116.040000
06/18/2010,1117.510000
06/21/2010,1113.200000
06/22/2010,1095.310000
06/23/2010,1092.040000
06/24/2010,1073.690000
06/25/2010,1076.760000
06/28/2010,1074.570000
06/29/2010,1041.240000
06/30/2010,1030.710000
07/01/2010,1027.370000
07/02/2010,1022.580000
07/06/2010,1028.060000
07/07/2010,1060.270000
07/08/2010,1070.250000
07/09/2010,1077.960000
07/12/2010,1078.750000
07/13/2010,1095.340000
07/14/2010,1095.170000
07/15/2010,1096.480000
07/16/2010,1064.880000
07/19/2010,1071.250000
07/20/2010,1083.480000
07/21/2010,1069.590000
07/22/2010,1093.670000
07/23/2010,1102.660000
07/26/2010,1115.010000
07/27/2010,1113.840000
07/28/2010,1106.130000
07/29/2010,1101.530000
07/30/2010,1101.600000
08/02/2010,1125.860000
08/03/2010,1120.460000
08/04/2010,1127.240000
08/05/2010,1125.810000
08/06/2010,1121.640000
08/09/2010,1127.790000
08/10/2010,1121.060000
08/11/2010,1089.470000
08/12/2010,1083.610000
08/13/2010,1079.250000
08/16/2010,1079.380000
08/17/2010,1092.540000
08/18/2010,1094.160000
08/19/2010,1075.630000
08/20/2010,1071.690000
08/23/2010,1067.360000
08/24/2010,1051.870000
08/25/2010,1055.330000
08/26/2010,1047.220000
08/27/2010,1064.590000
08/30/2010,1048.920000
08/31/2010,1049.330000
09/01/2010,1080.290000
09/02/2010,1090.100000
09/03/2010,1104.510000
09/07/2010,1091.840000
09/08/2010,1098.870000
09/09/2010,1104.180000
09/10/2010,1109.550000
09/13/2010,1121.900000
09/14/2010,1121.100000
09/15/2010,1125.070000
09/16/2010,1124.660000
09/17/2010,1125.590000
09/20/2010,1142.710000
09/21/2010,1139.780000
09/22/2010,1134.280000
09/23/2010,1124.830000
09/24/2010,1148.670000
09/27/2010,1142.160000
09/28/2010,1147.700000
09/29/2010,1144.730000
09/30/2010,1141.200000
10/01/2010,1146.240000
10/04/2010,1137.030000
10/05/2010,1160.750000
10/06/2010,1159.970000
10/07/2010,1158.060000
10/08/2010,1165.150000
10/11/2010,1165.320000
10/12/2010,1169.770000
10/13/2010,1178.100000
10/14/2010,1173.810000
10/15/2010,1176.190000
10/18/2010,1184.710000
10/19/2010,1165.900000
10/20/2010,1178.170000
10/21/2010,1180.260000
10/22/2010,1183.080000
10/25/2010,1185.620000
10/26/2010,1185.640000
10/27/2010,1182.450000
10/28/2010,1183.780000
10/29/2010,1183.260000
11/01/2010,1184.380000
11/02/2010,1193.570000
11/03/2010,1197.960000
11/04/2010,1221.060000
11/05/2010,1225.850000
11/08/2010,1223.250000
11/09/2010,1213.400000
11/10/2010,1218.710000
11/11/2010,1213.540000
11/12/2010,1199.210000
11/15/2010,1197.750000
11/16/2010,1178.340000
11/17/2010,1178.590000
11/18/2010,1196.690000
11/19/2010,1199.730000
11/22/2010,1197.840000
11/23/2010,1180.730000
11/24/2010,1198.350000
11/26/2010,1189.400000
11/29/2010,1187.760000
11/30/2010,1180.550000
12/01/2010,1206.070000
12/02/2010,1221.530000
12/03/2010,1224.710000
12/06/2010,1223.120000
12/07/2010,1223.750000
12/08/2010,1228.280000
12/09/2010,1233.000000
12/10/2010,1240.400000
12/13/2010,1240.460000
12/14/2010,1241.590000
12/15/2010,1235.230000
12/16/2010,1242.870000
12/17/2010,1243.910000
12/20/2010,1247.080000
12/21/2010,1254.600000
12/22/2010,1258.840000
12/23/2010,1256.770000
12/27/2010,1257.540000
12/28/2010,1258.510000
12/29/2010,1259.780000
12/30/2010,1257.880000
12/31/2010,1257.640000
01/03/2011,1271.890000
01/04/2011,1270.200000
01/05/2011,1276.560000
01/06/2011,1273.850000
01/07/2011,1271.500000
01/10/2011,1269.750000
01/11/2011,1274.480000
01/12/2011,1285.960000
01/13/2011,1283.760000
01/14/2011,1293.240000
01/18/2011,1295.020000
01/19/2011,1281.920000
01/20/2011,1280.260000
01/21/2011,1283.350000
01/24/2011,1290.840000
01/25/2011,1291.180000
01/26/2011,1296.630000
01/27/2011,1299.540000
01/28/2011,1276.340000
01/31/2011,1286.120000
02/01/2011,1307.590000
02/02/2011,1304.030000
02/03/2011,1307.100000
02/04/2011,1310.870000
02/07/2011,1319.050000
02/08/2011,1324.570000
02/09/2011,1320.880000
02/10/2011,1321.870000
02/11/2011,1329.150000
02/14/2011,1332.320000
02/15/2011,1328.010000
02/16/2011,1336.320000
02/17/2011,1340.430000
02/18/2011,1343.010000
02/22/2011,1315.440000
02/23/2011,1307.400000
02/24/2011,1306.100000
02/25/2011,1319.880000
02/28/2011,1327.220000
03/01/2011,1306.330000
03/02/2011,1308.440000
03/03/2011,1330.970000
03/04/2011,1321.150000
03/07/2011,1310.130000
03/08/2011,1321.820000
03/09/2011,1320.020000
03/10/2011,1295.110000
03/11/2011,1304.280000
03/14/2011,1296.390000
03/15/2011,1281.870000
03/16/2011,1256.880000
03/17/2011,1273.720000
03/18/2011,1279.200000
03/21/2011,1298.380000
03/22/2011,1293.770000
03/23/2011,1297.540000
03/24/2011,1309.660000
03/25/2011,1313.800000
03/28/2011,1310.190000
03/29/2011,1319.440000
03/30/2011,1328.260000
03/31/2011,1325.830000
04/01/2011,1332.410000
04/04/2011,1332.870000
04/05/2011,1332.630000
04/06/2011,1335.540000
04/07/2011,1333.510000
04/08/2011,1328.170000
04/11/2011,1324.460000
04/12/2011,1314.160000
04/13/2011,1314.410000
04/14/2011,1314.520000
04/15/2011,1319.680000
04/18/2011,1305.140000
04/19/2011,1312.620000
04/20/2011,1330.360000
04/21/2011,1337.380000
04/25/2011,1335.250000
04/26/2011,1347.240000
04/27/2011,1355.660000
04/28/2011,1360.480000
04/29/2011,1363.610000
05/02/2011,1361.220000
05/03/2011,1356.620000
05/04/2011,1347.320000
05/05/2011,1335.100000
05/06/2011,1340.200000
05/09/2011,1346.290000
05/10/2011,1357.160000
05/11/2011,1342.080000
05/12/2011,1348.650000
05/13/2011,1337.770000
05/16/2011,1329.470000
05/17/2011,1328.980000
05/18/2011,1340.680000
05/19/2011,1343.600000
05/20/2011,1333.270000
05/23/2011,1317.370000
05/24/2011,1316.280000
05/25/2011,1320.470000
05/26/2011,1325.690000
05/27/2011,1331.100000
05/31/2011,1345.200000
06/01/2011,1314.550000
06/02/2011,1312.940000
06/03/2011,1300.160000
06/06/2011,1286.170000
06/07/2011,1284.940000
06/08/2011,1279.560000
06/09/2011,1289.000000
06/10/2011,1270.980000
06/13/2011,1271.830000
06/14/2011,1287.870000
06/15/2011,1265.420000
06/16/2011,1267.640000
06/17/2011,1271.500000
06/20/2011,1278.360000
06/21/2011,1295.520000
06/22/2011,1287.140000
06/23/2011,1283.500000
06/24/2011,1268.450000
06/27/2011,1280.100000
06/28/2011,1296.670000
06/29/2011,1307.410000
06/30/2011,1320.640000
07/01/2011,1339.670000
07/05/2011,1337.880000
07/06/2011,1339.220000
07/07/2011,1353.220000
07/08/2011,1343.800000
07/11/2011,1319.490000
07/12/2011,1313.640000
07/13/2011,1317.720000
07/14/2011,1308.870000
07/15/2011,1316.140000
07/18/2011,1305.440000
07/19/2011,1326.730000
07/20/2011,1325.840000
07/21/2011,1343.800000
07/22/2011,1345.020000
07/25/2011,1337.430000
07/26/2011,1331.940000
07/27/2011,1304.890000
07/28/2011,1300.670000
07/29/2011,1292.280000
08/01/2011,1286.940000
08/02/2011,1254.050000
08/03/2011,1260.340000
08/04/2011,1200.070000
08/05/2011,1199.380000
08/08/2011,1119.460000
08/09/2011,1172.530000
08/10/2011,1120.760000
08/11/2011,1172.640000
08/12/2011,1178.810000
08/15/2011,1204.490000
08/16/2011,1192.760000
08/17/2011,1193.890000
08/18/2011,1140.650000
08/19/2011,1123.530000
08/22/2011,1123.820000
08/23/2011,1162.350000
08/24/2011,1177.600000
08/25/2011,1159.270000
08/26/2011,1176.800000
08/29/2011,1210.080000
08/30/2011,1212.920000
08/31/2011,1218.890000
09/01/2011,1204.420000
09/02/2011,1173.970000
09/06/2011,1165.240000
09/07/2011,1198.620000
09/08/2011,1185.900000
09/09/2011,1154.230000
09/12/2011,1162.270000
09/13/2011,1172.870000
09/14/2011,1188.680000
09/15/2011,1209.110000
09/16/2011,1216.010000
09/19/2011,1204.090000
09/20/2011,1202.090000
09/21/2011,1166.760000
09/22/2011,1129.560000
09/23/2011,1136.430000
09/26/2011,1162.950000
09/27/2011,1175.380000
09/28/2011,1151.060000
09/29/2011,1160.400000
09/30/2011,1131.420000
10/03/2011,1099.230000
10/04/2011,1123.950000
10/05/2011,1144.030000
10/06/2011,1164.970000
10/07/2011,1155.460000
10/10/2011,1194.890000
10/11/2011,1195.540000
10/12/2011,1207.250000
10/13/2011,1203.660000
10/14/2011,1224.580000
10/17/2011,1200.860000
10/18/2011,1225.380000
10/19/2011,1209.880000
10/20/2011,1215.390000
10/21/2011,1238.250000
10/24/2011,1254.190000
10/25/2011,1229.050000
10/26/2011,1242.000000
10/27/2011,1284.590000
10/28/2011,1285.090000
10/31/2011,1253.300000
11/01/2011,1218.280000
11/02/2011,1237.900000
11/03/2011,1261.150000
11/04/2011,1253.230000
11/07/2011,1261.120000
11/08/2011,1275.920000
11/09/2011,1229.100000
11/10/2011,1239.700000
11/11/2011,1263.850000
11/14/2011,1251.780000
11/15/2011,1257.810000
11/16/2011,1236.910000
11/17/2011,1216.130000
11/18/2011,1215.650000
11/21/2011,1192.980000
11/22/2011,1188.040000
11/23/2011,1161.790000
11/25/2011,1158.670000
11/28/2011,1192.550000
11/29/2011,1195.190000
11/30/2011,1246.960000
12/01/2011,1244.580000
12/02/2011,1244.280000
12/05/2011,1257.080000
12/06/2011,1258.470000
12/07/2011,1261.010000
12/08/2011,1234.350000
12/09/2011,1255.190000
12/12/2011,1236.470000
12/13/2011,1225.730000
12/14/2011,1211.820000
12/15/2011,1215.750000
12/16/2011,1219.660000
12/19/2011,1205.350000
12/20/2011,1241.300000
12/21/2011,1243.720000
12/22/2011,1254.000000
12/23/2011,1265.330000
12/27/2011,1265.430000
12/28/2011,1249.640000
12/29/2011,1263.020000
12/30/2011,1257.600000
01/03/2012,1277.060000
01/04/2012,1277.300000
01/05/2012,1281.060000
01/06/2012,1277.810000
01/09/2012,1280.700000
01/10/2012,1292.080000
01/11/2012,1292.480000
01/12/2012,1295.500000
01/13/2012,1289.090000
01/17/2012,1293.670000
01/18/2012,1308.040000
01/19/2012,1314.500000
01/20/2012,1315.380000
01/23/2012,1316.000000
01/24/2012,1314.650000
01/25/2012,1326.050000
01/26/2012,1318.430000
01/27/2012,1316.330000
01/30/2012,1313.010000
01/31/2012,1312.410000
02/01/2012,1324.090000
02/02/2012,1325.540000
02/03/2012,1344.900000
02/06/2012,1344.330000
02/07/2012,1347.050000
02/08/2012,1349.960000
02/09/2012,1351.950000
02/10/2012,1342.640000
02/13/2012,1351.770000
02/14/2012,1350.500000
02/15/2012,1343.230000
02/16/2012,1358.040000
02/17/2012,1361.230000
02/21/2012,1362.210000
02/22/2012,1357.660000
02/23/2012,1363.460000
02/24/2012,1365.740000
02/27/2012,1367.590000
02/28/2012,1372.180000
02/29/2012,1365.680000
03/01/2012,1374.090000
03/02/2012,1369.630000
03/05/2012,1364.330000
03/06/2012,1343.360000
03/07/2012,1352.630000
03/08/2012,1365.910000
03/09/2012,1370.870000
03/12/2012,1371.090000
03/13/2012,1395.950000
03/14/2012,1394.280000
03/15/2012,1402.600000
03/16/2012,1404.170000
03/19/2012,1409.750000
03/20/2012,1405.520000
03/21/2012,1402.890000
03/22/2012,1392.780000
03/23/2012,1397.110000
03/26/2012,1416.510000
03/27/2012,1412.520000
03/28/2012,1405.540000
03/29/2012,1403.280000
03/30/2012,1408.470000
04/02/2012,1419.040000
04/03/2012,1413.380000
04/04/2012,1398.960000
04/05/2012,1398.080000
04/09/2012,1382.200000
04/10/2012,1358.590000
04/11/2012,1368.710000
04/12/2012,1387.570000
04/13/2012,1370.260000
04/16/2012,1369.570000
04/17/2012,1390.780000
04/18/2012,1385.140000
04/19/2012,1376.920000
04/20/2012,1378.530000
04/23/2012,1366.940000
04/24/2012,1371.970000
04/25/2012,1390.690000
04/26/2012,1399.980000
04/27/2012,1403.360000
04/30/2012,1397.910000
05/01/2012,1405.820000
05/02/2012,1402.310000
05/03/2012,1391.570000
05/04/2012,1369.100000
05/07/2012,1369.580000
05/08/2012,1363.720000
05/09/2012,1354.580000
05/10/2012,1357.990000
05/11/2012,1353.390000
05/14/2012,1338.350000
05/15/2012,1330.660000
05/16/2012,1324.800000
05/17/2012,1304.860000
05/18/2012,1295.220000
05/21/2012,1315.990000
05/22/2012,1316.630000
05/23/2012,1318.860000
05/24/2012,1320.680000
05/25/2012,1317.820000
05/29/2012,1332.420000
05/30/2012,1313.320000
05/31/2012,1310.330000
06/01/2012,1278.040000
06/04/2012,1278.180000
06/05/2012,1285.500000
06/06/2012,1315.130000
06/07/2012,1314.990000
06/08/2012,1325.660000
06/11/2012,1308.930000
06/12/2012,1324.180000
06/13/2012,1314.880000
06/14/2012,1329.100000
06/15/2012,1342.840000
06/18/2012,1344.780000
06/19/2012,1357.980000
06/20/2012,1355.690000
06/21/2012,1325.510000
06/22/2012,1335.020000
06/25/2012,1313.720000
06/26/2012,1319.990000
06/27/2012,1331.850000
06/28/2012,1329.040000
06/29/2012,1362.160000
07/02/2012,1365.510000
07/03/2012,1374.020000
07/05/2012,1367.580000
07/06/2012,1354.680000
07/09/2012,1352.460000
07/10/2012,1341.470000
07/11/2012,1341.450000
07/12/2012,1334.760000
07/13/2012,1356.780000
07/16/2012,1353.640000
07/17/2012,1363.670000
07/18/2012,1372.780000
07/19/2012,1376.510000
07/20/2012,1362.660000
07/23/2012,1350.520000
07/24/2012,1338.310000
07/25/2012,1337.890000
07/26/2012,1360.020000
07/27/2012,1385.970000
07/30/2012,1385.300000
07/31/2012,1379.320000
08/01/2012,1375.320000
08/02/2012,1365.000000
08/03/2012,1390.990000
08/06/2012,1394.230000
08/07/2012,1401.350000
08/08/2012,1402.220000
08/09/2012,1402.800000
08/10/2012,1405.870000
08/13/2012,1404.110000
08/14/2012,1403.930000
08/15/2012,1405.530000
08/16/2012,1415.510000
08/17/2012,1418.160000
08/20/2012,1418.130000
08/21/2012,1413.170000
08/22/2012,1413.490000
08/23/2012,1402.080000
08/24/2012,1411.130000
08/27/2012,1410.440000
08/28/2012,1409.300000
08/29/2012,1410.490000
08/30/2012,1399.480000
08/31/2012,1406.580000
09/04/2012,1404.940000
09/05/2012,1403.440000
09/06/2012,1432.120000
09/07/2012,1437.920000
09/10/2012,1429.080000
09/11/2012,1433.560000
09/12/2012,1436.560000
09/13/2012,1459.990000
09/14/2012,1465.770000
09/17/2012,1461.190000
09/18/2012,1459.320000
09/19/2012,1461.050000
09/20/2012,1460.260000
09/21/2012,1460.150000
09/24/2012,1456.890000
09/25/2012,1441.590000
09/26/2012,1433.320000
09/27/2012,1447.150000
09/28/2012,1440.670000
10/01/2012,1444.490000
10/02/2012,1445.750000
10/03/2012,1450.990000
10/04/2012,1461.400000
10/05/2012,1460.930000
10/08/2012,1455.880000
10/09/2012,1441.480000
10/10/2012,1432.560000
10/11/2012,1432.840000
10/12/2012,1428.590000
10/15/2012,1440.130000
10/16/2012,1454.920000
10/17/2012,1460.910000
10/18/2012,1457.340000
10/19/2012,1433.190000
10/22/2012,1433.820000
10/23/2012,1413.110000
10/24/2012,1408.750000
10/25/2012,1412.970000
10/26/2012,1411.940000
10/31/2012,1412.160000
11/01/2012,1427.590000
11/02/2012,1414.200000
11/05/2012,1417.260000
11/06/2012,1428.390000
11/07/2012,1394.530000
11/08/2012,1377.510000
11/09/2012,1379.850000
11/12/2012,1380.030000
11/13/2012,1374.530000
11/14/2012,1355.490000
11/15/2012,1353.330000
11/16/2012,1359.880000
11/19/2012,1386.890000
11/20/2012,1387.810000
11/21/2012,1391.030000
11/23/2012,1409.150000
11/26/2012,1406.290000
11/27/2012,1398.940000
11/28/2012,1409.930000
11/29/2012,1415.950000
11/30/2012,1416.180000
12/03/2012,1409.460000
12/04/2012,1407.050000
12/05/2012,1409.280000
12/06/2012,1413.940000
12/07/2012,1418.070000
12/10/2012,1418.550000
12/11/2012,1427.840000
12/12/2012,1428.480000
12/13/2012,1419.450000
12/14/2012,1413.580000
12/17/2012,1430.360000
12/18/2012,1446.790000
12/19/2012,1435.810000
12/20/2012,1443.690000
12/21/2012,1430.150000
12/24/2012,1426.660000
12/26/2012,1419.830000
12/27/2012,1418.100000
12/28/2012,1402.430000
12/31/2012,1426.190000
01/02/2013,1462.420000
01/03/2013,1459.370000
01/04/2013,1466.470000
01/07/2013,1461.890000
01/08/2013,1457.150000
01/09/2013,1461.020000
01/10/2013,1472.120000
01/11/2013,1472.050000
01/14/2013,1470.680000
01/15/2013,1472.340000
01/16/2013,1472.630000
01/17/2013,1480.940000
01/18/2013,1485.980000
01/22/2013,1492.560000
01/23/2013,1494.810000
01/24/2013,1494.820000
01/25/2013,1502.960000
01/28/2013,1500.180000
01/29/2013,1507.840000
01/30/2013,1501.960000
01/31/2013,1498.110000
02/01/2013,1513.170000
02/04/2013,1495.710000
02/05/2013,1511.290000
02/06/2013,1512.120000
02/07/2013,1509.390000
02/08/2013,1517.930000
02/11/2013,1517.010000
02/12/2013,1519.430000
02/13/2013,1520.330000
02/14/2013,1521.380000
02/15/2013,1519.790000
02/19/2013,1530.940000
02/20/2013,1511.950000
02/21/2013,1502.420000
02/22/2013,1515.600000
02/25/2013,1487.850000
02/26/2013,1496.940000
02/27/2013,1515.990000
02/28/2013,1514.680000
03/01/2013,1518.200000
03/04/2013,1525.200000
03/05/2013,1539.790000
03/06/2013,1541.460000
03/07/2013,1544.260000
03/08/2013,1551.180000
03/11/2013,1556.220000
03/12/2013,1552.480000
03/13/2013,1554.520000
03/14/2013,1563.230000
03/15/2013,1560.700000
03/18/2013,1552.100000
03/19/2013,1548.340000
03/20/2013,1558.710000
03/21/2013,1545.800000
03/22/2013,1556.890000
03/25/2013,1551.690000
03/26/2013,1563.770000
03/27/2013,1562.850000
03/28/2013,1569.190000
04/01/2013,1562.170000
04/02/2013,1570.250000
04/03/2013,1553.690000
04/04/2013,1559.980000
04/05/2013,1553.280000
04/08/2013,1563.070000
04/09/2013,1568.610000
04/10/2013,1587.730000
04/11/2013,1593.370000
04/12/2013,1588.850000
04/15/2013,1552.360000
04/16/2013,1574.570000
04/17/2013,1552.010000
04/18/2013,1541.610000
04/19/2013,1555.250000
04/22/2013,1562.500000
04/23/2013,1578.780000
04/24/2013,1578.790000
04/25/2013,1585.160000
04/26/2013,1582.240000
04/29/2013,1593.610000
04/30/2013,1597.570000
05/01/2013,1582.700000
05/02/2013,1597.590000
05/03/2013,1614.420000
05/06/2013,1617.500000
05/07/2013,1625.960000
05/08/2013,1632.690000
05/09/2013,1626.670000
05/10/2013,1633.700000
05/13/2013,1633.770000
05/14/2013,1650.340000
05/15/2013,1658.780000
05/16/2013,1650.470000
05/17/2013,1667.470000
05/20/2013,1666.290000
05/21/2013,1669.160000
05/22/2013,1655.350000
05/23/2013,1650.510000
05/24/2013,1649.600000
05/28/2013,1660.060000
05/29/2013,1648.360000
05/30/2013,1654.410000
05/31/2013,1630.740000
06/03/2013,1640.420000
06/04/2013,1631.380000
06/05/2013,1608.900000
06/06/2013,1622.560000
06/07/2013,1643.380000
06/10/2013,1642.810000
06/11/2013,1626.130000
06/12/2013,1612.520000
06/13/2013,1636.360000
06/14/2013,1626.730000
06/17/2013,1639.040000
06/18/2013,1651.810000
06/19/2013,1628.930000
06/20/2013,1588.190000
06/21/2013,1592.430000
06/24/2013,1573.090000
06/25/2013,1588.030000
06/26/2013,1603.260000
06/27/2013,1613.200000
06/28/2013,1606.280000
07/01/2013,1614.960000
07/02/2013,1614.080000
07/03/2013,1615.410000
07/05/2013,1631.890000
07/08/2013,1640.460000
07/09/2013,1652.320000
07/10/2013,1652.620000
07/11/2013,1675.020000
07/12/2013,1680.190000
07/15/2013,1682.500000
07/16/2013,1676.260000
07/17/2013,1680.910000
07/18/2013,1689.370000
07/19/2013,1692.090000
07/22/2013,1695.530000
07/23/2013,1692.390000
07/24/2013,1685.940000
07/25/2013,1690.250000
07/26/2013,1691.650000
07/29/2013,1685.330000
07/30/2013,1685.960000
07/31/2013,1685.730000
08/01/2013,1706.870000
08/02/2013,1709.670000
08/05/2013,1707.140000
08/06/2013,1697.370000
08/07/2013,1690.910000
08/08/2013,1697.480000
08/09/2013,1691.420000
08/12/2013,1689.470000
08/13/2013,1694.160000
08/14/2013,1685.390000
08/15/2013,1661.320000
08/16/2013,1655.830000
08/19/2013,1646.060000
08/20/2013,1652.350000
08/21/2013,1642.800000
08/22/2013,1656.960000
08/23/2013,1663.500000
08/26/2013,1656.780000
08/27/2013,1630.480000
08/28/2013,1634.960000
08/29/2013,1638.170000
08/30/2013,1632.970000
09/03/2013,1639.770000
09/04/2013,1653.080000
09/05/2013,1655.080000
09/06/2013,1655.170000
09/09/2013,1671.710000
09/10/2013,1683.990000
09/11/2013,1689.130000
09/12/2013,1683.420000
09/13/2013,1687.990000
09/16/2013,1697.600000
09/17/2013,1704.760000
09/18/2013,1725.520000
09/19/2013,1722.340000
09/20/2013,1709.910000
09/23/2013,1701.840000
09/24/2013,1697.420000
09/25/2013,1692.770000
09/26/2013,1698.670000
09/27/2013,1691.750000
09/30/2013,1681.550000
10/01/2013,1695.000000
10/02/2013,1693.870000
10/03/2013,1678.660000
10/04/2013,1690.500000
10/07/2013,1676.120000
10/08/2013,1655.450000
10/09/2013,1656.400000
10/10/2013,1692.560000
10/11/2013,1703.200000
10/14/2013,1710.140000
10/15/2013,1698.060000
10/16/2013,1721.540000
10/17/2013,1733.150000
10/18/2013,1744.500000
10/21/2013,1744.660000
10/22/2013,1754.670000
10/23/2013,1746.380000
10/24/2013,1752.070000
10/25/2013,1759.770000
10/28/2013,1762.110000
10/29/2013,1771.950000
10/30/2013,1763.310000
10/31/2013,1756.540000
11/01/2013,1761.640000
11/04/2013,1767.930000
11/05/2013,1762.970000
11/06/2013,1770.490000
11/07/2013,1747.150000
11/08/2013,1770.610000
11/11/2013,1771.890000
11/12/2013,1767.690000
11/13/2013,1782.000000
11/14/2013,1790.620000
11/15/2013,1798.180000
11/18/2013,1791.530000
11/19/2013,1787.870000
11/20/2013,1781.370000
11/21/2013,1795.850000
11/22/2013,1804.760000
11/25/2013,1802.480000
11/26/2013,1802.750000
11/27/2013,1807.230000
11/29/2013,1805.810000
12/02/2013,1800.900000
12/03/2013,1795.150000
12/04/2013,1792.810000
12/05/2013,1785.030000
12/06/2013,1805.090000
12/09/2013,1808.370000
12/10/2013,1802.620000
12/11/2013,1782.220000
12/12/2013,1775.500000
12/13/2013,1775.320000
12/16/2013,1786.540000
12/17/2013,1781.000000
12/18/2013,1810.650000
12/19/2013,1809.600000
12/20/2013,1818.320000
12/23/2013,1827.990000
12/24/2013,1833.320000
12/26/2013,1842.020000
12/27/2013,1841.400000
12/30/2013,1841.070000
12/31/2013,1848.360000
01/02/2014,1831.980000
01/03/2014,1831.370000
01/06/2014,1826.770000
01/07/2014,1837.880000
01/08/2014,1837.490000
01/09/2014,1838.130000
01/10/2014,1842.370000
01/13/2014,1819.200000
01/14/2014,1838.880000
01/15/2014,1848.380000
01/16/2014,1845.890000
01/17/2014,1838.700000
01/21/2014,1843.800000
01/22/2014,1844.860000
01/23/2014,1828.460000
01/24/2014,1790.290000
01/27/2014,1781.560000
01/28/2014,1792.500000
01/29/2014,1774.200000
01/30/2014,1794.190000
01/31/2014,1782.590000
02/03/2014,1741.890000
02/04/2014,1755.200000
02/05/2014,1751.640000
02/06/2014,1773.430000
02/07/2014,1797.020000
02/10/2014,1799.840000
02/11/2014,1819.750000
02/12/2014,1819.260000
02/13/2014,1829.830000
02/14/2014,1838.630000
02/18/2014,1840.760000
02/19/2014,1828.750000
02/20/2014,1839.780000
02/21/2014,1836.250000
02/24/2014,1847.610000
02/25/2014,1845.120000
02/26/2014,1845.160000
02/27/2014,1854.290000
02/28/2014,1859.450000
03/03/2014,1845.730000
03/04/2014,1873.910000
03/05/2014,1873.810000
03/06/2014,1877.030000
03/07/2014,1878.040000
03/10/2014,1877.170000
03/11/2014,1867.630000
03/12/2014,1868.200000
03/13/2014,1846.340000
03/14/2014,1841.130000
03/17/2014,1858.830000
03/18/2014,1872.250000
03/19/2014,1860.770000
03/20/2014,1872.010000
03/21/2014,1866.520000
03/24/2014,1857.440000
03/25/2014,1865.620000
03/26/2014,1852.560000
03/27/2014,1849.040000
03/28/2014,1857.620000
03/31/2014,1872.340000
04/01/2014,1885.520000
04/02/2014,1890.900000
04/03/2014,1888.770000
04/04/2014,1865.090000
04/07/2014,1845.040000
04/08/2014,1851.960000
04/09/2014,1872.180000
04/10/2014,1833.080000
04/11/2014,1815.690000
04/14/2014,1830.610000
04/15/2014,1842.980000
04/16/2014,1862.310000
04/17/2014,1864.850000
04/21/2014,1871.890000
04/22/2014,1879.550000
04/23/2014,1875.390000
04/24/2014,1878.610000
04/25/2014,1863.400000
04/28/2014,1869.430000
04/29/2014,1878.330000
04/30/2014,1883.950000
05/01/2014,1883.680000
05/02/2014,1881.140000
05/05/2014,1884.660000
05/06/2014,1867.720000
05/07/2014,1878.210000
05/08/2014,1875.630000
05/09/2014,1878.480000
05/12/2014,1896.650000
05/13/2014,1897.450000
05/14/2014,1888.530000
05/15/2014,1870.850000
05/16/2014,1877.860000
05/19/2014,1885.080000
05/20/2014,1872.830000
05/21/2014,1888.030000
05/22/2014,1892.490000
05/23/2014,1900.530000
05/27/2014,1911.910000
05/28/2014,1909.780000
05/29/2014,1920.030000
05/30/2014,1923.570000
06/02/2014,1924.970000
06/03/2014,1924.240000
06/04/2014,1927.880000
06/05/2014,1940.460000
06/06/2014,1949.440000
06/09/2014,1951.270000
06/10/2014,1950.790000
06/11/2014,1943.890000
06/12/2014,1930.110000
06/13/2014,1936.160000
06/16/2014,1937.780000
06/17/2014,1941.990000
06/18/2014,1956.980000
06/19/2014,1959.480000
06/20/2014,1962.870000
06/23/2014,1962.610000
06/24/2014,1949.980000
06/25/2014,1959.530000
06/26/2014,1957.220000
06/27/2014,1960.960000
06/30/2014,1960.230000
07/01/2014,1973.320000
07/02/2014,1974.620000
07/03/2014,1985.440000
07/07/2014,1977.650000
07/08/2014,1963.710000
07/09/2014,1972.830000
07/10/2014,1964.680000
07/11/2014,1967.570000
07/14/2014,1977.100000
07/15/2014,1973.280000
07/16/2014,1981.570000
07/17/2014,1958.120000
07/18/2014,1978.220000
07/21/2014,1973.630000
07/22/2014,1983.530000
07/23/2014,1987.010000
07/24/2014,1987.980000
07/25/2014,1978.340000
07/28/2014,1978.910000
07/29/2014,1969.950000
07/30/2014,1970.070000
07/31/2014,1930.670000
08/01/2014,1925.150000
08/04/2014,1938.990000
08/05/2014,1920.210000
08/06/2014,1920.240000
08/07/2014,1909.570000
08/08/2014,1931.590000
08/11/2014,1936.920000
08/12/2014,1933.750000
08/13/2014,1946.720000
08/14/2014,1955.180000
08/15/2014,1955.060000
08/18/2014,1971.740000
08/19/2014,1981.600000
08/20/2014,1986.510000
08/21/2014,1992.370000
08/22/2014,1988.400000
08/25/2014,1997.920000
08/26/2014,2000.020000
08/27/2014,2000.120000
08/28/2014,1996.740000
08/29/2014,2003.370000
09/02/2014,2002.280000
09/03/2014,2000.720000
09/04/2014,1997.650000
09/05/2014,2007.710000
09/08/2014,2001.540000
09/09/2014,1988.440000
09/10/2014,1995.690000
09/11/2014,1997.450000
09/12/2014,1985.540000
09/15/2014,1984.130000
09/16/2014,1998.980000
09/17/2014,2001.570000
09/18/2014,2011.360000
09/19/2014,2010.400000
09/22/2014,1994.290000
09/23/2014,1982.770000
09/24/2014,1998.300000
09/25/2014,1965.990000
09/26/2014,1982.850000
09/29/2014,1977.800000
09/30/2014,1972.290000
10/01/2014,1946.160000
10/02/2014,1946.170000
10/03/2014,1967.900000
10/06/2014,1964.820000
10/07/2014,1935.100000
10/08/2014,1968.890000
10/09/2014,1928.210000
10/10/2014,1906.130000
10/13/2014,1874.740000
10/14/2014,1877.700000
10/15/2014,1862.490000
10/16/2014,1862.760000
10/17/2014,1886.760000
10/20/2014,1904.010000
10/21/2014,1941.280000
10/22/2014,1927.110000
10/23/2014,1950.820000
10/24/2014,1964.580000
10/27/2014,1961.630000
10/28/2014,1985.050000
10/29/2014,1982.300000
10/30/2014,1994.650000
10/31/2014,2018.050000
11/03/2014,2017.810000
11/04/2014,2012.100000
11/05/2014,2023.570000
11/06/2014,2031.210000
11/07/2014,2031.920000
11/10/2014,2038.260000
11/11/2014,2039.680000
11/12/2014,2038.250000
11/13/2014,2039.330000
11/14/2014,2039.820000
11/17/2014,2041.320000
11/18/2014,2051.800000
11/19/2014,2048.720000
11/20/2014,2052.750000
11/21/2014,2063.500000
11/24/2014,2069.410000
11/25/2014,2067.030000
11/26/2014,2072.830000
11/28/2014,2067.560000
12/01/2014,2053.440000
12/02/2014,2066.550000
12/03/2014,2074.330000
12/04/2014,2071.920000
12/05/2014,2075.370000
12/08/2014,2060.310000
12/09/2014,2059.820000
12/10/2014,2026.140000
12/11/2014,2035.330000
12/12/2014,2002.330000
12/15/2014,1989.630000
12/16/2014,1972.740000
12/17/2014,2012.890000
12/18/2014,2061.230000
12/19/2014,2070.650000
12/22/2014,2078.540000
12/23/2014,2082.170000
12/24/2014,2081.880000
12/26/2014,2088.770000
12/29/2014,2090.570000
12/30/2014,2080.350000
12/31/2014,2058.900000
01/02/2015,2058.200000
01/05/2015,2020.580000
01/06/2015,2002.610000
01/07/2015,2025.900000
01/08/2015,2062.140000
01/09/2015,2044.810000
01/12/2015,2028.260000
01/13/2015,2023.030000
01/14/2015,2011.270000
01/15/2015,1992.670000
01/16/2015,2019.420000
01/20/2015,2022.550000
01/21/2015,2032.120000
01/22/2015,2063.150000
01/23/2015,2051.820000
01/26/2015,2057.090000
01/27/2015,2029.550000
01/28/2015,2002.160000
01/29/2015,2021.250000
01/30/2015,1994.990000
02/02/2015,2020.850000
02/03/2015,2050.030000
02/04/2015,2041.510000
02/05/2015,2062.520000
02/06/2015,2055.470000
02/09/2015,2046.740000
02/10/2015,2068.590000
02/11/2015,2068.530000
02/12/2015,2088.480000
02/13/2015,2096.990000
02/17/2015,2100.340000
02/18/2015,2099.680000
02/19/2015,2097.450000
02/20/2015,2110.300000
02/23/2015,2109.660000
02/24/2015,2115.480000
02/25/2015,2113.860000
02/26/2015,2110.740000
02/27/2015,2104.500000
03/02/2015,2117.390000
03/03/2015,2107.780000
03/04/2015,2098.530000
03/05/2015,2101.040000
03/06/2015,2071.260000
03/09/2015,2079.430000
03/10/2015,2044.160000
03/11/2015,2040.240000
03/12/2015,2065.950000
03/13/2015,2053.400000
03/16/2015,2081.190000
03/17/2015,2074.280000
03/18/2015,2099.500000
03/19/2015,2089.270000
03/20/2015,2108.100000
03/23/2015,2104.420000
03/24/2015,2091.500000
03/25/2015,2061.050000
03/26/2015,2056.150000
03/27/2015,2061.020000
03/30/2015,2086.240000
03/31/2015,2067.890000
04/01/2015,2059.690000
04/02/2015,2066.960000
04/06/2015,2080.620000
04/07/2015,2076.330000
04/08/2015,2081.900000
04/09/2015,2091.180000
04/10/2015,2102.060000
04/13/2015,2092.430000
04/14/2015,2095.840000
04/15/2015,2106.630000
04/16/2015,2104.990000
04/17/2015,2081.180000
04/20/2015,2100.400000
04/21/2015,2097.290000
04/22/2015,2107.960000
04/23/2015,2112.930000
04/24/2015,2117.690000
04/27/2015,2108.920000
04/28/2015,2114.760000
04/29/2015,2106.850000
04/30/2015,2085.510000
05/01/2015,2108.290000
05/04/2015,2114.490000
05/05/2015,2089.460000
05/06/2015,2080.150000
05/07/2015,2088.000000
05/08/2015,2116.100000
05/11/2015,2105.330000
05/12/2015,2099.120000
05/13/2015,2098.480000
05/14/2015,2121.100000
05/15/2015,2122.730000
05/18/2015,2129.200000
05/19/2015,2127.830000
05/20/2015,2125.850000
05/21/2015,2130.820000
05/22/2015,2126.060000
05/26/2015,2104.200000
05/27/2015,2123.480000
05/28/2015,2120.790000
05/29/2015,2107.390000
06/01/2015,2111.730000
06/02/2015,2109.600000
06/03/2015,2114.070000
06/04/2015,2095.840000
06/05/2015,2092.830000
06/08/2015,2079.280000
06/09/2015,2080.150000
06/10/2015,2105.200000
06/11/2015,2108.860000
06/12/2015,2094.110000
06/15/2015,2084.430000
06/16/2015,2096.290000
06/17/2015,2100.440000
06/18/2015,2121.240000
06/19/2015,2109.990000
06/22/2015,2122.850000
06/23/2015,2124.200000
06/24/2015,2108.580000
06/25/2015,2102.310000
06/26/2015,2101.490000
06/29/2015,2057.640000
06/30/2015,2063.110000
07/01/2015,2077.420000
07/02/2015,2076.780000
07/06/2015,2068.760000
07/07/2015,2081.340000
07/08/2015,2046.680000
07/09/2015,2051.310000
07/10/2015,2076.620000
07/13/2015,2099.600000
07/14/2015,2108.950000
07/15/2015,2107.400000
07/16/2015,2124.290000
07/17/2015,2126.640000
07/20/2015,2128.280000
07/21/2015,2119.210000
07/22/2015,2114.150000
07/23/2015,2102.150000
07/24/2015,2079.650000
07/27/2015,2067.640000
07/28/2015,2093.250000
07/29/2015,2108.570000
07/30/2015,2108.630000
07/31/2015,2103.840000
08/03/2015,2098.040000
08/04/2015,2093.320000
08/05/2015,2099.840000
08/06/2015,2083.560000
08/07/2015,2077.570000
08/10/2015,2104.180000
08/11/2015,2084.070000
08/12/2015,2086.050000
08/13/2015,2083.390000
08/14/2015,2091.540000
08/17/2015,2102.440000
08/18/2015,2096.920000
08/19/2015,2079.610000
08/20/2015,2035.730000
08/21/2015,1970.890000
08/24/2015,1893.210000
08/25/2015,1867.610000
08/26/2015,1940.510000
08/27/2015,1987.660000
08/28/2015,1988.870000
08/31/2015,1972.180000
09/01/2015,1913.850000
09/02/2015,1948.860000
09/03/2015,1951.130000
09/04/2015,1921.220000
09/08/2015,1969.410000
09/09/2015,1942.040000
09/10/2015,1952.290000
09/11/2015,1961.050000
09/14/2015,1953.030000
09/15/2015,1978.090000
09/16/2015,1995.310000
09/17/2015,1990.200000
09/18/2015,1958.030000
09/21/2015,1966.970000
09/22/2015,1942.740000
09/23/2015,1938.760000
09/24/2015,1932.240000
09/25/2015,1931.340000
09/28/2015,1881.770000
09/29/2015,1884.090000
09/30/2015,1920.030000
10/01/2015,1923.820000
10/02/2015,1951.360000
10/05/2015,1987.050000
10/06/2015,1979.920000
10/07/2015,1995.830000
10/08/2015,2013.430000
10/09/2015,2014.890000
10/12/2015,2017.460000
10/13/2015,2003.690000
10/14/2015,1994.240000
10/15/2015,2023.860000
10/16/2015,2033.110000
10/19/2015,2033.660000
10/20/2015,2030.770000
10/21/2015,2018.940000
10/22/2015,2052.510000
10/23/2015,2075.150000
10/26/2015,2071.180000
10/27/2015,2065.890000
10/28/2015,2090.350000
10/29/2015,2089.410000
10/30/2015,2079.360000
11/02/2015,2104.050000
11/03/2015,2109.790000
11/04/2015,2102.310000
11/05/2015,2099.930000
11/06/2015,2099.200000
11/09/2015,2078.580000
11/10/2015,2081.720000
11/11/2015,2075.000000
11/12/2015,2045.970000
11/13/2015,2023.040000
11/16/2015,2053.190000
11/17/2015,2050.440000
11/18/2015,2083.580000
11/19/2015,2081.240000
11/20/2015,2089.170000
11/23/2015,2086.590000
11/24/2015,2089.140000
11/25/2015,2088.870000
11/27/2015,2090.110000
11/30/2015,2080.410000
12/01/2015,2102.630000
12/02/2015,2079.510000
12/03/2015,2049.620000
12/04/2015,2091.690000
12/07/2015,2077.070000
12/08/2015,2063.590000
12/09/2015,2047.620000
12/10/2015,2052.230000
12/11/2015,2012.370000
12/14/2015,2021.940000
12/15/2015,2043.410000
12/16/2015,2073.070000
12/17/2015,2041.890000
12/18/2015,2005.550000
12/21/2015,2021.150000
12/22/2015,2038.970000
12/23/2015,2064.290000
12/24/2015,2060.990000
12/28/2015,2056.500000
12/29/2015,2078.360000
12/30/2015,2063.360000
12/31/2015,2043.940000
01/04/2016,2012.660000
01/05/2016,2016.710000
01/06/2016,1990.260000
01/07/2016,1943.090000
01/08/2016,1922.030000
01/11/2016,1923.670000
01/12/2016,1938.680000
01/13/2016,1890.280000
01/14/2016,1921.840000
01/15/2016,1880.330000
01/19/2016,1881.330000
01/20/2016,1859.330000
01/21/2016,1868.990000
01/22/2016,1906.900000
01/25/2016,1877.080000
01/26/2016,1903.630000
01/27/2016,1882.950000
01/28/2016,1893.360000
01/29/2016,1940.240000
02/01/2016,1939.380000
02/02/2016,1903.030000
02/03/2016,1912.530000
02/04/2016,1915.450000
02/05/2016,1880.050000
02/08/2016,1853.440000
02/09/2016,1852.210000
02/10/2016,1851.860000
02/11/2016,1829.080000
02/12/2016,1864.780000
02/16/2016,1895.580000
02/17/2016,1926.820000
02/18/2016,1917.830000
02/19/2016,1917.780000
02/22/2016,1945.500000
02/23/2016,1921.270000
02/24/2016,1929.800000
02/25/2016,1951.700000
02/26/2016,1948.050000
02/29/2016,1932.230000
03/01/2016,1978.350000
03/02/2016,1986.450000
03/03/2016,1993.400000
03/04/2016,1999.990000
03/07/2016,2001.760000
03/08/2016,1979.260000
03/09/2016,1989.260000
03/10/2016,1989.570000
03/11/2016,2022.190000
03/14/2016,2019.640000
03/15/2016,2015.930000
03/16/2016,2027.220000
03/17/2016,2040.590000
03/18/2016,2049.580000
03/21/2016,2051.600000
03/22/2016,2049.800000
03/23/2016,2036.710000
03/24/2016,2035.940000
03/28/2016,2037.050000
03/29/2016,2055.010000
03/30/2016,2063.950000
03/31/2016,2059.740000
04/01/2016,2072.780000
04/04/2016,2066.130000
04/05/2016,2045.170000
04/06/2016,2066.660000
04/07/2016,2041.910000
04/08/2016,2047.600000
04/11/2016,2041.990000
04/12/2016,2061.720000
04/13/2016,2082.420000
04/14/2016,2082.780000
04/15/2016,2080.730000
04/18/2016,2094.340000
04/19/2016,2100.800000
04/20/2016,2102.400000
04/21/2016,2091.480000
04/22/2016,2091.580000
04/25/2016,2087.790000
04/26/2016,2091.700000
04/27/2016,2095.150000
04/28/2016,2075.810000
04/29/2016,2065.300000
05/02/2016,2081.430000
05/03/2016,2063.370000
05/04/2016,2051.120000
05/05/2016,2050.630000
05/06/2016,2057.140000
05/09/2016,2058.690000
05/10/2016,2084.390000
05/11/2016,2064.460000
05/12/2016,2064.110000
05/13/2016,2046.610000
05/16/2016,2066.660000
05/17/2016,2047.210000
05/18/2016,2047.630000
05/19/2016,2040.040000
05/20/2016,2052.320000
05/23/2016,2048.040000
05/24/2016,2076.060000
05/25/2016,2090.540000
05/26/2016,2090.100000
05/27/2016,2099.060000
05/31/2016,2096.960000
06/01/2016,2099.330000
06/02/2016,2105.260000
06/03/2016,2099.130000
06/06/2016,2109.410000
06/07/2016,2112.130000
06/08/2016,2119.120000
06/09/2016,2115.480000
06/10/2016,2096.070000
06/13/2016,2079.060000
06/14/2016,2075.320000
06/15/2016,2071.500000
06/16/2016,2077.990000
06/17/2016,2071.220000
06/20/2016,2083.250000
06/21/2016,2088.900000
06/22/2016,2085.450000
06/23/2016,2113.320000
06/24/2016,2037.410000
06/27/2016,2000.540000
06/28/2016,2036.090000
06/29/2016,2070.770000
06/30/2016,2098.860000
07/01/2016,2102.950000
07/05/2016,2088.550000
07/06/2016,2099.730000
07/07/2016,2097.900000
07/08/2016,2129.900000
07/11/2016,2137.160000
07/12/2016,2152.140000
07/13/2016,2152.430000
07/14/2016,2163.750000
07/15/2016,2161.740000
07/18/2016,2166.890000
07/19/2016,2163.780000
07/20/2016,2173.020000
07/21/2016,2165.170000
07/22/2016,2175.030000
07/25/2016,2168.480000
07/26/2016,2169.180000
07/27/2016,2166.580000
07/28/2016,2170.060000
07/29/2016,2173.600000
08/01/2016,2170.840000
08/02/2016,2157.030000
08/03/2016,2163.790000
08/04/2016,2164.250000
08/05/2016,2182.870000
08/08/2016,2180.890000
08/09/2016,2181.740000
08/10/2016,2175.490000
08/11/2016,2185.790000
08/12/2016,2184.050000
08/15/2016,2190.150000
08/16/2016,2178.150000
08/17/2016,2182.220000
08/18/2016,2187.020000
08/19/2016,2183.870000
08/22/2016,2182.640000
08/23/2016,2186.900000
08/24/2016,2175.440000
08/25/2016,2172.470000
08/26/2016,2169.040000
08/29/2016,2180.380000
08/30/2016,2176.120000
08/31/2016,2170.950000
09/01/2016,2170.860000
09/02/2016,2179.980000
09/06/2016,2186.480000
09/07/2016,2186.160000
09/08/2016,2181.300000
09/09/2016,2127.810000
09/12/2016,2159.040000
09/13/2016,2127.020000
09/14/2016,2125.770000
09/15/2016,2147.260000
09/16/2016,2139.160000
09/19/2016,2139.120000
09/20/2016,2139.760000
09/21/2016,2163.120000
09/22/2016,2177.180000
09/23/2016,2164.690000
09/26/2016,2146.100000
09/27/2016,2159.930000
09/28/2016,2171.370000
09/29/2016,2151.130000
09/30/2016,2168.270000
10/03/2016,2161.200000
10/04/2016,2150.490000
10/05/2016,2159.730000
10/06/2016,2160.770000
10/07/2016,2153.740000
10/10/2016,2163.660000
10/11/2016,2136.730000
10/12/2016,2139.180000
10/13/2016,2132.550000
10/14/2016,2132.980000
10/17/2016,2126.500000
10/18/2016,2139.600000
10/19/2016,2144.290000
10/20/2016,2141.340000
10/21/2016,2141.160000
10/24/2016,2151.330000
10/25/2016,2143.160000
10/26/2016,2139.430000
10/27/2016,2133.040000
10/28/2016,2126.410000
10/31/2016,2126.150000
11/01/2016,2111.720000
11/02/2016,2097.940000
11/03/2016,2088.660000
11/04/2016,2085.180000
11/07/2016,2131.520000
11/08/2016,2139.560000
11/09/2016,2163.260000
11/10/2016,2167.480000
11/11/2016,2164.450000
11/14/2016,2164.200000
11/15/2016,2180.390000
11/16/2016,2176.940000
11/17/2016,2187.120000
11/18/2016,2181.900000
11/21/2016,2198.180000
11/22/2016,2202.940000
11/23/2016,2204.720000
11/25/2016,2213.350000
11/28/2016,2201.720000
11/29/2016,2204.660000
11/30/2016,2198.810000
12/01/2016,2191.080000
12/02/2016,2191.950000
12/05/2016,2204.710000
12/06/2016,2212.230000
12/07/2016,2241.350000
12/08/2016,2246.190000
12/09/2016,2259.530000
12/12/2016,2256.960000
12/13/2016,2271.720000
12/14/2016,2253.280000
12/15/2016,2262.030000
12/16/2016,2258.070000
12/19/2016,2262.530000
12/20/2016,2270.760000
12/21/2016,2265.180000
12/22/2016,2260.960000
12/23/2016,2263.790000
12/27/2016,2268.880000
12/28/2016,2249.920000
12/29/2016,2249.260000
12/30/2016,2238.830000
01/03/2017,2257.830000
01/04/2017,2270.750000
01/05/2017,2269.000000
01/06/2017,2276.980000
01/09/2017,2268.900000
01/10/2017,2268.900000
01/11/2017,2275.320000
01/12/2017,2270.440000
01/13/2017,2274.640000
01/17/2017,2267.890000
01/18/2017,2271.890000
01/19/2017,2263.690000
01/20/2017,2271.310000
01/23/2017,2265.200000
01/24/2017,2280.070000
01/25/2017,2298.370000
01/26/2017,2296.680000
01/27/2017,2294.690000
01/30/2017,2280.900000
01/31/2017,2278.870000
02/01/2017,2279.550000
02/02/2017,2280.850000
02/03/2017,2297.420000
02/06/2017,2292.560000
02/07/2017,2293.080000
02/08/2017,2294.670000
02/09/2017,2307.870000
02/10/2017,2316.100000
02/13/2017,2328.250000
02/14/2017,2337.580000
02/15/2017,2349.250000
02/16/2017,2347.220000
02/17/2017,2351.160000
02/21/2017,2365.380000
02/22/2017,2362.820000
02/23/2017,2363.810000
02/24/2017,2367.340000
02/27/2017,2369.750000
02/28/2017,2363.640000
03/01/2017,2395.960000
03/02/2017,2381.920000
03/03/2017,2383.120000
03/06/2017,2375.310000
03/07/2017,2368.390000
03/08/2017,2362.980000
03/09/2017,2364.870000
03/10/2017,2372.600000
03/13/2017,2373.470000
03/14/2017,2365.450000
03/15/2017,2385.260000
03/16/2017,2381.380000
03/17/2017,2378.250000
03/20/2017,2373.470000
03/21/2017,2344.020000
03/22/2017,2348.450000
03/23/2017,2345.960000
03/24/2017,2343.980000
03/27/2017,2341.590000
03/28/2017,2358.570000
03/29/2017,2361.130000
03/30/2017,2368.060000
03/31/2017,2362.720000
04/03/2017,2358.840000
04/04/2017,2360.160000
04/05/2017,2352.950000
04/06/2017,2357.490000
04/07/2017,2355.540000
04/10/2017,2357.160000
04/11/2017,2353.780000
04/12/2017,2344.930000
04/13/2017,2328.950000
04/17/2017,2349.010000
04/18/2017,2342.190000
04/19/2017,2338.170000
04/20/2017,2355.840000
04/21/2017,2348.690000
04/24/2017,2374.150000
04/25/2017,2388.610000
04/26/2017,2387.450000
04/27/2017,2388.770000
04/28/2017,2384.200000
05/01/2017,2388.330000
05/02/2017,2391.170000
05/03/2017,2388.130000
05/04/2017,2389.520000
05/05/2017,2399.290000
05/08/2017,2399.380000
05/09/2017,2396.920000
05/10/2017,2399.630000
05/11/2017,2394.440000
05/12/2017,2390.900000
05/15/2017,2402.320000
05/16/2017,2400.670000
05/17/2017,2357.030000
05/18/2017,2365.720000
05/19/2017,2381.730000
05/22/2017,2394.020000
05/23/2017,2398.420000
05/24/2017,2404.390000
05/25/2017,2415.070000
05/26/2017,2415.820000
05/30/2017,2412.910000
05/31/2017,2411.800000
06/01/2017,2430.060000
06/02/2017,2439.070000
06/05/2017,2436.100000
06/06/2017,2429.330000
06/07/2017,2433.140000
06/08/2017,2433.790000
06/09/2017,2431.770000
06/12/2017,2429.390000
06/13/2017,2440.350000
06/14/2017,2437.920000
06/15/2017,2432.460000
06/16/2017,2433.150000
06/19/2017,2453.460000
06/20/2017,2437.030000
06/21/2017,2435.610000
06/22/2017,2434.500000
06/23/2017,2438.300000
06/26/2017,2439.070000
06/27/2017,2419.380000
06/28/2017,2440.690000
06/29/2017,2419.700000
06/30/2017,2423.410000
07/03/2017,2429.010000
07/05/2017,2432.540000
07/06/2017,2409.750000
07/07/2017,2425.180000
07/10/2017,2427.430000
07/11/2017,2425.530000
07/12/2017,2443.250000
07/13/2017,2447.830000
07/14/2017,2459.270000
07/17/2017,2459.140000
07/18/2017,2460.610000
07/19/2017,2473.830000
07/20/2017,2473.450000
07/21/2017,2472.540000
07/24/2017,2469.910000
07/25/2017,2477.130000
07/26/2017,2477.830000
07/27/2017,2475.420000
07/28/2017,2472.100000
07/31/2017,2470.300000
08/01/2017,2476.350000
08/02/2017,2477.570000
08/03/2017,2472.160000
08/04/2017,2476.830000
08/07/2017,2480.910000
08/08/2017,2474.920000
08/09/2017,2474.020000
08/10/2017,2438.210000
08/11/2017,2441.320000
08/14/2017,2465.840000
08/15/2017,2464.610000
08/16/2017,2468.110000
08/17/2017,2430.010000
08/18/2017,2425.550000
08/21/2017,2428.370000
08/22/2017,2452.510000
08/23/2017,2444.040000
08/24/2017,2438.970000
08/25/2017,2443.050000
08/28/2017,2444.240000
08/29/2017,2446.300000
08/30/2017,2457.590000
08/31/2017,2471.650000
09/01/2017,2476.550000
09/05/2017,2457.850000
09/06/2017,2465.540000
09/07/2017,2465.100000
09/08/2017,2461.430000
09/11/2017,2488.110000
09/12/2017,2496.480000
09/13/2017,2498.370000
09/14/2017,2495.620000
09/15/2017,2500.230000
09/18/2017,2503.870000
09/19/2017,2506.650000
09/20/2017,2508.240000
09/21/2017,2500.600000
09/22/2017,2502.220000
09/25/2017,2496.660000
09/26/2017,2496.840000
09/27/2017,2507.040000
09/28/2017,2510.060000
09/29/2017,2519.360000
10/02/2017,2529.120000
10/03/2017,2534.580000
10/04/2017,2537.740000
10/05/2017,2552.070000
10/06/2017,2549.330000
10/09/2017,2544.730000
10/10/2017,2550.640000
10/11/2017,2555.240000
10/12/2017,2550.930000
10/13/2017,2553.170000
10/16/2017,2557.640000
10/17/2017,2559.360000
10/18/2017,2561.260000
10/19/2017,2562.100000
10/20/2017,2575.210000
10/23/2017,2564.980000
10/24/2017,2569.130000
10/25/2017,2557.150000
10/26/2017,2560.400000
10/27/2017,2581.070000
10/30/2017,2572.830000
10/31/2017,2575.260000
11/01/2017,2579.360000
11/02/2017,2579.850000
11/03/2017,2587.840000
11/06/2017,2591.130000
11/07/2017,2590.640000
11/08/2017,2594.380000
11/09/2017,2584.620000
11/10/2017,2582.300000
11/13/2017,2584.840000
11/14/2017,2578.870000
11/15/2017,2564.620000
11/16/2017,2585.640000
11/17/2017,2578.850000
11/20/2017,2582.140000
11/21/2017,2599.030000
11/22/2017,2597.080000
11/24/2017,2602.420000
11/27/2017,2601.420000
11/28/2017,2627.040000
11/29/2017,2626.070000
11/30/2017,2647.580000
12/01/2017,2642.220000
12/04/2017,2639.440000
12/05/2017,2629.570000
12/06/2017,2629.270000
12/07/2017,2636.980000
12/08/2017,2651.500000
12/11/2017,2659.990000
12/12/2017,2664.110000
12/13/2017,2662.850000
12/14/2017,2652.010000
12/15/2017,2675.810000
12/18/2017,2690.160000
12/19/2017,2681.470000
12/20/2017,2679.250000
12/21/2017,2684.570000
12/22/2017,2683.340000
12/26/2017,2680.500000
12/27/2017,2682.620000
12/28/2017,2687.540000
12/29/2017,2673.610000
01/02/2018,2695.810000
01/03/2018,2713.060000
01/04/2018,2723.990000
01/05/2018,2743.150000
01/08/2018,2747.710000
01/09/2018,2751.290000
01/10/2018,2748.230000
01/11/2018,2767.560000
01/12/2018,2786.240000
01/16/2018,2776.420000
01/17/2018,2802.560000
01/18/2018,2798.030000
01/19/2018,2810.300000
01/22/2018,2832.970000
01/23/2018,2839.130000
01/24/2018,2837.540000
01/25/2018,2839.250000
01/26/2018,2872.870000
01/29/2018,2853.530000
01/30/2018,2822.430000
01/31/2018,2823.810000
02/01/2018,2821.980000
02/02/2018,2762.130000
02/05/2018,2648.940000
02/06/2018,2695.140000
02/07/2018,2681.660000
02/08/2018,2581.000000
02/09/2018,2619.550000
02/12/2018,2656.000000
02/13/2018,2662.940000
02/14/2018,2698.630000
02/15/2018,2731.200000
02/16/2018,2732.220000
02/20/2018,2716.260000
02/21/2018,2701.330000
02/22/2018,2703.960000
02/23/2018,2747.300000
02/26/2018,2779.600000
02/27/2018,2744.280000
02/28/2018,2713.830000
03/01/2018,2677.670000
03/02/2018,2691.250000
03/05/2018,2720.940000
03/06/2018,2728.120000
03/07/2018,2726.800000
03/08/2018,2738.970000
03/09/2018,2786.570000
03/12/2018,2783.020000
03/13/2018,2765.310000
03/14/2018,2749.480000
03/15/2018,2747.330000
03/16/2018,2752.010000
03/19/2018,2712.920000
03/20/2018,2716.940000
03/21/2018,2711.930000
03/22/2018,2643.690000
03/23/2018,2588.260000
03/26/2018,2658.550000
03/27/2018,2612.620000
03/28/2018,2605.000000
03/29/2018,2640.870000
04/02/2018,2581.880000
04/03/2018,2614.450000
04/04/2018,2644.690000
04/05/2018,2662.840000
04/06/2018,2604.470000
04/09/2018,2613.160000
04/10/2018,2656.870000
04/11/2018,2642.190000
04/12/2018,2663.990000
04/13/2018,2656.300000
04/16/2018,2677.840000
04/17/2018,2706.390000
04/18/2018,2708.640000
04/19/2018,2693.130000
04/20/2018,2670.140000
04/23/2018,2670.290000
04/24/2018,2634.560000
04/25/2018,2639.400000
04/26/2018,2666.940000
04/27/2018,2669.910000
04/30/2018,2648.050000
05/01/2018,2654.800000
05/02/2018,2635.670000
05/03/2018,2629.730000
05/04/2018,2663.420000
05/07/2018,2672.630000
05/08/2018,2671.920000
05/09/2018,2697.790000
05/10/2018,2723.070000
05/11/2018,2727.720000
05/14/2018,2730.130000
05/15/2018,2711.450000
05/16/2018,2722.460000
05/17/2018,2720.130000
05/18/2018,2712.970000
05/21/2018,2733.010000
05/22/2018,2724.440000
05/23/2018,2733.290000
05/24/2018,2727.760000
05/25/2018,2721.330000
05/29/2018,2689.860000
05/30/2018,2724.010000
05/31/2018,2705.270000
06/01/2018,2734.620000
06/04/2018,2746.870000
06/05/2018,2748.800000
06/06/2018,2772.350000
06/07/2018,2770.370000
06/08/2018,2779.030000
06/11/2018,2782.000000
06/12/2018,2786.850000
06/13/2018,2775.630000
06/14/2018,2782.490000
06/15/2018,2779.660000
06/18/2018,2773.750000
06/19/2018,2762.590000
06/20/2018,2767.320000
06/21/2018,2749.760000
06/22/2018,2754.880000
06/25/2018,2717.070000
06/26/2018,2723.060000
06/27/2018,2699.630000
06/28/2018,2716.310000
06/29/2018,2718.370000
07/02/2018,2726.710000
07/03/2018,2713.220000
07/05/2018,2736.610000
07/06/2018,2759.820000
07/09/2018,2784.170000
07/10/2018,2793.840000
07/11/2018,2774.020000
07/12/2018,2798.290000
07/13/2018,2801.310000
07/16/2018,2798.430000
07/17/2018,2809.550000
07/18/2018,2815.620000
07/19/2018,2804.490000
07/20/2018,2801.830000
07/23/2018,2806.980000
07/24/2018,2820.400000
07/25/2018,2846.070000
07/26/2018,2837.440000
07/27/2018,2818.820000
07/30/2018,2802.600000
07/31/2018,2816.290000
08/01/2018,2813.360000
08/02/2018,2827.220000
08/03/2018,2840.350000
08/06/2018,2850.400000
08/07/2018,2858.450000
08/08/2018,2857.700000
08/09/2018,2853.580000
08/10/2018,2833.280000
08/13/2018,2821.930000
08/14/2018,2839.960000
08/15/2018,2818.370000
08/16/2018,2840.690000
08/17/2018,2850.130000
08/20/2018,2857.050000
08/21/2018,2862.960000
08/22/2018,2861.820000
08/23/2018,2856.980000
08/24/2018,2874.690000
08/27/2018,2896.740000
08/28/2018,2897.520000
08/29/2018,2914.040000
08/30/2018,2901.130000
08/31/2018,2901.520000
09/04/2018,2896.720000
09/05/2018,2888.600000
09/06/2018,2878.050000
09/07/2018,2871.680000
09/10/2018,2877.130000
09/11/2018,2887.890000
09/12/2018,2888.920000
09/13/2018,2904.180000
09/14/2018,2904.980000
09/17/2018,2888.800000
09/18/2018,2904.310000
09/19/2018,2907.950000
09/20/2018,2930.750000
09/21/2018,2929.670000
09/24/2018,2919.370000
09/25/2018,2915.560000
09/26/2018,2905.970000
09/27/2018,2914.000000
09/28/2018,2913.980000
10/01/2018,2924.590000
10/02/2018,2923.430000
10/03/2018,2925.510000
10/04/2018,2901.610000
10/05/2018,2885.570000
10/08/2018,2884.430000
10/09/2018,2880.340000
10/10/2018,2785.680000
10/11/2018,2728.370000
10/12/2018,2767.130000
10/15/2018,2750.790000
10/16/2018,2809.920000
10/17/2018,2809.210000
10/18/2018,2768.780000
10/19/2018,2767.780000
10/22/2018,2755.880000
10/23/2018,2740.690000
10/24/2018,2656.100000
10/25/2018,2705.570000
10/26/2018,2658.690000
10/29/2018,2641.250000
10/30/2018,2682.630000
10/31/2018,2711.740000
11/01/2018,2740.370000
11/02/2018,2723.060000
11/05/2018,2738.310000
11/06/2018,2755.450000
11/07/2018,2813.890000
11/08/2018,2806.830000
11/09/2018,2781.010000
11/12/2018,2726.220000
11/13/2018,2722.180000
11/14/2018,2701.580000
11/15/2018,2730.200000
11/16/2018,2736.270000
11/19/2018,2690.730000
11/20/2018,2641.890000
11/21/2018,2649.930000
11/23/2018,2632.560000
11/26/2018,2673.450000
11/27/2018,2682.200000
11/28/2018,2743.780000
11/29/2018,2737.800000
11/30/2018,2760.159900
12/03/2018,2790.370000
12/04/2018,2700.060100
12/06/2018,2695.950000
12/07/2018,2633.080100
12/10/2018,2637.720000
12/11/2018,2636.780000
12/12/2018,2651.070100
12/13/2018,2650.540000
12/14/2018,2599.950000
12/17/2018,2545.939900
12/18/2018,2546.159900
12/19/2018,2506.960000
12/20/2018,2467.419900
12/21/2018,2416.580100
12/24/2018,2351.100100
12/26/2018,2467.700000
12/27/2018,2488.830100
12/28/2018,2485.740000
12/31/2018,2506.850100
01/02/2019,2510.030000
01/03/2019,2447.889900
01/04/2019,2531.939900
01/07/2019,2549.689900
01/08/2019,2574.409900
01/09/2019,2584.960000
01/10/2019,2596.639900
01/11/2019,2596.260000
01/14/2019,2582.610100
01/15/2019,2610.300000
01/16/2019,2616.100100
01/17/2019,2635.960000
01/18/2019,2670.710000
01/22/2019,2632.899900
01/23/2019,2638.700000
01/24/2019,2642.330100
01/25/2019,2664.760000
01/28/2019,2643.850100
01/29/2019,2640.000000
01/30/2019,2681.050000
01/31/2019,2704.100100
02/01/2019,2706.530000
02/04/2019,2724.870100
02/05/2019,2737.700000
02/06/2019,2731.610000
02/07/2019,2706.050000
02/08/2019,2707.880000
02/11/2019,2709.800000
02/12/2019,2744.730000
02/13/2019,2753.030000
02/14/2019,2745.730000
02/15/2019,2775.600000
02/19/2019,2779.760000
02/20/2019,2784.700000
02/21/2019,2774.880000
02/22/2019,2792.670000
02/25/2019,2796.110000
02/26/2019,2793.900000
02/27/2019,2792.380000
02/28/2019,2792.380000
03/01/2019,2803.690000
03/04/2019,2792.810000
03/05/2019,2789.650000
03/06/2019,2771.450000
03/07/2019,2748.930000
03/08/2019,2743.070000
03/11/2019,2783.300000
03/12/2019,2791.520000
03/13/2019,2810.920000
03/14/2019,2808.480000
03/15/2019,2822.480000
03/18/2019,2832.940000
03/19/2019,2832.570000
03/20/2019,2824.230000
03/21/2019,2854.880000
03/22/2019,2800.710000
03/25/2019,2798.360000
03/26/2019,2818.460000
03/27/2019,2805.370000
03/28/2019,2815.440000
03/29/2019,2834.400000
04/01/2019,2867.190000
04/02/2019,2867.240000
04/03/2019,2873.400000
04/04/2019,2879.390000
04/05/2019,2892.740000
04/08/2019,2895.770000
04/09/2019,2878.200000
04/10/2019,2888.210000
04/11/2019,2888.320000
04/12/2019,2907.410000
04/15/2019,2905.580000
04/16/2019,2907.060000
04/17/2019,2900.450000
04/18/2019,2905.030000
04/22/2019,2907.970000
04/23/2019,2933.680000
04/24/2019,2927.250000
04/25/2019,2926.170000
04/26/2019,2939.880000
04/29/2019,2943.030000
04/30/2019,2945.830000
05/01/2019,2923.730000
05/02/2019,2917.520000
05/03/2019,2945.640000
05/06/2019,2932.470000
05/07/2019,2884.050000
05/08/2019,2879.420000
05/09/2019,2870.720000
05/10/2019,2881.400000
05/13/2019,2811.870000
05/14/2019,2834.410000
05/15/2019,2850.960000
05/16/2019,2876.320000
05/17/2019,2859.530000
05/20/2019,2840.230000
05/21/2019,2864.360000
05/22/2019,2856.270000
05/23/2019,2822.240000
05/24/2019,2826.060000
05/28/2019,2802.390000
05/29/2019,2783.020000
05/30/2019,2788.860000
05/31/2019,2752.060000
06/03/2019,2744.450000
06/04/2019,2803.270000
06/05/2019,2826.150000
06/06/2019,2843.490000
06/07/2019,2873.340000
06/10/2019,2886.730000
06/11/2019,2885.720000
06/12/2019,2879.840000
06/13/2019,2891.640000
06/14/2019,2886.980000
06/17/2019,2889.670000
06/18/2019,2917.750000
06/19/2019,2926.460000
06/20/2019,2954.180000
06/21/2019,2950.460000
06/24/2019,2945.350000
06/25/2019,2917.380000
06/26/2019,2913.780000
06/27/2019,2924.920000
06/28/2019,2941.760000
07/01/2019,2964.330000
07/02/2019,2973.010000
07/03/2019,2995.820000
07/05/2019,2990.410000
07/08/2019,2975.950000
07/09/2019,2979.630000
07/10/2019,2993.070000
07/11/2019,2999.910000
07/12/2019,3013.770000
07/15/2019,3014.300000
07/16/2019,3004.040000
07/17/2019,2984.420000
07/18/2019,2995.110000
07/19/2019,2976.610000
07/22/2019,2985.030000
07/23/2019,3005.470000
07/24/2019,3019.560000
07/25/2019,3003.670000
07/26/2019,3025.860000
07/29/2019,3020.970000
07/30/2019,3013.180000
07/31/2019,2980.380000
08/01/2019,2953.560000
08/02/2019,2932.050000
08/05/2019,2844.740000
08/06/2019,2881.770000
08/07/2019,2883.980000
08/08/2019,2938.090000
08/09/2019,2918.650000
08/12/2019,2883.750000
08/13/2019,2926.320000
08/14/2019,2840.600000
08/15/2019,2847.600000
08/16/2019,2888.680000
08/19/2019,2923.650000
08/20/2019,2900.510000
08/21/2019,2924.430000
08/22/2019,2922.950000
08/23/2019,2847.110000
08/26/2019,2878.380000
08/27/2019,2869.160000
08/28/2019,2887.940000
08/29/2019,2924.580000
08/30/2019,2926.460000
09/03/2019,2906.270000
09/04/2019,2937.780000
09/05/2019,2976.000000
09/06/2019,2978.710000
09/09/2019,2978.430000
09/10/2019,2979.390000
09/11/2019,3000.930000
09/12/2019,3009.570000
09/13/2019,3007.390000
09/16/2019,2997.960000
09/17/2019,3005.700000
09/18/2019,3006.730000
09/19/2019,3006.790000
09/20/2019,2992.070000
09/23/2019,2991.780000
09/24/2019,2966.600000
09/25/2019,2984.870000
09/26/2019,2977.620000
09/27/2019,2961.790000
09/30/2019,2976.740000
10/01/2019,2940.250000
10/02/2019,2887.610000
10/03/2019,2910.630000
10/04/2019,2952.010000
10/07/2019,2938.790000
10/08/2019,2893.060000
10/09/2019,2919.400000
10/10/2019,2938.130000
10/11/2019,2970.270000
10/14/2019,2966.150000
10/15/2019,2995.680000
10/16/2019,2989.690000
10/17/2019,2997.950000
10/18/2019,2986.200000
10/21/2019,3006.720000
10/22/2019,2995.990000
10/23/2019,3004.520000
10/24/2019,3010.290000
10/25/2019,3022.550000
10/28/2019,3039.420000
10/29/2019,3036.890000
10/30/2019,3046.770000
10/31/2019,3037.560000
11/01/2019,3066.910000
11/04/2019,3078.270000
11/05/2019,3074.620000
11/06/2019,3076.780000
11/07/2019,3085.180000
11/08/2019,3093.080000
11/11/2019,3087.010000
11/12/2019,3091.840000
11/13/2019,3094.040000
11/14/2019,3096.630000
11/15/2019,3120.460000
11/18/2019,3122.030000
11/19/2019,3120.180000
11/20/2019,3108.460000
11/21/2019,3103.540000
11/22/2019,3110.290000
11/25/2019,3133.640000
11/26/2019,3140.520000
11/27/2019,3153.630000
11/29/2019,3140.980000
12/02/2019,3113.870000
12/03/2019,3093.200000
12/04/2019,3112.760000
12/05/2019,3117.430000
12/06/2019,3145.910000
12/09/2019,3135.960000
12/10/2019,3132.520000
12/11/2019,3141.630000
12/12/2019,3168.570000
12/13/2019,3168.800000
12/16/2019,3191.450000
12/17/2019,3192.520000
12/18/2019,3191.140000
12/19/2019,3205.370000
12/20/2019,3221.220000
12/23/2019,3224.010000
12/24/2019,3223.380000
12/26/2019,3239.910000
12/27/2019,3240.020000
12/30/2019,3221.290000
12/31/2019,3230.780000
01/02/2020,3257.850000
01/03/2020,3234.850000
01/06/2020,3246.280000
01/07/2020,3237.180000
01/08/2020,3253.050000
01/09/2020,3274.700000
01/10/2020,3265.350000
01/13/2020,3288.130000
01/14/2020,3283.150000
01/15/2020,3289.290000
01/16/2020,3316.810000
01/17/2020,3329.620000
01/21/2020,3320.790000
01/22/2020,3321.750000
01/23/2020,3325.540000
01/24/2020,3295.470000
01/27/2020,3243.630000
01/28/2020,3276.240000
01/29/2020,3273.400000
01/30/2020,3283.660000
01/31/2020,3225.520000
02/03/2020,3248.920000
02/04/2020,3297.590000
02/05/2020,3334.690000
02/06/2020,3345.780000
02/07/2020,3327.710000
02/10/2020,3352.090000
02/11/2020,3357.750000
02/12/2020,3379.450000
02/13/2020,3373.940000
02/14/2020,3380.160000
02/18/2020,3370.290000
02/19/2020,3386.150000
02/20/2020,3373.230000
02/21/2020,3337.750000
02/24/2020,3225.890000
02/25/2020,3128.210000
02/26/2020,3116.390000
02/27/2020,2978.760000
02/28/2020,2954.220000
03/02/2020,3090.230000
03/03/2020,3003.370000
03/04/2020,3130.120000
03/05/2020,3023.940000
03/06/2020,2972.370000
03/09/2020,2746.560000
03/10/2020,2882.230000
03/11/2020,2741.380000
03/12/2020,2480.640000
03/13/2020,2710.950000
03/16/2020,2386.130000
03/17/2020,2529.190000
03/18/2020,2398.100000
03/19/2020,2409.390000
03/20/2020,2304.920000
03/23/2020,2237.400000
03/24/2020,2447.330000
03/25/2020,2475.560000
03/26/2020,2630.070000
03/27/2020,2541.470000
03/30/2020,2626.650000
03/31/2020,2584.590000
04/01/2020,2470.500000
04/02/2020,2526.900000
04/03/2020,2488.650000
04/06/2020,2663.680000
04/07/2020,2659.410000
04/08/2020,2749.980000
04/09/2020,2789.820000
04/13/2020,2761.630000
04/14/2020,2846.060000
04/15/2020,2783.360000
04/16/2020,2799.550000
04/17/2020,2874.560000
04/20/2020,2823.160000
04/21/2020,2736.560000
04/22/2020,2799.310000
04/23/2020,2797.800000
04/24/2020,2836.740000
04/27/2020,2878.480000
04/28/2020,2863.390000
04/29/2020,2939.510000
04/30/2020,2912.430000
05/01/2020,2830.710000
05/04/2020,2842.740000
05/05/2020,2868.440000
05/06/2020,2848.420000
05/07/2020,2881.190000
05/08/2020,2929.800000
05/11/2020,2930.320000
05/12/2020,2870.120000
05/13/2020,2820.000000
05/14/2020,2852.500000
05/15/2020,2863.700000
05/18/2020,2953.910000
05/19/2020,2922.940000
05/20/2020,2971.610000
05/21/2020,2948.510000
05/22/2020,2955.450000
05/26/2020,2991.770000
05/27/2020,3036.130000
05/28/2020,3029.730000
05/29/2020,3044.310000
06/01/2020,3055.730000
06/02/2020,3080.820000
06/03/2020,3122.870000
06/04/2020,3112.350000
06/05/2020,3193.930000
06/08/2020,3232.390000
06/09/2020,3207.180000
06/10/2020,3190.140000
06/11/2020,3002.100000
06/12/2020,3041.310000
06/15/2020,3066.590000
06/16/2020,3124.740000
06/17/2020,3113.490000
06/18/2020,3115.340000
06/19/2020,3097.740000
06/22/2020,3117.860000
06/23/2020,3131.290000
06/24/2020,3050.330000
06/25/2020,3083.760000
06/26/2020,3009.050000
06/29/2020,3053.240000
06/30/2020,3100.290000
07/01/2020,3115.860000
07/02/2020,3130.010000
07/06/2020,3179.720000
07/07/2020,3145.320000
07/08/2020,3169.940000
07/09/2020,3152.050000
07/10/2020,3185.040000
07/13/2020,3155.220000
07/14/2020,3197.520000
07/15/2020,3226.560000
07/16/2020,3215.570000
07/17/2020,3224.730000
07/20/2020,3251.840000
07/21/2020,3257.300000
07/22/2020,3276.020000
07/23/2020,3235.660000
07/24/2020,3215.630000
07/27/2020,3239.410000
07/28/2020,3218.440000
07/29/2020,3258.440000
07/30/2020,3246.220000
07/31/2020,3271.120000
08/03/2020,3294.610000
08/04/2020,3306.510000
08/05/2020,3327.770000
08/06/2020,3349.160000
08/07/2020,3351.280000
08/10/2020,3360.470000
08/11/2020,3333.690000
08/12/2020,3380.350000
08/13/2020,3373.430000
08/14/2020,3372.850000
08/17/2020,3381.990000
08/18/2020,3389.780000
08/19/2020,3374.850000
08/20/2020,3385.510000
08/21/2020,3397.160000
08/24/2020,3431.280000
08/25/2020,3443.620000
08/26/2020,3478.730000
08/27/2020,3484.550000
08/28/2020,3508.010000
08/31/2020,3500.310000
09/01/2020,3526.650000
09/02/2020,3580.840000
09/03/2020,3455.060000
09/04/2020,3426.960000
09/08/2020,3331.840000
09/09/2020,3398.960000
09/10/2020,3339.190000
09/11/2020,3340.970000
09/14/2020,3383.540000
09/15/2020,3401.200000
09/16/2020,3385.490000
09/17/2020,3357.010000
09/18/2020,3319.470000
09/21/2020,3281.060000
09/22/2020,3315.570000
09/23/2020,3236.920000
09/24/2020,3246.590000
09/25/2020,3298.460000
09/28/2020,3351.600000
09/29/2020,3335.470000
09/30/2020,3363.000000
10/01/2020,3380.800000
10/02/2020,3348.440000
10/05/2020,3408.600000
10/06/2020,3360.970000
10/07/2020,3419.450000
10/08/2020,3446.830000
10/09/2020,3477.130000
10/12/2020,3534.220000
10/13/2020,3511.930000
10/14/2020,3488.670000
10/15/2020,3483.340000
10/16/2020,3483.810000
10/19/2020,3426.920000
10/20/2020,3443.120000
10/21/2020,3435.560000
10/22/2020,3453.490000
10/23/2020,3465.390000
10/26/2020,3400.970000
10/27/2020,3390.680000
10/28/2020,3271.030000
10/29/2020,3310.110000
10/30/2020,3269.960000
11/02/2020,3310.240000
11/03/2020,3369.160000
11/04/2020,3443.440000
11/05/2020,3510.450000
11/06/2020,3509.440000
11/09/2020,3550.500000
11/10/2020,3545.530000
11/11/2020,3572.660000
11/12/2020,3537.010000
11/13/2020,3585.150000
11/16/2020,3626.910000
11/17/2020,3609.530000
11/18/2020,3567.790000
11/19/2020,3581.870000
11/20/2020,3557.540000
11/23/2020,3577.590000
11/24/2020,3635.410000
11/25/2020,3629.650000
11/27/2020,3638.350000
11/30/2020,3621.630000
12/01/2020,3662.450000
12/02/2020,3669.010000
12/03/2020,3666.720000
12/04/2020,3699.120000
12/07/2020,3691.960000
12/08/2020,3702.250000
12/09/2020,3672.820000
12/10/2020,3668.100000
12/11/2020,3663.460000
12/14/2020,3647.490000
12/15/2020,3694.620000
12/16/2020,3701.170000
12/17/2020,3722.480000
12/18/2020,3709.410000
12/21/2020,3694.920000
12/22/2020,3687.260000
12/23/2020,3690.010000
12/24/2020,3703.060000
12/28/2020,3735.360000
12/29/2020,3727.040000
12/30/2020,3732.040000
12/31/2020,3756.070000
01/04/2021,3700.650000
01/05/2021,3726.860000
01/06/2021,3748.140000
01/07/2021,3803.790000
01/08/2021,3824.680000
01/11/2021,3799.610000
01/12/2021,3801.190000
01/13/2021,3809.840000
01/14/2021,3795.540000
01/15/2021,3768.250000
01/19/2021,3798.910000
01/20/2021,3851.850000
01/21/2021,3853.070000
01/22/2021,3841.470000
01/25/2021,3855.360000
01/26/2021,3849.620000
01/27/2021,3750.770000
01/28/2021,3787.380000
01/29/2021,3714.240000
02/01/2021,3773.860000
02/02/2021,3826.310000
02/03/2021,3830.170000
02/04/2021,3871.740000
02/05/2021,3886.830000
02/08/2021,3915.590000
02/09/2021,3911.230000
02/10/2021,3909.880000
02/11/2021,3916.380000
02/12/2021,3934.830000
02/16/2021,3932.590000
02/17/2021,3931.330000
02/18/2021,3913.970000
02/19/2021,3906.710000
02/22/2021,3876.500000
02/23/2021,3881.370000
02/24/2021,3925.430000
02/25/2021,3829.340000
02/26/2021,3811.150000
03/01/2021,3901.820000
03/02/2021,3870.290000
03/03/2021,3819.720000
03/04/2021,3768.470000
03/05/2021,3841.940000
03/08/2021,3821.350000
03/09/2021,3875.440000
03/10/2021,3898.810000
03/11/2021,3939.340000
03/12/2021,3943.340000
03/15/2021,3968.940000
03/16/2021,3962.710000
03/17/2021,3974.120000
03/18/2021,3915.460000
03/19/2021,3913.100000
03/22/2021,3940.590000
03/23/2021,3910.520000
03/24/2021,3889.140000
03/25/2021,3909.520000
03/26/2021,3974.540000
03/29/2021,3971.090000
03/30/2021,3958.550000
03/31/2021,3972.890000
04/01/2021,4019.870000
04/05/2021,4077.910000
04/06/2021,4073.940000
04/07/2021,4079.950000
04/08/2021,4097.170000
04/09/2021,4128.800000
04/12/2021,4127.990000
04/13/2021,4141.590000
04/14/2021,4124.660000
04/15/2021,4170.420000
04/16/2021,4185.470000
04/19/2021,4163.260000
04/20/2021,4134.940000
04/21/2021,4173.420000
04/22/2021,4134.980000
04/23/2021,4180.170000
04/26/2021,4187.620000
04/27/2021,4186.720000
04/28/2021,4183.180000
04/29/2021,4211.470000
04/30/2021,4181.170000
05/03/2021,4192.660000
05/04/2021,4164.660000
05/05/2021,4167.590000
05/06/2021,4201.620000
05/07/2021,4232.600000
05/10/2021,4188.430000
05/11/2021,4152.100000
05/12/2021,4063.040000
05/13/2021,4112.500000
05/14/2021,4173.850000
05/17/2021,4163.290000
05/18/2021,4127.830000
05/19/2021,4115.680000
05/20/2021,4159.120000
05/21/2021,4155.860000
05/24/2021,4197.050000
05/25/2021,4188.130000
05/26/2021,4195.990000
05/27/2021,4200.880000
05/28/2021,4204.110000
06/01/2021,4202.040000
06/02/2021,4208.120000
06/03/2021,4192.850000
06/04/2021,4229.890000
06/07/2021,4226.520000
06/08/2021,4227.260000
06/09/2021,4219.550000
06/10/2021,4239.180000
06/11/2021,4247.440000
06/14/2021,4255.150000
06/15/2021,4246.590000
06/16/2021,4223.700000
06/17/2021,4221.860000
06/18/2021,4166.450000
06/21/2021,4224.790000
06/22/2021,4246.440000
06/23/2021,4241.840000
06/24/2021,4266.490000
06/25/2021,4280.700000
06/28/2021,4290.610000
06/29/2021,4291.800000
06/30/2021,4297.500000
07/01/2021,4319.940000
07/02/2021,4352.340000
07/06/2021,4343.540000
07/07/2021,4358.130000
07/08/2021,4320.820000
07/09/2021,4369.550000
07/12/2021,4384.630000
07/13/2021,4369.210000
07/14/2021,4374.300000
07/15/2021,4360.030000
07/16/2021,4327.160000
07/19/2021,4258.490000
07/20/2021,4323.060000
07/21/2021,4358.690000
07/22/2021,4367.480000
07/23/2021,4411.790000
07/26/2021,4422.300000
07/27/2021,4401.460000
07/28/2021,4400.640000
07/29/2021,4419.150000
07/30/2021,4395.260000
08/02/2021,4387.160000
08/03/2021,4423.150000
08/04/2021,4402.660000
08/05/2021,4429.100000
08/06/2021,4436.520000
08/09/2021,4432.350000
08/10/2021,4436.750000
08/11/2021,4447.700000
08/12/2021,4460.830000
08/13/2021,4468.000000
08/16/2021,4479.710000
08/17/2021,4448.080000
08/18/2021,4400.270000
08/19/2021,4405.800000
08/20/2021,4441.670000
08/23/2021,4479.530000
08/24/2021,4486.230000
08/25/2021,4496.190000
08/26/2021,4470.000000
08/27/2021,4509.370000
08/30/2021,4528.790000
08/31/2021,4522.680000
09/01/2021,4524.090000
09/02/2021,4536.950000
09/03/2021,4535.430000
09/07/2021,4520.030000
09/08/2021,4514.070000
09/09/2021,4493.280000
09/10/2021,4458.580000
09/13/2021,4468.730000
09/14/2021,4443.050000
09/15/2021,4480.700000
09/16/2021,4473.750000
09/17/2021,4432.990000
09/20/2021,4357.730000
09/21/2021,4354.190000
09/22/2021,4395.640000
09/23/2021,4448.980000
09/24/2021,4455.480000
09/27/2021,4443.110000
09/28/2021,4352.630000
09/29/2021,4359.460000
09/30/2021,4307.540000
10/01/2021,4357.040000
10/04/2021,4300.460000
10/05/2021,4345.720000
10/06/2021,4363.550000
10/07/2021,4399.760000
10/08/2021,4391.340000
10/11/2021,4361.190000
10/12/2021,4350.650000
10/13/2021,4363.800000
10/14/2021,4438.260000
10/15/2021,4471.370000
10/18/2021,4486.460000
10/19/2021,4519.630000
10/20/2021,4536.190000
10/21/2021,4549.780000
10/22/2021,4544.900000
10/25/2021,4566.480000
10/26/2021,4574.790000
10/27/2021,4551.680000
10/28/2021,4596.420000
10/29/2021,4605.380000
11/01/2021,4613.670000
11/02/2021,4630.650000
11/03/2021,4660.570000
11/04/2021,4680.060000
11/05/2021,4697.530000
11/08/2021,4701.700000
11/09/2021,4685.250000
11/10/2021,4646.710000
11/11/2021,4649.270000
11/12/2021,4682.850000
11/15/2021,4682.800000
11/16/2021,4700.900000
11/17/2021,4688.670000
11/18/2021,4704.540000
11/19/2021,4697.960000
11/22/2021,4682.940000
11/23/2021,4690.700000
11/24/2021,4701.460000
11/26/2021,4594.620000
11/29/2021,4655.270000
11/30/2021,4567.000000
12/01/2021,4513.040000
12/02/2021,4577.100000
12/03/2021,4538.430000
12/06/2021,4591.670000
12/07/2021,4686.750000
12/08/2021,4701.210000
12/09/2021,4667.450000
12/10/2021,4712.020000
12/13/2021,4668.970000
12/14/2021,4634.090000
12/15/2021,4709.850000
12/16/2021,4668.670000
12/17/2021,4620.640000
12/20/2021,4568.020000
12/21/2021,4649.230000
12/22/2021,4696.560000
12/23/2021,4725.790000
12/27/2021,4791.190000
12/28/2021,4786.350000
12/29/2021,4793.060000
12/30/2021,4778.730000
12/31/2021,4766.180000
01/03/2022,4796.560000
01/04/2022,4793.540000
01/05/2022,4700.580000
01/06/2022,4696.050000
01/07/2022,4677.030000
01/10/2022,4670.290000
01/11/2022,4713.070000
01/12/2022,4726.350000
01/13/2022,4659.030000
01/14/2022,4662.850000
01/18/2022,4577.110000
01/19/2022,4532.760000
01/20/2022,4482.730000
01/21/2022,4397.940000
01/24/2022,4410.130000
01/25/2022,4356.450000
01/26/2022,4349.930000
01/27/2022,4326.510000
01/28/2022,4431.850000
01/31/2022,4515.550000
02/01/2022,4546.540000
02/02/2022,4589.380000
02/03/2022,4477.440000
02/04/2022,4500.530000
02/07/2022,4483.870000
02/08/2022,4521.540000
02/09/2022,4587.180000
02/10/2022,4504.080000
02/11/2022,4418.640000
02/14/2022,4401.670000
02/15/2022,4471.070000
02/16/2022,4475.010000
02/17/2022,4380.260000
02/18/2022,4348.870000
02/22/2022,4304.760000
02/23/2022,4225.500000
02/24/2022,4288.700000
02/25/2022,4384.650000
02/28/2022,4373.940000
03/01/2022,4306.260000
03/02/2022,4386.540000
03/03/2022,4363.490000
03/04/2022,4328.870000
03/07/2022,4201.090000
03/08/2022,4170.700000
03/09/2022,4277.880000
03/10/2022,4259.520000
03/11/2022,4204.310000
03/14/2022,4173.110000
03/15/2022,4262.450000
03/16/2022,4357.860000
03/17/2022,4411.670000
03/18/2022,4463.120000
03/21/2022,4461.180000
03/22/2022,4511.610000
03/23/2022,4456.240000
03/24/2022,4520.160000
03/25/2022,4543.060000
03/28/2022,4575.520000
03/29/2022,4631.600000
03/30/2022,4602.450000
03/31/2022,4530.410000
04/01/2022,4545.860000
04/04/2022,4582.640000
04/05/2022,4525.120000
04/06/2022,4481.150000
04/07/2022,4500.210000
04/08/2022,4488.280000
04/11/2022,4412.530000
04/12/2022,4397.450000
04/13/2022,4446.590000
04/14/2022,4392.590000
04/18/2022,4391.690000
04/19/2022,4462.210000
04/20/2022,4459.450000
04/21/2022,4393.660000
04/22/2022,4271.780000
04/25/2022,4296.120000
04/26/2022,4175.200000
04/27/2022,4183.960000
04/28/2022,4287.500000
04/29/2022,4131.930000
05/02/2022,4155.380000
05/03/2022,4175.480000
05/04/2022,4300.170000
05/05/2022,4146.870000
05/06/2022,4123.340000
05/09/2022,3991.240000
05/10/2022,4001.050000
05/11/2022,3935.180000
05/12/2022,3930.080000
05/13/2022,4023.890000
05/16/2022,4008.010000
05/17/2022,4088.850000
05/18/2022,3923.680000
05/19/2022,3900.790000
05/20/2022,3901.360000
05/23/2022,3973.750000
05/24/2022,3941.480000
05/25/2022,3978.730000
05/26/2022,4057.840000
05/27/2022,4158.240000
05/31/2022,4132.150000
06/01/2022,4101.230000
06/02/2022,4176.820000
06/03/2022,4108.540000
06/06/2022,4121.430000
06/07/2022,4160.680000
06/08/2022,4115.770000
06/09/2022,4017.820000
06/10/2022,3900.860000
06/13/2022,3749.630000
06/14/2022,3735.480000
06/15/2022,3789.990000
06/16/2022,3666.770000
06/17/2022,3674.840000
06/21/2022,3764.790000
06/22/2022,3759.890000
06/23/2022,3795.730000
06/24/2022,3911.740000
06/27/2022,3900.110000
06/28/2022,3821.550000
06/29/2022,3818.830000
06/30/2022,3785.380000
07/01/2022,3825.330000
07/05/2022,3831.390000
07/06/2022,3845.080000
07/07/2022,3902.620000
07/08/2022,3899.380000
07/11/2022,3854.430000
07/12/2022,3818.800000
07/13/2022,3801.780000
07/14/2022,3790.380000
07/15/2022,3863.160000
07/18/2022,3830.850000
07/19/2022,3936.690000
07/20/2022,3959.900000
07/21/2022,3998.950000
07/22/2022,3961.630000
07/25/2022,3966.840000
07/26/2022,3921.050000
07/27/2022,4023.610000
07/28/2022,4072.430000
07/29/2022,4130.290000
08/01/2022,4118.630000
08/02/2022,4091.190000
08/03/2022,4155.170000
08/04/2022,4151.940000
08/05/2022,4145.190000
08/08/2022,4140.060000
08/09/2022,4122.470000
08/10/2022,4210.240000
08/11/2022,4207.270000
08/12/2022,4280.150000
08/15/2022,4297.140000
08/16/2022,4305.200000
08/17/2022,4274.040000
08/18/2022,4283.740000
08/19/2022,4228.480000
08/22/2022,4137.990000
08/23/2022,4128.730000
08/24/2022,4140.770000
08/25/2022,4199.120000
08/26/2022,4057.660000
08/29/2022,4030.610000
08/30/2022,3986.160000
08/31/2022,3955.000000
09/01/2022,3966.850000
09/02/2022,3924.260000
09/06/2022,3908.190000
09/07/2022,3979.870000
09/08/2022,4006.180000
09/09/2022,4067.360000
09/12/2022,4110.410000
09/13/2022,3932.690000
09/14/2022,3946.010000
09/15/2022,3901.350000
09/16/2022,3873.330000
09/19/2022,3899.890000
09/20/2022,3855.930000
09/21/2022,3789.930000
09/22/2022,3757.990000
09/23/2022,3693.230000
09/26/2022,3655.040000
09/27/2022,3647.290000
09/28/2022,3719.040000
09/29/2022,3640.470000
09/30/2022,3585.620000
10/03/2022,3678.430000
10/04/2022,3790.930000
10/05/2022,3783.280000
10/06/2022,3744.520000
10/07/2022,3639.660000
10/10/2022,3612.390000
10/11/2022,3588.840000
10/12/2022,3577.030000
10/13/2022,3669.910000
10/14/2022,3583.070000
10/17/2022,3677.950000
10/18/2022,3719.980000
10/19/2022,3695.160000
10/20/2022,3665.780000
10/21/2022,3752.750000
10/24/2022,3797.340000
10/25/2022,3859.110000
10/26/2022,3830.600000
10/27/2022,3807.300000
10/28/2022,3901.060000
10/31/2022,3871.980000
11/01/2022,3856.100000
11/02/2022,3759.690000
11/03/2022,3719.890000
11/04/2022,3770.550000
11/07/2022,3806.800000
11/08/2022,3828.110000
11/09/2022,3748.570000
11/10/2022,3956.370000
11/11/2022,3992.930000
11/14/2022,3957.250000
11/15/2022,3991.730000
11/16/2022,3958.790000
11/17/2022,3946.560000
11/18/2022,3965.340000
11/21/2022,3949.940000
11/22/2022,4003.580000
11/23/2022,4027.260000
11/25/2022,4026.120000
11/28/2022,3963.940000
11/29/2022,3957.630000
11/30/2022,4080.110000
12/01/2022,4076.570000
12/02/2022,4071.700000
12/05/2022,3998.840000
12/06/2022,3941.260000
12/07/2022,3933.920000
12/08/2022,3963.510000
12/09/2022,3934.380000
12/12/2022,3990.560000
12/13/2022,4019.650000
12/14/2022,3995.320000
12/15/2022,3895.750000
12/16/2022,3852.360000
12/19/2022,3817.660000
12/20/2022,3821.620000
12/21/2022,3878.440000
12/22/2022,3822.390000
12/23/2022,3844.820000
12/27/2022,3829.250000
12/28/2022,3783.220000
12/29/2022,3849.280000
12/30/2022,3839.500000
01/03/2023,3824.140000
01/04/2023,3852.970000
01/05/2023,3808.100000
01/06/2023,3895.080000
01/09/2023,3892.090000
01/10/2023,3919.250000
01/11/2023,3969.610000
01/12/2023,3983.170000
01/13/2023,3999.090000
01/17/2023,3990.970000
01/18/2023,3928.860000
01/19/2023,3898.850000
01/20/2023,3972.610000
01/23/2023,4019.810000
01/24/2023,4016.950000
01/25/2023,4016.220000
01/26/2023,4060.430000
01/27/2023,4070.560000
01/30/2023,4017.770000
01/31/2023,4076.600000
02/01/2023,4119.210000
02/02/2023,4179.760000
02/03/2023,4136.480000
02/06/2023,4111.080000
02/07/2023,4164.000000
02/08/2023,4117.860000
02/09/2023,4081.500000
02/10/2023,4090.460000
02/13/2023,4137.290000
02/14/2023,4136.130000
02/15/2023,4147.600000
02/16/2023,4090.410000
02/17/2023,4079.090000
02/21/2023,3997.340000
02/22/2023,3991.050000
02/23/2023,4012.320000
02/24/2023,3970.040000
02/27/2023,3982.240000
02/28/2023,3970.150000
03/01/2023,3951.390000
03/02/2023,3981.350000
03/03/2023,4045.640000
03/06/2023,4048.420000
03/07/2023,3986.370000
03/08/2023,3992.010000
03/09/2023,3918.320000
03/10/2023,3861.590000
03/13/2023,3855.760000
03/14/2023,3919.290000
03/15/2023,3891.930000
03/16/2023,3960.280000
03/17/2023,3916.640000
03/20/2023,3951.570000
03/21/2023,4002.870000
03/22/2023,3936.970000
03/23/2023,3948.720000
03/24/2023,3970.990000
03/27/2023,3977.530000
03/28/2023,3971.270000
03/29/2023,4027.810000
03/30/2023,4050.830000
03/31/2023,4109.310000
04/03/2023,4124.510000
04/04/2023,4100.600000
04/05/2023,4090.380000
04/06/2023,4105.020000
04/10/2023,4109.110000
04/11/2023,4108.940000
04/12/2023,4091.950000
04/13/2023,4146.220000
04/14/2023,4137.640000
04/17/2023,4151.320000
04/18/2023,4154.870000
04/19/2023,4154.520000
04/20/2023,4129.790000
04/21/2023,4133.520000
04/24/2023,4137.040000
04/25/2023,4071.630000
04/26/2023,4055.990000
04/27/2023,4135.350000
04/28/2023,4169.480000
05/01/2023,4167.870000
05/02/2023,4119.580000
05/03/2023,4090.750000
05/04/2023,4061.220000
05/05/2023,4136.250000
05/08/2023,4138.120000
05/09/2023,4119.170000
05/10/2023,4137.640000
05/11/2023,4130.620000
05/12/2023,4124.080000
05/15/2023,4136.280000
05/16/2023,4109.900000
05/17/2023,4158.770000
05/18/2023,4198.050000
05/19/2023,4191.980000
05/22/2023,4192.630000
05/23/2023,4145.580000
05/24/2023,4115.240000
05/25/2023,4151.280000
05/26/2023,4205.450000
05/30/2023,4205.520000
05/31/2023,4179.830000
06/01/2023,4221.020000
06/02/2023,4282.370000
06/05/2023,4273.790000
06/06/2023,4283.850000
06/07/2023,4267.520000
06/08/2023,4293.930000
06/09/2023,4298.860000
06/12/2023,4338.930000
06/13/2023,4369.010000
06/14/2023,4372.590000
06/15/2023,4425.840000
06/16/2023,4409.590000
06/20/2023,4388.710000
06/21/2023,4365.690000
06/22/2023,4381.890000
06/23/2023,4348.330000
06/26/2023,4328.820000
06/27/2023,4378.410000
06/28/2023,4376.860000
06/29/2023,4396.440000
06/30/2023,4450.380000
07/03/2023,4455.590000
07/05/2023,4446.820000
07/06/2023,4411.590000
07/07/2023,4398.950000
07/10/2023,4409.530000
07/11/2023,4439.260000
07/12/2023,4472.160000
07/13/2023,4510.040000
07/14/2023,4505.420000
07/17/2023,4522.790000
07/18/2023,4554.980000
07/19/2023,4565.720000
07/20/2023,4534.870000
07/21/2023,4536.340000
07/24/2023,4554.640000
07/25/2023,4567.460000
07/26/2023,4566.750000
07/27/2023,4537.410000
07/28/2023,4582.230000
07/31/2023,4588.960000
08/01/2023,4576.730000
08/02/2023,4513.390000
08/03/2023,4501.890000
08/04/2023,4478.030000
08/07/2023,4518.440000
08/08/2023,4499.380000
08/09/2023,4467.710000
08/10/2023,4468.830000
08/11/2023,4464.050000
08/14/2023,4489.720000
08/15/2023,4437.860000
08/16/2023,4404.330000
08/17/2023,4370.360000
08/18/2023,4369.710000
08/21/2023,4399.770000
08/22/2023,4387.550000
08/23/2023,4436.010000
08/24/2023,4376.310000
08/25/2023,4405.710000
08/28/2023,4433.310000
08/29/2023,4497.630000
08/30/2023,4514.870000
08/31/2023,4507.660000
09/01/2023,4515.770000
09/05/2023,4496.830000
09/06/2023,4465.480000
09/07/2023,4451.140000
09/08/2023,4457.490000
09/11/2023,4487.460000
09/12/2023,4461.900000
09/13/2023,4467.440000
09/14/2023,4505.100000
09/15/2023,4450.320000
09/18/2023,4453.530000
09/19/2023,4443.950000
09/20/2023,4402.200000
09/21/2023,4330.000000
09/22/2023,4320.060000
09/25/2023,4337.440000
09/26/2023,4273.530000
09/27/2023,4274.510000
09/28/2023,4299.700000
09/29/2023,4288.050000
10/02/2023,4288.390000
10/03/2023,4229.450000
10/04/2023,4263.750000
10/05/2023,4258.190000
10/06/2023,4308.500000
10/09/2023,4335.660000
10/10/2023,4358.240000
10/11/2023,4376.950000
10/12/2023,4349.610000
10/13/2023,4327.780000
10/16/2023,4373.630000
10/17/2023,4373.200000
10/18/2023,4314.600000
10/19/2023,4278.000000
10/20/2023,4224.160000
10/23/2023,4217.040000
10/24/2023,4247.680000
10/25/2023,4186.770000
10/26/2023,4137.230000
10/27/2023,4117.370000
10/30/2023,4166.820000
10/31/2023,4193.800000
11/01/2023,4237.860000
11/02/2023,4317.780000
11/03/2023,4358.340000
11/06/2023,4365.980000
11/07/2023,4378.380000
11/08/2023,4382.780000
11/09/2023,4347.350000
11/10/2023,4415.240000
11/13/2023,4411.550000
11/14/2023,4495.700000
11/15/2023,4502.880000
11/16/2023,4508.240000
11/17/2023,4514.020000
11/20/2023,4547.380000
11/21/2023,4538.190000
11/22/2023,4556.620000
11/24/2023,4559.340000
11/27/2023,4550.430000
11/28/2023,4554.890000
11/29/2023,4550.580000
11/30/2023,4567.800000
12/01/2023,4594.630000
12/04/2023,4569.780000
12/05/2023,4567.180000
12/06/2023,4549.340000
12/07/2023,4585.590000
12/08/2023,4604.370000
12/11/2023,4622.440000
12/12/2023,4643.700000
12/13/2023,4707.090000
12/14/2023,4719.550000
12/15/2023,4719.190000
12/18/2023,4740.560000
12/19/2023,4768.370000
12/20/2023,4698.350000
12/21/2023,4746.750000
12/22/2023,4754.630000
12/26/2023,4774.750000
12/27/2023,4781.580000
12/28/2023,4783.350000
12/29/2023,4769.830000
01/02/2024,4742.830000
01/03/2024,4704.810000
01/04/2024,4688.680000
01/05/2024,4697.240000
01/08/2024,4763.540000
01/09/2024,4756.500000
01/10/2024,4783.450000
01/11/2024,4780.240000
01/12/2024,4783.830000
01/16/2024,4765.980000
01/17/2024,4739.210000
01/18/2024,4780.940000
01/19/2024,4839.810000
01/22/2024,4850.430000
01/23/2024,4864.600000
01/24/2024,4868.550000
01/25/2024,4894.160000
01/26/2024,4890.970000
01/29/2024,4927.930000
01/30/2024,4924.970000
01/31/2024,4845.650000
02/01/2024,4906.190000
02/02/2024,4958.610000
02/05/2024,4942.810000
02/06/2024,4954.230000
02/07/2024,4995.060000
02/08/2024,4997.910000
02/09/2024,5026.610000
02/12/2024,5021.840000
02/13/2024,4953.170000
02/14/2024,5000.620000
02/15/2024,5029.730000
02/16/2024,5005.570000
02/20/2024,4975.510000
02/21/2024,4981.800000
02/22/2024,5087.030000
02/23/2024,5088.800000
02/26/2024,5069.530000
02/27/2024,5078.180000
02/28/2024,5069.760000
02/29/2024,5096.270000
03/01/2024,5137.080000
03/04/2024,5130.950000
03/05/2024,5078.650000
03/06/2024,5104.760000
03/07/2024,5157.360000
03/08/2024,5123.690000
03/11/2024,5117.940000
03/12/2024,5175.270000
03/13/2024,5165.310000
03/14/2024,5150.480000
03/15/2024,5117.090000
03/18/2024,5149.420000
03/19/2024,5178.510000
03/20/2024,5224.620000
03/21/2024,5241.530000
03/22/2024,5234.180000
03/25/2024,5218.190000
03/26/2024,5203.580000
03/27/2024,5248.490000
03/28/2024,5254.350000
04/01/2024,5243.770000
04/02/2024,5205.810000
04/03/2024,5211.490000
04/04/2024,5147.210000
04/05/2024,5204.340000
04/08/2024,5202.390000
04/09/2024,5209.910000
04/10/2024,5160.640000
04/11/2024,5199.060000
04/12/2024,5123.410000
04/15/2024,5061.820000
04/16/2024,5051.410000
04/17/2024,5022.210000
04/18/2024,5011.120000
04/19/2024,4967.230000
04/22/2024,5010.600000
04/23/2024,5070.550000
04/24/2024,5071.630000
04/25/2024,5048.420000
04/26/2024,5099.960000
04/29/2024,5116.170000
04/30/2024,5035.690000
05/01/2024,5018.390000
05/02/2024,5064.200000
05/03/2024,5127.790000
05/06/2024,5180.740000
05/07/2024,5187.700000
05/08/2024,5187.670000
05/09/2024,5214.080000
05/10/2024,5222.680000
05/13/2024,5221.420000
05/14/2024,5246.680000
05/15/2024,5308.150000
05/16/2024,5297.100000
05/17/2024,5303.270000
05/20/2024,5308.130000
05/21/2024,5321.410000
05/22/2024,5307.010000
05/23/2024,5267.840000
05/24/2024,5304.720000
05/28/2024,5306.040000
05/29/2024,5266.950000
05/30/2024,5235.480000
05/31/2024,5277.510000
06/03/2024,5283.400000
06/04/2024,5291.340000
06/05/2024,5354.030000
06/06/2024,5352.960000
06/07/2024,5346.990000
06/10/2024,5360.790000
06/11/2024,5375.320000
06/12/2024,5421.030000
06/13/2024,5433.740000
06/14/2024,5431.600000
06/17/2024,5473.230000
06/18/2024,5487.030000
06/20/2024,5473.170000
06/21/2024,5464.620000
06/24/2024,5447.870000
06/25/2024,5469.300000
06/26/2024,5477.900000
06/27/2024,5482.870000
06/28/2024,5460.480000
07/01/2024,5475.090000
07/02/2024,5509.010000
07/03/2024,5537.020000
07/05/2024,5567.190000
07/08/2024,5572.850000
07/09/2024,5576.980000
07/10/2024,5633.910000
07/11/2024,5584.540000
07/12/2024,5615.350000
07/15/2024,5631.220000
07/16/2024,5667.200000
07/17/2024,5588.270000
07/18/2024,5544.590000
07/19/2024,5505.000000
07/22/2024,5564.410000
07/23/2024,5555.740000
07/24/2024,5427.130000
07/25/2024,5399.220000
07/26/2024,5459.100000
07/29/2024,5463.540000
07/30/2024,5436.440000
07/31/2024,5522.300000
08/01/2024,5446.680000
08/02/2024,5346.560000
08/05/2024,5186.330000
08/06/2024,5240.030000
08/07/2024,5199.500000
08/08/2024,5319.310000
08/09/2024,5344.160000
08/12/2024,5344.390000
08/13/2024,5434.430000
08/14/2024,5455.210000
08/15/2024,5543.220000
08/16/2024,5554.250000
08/19/2024,5608.250000
08/20/2024,5597.120000
08/21/2024,5620.850000
08/22/2024,5570.640000
08/23/2024,5634.610000
08/26/2024,5616.840000
08/27/2024,5625.800000
08/28/2024,5592.180000
08/29/2024,5591.960000
08/30/2024,5648.400000
09/03/2024,5528.930000
09/04/2024,5520.070000
09/05/2024,5503.410000
09/06/2024,5408.420000
09/09/2024,5471.050000
09/10/2024,5495.520000
09/11/2024,5554.130000
09/12/2024,5595.760000
09/13/2024,5626.020000
09/16/2024,5633.090000
09/17/2024,5634.580000
09/18/2024,5618.260000
09/19/2024,5713.640000
09/20/2024,5702.550000
09/23/2024,5718.570000
09/24/2024,5732.930000
09/25/2024,5722.260000
09/26/2024,5745.370000
09/27/2024,5738.170000
09/30/2024,5762.480000
10/01/2024,5708.750000
10/02/2024,5709.540000
10/03/2024,5699.940000
10/04/2024,5751.070000
10/07/2024,5695.940000
10/08/2024,5751.130000
10/09/2024,5792.040000
10/10/2024,5780.050000
10/11/2024,5815.030000
10/14/2024,5859.850000
10/15/2024,5815.260000
10/16/2024,5842.470000
10/17/2024,5841.470000
10/18/2024,5864.670000
10/21/2024,5853.980000
10/22/2024,5851.200000
10/23/2024,5797.420000
10/24/2024,5809.860000
10/25/2024,5808.120000
10/28/2024,5823.520000
10/29/2024,5832.920000
10/30/2024,5813.670000
10/31/2024,5705.450000
11/01/2024,5728.800000
11/04/2024,5712.690000
11/05/2024,5782.760000
11/06/2024,5929.040000
11/07/2024,5973.100000
11/08/2024,5995.540000
11/11/2024,6001.350000
11/12/2024,5983.990000
11/13/2024,5985.380000
11/14/2024,5949.170000
11/15/2024,5870.620000
11/18/2024,5893.620000
11/19/2024,5916.980000
11/20/2024,5917.110000
11/21/2024,5948.710000
11/22/2024,5969.340000
11/25/2024,5987.370000
11/26/2024,6021.630000
11/27/2024,5998.740000
11/29/2024,6032.380000
12/02/2024,6047.150000
12/03/2024,6049.880000
12/04/2024,6086.490000
12/05/2024,6075.110000
12/06/2024,6090.270000
12/09/2024,6052.850000
12/10/2024,6034.910000
12/11/2024,6084.190000
12/12/2024,6051.250000
12/13/2024,6051.090000
12/16/2024,6074.080000
12/17/2024,6050.610000
12/18/2024,5872.160000
12/19/2024,5867.080000
12/20/2024,5930.850000
12/23/2024,5974.070000
12/24/2024,6040.040000
12/26/2024,6037.590000
12/27/2024,5970.840000
12/30/2024,5906.940000
12/31/2024,5881.630000
01/02/2025,5868.550000
01/03/2025,5942.470000
01/06/2025,5975.380000
01/07/2025,5909.030000
01/08/2025,5918.250000
01/10/2025,5827.040000
01/13/2025,5836.220000
01/14/2025,5842.910000
01/15/2025,5949.910000
01/16/2025,5937.340000
01/17/2025,5996.660000
01/21/2025,6049.240000
01/22/2025,6086.370000
01/23/2025,6118.710000
01/24/2025,6101.240000
01/27/2025,6012.280000
01/28/2025,6067.700000
01/29/2025,6039.310000
01/30/2025,6071.170000
01/31/2025,6040.530000
02/03/2025,5994.570000
02/04/2025,6037.880000
02/05/2025,6061.480000
02/06/2025,6083.570000
02/07/2025,6025.990000
02/10/2025,6066.440000
02/11/2025,6068.500000
02/12/2025,6051.970000
02/13/2025,6115.070000
02/14/2025,6114.630000
02/18/2025,6129.580000
02/19/2025,6144.150000
02/20/2025,6117.520000
02/21/2025,6013.130000
02/24/2025,5983.250000
02/25/2025,5955.250000
02/26/2025,5956.060000
02/27/2025,5861.570000
02/28/2025,5954.500000
03/03/2025,5849.720000
03/04/2025,5778.150000
03/05/2025,5842.630000
03/06/2025,5738.520000
03/07/2025,5770.200000
03/10/2025,5614.560000
03/11/2025,5572.070000
03/12/2025,5599.300000
03/13/2025,5521.520000
03/14/2025,5638.940000
03/17/2025,5675.120000
03/18/2025,5614.660000
03/19/2025,5675.290000
03/20/2025,5662.890000
03/21/2025,5667.560000
03/24/2025,5767.570000
03/25/2025,5776.650000
03/26/2025,5712.200000
03/27/2025,5693.310000
03/28/2025,5580.940000
03/31/2025,5611.850000
04/01/2025,5633.070000
04/02/2025,5670.970000
04/03/2025,5396.520000
04/04/2025,5074.080000
04/07/2025,5062.250000
04/08/2025,4982.770000
04/09/2025,5456.900000
04/10/2025,5268.050000
04/11/2025,5363.360000
04/14/2025,5405.970000
04/15/2025,5396.630000
04/16/2025,5275.700000
04/17/2025,5282.700000
04/21/2025,5158.200000
04/22/2025,5287.760000
04/23/2025,5375.860000
04/24/2025,5484.770000
04/25/2025,5525.210000
04/28/2025,5528.750000
04/29/2025,5560.830000
04/30/2025,5569.060000
05/01/2025,5604.140000
05/02/2025,5686.670000
05/05/2025,5650.380000
05/06/2025,5606.910000
05/07/2025,5631.280000
05/08/2025,5663.940000
05/09/2025,5659.910000
05/12/2025,5844.190000
05/13/2025,5886.550000
05/14/2025,5892.580000
05/15/2025,5916.930000
05/16/2025,5958.380000
05/19/2025,5963.600000
05/20/2025,5940.460000
05/21/2025,5844.610000
05/22/2025,5842.010000
05/23/2025,5802.820000
05/27/2025,5921.540000
05/28/2025,5888.550000
05/29/2025,5912.170000
05/30/2025,5911.690000
06/02/2025,5935.940000
06/03/2025,5970.370000
06/04/2025,5970.810000
06/05/2025,5939.300000
06/06/2025,6000.360000
06/09/2025,6005.880000
06/10/2025,6038.810000
06/11/2025,6022.240000
06/12/2025,6045.260000
06/13/2025,5976.970000
06/16/2025,6033.110000
06/17/2025,5982.720000
06/18/2025,5980.870000
06/20/2025,5967.840000
06/23/2025,6025.170000
06/24/2025,6092.180000
06/25/2025,6092.160000
06/26/2025,6141.020000
06/27/2025,6173.070000
06/30/2025,6204.950000
07/01/2025,6198.010000
07/02/2025,6227.420000
07/03/2025,6279.350000
07/07/2025,6229.980000
07/08/2025,6225.520000
07/09/2025,6263.260000
07/10/2025,6280.460000
07/11/2025,6259.750000
07/14/2025,6268.560000
07/15/2025,6243.760000
07/16/2025,6263.700000
07/17/2025,6297.360000
07/18/2025,6296.790000
07/21/2025,6305.600000
07/22/2025,6309.620000
07/23/2025,6358.910000
07/24/2025,6363.350000
07/25/2025,6388.640000
07/28/2025,6389.770000
07/29/2025,6370.860000
07/30/2025,6362.900000
07/31/2025,6339.390000
08/01/2025,6238.010000
08/04/2025,6329.940000
08/05/2025,6299.190000
08/06/2025,6345.060000
08/07/2025,6340.000000
08/08/2025,6389.450000
08/11/2025,6373.450000
08/12/2025,6445.760000
08/13/2025,6466.580000
08/14/2025,6468.540000
08/15/2025,6449.800000
08/18/2025,6449.150000
08/19/2025,6411.370000
08/20/2025,6395.780000
08/21/2025,6370.170000
08/22/2025,6466.910000
08/25/2025,6439.320000
08/26/2025,6465.940000
08/27/2025,6481.400000
08/28/2025,6501.860000
08/29/2025,6460.260000
09/02/2025,6415.540000
09/03/2025,6448.260000
09/04/2025,6502.080000
09/05/2025,6481.500000
09/08/2025,6495.150000
09/09/2025,6512.610000
09/10/2025,6532.040000
09/11/2025,6587.470000
09/12/2025,6584.290000
09/15/2025,6615.280000
09/16/2025,6606.760000
09/17/2025,6600.350000
09/18/2025,6631.960000
09/19/2025,6664.360000
09/22/2025,6693.750000
09/23/2025,6656.920000
09/24/2025,6637.970000
09/25/2025,6604.720000
09/26/2025,6643.700000
09/29/2025,6661.210000
09/30/2025,6688.460000
10/01/2025,6711.200000
10/02/2025,6715.350000
10/03/2025,6715.790000
10/06/2025,6740.280000
10/07/2025,6714.590000
10/08/2025,6753.720000
10/09/2025,6735.110000
10/10/2025,6552.510000
10/13/2025,6654.720000
10/14/2025,6644.310000
10/15/2025,6671.060000
10/16/2025,6629.070000
10/17/2025,6664.010000
10/20/2025,6735.130000
10/21/2025,6735.350000
10/22/2025,6699.400000
10/23/2025,6738.440000
10/24/2025,6791.690000
10/27/2025,6875.160000
10/28/2025,6890.890000
10/29/2025,6890.590000
10/30/2025,6822.340000
10/31/2025,6840.200000
11/03/2025,6851.970000
11/04/2025,6771.550000
11/05/2025,6796.290000
11/06/2025,6720.320000
11/07/2025,6728.800000
11/10/2025,6832.430000
11/11/2025,6846.610000
11/12/2025,6850.920000
11/13/2025,6737.490000
11/14/2025,6734.110000
11/17/2025,6672.410000
11/18/2025,6617.320000
11/19/2025,6642.160000
11/20/2025,6538.760000
11/21/2025,6602.990000
11/24/2025,6705.120000
11/25/2025,6765.880000
11/26/2025,6812.610000
11/28/2025,6849.090000
12/01/2025,6812.630000
12/02/2025,6829.370000
12/03/2025,6849.720000
12/04/2025,6857.120000
12/05/2025,6870.400000
12/08/2025,6846.510000
12/09/2025,6840.510000
12/10/2025,6886.680000
12/11/2025,6901.000000
12/12/2025,6827.410000
12/15/2025,6816.510000
12/16/2025,6800.260000
12/17/2025,6721.430000
12/18/2025,6774.760000
12/19/2025,6834.500000
12/22/2025,6878.490000
12/23/2025,6909.790000
12/24/2025,6932.050000
12/26/2025,6929.940000
12/29/2025,6905.740000
12/30/2025,6896.240000
12/31/2025,6845.500000
01/02/2026,6858.470000
01/05/2026,6902.050000
01/06/2026,6944.820000
01/07/2026,6920.930000
01/08/2026,6921.460000
01/09/2026,6966.280000
01/12/2026,6977.270000
01/13/2026,6963.740000
01/14/2026,6926.600000
01/15/2026,6944.470000
01/16/2026,6940.010000
01/20/2026,6796.860000
01/21/2026,6875.620000
01/22/2026,6913.350000
01/23/2026,6915.610000
01/26/2026,6950.230000
01/27/2026,6978.600000
01/28/2026,6978.030000
01/29/2026,6969.010000
01/30/2026,6939.030000
02/02/2026,6976.440000
02/03/2026,6917.810000
02/04/2026,6882.720000
02/05/2026,6798.400000
02/06/2026,6932.300000
02/09/2026,6964.820000
02/10/2026,6941.810000
02/11/2026,6941.470000
02/12/2026,6832.760000
02/13/2026,6836.170000
02/17/2026,6843.220000
02/18/2026,6881.310000
02/19/2026,6861.890000
02/20/2026,6909.510000
02/23/2026,6837.750000
02/24/2026,6890.070000
02/25/2026,6946.130000
02/26/2026,6908.860000
02/27/2026,6878.880000
03/02/2026,6881.620000
03/03/2026,6816.630000
03/04/2026,6869.500000
03/05/2026,6830.710000
03/06/2026,6740.020000
03/09/2026,6795.990000
03/10/2026,6781.480000
03/11/2026,6775.800000
03/12/2026,6672.620000
03/13/2026,6632.190000
03/16/2026,6699.380000
03/17/2026,6716.090000
03/18/2026,6624.700000
03/19/2026,6606.490000
03/20/2026,6506.480000
03/23/2026,6581.000000
03/24/2026,6556.370000
03/25/2026,6591.900000
03/26/2026,6477.160000
03/27/2026,6368.850000
03/30/2026,6343.720000
03/31/2026,6528.520000
04/01/2026,6575.320000
04/02/2026,6582.690000
04/06/2026,6611.830000
04/07/2026,6616.850000
04/08/2026,6782.810000
04/09/2026,6824.660000
04/10/2026,6816.890000
04/13/2026,6886.240000
04/14/2026,6967.380000
04/15/2026,7022.950000
04/16/2026,7041.280000
04/17/2026,7126.060000
04/20/2026,7109.140000
04/21/2026,7064.010000
04/22/2026,7137.900000
04/23/2026,7108.400000
04/24/2026,7165.080000
04/27/2026,7173.910000
04/28/2026,7138.800000
04/29/2026,7135.950000
04/30/2026,7209.010000
05/01/2026,7230.120000
05/04/2026,7200.750000
05/05/2026,7259.220000
05/06/2026,7365.120000
05/07/2026,7337.110000
05/08/2026,7398.930000
05/11/2026,7412.840000
05/12/2026,7400.960000
05/13/2026,7444.250000
05/14/2026,7501.240000
05/15/2026,7408.500000
05/18/2026,7403.050000
05/19/2026,7353.610000
05/20/2026,7432.970000
05/21/2026,7445.720000
05/22/2026,7473.470000
05/26/2026,7519.120000
05/27/2026,7520.360000
05/28/2026,7563.630000
05/29/2026,7580.060000
06/01/2026,7599.960000
06/02/2026,7609.780000
06/03/2026,7553.680000
06/04/2026,7584.310000
06/05/2026,7383.740000
06/08/2026,7405.730000
06/09/2026,7386.650000
06/10/2026,7266.990000
06/11/2026,7394.300000
06/12/2026,7431.460000
06/15/2026,7554.290000
06/16/2026,7511.350000
06/17/2026,7420.100000
06/18/2026,7500.580000
06/22/2026,7472.790000
06/23/2026,7365.460000
06/24/2026,7358.220000
06/25/2026,7357.490000
06/26/2026,7354.020000
06/29/2026,7440.430000
06/30/2026,7499.360000
07/01/2026,7483.230000
07/02/2026,7483.240000
07/06/2026,7537.430000
07/07/2026,7503.850000
07/08/2026,7482.710000
07/09/2026,7543.640000
07/10/2026,7575.390000
07/13/2026,7515.340000
07/14/2026,7543.590000
07/15/2026,7572.400000
07/16/2026,7533.770000
07/17/2026,7457.690000
07/20/2026,7443.280000
07/21/2026,7509.200000
07/22/2026,7498.960000
07/23/2026,7408.300000
07/24/2026,7411.980000
07/27/2026,7413.180000
07/28/2026,7428.780000
07/29/2026,7316.150000
07/30/2026,7437.630000
07/31/2026,7489.720000
08/03/2026,7600.500000
08/04/2026,7736.520000
08/05/2026,7723.550000
08/06/2026,7709.960000
08/07/2026,7757.640000
08/10/2026,7753.110000
08/11/2026,7728.200000
08/12/2026,7748.500000
08/13/2026,7798.990000
08/14/2026,7785.760000
08/17/2026,7745.060000
08/18/2026,7691.760000
08/19/2026,7707.980000
08/20/2026,7641.160000
08/21/2026,7674.370000
08/24/2026,7652.860000
08/25/2026,7677.280000
08/26/2026,7675.700000
08/27/2026,7730.990000
08/28/2026,7711.760000
08/31/2026,7686.140000
09/01/2026,7631.470000
09/02/2026,7666.600000
09/03/2026,7747.710000
09/04/2026,7718.600000
09/08/2026,7673.520000
09/09/2026,7636.360000
09/10/2026,7591.700000
09/11/2026,7656.980000
09/14/2026,7619.980000
09/15/2026,7585.730000
09/16/2026,7551.810000
09/17/2026,7637.760000
09/18/2026,7650.500000
09/21/2026,7764.700000
09/22/2026,7764.640000
09/23/2026,7706.030000
09/24/2026,7704.130000
09/25/2026,7743.410000
09/28/2026,7683.690000
09/29/2026,7670.840000
09/30/2026,7651.540000
10/01/2026,7666.450000
10/02/2026,7722.720000
