time_et,open,high,low,close,volume
2025-11-18 04:45:00,663.84,664.59,663.62,664.59,756.0
2025-11-18 05:00:00,664.45,664.58,663.75,663.75,533.0
2025-11-18 05:15:00,663.68,663.96,663.6,663.64,1158.0
2025-11-18 05:30:00,663.69,664.19,663.58,663.58,1372.0
2025-11-18 05:45:00,663.8,664.53,663.72,664.41,286.0
2025-11-18 06:00:00,664.38,664.59,663.41,663.41,2570.0
2025-11-18 06:15:00,663.44,663.99,663.44,663.9,824.0
2025-11-18 06:30:00,663.76,663.76,662.99,663.23,4500.0
2025-11-18 06:45:00,663.15,663.69,663.06,663.67,4534.0
2025-11-18 07:00:00,663.89,663.89,661.84,661.96,43364.0
2025-11-18 07:15:00,661.94,663.07,661.89,662.12,21778.0
2025-11-18 07:30:00,662.19,662.92,662.08,662.21,21272.0
2025-11-18 07:45:00,662.12,662.29,660.5,661.4,183489.0
2025-11-18 08:00:00,661.4612,662.8502,661.4107,662.62,266201.0
2025-11-18 08:15:00,662.56,662.94,661.96,662.159,44701.0
2025-11-18 08:30:00,662.16,663.165,661.9814,662.2697,35523.0
2025-11-18 08:45:00,662.249,663.151,662.07,662.611,24064.0
2025-11-18 09:00:00,662.5892,663.03,662.18,662.4786,44134.0
2025-11-18 09:15:00,662.4517,662.62,661.68,662.1007,97105.0
2025-11-19 04:00:00,660.44,661.23,660.0,661.23,9289.0
2025-11-19 04:15:00,661.22,661.37,661.04,661.34,5935.0
2025-11-19 04:30:00,661.31,661.71,661.12,661.59,3244.0
2025-11-19 04:45:00,661.76,662.28,661.72,662.28,3042.0
2025-11-19 05:00:00,662.12,662.39,662.01,662.15,3370.0
2025-11-19 05:15:00,662.38,662.78,662.32,662.76,2197.0
2025-11-19 05:30:00,662.63,662.66,662.36,662.57,910.0
2025-11-19 05:45:00,662.58,662.89,662.29,662.83,1867.0
2025-11-19 06:00:00,662.74,663.29,662.72,662.95,2624.0
2025-11-19 06:15:00,662.99,663.13,662.88,662.9,929.0
2025-11-19 06:30:00,662.76,663.2,662.57,662.94,4897.0
2025-11-19 06:45:00,663.21,663.37,662.6,662.6,3031.0
2025-11-19 07:00:00,662.46,662.73,662.2,662.6,8538.0
2025-11-19 07:15:00,662.7,662.89,662.32,662.63,11905.0
2025-11-19 07:30:00,662.72,663.17,662.72,662.91,5413.0
2025-11-19 07:45:00,662.91,663.16,662.71,662.72,4354.0
2025-11-19 08:00:00,662.72,662.9602,661.525,661.6902,116178.0
2025-11-19 08:15:00,661.66,662.3315,661.59,662.3315,24484.0
2025-11-19 08:30:00,662.31,662.78,661.7809,662.04,54015.0
2025-11-19 08:45:00,662.0405,662.42,661.6595,661.7615,29453.0
2025-11-19 09:00:00,661.7495,661.9005,660.82,660.87,61256.0
2025-11-19 09:15:00,660.9107,661.22,660.6495,660.76,54825.0
2025-11-20 04:00:00,670.98,671.06,670.41,670.69,4343.0
2025-11-20 04:15:00,670.67,670.67,669.52,669.52,1824.0
2025-11-20 04:30:00,669.49,669.79,669.49,669.79,2585.0
2025-11-20 04:45:00,669.57,669.57,669.14,669.23,2945.0
2025-11-20 05:00:00,669.38,669.42,668.91,669.14,4608.0
2025-11-20 05:15:00,669.42,670.06,669.42,669.95,4653.0
2025-11-20 05:30:00,670.35,670.63,670.3,670.63,2673.0
2025-11-20 05:45:00,670.67,671.0,670.63,670.98,16963.0
2025-11-20 06:00:00,670.84,670.84,669.72,669.92,4019.0
2025-11-20 06:15:00,670.09,670.09,669.39,669.63,3937.0
2025-11-20 06:30:00,669.73,670.58,669.68,670.38,3529.0
2025-11-20 06:45:00,670.31,670.33,669.41,669.75,6874.0
2025-11-20 07:00:00,669.86,670.0,669.04,669.47,22717.0
2025-11-20 07:15:00,669.5,670.1,669.34,669.78,25874.0
2025-11-20 07:30:00,669.78,670.62,669.78,670.35,5024.0
2025-11-20 07:45:00,670.44,671.169,670.431,671.07,37073.0
2025-11-20 08:00:00,671.07,671.5,670.91,671.2,141445.0
2025-11-20 08:15:00,671.2,671.35,670.12,670.565,98551.0
2025-11-20 08:30:00,670.45,673.01,670.44,672.26,192320.0
2025-11-20 08:45:00,672.2507,673.6705,671.88,673.17,111427.0
2025-11-20 09:00:00,673.2207,673.6125,672.63,672.86,55753.0
2025-11-20 09:15:00,672.85,673.38,672.61,672.8592,74939.0
2025-11-21 04:00:00,655.19,655.19,654.5,654.5,4525.0
2025-11-21 04:15:00,654.5,654.5,653.26,653.69,35818.0
2025-11-21 04:30:00,653.57,653.93,652.42,652.42,22413.0
2025-11-21 04:45:00,652.14,652.94,652.1,652.16,12810.0
2025-11-21 05:00:00,652.08,652.08,650.0,650.7,41362.0
2025-11-21 05:15:00,650.38,650.42,649.45,649.48,7944.0
2025-11-21 05:30:00,649.56,652.45,649.56,651.82,7770.0
2025-11-21 05:45:00,652.06,653.0,651.71,653.0,32049.0
2025-11-21 06:00:00,653.0,653.92,652.8,653.87,11058.0
2025-11-21 06:15:00,654.0,654.04,652.7,652.7,15113.0
2025-11-21 06:30:00,652.77,653.07,652.23,652.65,4438.0
2025-11-21 06:45:00,652.73,652.73,651.35,652.15,33991.0
2025-11-21 07:00:00,652.2,652.48,650.48,651.4,28484.0
2025-11-21 07:15:00,651.39,651.65,650.04,650.27,33352.0
2025-11-21 07:30:00,650.23,655.08,650.22,654.66,215711.0
2025-11-21 07:45:00,654.7,656.53,654.63,655.44,106100.0
2025-11-21 08:00:00,655.47,655.99,654.11,655.34,335130.0
2025-11-21 08:15:00,655.35,656.74,654.93,654.9617,150005.0
2025-11-21 08:30:00,655.1,656.6,655.02,656.3607,65000.0
2025-11-21 08:45:00,656.31,656.4805,655.57,655.949,72344.0
2025-11-21 09:00:00,655.86,656.2507,655.2705,655.7892,111727.0
2025-11-21 09:15:00,655.73,655.7397,654.86,655.01,104723.0
2025-11-24 04:00:00,663.5,663.74,663.03,663.13,2491.0
2025-11-24 04:15:00,662.78,662.78,659.61,659.66,9995.0
2025-11-24 04:30:00,659.67,661.16,659.67,660.42,5188.0
2025-11-24 04:45:00,660.63,661.15,660.43,660.88,3744.0
2025-11-24 05:00:00,660.66,661.1,659.99,660.31,4557.0
2025-11-24 05:15:00,660.3,660.85,659.88,660.2,3040.0
2025-11-24 05:30:00,660.08,660.68,659.52,660.47,5591.0
2025-11-24 05:45:00,660.61,660.77,660.19,660.27,542.0
2025-11-24 06:00:00,660.37,660.37,659.64,660.02,4446.0
2025-11-24 06:15:00,659.85,660.5,659.8,660.21,5279.0
2025-11-24 06:30:00,660.4,660.47,660.07,660.35,7245.0
2025-11-24 06:45:00,660.59,661.49,660.48,661.48,7794.0
2025-11-24 07:00:00,661.4,661.55,660.91,661.11,6724.0
2025-11-24 07:15:00,661.11,662.28,660.88,662.12,7464.0
2025-11-24 07:30:00,662.18,662.48,661.82,662.03,10133.0
2025-11-24 07:45:00,662.21,662.8,662.07,662.62,10140.0
2025-11-24 08:00:00,662.7,663.49,662.505,663.48,95052.0
2025-11-24 08:15:00,663.53,663.5505,662.95,663.36,54629.0
2025-11-24 08:30:00,663.37,663.59,663.0,663.045,25827.0
2025-11-24 08:45:00,663.06,663.21,662.085,662.24,65533.0
2025-11-24 09:00:00,662.229,663.86,662.17,663.76,48009.0
2025-11-24 09:15:00,663.76,663.76,662.61,662.7,67374.0
2025-11-25 04:00:00,667.87,668.52,667.87,668.28,2116.0
2025-11-25 04:15:00,668.26,668.26,667.35,667.35,1349.0
2025-11-25 04:30:00,667.43,667.88,667.23,667.88,2282.0
2025-11-25 04:45:00,667.9,667.94,667.69,667.76,1026.0
2025-11-25 05:00:00,667.67,668.06,667.51,667.9,711.0
2025-11-25 05:15:00,667.96,668.03,667.6,667.84,890.0
2025-11-25 05:30:00,667.55,668.32,667.34,668.29,7071.0
2025-11-25 05:45:00,668.08,668.49,667.99,668.26,661.0
2025-11-25 06:00:00,668.28,668.4,668.05,668.37,7058.0
2025-11-25 06:15:00,668.22,668.26,667.92,667.95,1447.0
2025-11-25 06:30:00,667.94,667.96,667.67,667.88,1683.0
2025-11-25 06:45:00,667.88,668.15,667.78,668.08,14036.0
2025-11-25 07:00:00,668.17,669.13,668.11,669.06,11061.0
2025-11-25 07:15:00,669.01,669.03,668.66,669.03,4772.0
2025-11-25 07:30:00,668.81,670.22,668.24,669.4,73283.0
2025-11-25 07:45:00,669.32,669.65,668.55,668.719,90304.0
2025-11-25 08:00:00,668.709,669.3897,668.6513,669.0727,108015.0
2025-11-25 08:15:00,669.0295,669.78,669.01,669.58,43272.0
2025-11-25 08:30:00,669.61,669.98,668.461,668.4915,54946.0
2025-11-25 08:45:00,668.5,669.17,668.4712,668.7512,40654.0
2025-11-25 09:00:00,668.8205,668.9497,668.12,668.519,49511.0
2025-11-25 09:15:00,668.489,668.68,668.184,668.46,77608.0
2025-11-26 04:00:00,677.21,677.21,676.63,676.82,5172.0
2025-11-26 04:15:00,676.72,676.92,676.45,676.54,2425.0
2025-11-26 04:30:00,676.63,677.03,676.63,676.93,1913.0
2025-11-26 04:45:00,676.98,677.03,676.67,676.67,1073.0
2025-11-26 05:00:00,676.77,677.27,676.68,677.27,1178.0
2025-11-26 05:15:00,677.26,677.35,677.1,677.1,778.0
2025-11-26 05:30:00,676.86,677.48,676.84,677.24,4575.0
2025-11-26 05:45:00,677.21,677.5,677.19,677.48,999.0
2025-11-26 06:00:00,677.32,677.47,677.19,677.4,6125.0
2025-11-26 06:15:00,677.37,677.57,677.29,677.5,2002.0
2025-11-26 06:30:00,677.4,677.42,676.89,677.18,4073.0
2025-11-26 06:45:00,677.55,677.55,676.83,676.89,3005.0
2025-11-26 07:00:00,677.02,677.02,675.94,676.18,9409.0
2025-11-26 07:15:00,676.08,676.35,675.87,676.27,4763.0
2025-11-26 07:30:00,676.269,676.48,675.85,676.389,12017.0
2025-11-26 07:45:00,676.459,676.87,676.44,676.85,4786.0
2025-11-26 08:00:00,676.83,677.02,676.6,676.9486,102409.0
2025-11-26 08:15:00,676.97,677.46,676.9315,677.245,24277.0
2025-11-26 08:30:00,677.196,677.43,676.79,677.2103,37075.0
2025-11-26 08:45:00,677.2507,677.57,677.17,677.4772,39821.0
2025-11-26 09:00:00,677.45,677.47,676.88,677.18,20778.0
2025-11-26 09:15:00,677.19,677.79,677.1,677.59,73416.0
2025-11-28 04:00:00,681.77,681.77,681.6,681.6,1293.0
2025-11-28 04:15:00,681.63,681.77,681.63,681.72,2214.0
2025-11-28 04:30:00,681.72,681.74,681.65,681.74,7393.0
2025-11-28 04:45:00,681.73,681.74,681.66,681.74,3123.0
2025-11-28 05:00:00,681.72,681.74,681.4,681.4,3866.0
2025-11-28 05:15:00,681.59,681.68,681.59,681.68,1238.0
2025-11-28 05:30:00,681.66,681.68,681.58,681.59,542.0
2025-11-28 05:45:00,681.56,681.56,681.38,681.45,639.0
2025-11-28 06:00:00,681.38,681.4,681.23,681.35,1211.0
2025-11-28 06:15:00,681.54,681.68,681.52,681.52,4011.0
2025-11-28 06:30:00,681.59,681.59,681.46,681.46,880.0
2025-11-28 06:45:00,681.46,681.46,681.44,681.44,556.0
2025-11-28 07:00:00,681.42,682.25,681.41,681.9,22527.0
2025-11-28 07:15:00,681.88,682.14,681.88,682.04,10379.0
2025-11-28 07:30:00,682.06,682.13,681.89,681.89,35789.0
2025-11-28 07:45:00,681.92,682.05,681.59,682.04,4774.0
2025-11-28 08:00:00,681.99,682.21,681.61,681.85,48450.0
2025-11-28 08:15:00,681.85,682.04,681.67,681.7,40109.0
2025-11-28 08:30:00,681.67,681.76,681.0694,681.455,35993.0
2025-11-28 08:45:00,681.42,681.66,681.139,681.14,41970.0
2025-11-28 09:00:00,681.1216,681.43,681.08,681.1185,60177.0
2025-11-28 09:15:00,681.1186,681.3288,680.56,680.92,34089.0
2025-12-01 04:00:00,679.72,680.4,679.62,680.06,19536.0
2025-12-01 04:15:00,680.12,680.13,679.71,679.97,580.0
2025-12-01 04:30:00,679.93,679.93,679.26,679.43,1403.0
2025-12-01 04:45:00,679.49,679.56,678.94,679.08,2265.0
2025-12-01 05:00:00,679.18,679.74,679.18,679.74,697.0
2025-12-01 05:15:00,679.79,679.87,679.6,679.69,636.0
2025-12-01 05:30:00,679.79,679.8,679.5,679.8,476.0
2025-12-01 05:45:00,679.77,679.78,679.46,679.51,1470.0
2025-12-01 06:00:00,679.36,679.61,679.06,679.48,946.0
2025-12-01 06:15:00,679.46,679.54,679.15,679.21,1063.0
2025-12-01 06:30:00,679.42,679.42,679.16,679.16,1118.0
2025-12-01 06:45:00,679.1,679.5,679.08,679.39,2948.0
2025-12-01 07:00:00,679.36,679.51,678.5,678.83,7691.0
2025-12-01 07:15:00,678.98,678.98,678.55,678.61,11924.0
2025-12-01 07:30:00,678.49,678.63,678.309,678.43,6284.0
2025-12-01 07:45:00,678.38,678.64,677.97,678.3,17099.0
2025-12-01 08:00:00,678.31,678.9007,678.18,678.825,204280.0
2025-12-01 08:15:00,678.8,679.14,678.665,678.87,30722.0
2025-12-01 08:30:00,678.83,679.26,678.6295,679.1,28078.0
2025-12-01 08:45:00,679.1,679.21,678.7197,679.185,26165.0
2025-12-01 09:00:00,679.1496,679.75,679.02,679.74,42919.0
2025-12-01 09:15:00,679.7397,679.75,678.65,678.81,41440.0
2025-12-02 04:00:00,680.46,680.98,680.46,680.91,2021.0
2025-12-02 04:15:00,680.87,681.19,680.74,681.05,1767.0
2025-12-02 04:30:00,681.05,681.08,680.6,680.6,1006.0
2025-12-02 04:45:00,680.62,681.04,680.6,680.96,625.0
2025-12-02 05:00:00,680.96,681.17,680.96,681.09,580.0
2025-12-02 05:15:00,680.96,681.28,680.89,681.24,1399.0
2025-12-02 05:30:00,681.3,681.66,681.3,681.66,4298.0
2025-12-02 05:45:00,681.68,682.1,681.68,682.02,1669.0
2025-12-02 06:00:00,682.06,682.1,681.85,681.94,1284.0
2025-12-02 06:15:00,682.01,682.07,681.94,682.01,428.0
2025-12-02 06:30:00,682.25,682.33,681.88,682.02,628.0
2025-12-02 06:45:00,682.01,682.11,681.81,681.81,785.0
2025-12-02 07:00:00,681.889,682.04,681.5,681.699,2570.0
2025-12-02 07:15:00,681.749,681.9,681.639,681.85,4370.0
2025-12-02 07:30:00,681.77,681.8,681.25,681.479,3035.0
2025-12-02 07:45:00,681.46,682.1,681.4,682.1,14214.0
2025-12-02 08:00:00,681.94,682.12,681.76,681.9602,50019.0
2025-12-02 08:15:00,681.98,682.07,681.73,682.0258,12603.0
2025-12-02 08:30:00,682.01,682.32,681.78,682.23,20508.0
2025-12-02 08:45:00,682.22,682.36,681.84,682.35,22865.0
2025-12-02 09:00:00,682.35,682.6,682.26,682.405,34145.0
2025-12-02 09:15:00,682.43,682.48,681.8,681.84,37494.0
2025-12-03 04:00:00,683.16,683.16,682.42,682.7,1340.0
2025-12-03 04:15:00,682.63,682.63,682.43,682.43,885.0
2025-12-03 04:30:00,682.35,682.86,682.35,682.64,1917.0
2025-12-03 04:45:00,682.84,682.89,682.77,682.89,225.0
2025-12-03 05:00:00,682.82,682.99,682.82,682.99,767.0
2025-12-03 05:15:00,682.98,682.98,682.96,682.96,55.0
2025-12-03 05:30:00,682.92,682.92,682.66,682.79,288.0
2025-12-03 05:45:00,682.74,682.74,682.32,682.52,393.0
2025-12-03 06:00:00,682.54,682.7,682.41,682.56,851.0
2025-12-03 06:15:00,682.65,682.94,682.65,682.94,747.0
2025-12-03 06:30:00,682.91,683.01,682.87,682.89,365.0
2025-12-03 06:45:00,682.98,682.98,682.75,682.75,155.0
2025-12-03 07:00:00,682.69,683.04,682.34,683.04,3762.0
2025-12-03 07:15:00,682.99,683.25,682.89,683.16,3284.0
2025-12-03 07:30:00,683.24,683.53,683.2,683.49,11778.0
2025-12-03 07:45:00,683.48,683.65,683.43,683.44,6036.0
2025-12-03 08:00:00,683.48,683.7807,683.3947,683.78,54601.0
2025-12-03 08:15:00,683.76,683.76,683.06,683.5,51714.0
2025-12-03 08:30:00,683.5,683.68,683.3201,683.49,20071.0
2025-12-03 08:45:00,683.47,683.67,683.18,683.2,14733.0
2025-12-03 09:00:00,683.18,683.3,679.4401,679.65,252074.0
2025-12-03 09:15:00,679.69,680.789,679.4551,680.54,185662.0
2025-12-04 04:00:00,683.55,683.94,683.55,683.69,1570.0
2025-12-04 04:15:00,683.68,683.96,683.31,683.96,713.0
2025-12-04 04:30:00,683.97,684.51,683.97,684.51,2440.0
2025-12-04 04:45:00,684.5,684.59,684.35,684.53,267.0
2025-12-04 05:00:00,684.54,684.55,684.37,684.4,907.0
2025-12-04 05:15:00,684.4,684.4,684.4,684.4,1.0
2025-12-04 05:30:00,684.39,684.39,684.03,684.08,975.0
2025-12-04 05:45:00,684.13,684.13,683.91,684.08,1548.0
2025-12-04 06:00:00,683.94,684.11,683.85,683.92,1439.0
2025-12-04 06:15:00,683.87,683.95,683.75,683.93,1658.0
2025-12-04 06:30:00,683.88,684.09,683.81,683.95,1618.0
2025-12-04 06:45:00,683.94,684.27,683.94,684.25,3205.0
2025-12-04 07:00:00,684.24,684.54,684.19,684.519,4976.0
2025-12-04 07:15:00,684.56,684.59,684.42,684.49,1170.0
2025-12-04 07:30:00,684.5,684.7,684.48,684.7,1232.0
2025-12-04 07:45:00,684.66,684.799,684.46,684.52,7616.0
2025-12-04 08:00:00,684.4792,684.545,684.15,684.16,47128.0
2025-12-04 08:15:00,684.1524,684.56,684.1209,684.48,11606.0
2025-12-04 08:30:00,684.48,684.68,683.9697,684.13,28219.0
2025-12-04 08:45:00,684.185,684.24,683.86,684.1095,22476.0
2025-12-04 09:00:00,684.11,685.6405,684.11,685.6207,79313.0
2025-12-04 09:15:00,685.65,685.72,685.08,685.29,49966.0
2025-12-05 04:00:00,685.77,686.02,685.71,685.75,1070.0
2025-12-05 04:15:00,685.73,686.03,685.72,686.02,122.0
2025-12-05 04:30:00,686.02,686.03,685.66,685.67,432.0
2025-12-05 04:45:00,685.76,685.78,685.69,685.69,147.0
2025-12-05 05:00:00,685.76,685.94,685.72,685.88,910.0
2025-12-05 05:15:00,685.87,685.9,685.86,685.86,315.0
2025-12-05 05:30:00,685.83,685.86,685.83,685.83,6.0
2025-12-05 05:45:00,685.93,685.93,685.68,685.68,787.0
2025-12-05 06:00:00,685.63,685.89,685.53,685.81,461.0
2025-12-05 06:15:00,685.8,686.02,685.66,686.02,376.0
2025-12-05 06:30:00,686.03,686.03,685.93,685.94,771.0
2025-12-05 06:45:00,685.99,685.99,685.94,685.95,150.0
2025-12-05 07:00:00,685.95,686.149,685.93,685.99,1319.0
2025-12-05 07:15:00,686.0,686.04,685.64,685.87,1073.0
2025-12-05 07:30:00,685.84,686.01,685.84,685.86,3134.0
2025-12-05 07:45:00,685.8,685.89,685.66,685.89,2267.0
2025-12-05 08:00:00,685.8288,686.01,685.7615,685.875,49792.0
2025-12-05 08:15:00,685.89,685.92,685.46,685.62,20265.0
2025-12-05 08:30:00,685.5782,685.61,684.09,684.31,54510.0
2025-12-05 08:45:00,684.2797,684.48,683.6395,684.3728,51073.0
2025-12-05 09:00:00,684.34,684.9202,684.3195,684.9152,47817.0
2025-12-05 09:15:00,684.9402,685.54,684.87,685.47,60016.0
2025-12-08 04:00:00,686.53,686.75,686.53,686.74,1209.0
2025-12-08 04:15:00,686.7,686.83,686.64,686.83,97.0
2025-12-08 04:30:00,686.84,686.92,686.8,686.84,335.0
2025-12-08 04:45:00,686.7,686.7,686.44,686.44,3096.0
2025-12-08 05:00:00,686.48,686.54,686.31,686.52,1275.0
2025-12-08 05:15:00,686.47,686.56,686.38,686.56,317.0
2025-12-08 05:30:00,686.67,686.84,686.62,686.67,262.0
2025-12-08 05:45:00,686.72,686.81,686.72,686.73,234.0
2025-12-08 06:00:00,686.71,686.71,686.41,686.59,214.0
2025-12-08 06:15:00,686.57,686.57,686.2,686.2,326.0
2025-12-08 06:30:00,686.27,686.38,686.25,686.38,450.0
2025-12-08 06:45:00,686.35,686.39,686.24,686.29,389.0
2025-12-08 07:00:00,686.28,686.57,686.1,686.499,12804.0
2025-12-08 07:15:00,686.5,686.65,686.5,686.58,5757.0
2025-12-08 07:30:00,686.55,686.85,686.53,686.79,6096.0
2025-12-08 07:45:00,686.81,686.95,686.739,686.84,6721.0
2025-12-08 08:00:00,686.7288,687.05,686.7097,686.99,62328.0
2025-12-08 08:15:00,686.9448,687.32,686.7792,686.9405,19689.0
2025-12-08 08:30:00,686.94,687.04,686.53,686.725,15175.0
2025-12-08 08:45:00,686.7001,686.96,686.7001,686.89,23644.0
2025-12-08 09:00:00,686.9,687.1999,686.85,687.1301,15237.0
2025-12-08 09:15:00,687.15,687.17,686.46,686.46,43481.0
2025-12-09 04:00:00,684.43,684.43,684.14,684.35,524.0
2025-12-09 04:15:00,684.21,684.21,683.95,683.96,298.0
2025-12-09 04:30:00,684.08,684.17,683.79,683.82,585.0
2025-12-09 04:45:00,683.83,683.83,683.83,683.83,50.0
2025-12-09 05:00:00,683.87,684.0,683.87,684.0,915.0
2025-12-09 05:15:00,684.07,684.32,684.07,684.32,829.0
2025-12-09 05:30:00,684.33,684.38,682.8,683.87,15653.0
2025-12-09 05:45:00,683.95,684.27,683.59,684.09,2176.0
2025-12-09 06:00:00,684.05,684.05,683.7,683.8,15061.0
2025-12-09 06:15:00,683.63,684.09,683.49,684.09,14993.0
2025-12-09 06:30:00,684.04,684.28,684.03,684.12,890.0
2025-12-09 06:45:00,684.21,684.31,684.16,684.22,1457.0
2025-12-09 07:00:00,684.24,684.25,684.09,684.14,1059.0
2025-12-09 07:15:00,684.05,684.15,684.01,684.06,7900.0
2025-12-09 07:30:00,684.1,684.14,683.77,683.84,9596.0
2025-12-09 07:45:00,683.71,684.19,683.67,683.91,5054.0
2025-12-09 08:00:00,683.9395,684.1205,683.73,683.9498,57999.0
2025-12-09 08:15:00,683.9455,684.0207,683.5997,683.78,24567.0
2025-12-09 08:30:00,683.7895,683.83,683.025,683.35,25534.0
2025-12-09 08:45:00,683.34,683.61,682.97,683.1392,34881.0
2025-12-09 09:00:00,683.135,683.31,682.78,682.8892,37414.0
2025-12-09 09:15:00,682.8894,683.18,682.619,683.11,50203.0
2025-12-10 04:00:00,683.51,683.88,683.51,683.75,496.0
2025-12-10 04:15:00,683.34,683.48,683.34,683.48,267.0
2025-12-10 04:30:00,683.52,683.52,683.34,683.48,237.0
2025-12-10 04:45:00,683.49,683.65,683.49,683.52,121.0
2025-12-10 05:00:00,683.81,683.9,683.24,683.41,3234.0
2025-12-10 05:15:00,683.33,683.33,682.0,682.0,2363.0
2025-12-10 05:30:00,681.95,682.47,681.75,682.45,11584.0
2025-12-10 05:45:00,682.3,682.67,682.25,682.4,3037.0
2025-12-10 06:00:00,682.35,683.2,682.23,682.67,15248.0
2025-12-10 06:15:00,682.78,682.78,682.6,682.64,981.0
2025-12-10 06:30:00,682.61,682.77,682.49,682.54,913.0
2025-12-10 06:45:00,682.51,682.79,682.48,682.72,2284.0
2025-12-10 07:00:00,682.72,682.72,682.18,682.36,6781.0
2025-12-10 07:15:00,682.3,682.43,682.17,682.43,3249.0
2025-12-10 07:30:00,682.38,682.53,682.06,682.25,1442.0
2025-12-10 07:45:00,682.17,682.56,682.15,682.55,427.0
2025-12-10 08:00:00,682.5095,682.8,682.3797,682.79,66361.0
2025-12-10 08:15:00,682.8,683.8105,682.715,683.52,34768.0
2025-12-10 08:30:00,683.61,683.77,683.0295,683.0517,37492.0
2025-12-10 08:45:00,683.12,683.1602,682.87,682.89,24285.0
2025-12-10 09:00:00,682.8992,683.0207,682.4716,682.6,12454.0
2025-12-10 09:15:00,682.61,682.68,682.23,682.52,45331.0
2025-12-11 04:00:00,683.06,683.06,682.4,682.92,4565.0
2025-12-11 04:15:00,682.96,683.51,682.95,682.97,1241.0
2025-12-11 04:30:00,683.27,683.63,683.22,683.36,2428.0
2025-12-11 04:45:00,683.66,684.07,683.63,683.84,2797.0
2025-12-11 05:00:00,683.84,684.03,683.45,683.9,3552.0
2025-12-11 05:15:00,684.0,684.02,683.77,684.02,910.0
2025-12-11 05:30:00,683.85,683.85,683.52,683.52,245.0
2025-12-11 05:45:00,683.59,683.77,683.57,683.67,1232.0
2025-12-11 06:00:00,683.67,683.87,683.62,683.84,732.0
2025-12-11 06:15:00,683.79,683.79,683.7,683.77,839.0
2025-12-11 06:30:00,683.92,684.04,683.7,683.93,3332.0
2025-12-11 06:45:00,684.0,684.68,684.0,684.68,1993.0
2025-12-11 07:00:00,684.57,685.16,684.54,685.11,2947.0
2025-12-11 07:15:00,685.09,685.74,685.07,685.65,13328.0
2025-12-11 07:30:00,685.68,686.0,685.61,685.76,5026.0
2025-12-11 07:45:00,685.73,685.88,685.51,685.8,7975.0
2025-12-11 08:00:00,685.7,685.915,685.19,685.35,117700.0
2025-12-11 08:15:00,685.35,685.5505,685.2308,685.27,11335.0
2025-12-11 08:30:00,685.27,685.43,684.6697,684.8202,56543.0
2025-12-11 08:45:00,684.81,685.1005,684.57,684.74,25834.0
2025-12-11 09:00:00,684.7507,685.3,684.6297,685.2,47066.0
2025-12-11 09:15:00,685.22,685.65,685.06,685.138,45728.0
2025-12-12 04:00:00,689.52,689.65,688.66,689.15,8180.0
2025-12-12 04:15:00,689.26,689.26,688.5,688.5,2769.0
2025-12-12 04:30:00,688.33,688.4,687.86,688.16,13763.0
2025-12-12 04:45:00,687.9,688.39,687.84,688.27,675.0
2025-12-12 05:00:00,688.34,688.82,688.19,688.75,1295.0
2025-12-12 05:15:00,688.66,688.66,688.22,688.24,2162.0
2025-12-12 05:30:00,688.24,688.24,687.97,688.17,754.0
2025-12-12 05:45:00,688.23,688.5,688.23,688.5,1343.0
2025-12-12 06:00:00,688.42,688.45,688.15,688.38,911.0
2025-12-12 06:15:00,688.54,688.62,688.32,688.32,12104.0
2025-12-12 06:30:00,688.32,688.32,687.88,688.12,829.0
2025-12-12 06:45:00,688.11,688.11,687.62,687.82,2803.0
2025-12-12 07:00:00,687.89,688.43,687.55,688.299,29909.0
2025-12-12 07:15:00,688.25,688.42,688.11,688.399,5043.0
2025-12-12 07:30:00,688.31,688.34,688.11,688.11,6064.0
2025-12-12 07:45:00,688.08,688.72,687.96,688.3,21184.0
2025-12-12 08:00:00,688.3,688.9505,688.0687,688.77,69701.0
2025-12-12 08:15:00,688.77,689.02,688.7,688.79,16421.0
2025-12-12 08:30:00,688.8005,688.885,688.5695,688.73,26643.0
2025-12-12 08:45:00,688.715,689.3932,688.65,689.3932,48570.0
2025-12-12 09:00:00,689.3936,689.48,688.91,688.99,37990.0
2025-12-12 09:15:00,688.9795,689.02,688.12,688.17,101016.0
2025-12-15 04:00:00,684.12,684.55,683.87,684.54,6428.0
2025-12-15 04:15:00,684.44,684.65,684.35,684.56,227.0
2025-12-15 04:30:00,684.58,684.66,684.48,684.56,1432.0
2025-12-15 04:45:00,684.78,684.8,684.74,684.8,650.0
2025-12-15 05:00:00,684.81,685.08,684.74,685.08,1690.0
2025-12-15 05:15:00,685.09,685.18,685.0,685.0,1259.0
2025-12-15 05:30:00,684.95,684.98,684.71,684.97,1691.0
2025-12-15 05:45:00,684.97,685.1,684.88,685.04,262.0
2025-12-15 06:00:00,685.01,685.06,685.01,685.03,182.0
2025-12-15 06:15:00,684.97,685.08,684.89,685.02,433.0
2025-12-15 06:30:00,685.03,685.09,684.96,685.08,944.0
2025-12-15 06:45:00,684.96,685.24,684.95,685.11,2862.0
2025-12-15 07:00:00,685.08,685.11,684.5,684.68,118472.0
2025-12-15 07:15:00,684.62,684.89,684.46,684.5,41343.0
2025-12-15 07:30:00,684.551,685.22,684.551,685.18,13222.0
2025-12-15 07:45:00,685.15,685.21,684.92,685.05,14241.0
2025-12-15 08:00:00,685.04,685.1165,684.82,685.0,92196.0
2025-12-15 08:15:00,684.9897,685.1,684.61,684.9907,28539.0
2025-12-15 08:30:00,684.99,685.149,684.91,685.06,24980.0
2025-12-15 08:45:00,685.045,685.46,685.03,685.37,55527.0
2025-12-15 09:00:00,685.35,685.67,685.24,685.615,66403.0
2025-12-15 09:15:00,685.605,685.87,685.2197,685.67,61925.0
2025-12-16 04:00:00,678.61,679.03,678.38,679.01,3514.0
2025-12-16 04:15:00,679.04,679.05,678.81,678.84,9797.0
2025-12-16 04:30:00,678.86,679.05,678.55,678.58,1351.0
2025-12-16 04:45:00,678.53,678.53,677.73,677.99,3889.0
2025-12-16 05:00:00,677.93,678.46,677.79,678.46,1410.0
2025-12-16 05:15:00,678.59,679.18,678.59,679.16,1904.0
2025-12-16 05:30:00,679.07,679.7,678.93,679.7,1090.0
2025-12-16 05:45:00,679.81,679.81,679.2,679.49,622.0
2025-12-16 06:00:00,679.44,679.44,679.2,679.37,1133.0
2025-12-16 06:15:00,679.4,679.4,679.27,679.35,677.0
2025-12-16 06:30:00,679.42,679.88,679.31,679.8,496.0
2025-12-16 06:45:00,679.81,680.34,679.77,680.33,1184.0
2025-12-16 07:00:00,680.24,680.701,680.12,680.65,2426.0
2025-12-16 07:15:00,680.67,680.83,680.46,680.55,1652.0
2025-12-16 07:30:00,680.53,680.91,680.47,680.61,7173.0
2025-12-16 07:45:00,680.64,680.76,680.38,680.44,7630.0
2025-12-16 08:00:00,680.38,680.565,679.84,680.211,72232.0
2025-12-16 08:15:00,680.19,680.72,679.79,680.258,47214.0
2025-12-16 08:30:00,680.71,682.14,679.9,679.93,231201.0
2025-12-16 08:45:00,679.9,680.6202,679.4592,679.789,94890.0
2025-12-16 09:00:00,679.75,680.12,679.23,679.89,82776.0
2025-12-16 09:15:00,679.83,680.4405,679.07,679.08,66864.0
2025-12-17 04:00:00,679.79,679.96,679.65,679.96,1461.0
2025-12-17 04:15:00,680.14,680.44,680.04,680.26,3085.0
2025-12-17 04:30:00,680.33,680.78,680.19,680.72,3604.0
2025-12-17 04:45:00,680.77,681.08,680.75,680.9,1781.0
2025-12-17 05:00:00,680.78,681.27,680.78,681.27,4438.0
2025-12-17 05:15:00,681.23,681.25,681.11,681.11,1366.0
2025-12-17 05:30:00,681.16,681.33,680.95,681.24,1451.0
2025-12-17 05:45:00,681.28,681.44,681.27,681.37,1790.0
2025-12-17 06:00:00,681.28,681.43,681.04,681.04,534.0
2025-12-17 06:15:00,680.99,681.18,680.94,681.11,552.0
2025-12-17 06:30:00,681.1,681.48,681.1,681.4,4221.0
2025-12-17 06:45:00,681.12,681.42,681.12,681.36,6859.0
2025-12-17 07:00:00,681.38,681.43,681.0,681.4,39140.0
2025-12-17 07:15:00,681.34,681.36,681.05,681.05,24726.0
2025-12-17 07:30:00,681.08,681.43,681.051,681.31,9539.0
2025-12-17 07:45:00,681.34,681.5,681.14,681.2,8697.0
2025-12-17 08:00:00,681.1918,681.385,680.3,680.6612,96715.0
2025-12-17 08:15:00,680.65,681.04,679.6092,680.611,117749.0
2025-12-17 08:30:00,680.61,680.68,680.1006,680.56,40848.0
2025-12-17 08:45:00,680.57,681.3312,680.2286,680.66,54613.0
2025-12-17 09:00:00,680.71,681.09,680.2795,680.2795,30140.0
2025-12-17 09:15:00,680.25,680.4402,679.8197,679.872,26759.0
2025-12-18 04:00:00,673.46,673.75,673.28,673.51,2021.0
2025-12-18 04:15:00,673.47,673.62,673.24,673.62,476.0
2025-12-18 04:30:00,673.69,674.04,673.68,674.04,1070.0
2025-12-18 04:45:00,674.17,674.38,674.17,674.38,1413.0
2025-12-18 05:00:00,674.36,674.41,674.07,674.13,1530.0
2025-12-18 05:15:00,674.12,674.22,673.96,674.14,779.0
2025-12-18 05:30:00,674.22,674.45,674.07,674.19,3528.0
2025-12-18 05:45:00,674.27,674.32,674.08,674.09,934.0
2025-12-18 06:00:00,674.2,674.56,674.09,674.56,917.0
2025-12-18 06:15:00,674.58,674.6,674.22,674.53,1393.0
2025-12-18 06:30:00,674.6,674.73,674.41,674.45,3885.0
2025-12-18 06:45:00,674.44,674.86,674.43,674.83,5527.0
2025-12-18 07:00:00,674.75,674.89,674.54,674.59,25976.0
2025-12-18 07:15:00,674.6,674.68,674.32,674.38,8922.0
2025-12-18 07:30:00,674.33,674.45,674.12,674.27,40888.0
2025-12-18 07:45:00,674.26,674.34,674.05,674.16,5968.0
2025-12-18 08:00:00,674.2,674.57,673.7837,674.45,99603.0
2025-12-18 08:15:00,674.4599,674.6602,674.371,674.56,76172.0
2025-12-18 08:30:00,674.67,677.48,674.6215,677.1195,299961.0
2025-12-18 08:45:00,677.13,677.38,676.4,676.55,122299.0
2025-12-18 09:00:00,676.51,677.4494,676.4792,677.16,63234.0
2025-12-18 09:15:00,677.18,677.67,677.01,677.59,48625.0
2025-12-19 04:00:00,676.68,676.98,676.47,676.59,5217.0
2025-12-19 04:15:00,676.64,677.13,676.51,677.04,1037.0
2025-12-19 04:30:00,677.1,677.16,676.97,677.01,1207.0
2025-12-19 04:45:00,677.03,677.17,676.87,677.03,654.0
2025-12-19 05:00:00,677.12,677.12,676.54,676.87,1427.0
2025-12-19 05:15:00,677.05,677.06,677.04,677.06,146.0
2025-12-19 05:30:00,676.96,677.07,676.58,676.75,1622.0
2025-12-19 05:45:00,676.9,676.98,676.47,676.58,764.0
2025-12-19 06:00:00,676.45,676.45,675.91,676.21,1060.0
2025-12-19 06:15:00,676.2,676.47,675.96,676.46,1353.0
2025-12-19 06:30:00,676.45,676.63,676.22,676.42,2615.0
2025-12-19 06:45:00,676.45,676.45,676.22,676.22,332.0
2025-12-19 07:00:00,676.22,676.49,675.69,676.09,3022.0
2025-12-19 07:15:00,676.14,676.17,675.6,676.06,39424.0
2025-12-19 07:30:00,676.04,676.19,675.52,675.52,23358.0
2025-12-19 07:45:00,675.76,675.81,674.84,674.96,8170.0
2025-12-19 08:00:00,674.91,675.43,674.8,675.395,47916.0
2025-12-19 08:15:00,675.3804,675.43,675.15,675.43,14806.0
2025-12-19 08:30:00,675.4,675.99,675.06,675.52,34694.0
2025-12-19 08:45:00,675.49,675.7702,675.3792,675.53,16886.0
2025-12-19 09:00:00,675.505,675.96,675.07,675.93,23400.0
2025-12-19 09:15:00,675.94,676.78,675.16,676.6,110487.0
2025-12-22 04:00:00,682.43,682.73,682.37,682.66,1607.0
2025-12-22 04:15:00,682.76,682.94,682.71,682.92,720.0
2025-12-22 04:30:00,682.85,683.02,682.83,682.84,918.0
2025-12-22 04:45:00,682.88,682.95,682.86,682.86,410.0
2025-12-22 05:00:00,682.8,683.0,682.8,683.0,176.0
2025-12-22 05:15:00,682.93,682.94,682.86,682.94,298.0
2025-12-22 05:30:00,682.91,683.02,682.9,682.92,822.0
2025-12-22 05:45:00,683.0,683.01,682.93,682.93,539.0
2025-12-22 06:00:00,682.94,683.07,682.94,683.03,1395.0
2025-12-22 06:15:00,682.97,683.13,682.96,683.09,321.0
2025-12-22 06:30:00,683.09,683.09,682.83,683.04,361.0
2025-12-22 06:45:00,683.07,683.08,682.91,682.94,739.0
2025-12-22 07:00:00,682.92,683.129,682.89,682.92,1172.0
2025-12-22 07:15:00,682.91,683.19,682.76,683.19,46422.0
2025-12-22 07:30:00,683.12,683.31,683.06,683.29,15774.0
2025-12-22 07:45:00,683.21,683.27,682.97,683.27,3710.0
2025-12-22 08:00:00,683.28,683.5,683.125,683.405,74749.0
2025-12-22 08:15:00,683.4102,683.71,683.31,683.61,13550.0
2025-12-22 08:30:00,683.6102,683.64,683.25,683.36,10042.0
2025-12-22 08:45:00,683.38,683.7105,683.3207,683.6805,45851.0
2025-12-22 09:00:00,683.6638,684.009,683.6501,683.8195,45414.0
2025-12-22 09:15:00,683.83,684.11,683.78,683.94,56346.0
2025-12-23 04:00:00,684.89,685.07,684.87,685.0,887.0
2025-12-23 04:15:00,685.02,685.32,684.98,685.32,2215.0
2025-12-23 04:30:00,685.3,685.52,685.3,685.52,3002.0
2025-12-23 04:45:00,685.41,685.46,685.4,685.41,145.0
2025-12-23 05:00:00,685.5,685.55,685.43,685.45,1466.0
2025-12-23 05:15:00,685.27,685.27,685.22,685.27,148.0
2025-12-23 05:30:00,685.24,685.28,685.1,685.2,1473.0
2025-12-23 05:45:00,685.19,685.19,685.15,685.19,184.0
2025-12-23 06:00:00,685.26,685.26,685.12,685.12,418.0
2025-12-23 06:15:00,684.98,685.09,684.91,685.09,1514.0
2025-12-23 06:30:00,685.07,685.17,685.04,685.11,1495.0
2025-12-23 06:45:00,685.07,685.07,684.9,684.97,327.0
2025-12-23 07:00:00,684.92,684.98,684.65,684.65,1502.0
2025-12-23 07:15:00,684.7,684.7,684.49,684.54,594.0
2025-12-23 07:30:00,684.49,684.71,684.37,684.58,1040.0
2025-12-23 07:45:00,684.58,684.779,684.58,684.69,1682.0
2025-12-23 08:00:00,684.8412,684.8787,684.47,684.59,44915.0
2025-12-23 08:15:00,684.6105,684.7147,684.4395,684.6065,14441.0
2025-12-23 08:30:00,684.76,684.7905,683.52,684.0088,58636.0
2025-12-23 08:45:00,684.0005,684.09,683.32,683.5602,65982.0
2025-12-23 09:00:00,683.59,683.88,683.37,683.64,24129.0
2025-12-23 09:15:00,683.63,683.92,683.49,683.91,36991.0
2025-12-24 04:00:00,687.45,687.66,687.45,687.66,3137.0
2025-12-24 04:15:00,687.85,687.9,687.8,687.84,389.0
2025-12-24 04:30:00,687.76,687.82,687.75,687.82,26.0
2025-12-24 04:45:00,687.69,687.72,687.69,687.69,109.0
2025-12-24 05:00:00,687.67,687.7,687.59,687.68,523.0
2025-12-24 05:15:00,687.67,687.68,687.61,687.66,130.0
2025-12-24 05:30:00,687.65,687.76,687.65,687.76,13.0
2025-12-24 05:45:00,687.75,687.84,687.69,687.84,507.0
2025-12-24 06:00:00,687.72,687.82,687.7,687.82,278.0
2025-12-24 06:15:00,687.79,687.8,687.7,687.76,126.0
2025-12-24 06:30:00,687.72,687.75,687.68,687.74,526.0
2025-12-24 06:45:00,687.66,687.7,687.66,687.7,40.0
2025-12-24 07:00:00,687.73,687.93,687.71,687.93,3025.0
2025-12-24 07:15:00,687.97,688.14,687.92,687.929,1583.0
2025-12-24 07:30:00,687.95,688.059,687.94,688.04,1857.0
2025-12-24 07:45:00,688.049,688.1,688.039,688.08,6293.0
2025-12-24 08:00:00,688.0697,688.1385,687.76,687.8897,44996.0
2025-12-24 08:15:00,687.875,688.0,687.86,687.993,3354.0
2025-12-24 08:30:00,687.96,688.2398,687.96,688.1511,32061.0
2025-12-24 08:45:00,688.1799,688.3288,688.15,688.2491,13862.0
2025-12-24 09:00:00,688.23,688.28,688.08,688.21,19247.0
2025-12-24 09:15:00,688.2202,688.23,687.875,687.92,38100.0
2025-12-26 04:00:00,690.02,690.35,690.02,690.34,1479.0
2025-12-26 04:15:00,690.35,690.35,690.12,690.17,264.0
2025-12-26 04:30:00,690.2,690.2,690.17,690.17,103.0
2025-12-26 04:45:00,690.23,690.34,690.23,690.34,281.0
2025-12-26 05:00:00,690.39,690.48,690.31,690.45,772.0
2025-12-26 05:15:00,690.45,690.51,690.41,690.41,608.0
2025-12-26 05:30:00,690.35,690.49,690.35,690.49,45.0
2025-12-26 05:45:00,690.47,690.47,690.25,690.25,168.0
2025-12-26 06:00:00,690.33,690.43,690.32,690.36,143.0
2025-12-26 06:15:00,690.3,690.32,690.23,690.23,52.0
2025-12-26 06:30:00,690.16,690.19,690.0,690.0,493.0
2025-12-26 06:45:00,690.08,690.14,689.92,690.14,1217.0
2025-12-26 07:00:00,690.11,690.18,690.05,690.18,444.0
2025-12-26 07:15:00,690.17,690.38,690.17,690.38,314.0
2025-12-26 07:30:00,690.3,690.49,690.3,690.42,1964.0
2025-12-26 07:45:00,690.45,690.49,690.32,690.42,609.0
2025-12-26 08:00:00,690.32,690.485,690.2395,690.28,42675.0
2025-12-26 08:15:00,690.2711,690.58,690.261,690.3992,19342.0
2025-12-26 08:30:00,690.39,690.82,690.37,690.7495,22810.0
2025-12-26 08:45:00,690.76,690.83,690.4348,690.5692,39718.0
2025-12-26 09:00:00,690.6,690.69,690.41,690.6698,20763.0
2025-12-26 09:15:00,690.66,690.78,690.5697,690.62,30941.0
2025-12-29 04:00:00,688.5,688.76,688.45,688.75,2484.0
2025-12-29 04:15:00,688.76,688.94,688.74,688.94,1284.0
2025-12-29 04:30:00,688.91,688.91,688.61,688.61,987.0
2025-12-29 04:45:00,688.48,688.84,688.37,688.81,593.0
2025-12-29 05:00:00,688.86,688.91,688.71,688.91,112.0
2025-12-29 05:15:00,689.05,689.06,688.76,688.85,425.0
2025-12-29 05:30:00,688.77,688.79,688.7,688.79,166.0
2025-12-29 05:45:00,688.74,688.74,688.66,688.72,48.0
2025-12-29 06:00:00,688.6,688.77,688.56,688.62,1064.0
2025-12-29 06:15:00,688.65,688.65,688.46,688.5,888.0
2025-12-29 06:30:00,688.67,688.98,688.67,688.98,213.0
2025-12-29 06:45:00,689.02,689.07,688.96,689.02,260.0
2025-12-29 07:00:00,689.04,689.07,688.799,688.851,745.0
2025-12-29 07:15:00,688.911,688.96,688.77,688.78,1437.0
2025-12-29 07:30:00,688.72,688.85,688.25,688.281,18060.0
2025-12-29 07:45:00,688.19,688.5,688.04,688.47,10004.0
2025-12-29 08:00:00,688.4588,688.72,688.195,688.47,38870.0
2025-12-29 08:15:00,688.4889,688.54,688.191,688.37,40901.0
2025-12-29 08:30:00,688.36,688.385,688.05,688.195,44614.0
2025-12-29 08:45:00,688.19,688.25,687.0102,687.6488,87047.0
2025-12-29 09:00:00,687.67,687.69,687.2207,687.435,31406.0
2025-12-29 09:15:00,687.435,687.6,686.66,687.52,100693.0
2025-12-30 04:00:00,687.93,688.05,687.83,687.96,8856.0
2025-12-30 04:15:00,687.99,688.11,687.99,688.07,303.0
2025-12-30 04:30:00,688.14,688.14,687.87,687.87,159.0
2025-12-30 04:45:00,687.89,687.89,687.82,687.82,607.0
2025-12-30 05:00:00,688.03,688.03,687.85,687.9,117.0
2025-12-30 05:15:00,687.83,687.83,687.83,687.83,100.0
2025-12-30 05:30:00,687.94,687.94,687.79,687.94,221.0
2025-12-30 05:45:00,687.92,687.92,687.62,687.62,255.0
2025-12-30 06:00:00,687.63,687.63,687.35,687.35,149.0
2025-12-30 06:15:00,687.35,687.35,687.25,687.25,53.0
2025-12-30 06:30:00,687.33,687.33,687.29,687.31,324.0
2025-12-30 06:45:00,687.49,687.88,687.49,687.88,339.0
2025-12-30 07:00:00,687.8,688.01,687.77,687.93,10834.0
2025-12-30 07:15:00,687.98,688.13,687.78,687.8,5222.0
2025-12-30 07:30:00,687.79,687.949,687.49,687.91,5022.0
2025-12-30 07:45:00,687.9,687.949,687.61,687.72,4050.0
2025-12-30 08:00:00,687.68,687.925,687.5817,687.8488,56974.0
2025-12-30 08:15:00,687.85,688.0502,687.765,687.82,41038.0
2025-12-30 08:30:00,687.8184,687.83,687.32,687.5902,25487.0
2025-12-30 08:45:00,687.5905,687.75,687.3495,687.735,15516.0
2025-12-30 09:00:00,687.721,687.77,687.53,687.735,10546.0
2025-12-30 09:15:00,687.72,687.82,687.31,687.39,22535.0
2025-12-31 04:00:00,685.03,685.52,685.02,685.31,2310.0
2025-12-31 04:15:00,685.42,685.42,685.3,685.3,60.0
2025-12-31 04:45:00,685.3,685.3,685.24,685.24,99.0
2025-12-31 05:00:00,685.18,685.29,685.1,685.29,814.0
2025-12-31 05:15:00,685.31,685.32,685.28,685.28,429.0
2025-12-31 05:30:00,685.55,685.55,685.32,685.32,278.0
2025-12-31 05:45:00,685.35,685.38,685.33,685.38,429.0
2025-12-31 06:00:00,685.47,685.55,685.47,685.55,53.0
2025-12-31 06:15:00,685.67,685.67,685.62,685.67,63.0
2025-12-31 06:30:00,685.69,685.81,685.68,685.81,372.0
2025-12-31 06:45:00,685.8,685.89,685.72,685.89,1942.0
2025-12-31 07:00:00,685.919,685.919,685.73,685.91,842.0
2025-12-31 07:15:00,685.93,686.26,685.89,686.251,950.0
2025-12-31 07:30:00,686.22,686.39,686.2,686.2,4385.0
2025-12-31 07:45:00,686.19,686.3,686.17,686.271,3188.0
2025-12-31 08:00:00,686.22,686.39,686.2,686.31,27719.0
2025-12-31 08:15:00,686.271,686.6488,686.271,686.6488,13314.0
2025-12-31 08:30:00,686.61,686.99,686.425,686.9668,11992.0
2025-12-31 08:45:00,686.97,687.77,686.9503,687.53,60285.0
2025-12-31 09:00:00,687.54,687.74,687.41,687.445,42057.0
2025-12-31 09:15:00,687.44,687.49,687.11,687.12,53704.0
2026-01-02 04:00:00,686.02,686.6,685.92,686.58,27567.0
2026-01-02 04:15:00,686.56,686.56,686.24,686.45,3192.0
2026-01-02 04:30:00,686.45,686.64,686.39,686.64,4239.0
2026-01-02 04:45:00,686.54,686.64,686.45,686.64,21412.0
2026-01-02 05:00:00,686.61,686.64,686.48,686.48,617.0
2026-01-02 05:15:00,686.54,686.69,686.2,686.22,811.0
2026-01-02 05:30:00,686.17,686.27,686.01,686.24,5405.0
2026-01-02 05:45:00,686.25,686.59,686.25,686.47,8176.0
2026-01-02 06:00:00,686.49,686.62,686.48,686.48,3541.0
2026-01-02 06:15:00,686.47,686.47,686.11,686.18,4866.0
2026-01-02 06:30:00,686.21,686.37,686.17,686.34,1938.0
2026-01-02 06:45:00,686.31,686.31,686.07,686.1,5084.0
2026-01-02 07:00:00,686.16,686.23,685.73,685.82,8623.0
2026-01-02 07:15:00,685.89,685.99,685.82,685.95,54946.0
2026-01-02 07:30:00,685.98,686.18,685.82,686.1,7212.0
2026-01-02 07:45:00,686.1,686.13,685.9,686.039,16046.0
2026-01-02 08:00:00,685.9612,686.1,685.8195,685.899,149468.0
2026-01-02 08:15:00,685.8597,686.0086,685.69,685.775,16506.0
2026-01-02 08:30:00,685.7604,685.84,685.56,685.78,26618.0
2026-01-02 08:45:00,685.81,685.98,685.4984,685.76,45930.0
2026-01-02 09:00:00,685.72,686.05,685.58,685.63,71140.0
2026-01-02 09:15:00,685.63,685.96,685.31,685.55,94225.0
2026-01-05 04:00:00,684.81,685.15,684.75,684.97,14865.0
2026-01-05 04:15:00,684.86,684.98,684.4,684.42,3829.0
2026-01-05 04:30:00,684.37,684.76,684.35,684.58,842.0
2026-01-05 04:45:00,684.67,684.9,684.47,684.47,1197.0
2026-01-05 05:00:00,684.67,685.1,684.61,685.03,487.0
2026-01-05 05:15:00,685.07,685.3,685.07,685.07,559.0
2026-01-05 05:30:00,685.04,685.05,684.99,685.05,3483.0
2026-01-05 05:45:00,685.23,685.23,685.13,685.15,37.0
2026-01-05 06:00:00,685.23,685.27,685.02,685.08,354.0
2026-01-05 06:15:00,685.16,685.36,685.12,685.15,4664.0
2026-01-05 06:30:00,685.06,685.37,685.06,685.26,1450.0
2026-01-05 06:45:00,685.3,685.5,685.23,685.41,2290.0
2026-01-05 07:00:00,685.37,685.62,685.15,685.41,22140.0
2026-01-05 07:15:00,685.4,685.66,685.12,685.151,59185.0
2026-01-05 07:30:00,685.141,685.49,684.99,685.05,10560.0
2026-01-05 07:45:00,685.08,685.33,684.95,685.27,5798.0
2026-01-05 08:00:00,685.29,685.41,684.84,685.0992,82607.0
2026-01-05 08:15:00,685.1,685.12,684.3995,684.56,27710.0
2026-01-05 08:30:00,684.55,685.0805,684.55,684.98,21774.0
2026-01-05 08:45:00,684.9805,685.71,684.9397,685.42,37130.0
2026-01-05 09:00:00,685.43,686.19,685.4,686.021,68927.0
2026-01-05 09:15:00,686.04,686.6407,685.9847,686.41,60119.0
2026-01-06 04:00:00,686.95,687.3,686.91,687.24,2635.0
2026-01-06 04:15:00,687.28,687.37,687.0,687.01,1245.0
2026-01-06 04:30:00,687.0,687.24,686.94,687.24,303.0
2026-01-06 04:45:00,687.25,687.69,687.18,687.32,2229.0
2026-01-06 05:00:00,687.22,687.29,687.22,687.29,165.0
2026-01-06 05:15:00,687.27,687.27,687.13,687.13,1702.0
2026-01-06 05:30:00,687.27,687.38,687.27,687.37,443.0
2026-01-06 05:45:00,687.46,687.46,687.37,687.41,178.0
2026-01-06 06:00:00,687.34,687.47,687.34,687.38,32.0
2026-01-06 06:15:00,687.35,687.53,687.35,687.36,608.0
2026-01-06 06:30:00,687.47,687.47,687.24,687.33,411.0
2026-01-06 06:45:00,687.26,687.42,687.26,687.42,824.0
2026-01-06 07:00:00,687.25,687.62,687.24,687.62,1241.0
2026-01-06 07:15:00,687.69,687.7,687.55,687.67,2166.0
2026-01-06 07:30:00,687.61,687.97,687.55,687.95,2364.0
2026-01-06 07:45:00,687.97,688.19,687.93,688.1,3360.0
2026-01-06 08:00:00,688.0595,688.2067,687.765,687.99,72703.0
2026-01-06 08:15:00,687.97,688.155,687.67,687.755,15562.0
2026-01-06 08:30:00,687.755,687.965,687.69,687.765,15400.0
2026-01-06 08:45:00,687.75,687.7902,687.1695,687.645,19622.0
2026-01-06 09:00:00,687.63,687.68,687.2795,687.5,90569.0
2026-01-06 09:15:00,687.4905,687.98,687.4092,687.98,41061.0
2026-01-07 04:00:00,691.23,691.28,691.02,691.14,2606.0
2026-01-07 04:15:00,691.15,691.17,690.96,691.13,698.0
2026-01-07 04:30:00,691.11,691.2,691.11,691.12,35.0
2026-01-07 04:45:00,691.21,691.26,691.15,691.22,218.0
2026-01-07 05:00:00,691.2,691.42,691.11,691.38,841.0
2026-01-07 05:15:00,691.26,691.26,691.0,691.0,108.0
2026-01-07 05:30:00,690.88,691.08,690.88,691.03,782.0
2026-01-07 05:45:00,690.97,691.07,690.96,691.07,2873.0
2026-01-07 06:00:00,691.09,691.22,691.06,691.22,68.0
2026-01-07 06:15:00,691.23,691.32,691.23,691.26,794.0
2026-01-07 06:30:00,691.12,691.46,691.12,691.44,1578.0
2026-01-07 06:45:00,691.4,691.55,691.34,691.51,1491.0
2026-01-07 07:00:00,691.53,691.71,691.53,691.55,23364.0
2026-01-07 07:15:00,691.56,691.76,691.54,691.69,8816.0
2026-01-07 07:30:00,691.62,691.66,691.29,691.61,2820.0
2026-01-07 07:45:00,691.59,691.8,691.51,691.661,18873.0
2026-01-07 08:00:00,691.61,691.709,691.3397,691.55,113362.0
2026-01-07 08:15:00,691.5,691.95,691.5,691.935,36297.0
2026-01-07 08:30:00,691.945,692.29,691.84,692.2,52515.0
2026-01-07 08:45:00,692.2,692.29,691.99,692.2488,23738.0
2026-01-07 09:00:00,692.23,692.25,691.8,691.9492,21319.0
2026-01-07 09:15:00,691.9292,692.24,691.83,692.17,18120.0
2026-01-08 04:00:00,688.7,688.91,688.65,688.74,1193.0
2026-01-08 04:15:00,688.77,688.77,688.39,688.51,799.0
2026-01-08 04:30:00,688.28,688.28,688.16,688.17,350.0
2026-01-08 04:45:00,688.24,688.31,688.09,688.26,2420.0
2026-01-08 05:00:00,688.41,688.41,687.93,687.93,882.0
2026-01-08 05:15:00,688.02,688.04,687.95,688.04,1181.0
2026-01-08 05:30:00,688.04,688.37,688.04,688.37,917.0
2026-01-08 05:45:00,688.42,688.42,688.26,688.35,1119.0
2026-01-08 06:00:00,688.56,688.64,688.5,688.52,636.0
2026-01-08 06:15:00,688.46,688.66,688.46,688.66,201.0
2026-01-08 06:30:00,688.55,688.71,687.86,688.67,7152.0
2026-01-08 06:45:00,688.53,688.68,688.47,688.47,943.0
2026-01-08 07:00:00,688.33,688.44,687.951,688.28,6247.0
2026-01-08 07:15:00,688.23,688.6,688.23,688.53,4879.0
2026-01-08 07:30:00,688.43,688.43,688.16,688.16,1791.0
2026-01-08 07:45:00,688.16,688.53,688.1,688.35,2697.0
2026-01-08 08:00:00,688.3491,688.8,688.175,688.749,50188.0
2026-01-08 08:15:00,688.75,689.31,688.56,689.1682,36202.0
2026-01-08 08:30:00,689.095,689.4,688.79,688.9108,20540.0
2026-01-08 08:45:00,688.9199,689.11,688.78,689.1,13448.0
2026-01-08 09:00:00,689.0797,689.24,688.71,688.98,35108.0
2026-01-08 09:15:00,688.98,689.04,688.605,688.76,50676.0
2026-01-09 04:00:00,689.38,689.53,689.38,689.45,274.0
2026-01-09 04:15:00,689.6,689.98,689.53,689.98,229.0
2026-01-09 04:30:00,690.03,690.42,690.03,690.21,989.0
2026-01-09 04:45:00,690.39,690.4,690.2,690.4,446.0
2026-01-09 05:00:00,690.44,690.49,690.32,690.35,1170.0
2026-01-09 05:15:00,690.33,690.49,690.33,690.48,199.0
2026-01-09 05:30:00,690.41,690.48,690.25,690.25,1253.0
2026-01-09 05:45:00,690.35,690.42,690.28,690.33,969.0
2026-01-09 06:00:00,690.35,690.35,690.22,690.22,747.0
2026-01-09 06:15:00,690.51,690.63,690.5,690.63,589.0
2026-01-09 06:30:00,690.67,690.9,690.65,690.87,633.0
2026-01-09 06:45:00,690.9,690.9,690.4,690.4,3231.0
2026-01-09 07:00:00,690.39,690.67,690.33,690.43,1248.0
2026-01-09 07:15:00,690.36,690.45,690.26,690.32,4421.0
2026-01-09 07:30:00,690.3,690.45,690.15,690.4,2573.0
2026-01-09 07:45:00,690.54,690.93,690.49,690.84,4117.0
2026-01-09 08:00:00,690.81,690.9108,690.6,690.85,79066.0
2026-01-09 08:15:00,690.85,691.2702,690.63,691.1282,91695.0
2026-01-09 08:30:00,691.27,692.4005,691.0195,692.15,134992.0
2026-01-09 08:45:00,692.14,692.31,691.77,692.191,28385.0
2026-01-09 09:00:00,692.2302,692.51,691.3,691.56,71159.0
2026-01-09 09:15:00,691.5195,691.64,690.41,690.6,114798.0
2026-01-12 04:00:00,689.02,689.53,688.97,689.35,8736.0
2026-01-12 04:15:00,689.38,689.45,688.98,689.0,2318.0
2026-01-12 04:30:00,689.07,689.15,688.92,689.15,1235.0
2026-01-12 04:45:00,689.21,689.62,689.21,689.52,3088.0
2026-01-12 05:00:00,689.43,689.48,689.31,689.31,1178.0
2026-01-12 05:15:00,689.43,689.61,689.39,689.49,1006.0
2026-01-12 05:30:00,689.6,689.88,689.6,689.88,1176.0
2026-01-12 05:45:00,689.7,689.73,689.48,689.5,434.0
2026-01-12 06:00:00,689.51,690.09,689.51,690.08,1780.0
2026-01-12 06:15:00,690.09,690.2,689.86,689.97,2898.0
2026-01-12 06:30:00,689.94,690.0,689.87,689.9,1593.0
2026-01-12 06:45:00,689.98,689.98,689.76,689.83,1823.0
2026-01-12 07:00:00,689.86,690.42,689.77,690.25,10805.0
2026-01-12 07:15:00,690.3,690.52,690.249,690.36,31512.0
2026-01-12 07:30:00,690.41,690.5,690.16,690.5,45366.0
2026-01-12 07:45:00,690.45,690.78,690.43,690.63,10320.0
2026-01-12 08:00:00,690.6,690.7507,690.2,690.265,131601.0
2026-01-12 08:15:00,690.265,690.73,690.231,690.645,41427.0
2026-01-12 08:30:00,690.654,690.71,690.3395,690.42,22023.0
2026-01-12 08:45:00,690.41,690.6705,690.27,690.43,37140.0
2026-01-12 09:00:00,690.43,690.65,690.3007,690.57,18296.0
2026-01-12 09:15:00,690.5592,690.7302,690.2,690.71,42345.0
2026-01-13 04:00:00,694.65,694.89,694.63,694.83,1405.0
2026-01-13 04:15:00,694.91,694.97,694.75,694.81,4170.0
2026-01-13 04:30:00,694.82,694.82,694.55,694.55,545.0
2026-01-13 04:45:00,694.52,694.66,694.52,694.66,189.0
2026-01-13 05:00:00,694.53,694.6,694.1,694.1,236.0
2026-01-13 05:15:00,694.06,694.26,694.06,694.21,224.0
2026-01-13 05:30:00,694.25,694.25,694.25,694.25,74.0
2026-01-13 05:45:00,694.21,694.24,694.16,694.24,40.0
2026-01-13 06:00:00,694.43,694.43,694.36,694.36,27.0
2026-01-13 06:15:00,694.37,694.47,694.37,694.44,223.0
2026-01-13 06:30:00,694.41,694.42,694.18,694.27,13086.0
2026-01-13 06:45:00,694.27,694.75,694.27,694.68,7489.0
2026-01-13 07:00:00,694.65,694.79,694.56,694.75,7426.0
2026-01-13 07:15:00,694.78,694.81,694.64,694.81,1039.0
2026-01-13 07:30:00,694.7,694.86,694.7,694.86,922.0
2026-01-13 07:45:00,694.82,694.82,694.31,694.38,17658.0
2026-01-13 08:00:00,694.412,694.6128,694.1966,694.48,49595.0
2026-01-13 08:15:00,694.47,694.5305,694.2546,694.418,16465.0
2026-01-13 08:30:00,694.45,697.3,694.25,696.0292,372855.0
2026-01-13 08:45:00,695.9895,696.0757,695.0095,695.685,58910.0
2026-01-13 09:00:00,695.67,696.1402,695.4992,696.055,33355.0
2026-01-13 09:15:00,696.05,696.4205,695.43,695.44,98887.0
2026-01-14 04:00:00,692.73,693.08,692.73,693.08,636.0
2026-01-14 04:15:00,693.09,693.15,693.09,693.11,163.0
2026-01-14 04:30:00,692.99,692.99,692.77,692.82,310.0
2026-01-14 04:45:00,692.76,692.78,692.6,692.78,1085.0
2026-01-14 05:00:00,692.72,692.78,692.51,692.53,861.0
2026-01-14 05:15:00,692.39,692.42,691.3,691.57,11571.0
2026-01-14 05:30:00,691.5,691.5,690.98,691.24,19815.0
2026-01-14 05:45:00,691.26,691.26,690.55,690.96,7960.0
2026-01-14 06:00:00,690.91,691.05,690.5,691.05,2659.0
2026-01-14 06:15:00,691.12,691.45,691.01,691.41,4583.0
2026-01-14 06:30:00,691.48,691.48,691.04,691.07,1059.0
2026-01-14 06:45:00,691.07,691.3,690.99,691.14,3133.0
2026-01-14 07:00:00,691.13,691.21,690.3,691.19,7678.0
2026-01-14 07:15:00,691.21,691.75,691.17,691.65,6398.0
2026-01-14 07:30:00,691.65,691.87,691.55,691.59,6232.0
2026-01-14 07:45:00,691.59,691.59,691.32,691.44,8104.0
2026-01-14 08:00:00,691.43,691.5502,690.97,691.0795,113085.0
2026-01-14 08:15:00,691.0793,691.64,690.87,691.63,32525.0
2026-01-14 08:30:00,691.66,691.8,690.74,690.74,54720.0
2026-01-14 08:45:00,690.78,691.0502,690.5008,690.84,31282.0
2026-01-14 09:00:00,690.881,691.2102,690.7518,691.03,54661.0
2026-01-14 09:15:00,691.03,691.27,690.7501,690.87,61789.0
2026-01-15 04:00:00,691.62,692.31,691.56,692.31,2613.0
2026-01-15 04:15:00,692.11,692.61,692.11,692.6,1391.0
2026-01-15 04:30:00,692.63,693.01,692.63,692.84,1904.0
2026-01-15 04:45:00,692.88,692.88,692.51,692.51,294.0
2026-01-15 05:00:00,692.61,692.82,692.52,692.8,1990.0
2026-01-15 05:15:00,692.72,692.76,692.47,692.57,1190.0
2026-01-15 05:30:00,692.6,692.78,692.56,692.78,1061.0
2026-01-15 05:45:00,692.8,692.88,692.65,692.75,2443.0
2026-01-15 06:00:00,692.75,693.08,692.73,693.08,46590.0
2026-01-15 06:15:00,693.03,693.04,692.84,692.84,1824.0
2026-01-15 06:30:00,692.88,693.14,692.78,692.85,22086.0
2026-01-15 06:45:00,692.98,693.15,692.84,692.9,21753.0
2026-01-15 07:00:00,692.9,693.0,692.61,692.68,6775.0
2026-01-15 07:15:00,692.731,692.8,692.54,692.77,15404.0
2026-01-15 07:30:00,692.71,692.86,692.55,692.78,28976.0
2026-01-15 07:45:00,692.84,693.1,692.71,693.01,36751.0
2026-01-15 08:00:00,692.9,693.3,692.68,693.099,113568.0
2026-01-15 08:15:00,693.0592,693.44,692.9695,693.3286,27439.0
2026-01-15 08:30:00,693.27,694.0,693.03,693.631,93567.0
2026-01-15 08:45:00,693.6501,693.8902,693.4801,693.51,43067.0
2026-01-15 09:00:00,693.5304,694.12,693.4212,693.7705,47002.0
2026-01-15 09:15:00,693.7699,694.805,693.7197,694.56,57606.0
2026-01-16 04:00:00,694.04,694.44,694.04,694.3,3102.0
2026-01-16 04:15:00,694.21,694.42,694.06,694.42,906.0
2026-01-16 04:30:00,694.43,694.43,694.18,694.18,718.0
2026-01-16 04:45:00,694.15,694.15,693.98,693.98,9725.0
2026-01-16 05:00:00,693.9,693.9,693.81,693.87,469.0
2026-01-16 05:15:00,694.12,694.22,694.04,694.22,524.0
2026-01-16 05:30:00,694.28,694.36,694.28,694.34,818.0
2026-01-16 05:45:00,694.39,694.39,694.22,694.25,950.0
2026-01-16 06:00:00,694.22,694.22,694.1,694.2,215.0
2026-01-16 06:15:00,694.29,694.42,694.26,694.32,646.0
2026-01-16 06:30:00,694.39,694.4,694.1,694.1,909.0
2026-01-16 06:45:00,693.97,693.97,693.04,693.38,2728.0
2026-01-16 07:00:00,693.33,693.61,693.19,693.61,2342.0
2026-01-16 07:15:00,693.58,693.651,693.17,693.32,1173.0
2026-01-16 07:30:00,693.42,693.69,693.29,693.681,5256.0
2026-01-16 07:45:00,693.8,693.83,692.86,693.1,25463.0
2026-01-16 08:00:00,693.2492,693.385,693.0,693.1865,63080.0
2026-01-16 08:15:00,693.2004,693.43,693.0,693.355,19356.0
2026-01-16 08:30:00,693.36,693.605,692.9795,693.23,31834.0
2026-01-16 08:45:00,693.21,693.5,693.155,693.16,23030.0
2026-01-16 09:00:00,693.16,693.4339,693.1,693.31,33576.0
2026-01-16 09:15:00,693.27,693.95,693.21,693.63,76067.0
2026-01-20 04:00:00,680.75,681.56,680.0,680.38,8848.0
2026-01-20 04:15:00,680.28,680.37,679.7,679.76,20127.0
2026-01-20 04:30:00,679.76,679.82,679.19,679.66,17434.0
2026-01-20 04:45:00,679.71,679.73,679.06,679.53,9547.0
2026-01-20 05:00:00,679.63,680.31,679.16,680.26,8454.0
2026-01-20 05:15:00,680.31,681.1,680.29,680.98,3969.0
2026-01-20 05:30:00,680.97,680.97,680.4,680.77,6103.0
2026-01-20 05:45:00,680.9,680.9,680.54,680.59,4629.0
2026-01-20 06:00:00,680.67,681.21,680.66,680.93,3743.0
2026-01-20 06:15:00,681.0,681.71,680.56,681.08,15027.0
2026-01-20 06:30:00,681.15,681.18,680.8,681.1,24593.0
2026-01-20 06:45:00,681.1,681.69,680.97,681.39,21591.0
2026-01-20 07:00:00,681.33,682.12,680.999,682.05,29971.0
2026-01-20 07:15:00,682.03,682.22,681.44,681.85,16105.0
2026-01-20 07:30:00,681.84,682.52,681.71,682.47,9381.0
2026-01-20 07:45:00,682.5,683.0,682.28,682.42,33781.0
2026-01-20 08:00:00,682.4605,682.8,681.74,681.84,283576.0
2026-01-20 08:15:00,681.799,682.779,681.77,682.03,67102.0
2026-01-20 08:30:00,682.005,682.1,680.35,681.3291,248081.0
2026-01-20 08:45:00,681.3087,681.5002,680.89,680.9995,89067.0
2026-01-20 09:00:00,680.97,681.52,680.8682,681.1992,69763.0
2026-01-20 09:15:00,681.1618,681.5796,680.81,681.54,139586.0
2026-01-21 04:00:00,679.68,679.84,679.44,679.44,1760.0
2026-01-21 04:15:00,679.66,679.66,679.23,679.37,3407.0
2026-01-21 04:30:00,679.33,679.33,678.95,679.0,3431.0
2026-01-21 04:45:00,679.02,679.02,678.08,678.16,4698.0
2026-01-21 05:00:00,678.18,678.7,677.94,678.56,3279.0
2026-01-21 05:15:00,678.69,679.0,678.42,679.0,3546.0
2026-01-21 05:30:00,679.03,679.24,678.94,679.15,3229.0
2026-01-21 05:45:00,679.22,679.22,678.57,678.57,2102.0
2026-01-21 06:00:00,678.42,678.63,678.3,678.5,711.0
2026-01-21 06:15:00,678.41,678.53,678.28,678.31,5270.0
2026-01-21 06:30:00,678.41,678.51,677.74,677.79,2837.0
2026-01-21 06:45:00,677.83,677.83,676.32,676.36,25637.0
2026-01-21 07:00:00,676.49,676.99,676.05,676.61,58700.0
2026-01-21 07:15:00,676.63,677.23,676.46,676.89,8935.0
2026-01-21 07:30:00,676.89,676.89,676.13,676.3,31634.0
2026-01-21 07:45:00,676.361,677.0,675.88,676.96,36256.0
2026-01-21 08:00:00,676.9,677.3,676.6055,677.0267,168920.0
2026-01-21 08:15:00,677.04,677.11,676.5012,676.575,37933.0
2026-01-21 08:30:00,676.559,676.68,676.0,676.279,61071.0
2026-01-21 08:45:00,676.26,677.61,676.21,676.8815,108168.0
2026-01-21 09:00:00,676.84,680.18,676.58,679.77,638146.0
2026-01-21 09:15:00,679.81,680.88,678.76,679.44,394762.0
2026-01-22 04:00:00,689.01,689.61,688.92,689.6,16259.0
2026-01-22 04:15:00,689.7,689.78,689.34,689.4,3091.0
2026-01-22 04:30:00,689.39,689.71,689.39,689.71,46.0
2026-01-22 04:45:00,689.7,689.78,689.54,689.54,3739.0
2026-01-22 05:00:00,689.64,689.64,689.17,689.22,1953.0
2026-01-22 05:15:00,689.27,689.49,688.93,689.3,5497.0
2026-01-22 05:30:00,689.29,689.47,689.29,689.36,864.0
2026-01-22 05:45:00,689.38,689.46,689.38,689.41,872.0
2026-01-22 06:00:00,689.44,689.71,689.28,689.28,3359.0
2026-01-22 06:15:00,689.24,689.42,688.82,689.06,3854.0
2026-01-22 06:30:00,689.13,689.56,688.69,688.78,13427.0
2026-01-22 06:45:00,688.78,688.9,688.67,688.78,3188.0
2026-01-22 07:00:00,688.73,688.9,688.46,688.55,71700.0
2026-01-22 07:15:00,688.65,689.01,688.62,688.91,30228.0
2026-01-22 07:30:00,688.81,689.07,688.57,689.02,5899.0
2026-01-22 07:45:00,688.99,689.01,688.73,689.0,2936.0
2026-01-22 08:00:00,689.0312,689.34,688.7492,689.055,92695.0
2026-01-22 08:15:00,689.04,689.37,689.04,689.295,21629.0
2026-01-22 08:30:00,689.16,689.48,688.8792,689.1164,66125.0
2026-01-22 08:45:00,689.131,690.06,689.131,690.05,41179.0
2026-01-22 09:00:00,690.02,690.06,689.5,689.73,25843.0
2026-01-22 09:15:00,689.7502,690.0705,689.5695,689.63,106616.0
2026-01-23 04:00:00,688.42,688.82,688.36,688.47,1131.0
2026-01-23 04:15:00,688.4,688.77,688.4,688.52,2408.0
2026-01-23 04:30:00,688.4,688.4,687.38,687.43,4530.0
2026-01-23 04:45:00,687.23,687.64,687.23,687.62,1701.0
2026-01-23 05:00:00,687.58,687.73,687.5,687.6,1441.0
2026-01-23 05:15:00,687.41,687.67,687.41,687.51,1144.0
2026-01-23 05:30:00,687.49,687.49,687.3,687.38,1102.0
2026-01-23 05:45:00,687.45,687.6,687.3,687.58,1431.0
2026-01-23 06:00:00,687.7,688.83,687.62,688.68,16123.0
2026-01-23 06:15:00,688.69,688.81,688.49,688.79,3298.0
2026-01-23 06:30:00,688.72,688.96,688.43,688.43,1389.0
2026-01-23 06:45:00,688.47,688.47,687.87,688.0,5411.0
2026-01-23 07:00:00,687.97,688.45,687.94,688.25,4590.0
2026-01-23 07:15:00,688.24,688.4,688.05,688.4,3055.0
2026-01-23 07:30:00,688.5,688.6,687.77,688.58,13367.0
2026-01-23 07:45:00,688.56,688.84,688.51,688.66,6054.0
2026-01-23 08:00:00,688.7634,688.7688,688.33,688.4992,196412.0
2026-01-23 08:15:00,688.51,688.5802,687.44,687.46,42175.0
2026-01-23 08:30:00,687.46,688.02,687.44,687.74,52527.0
2026-01-23 08:45:00,687.75,687.87,687.24,687.4,25699.0
2026-01-23 09:00:00,687.4,687.7,687.121,687.39,37681.0
2026-01-23 09:15:00,687.4,688.2405,687.281,688.06,59494.0
2026-01-26 04:00:00,689.39,689.73,689.27,689.27,2548.0
2026-01-26 04:15:00,689.27,689.42,689.14,689.18,6448.0
2026-01-26 04:30:00,688.98,688.98,687.6,687.6,1300.0
2026-01-26 04:45:00,687.6,687.61,687.01,687.61,8952.0
2026-01-26 05:00:00,687.58,687.83,687.56,687.76,2189.0
2026-01-26 05:15:00,687.89,688.15,687.69,688.15,694.0
2026-01-26 05:30:00,688.17,688.49,688.17,688.4,1164.0
2026-01-26 05:45:00,688.29,688.46,688.21,688.21,581.0
2026-01-26 06:00:00,688.18,688.27,688.0,688.08,713.0
2026-01-26 06:15:00,688.15,688.19,688.14,688.16,311.0
2026-01-26 06:30:00,688.19,688.37,688.15,688.15,697.0
2026-01-26 06:45:00,688.0,688.41,688.0,688.41,1165.0
2026-01-26 07:00:00,688.38,689.16,688.38,689.08,45616.0
2026-01-26 07:15:00,689.081,689.11,688.64,688.64,12116.0
2026-01-26 07:30:00,688.821,688.821,688.52,688.58,4314.0
2026-01-26 07:45:00,688.69,688.81,688.51,688.72,7355.0
2026-01-26 08:00:00,688.75,689.3,688.59,689.285,107198.0
2026-01-26 08:15:00,689.2611,689.5364,689.03,689.09,28837.0
2026-01-26 08:30:00,689.14,689.1507,688.5,688.9305,29964.0
2026-01-26 08:45:00,688.9309,689.97,688.9014,689.88,53861.0
2026-01-26 09:00:00,689.88,690.2381,689.88,689.97,51501.0
2026-01-26 09:15:00,689.9648,690.52,689.8111,690.474,45080.0
2026-01-27 04:00:00,694.39,694.62,694.31,694.51,1420.0
2026-01-27 04:15:00,694.42,694.59,694.4,694.45,276.0
2026-01-27 04:30:00,694.41,694.54,694.36,694.48,1611.0
2026-01-27 04:45:00,694.46,694.49,694.24,694.26,245.0
2026-01-27 05:00:00,694.3,694.54,694.22,694.48,3041.0
2026-01-27 05:15:00,694.62,694.65,694.48,694.63,603.0
2026-01-27 05:30:00,694.61,694.61,694.56,694.59,631.0
2026-01-27 05:45:00,694.65,694.72,694.49,694.49,1595.0
2026-01-27 06:00:00,694.57,694.63,694.42,694.56,2285.0
2026-01-27 06:15:00,694.52,694.53,694.44,694.46,1452.0
2026-01-27 06:30:00,694.58,695.0,694.58,694.97,1913.0
2026-01-27 06:45:00,695.0,695.02,694.84,694.89,2121.0
2026-01-27 07:00:00,694.83,694.87,694.52,694.52,41741.0
2026-01-27 07:15:00,694.52,694.57,694.25,694.25,1697.0
2026-01-27 07:30:00,694.25,694.66,694.22,694.57,9128.0
2026-01-27 07:45:00,694.56,694.64,694.41,694.42,6486.0
2026-01-27 08:00:00,694.4088,694.72,694.36,694.5811,139345.0
2026-01-27 08:15:00,694.64,694.66,694.38,694.42,14337.0
2026-01-27 08:30:00,694.3999,694.62,694.22,694.47,16543.0
2026-01-27 08:45:00,694.485,694.6199,694.15,694.255,12636.0
2026-01-27 09:00:00,694.255,694.52,694.22,694.25,24083.0
2026-01-27 09:15:00,694.25,694.405,693.94,694.22,40368.0
2026-01-28 04:00:00,697.5,697.88,697.42,697.64,3318.0
2026-01-28 04:15:00,697.63,697.77,697.44,697.58,2354.0
2026-01-28 04:30:00,697.61,697.84,697.53,697.82,1391.0
2026-01-28 04:45:00,697.81,698.02,697.72,697.91,2099.0
2026-01-28 05:00:00,697.85,698.07,697.78,697.89,531.0
2026-01-28 05:15:00,697.88,697.96,697.76,697.8,324.0
2026-01-28 05:30:00,697.92,698.26,697.92,698.26,1029.0
2026-01-28 05:45:00,698.2,698.34,698.15,698.26,703.0
2026-01-28 06:00:00,698.27,698.27,697.8,697.82,2266.0
2026-01-28 06:15:00,697.89,698.06,697.67,698.06,837.0
2026-01-28 06:30:00,698.18,698.22,698.13,698.17,1732.0
2026-01-28 06:45:00,698.06,698.21,697.93,698.0,8660.0
2026-01-28 07:00:00,698.06,698.08,697.04,697.54,15123.0
2026-01-28 07:15:00,697.58,697.58,697.0,697.29,6002.0
2026-01-28 07:30:00,697.37,697.55,697.12,697.3,4005.0
2026-01-28 07:45:00,697.48,697.64,697.08,697.08,27461.0
2026-01-28 08:00:00,697.09,697.4523,696.69,696.715,103585.0
2026-01-28 08:15:00,696.719,697.2008,696.6605,696.839,15916.0
2026-01-28 08:30:00,696.84,696.99,696.56,696.61,35348.0
2026-01-28 08:45:00,696.5892,697.0585,696.5892,697.02,14196.0
2026-01-28 09:00:00,697.01,697.09,696.6097,696.6902,45573.0
2026-01-28 09:15:00,696.72,697.1205,696.65,697.06,46983.0
2026-01-29 04:00:00,697.29,697.69,697.29,697.62,1293.0
2026-01-29 04:15:00,697.52,697.71,697.31,697.31,734.0
2026-01-29 04:30:00,697.24,697.67,697.24,697.58,987.0
2026-01-29 04:45:00,697.48,697.48,696.78,696.8,4433.0
2026-01-29 05:00:00,696.75,696.97,696.66,696.66,2382.0
2026-01-29 05:15:00,696.73,697.05,696.73,697.0,183.0
2026-01-29 05:30:00,696.92,697.05,696.8,696.86,752.0
2026-01-29 05:45:00,696.87,696.88,696.26,696.26,1425.0
2026-01-29 06:00:00,696.24,696.49,695.91,696.49,2225.0
2026-01-29 06:15:00,696.48,696.76,696.29,696.61,1235.0
2026-01-29 06:30:00,696.63,697.0,696.63,696.81,3054.0
2026-01-29 06:45:00,696.88,696.88,696.55,696.71,1546.0
2026-01-29 07:00:00,696.75,697.16,696.73,697.11,48230.0
2026-01-29 07:15:00,697.01,697.199,696.88,697.099,13599.0
2026-01-29 07:30:00,697.06,697.08,696.3,696.44,4491.0
2026-01-29 07:45:00,696.47,696.76,696.28,696.74,6227.0
2026-01-29 08:00:00,696.75,697.0697,696.53,696.8805,173331.0
2026-01-29 08:15:00,696.8612,696.97,696.399,696.855,24368.0
2026-01-29 08:30:00,696.9,697.49,696.6085,697.34,66847.0
2026-01-29 08:45:00,697.3787,697.48,696.97,697.2,14413.0
2026-01-29 09:00:00,697.22,697.22,696.1792,696.24,24672.0
2026-01-29 09:15:00,696.24,696.5002,696.1492,696.25,107104.0
2026-01-30 04:00:00,689.43,689.78,688.63,688.66,3549.0
2026-01-30 04:15:00,688.58,688.83,688.2,688.45,1183.0
2026-01-30 04:30:00,688.32,688.65,688.15,688.16,974.0
2026-01-30 04:45:00,688.0,688.27,687.13,688.03,4391.0
2026-01-30 05:00:00,687.97,688.71,687.97,688.5,1868.0
2026-01-30 05:15:00,688.55,688.78,688.38,688.51,3869.0
2026-01-30 05:30:00,688.72,689.58,688.72,689.14,6745.0
2026-01-30 05:45:00,689.45,689.61,689.15,689.16,846.0
2026-01-30 06:00:00,689.12,690.06,689.08,690.06,1823.0
2026-01-30 06:15:00,690.05,690.5,690.05,690.39,1340.0
2026-01-30 06:30:00,690.51,691.28,690.5,691.02,7640.0
2026-01-30 06:45:00,690.99,692.2,690.38,692.1,42200.0
2026-01-30 07:00:00,692.04,692.69,691.73,692.0,50989.0
2026-01-30 07:15:00,691.9,692.13,691.5,691.88,5360.0
2026-01-30 07:30:00,691.89,692.37,691.39,691.39,43909.0
2026-01-30 07:45:00,691.42,691.82,690.88,691.281,11734.0
2026-01-30 08:00:00,691.325,692.2,690.8597,692.0362,208438.0
2026-01-30 08:15:00,692.0412,692.15,691.0,691.63,18504.0
2026-01-30 08:30:00,691.21,691.41,690.01,691.2902,135241.0
2026-01-30 08:45:00,691.3888,691.4087,690.685,690.875,58329.0
2026-01-30 09:00:00,690.83,691.77,690.699,691.55,74089.0
2026-01-30 09:15:00,691.59,691.8696,691.26,691.71,104263.0
2026-02-02 04:00:00,687.07,687.15,686.15,686.42,5296.0
2026-02-02 04:15:00,686.64,688.04,686.29,687.62,5841.0
2026-02-02 04:30:00,687.66,688.12,687.53,687.69,1962.0
2026-02-02 04:45:00,687.88,687.94,687.68,687.68,620.0
2026-02-02 05:00:00,687.85,688.04,687.5,687.5,1965.0
2026-02-02 05:15:00,687.75,688.0,687.57,687.63,1169.0
2026-02-02 05:30:00,687.79,687.93,686.97,686.97,1024.0
2026-02-02 05:45:00,686.81,687.18,686.81,686.92,1954.0
2026-02-02 06:00:00,687.12,687.93,686.93,687.89,1008.0
2026-02-02 06:15:00,687.9,688.45,687.62,688.43,2126.0
2026-02-02 06:30:00,688.47,688.7,688.25,688.6,5389.0
2026-02-02 06:45:00,688.7,688.91,688.42,688.44,13421.0
2026-02-02 07:00:00,688.47,689.13,688.45,688.97,194347.0
2026-02-02 07:15:00,688.869,689.48,688.8,689.39,28830.0
2026-02-02 07:30:00,689.45,689.7,689.34,689.61,37908.0
2026-02-02 07:45:00,689.64,689.73,688.76,688.92,20507.0
2026-02-02 08:00:00,688.9,689.3,688.31,689.0012,141127.0
2026-02-02 08:15:00,689.021,689.1786,688.61,688.625,40421.0
2026-02-02 08:30:00,688.69,689.0,688.25,688.94,32295.0
2026-02-02 08:45:00,688.985,689.73,688.97,689.48,66353.0
2026-02-02 09:00:00,689.51,689.9412,689.39,689.805,29096.0
2026-02-02 09:15:00,689.7892,689.96,689.51,689.62,48047.0
2026-02-03 04:00:00,697.08,697.54,697.0,697.0,684080.0
2026-02-03 04:15:00,696.98,697.21,696.77,696.84,971.0
2026-02-03 04:30:00,696.73,696.85,696.6,696.73,707.0
2026-02-03 04:45:00,696.69,696.92,696.59,696.74,1764.0
2026-02-03 05:00:00,696.79,697.06,696.79,696.99,303.0
2026-02-03 05:15:00,696.98,696.98,696.76,696.77,250.0
2026-02-03 05:30:00,696.71,696.71,696.38,696.38,293.0
2026-02-03 05:45:00,696.48,696.55,696.43,696.5,399.0
2026-02-03 06:00:00,696.5,696.56,696.25,696.56,654.0
2026-02-03 06:15:00,696.46,696.63,696.39,696.56,112.0
2026-02-03 06:30:00,696.39,696.39,696.12,696.32,1522.0
2026-02-03 06:45:00,696.35,696.45,696.15,696.45,1062.0
2026-02-03 07:00:00,696.44,696.81,696.27,696.8,41571.0
2026-02-03 07:15:00,696.96,697.33,696.86,697.3,46728.0
2026-02-03 07:30:00,697.25,697.49,697.24,697.4,36191.0
2026-02-03 07:45:00,697.49,697.56,697.269,697.269,12473.0
2026-02-03 08:00:00,697.33,697.5262,697.07,697.125,108465.0
2026-02-03 08:15:00,697.16,697.319,696.9,697.26,47315.0
2026-02-03 08:30:00,697.2526,697.43,696.8612,696.89,18496.0
2026-02-03 08:45:00,696.86,697.1,696.76,696.8497,68909.0
2026-02-03 09:00:00,696.8287,696.95,696.43,696.5194,60141.0
2026-02-03 09:15:00,696.485,696.51,696.06,696.25,54420.0
2026-02-04 04:00:00,689.86,690.31,689.6,689.6,994.0
2026-02-04 04:15:00,689.62,689.62,688.91,688.96,2450.0
2026-02-04 04:30:00,689.3,689.5,688.96,689.02,278.0
2026-02-04 04:45:00,689.16,689.6,688.98,689.52,2863.0
2026-02-04 05:00:00,689.43,690.1,689.36,689.97,1126.0
2026-02-04 05:15:00,689.87,690.28,689.87,690.06,3163.0
2026-02-04 05:30:00,690.62,690.8,690.29,690.29,6170.0
2026-02-04 05:45:00,690.29,690.57,690.22,690.57,238.0
2026-02-04 06:00:00,690.4,690.59,690.18,690.22,802.0
2026-02-04 06:15:00,690.45,690.63,690.2,690.46,1500.0
2026-02-04 06:30:00,690.48,690.92,690.47,690.57,1387.0
2026-02-04 06:45:00,690.68,691.87,690.68,691.5,16704.0
2026-02-04 07:00:00,691.51,691.849,690.861,691.34,9591.0
2026-02-04 07:15:00,691.379,691.449,690.76,690.93,24851.0
2026-02-04 07:30:00,690.9,691.19,690.44,690.73,12704.0
2026-02-04 07:45:00,690.719,691.01,690.45,690.61,7438.0
2026-02-04 08:00:00,690.6,691.001,690.01,690.315,157909.0
2026-02-04 08:15:00,690.335,690.76,690.14,690.57,24188.0
2026-02-04 08:30:00,690.59,691.3,690.24,690.835,72464.0
2026-02-04 08:45:00,690.83,690.85,689.85,690.085,77097.0
2026-02-04 09:00:00,690.07,690.09,689.5,690.0,78644.0
2026-02-04 09:15:00,689.9608,690.431,689.59,690.31,48767.0
2026-02-05 04:00:00,685.76,686.2,685.3,685.55,3064.0
2026-02-05 04:15:00,685.67,686.73,685.67,686.68,980.0
2026-02-05 04:30:00,686.97,687.27,686.16,686.16,2774.0
2026-02-05 04:45:00,686.13,686.39,685.72,686.19,832.0
2026-02-05 05:00:00,686.21,687.05,685.9,687.04,2695.0
2026-02-05 05:15:00,687.17,687.31,687.1,687.31,12219.0
2026-02-05 05:30:00,687.28,687.28,686.19,686.25,3535.0
2026-02-05 05:45:00,686.4,686.53,686.2,686.28,452.0
2026-02-05 06:00:00,686.11,686.52,686.04,686.52,2459.0
2026-02-05 06:15:00,686.64,687.1,686.4,686.46,3123.0
2026-02-05 06:30:00,686.4,686.6,686.0,686.34,1293.0
2026-02-05 06:45:00,686.78,687.04,686.46,686.93,2581.0
2026-02-05 07:00:00,686.93,687.5,686.62,687.26,5322.0
2026-02-05 07:15:00,687.38,687.41,683.91,684.22,87668.0
2026-02-05 07:30:00,684.3,684.45,681.71,682.46,104777.0
2026-02-05 07:45:00,682.59,682.82,681.29,682.55,48779.0
2026-02-05 08:00:00,682.5792,683.2707,681.95,682.5072,180860.0
2026-02-05 08:15:00,682.515,682.891,681.9,682.15,45331.0
2026-02-05 08:30:00,682.0,683.49,681.651,682.23,65541.0
2026-02-05 08:45:00,682.2312,682.335,681.1305,681.31,58399.0
2026-02-05 09:00:00,681.3,682.48,680.68,681.13,79552.0
2026-02-05 09:15:00,681.24,681.4107,680.3197,680.63,102041.0
2026-02-06 04:00:00,677.43,678.9,677.0,678.84,6343.0
2026-02-06 04:15:00,678.7,679.69,678.39,679.62,9695.0
2026-02-06 04:30:00,679.7,680.72,679.7,680.66,7266.0
2026-02-06 04:45:00,680.44,680.48,680.01,680.18,5441.0
2026-02-06 05:00:00,680.1,680.1,679.6,679.74,4618.0
2026-02-06 05:15:00,679.9,680.23,679.49,679.49,4327.0
2026-02-06 05:30:00,679.54,680.46,679.41,680.3,2380.0
2026-02-06 05:45:00,680.26,680.8,680.11,680.77,7553.0
2026-02-06 06:00:00,680.79,681.67,680.71,681.6,4746.0
2026-02-06 06:15:00,681.67,681.92,681.42,681.49,7467.0
2026-02-06 06:30:00,681.47,682.3,681.34,682.18,33487.0
2026-02-06 06:45:00,682.08,682.8,681.91,682.38,27045.0
2026-02-06 07:00:00,682.38,682.51,681.42,681.45,51707.0
2026-02-06 07:15:00,681.45,681.99,681.23,681.39,14965.0
2026-02-06 07:30:00,681.31,681.91,680.95,681.23,21258.0
2026-02-06 07:45:00,681.5,681.52,680.42,680.84,14989.0
2026-02-06 08:00:00,680.84,681.39,680.5062,681.31,195670.0
2026-02-06 08:15:00,681.2992,682.19,680.909,681.64,62168.0
2026-02-06 08:30:00,681.69,682.2305,680.78,681.4162,95337.0
2026-02-06 08:45:00,681.45,681.681,681.05,681.53,58958.0
2026-02-06 09:00:00,681.5195,682.0002,681.2592,681.6512,31293.0
2026-02-06 09:15:00,681.6707,681.9802,681.14,681.33,51751.0
2026-02-09 04:00:00,691.44,691.83,691.33,691.33,1095.0
2026-02-09 04:15:00,691.36,691.66,691.2,691.57,2157.0
2026-02-09 04:30:00,691.44,691.45,690.74,690.84,2405.0
2026-02-09 04:45:00,691.07,691.07,690.0,690.16,4407.0
2026-02-09 05:00:00,690.25,690.25,689.61,690.01,1028.0
2026-02-09 05:15:00,689.82,689.82,689.2,689.21,4418.0
2026-02-09 05:30:00,689.16,689.21,688.0,688.25,8528.0
2026-02-09 05:45:00,688.29,689.56,688.29,689.54,6339.0
2026-02-09 06:00:00,689.48,689.7,689.06,689.4,8803.0
2026-02-09 06:15:00,689.33,689.8,689.07,689.76,2121.0
2026-02-09 06:30:00,689.8,689.83,689.4,689.45,3048.0
2026-02-09 06:45:00,689.45,689.7,689.24,689.39,3464.0
2026-02-09 07:00:00,689.43,690.2,688.73,690.13,9934.0
2026-02-09 07:15:00,690.11,690.27,689.67,690.27,1528.0
2026-02-09 07:30:00,690.15,690.43,689.91,690.02,22015.0
2026-02-09 07:45:00,690.02,690.44,689.86,690.44,18537.0
2026-02-09 08:00:00,690.43,691.2688,690.38,690.97,107267.0
2026-02-09 08:15:00,690.9612,691.2788,690.54,690.6017,87169.0
2026-02-09 08:30:00,690.6422,690.69,690.07,690.2292,51246.0
2026-02-09 08:45:00,690.22,690.35,689.63,689.729,25390.0
2026-02-09 09:00:00,689.7305,689.939,689.2077,689.49,23975.0
2026-02-09 09:15:00,689.49,689.65,688.9,689.44,49336.0
2026-02-10 04:00:00,694.52,695.21,694.52,695.21,2442.0
2026-02-10 04:15:00,695.21,695.64,695.21,695.52,782.0
2026-02-10 04:30:00,695.48,695.52,695.32,695.36,734.0
2026-02-10 04:45:00,695.17,695.17,694.69,694.84,3311.0
2026-02-10 05:00:00,694.87,694.92,694.62,694.92,1085.0
2026-02-10 05:15:00,694.97,694.97,694.58,694.85,1535.0
2026-02-10 05:30:00,694.58,694.81,694.58,694.73,132.0
2026-02-10 05:45:00,694.95,695.11,694.82,694.82,1233.0
2026-02-10 06:00:00,694.56,694.75,694.51,694.69,1573.0
2026-02-10 06:15:00,694.68,695.01,694.64,694.86,738.0
2026-02-10 06:30:00,694.9,694.99,694.9,694.94,473.0
2026-02-10 06:45:00,694.99,695.18,694.99,695.17,883.0
2026-02-10 07:00:00,695.14,695.42,695.139,695.16,4106.0
2026-02-10 07:15:00,695.35,695.469,695.199,695.469,957.0
2026-02-10 07:30:00,695.5,695.55,694.29,694.47,31788.0
2026-02-10 07:45:00,694.48,694.49,693.75,693.8,42489.0
2026-02-10 08:00:00,693.75,693.8787,693.02,693.5177,77492.0
2026-02-10 08:15:00,693.55,693.981,693.22,693.83,16021.0
2026-02-10 08:30:00,693.79,694.225,693.2585,693.91,62450.0
2026-02-10 08:45:00,693.95,694.38,693.92,694.33,59779.0
2026-02-10 09:00:00,694.36,694.69,694.3,694.63,31180.0
2026-02-10 09:15:00,694.65,695.03,694.62,694.925,46269.0
2026-02-11 04:00:00,693.27,693.78,693.13,693.56,1498.0
2026-02-11 04:15:00,693.6,693.6,693.21,693.53,609.0
2026-02-11 04:30:00,693.56,693.57,692.74,692.85,414.0
2026-02-11 04:45:00,692.9,692.95,692.69,692.69,2052.0
2026-02-11 05:00:00,692.58,692.61,691.5,691.75,1869.0
2026-02-11 05:15:00,691.96,692.37,691.96,692.37,226.0
2026-02-11 05:30:00,691.96,692.26,691.96,692.26,502.0
2026-02-11 05:45:00,691.96,692.39,691.86,692.39,741.0
2026-02-11 06:00:00,692.58,692.89,692.58,692.77,5640.0
2026-02-11 06:15:00,692.9,693.31,692.9,693.29,1083.0
2026-02-11 06:30:00,693.16,693.18,692.47,692.67,2299.0
2026-02-11 06:45:00,692.8,692.96,692.5,692.5,1006.0
2026-02-11 07:00:00,692.48,693.15,692.42,693.13,8020.0
2026-02-11 07:15:00,693.14,693.14,692.84,692.86,2639.0
2026-02-11 07:30:00,692.91,692.98,692.67,692.83,5952.0
2026-02-11 07:45:00,692.84,692.91,692.5,692.88,8025.0
2026-02-11 08:00:00,692.91,693.0905,692.631,693.07,70216.0
2026-02-11 08:15:00,693.0507,693.54,693.0194,693.14,33640.0
2026-02-11 08:30:00,693.33,695.73,693.11,695.0246,293830.0
2026-02-11 08:45:00,695.05,696.6507,695.05,696.5107,111833.0
2026-02-11 09:00:00,696.4897,696.54,695.9897,696.18,58883.0
2026-02-11 09:15:00,696.18,696.75,695.9692,696.44,97945.0
2026-02-12 04:00:00,694.24,694.54,694.21,694.43,1464.0
2026-02-12 04:15:00,694.54,694.56,694.35,694.36,806.0
2026-02-12 04:30:00,694.22,694.58,694.22,694.27,643.0
2026-02-12 04:45:00,694.24,694.49,694.06,694.47,1394.0
2026-02-12 05:00:00,694.4,694.62,694.01,694.05,1819.0
2026-02-12 05:15:00,694.1,694.14,693.79,693.84,923.0
2026-02-12 05:30:00,694.02,694.04,693.94,694.04,440.0
2026-02-12 05:45:00,694.03,694.05,693.97,694.05,158.0
2026-02-12 06:00:00,694.2,694.39,693.99,694.39,2908.0
2026-02-12 06:15:00,694.3,694.5,694.25,694.49,734.0
2026-02-12 06:30:00,694.44,694.44,694.0,694.02,1100.0
2026-02-12 06:45:00,694.06,694.44,694.06,694.44,1684.0
2026-02-12 07:00:00,694.4,694.46,694.05,694.25,1559.0
2026-02-12 07:15:00,694.26,694.449,694.24,694.449,2257.0
2026-02-12 07:30:00,694.429,694.799,694.4,694.43,19404.0
2026-02-12 07:45:00,694.43,694.53,694.11,694.15,14745.0
2026-02-12 08:00:00,694.16,694.2195,693.6292,693.63,95674.0
2026-02-12 08:15:00,693.59,693.95,693.4846,693.91,35725.0
2026-02-12 08:30:00,693.84,695.24,693.74,694.96,124997.0
2026-02-12 08:45:00,694.99,695.0,694.47,694.72,25140.0
2026-02-12 09:00:00,694.71,694.77,694.2,694.26,20233.0
2026-02-12 09:15:00,694.2243,694.379,694.1,694.276,23354.0
2026-02-13 04:00:00,681.15,681.21,680.28,681.11,773.0
2026-02-13 04:15:00,681.36,681.88,681.24,681.76,1981.0
2026-02-13 04:30:00,681.72,681.77,681.52,681.52,2138.0
2026-02-13 04:45:00,681.61,681.7,681.14,681.14,1935.0
2026-02-13 05:00:00,681.36,681.58,681.12,681.58,1615.0
2026-02-13 05:15:00,681.6,681.9,681.5,681.73,920.0
2026-02-13 05:30:00,681.5,681.5,681.0,681.21,3057.0
2026-02-13 05:45:00,681.09,681.18,680.49,680.49,1470.0
2026-02-13 06:00:00,680.25,680.25,679.47,679.69,1556.0
2026-02-13 06:15:00,679.45,679.8,678.93,679.45,11633.0
2026-02-13 06:30:00,679.36,680.04,678.55,679.58,11004.0
2026-02-13 06:45:00,679.3,680.13,679.01,680.06,6128.0
2026-02-13 07:00:00,680.23,680.71,679.441,679.76,6361.0
2026-02-13 07:15:00,679.63,680.399,679.32,680.1,90772.0
2026-02-13 07:30:00,680.11,680.65,680.08,680.5,75023.0
2026-02-13 07:45:00,680.42,680.94,679.58,680.11,60016.0
2026-02-13 08:00:00,680.02,680.62,678.825,678.91,242849.0
2026-02-13 08:15:00,678.8992,680.8817,678.7495,680.6127,94626.0
2026-02-13 08:30:00,680.34,682.9777,680.33,681.8092,358785.0
2026-02-13 08:45:00,681.7985,682.56,680.7,682.039,144416.0
2026-02-13 09:00:00,682.0195,682.74,681.06,681.4785,88760.0
2026-02-13 09:15:00,681.49,681.91,681.08,681.55,70852.0
2026-02-17 04:00:00,679.98,680.35,679.78,679.78,3097.0
2026-02-17 04:15:00,679.69,680.29,679.69,680.29,1249.0
2026-02-17 04:30:00,680.27,680.82,680.23,680.63,1569.0
2026-02-17 04:45:00,680.7,680.85,680.56,680.74,1606.0
2026-02-17 05:00:00,680.74,680.95,680.2,680.2,1243.0
2026-02-17 05:15:00,680.27,680.3,680.24,680.28,969.0
2026-02-17 05:30:00,680.18,680.18,679.24,679.24,3972.0
2026-02-17 05:45:00,679.43,679.43,679.0,679.22,373.0
2026-02-17 06:00:00,679.43,679.43,678.88,679.05,1912.0
2026-02-17 06:15:00,679.2,679.57,678.82,679.57,1798.0
2026-02-17 06:30:00,679.68,679.83,679.38,679.56,973.0
2026-02-17 06:45:00,679.58,680.4,679.49,679.94,4975.0
2026-02-17 07:00:00,679.86,680.53,679.65,680.21,3041.0
2026-02-17 07:15:00,680.24,680.32,679.34,679.37,5908.0
2026-02-17 07:30:00,679.4,679.4,678.94,679.17,5522.0
2026-02-17 07:45:00,679.22,679.22,678.5,678.65,18705.0
2026-02-17 08:00:00,678.5995,678.72,677.2392,677.74,108545.0
2026-02-17 08:15:00,677.89,679.41,677.6,679.09,57438.0
2026-02-17 08:30:00,679.105,679.1807,678.6597,678.97,26893.0
2026-02-17 08:45:00,678.9812,681.07,678.64,679.2687,153247.0
2026-02-17 09:00:00,679.2492,680.241,679.2492,679.8192,46896.0
2026-02-17 09:15:00,679.82,680.28,679.6095,680.15,67215.0
2026-02-18 04:00:00,686.01,686.43,686.01,686.34,4466.0
2026-02-18 04:15:00,686.24,686.24,686.18,686.23,609.0
2026-02-18 04:30:00,686.6,686.93,686.6,686.93,3410.0
2026-02-18 04:45:00,686.75,686.8,686.18,686.24,2892.0
2026-02-18 05:00:00,686.23,686.73,686.19,686.66,1528.0
2026-02-18 05:15:00,686.74,686.81,686.6,686.7,1071.0
2026-02-18 05:30:00,686.77,686.8,686.37,686.38,1809.0
2026-02-18 05:45:00,686.5,686.5,686.22,686.41,1664.0
2026-02-18 06:00:00,686.49,686.52,685.92,685.94,1417.0
2026-02-18 06:15:00,686.04,686.32,685.89,685.94,1313.0
2026-02-18 06:30:00,685.93,686.05,685.5,685.5,828.0
2026-02-18 06:45:00,685.67,685.78,685.51,685.59,1788.0
2026-02-18 07:00:00,685.58,686.45,685.53,686.43,69583.0
2026-02-18 07:15:00,686.43,686.5,685.32,685.33,30176.0
2026-02-18 07:30:00,685.24,685.24,684.15,685.11,13953.0
2026-02-18 07:45:00,685.09,685.22,684.79,685.22,12282.0
2026-02-18 08:00:00,685.25,685.5205,684.9295,685.32,121699.0
2026-02-18 08:15:00,685.33,685.5105,684.93,685.475,14657.0
2026-02-18 08:30:00,685.49,685.97,684.43,684.621,179533.0
2026-02-18 08:45:00,684.6607,684.7105,683.75,684.0097,66094.0
2026-02-18 09:00:00,684.02,684.36,683.64,684.18,40294.0
2026-02-18 09:15:00,684.175,684.55,683.85,683.89,43313.0
2026-02-19 04:00:00,685.99,686.3,685.77,686.1,9321.0
2026-02-19 04:15:00,685.88,686.18,685.5,685.52,1813.0
2026-02-19 04:30:00,685.63,685.79,684.9,684.9,3306.0
2026-02-19 04:45:00,684.77,684.98,684.07,684.82,4715.0
2026-02-19 05:00:00,684.74,684.83,683.5,683.54,8442.0
2026-02-19 05:15:00,683.74,684.19,683.72,683.87,1871.0
2026-02-19 05:30:00,683.6,684.28,683.5,684.28,1033.0
2026-02-19 05:45:00,684.31,684.39,683.85,683.93,2383.0
2026-02-19 06:00:00,684.07,684.54,683.82,684.33,3502.0
2026-02-19 06:15:00,684.33,684.55,684.23,684.45,1221.0
2026-02-19 06:30:00,684.49,684.73,684.43,684.44,794.0
2026-02-19 06:45:00,684.42,684.69,683.94,684.68,2993.0
2026-02-19 07:00:00,684.66,684.71,683.63,684.51,9602.0
2026-02-19 07:15:00,684.55,685.27,684.54,685.27,2771.0
2026-02-19 07:30:00,684.81,685.28,684.7,685.25,7503.0
2026-02-19 07:45:00,685.22,685.26,684.7,684.77,13823.0
2026-02-19 08:00:00,684.68,684.9182,684.22,684.34,87056.0
2026-02-19 08:15:00,684.34,684.4105,683.56,683.795,39613.0
2026-02-19 08:30:00,683.92,684.7702,683.16,683.9292,77361.0
2026-02-19 08:45:00,683.91,684.45,683.67,683.94,27428.0
2026-02-19 09:00:00,683.98,684.1905,683.35,683.7402,34052.0
2026-02-19 09:15:00,683.73,684.2364,683.58,683.84,42852.0
2026-02-20 04:00:00,686.52,686.92,686.5,686.86,9028.0
2026-02-20 04:15:00,687.0,687.34,687.0,687.18,1656.0
2026-02-20 04:30:00,687.12,687.12,686.59,686.6,391.0
2026-02-20 04:45:00,686.58,686.58,686.24,686.24,409.0
2026-02-20 05:00:00,686.26,686.36,686.0,686.26,435.0
2026-02-20 05:15:00,686.4,686.4,685.95,686.06,581.0
2026-02-20 05:30:00,686.03,686.03,685.86,685.91,78.0
2026-02-20 05:45:00,685.84,686.0,685.34,685.34,497.0
2026-02-20 06:00:00,685.26,685.26,684.1,684.55,3591.0
2026-02-20 06:15:00,684.8,684.94,684.44,684.91,3731.0
2026-02-20 06:30:00,684.84,685.05,684.32,684.6,4874.0
2026-02-20 06:45:00,684.55,684.57,683.74,683.91,14693.0
2026-02-20 07:00:00,683.78,684.11,683.6,684.1,11465.0
2026-02-20 07:15:00,684.24,684.33,683.31,683.58,40904.0
2026-02-20 07:30:00,683.361,683.75,683.26,683.31,11210.0
2026-02-20 07:45:00,683.361,684.24,683.15,683.98,12638.0
2026-02-20 08:00:00,683.98,684.0712,683.785,683.99,110366.0
2026-02-20 08:15:00,683.99,684.72,683.99,684.585,36283.0
2026-02-20 08:30:00,684.65,684.65,682.26,682.6005,218432.0
2026-02-20 08:45:00,682.6207,683.1923,682.12,683.145,64123.0
2026-02-20 09:00:00,683.12,683.42,682.37,682.5554,49691.0
2026-02-20 09:15:00,682.5092,682.54,681.8177,682.51,83745.0
2026-02-23 04:00:00,686.23,687.42,686.2,687.28,10042.0
2026-02-23 04:15:00,687.39,687.39,687.15,687.36,2530.0
2026-02-23 04:30:00,687.45,687.94,687.27,687.88,2725.0
2026-02-23 04:45:00,687.95,687.97,687.73,687.74,718.0
2026-02-23 05:00:00,687.84,688.21,687.77,688.02,2030.0
2026-02-23 05:15:00,687.88,687.93,687.05,687.7,11697.0
2026-02-23 05:30:00,687.61,687.86,687.55,687.84,1354.0
2026-02-23 05:45:00,687.71,687.71,687.48,687.67,2748.0
2026-02-23 06:00:00,687.73,687.93,687.56,687.85,1002.0
2026-02-23 06:15:00,688.12,688.12,687.59,687.59,33.0
2026-02-23 06:30:00,687.59,687.62,687.19,687.33,1396.0
2026-02-23 06:45:00,687.15,687.15,686.33,686.73,1830.0
2026-02-23 07:00:00,686.78,687.06,686.5,686.53,12889.0
2026-02-23 07:15:00,686.47,686.47,686.05,686.06,13933.0
2026-02-23 07:30:00,686.06,686.27,685.76,686.27,36955.0
2026-02-23 07:45:00,686.32,686.349,685.76,685.95,5681.0
2026-02-23 08:00:00,685.9787,686.5849,685.68,686.2295,119214.0
2026-02-23 08:15:00,686.2095,686.67,686.17,686.5692,17258.0
2026-02-23 08:30:00,686.5612,687.1,686.285,687.0909,44214.0
2026-02-23 08:45:00,687.08,687.31,686.8,686.9446,31157.0
2026-02-23 09:00:00,686.9702,687.5405,686.97,687.5399,28391.0
2026-02-23 09:15:00,687.53,687.861,687.13,687.81,33841.0
2026-02-24 04:00:00,682.72,683.73,682.72,683.68,7977.0
2026-02-24 04:15:00,683.7,683.82,683.4,683.51,2978.0
2026-02-24 04:30:00,683.45,683.59,682.92,683.59,351.0
2026-02-24 04:45:00,683.57,683.93,683.57,683.91,907.0
2026-02-24 05:00:00,684.07,684.19,683.84,683.86,12017.0
2026-02-24 05:15:00,683.72,683.82,683.6,683.77,1694.0
2026-02-24 05:30:00,683.74,683.79,683.47,683.79,2456.0
2026-02-24 05:45:00,683.41,683.69,683.38,683.67,3602.0
2026-02-24 06:00:00,683.7,683.99,683.59,683.69,6319.0
2026-02-24 06:15:00,683.56,683.71,683.3,683.4,4454.0
2026-02-24 06:30:00,683.44,683.48,683.14,683.14,1948.0
2026-02-24 06:45:00,683.28,683.6,683.19,683.56,2444.0
2026-02-24 07:00:00,683.59,684.14,683.44,683.72,27182.0
2026-02-24 07:15:00,683.65,683.65,682.98,683.02,6760.0
2026-02-24 07:30:00,683.01,683.01,681.81,682.1,70352.0
2026-02-24 07:45:00,682.1,682.33,681.69,682.1,15390.0
2026-02-24 08:00:00,682.12,682.5,682.0352,682.17,139747.0
2026-02-24 08:15:00,682.1892,682.8702,682.1,682.8701,37383.0
2026-02-24 08:30:00,682.875,683.31,682.5,683.2195,31590.0
2026-02-24 08:45:00,683.22,683.7201,683.1795,683.42,77662.0
2026-02-24 09:00:00,683.4,683.42,682.55,682.7512,52531.0
2026-02-24 09:15:00,682.7902,682.8105,681.65,681.77,80498.0
2026-02-25 04:00:00,688.38,688.58,688.1,688.53,1326.0
2026-02-25 04:15:00,688.44,688.54,688.34,688.34,924.0
2026-02-25 04:30:00,688.36,688.62,688.36,688.62,163.0
2026-02-25 04:45:00,688.59,688.68,688.48,688.68,591.0
2026-02-25 05:00:00,688.67,688.69,688.27,688.32,1657.0
2026-02-25 05:15:00,688.4,688.56,688.33,688.48,2072.0
2026-02-25 05:30:00,688.81,688.84,688.8,688.84,668.0
2026-02-25 05:45:00,688.7,688.73,688.35,688.35,785.0
2026-02-25 06:00:00,688.38,688.45,688.31,688.45,262.0
2026-02-25 06:15:00,688.5,688.67,688.4,688.6,1414.0
2026-02-25 06:30:00,688.61,689.16,688.61,689.14,5811.0
2026-02-25 06:45:00,689.16,689.56,689.14,689.51,5597.0
2026-02-25 07:00:00,689.47,689.59,689.14,689.26,31817.0
2026-02-25 07:15:00,689.32,689.9,689.32,689.61,19160.0
2026-02-25 07:30:00,689.58,689.84,689.48,689.63,13592.0
2026-02-25 07:45:00,689.63,689.95,689.62,689.73,10675.0
2026-02-25 08:00:00,689.72,689.99,689.64,689.95,90024.0
2026-02-25 08:15:00,689.94,689.95,689.56,689.7397,20648.0
2026-02-25 08:30:00,689.72,689.72,689.3592,689.515,16916.0
2026-02-25 08:45:00,689.4997,690.05,689.44,689.8435,27476.0
2026-02-25 09:00:00,689.85,690.76,689.85,690.3099,74632.0
2026-02-25 09:15:00,690.32,690.3802,689.8095,690.19,74578.0
2026-02-26 04:00:00,692.48,692.8,692.46,692.79,589.0
2026-02-26 04:15:00,692.8,693.0,692.79,692.97,660.0
2026-02-26 04:30:00,692.92,693.44,692.92,693.44,658.0
2026-02-26 04:45:00,693.51,693.53,693.06,693.12,3966.0
2026-02-26 05:00:00,693.07,693.23,692.96,693.22,406.0
2026-02-26 05:15:00,692.92,693.01,692.72,692.81,1286.0
2026-02-26 05:30:00,692.94,692.94,692.56,692.64,464.0
2026-02-26 05:45:00,692.75,692.78,692.46,692.59,585.0
2026-02-26 06:00:00,692.65,692.76,692.54,692.73,895.0
2026-02-26 06:15:00,692.64,692.97,692.59,692.97,2492.0
2026-02-26 06:30:00,692.92,692.98,692.69,692.69,1376.0
2026-02-26 06:45:00,692.7,692.97,692.6,692.94,1668.0
2026-02-26 07:00:00,693.02,693.32,692.98,693.11,5681.0
2026-02-26 07:15:00,693.1,693.54,693.1,693.53,41223.0
2026-02-26 07:30:00,693.589,693.729,693.259,693.69,8958.0
2026-02-26 07:45:00,693.63,693.7,693.37,693.38,17902.0
2026-02-26 08:00:00,693.3995,693.66,693.2807,693.63,103912.0
2026-02-26 08:15:00,693.59,693.87,693.5435,693.86,26576.0
2026-02-26 08:30:00,693.87,694.0,693.7115,693.7115,37409.0
2026-02-26 08:45:00,693.7195,694.22,693.707,693.83,43677.0
2026-02-26 09:00:00,693.8097,693.99,693.44,693.66,33907.0
2026-02-26 09:15:00,693.69,693.83,693.08,693.13,49132.0
2026-02-27 04:00:00,688.2,688.76,688.03,688.58,5454.0
2026-02-27 04:15:00,688.86,688.95,688.29,688.3,12628.0
2026-02-27 04:30:00,688.25,688.25,687.63,687.67,1709.0
2026-02-27 04:45:00,687.61,687.77,687.61,687.66,344.0
2026-02-27 05:00:00,687.57,687.57,686.18,686.51,5998.0
2026-02-27 05:15:00,686.91,687.28,686.87,687.17,2885.0
2026-02-27 05:30:00,687.26,687.6,687.14,687.45,2982.0
2026-02-27 05:45:00,687.27,687.27,686.68,686.86,2782.0
2026-02-27 06:00:00,686.87,687.06,686.43,686.66,4832.0
2026-02-27 06:15:00,686.61,686.9,686.47,686.75,3300.0
2026-02-27 06:30:00,686.72,686.72,685.38,685.45,9353.0
2026-02-27 06:45:00,685.72,686.07,685.63,686.02,6553.0
2026-02-27 07:00:00,685.96,686.43,685.39,686.4,13917.0
2026-02-27 07:15:00,686.48,686.77,686.43,686.47,9342.0
2026-02-27 07:30:00,686.54,686.63,685.46,685.48,5946.0
2026-02-27 07:45:00,685.48,685.6,684.87,685.25,41606.0
2026-02-27 08:00:00,685.22,685.6987,684.8895,684.99,105645.0
2026-02-27 08:15:00,685.0,685.29,684.0,684.1975,49021.0
2026-02-27 08:30:00,684.1,684.47,682.01,683.3005,282704.0
2026-02-27 08:45:00,683.2968,684.21,683.2968,684.0792,108302.0
2026-02-27 09:00:00,684.0492,684.13,683.4,683.765,37114.0
2026-02-27 09:15:00,683.7292,683.7292,682.73,683.11,103296.0
2026-03-02 04:00:00,676.85,678.78,676.59,678.58,35507.0
2026-03-02 04:15:00,678.63,679.3,678.59,678.9,5111.0
2026-03-02 04:30:00,679.05,679.37,678.38,679.07,5712.0
2026-03-02 04:45:00,679.02,679.06,678.71,678.93,5213.0
2026-03-02 05:00:00,679.1,680.16,678.8,679.22,8343.0
2026-03-02 05:15:00,679.24,679.81,679.03,679.59,3473.0
2026-03-02 05:30:00,679.7,680.18,679.58,680.04,5478.0
2026-03-02 05:45:00,679.88,679.88,679.21,679.37,7314.0
2026-03-02 06:00:00,679.39,679.68,678.98,679.14,5878.0
2026-03-02 06:15:00,679.08,679.64,679.08,679.4,11099.0
2026-03-02 06:30:00,679.35,680.2,679.35,679.76,17443.0
2026-03-02 06:45:00,679.68,680.78,679.36,679.63,28879.0
2026-03-02 07:00:00,679.63,680.03,678.61,679.14,34116.0
2026-03-02 07:15:00,679.1,679.1,678.54,678.7,9603.0
2026-03-02 07:30:00,678.65,679.17,678.38,678.72,12443.0
2026-03-02 07:45:00,678.731,679.29,678.16,678.77,18937.0
2026-03-02 08:00:00,678.7712,679.4902,678.4238,678.9512,251963.0
2026-03-02 08:15:00,678.9707,680.8902,678.919,679.84,136144.0
2026-03-02 08:30:00,679.855,680.041,678.9,678.955,52680.0
2026-03-02 08:45:00,678.97,679.4,678.04,678.32,61597.0
2026-03-02 09:00:00,678.3717,678.9012,678.06,678.5005,38044.0
2026-03-02 09:15:00,678.479,678.91,677.8203,678.77,98488.0
2026-03-03 04:00:00,679.25,679.25,675.61,676.69,66707.0
2026-03-03 04:15:00,676.65,676.89,675.87,676.11,10681.0
2026-03-03 04:30:00,676.24,676.56,675.5,675.53,24606.0
2026-03-03 04:45:00,675.47,675.6,674.48,674.53,25594.0
2026-03-03 05:00:00,674.4,674.86,673.75,674.14,35942.0
2026-03-03 05:15:00,674.0,674.87,673.86,673.89,16895.0
2026-03-03 05:30:00,673.92,674.65,672.91,674.4,20629.0
2026-03-03 05:45:00,674.81,675.08,673.04,674.12,40087.0
2026-03-03 06:00:00,674.14,674.87,673.68,673.92,15516.0
2026-03-03 06:15:00,674.03,674.79,672.2,674.12,21768.0
2026-03-03 06:30:00,674.39,675.5,674.39,675.35,17672.0
2026-03-03 06:45:00,675.45,675.71,674.85,675.12,13274.0
2026-03-03 07:00:00,675.2,677.08,674.98,676.51,94503.0
2026-03-03 07:15:00,676.56,677.86,676.21,677.02,48750.0
2026-03-03 07:30:00,677.03,677.24,676.46,677.16,20404.0
2026-03-03 07:45:00,677.2,677.68,676.5,677.12,45283.0
2026-03-03 08:00:00,677.15,677.35,676.01,676.6787,427939.0
2026-03-03 08:15:00,676.6492,677.27,675.7395,676.02,91924.0
2026-03-03 08:30:00,675.9752,676.03,674.48,674.7895,210501.0
2026-03-03 08:45:00,674.79,674.9602,673.73,674.6309,141117.0
2026-03-03 09:00:00,674.63,674.81,673.6897,674.0692,91990.0
2026-03-03 09:15:00,674.07,675.31,673.76,674.97,175784.0
2026-03-04 04:00:00,678.11,679.18,677.51,679.04,12976.0
2026-03-04 04:15:00,678.78,679.29,678.78,679.08,2021.0
2026-03-04 04:30:00,679.27,679.86,678.89,679.59,4999.0
2026-03-04 04:45:00,679.69,680.4,679.69,680.27,4427.0
2026-03-04 05:00:00,680.22,682.38,679.98,682.34,87746.0
2026-03-04 05:15:00,682.36,682.55,681.01,681.23,28768.0
2026-03-04 05:30:00,681.56,682.14,681.36,681.97,7543.0
2026-03-04 05:45:00,681.98,682.23,681.66,681.9,4723.0
2026-03-04 06:00:00,682.05,682.78,682.01,682.39,7327.0
2026-03-04 06:15:00,682.44,683.2,682.44,682.46,5140.0
2026-03-04 06:30:00,682.44,682.56,681.24,681.24,18557.0
2026-03-04 06:45:00,681.13,681.6,680.97,680.97,4180.0
2026-03-04 07:00:00,681.06,682.07,681.06,681.64,46589.0
2026-03-04 07:15:00,681.42,681.42,679.18,679.22,31099.0
2026-03-04 07:30:00,679.29,680.54,679.08,680.5,23398.0
2026-03-04 07:45:00,680.07,680.55,679.54,680.52,8344.0
2026-03-04 08:00:00,680.48,683.3027,680.274,683.0,267103.0
2026-03-04 08:15:00,682.98,683.2007,682.0092,682.4785,75401.0
2026-03-04 08:30:00,682.4797,683.18,681.94,682.7184,76332.0
2026-03-04 08:45:00,682.7092,683.17,682.3097,682.5695,66669.0
2026-03-04 09:00:00,682.5695,682.95,682.139,682.8095,31027.0
2026-03-04 09:15:00,682.84,683.35,681.46,681.52,135260.0
2026-03-05 04:00:00,683.61,687.17,683.57,686.76,24344.0
2026-03-05 04:15:00,686.5,686.82,685.22,685.48,29114.0
2026-03-05 04:30:00,685.24,685.53,684.35,684.46,5146.0
2026-03-05 04:45:00,684.34,685.11,684.28,684.98,5437.0
2026-03-05 05:00:00,685.14,685.43,684.4,685.43,6994.0
2026-03-05 05:15:00,685.38,685.38,685.03,685.32,1151.0
2026-03-05 05:30:00,685.47,685.59,684.71,684.79,2926.0
2026-03-05 05:45:00,684.95,685.16,684.63,684.77,1174.0
2026-03-05 06:00:00,684.89,685.38,684.45,685.38,16910.0
2026-03-05 06:15:00,685.57,685.84,685.38,685.54,5924.0
2026-03-05 06:30:00,685.39,685.78,684.72,685.11,4989.0
2026-03-05 06:45:00,685.14,685.44,684.57,684.57,3650.0
2026-03-05 07:00:00,684.6,684.87,684.18,684.5,15148.0
2026-03-05 07:15:00,684.48,685.81,684.33,684.99,16285.0
2026-03-05 07:30:00,685.09,685.25,684.28,684.47,13915.0
2026-03-05 07:45:00,684.38,684.97,683.5,684.14,40800.0
2026-03-05 08:00:00,684.18,684.48,683.21,683.565,199537.0
2026-03-05 08:15:00,683.561,683.94,683.1797,683.7462,74341.0
2026-03-05 08:30:00,683.822,684.16,682.5,683.125,73470.0
2026-03-05 08:45:00,683.0895,683.6,682.11,682.3385,76632.0
2026-03-05 09:00:00,682.299,682.6212,681.76,681.9,70256.0
2026-03-05 09:15:00,681.95,682.33,681.47,682.08,99499.0
2026-03-06 04:00:00,681.89,682.08,680.73,680.97,4770.0
2026-03-06 04:15:00,680.88,680.89,679.47,679.52,6659.0
2026-03-06 04:30:00,679.52,679.91,678.45,678.78,14049.0
2026-03-06 04:45:00,678.75,678.97,678.03,678.52,10332.0
2026-03-06 05:00:00,678.97,679.9,678.86,679.44,5809.0
2026-03-06 05:15:00,679.98,680.28,679.45,680.2,11009.0
2026-03-06 05:30:00,679.67,679.95,679.35,679.35,2456.0
2026-03-06 05:45:00,679.19,679.88,679.19,679.65,1170.0
2026-03-06 06:00:00,679.61,679.63,678.26,679.63,15859.0
2026-03-06 06:15:00,679.42,679.87,679.22,679.77,7829.0
2026-03-06 06:30:00,679.58,679.69,677.54,677.7,31028.0
2026-03-06 06:45:00,678.04,678.36,677.11,677.62,27096.0
2026-03-06 07:00:00,677.61,677.91,677.2,677.91,63705.0
2026-03-06 07:15:00,678.12,678.239,677.67,677.719,9220.0
2026-03-06 07:30:00,677.66,677.91,676.97,677.3,30970.0
2026-03-06 07:45:00,677.5,677.5,676.52,677.01,18022.0
2026-03-06 08:00:00,677.07,677.9287,676.9281,677.6692,179092.0
2026-03-06 08:15:00,677.6495,678.44,677.31,678.1767,34753.0
2026-03-06 08:30:00,678.11,678.53,674.77,674.9692,622975.0
2026-03-06 08:45:00,674.89,674.9375,672.04,672.665,478356.0
2026-03-06 09:00:00,672.61,673.15,671.93,672.53,184163.0
2026-03-06 09:15:00,672.51,673.49,672.17,673.4,153731.0
2026-03-09 04:00:00,662.83,663.35,662.25,662.38,11915.0
2026-03-09 04:15:00,662.4,663.91,661.73,663.01,14888.0
2026-03-09 04:30:00,663.22,664.26,663.04,663.05,8056.0
2026-03-09 04:45:00,663.12,664.27,662.75,663.93,7067.0
2026-03-09 05:00:00,664.08,664.73,663.29,664.73,8999.0
2026-03-09 05:15:00,664.71,666.6,664.71,666.44,6534.0
2026-03-09 05:30:00,666.39,668.37,665.76,667.38,51657.0
2026-03-09 05:45:00,667.43,667.8,665.78,666.41,19100.0
2026-03-09 06:00:00,666.59,666.68,665.08,665.11,21919.0
2026-03-09 06:15:00,665.43,666.12,665.14,665.14,5627.0
2026-03-09 06:30:00,665.06,666.04,664.72,665.54,8712.0
2026-03-09 06:45:00,665.27,665.64,664.47,665.07,11685.0
2026-03-09 07:00:00,665.09,666.0,665.01,665.28,18746.0
2026-03-09 07:15:00,665.25,665.39,664.39,664.55,16256.0
2026-03-09 07:30:00,664.6,666.01,664.57,665.15,8857.0
2026-03-09 07:45:00,665.28,665.82,664.96,665.1,24345.0
2026-03-09 08:00:00,665.1,666.615,664.959,666.5617,292658.0
2026-03-09 08:15:00,666.5462,667.2915,666.43,667.1274,59158.0
2026-03-09 08:30:00,667.21,667.2702,664.88,665.06,52661.0
2026-03-09 08:45:00,665.06,665.33,664.4792,665.3005,48018.0
2026-03-09 09:00:00,665.3507,666.71,665.21,666.5285,120941.0
2026-03-09 09:15:00,666.4885,666.68,665.495,666.55,99320.0
2026-03-10 04:00:00,680.06,681.16,679.74,680.5,16150.0
2026-03-10 04:15:00,680.63,681.0,680.33,681.0,3364.0
2026-03-10 04:30:00,681.08,681.48,680.8,681.21,5031.0
2026-03-10 04:45:00,681.13,681.44,680.12,680.14,3560.0
2026-03-10 05:00:00,680.14,681.32,680.07,681.2,3635.0
2026-03-10 05:15:00,681.07,681.07,680.5,680.83,4694.0
2026-03-10 05:30:00,680.86,681.06,680.64,680.9,1510.0
2026-03-10 05:45:00,680.86,680.9,680.16,680.25,4169.0
2026-03-10 06:00:00,680.24,680.24,679.38,679.53,4287.0
2026-03-10 06:15:00,679.67,679.81,679.01,679.78,19957.0
2026-03-10 06:30:00,679.89,680.11,678.54,679.07,18496.0
2026-03-10 06:45:00,679.17,679.62,679.06,679.62,1554.0
2026-03-10 07:00:00,679.59,680.52,678.38,678.38,54083.0
2026-03-10 07:15:00,678.4,678.68,678.02,678.5,12995.0
2026-03-10 07:30:00,678.53,678.54,677.23,677.26,15146.0
2026-03-10 07:45:00,677.28,677.74,676.93,677.18,30715.0
2026-03-10 08:00:00,677.175,677.2765,675.4785,676.1295,258171.0
2026-03-10 08:15:00,676.11,676.6,675.72,675.739,38301.0
2026-03-10 08:30:00,675.6992,676.66,675.1197,676.49,65335.0
2026-03-10 08:45:00,676.43,677.45,676.43,676.7892,56639.0
2026-03-10 09:00:00,676.841,677.405,676.825,677.0591,52353.0
2026-03-10 09:15:00,677.029,677.85,676.925,677.67,61637.0
2026-03-11 04:00:00,677.73,678.24,677.52,678.24,5401.0
2026-03-11 04:15:00,678.14,678.27,677.6,677.95,3211.0
2026-03-11 04:30:00,677.92,678.05,676.99,677.36,2934.0
2026-03-11 04:45:00,677.19,677.32,675.89,676.66,23199.0
2026-03-11 05:00:00,676.59,676.6,675.55,675.83,5459.0
2026-03-11 05:15:00,675.85,676.41,675.52,675.52,1485.0
2026-03-11 05:30:00,675.69,675.98,675.44,675.8,2684.0
2026-03-11 05:45:00,675.99,676.21,675.21,675.39,2511.0
2026-03-11 06:00:00,675.33,677.04,675.26,677.04,7815.0
2026-03-11 06:15:00,677.2,677.26,676.7,677.1,8782.0
2026-03-11 06:30:00,677.11,678.2,677.11,678.12,3876.0
2026-03-11 06:45:00,678.3,678.3,678.0,678.3,2645.0
2026-03-11 07:00:00,678.21,678.86,678.08,678.57,9230.0
2026-03-11 07:15:00,678.62,678.7,677.14,677.23,13112.0
2026-03-11 07:30:00,677.1,677.46,676.5,676.83,16508.0
2026-03-11 07:45:00,676.92,677.14,675.74,676.42,51225.0
2026-03-11 08:00:00,676.38,676.83,676.0,676.4402,134265.0
2026-03-11 08:15:00,676.4707,677.3,676.22,677.2232,24063.0
2026-03-11 08:30:00,677.14,678.25,675.2,675.455,125848.0
2026-03-11 08:45:00,675.43,675.7779,674.75,675.4907,49602.0
2026-03-11 09:00:00,675.49,676.86,675.4395,675.81,73163.0
2026-03-11 09:15:00,675.839,677.53,675.78,677.53,56829.0
2026-03-12 04:00:00,672.97,674.05,672.97,673.48,6146.0
2026-03-12 04:15:00,673.29,673.77,673.0,673.0,2223.0
2026-03-12 04:30:00,673.21,673.33,672.5,673.32,4394.0
2026-03-12 04:45:00,673.4,673.72,673.0,673.36,6611.0
2026-03-12 05:00:00,673.15,673.18,672.3,672.42,1392.0
2026-03-12 05:15:00,672.4,672.68,671.88,672.67,3574.0
2026-03-12 05:30:00,672.86,674.01,672.8,673.97,5563.0
2026-03-12 05:45:00,673.92,674.18,673.65,674.16,5681.0
2026-03-12 06:00:00,674.2,674.39,673.62,673.84,4013.0
2026-03-12 06:15:00,673.88,673.88,673.46,673.57,2420.0
2026-03-12 06:30:00,673.61,674.39,673.29,673.47,6632.0
2026-03-12 06:45:00,673.45,673.82,673.11,673.31,4898.0
2026-03-12 07:00:00,673.1,673.25,672.62,672.7,15105.0
2026-03-12 07:15:00,672.701,673.37,672.6,672.9,9758.0
2026-03-12 07:30:00,673.58,674.43,673.58,674.12,8114.0
2026-03-12 07:45:00,674.11,674.11,672.66,672.66,10047.0
2026-03-12 08:00:00,672.75,672.8292,671.4292,672.055,182163.0
2026-03-12 08:15:00,672.0807,672.42,671.695,672.36,42743.0
2026-03-12 08:30:00,672.305,672.35,671.38,671.7994,48288.0
2026-03-12 08:45:00,671.76,672.195,671.45,672.195,38342.0
2026-03-12 09:00:00,672.2005,672.58,671.43,671.449,51217.0
2026-03-12 09:15:00,671.4395,671.68,670.33,671.1,278140.0
2026-03-13 04:00:00,664.24,664.45,662.77,662.77,20594.0
2026-03-13 04:15:00,662.7,663.73,662.7,663.2,9705.0
2026-03-13 04:30:00,663.54,664.57,663.54,664.36,699.0
2026-03-13 04:45:00,664.38,665.75,664.36,665.75,2350.0
2026-03-13 05:00:00,665.62,667.0,665.62,665.9,8179.0
2026-03-13 05:15:00,665.98,666.28,665.73,666.08,3136.0
2026-03-13 05:30:00,666.13,666.31,665.8,666.22,1210.0
2026-03-13 05:45:00,666.1,666.6,665.97,666.08,710.0
2026-03-13 06:00:00,666.06,667.5,666.0,667.47,4124.0
2026-03-13 06:15:00,667.43,668.03,667.28,667.34,1605.0
2026-03-13 06:30:00,667.02,667.36,667.0,667.0,733.0
2026-03-13 06:45:00,667.09,668.07,667.09,668.01,6133.0
2026-03-13 07:00:00,667.99,668.85,667.81,668.04,54512.0
2026-03-13 07:15:00,667.98,668.88,667.72,668.27,28668.0
2026-03-13 07:30:00,668.27,668.72,668.25,668.72,11400.0
2026-03-13 07:45:00,668.79,669.28,668.58,669.28,48658.0
2026-03-13 08:00:00,669.2991,669.6135,668.5414,669.015,173774.0
2026-03-13 08:15:00,668.9617,669.1637,668.4397,669.1199,20145.0
2026-03-13 08:30:00,669.1199,669.6312,668.6107,669.1805,67965.0
2026-03-13 08:45:00,669.195,671.11,669.15,669.6207,176992.0
2026-03-13 09:00:00,669.62,669.875,668.9241,669.45,59561.0
2026-03-13 09:15:00,669.4015,669.88,669.17,669.31,80135.0
2026-03-16 04:00:00,665.05,666.5,665.05,665.71,9661.0
2026-03-16 04:15:00,665.32,666.07,665.06,665.72,6320.0
2026-03-16 04:30:00,665.71,665.92,664.8,664.8,1475.0
2026-03-16 04:45:00,664.86,665.6,664.66,665.23,4002.0
2026-03-16 05:00:00,665.33,665.33,664.23,665.28,7583.0
2026-03-16 05:15:00,665.07,665.27,664.75,664.9,2831.0
2026-03-16 05:30:00,664.81,664.81,664.1,664.39,6155.0
2026-03-16 05:45:00,664.08,664.96,663.92,664.32,2943.0
2026-03-16 06:00:00,664.51,665.24,664.38,665.16,3641.0
2026-03-16 06:15:00,665.16,666.46,665.16,666.45,11846.0
2026-03-16 06:30:00,666.14,666.51,665.69,666.08,12530.0
2026-03-16 06:45:00,665.98,667.25,665.91,667.18,8388.0
2026-03-16 07:00:00,667.13,667.25,666.6,666.78,24786.0
2026-03-16 07:15:00,666.81,667.05,666.29,666.45,13158.0
2026-03-16 07:30:00,666.39,667.64,666.28,667.53,70945.0
2026-03-16 07:45:00,667.49,667.62,667.02,667.43,18778.0
2026-03-16 08:00:00,667.43,668.78,667.3782,668.6302,187824.0
2026-03-16 08:15:00,668.5926,668.8,667.98,668.25,65067.0
2026-03-16 08:30:00,668.265,668.88,668.21,668.72,77578.0
2026-03-16 08:45:00,668.725,669.0692,667.9197,668.0999,109609.0
2026-03-16 09:00:00,668.13,668.6899,668.03,668.17,86294.0
2026-03-16 09:15:00,668.165,668.545,668.0,668.35,65505.0
2026-03-17 04:00:00,666.37,667.13,666.18,666.19,2945.0
2026-03-17 04:15:00,666.19,666.74,666.05,666.13,1479.0
2026-03-17 04:30:00,666.19,667.08,665.8,666.85,1922.0
2026-03-17 04:45:00,667.0,667.0,666.05,666.35,1448.0
2026-03-17 05:00:00,666.62,667.24,666.61,667.12,5066.0
2026-03-17 05:15:00,667.11,668.4,667.04,668.36,2086.0
2026-03-17 05:30:00,668.33,668.46,667.94,668.07,4248.0
2026-03-17 05:45:00,668.1,668.45,668.09,668.45,559.0
2026-03-17 06:00:00,668.43,668.43,667.77,667.83,693.0
2026-03-17 06:15:00,667.75,667.75,667.24,667.39,707.0
2026-03-17 06:30:00,667.67,668.18,667.48,667.86,2529.0
2026-03-17 06:45:00,668.11,668.36,667.82,668.36,1658.0
2026-03-17 07:00:00,668.27,668.62,668.1,668.2,8870.0
2026-03-17 07:15:00,668.2,668.83,668.02,668.5,26176.0
2026-03-17 07:30:00,668.51,668.74,668.29,668.6,5524.0
2026-03-17 07:45:00,668.7,668.7,667.87,667.9,48034.0
2026-03-17 08:00:00,667.91,669.84,667.839,669.68,145914.0
2026-03-17 08:15:00,669.7214,670.3135,669.5578,670.2033,59682.0
2026-03-17 08:30:00,670.2312,671.0339,670.22,670.8,62039.0
2026-03-17 08:45:00,670.7892,670.84,670.4295,670.8191,38859.0
2026-03-17 09:00:00,670.8707,671.7,670.76,671.665,75421.0
2026-03-17 09:15:00,671.6217,672.72,671.485,672.3605,66015.0
2026-03-18 04:00:00,673.88,674.54,673.84,674.48,2663.0
2026-03-18 04:15:00,674.48,674.56,674.1,674.21,2760.0
2026-03-18 04:30:00,674.0,674.22,673.91,673.99,892.0
2026-03-18 04:45:00,674.07,674.39,674.03,674.18,127.0
2026-03-18 05:00:00,674.35,674.36,673.9,673.96,550.0
2026-03-18 05:15:00,673.92,674.53,673.92,674.38,869.0
2026-03-18 05:30:00,674.36,674.54,674.35,674.52,462.0
2026-03-18 05:45:00,674.38,674.52,674.11,674.24,1822.0
2026-03-18 06:00:00,674.19,674.42,673.99,674.42,8310.0
2026-03-18 06:15:00,674.4,674.7,674.4,674.57,1060.0
2026-03-18 06:30:00,674.55,674.55,674.25,674.28,931.0
2026-03-18 06:45:00,674.16,674.25,673.9,673.93,1174.0
2026-03-18 07:00:00,673.89,674.16,673.67,674.07,13944.0
2026-03-18 07:15:00,674.02,674.24,672.5,672.5,34640.0
2026-03-18 07:30:00,672.4,673.71,672.4,673.44,51348.0
2026-03-18 07:45:00,673.26,673.52,672.8,672.85,27485.0
2026-03-18 08:00:00,672.89,673.0,671.1235,671.55,209260.0
2026-03-18 08:15:00,671.58,671.62,670.39,671.1082,123114.0
2026-03-18 08:30:00,670.74,671.3,667.87,668.2726,317948.0
2026-03-18 08:45:00,668.3,668.52,667.07,667.3895,347482.0
2026-03-18 09:00:00,667.4,668.03,666.9,667.645,96928.0
2026-03-18 09:15:00,667.64,668.66,667.16,668.325,93584.0
2026-03-19 04:00:00,659.87,660.6,659.53,660.44,10200.0
2026-03-19 04:15:00,660.6,660.6,659.31,659.62,8831.0
2026-03-19 04:30:00,659.59,659.87,658.72,658.72,6675.0
2026-03-19 04:45:00,658.75,660.13,658.74,659.82,2644.0
2026-03-19 05:00:00,660.0,660.7,660.0,660.24,6916.0
2026-03-19 05:15:00,660.35,660.9,658.67,658.74,25876.0
2026-03-19 05:30:00,659.04,660.21,658.96,659.64,9852.0
2026-03-19 05:45:00,659.92,662.05,659.92,661.59,25579.0
2026-03-19 06:00:00,661.42,661.57,660.96,661.04,4406.0
2026-03-19 06:15:00,660.94,661.25,660.77,661.25,12399.0
2026-03-19 06:30:00,661.27,661.34,660.4,660.58,2224.0
2026-03-19 06:45:00,660.61,660.82,660.4,660.68,9602.0
2026-03-19 07:00:00,660.68,661.22,660.24,660.82,24651.0
2026-03-19 07:15:00,660.55,660.55,659.36,659.8,17260.0
2026-03-19 07:30:00,659.9,660.07,658.9,659.03,23637.0
2026-03-19 07:45:00,659.02,659.98,658.99,659.95,14200.0
2026-03-19 08:00:00,659.89,660.13,658.32,658.94,258114.0
2026-03-19 08:15:00,658.941,659.31,657.33,657.68,107571.0
2026-03-19 08:30:00,657.86,658.3802,656.96,658.0972,118949.0
2026-03-19 08:45:00,658.06,658.0687,656.4,656.9351,78497.0
2026-03-19 09:00:00,657.01,657.18,656.1,656.25,61129.0
2026-03-19 09:15:00,656.1924,658.57,655.91,656.87,247081.0
2026-03-20 04:00:00,659.34,659.68,658.96,659.56,2817.0
2026-03-20 04:15:00,659.78,659.79,658.68,658.68,786.0
2026-03-20 04:30:00,658.55,659.47,658.51,658.82,6534.0
2026-03-20 04:45:00,658.61,658.89,658.55,658.6,1711.0
2026-03-20 05:00:00,658.4,659.02,657.96,658.24,5267.0
2026-03-20 05:15:00,658.03,658.03,657.08,657.14,4117.0
2026-03-20 05:30:00,657.45,657.64,656.44,656.68,4991.0
2026-03-20 05:45:00,656.76,656.76,655.1,655.54,7878.0
2026-03-20 06:00:00,655.72,655.72,653.23,653.8,6430.0
2026-03-20 06:15:00,653.99,654.16,653.35,653.9,8743.0
2026-03-20 06:30:00,653.98,655.5,653.98,655.09,10858.0
2026-03-20 06:45:00,655.15,655.15,654.58,654.76,11080.0
2026-03-20 07:00:00,654.81,656.27,654.58,655.9,26137.0
2026-03-20 07:15:00,655.75,656.24,655.64,655.83,12961.0
2026-03-20 07:30:00,655.78,656.1,655.37,655.709,20919.0
2026-03-20 07:45:00,655.66,655.74,654.85,655.68,31919.0
2026-03-20 08:00:00,655.86,656.92,655.2,656.315,201831.0
2026-03-20 08:15:00,656.2761,656.64,655.6,656.6,18969.0
2026-03-20 08:30:00,656.6,656.63,655.4292,655.8205,110569.0
2026-03-20 08:45:00,655.8453,656.791,655.6848,656.65,29007.0
2026-03-20 09:00:00,656.67,656.92,655.7203,656.0392,38280.0
2026-03-20 09:15:00,655.97,657.0502,655.8878,656.57,80305.0
2026-03-23 04:00:00,642.5,643.97,642.5,643.91,29295.0
2026-03-23 04:15:00,643.7,644.0,643.27,643.38,5342.0
2026-03-23 04:30:00,643.34,644.71,643.34,644.06,23837.0
2026-03-23 04:45:00,644.01,644.88,644.01,644.61,14216.0
2026-03-23 05:00:00,644.47,644.7,643.45,644.54,5782.0
2026-03-23 05:15:00,644.4,645.2,643.97,644.41,4991.0
2026-03-23 05:30:00,643.86,643.86,642.41,642.91,19282.0
2026-03-23 05:45:00,643.07,643.36,642.72,643.24,7572.0
2026-03-23 06:00:00,642.98,644.13,642.98,643.41,6748.0
2026-03-23 06:15:00,643.25,643.6,642.29,642.48,10797.0
2026-03-23 06:30:00,642.44,643.29,642.05,642.52,34992.0
2026-03-23 06:45:00,642.39,644.33,641.61,643.22,56938.0
2026-03-23 07:00:00,643.34,666.85,643.3,666.0,873690.0
2026-03-23 07:15:00,666.0,666.24,657.73,659.89,347193.0
2026-03-23 07:30:00,659.73,664.7,658.87,659.2,242278.0
2026-03-23 07:45:00,659.48,659.82,655.5,656.08,351875.0
2026-03-23 08:00:00,656.09,658.36,654.7897,656.4591,818206.0
2026-03-23 08:15:00,656.39,659.7,656.32,658.86,165578.0
2026-03-23 08:30:00,658.7882,661.05,657.26,660.91,419414.0
2026-03-23 08:45:00,660.8615,661.79,659.72,661.17,254161.0
2026-03-23 09:00:00,661.331,661.8907,659.49,659.64,126896.0
2026-03-23 09:15:00,659.61,660.185,657.91,658.1,152836.0
2026-03-24 04:00:00,656.87,657.42,656.42,657.15,3775.0
2026-03-24 04:15:00,657.04,657.33,655.0,655.4,10650.0
2026-03-24 04:30:00,654.84,655.75,654.74,655.08,3055.0
2026-03-24 04:45:00,655.22,655.67,654.33,654.8,11757.0
2026-03-24 05:00:00,654.49,655.02,652.88,652.91,7436.0
2026-03-24 05:15:00,652.95,654.32,652.95,654.32,959.0
2026-03-24 05:30:00,654.25,654.82,654.17,654.74,1162.0
2026-03-24 05:45:00,654.72,655.72,654.23,655.53,5712.0
2026-03-24 06:00:00,655.39,655.8,654.43,655.78,2503.0
2026-03-24 06:15:00,655.58,655.8,654.75,654.85,1250.0
2026-03-24 06:30:00,654.8,655.8,654.43,655.68,3006.0
2026-03-24 06:45:00,655.42,655.42,654.73,655.32,2251.0
2026-03-24 07:00:00,655.34,655.69,654.71,655.42,4449.0
2026-03-24 07:15:00,655.4,655.4,654.41,654.86,11232.0
2026-03-24 07:30:00,654.81,654.94,654.44,654.54,41199.0
2026-03-24 07:45:00,654.72,655.53,652.86,655.06,45563.0
2026-03-24 08:00:00,655.0,655.4912,653.53,654.15,199196.0
2026-03-24 08:15:00,654.07,654.73,653.7,654.2878,63372.0
2026-03-24 08:30:00,654.302,654.3615,652.18,652.23,94370.0
2026-03-24 08:45:00,652.24,653.03,652.05,652.3618,78799.0
2026-03-24 09:00:00,652.38,652.7905,650.489,651.95,130714.0
2026-03-24 09:15:00,651.95,652.24,650.89,651.32,157338.0
2026-03-25 04:00:00,658.07,659.92,658.0,659.49,10428.0
2026-03-25 04:15:00,659.75,660.56,659.75,659.99,6455.0
2026-03-25 04:30:00,659.92,660.48,659.21,659.72,10538.0
2026-03-25 04:45:00,659.6,659.85,657.92,658.21,5778.0
2026-03-25 05:00:00,658.08,659.19,657.84,659.11,5494.0
2026-03-25 05:15:00,659.08,659.1,658.15,658.18,3682.0
2026-03-25 05:30:00,658.34,658.62,658.13,658.13,2003.0
2026-03-25 05:45:00,658.1,658.97,657.48,658.37,19155.0
2026-03-25 06:00:00,658.47,659.24,658.38,658.48,10198.0
2026-03-25 06:15:00,658.55,658.74,658.13,658.13,3036.0
2026-03-25 06:30:00,658.13,658.52,657.98,658.0,11337.0
2026-03-25 06:45:00,657.92,658.69,657.92,658.45,2432.0
2026-03-25 07:00:00,658.36,659.26,658.35,658.9,26696.0
2026-03-25 07:15:00,658.85,659.52,658.79,659.18,34074.0
2026-03-25 07:30:00,659.42,660.04,659.25,659.9,25516.0
2026-03-25 07:45:00,659.74,659.77,658.17,659.6,38484.0
2026-03-25 08:00:00,659.611,660.48,659.59,660.0516,226144.0
2026-03-25 08:15:00,660.05,660.1207,657.02,657.85,319832.0
2026-03-25 08:30:00,657.7631,658.4605,656.4792,657.81,193803.0
2026-03-25 08:45:00,657.81,659.1,657.439,658.5882,90046.0
2026-03-25 09:00:00,658.69,659.42,657.91,658.55,91060.0
2026-03-25 09:15:00,658.56,658.84,658.2,658.69,76392.0
2026-03-26 04:00:00,654.2,654.6,653.13,653.13,1928.0
2026-03-26 04:15:00,653.35,653.56,653.0,653.02,2092.0
2026-03-26 04:30:00,652.77,653.31,652.25,652.26,1322.0
2026-03-26 04:45:00,652.49,653.0,652.02,652.84,1447.0
2026-03-26 05:00:00,652.78,652.96,652.0,652.28,4160.0
2026-03-26 05:15:00,652.27,652.3,651.66,651.7,1279.0
2026-03-26 05:30:00,651.6,651.6,650.87,651.48,6801.0
2026-03-26 05:45:00,651.55,652.0,651.26,651.88,1520.0
2026-03-26 06:00:00,651.7,652.66,651.55,652.35,9486.0
2026-03-26 06:15:00,652.52,652.82,652.2,652.76,1595.0
2026-03-26 06:30:00,652.63,652.86,651.79,651.92,38833.0
2026-03-26 06:45:00,651.89,652.36,651.84,652.2,6069.0
2026-03-26 07:00:00,652.27,652.56,651.92,652.05,41364.0
2026-03-26 07:15:00,652.13,652.25,651.31,651.66,16195.0
2026-03-26 07:30:00,651.72,651.78,651.17,651.28,6669.0
2026-03-26 07:45:00,651.231,651.48,650.6,650.67,12321.0
2026-03-26 08:00:00,650.7005,652.0,650.16,651.8305,220195.0
2026-03-26 08:15:00,651.85,652.05,651.5,651.61,55471.0
2026-03-26 08:30:00,651.61,651.61,650.28,650.7696,98763.0
2026-03-26 08:45:00,650.8,651.43,650.77,651.3639,31884.0
2026-03-26 09:00:00,651.34,652.02,651.3071,651.73,46533.0
2026-03-26 09:15:00,651.7197,652.32,651.52,652.06,81477.0
2026-03-27 04:00:00,647.73,648.11,646.5,646.75,10607.0
2026-03-27 04:15:00,646.85,646.95,645.8,645.81,6378.0
2026-03-27 04:30:00,645.92,646.38,645.36,645.49,6377.0
2026-03-27 04:45:00,645.71,645.91,645.26,645.4,2915.0
2026-03-27 05:00:00,645.39,645.39,643.9,644.73,12623.0
2026-03-27 05:15:00,644.71,645.85,644.69,645.67,15364.0
2026-03-27 05:30:00,645.63,646.13,645.36,645.63,10534.0
2026-03-27 05:45:00,645.47,645.47,644.35,644.52,11420.0
2026-03-27 06:00:00,644.35,645.22,644.25,644.4,16297.0
2026-03-27 06:15:00,644.48,644.76,644.3,644.45,13553.0
2026-03-27 06:30:00,644.37,644.56,643.22,643.59,14182.0
2026-03-27 06:45:00,643.54,643.55,642.5,642.74,22147.0
2026-03-27 07:00:00,642.94,642.94,642.0,642.36,38995.0
2026-03-27 07:15:00,642.41,642.98,642.31,642.97,12476.0
2026-03-27 07:30:00,643.0,643.21,642.57,643.04,23202.0
2026-03-27 07:45:00,643.16,643.84,643.04,643.18,27795.0
2026-03-27 08:00:00,643.2515,643.45,642.08,642.5288,260686.0
2026-03-27 08:15:00,642.495,643.1135,642.42,642.85,27544.0
2026-03-27 08:30:00,642.88,643.0061,642.13,642.52,31168.0
2026-03-27 08:45:00,642.5441,642.66,641.77,642.14,84671.0
2026-03-27 09:00:00,642.15,642.25,641.0,641.38,139789.0
2026-03-27 09:15:00,641.37,642.739,641.3,642.54,96628.0
2026-03-30 04:00:00,636.83,637.4685,636.27,637.3975,60970.0
2026-03-30 04:15:00,637.34,637.66,637.1,637.5505,9686.0
2026-03-30 04:30:00,637.4987,637.93,637.32,637.53,6544.0
2026-03-30 04:45:00,637.52,638.02,637.17,637.92,5773.0
2026-03-30 05:00:00,637.8695,637.95,637.269,637.36,3314.0
2026-03-30 05:15:00,637.38,637.68,636.72,637.0,8783.0
2026-03-30 05:30:00,637.03,637.35,636.54,636.92,5807.0
2026-03-30 05:45:00,636.899,637.1815,636.72,637.0812,1184.0
2026-03-30 06:00:00,637.0292,637.3215,636.7695,636.98,19914.0
2026-03-30 06:15:00,636.93,637.43,636.7492,637.26,5784.0
2026-03-30 06:30:00,637.2088,637.2088,636.6,636.8512,6542.0
2026-03-30 06:45:00,636.8097,637.5402,636.75,637.5402,5394.0
2026-03-30 07:00:00,637.56,637.93,637.4518,637.7,37687.0
2026-03-30 07:15:00,637.7,641.38,637.57,639.0185,250206.0
2026-03-30 07:30:00,639.0712,639.46,637.93,638.521,71889.0
2026-03-30 07:45:00,638.5,638.92,637.99,638.222,46989.0
2026-03-30 08:00:00,638.3115,638.6205,637.67,638.505,34440.0
2026-03-30 08:15:00,638.55,639.6,638.295,639.375,51222.0
2026-03-30 08:30:00,639.375,639.94,639.249,639.66,72939.0
2026-03-30 08:45:00,639.641,639.71,639.1708,639.6715,71085.0
2026-03-30 09:00:00,639.7,640.18,638.94,639.5805,64881.0
2026-03-30 09:15:00,639.56,640.1497,639.4,639.73,76066.0
2026-03-31 04:00:00,638.81,638.81,637.71,637.7915,23447.0
2026-03-31 04:15:00,637.7485,638.2607,637.479,637.609,7171.0
2026-03-31 04:30:00,637.579,637.7612,637.169,637.25,3721.0
2026-03-31 04:45:00,637.3012,637.781,636.8197,637.34,3821.0
2026-03-31 05:00:00,637.34,638.2036,637.31,637.8,2949.0
2026-03-31 05:15:00,637.8012,638.18,637.4385,637.44,1847.0
2026-03-31 05:30:00,637.5015,637.8312,637.0292,637.5012,3177.0
2026-03-31 05:45:00,637.45,637.8505,636.81,637.1005,5812.0
2026-03-31 06:00:00,637.1502,637.801,637.1,637.4543,323794.0
2026-03-31 06:15:00,637.4,637.572,637.0,637.3952,5927.0
2026-03-31 06:30:00,637.3585,637.4805,635.7092,635.96,173386.0
2026-03-31 06:45:00,635.8566,637.0002,635.72,636.88,12751.0
2026-03-31 07:00:00,636.79,639.94,636.45,638.2112,97987.0
2026-03-31 07:15:00,638.2393,639.38,637.909,638.2405,137752.0
2026-03-31 07:30:00,638.241,639.1,637.71,639.06,57214.0
2026-03-31 07:45:00,639.06,639.09,637.9501,638.58,62545.0
2026-03-31 08:00:00,638.6805,640.17,637.45,637.55,277016.0
2026-03-31 08:15:00,637.5217,639.64,637.0,639.21,179920.0
2026-03-31 08:30:00,639.235,640.0694,638.98,639.8999,84853.0
2026-03-31 08:45:00,639.9,639.95,638.6,638.63,81607.0
2026-03-31 09:00:00,638.7,639.18,638.3187,638.8887,54922.0
2026-03-31 09:15:00,638.8896,639.5,638.7974,639.05,166139.0
2026-04-01 04:00:00,653.3955,653.6715,652.3,652.5787,34007.0
2026-04-01 04:15:00,652.6215,654.03,652.4339,653.4912,11320.0
2026-04-01 04:30:00,653.541,653.9007,653.3892,653.7876,7974.0
2026-04-01 04:45:00,653.851,654.0605,652.3287,653.3287,20455.0
2026-04-01 05:00:00,653.382,653.7412,652.4819,652.6271,15409.0
2026-04-01 05:15:00,652.6211,652.7712,651.9106,652.481,11718.0
2026-04-01 05:30:00,652.521,653.211,652.521,653.05,6465.0
2026-04-01 05:45:00,653.0812,654.0117,653.08,653.5392,5829.0
2026-04-01 06:00:00,653.5907,653.9507,653.18,653.669,8835.0
2026-04-01 06:15:00,653.6485,653.95,653.2487,653.53,4427.0
2026-04-01 06:30:00,653.58,654.04,653.3395,653.959,12986.0
2026-04-01 06:45:00,653.98,655.09,653.98,654.911,16811.0
2026-04-01 07:00:00,654.86,655.38,654.7115,655.31,78610.0
2026-04-01 07:15:00,655.34,655.6187,655.15,655.3194,39120.0
2026-04-01 07:30:00,655.36,656.0207,655.23,655.7292,74339.0
2026-04-01 07:45:00,655.73,656.2707,655.4895,655.9892,23232.0
2026-04-01 08:00:00,655.98,656.0505,655.2265,655.325,59325.0
2026-04-01 08:15:00,655.2538,655.5112,654.21,654.735,69475.0
2026-04-01 08:30:00,654.735,657.44,653.67,655.54,268424.0
2026-04-01 08:45:00,655.79,657.21,652.58,652.86,635622.0
2026-04-01 09:00:00,652.87,653.53,652.29,652.9499,213889.0
2026-04-01 09:15:00,652.939,654.2,652.78,654.08,257998.0
2026-04-02 04:00:00,648.52,648.71,647.82,647.9787,94798.0
2026-04-02 04:15:00,647.9385,648.15,647.4895,647.88,5388.0
2026-04-02 04:30:00,647.9092,648.7012,647.9092,648.219,4947.0
2026-04-02 04:45:00,648.3,648.3875,647.7682,647.9092,8872.0
2026-04-02 05:00:00,647.971,648.1607,647.57,647.59,6475.0
2026-04-02 05:15:00,647.5792,648.44,647.5792,648.19,6436.0
2026-04-02 05:30:00,648.1627,648.1996,647.5687,647.67,4096.0
2026-04-02 05:45:00,647.61,647.9902,647.4895,647.821,5778.0
2026-04-02 06:00:00,647.82,648.0012,646.8292,646.87,7775.0
2026-04-02 06:15:00,646.82,646.891,646.5,646.6097,7544.0
2026-04-02 06:30:00,646.5695,647.4902,646.3795,647.2387,19042.0
2026-04-02 06:45:00,647.27,647.62,646.98,647.3807,11655.0
2026-04-02 07:00:00,647.41,647.52,646.25,646.25,69340.0
2026-04-02 07:15:00,646.269,646.36,645.43,645.4892,60006.0
2026-04-02 07:30:00,645.5,646.1,644.85,645.1338,56972.0
2026-04-02 07:45:00,645.16,645.82,644.56,644.56,66725.0
2026-04-02 08:00:00,644.5897,644.9,644.14,644.5548,48418.0
2026-04-02 08:15:00,644.53,645.6287,644.4195,645.24,58685.0
2026-04-02 08:30:00,645.3,645.7248,645.18,645.6693,49734.0
2026-04-02 08:45:00,645.6699,646.1502,645.305,645.33,56351.0
2026-04-02 09:00:00,645.39,646.0596,645.19,645.485,42618.0
2026-04-02 09:15:00,645.495,646.63,645.46,646.39,65841.0
2026-04-06 04:00:00,657.03,657.74,657.03,657.4,18802.0
2026-04-06 04:15:00,657.4315,657.941,657.19,657.85,2976.0
2026-04-06 04:30:00,657.8377,658.61,657.7547,658.49,30182.0
2026-04-06 04:45:00,658.52,658.541,658.0195,658.1087,1262.0
2026-04-06 05:00:00,658.1507,658.7,658.1501,658.3082,1849.0
2026-04-06 05:15:00,658.2887,658.7065,658.11,658.3107,2689.0
2026-04-06 05:30:00,658.32,658.4205,658.039,658.09,935.0
2026-04-06 05:45:00,658.07,658.1115,657.21,657.3,36560.0
2026-04-06 06:00:00,657.3612,657.872,657.189,657.6688,7591.0
2026-04-06 06:15:00,657.65,657.66,657.0323,657.2704,6516.0
2026-04-06 06:30:00,657.2585,657.671,657.2085,657.44,394.0
2026-04-06 06:45:00,657.4715,657.4715,655.62,656.69,24030.0
2026-04-06 07:00:00,656.72,656.7495,656.1187,656.26,20870.0
2026-04-06 07:15:00,656.2291,656.73,656.05,656.4202,6369.0
2026-04-06 07:30:00,656.3787,656.6798,656.2197,656.2735,31249.0
2026-04-06 07:45:00,656.3102,656.66,656.2165,656.31,20524.0
2026-04-06 08:00:00,656.38,656.46,656.0745,656.29,17522.0
2026-04-06 08:15:00,656.29,656.48,655.95,656.33,14790.0
2026-04-06 08:30:00,656.315,656.83,656.16,656.62,22375.0
2026-04-06 08:45:00,656.62,657.2,656.4797,656.585,47114.0
2026-04-06 09:00:00,656.5615,656.72,655.72,656.43,71727.0
2026-04-06 09:15:00,656.44,656.5512,655.64,656.09,95851.0
2026-04-07 04:00:00,656.08,658.735,656.08,658.1187,18630.0
2026-04-07 04:15:00,658.079,659.1017,657.8097,658.461,12709.0
2026-04-07 04:30:00,658.48,659.6007,658.4487,659.2,2691.0
2026-04-07 04:45:00,659.2515,659.4,658.82,659.1585,2232.0
2026-04-07 05:00:00,659.16,659.7712,659.054,659.409,4210.0
2026-04-07 05:15:00,659.4285,660.34,659.3292,660.1912,5594.0
2026-04-07 05:30:00,660.07,660.3612,659.699,659.699,4589.0
2026-04-07 05:45:00,659.6787,660.05,659.399,659.7732,1321.0
2026-04-07 06:00:00,659.75,660.0912,657.7665,659.39,37006.0
2026-04-07 06:15:00,659.39,659.8805,657.9397,658.8217,58667.0
2026-04-07 06:30:00,658.8717,658.99,657.14,657.5682,20966.0
2026-04-07 06:45:00,657.5185,657.5606,655.11,655.462,139923.0
2026-04-07 07:00:00,655.49,656.4,655.409,656.0792,88583.0
2026-04-07 07:15:00,656.15,656.79,655.93,656.04,34229.0
2026-04-07 07:30:00,655.9685,656.05,654.839,655.75,64328.0
2026-04-07 07:45:00,655.802,655.8699,655.3592,655.62,19167.0
2026-04-07 08:00:00,655.65,656.12,653.91,654.8778,305389.0
2026-04-07 08:15:00,654.9117,656.5317,654.45,656.462,120543.0
2026-04-07 08:30:00,656.42,656.65,655.5712,655.835,33121.0
2026-04-07 08:45:00,655.86,657.67,655.3078,656.089,71420.0
2026-04-07 09:00:00,656.1307,656.88,655.75,656.375,139012.0
2026-04-07 09:15:00,656.4,656.92,656.0,656.9,60910.0
2026-04-08 04:00:00,675.29,675.905,675.15,675.59,61808.0
2026-04-08 04:15:00,675.56,676.08,675.53,675.96,13806.0
2026-04-08 04:30:00,675.88,676.2507,675.22,675.402,10200.0
2026-04-08 04:45:00,675.471,676.9,675.471,676.8217,5603.0
2026-04-08 05:00:00,676.8395,677.4207,676.5195,677.36,7802.0
2026-04-08 05:15:00,677.3505,677.4507,676.969,676.969,6899.0
2026-04-08 05:30:00,676.9765,677.0202,676.2197,676.31,12351.0
2026-04-08 05:45:00,676.3402,677.1637,676.3195,676.59,23656.0
2026-04-08 06:00:00,676.6011,676.83,676.2897,676.3232,8065.0
2026-04-08 06:15:00,676.3707,676.9105,676.16,676.84,9819.0
2026-04-08 06:30:00,676.85,677.0,676.5707,676.9587,11776.0
2026-04-08 06:45:00,676.9392,677.1,676.68,676.7,17493.0
2026-04-08 07:00:00,676.67,676.9793,676.22,676.8009,49260.0
2026-04-08 07:15:00,676.8035,678.09,676.6216,677.9203,58444.0
2026-04-08 07:30:00,677.9,678.15,677.4,677.5188,134055.0
2026-04-08 07:45:00,677.5578,678.01,677.21,677.3,67669.0
2026-04-08 08:00:00,677.4297,677.9248,677.0,677.6,120422.0
2026-04-08 08:15:00,677.5785,677.6502,675.51,676.58,382487.0
2026-04-08 08:30:00,676.51,676.96,675.9791,676.31,185990.0
2026-04-08 08:45:00,676.29,676.9505,676.2782,676.57,111073.0
2026-04-08 09:00:00,676.6,677.0502,676.53,676.801,61303.0
2026-04-08 09:15:00,676.8442,677.09,676.1,676.78,133502.0
2026-04-09 04:00:00,674.71,674.71,672.91,672.9982,89739.0
2026-04-09 04:15:00,672.9485,673.2485,672.8797,672.979,1364.0
2026-04-09 04:30:00,672.9615,673.67,672.9538,673.65,5174.0
2026-04-09 04:45:00,673.6805,673.76,673.0497,673.099,531.0
2026-04-09 05:00:00,673.049,673.5815,672.87,673.5362,3648.0
2026-04-09 05:15:00,673.6212,673.801,673.4744,673.7812,5452.0
2026-04-09 05:30:00,673.7292,673.76,673.4195,673.569,480.0
2026-04-09 05:45:00,673.59,673.7812,673.44,673.7812,902.0
2026-04-09 06:00:00,673.8212,673.96,673.6187,673.72,1696.0
2026-04-09 06:15:00,673.7612,673.911,673.4682,673.7887,6767.0
2026-04-09 06:30:00,673.76,673.88,673.4897,673.8394,5366.0
2026-04-09 06:45:00,673.779,673.9715,673.0892,673.14,2396.0
2026-04-09 07:00:00,673.1684,673.5359,673.0397,673.2795,20868.0
2026-04-09 07:15:00,673.24,673.4402,673.01,673.16,30970.0
2026-04-09 07:30:00,673.19,674.2,673.19,674.0361,29444.0
2026-04-09 07:45:00,674.04,674.46,673.879,674.13,29674.0
2026-04-09 08:00:00,674.11,674.4707,674.1,674.1995,10233.0
2026-04-09 08:15:00,674.2,674.4,674.01,674.2312,14355.0
2026-04-09 08:30:00,674.27,674.8317,673.64,674.26,87311.0
2026-04-09 08:45:00,674.235,674.5309,673.9,674.24,64491.0
2026-04-09 09:00:00,674.251,674.4,673.99,674.29,48244.0
2026-04-09 09:15:00,674.29,675.1,674.08,675.1,37711.0
2026-04-10 04:00:00,679.9217,680.3475,679.3682,679.3682,8198.0
2026-04-10 04:15:00,679.379,679.6112,679.17,679.5692,1686.0
2026-04-10 04:30:00,679.51,679.7002,679.51,679.66,1513.0
2026-04-10 04:45:00,679.63,679.63,678.95,678.95,1088.0
2026-04-10 05:00:00,678.99,679.291,678.99,679.13,1761.0
2026-04-10 05:15:00,679.12,680.5,679.12,679.74,9237.0
2026-04-10 05:30:00,679.781,679.7815,679.349,679.73,800.0
2026-04-10 05:45:00,679.78,680.19,679.729,680.131,4692.0
2026-04-10 06:00:00,680.171,680.2488,679.649,679.6812,1559.0
2026-04-10 06:15:00,679.6649,680.4412,679.66,680.31,2263.0
2026-04-10 06:30:00,680.25,680.3707,680.0487,680.2095,5021.0
2026-04-10 06:45:00,680.22,680.5002,680.18,680.289,58173.0
2026-04-10 07:00:00,680.2613,680.7,680.2613,680.49,8593.0
2026-04-10 07:15:00,680.4907,680.87,680.4312,680.7,29449.0
2026-04-10 07:30:00,680.73,680.9402,680.24,680.4848,22386.0
2026-04-10 07:45:00,680.47,680.64,680.1,680.2839,12668.0
2026-04-10 08:00:00,680.31,680.4805,680.1295,680.4202,16971.0
2026-04-10 08:15:00,680.43,681.5,680.29,681.26,27476.0
2026-04-10 08:30:00,681.5,682.44,680.82,681.06,139274.0
2026-04-10 08:45:00,681.14,681.27,680.8091,680.9222,23537.0
2026-04-10 09:00:00,680.8887,681.2902,680.74,681.1997,23140.0
2026-04-10 09:15:00,681.16,681.61,680.86,681.61,51928.0
2026-04-13 04:00:00,675.15,675.84,675.0396,675.57,100862.0
2026-04-13 04:15:00,675.51,675.98,675.3795,675.86,57231.0
2026-04-13 04:30:00,675.8,675.88,675.0392,675.3607,35243.0
2026-04-13 04:45:00,675.4045,675.55,675.2192,675.38,27788.0
2026-04-13 05:00:00,675.37,675.9312,675.3607,675.4807,24496.0
2026-04-13 05:15:00,675.53,675.9,675.4797,675.75,20920.0
2026-04-13 05:30:00,675.6795,675.87,675.41,675.5,14998.0
2026-04-13 05:45:00,675.49,675.56,675.24,675.37,15288.0
2026-04-13 06:00:00,675.39,675.5505,675.24,675.37,22770.0
2026-04-13 06:15:00,675.3197,675.37,675.13,675.31,9591.0
2026-04-13 06:30:00,675.361,675.5,675.14,675.241,4680.0
2026-04-13 06:45:00,675.27,676.11,675.1992,676.0712,9500.0
2026-04-13 07:00:00,676.48,677.06,675.99,676.141,57572.0
2026-04-13 07:15:00,676.1048,676.21,675.4265,675.59,35152.0
2026-04-13 07:30:00,675.55,675.6,674.74,675.1165,77630.0
2026-04-13 07:45:00,675.2,675.3165,674.35,674.52,257587.0
2026-04-13 08:00:00,674.54,675.14,674.22,675.11,33180.0
2026-04-13 08:15:00,675.115,675.225,674.92,675.1715,31205.0
2026-04-13 08:30:00,675.2005,675.66,675.1,675.585,20115.0
2026-04-13 08:45:00,675.5803,676.3997,675.58,676.185,82395.0
2026-04-13 09:00:00,676.18,676.68,676.13,676.68,17426.0
2026-04-13 09:15:00,676.6,677.57,676.38,677.57,88096.0
2026-04-14 04:00:00,687.19,687.5317,687.06,687.4882,9752.0
2026-04-14 04:15:00,687.45,687.64,687.2582,687.5512,1616.0
2026-04-14 04:30:00,687.56,687.7802,687.3785,687.6432,2514.0
2026-04-14 04:45:00,687.75,687.92,687.6717,687.8835,3362.0
2026-04-14 05:00:00,687.9107,688.12,687.88,688.0,6399.0
2026-04-14 05:15:00,688.03,688.07,687.61,687.64,2981.0
2026-04-14 05:30:00,687.639,687.639,687.34,687.3625,2041.0
2026-04-14 05:45:00,687.339,687.3502,687.2,687.2592,1193.0
2026-04-14 06:00:00,687.2888,687.59,687.0592,687.5375,3417.0
2026-04-14 06:15:00,687.4632,687.6,687.299,687.4407,3930.0
2026-04-14 06:30:00,687.47,687.54,686.76,686.7917,11412.0
2026-04-14 06:45:00,686.79,687.18,686.79,686.8612,14220.0
2026-04-14 07:00:00,686.9,687.2283,686.78,687.13,14456.0
2026-04-14 07:15:00,687.11,687.64,687.0965,687.57,17986.0
2026-04-14 07:30:00,687.54,687.67,687.37,687.4864,17729.0
2026-04-14 07:45:00,687.4609,688.5,687.41,687.8123,95667.0
2026-04-14 08:00:00,687.811,688.35,687.811,687.96,46864.0
2026-04-14 08:15:00,687.99,688.37,687.6599,688.2832,28960.0
2026-04-14 08:30:00,688.41,688.84,687.8582,687.991,30057.0
2026-04-14 08:45:00,688.03,688.06,687.58,687.89,45935.0
2026-04-14 09:00:00,687.8923,688.0002,687.6358,687.9205,28271.0
2026-04-14 09:15:00,687.9201,688.18,687.652,687.71,39063.0
2026-04-15 04:00:00,694.3524,694.59,694.26,694.37,11633.0
2026-04-15 04:15:00,694.4139,694.6,694.1435,694.59,3701.0
2026-04-15 04:30:00,694.58,694.73,694.5315,694.575,4347.0
2026-04-15 04:45:00,694.58,694.9141,694.5021,694.73,10014.0
2026-04-15 05:00:00,694.8007,694.8782,693.8746,694.0634,5919.0
2026-04-15 05:15:00,694.1107,694.3,693.9285,694.0554,2872.0
2026-04-15 05:30:00,693.9756,694.1718,693.77,693.9,1610.0
2026-04-15 05:45:00,693.899,694.0787,693.84,693.8563,2229.0
2026-04-15 06:00:00,693.87,694.321,693.78,694.0437,2206.0
2026-04-15 06:15:00,694.0548,694.0548,693.12,693.29,26718.0
2026-04-15 06:30:00,693.3,693.9958,693.05,693.9958,16812.0
2026-04-15 06:45:00,694.0,694.18,693.7649,694.04,4825.0
2026-04-15 07:00:00,694.03,694.4172,693.975,694.3783,34416.0
2026-04-15 07:15:00,694.32,694.435,694.0197,694.1977,12468.0
2026-04-15 07:30:00,694.1865,694.6,694.1617,694.29,10907.0
2026-04-15 07:45:00,694.32,695.6,694.2304,694.74,30256.0
2026-04-15 08:00:00,694.706,694.9416,694.12,694.31,19452.0
2026-04-15 08:15:00,694.34,694.54,694.1292,694.31,17519.0
2026-04-15 08:30:00,694.3,694.9805,694.26,694.92,20089.0
2026-04-15 08:45:00,694.9292,694.95,694.655,694.6739,9011.0
2026-04-15 09:00:00,694.6991,694.9096,694.4594,694.855,10449.0
2026-04-15 09:15:00,694.8725,695.51,694.7,695.48,40448.0
2026-04-16 04:00:00,700.89,701.1,700.4985,700.54,10374.0
2026-04-16 04:15:00,700.57,700.66,700.3086,700.4,1614.0
2026-04-16 04:30:00,700.38,700.49,700.1095,700.49,11101.0
2026-04-16 04:45:00,700.5,700.73,700.5,700.7,769.0
2026-04-16 05:00:00,700.6695,700.9202,700.62,700.8295,1690.0
2026-04-16 05:15:00,700.82,700.8702,700.59,700.66,1282.0
2026-04-16 05:30:00,700.64,700.7107,700.5597,700.6097,2038.0
2026-04-16 05:45:00,700.6,700.711,700.45,700.695,933.0
2026-04-16 06:00:00,700.72,700.9607,700.72,700.789,2541.0
2026-04-16 06:15:00,700.7737,700.7907,700.5887,700.5887,967.0
2026-04-16 06:30:00,700.54,700.56,700.109,700.12,5305.0
2026-04-16 06:45:00,700.14,700.42,699.8565,700.42,7090.0
2026-04-16 07:00:00,700.38,700.628,700.38,700.585,26187.0
2026-04-16 07:15:00,700.585,700.7105,700.17,700.41,6966.0
2026-04-16 07:30:00,700.43,700.86,700.43,700.6,16902.0
2026-04-16 07:45:00,700.595,700.8742,700.49,700.77,5673.0
2026-04-16 08:00:00,700.825,701.0,700.5,700.65,18665.0
2026-04-16 08:15:00,700.63,701.0,700.6,700.9814,15917.0
2026-04-16 08:30:00,701.0,701.2,700.709,701.0496,37909.0
2026-04-16 08:45:00,701.02,701.0224,700.64,700.85,17261.0
2026-04-16 09:00:00,700.88,701.23,700.87,701.035,22890.0
2026-04-16 09:15:00,701.03,701.15,700.66,701.15,30303.0
2026-04-17 04:00:00,702.7,702.89,702.5985,702.67,9938.0
2026-04-17 04:15:00,702.6992,702.91,702.6285,702.9002,586.0
2026-04-17 04:30:00,702.85,703.1782,702.73,703.1782,2545.0
2026-04-17 04:45:00,703.051,703.1802,702.9987,703.1802,1059.0
2026-04-17 05:00:00,703.1515,703.36,703.0137,703.0892,3380.0
2026-04-17 05:15:00,703.09,703.2992,702.91,703.241,2528.0
2026-04-17 05:30:00,703.31,703.31,703.049,703.24,293.0
2026-04-17 05:45:00,703.2812,703.52,703.1243,703.48,5049.0
2026-04-17 06:00:00,703.4087,703.619,703.3,703.619,6728.0
2026-04-17 06:15:00,703.55,703.5987,703.16,703.25,2066.0
2026-04-17 06:30:00,703.2092,703.25,702.9315,703.11,4666.0
2026-04-17 06:45:00,703.0087,703.3933,703.0087,703.2628,1159.0
2026-04-17 07:00:00,703.2603,703.5799,703.23,703.495,22096.0
2026-04-17 07:15:00,703.4961,703.75,703.46,703.6205,22548.0
2026-04-17 07:30:00,703.63,703.9302,703.63,703.9192,11709.0
2026-04-17 07:45:00,703.905,704.3,703.7997,704.19,31098.0
2026-04-17 08:00:00,704.1937,704.7308,704.0801,704.6579,23988.0
2026-04-17 08:15:00,704.67,705.4307,704.27,705.41,93419.0
2026-04-17 08:30:00,705.46,705.99,705.06,705.08,87881.0
2026-04-17 08:45:00,705.08,707.725,705.0,707.65,272437.0
2026-04-17 09:00:00,707.7,708.785,706.8,708.6,231081.0
2026-04-17 09:15:00,708.54,708.54,705.96,706.22,225480.0
2026-04-20 04:00:00,705.9317,706.1367,705.0815,705.7692,79758.0
2026-04-20 04:15:00,705.75,706.3,705.5792,706.241,12408.0
2026-04-20 04:30:00,706.21,706.3985,705.95,706.3269,4430.0
2026-04-20 04:45:00,706.2985,707.1469,706.28,706.9873,3377.0
2026-04-20 05:00:00,706.9,707.3602,706.75,706.81,3980.0
2026-04-20 05:15:00,706.8672,706.9257,706.5617,706.84,2756.0
2026-04-20 05:30:00,706.881,707.13,706.72,707.1,3213.0
2026-04-20 05:45:00,707.1,707.12,706.879,706.879,9021.0
2026-04-20 06:00:00,706.8992,707.6012,706.825,707.314,3083.0
2026-04-20 06:15:00,707.2876,707.5327,706.969,707.0834,5904.0
2026-04-20 06:30:00,707.1259,707.15,706.66,706.72,6191.0
2026-04-20 06:45:00,706.7807,706.8805,706.61,706.7,3617.0
2026-04-20 07:00:00,706.66,706.73,706.14,706.6794,59250.0
2026-04-20 07:15:00,706.6707,706.7339,706.31,706.35,17091.0
2026-04-20 07:30:00,706.3,706.76,706.2097,706.74,33954.0
2026-04-20 07:45:00,706.7552,707.04,706.65,706.885,22477.0
2026-04-20 08:00:00,706.92,707.34,706.7187,706.9393,24167.0
2026-04-20 08:15:00,706.979,707.33,706.7678,706.9995,13976.0
2026-04-20 08:30:00,707.0605,707.4999,706.9706,707.4299,27340.0
2026-04-20 08:45:00,707.4107,708.05,707.4107,707.6,26021.0
2026-04-20 09:00:00,707.62,708.6417,707.49,708.0493,37788.0
2026-04-20 09:15:00,708.08,708.8,707.9239,708.79,54430.0
2026-04-21 04:00:00,709.87,710.3672,709.5,709.5597,10379.0
2026-04-21 04:15:00,709.609,710.27,709.609,710.24,2055.0
2026-04-21 04:30:00,710.15,710.701,710.0895,710.5531,1154.0
2026-04-21 04:45:00,710.5424,710.6918,710.4012,710.435,886.0
2026-04-21 05:00:00,710.4526,710.4526,709.89,710.06,2454.0
2026-04-21 05:15:00,710.05,710.2192,709.9997,710.1007,2483.0
2026-04-21 05:30:00,710.129,710.2905,710.129,710.2107,874.0
2026-04-21 05:45:00,710.25,710.9107,710.19,710.9,6544.0
2026-04-21 06:00:00,710.871,711.19,710.82,710.9525,8461.0
2026-04-21 06:15:00,710.94,710.9969,710.8026,710.91,3679.0
2026-04-21 06:30:00,710.92,711.3478,710.91,711.24,9318.0
2026-04-21 06:45:00,711.2702,711.74,711.2702,711.6062,13684.0
2026-04-21 07:00:00,711.575,711.75,710.85,711.26,72283.0
2026-04-21 07:15:00,711.24,711.83,711.1012,711.8203,37140.0
2026-04-21 07:30:00,711.82,712.28,711.8,712.015,30977.0
2026-04-21 07:45:00,712.03,712.1,711.53,711.56,18817.0
2026-04-21 08:00:00,711.59,711.74,711.23,711.265,31250.0
2026-04-21 08:15:00,711.3,711.44,710.66,711.38,60358.0
2026-04-21 08:30:00,711.4314,711.63,710.2,710.475,83001.0
2026-04-21 08:45:00,710.4802,710.79,710.0797,710.43,49744.0
2026-04-21 09:00:00,710.45,710.55,710.06,710.16,30344.0
2026-04-21 09:15:00,710.155,710.372,710.07,710.2,33023.0
2026-04-22 04:00:00,708.38,708.56,708.0523,708.16,14591.0
2026-04-22 04:15:00,708.19,708.19,707.61,707.67,18989.0
2026-04-22 04:30:00,707.69,707.8412,707.17,707.6287,13627.0
2026-04-22 04:45:00,707.6705,708.039,707.449,708.039,141.0
2026-04-22 05:00:00,707.9587,708.65,707.88,708.5005,5594.0
2026-04-22 05:15:00,708.5412,708.7487,708.3712,708.6892,566.0
2026-04-22 05:30:00,708.6592,708.731,708.4997,708.7112,624.0
2026-04-22 05:45:00,708.7252,708.7312,707.599,707.9687,3062.0
2026-04-22 06:00:00,708.011,708.27,707.4585,707.64,1562.0
2026-04-22 06:15:00,707.7017,708.1385,707.689,708.101,2781.0
2026-04-22 06:30:00,708.059,708.46,708.0195,708.0585,3277.0
2026-04-22 06:45:00,708.03,708.19,707.9395,708.09,3975.0
2026-04-22 07:00:00,708.02,708.2,707.7375,707.81,20409.0
2026-04-22 07:15:00,707.815,708.09,707.73,707.8326,8878.0
2026-04-22 07:30:00,707.871,708.0961,707.71,707.89,18716.0
2026-04-22 07:45:00,707.7995,708.44,707.7995,708.35,14913.0
2026-04-22 08:00:00,708.3705,709.7302,708.36,709.61,97917.0
2026-04-22 08:15:00,709.5595,709.74,708.9297,708.99,43385.0
2026-04-22 08:30:00,708.9,709.1215,708.41,708.44,48819.0
2026-04-22 08:45:00,708.47,708.68,707.95,707.99,33041.0
2026-04-22 09:00:00,708.01,709.17,707.8797,708.3097,36491.0
2026-04-22 09:15:00,708.3505,709.3307,708.09,709.25,89391.0
2026-04-23 04:00:00,706.49,708.863,706.49,708.4182,129026.0
2026-04-23 04:15:00,708.3787,708.8688,708.28,708.43,2227.0
2026-04-23 04:30:00,708.419,708.419,707.5562,707.569,2322.0
2026-04-23 04:45:00,707.55,707.7537,707.32,707.5685,1509.0
2026-04-23 05:00:00,707.5292,707.5292,706.83,707.0787,4660.0
2026-04-23 05:15:00,707.091,708.04,707.049,707.7705,5786.0
2026-04-23 05:30:00,707.821,708.2412,707.7892,707.869,2123.0
2026-04-23 05:45:00,707.9105,707.9515,707.69,707.79,522.0
2026-04-23 06:00:00,707.69,707.81,707.1897,707.2789,6165.0
2026-04-23 06:15:00,707.3102,707.9605,707.28,707.7392,2106.0
2026-04-23 06:30:00,707.6895,708.4305,707.6195,707.8142,3550.0
2026-04-23 06:45:00,707.8412,708.5112,707.759,708.4007,4187.0
2026-04-23 07:00:00,708.4402,708.77,708.16,708.4202,22682.0
2026-04-23 07:15:00,708.42,708.51,707.8,708.15,17020.0
2026-04-23 07:30:00,708.165,708.79,707.75,708.7032,36329.0
2026-04-23 07:45:00,708.73,710.33,708.675,710.0665,67868.0
2026-04-23 08:00:00,710.0687,711.17,709.9882,710.74,60500.0
2026-04-23 08:15:00,710.69,710.69,709.86,710.145,52558.0
2026-04-23 08:30:00,710.15,710.37,709.7487,709.865,11526.0
2026-04-23 08:45:00,709.85,710.04,707.9,709.49,273504.0
2026-04-23 09:00:00,709.495,709.79,708.52,709.11,43818.0
2026-04-23 09:15:00,709.151,709.56,708.9,709.34,71471.0
2026-04-24 04:00:00,709.8261,709.98,709.2092,709.2092,21654.0
2026-04-24 04:15:00,709.2612,710.4012,709.23,709.4185,3776.0
2026-04-24 04:30:00,709.3885,709.44,708.76,708.76,2353.0
2026-04-24 04:45:00,708.7785,709.3107,708.689,708.86,1400.0
2026-04-24 05:00:00,708.9012,709.1,708.5992,709.0112,1531.0
2026-04-24 05:15:00,709.04,709.1312,708.0887,708.7597,8261.0
2026-04-24 05:30:00,708.69,709.0715,708.62,709.0715,2600.0
2026-04-24 05:45:00,709.09,709.15,708.72,708.8312,785.0
2026-04-24 06:00:00,708.8712,709.03,708.6692,708.9112,4339.0
2026-04-24 06:15:00,708.9312,709.61,708.9015,709.5543,4271.0
2026-04-24 06:30:00,709.4912,709.65,709.2,709.559,7212.0
2026-04-24 06:45:00,709.55,709.7267,709.36,709.5737,8461.0
2026-04-24 07:00:00,709.57,712.0,709.56,711.525,67859.0
2026-04-24 07:15:00,711.4712,713.14,711.179,713.14,54390.0
2026-04-24 07:30:00,713.18,713.38,711.79,711.9702,38601.0
2026-04-24 07:45:00,711.9,711.9,711.38,711.585,23019.0
2026-04-24 08:00:00,711.6161,712.105,711.36,712.01,47961.0
2026-04-24 08:15:00,712.01,712.21,711.21,711.85,69190.0
2026-04-24 08:30:00,711.825,711.845,710.6085,710.8693,29167.0
2026-04-24 08:45:00,710.86,711.1851,709.94,710.71,66163.0
2026-04-24 09:00:00,710.76,711.46,710.71,711.025,40499.0
2026-04-24 09:15:00,711.1,711.49,710.64,710.96,42978.0
2026-04-27 04:00:00,713.26,713.85,712.74,712.7597,46467.0
2026-04-27 04:15:00,712.8007,713.25,712.8007,713.1695,10414.0
2026-04-27 04:30:00,713.19,713.3975,713.19,713.361,3275.0
2026-04-27 04:45:00,713.4007,713.5692,713.4,713.49,1735.0
2026-04-27 05:00:00,713.5,713.6597,713.3777,713.5825,1001.0
2026-04-27 05:15:00,713.5992,713.5992,713.3524,713.4902,689.0
2026-04-27 05:30:00,713.4392,713.6307,713.42,713.51,994.0
2026-04-27 05:45:00,713.56,713.69,713.4297,713.4297,885.0
2026-04-27 06:00:00,713.4712,713.55,713.2695,713.3507,2328.0
2026-04-27 06:15:00,713.391,713.7,713.3492,713.471,1191.0
2026-04-27 06:30:00,713.48,714.05,713.4531,714.0195,1869.0
2026-04-27 06:45:00,714.02,714.119,713.8755,713.9495,1513.0
2026-04-27 07:00:00,713.985,714.18,713.985,714.01,15676.0
2026-04-27 07:15:00,713.99,714.4,713.9663,714.2795,40887.0
2026-04-27 07:30:00,714.28,714.4099,714.18,714.28,13711.0
2026-04-27 07:45:00,714.3,714.43,714.16,714.2554,5488.0
2026-04-27 08:00:00,714.2554,714.35,713.9211,714.1185,10144.0
2026-04-27 08:15:00,714.06,714.1315,713.15,713.437,40635.0
2026-04-27 08:30:00,713.43,713.625,713.1,713.51,19313.0
2026-04-27 08:45:00,713.55,713.85,713.2861,713.4,17566.0
2026-04-27 09:00:00,713.41,713.695,712.9,713.2482,28302.0
2026-04-27 09:15:00,713.26,713.3994,713.06,713.1712,23803.0
2026-04-28 04:00:00,714.3485,714.7277,713.499,713.7092,19040.0
2026-04-28 04:15:00,713.78,714.78,713.7515,714.78,773.0
2026-04-28 04:30:00,714.7702,714.7702,714.514,714.5438,1993.0
2026-04-28 04:45:00,714.576,714.6407,714.36,714.6407,4178.0
2026-04-28 05:00:00,714.67,714.71,714.29,714.6085,3970.0
2026-04-28 05:15:00,714.5687,714.6707,714.06,714.1924,3820.0
2026-04-28 05:30:00,714.21,714.21,713.65,713.75,5811.0
2026-04-28 05:45:00,713.8215,713.99,713.419,713.7976,5952.0
2026-04-28 06:00:00,713.88,714.05,713.3,713.33,1477.0
2026-04-28 06:15:00,713.2895,713.7774,713.2418,713.5232,10509.0
2026-04-28 06:30:00,713.6107,713.7007,713.27,713.2835,3576.0
2026-04-28 06:45:00,713.32,713.589,713.28,713.54,4216.0
2026-04-28 07:00:00,713.51,713.7407,712.46,712.6092,35987.0
2026-04-28 07:15:00,712.5687,712.57,711.3,711.5835,61500.0
2026-04-28 07:30:00,711.5695,711.58,710.6995,711.47,36455.0
2026-04-28 07:45:00,711.4707,711.57,710.185,710.4792,34817.0
2026-04-28 08:00:00,710.5207,710.6407,709.74,710.4584,51441.0
2026-04-28 08:15:00,710.501,711.03,709.6,709.845,88673.0
2026-04-28 08:30:00,709.8282,710.54,709.41,710.2899,39404.0
2026-04-28 08:45:00,710.27,711.6,710.2299,711.6,59163.0
2026-04-28 09:00:00,711.56,711.7,710.94,711.0,33113.0
2026-04-28 09:15:00,710.9295,712.091,710.71,711.8,97607.0
2026-04-29 04:00:00,712.18,712.6507,711.605,711.605,43993.0
2026-04-29 04:15:00,711.6,712.32,711.35,712.2295,1072.0
2026-04-29 04:30:00,712.199,712.2,711.359,712.0407,3110.0
2026-04-29 04:45:00,712.0707,712.171,711.78,711.9387,7347.0
2026-04-29 05:00:00,711.8985,712.2354,711.66,712.12,1969.0
2026-04-29 05:15:00,712.1107,712.34,711.9192,712.1187,4064.0
2026-04-29 05:30:00,712.039,712.41,711.819,711.82,2941.0
2026-04-29 05:45:00,711.7785,711.9888,711.44,711.54,1489.0
2026-04-29 06:00:00,711.5492,711.981,711.3497,711.98,1990.0
2026-04-29 06:15:00,712.0205,712.7107,712.0205,712.5695,2359.0
2026-04-29 06:30:00,712.6307,712.7107,712.2195,712.2604,1587.0
2026-04-29 06:45:00,712.26,712.41,712.1392,712.2607,3785.0
2026-04-29 07:00:00,712.26,712.4607,711.9792,712.32,11040.0
2026-04-29 07:15:00,712.34,712.4313,712.101,712.1394,6743.0
2026-04-29 07:30:00,712.14,712.64,711.76,711.96,25820.0
2026-04-29 07:45:00,711.9096,712.21,711.65,712.01,15050.0
2026-04-29 08:00:00,711.9805,712.109,711.7,711.7807,50720.0
2026-04-29 08:15:00,711.78,712.0948,711.3992,711.7407,19316.0
2026-04-29 08:30:00,711.73,711.79,710.786,711.62,37226.0
2026-04-29 08:45:00,711.61,711.67,711.2992,711.559,8351.0
2026-04-29 09:00:00,711.5907,712.0,711.5907,711.745,15765.0
2026-04-29 09:15:00,711.7388,711.8391,710.87,710.989,59814.0
2026-04-30 04:00:00,710.85,711.68,710.85,711.3282,52474.0
2026-04-30 04:15:00,711.2885,711.29,710.745,711.26,989.0
2026-04-30 04:30:00,711.291,711.781,711.1495,711.601,5327.0
2026-04-30 04:45:00,711.6312,711.8305,711.24,711.269,1815.0
2026-04-30 05:00:00,711.27,711.5512,710.97,711.1212,6417.0
2026-04-30 05:15:00,711.1615,712.0207,710.619,711.949,1914.0
2026-04-30 05:30:00,711.9902,713.14,711.8685,712.0112,5984.0
2026-04-30 05:45:00,712.031,712.411,711.6687,711.8392,4336.0
2026-04-30 06:00:00,711.94,712.6605,711.9107,712.15,2936.0
2026-04-30 06:15:00,712.1097,713.0,712.0792,712.9,3122.0
2026-04-30 06:30:00,712.97,713.3602,712.2885,712.42,15091.0
2026-04-30 06:45:00,712.44,713.0453,712.21,712.65,6209.0
2026-04-30 07:00:00,712.795,714.12,712.6985,713.485,38877.0
2026-04-30 07:15:00,713.4697,714.66,713.41,714.6,26659.0
2026-04-30 07:30:00,714.6085,714.6085,713.78,713.9027,66169.0
2026-04-30 07:45:00,713.81,714.3808,713.8,714.0513,25175.0
2026-04-30 08:00:00,714.1,714.88,713.99,714.8097,21578.0
2026-04-30 08:15:00,714.771,715.78,714.771,715.52,36856.0
2026-04-30 08:30:00,715.57,715.6605,714.38,714.5965,48733.0
2026-04-30 08:45:00,714.59,715.19,714.5107,715.055,63418.0
2026-04-30 09:00:00,715.02,715.59,714.7515,714.84,31582.0
2026-04-30 09:15:00,714.87,715.0946,714.62,714.76,33778.0
2026-05-01 04:00:00,719.9282,720.08,719.76,719.971,12496.0
2026-05-01 04:15:00,720.02,720.1385,719.8931,720.049,736.0
2026-05-01 04:30:00,720.04,720.04,719.701,719.7987,448.0
2026-05-01 04:45:00,719.7412,719.9,719.62,719.8339,959.0
2026-05-01 05:00:00,719.8968,719.8968,719.5,719.7228,777.0
2026-05-01 05:15:00,719.7712,720.1005,719.76,719.9749,1323.0
2026-05-01 05:30:00,719.9597,720.17,719.9021,720.119,926.0
2026-05-01 05:45:00,720.0792,720.24,720.05,720.1905,2793.0
2026-05-01 06:00:00,720.19,720.19,720.0395,720.121,835.0
2026-05-01 06:15:00,720.1507,720.29,720.119,720.14,855.0
2026-05-01 06:30:00,720.1687,720.1946,719.71,719.8805,1074.0
2026-05-01 06:45:00,719.8727,720.259,719.8645,720.2405,1019.0
2026-05-01 07:00:00,720.24,720.33,719.7503,719.885,10012.0
2026-05-01 07:15:00,719.88,720.31,719.82,720.16,7102.0
2026-05-01 07:30:00,720.139,720.26,719.97,720.135,9441.0
2026-05-01 07:45:00,720.12,720.5,720.095,720.49,9647.0
2026-05-01 08:00:00,720.4909,721.99,720.26,721.45,65723.0
2026-05-01 08:15:00,721.4097,721.65,721.11,721.42,38730.0
2026-05-01 08:30:00,721.4185,721.42,720.665,720.665,77614.0
2026-05-01 08:45:00,720.6699,720.89,720.6,720.64,17222.0
2026-05-01 09:00:00,720.65,721.37,720.61,721.0587,23845.0
2026-05-01 09:15:00,721.035,721.33,720.93,721.25,40092.0
2026-05-04 04:00:00,720.34,721.5188,720.34,720.999,29784.0
2026-05-04 04:15:00,720.991,721.3707,720.6683,721.3005,1306.0
2026-05-04 04:30:00,721.3207,721.451,721.1195,721.31,2635.0
2026-05-04 04:45:00,721.2692,721.4407,721.17,721.22,1483.0
2026-05-04 05:00:00,721.2307,721.69,721.081,721.65,2054.0
2026-05-04 05:15:00,721.64,721.64,721.42,721.531,285.0
2026-05-04 05:30:00,721.5,721.7707,721.469,721.67,129.0
2026-05-04 05:45:00,721.6495,721.77,721.4095,721.4095,2693.0
2026-05-04 06:00:00,721.4288,721.5212,716.51,717.2817,150024.0
2026-05-04 06:15:00,717.3325,718.64,716.46,718.25,121316.0
2026-05-04 06:30:00,718.34,720.79,718.1382,719.92,75487.0
2026-05-04 06:45:00,719.9317,720.2502,719.63,719.721,7283.0
2026-05-04 07:00:00,719.76,720.4012,719.4885,719.918,34586.0
2026-05-04 07:15:00,719.92,720.211,719.5888,719.639,12059.0
2026-05-04 07:30:00,719.6092,719.8,718.67,719.26,48477.0
2026-05-04 07:45:00,719.2612,719.8,719.0,719.5385,12665.0
2026-05-04 08:00:00,719.5715,720.1131,719.5715,719.85,26008.0
2026-05-04 08:15:00,719.83,720.57,719.56,720.17,31673.0
2026-05-04 08:30:00,720.1492,720.41,719.7695,720.25,28780.0
2026-05-04 08:45:00,720.2192,720.385,719.6785,719.935,26225.0
2026-05-04 09:00:00,719.8785,720.61,718.83,719.905,157943.0
2026-05-04 09:15:00,719.891,720.1607,719.66,720.035,29687.0
2026-05-05 04:00:00,719.78,720.72,719.738,720.609,25859.0
2026-05-05 04:15:00,720.6,720.7871,720.4487,720.519,5190.0
2026-05-05 04:30:00,720.4792,720.6417,720.379,720.57,4125.0
2026-05-05 04:45:00,720.5432,720.77,720.4582,720.5587,3125.0
2026-05-05 05:00:00,720.58,720.6,720.1,720.3787,1045.0
2026-05-05 05:15:00,720.359,720.4988,720.198,720.409,793.0
2026-05-05 05:30:00,720.431,720.721,720.37,720.6287,1222.0
2026-05-05 05:45:00,720.58,720.8602,720.479,720.6207,3319.0
2026-05-05 06:00:00,720.6,720.7205,720.42,720.5785,2433.0
2026-05-05 06:15:00,720.581,720.711,720.5392,720.6312,827.0
2026-05-05 06:30:00,720.661,721.1824,720.43,720.43,13528.0
2026-05-05 06:45:00,720.41,720.66,720.3892,720.611,295.0
2026-05-05 07:00:00,720.62,720.7107,719.999,720.21,13311.0
2026-05-05 07:15:00,720.189,720.72,719.96,720.5982,20230.0
2026-05-05 07:30:00,720.5807,720.935,720.525,720.88,9430.0
2026-05-05 07:45:00,720.895,721.02,720.79,720.925,38926.0
2026-05-05 08:00:00,720.8997,721.75,720.71,721.681,45607.0
2026-05-05 08:15:00,721.6585,721.9507,721.3704,721.5602,17852.0
2026-05-05 08:30:00,721.5805,721.69,721.19,721.225,18885.0
2026-05-05 08:45:00,721.245,721.38,721.1,721.285,22868.0
2026-05-05 09:00:00,721.26,721.91,721.22,721.645,28866.0
2026-05-05 09:15:00,721.6505,721.89,721.3097,721.785,62150.0
2026-05-06 04:00:00,725.16,726.3105,725.16,725.9987,24789.0
2026-05-06 04:15:00,725.9792,725.99,725.6897,725.82,3047.0
2026-05-06 04:30:00,725.82,726.19,725.749,726.12,2042.0
2026-05-06 04:45:00,726.0907,729.33,726.0907,728.6195,24108.0
2026-05-06 05:00:00,728.5892,729.0315,727.4182,728.051,7268.0
2026-05-06 05:15:00,728.081,728.6907,728.08,728.4285,9768.0
2026-05-06 05:30:00,728.36,729.248,728.259,729.109,7019.0
2026-05-06 05:45:00,729.079,729.3888,728.77,729.2787,2794.0
2026-05-06 06:00:00,729.301,729.8405,729.15,729.28,8479.0
2026-05-06 06:15:00,729.33,730.1912,729.28,730.159,11959.0
2026-05-06 06:30:00,730.1395,730.901,730.0897,730.8,15400.0
2026-05-06 06:45:00,730.8,731.48,730.2195,730.91,38293.0
2026-05-06 07:00:00,730.8685,731.63,730.68,731.2715,48280.0
2026-05-06 07:15:00,731.26,731.48,730.715,730.7798,50565.0
2026-05-06 07:30:00,730.75,731.1284,730.0897,730.11,41769.0
2026-05-06 07:45:00,730.09,730.26,729.61,729.85,32053.0
2026-05-06 08:00:00,729.89,729.9407,728.15,728.8277,84589.0
2026-05-06 08:15:00,728.4,729.64,727.7,729.41,159477.0
2026-05-06 08:30:00,729.43,729.5212,729.0,729.08,32848.0
2026-05-06 08:45:00,729.0915,729.38,728.58,728.9312,24013.0
2026-05-06 09:00:00,728.96,729.04,727.9977,728.5587,69523.0
2026-05-06 09:15:00,728.535,728.86,727.99,728.16,88446.0
2026-05-07 04:00:00,735.34,735.95,735.16,735.3185,19961.0
2026-05-07 04:15:00,735.3482,735.3482,734.52,734.9,5006.0
2026-05-07 04:30:00,734.9115,735.0987,734.7,734.75,6063.0
2026-05-07 04:45:00,734.75,734.991,734.539,734.67,2207.0
2026-05-07 05:00:00,734.6387,734.7102,734.3395,734.5707,2501.0
2026-05-07 05:15:00,734.5907,735.0012,734.5907,734.731,1587.0
2026-05-07 05:30:00,734.7092,734.881,734.639,734.6992,4866.0
2026-05-07 05:45:00,734.679,735.03,734.3292,734.481,1812.0
2026-05-07 06:00:00,734.44,734.5312,734.08,734.4095,4164.0
2026-05-07 06:15:00,734.3887,734.7892,734.2987,734.58,3236.0
2026-05-07 06:30:00,734.59,734.941,734.4952,734.9192,764.0
2026-05-07 06:45:00,734.9412,734.9412,734.6,734.6192,3740.0
2026-05-07 07:00:00,734.67,735.0,734.67,734.79,15861.0
2026-05-07 07:15:00,734.7695,734.7985,734.4492,734.47,7162.0
2026-05-07 07:30:00,734.4907,734.95,734.4,734.74,9463.0
2026-05-07 07:45:00,734.769,734.93,734.49,734.7875,8335.0
2026-05-07 08:00:00,734.7787,735.37,734.61,735.27,31131.0
2026-05-07 08:15:00,735.27,735.3,734.77,735.115,19537.0
2026-05-07 08:30:00,735.09,735.4,735.01,735.3,13167.0
2026-05-07 08:45:00,735.31,735.38,734.94,735.271,16371.0
2026-05-07 09:00:00,735.2907,735.3,734.71,734.85,23303.0
2026-05-07 09:15:00,734.8605,735.33,734.8605,735.11,21816.0
2026-05-08 04:00:00,734.06,734.6307,733.92,734.359,18678.0
2026-05-08 04:15:00,734.33,734.74,734.33,734.61,2935.0
2026-05-08 04:30:00,734.6,734.7007,734.4695,734.5497,2618.0
2026-05-08 04:45:00,734.529,734.76,734.43,734.711,2023.0
2026-05-08 05:00:00,734.7312,735.319,734.7,735.26,6574.0
2026-05-08 05:15:00,735.2795,735.53,735.18,735.3492,7148.0
2026-05-08 05:30:00,735.3292,735.33,734.9815,734.9982,3471.0
2026-05-08 05:45:00,734.9892,734.991,734.4292,734.8325,4359.0
2026-05-08 06:00:00,734.81,735.1,734.81,734.8995,4674.0
2026-05-08 06:15:00,734.91,735.17,734.8604,734.979,3098.0
2026-05-08 06:30:00,734.9492,735.3,734.9412,735.1492,2263.0
2026-05-08 06:45:00,735.139,735.139,734.479,734.9315,7195.0
2026-05-08 07:00:00,734.9805,735.33,734.95,735.2507,16675.0
2026-05-08 07:15:00,735.25,735.35,735.0,735.325,19120.0
2026-05-08 07:30:00,735.32,735.49,735.23,735.3561,17960.0
2026-05-08 07:45:00,735.37,735.5039,735.2792,735.33,15061.0
2026-05-08 08:00:00,735.33,735.49,735.2201,735.2507,20289.0
2026-05-08 08:15:00,735.2707,735.495,735.0394,735.495,15276.0
2026-05-08 08:30:00,735.5,736.57,735.11,736.1706,127803.0
2026-05-08 08:45:00,736.1492,736.1492,734.85,735.1926,48332.0
2026-05-08 09:00:00,735.1692,735.42,734.2895,734.65,49657.0
2026-05-08 09:15:00,734.635,735.07,734.4695,734.931,33548.0
2026-05-11 04:00:00,736.95,737.0607,736.45,736.7082,14461.0
2026-05-11 04:15:00,736.7415,737.2063,736.64,736.6787,2334.0
2026-05-11 04:30:00,736.6782,736.94,736.64,736.94,1850.0
2026-05-11 04:45:00,736.9,737.09,736.8617,736.9,1701.0
2026-05-11 05:00:00,736.8692,737.22,736.78,736.9,2907.0
2026-05-11 05:15:00,736.9502,737.3,736.88,737.101,1456.0
2026-05-11 05:30:00,737.1405,737.38,737.1405,737.38,3961.0
2026-05-11 05:45:00,737.3902,737.4707,736.95,736.98,3288.0
2026-05-11 06:00:00,736.969,737.13,736.88,737.0,1287.0
2026-05-11 06:15:00,736.999,737.051,736.89,736.95,2711.0
2026-05-11 06:30:00,736.9376,736.9507,736.589,736.8079,3419.0
2026-05-11 06:45:00,736.78,736.8392,736.56,736.6802,1090.0
2026-05-11 07:00:00,736.6595,736.99,736.64,736.8605,7207.0
2026-05-11 07:15:00,736.85,737.24,736.74,737.17,8952.0
2026-05-11 07:30:00,737.17,737.45,737.01,737.01,13767.0
2026-05-11 07:45:00,737.0115,737.015,736.5595,736.82,11694.0
2026-05-11 08:00:00,736.821,737.0188,736.29,736.5165,15469.0
2026-05-11 08:15:00,736.525,736.7,736.3215,736.6735,8279.0
2026-05-11 08:30:00,736.655,736.93,736.361,736.361,16461.0
2026-05-11 08:45:00,736.3576,736.58,735.75,736.36,24261.0
2026-05-11 09:00:00,736.37,736.73,736.18,736.67,12344.0
2026-05-11 09:15:00,736.69,736.83,736.4,736.47,26312.0
2026-05-12 04:00:00,737.12,737.1787,736.29,736.3,29624.0
2026-05-12 04:15:00,736.279,736.6107,736.1097,736.56,7924.0
2026-05-12 04:30:00,736.5707,736.621,736.1787,736.229,6005.0
2026-05-12 04:45:00,736.2082,736.4914,736.1,736.4417,6230.0
2026-05-12 05:00:00,736.4592,736.6215,735.8787,736.3685,8191.0
2026-05-12 05:15:00,736.3685,736.63,736.1787,736.4417,1049.0
2026-05-12 05:30:00,736.4612,737.1312,736.4612,736.559,1924.0
2026-05-12 05:45:00,736.5812,736.8115,736.46,736.661,2504.0
2026-05-12 06:00:00,736.6815,737.13,736.67,736.99,3600.0
2026-05-12 06:15:00,737.0307,737.0307,736.5815,736.7787,2686.0
2026-05-12 06:30:00,736.751,736.84,736.3,736.543,3378.0
2026-05-12 06:45:00,736.48,736.7385,736.2,736.7385,2278.0
2026-05-12 07:00:00,736.68,736.86,735.75,735.99,38440.0
2026-05-12 07:15:00,736.0702,736.18,735.8,736.17,28997.0
2026-05-12 07:30:00,736.141,736.69,736.1,736.46,14135.0
2026-05-12 07:45:00,736.4402,736.6202,736.305,736.34,14128.0
2026-05-12 08:00:00,736.34,736.35,735.73,736.25,47246.0
2026-05-12 08:15:00,736.16,736.2971,735.77,736.1827,15985.0
2026-05-12 08:30:00,736.16,737.0709,735.38,736.925,101637.0
2026-05-12 08:45:00,736.8892,737.55,736.8892,737.415,33308.0
2026-05-12 09:00:00,737.37,737.55,737.0797,737.33,24597.0
2026-05-12 09:15:00,737.3097,737.3097,736.76,736.8992,37523.0
2026-05-13 04:00:00,739.936,740.6892,739.9312,740.6512,14995.0
2026-05-13 04:15:00,740.73,740.8687,740.6,740.78,7027.0
2026-05-13 04:30:00,740.8,740.92,740.7095,740.769,2922.0
2026-05-13 04:45:00,740.7833,740.7833,740.12,740.26,8346.0
2026-05-13 05:00:00,740.2312,740.251,739.6987,739.73,2567.0
2026-05-13 05:15:00,739.7615,739.881,739.5504,739.69,1448.0
2026-05-13 05:30:00,739.6695,740.0807,739.4997,740.0807,2698.0
2026-05-13 05:45:00,740.0395,740.289,739.91,740.2487,3632.0
2026-05-13 06:00:00,740.22,740.411,739.7487,739.8612,3447.0
2026-05-13 06:15:00,739.8812,740.0917,739.69,739.7795,2783.0
2026-05-13 06:30:00,739.8,739.9,739.45,739.9,2161.0
2026-05-13 06:45:00,739.92,740.03,739.64,739.7881,3985.0
2026-05-13 07:00:00,739.775,740.0,739.3992,739.599,14465.0
2026-05-13 07:15:00,739.57,739.695,739.35,739.57,7245.0
2026-05-13 07:30:00,739.53,739.9265,739.482,739.75,7990.0
2026-05-13 07:45:00,739.72,739.8,739.525,739.6895,7388.0
2026-05-13 08:00:00,739.6495,740.1202,739.561,739.5992,44342.0
2026-05-13 08:15:00,739.5895,739.615,738.74,739.3415,59657.0
2026-05-13 08:30:00,739.33,739.365,737.15,737.8,246560.0
2026-05-13 08:45:00,737.75,737.99,737.3297,737.62,44168.0
2026-05-13 09:00:00,737.6912,738.76,737.6912,738.63,55666.0
2026-05-13 09:15:00,738.62,739.04,738.365,738.45,40326.0
2026-05-14 04:00:00,744.1922,744.1922,743.3897,744.1812,17600.0
2026-05-14 04:15:00,744.2012,744.701,744.2012,744.3982,2715.0
2026-05-14 04:30:00,744.431,744.6327,743.8887,743.951,1765.0
2026-05-14 04:45:00,743.93,744.3787,743.8195,744.35,1725.0
2026-05-14 05:00:00,744.3805,744.58,743.9087,744.1585,1889.0
2026-05-14 05:15:00,744.1092,744.1507,743.7697,743.8705,1487.0
2026-05-14 05:30:00,743.839,743.9788,743.0985,743.6212,3209.0
2026-05-14 05:45:00,743.62,744.2,743.569,744.069,2187.0
2026-05-14 06:00:00,744.039,745.1407,744.0387,744.4782,2686.0
2026-05-14 06:15:00,744.5005,744.8517,744.33,744.5085,3426.0
2026-05-14 06:30:00,744.5315,744.5415,743.9087,744.0912,1893.0
2026-05-14 06:45:00,744.121,744.82,744.009,744.4,2570.0
2026-05-14 07:00:00,744.3697,745.021,744.3465,744.9002,26223.0
2026-05-14 07:15:00,744.89,744.9405,744.08,744.2,12092.0
2026-05-14 07:30:00,744.2107,744.62,744.2107,744.575,10777.0
2026-05-14 07:45:00,744.551,745.03,744.551,744.6695,8548.0
2026-05-14 08:00:00,744.64,745.22,744.64,744.965,16000.0
2026-05-14 08:15:00,744.96,745.45,744.94,745.2,23653.0
2026-05-14 08:30:00,745.2,745.24,744.8,744.8,13485.0
2026-05-14 08:45:00,744.8,744.8,744.185,744.5,46102.0
2026-05-14 09:00:00,744.5095,744.5095,743.76,744.0205,18890.0
2026-05-14 09:15:00,744.04,744.26,743.63,743.75,15942.0
2026-05-15 04:00:00,743.44,743.44,741.8495,741.9217,35758.0
2026-05-15 04:15:00,741.8987,741.8987,739.97,740.0707,16755.0
2026-05-15 04:30:00,740.1017,741.5312,739.46,741.5312,9690.0
2026-05-15 04:45:00,741.5607,741.6415,740.65,740.7805,5510.0
2026-05-15 05:00:00,740.8702,741.28,740.445,740.52,6470.0
2026-05-15 05:15:00,740.51,740.761,739.86,740.761,5784.0
2026-05-15 05:30:00,740.7815,740.8712,740.069,740.2377,5126.0
2026-05-15 05:45:00,740.1682,740.8215,739.5,740.3915,16174.0
2026-05-15 06:00:00,740.4115,741.3843,740.0285,741.3328,9136.0
2026-05-15 06:15:00,741.3087,741.97,741.0685,741.1815,11276.0
2026-05-15 06:30:00,741.17,741.741,740.82,741.6212,7154.0
2026-05-15 06:45:00,741.5922,742.9805,741.479,742.309,18010.0
2026-05-15 07:00:00,742.37,742.7185,741.58,742.0285,52533.0
2026-05-15 07:15:00,742.03,742.36,741.5665,741.78,13467.0
2026-05-15 07:30:00,741.7697,741.9307,740.83,740.83,36954.0
2026-05-15 07:45:00,740.85,741.66,740.46,740.52,44991.0
2026-05-15 08:00:00,740.5785,740.5785,739.13,739.135,65209.0
2026-05-15 08:15:00,739.149,740.39,739.03,739.701,59886.0
2026-05-15 08:30:00,739.685,739.73,738.88,739.109,41671.0
2026-05-15 08:45:00,739.069,739.94,739.0017,739.6785,41866.0
2026-05-15 09:00:00,739.6907,739.82,739.15,739.8,26579.0
2026-05-15 09:15:00,739.79,741.92,739.61,741.78,113588.0
2026-05-18 04:00:00,735.6327,736.68,735.6327,736.4488,21432.0
2026-05-18 04:15:00,736.398,737.3907,736.1416,737.2929,3916.0
2026-05-18 04:30:00,737.51,737.63,736.6479,736.72,4964.0
2026-05-18 04:45:00,736.77,737.6992,736.7615,737.6992,8300.0
2026-05-18 05:00:00,737.75,737.75,736.8812,736.8887,3435.0
2026-05-18 05:15:00,736.95,737.2,736.599,736.9,2483.0
2026-05-18 05:30:00,736.8385,737.17,736.78,737.17,2175.0
2026-05-18 05:45:00,737.1285,737.2285,736.7,737.12,3057.0
2026-05-18 06:00:00,737.12,737.16,735.81,736.2151,3634.0
2026-05-18 06:15:00,736.28,736.4154,736.05,736.2387,2210.0
2026-05-18 06:30:00,736.32,736.32,735.4,735.8295,12135.0
2026-05-18 06:45:00,736.01,736.53,735.9717,735.9804,750.0
2026-05-18 07:00:00,735.9,736.12,734.79,735.911,18960.0
2026-05-18 07:15:00,735.84,736.3,735.765,735.8135,6938.0
2026-05-18 07:30:00,735.77,739.25,735.77,738.66,68741.0
2026-05-18 07:45:00,738.61,738.645,736.9617,737.4582,30929.0
2026-05-18 08:00:00,737.43,738.27,737.32,738.0,19453.0
2026-05-18 08:15:00,737.98,738.2352,737.6,738.1,22211.0
2026-05-18 08:30:00,738.04,740.26,737.79,740.1578,54312.0
2026-05-18 08:45:00,740.17,741.31,740.15,740.9983,77040.0
2026-05-18 09:00:00,740.93,741.2,740.06,740.395,41152.0
2026-05-18 09:15:00,740.29,740.3687,739.764,739.806,41417.0
2026-05-19 04:00:00,738.97,739.2,737.56,737.8077,57896.0
2026-05-19 04:15:00,737.806,738.13,736.7695,737.14,12369.0
2026-05-19 04:30:00,736.98,737.5815,736.98,737.49,3751.0
2026-05-19 04:45:00,737.5772,737.8385,737.43,737.51,14663.0
2026-05-19 05:00:00,737.23,737.24,736.75,736.8115,3020.0
2026-05-19 05:15:00,736.75,736.75,735.6,735.6635,13793.0
2026-05-19 05:30:00,735.64,735.88,734.57,734.6982,9581.0
2026-05-19 05:45:00,734.58,736.1181,734.55,735.94,21159.0
2026-05-19 06:00:00,735.86,736.1,735.4367,735.8282,2676.0
2026-05-19 06:15:00,735.83,735.8607,735.53,735.75,2350.0
2026-05-19 06:30:00,735.82,736.1157,734.65,734.72,9144.0
2026-05-19 06:45:00,734.95,736.2015,734.55,736.01,4316.0
2026-05-19 07:00:00,736.04,736.59,736.0,736.0,13735.0
2026-05-19 07:15:00,736.03,736.2322,735.6,735.82,6855.0
2026-05-19 07:30:00,735.8991,736.3715,735.6,735.7,8746.0
2026-05-19 07:45:00,735.67,735.8,735.0,735.0,19347.0
2026-05-19 08:00:00,735.01,735.7648,734.65,735.6412,32176.0
2026-05-19 08:15:00,735.67,735.675,735.03,735.595,14551.0
2026-05-19 08:30:00,735.5492,736.4992,735.43,736.09,32397.0
2026-05-19 08:45:00,736.275,736.48,736.01,736.1665,14368.0
2026-05-19 09:00:00,736.26,736.4,734.74,735.5,33132.0
2026-05-19 09:15:00,735.5,735.545,734.13,734.94,44167.0
2026-05-20 04:00:00,734.7184,735.52,734.5925,735.3017,12113.0
2026-05-20 04:15:00,735.336,735.8,735.05,735.8,999.0
2026-05-20 04:30:00,735.82,736.2675,735.68,736.2595,3544.0
2026-05-20 04:45:00,736.39,736.49,735.935,735.99,4939.0
2026-05-20 05:00:00,735.9487,736.0187,735.49,735.49,831.0
2026-05-20 05:15:00,735.49,735.81,735.4192,735.78,1958.0
2026-05-20 05:30:00,735.9,735.99,735.83,735.98,3733.0
2026-05-20 05:45:00,736.0188,736.69,735.8497,736.3295,5927.0
2026-05-20 06:00:00,736.45,736.93,736.39,736.7799,2702.0
2026-05-20 06:15:00,736.78,736.9,736.5369,736.74,1681.0
2026-05-20 06:30:00,736.6785,737.285,736.6339,736.71,2579.0
2026-05-20 06:45:00,736.6963,736.796,736.12,736.182,6443.0
2026-05-20 07:00:00,736.21,736.599,736.08,736.11,46548.0
2026-05-20 07:15:00,736.16,736.6888,736.155,736.68,20804.0
2026-05-20 07:30:00,736.72,736.95,736.065,736.43,45238.0
2026-05-20 07:45:00,736.28,736.47,735.785,736.088,34433.0
2026-05-20 08:00:00,736.0,736.77,735.91,736.71,12228.0
2026-05-20 08:15:00,736.749,737.52,736.4012,737.36,19587.0
2026-05-20 08:30:00,737.385,737.75,736.943,736.946,40836.0
2026-05-20 08:45:00,736.96,737.16,736.4012,736.4482,44216.0
2026-05-20 09:00:00,736.3995,736.55,736.19,736.35,25723.0
2026-05-20 09:15:00,736.3,736.5,735.58,735.61,44750.0
2026-05-21 04:00:00,740.3875,742.3519,740.27,742.3468,48089.0
2026-05-21 04:15:00,742.4312,743.2505,741.5,742.1,8196.0
2026-05-21 04:30:00,742.18,742.18,741.435,741.7585,2972.0
2026-05-21 04:45:00,741.7715,741.7715,741.27,741.52,7037.0
2026-05-21 05:00:00,741.5,742.1407,741.47,742.09,3790.0
2026-05-21 05:15:00,742.0587,742.581,742.0387,742.5182,994.0
2026-05-21 05:30:00,742.62,742.63,741.65,741.74,1805.0
2026-05-21 05:45:00,741.72,741.9512,741.72,741.84,368.0
2026-05-21 06:00:00,741.79,741.9509,741.4354,741.94,1347.0
2026-05-21 06:15:00,742.0012,742.15,739.0,739.57,26109.0
2026-05-21 06:30:00,739.32,739.721,738.165,738.792,29204.0
2026-05-21 06:45:00,738.8177,738.92,737.869,738.6,16553.0
2026-05-21 07:00:00,738.64,739.3,738.2,739.15,31560.0
2026-05-21 07:15:00,739.15,740.05,739.15,739.57,23498.0
2026-05-21 07:30:00,739.5882,739.82,739.09,739.26,13087.0
2026-05-21 07:45:00,739.4278,739.83,739.22,739.3387,11492.0
2026-05-21 08:00:00,739.37,739.6,738.881,739.0095,27375.0
2026-05-21 08:15:00,738.99,739.29,738.56,738.9,24312.0
2026-05-21 08:30:00,738.975,739.9,738.57,738.88,43706.0
2026-05-21 08:45:00,738.85,739.08,738.1,738.21,28316.0
2026-05-21 09:00:00,738.18,739.11,738.085,738.5,34769.0
2026-05-21 09:15:00,738.5,738.7,738.17,738.56,28096.0
2026-05-22 04:00:00,745.507,745.775,745.387,745.5387,36126.0
2026-05-22 04:15:00,745.61,746.6007,745.61,745.87,6301.0
2026-05-22 04:30:00,745.91,745.9505,745.05,745.4866,4328.0
2026-05-22 04:45:00,745.65,745.8117,745.07,745.1061,9847.0
2026-05-22 05:00:00,745.06,745.11,744.21,744.259,3772.0
2026-05-22 05:15:00,744.35,744.6,744.1297,744.14,1268.0
2026-05-22 05:30:00,744.26,744.7907,743.8992,744.7907,1891.0
2026-05-22 05:45:00,744.75,745.15,744.69,744.9141,1311.0
2026-05-22 06:00:00,744.92,744.92,744.46,744.49,1370.0
2026-05-22 06:15:00,744.4479,744.51,743.8495,743.89,3077.0
2026-05-22 06:30:00,743.9,744.01,743.66,743.88,10284.0
2026-05-22 06:45:00,743.8792,744.1548,743.8,744.11,3430.0
2026-05-22 07:00:00,744.07,744.4598,743.94,743.965,14602.0
2026-05-22 07:15:00,744.06,744.22,743.88,744.135,3859.0
2026-05-22 07:30:00,744.1,744.56,743.88,744.51,5917.0
2026-05-22 07:45:00,744.51,745.25,744.5,744.7,22927.0
2026-05-22 08:00:00,744.69,746.4652,744.41,746.13,33607.0
2026-05-22 08:15:00,746.32,746.42,745.2,745.651,47770.0
2026-05-22 08:30:00,745.69,746.105,745.62,746.0297,39841.0
2026-05-22 08:45:00,746.0,746.92,745.99,746.88,33466.0
2026-05-22 09:00:00,746.8807,747.27,746.17,746.815,70117.0
2026-05-22 09:15:00,746.77,747.0305,746.05,746.2,45676.0
2026-05-26 04:00:00,749.05,749.9672,749.05,749.6687,25965.0
2026-05-26 04:15:00,749.63,749.88,749.5797,749.79,1088.0
2026-05-26 04:30:00,749.73,749.86,749.5366,749.82,3550.0
2026-05-26 04:45:00,749.84,749.96,749.6187,749.9107,2256.0
2026-05-26 05:00:00,749.98,750.03,749.7,749.7292,3106.0
2026-05-26 05:15:00,749.73,750.39,749.6695,750.36,4625.0
2026-05-26 05:30:00,750.391,750.5,750.2497,750.299,2827.0
2026-05-26 05:45:00,750.2592,750.5,750.23,750.3617,983.0
2026-05-26 06:00:00,750.37,750.8187,750.309,750.81,871.0
2026-05-26 06:15:00,750.8205,751.3305,750.7192,751.2042,4324.0
2026-05-26 06:30:00,751.2707,751.6712,751.05,751.1587,10158.0
2026-05-26 06:45:00,751.1428,751.1499,750.87,750.8887,7365.0
2026-05-26 07:00:00,750.86,751.03,750.665,750.669,32745.0
2026-05-26 07:15:00,750.6761,751.04,750.59,750.73,52078.0
2026-05-26 07:30:00,750.7592,750.94,749.85,750.6817,38050.0
2026-05-26 07:45:00,750.68,750.8,750.5395,750.6013,8192.0
2026-05-26 08:00:00,750.6,750.83,750.2292,750.72,13375.0
2026-05-26 08:15:00,750.7187,751.2,750.6,751.135,10768.0
2026-05-26 08:30:00,751.14,751.43,750.93,751.16,17128.0
2026-05-26 08:45:00,751.1452,751.21,750.9292,751.025,48275.0
2026-05-26 09:00:00,750.96,751.0888,750.68,750.87,24194.0
2026-05-26 09:15:00,750.89,750.99,750.03,750.14,42434.0
2026-05-27 04:00:00,751.53,751.88,751.317,751.8212,24828.0
2026-05-27 04:15:00,751.87,752.54,751.8605,752.3992,3446.0
2026-05-27 04:30:00,752.3895,752.5212,752.1985,752.5212,3255.0
2026-05-27 04:45:00,752.52,752.619,752.4292,752.4526,812.0
2026-05-27 05:00:00,752.4912,752.4912,752.28,752.481,1684.0
2026-05-27 05:15:00,752.453,752.56,752.3637,752.38,923.0
2026-05-27 05:30:00,752.36,752.6917,752.2995,752.46,711.0
2026-05-27 05:45:00,752.4812,752.7607,752.4168,752.66,2562.0
2026-05-27 06:00:00,752.7187,753.15,752.67,753.0707,6802.0
2026-05-27 06:15:00,753.111,753.111,752.7792,752.8187,1462.0
2026-05-27 06:30:00,752.83,752.83,752.6063,752.6907,4290.0
2026-05-27 06:45:00,752.76,752.9705,752.719,752.8195,1493.0
2026-05-27 07:00:00,752.89,753.327,752.765,753.0,78605.0
2026-05-27 07:15:00,752.9961,753.19,752.6595,752.6595,18208.0
2026-05-27 07:30:00,752.66,752.7,752.26,752.3597,16578.0
2026-05-27 07:45:00,752.342,752.37,751.74,751.7637,18806.0
2026-05-27 08:00:00,751.8193,751.8193,751.43,751.55,15690.0
2026-05-27 08:15:00,751.56,753.9,751.235,753.322,108972.0
2026-05-27 08:30:00,753.32,753.46,752.5,752.5,30465.0
2026-05-27 08:45:00,752.52,752.52,751.8595,751.93,27554.0
2026-05-27 09:00:00,751.98,752.05,751.19,751.43,37802.0
2026-05-27 09:15:00,751.41,751.54,750.76,750.88,63090.0
2026-05-28 04:00:00,749.92,750.0712,749.6687,749.87,16764.0
2026-05-28 04:15:00,749.85,750.111,749.35,749.6597,2320.0
2026-05-28 04:30:00,749.73,749.971,749.599,749.7512,1079.0
2026-05-28 04:45:00,749.729,749.9902,749.66,749.981,5196.0
2026-05-28 05:00:00,749.9487,750.1905,749.6692,749.7595,2830.0
2026-05-28 05:15:00,749.8402,750.0703,749.7495,749.8102,631.0
2026-05-28 05:30:00,749.82,749.82,749.4395,749.611,575.0
2026-05-28 05:45:00,749.589,749.9988,749.53,749.8873,964.0
2026-05-28 06:00:00,749.86,749.91,749.5055,749.5392,1326.0
2026-05-28 06:15:00,749.5292,749.66,749.0854,749.4039,4853.0
2026-05-28 06:30:00,749.349,749.4407,749.01,749.0392,4319.0
2026-05-28 06:45:00,749.05,749.2707,748.2,748.57,11363.0
2026-05-28 07:00:00,748.59,748.8732,748.41,748.485,42587.0
2026-05-28 07:15:00,748.48,748.9,748.48,748.5,27998.0
2026-05-28 07:30:00,748.55,749.14,748.37,749.0712,13212.0
2026-05-28 07:45:00,749.14,749.14,748.75,748.88,4859.0
2026-05-28 08:00:00,748.8799,749.25,748.78,749.195,7476.0
2026-05-28 08:15:00,749.19,749.24,748.7997,749.09,14063.0
2026-05-28 08:30:00,749.2,750.2485,749.1991,750.23,50974.0
2026-05-28 08:45:00,750.2444,750.6196,750.1765,750.5105,23941.0
2026-05-28 09:00:00,750.56,751.0612,750.26,750.2648,40487.0
2026-05-28 09:15:00,750.25,750.52,750.1506,750.23,20007.0
2026-05-29 04:00:00,755.5,755.74,755.2987,755.639,12912.0
2026-05-29 04:15:00,755.6512,755.7,755.3065,755.58,2243.0
2026-05-29 04:30:00,755.59,755.6507,755.4085,755.4392,5122.0
2026-05-29 04:45:00,755.4192,755.4307,755.06,755.371,22833.0
2026-05-29 05:00:00,755.431,756.1317,755.3692,756.06,1719.0
2026-05-29 05:15:00,756.09,756.331,755.8026,756.0407,1021.0
2026-05-29 05:30:00,756.0297,756.08,755.8395,755.9087,663.0
2026-05-29 05:45:00,755.89,756.1312,755.809,755.86,1485.0
2026-05-29 06:00:00,755.8487,755.8487,755.3395,755.51,1991.0
2026-05-29 06:15:00,755.5145,755.76,755.4087,755.7087,1981.0
2026-05-29 06:30:00,755.6887,755.86,755.549,755.8056,789.0
2026-05-29 06:45:00,755.799,755.95,755.75,755.839,3022.0
2026-05-29 07:00:00,755.82,756.14,755.82,756.0906,16795.0
2026-05-29 07:15:00,756.09,756.39,755.8295,755.8295,11232.0
2026-05-29 07:30:00,755.8152,756.05,755.46,755.9492,9580.0
2026-05-29 07:45:00,755.9295,756.18,755.25,756.14,8528.0
2026-05-29 08:00:00,756.1487,756.3002,755.7718,755.86,9697.0
2026-05-29 08:15:00,755.84,756.12,755.76,756.0,7434.0
2026-05-29 08:30:00,756.02,756.07,755.41,755.681,27527.0
2026-05-29 08:45:00,755.69,756.1,755.45,755.97,14415.0
2026-05-29 09:00:00,755.94,756.09,755.71,755.7207,22543.0
2026-05-29 09:15:00,755.75,755.93,755.56,755.93,25229.0
2026-06-01 04:00:00,758.2,758.3317,757.94,758.0,26859.0
2026-06-01 04:15:00,758.011,758.0915,757.8195,757.87,4354.0
2026-06-01 04:30:00,757.9,758.02,757.6892,758.02,6874.0
2026-06-01 04:45:00,758.0325,758.48,757.699,758.44,4270.0
2026-06-01 05:00:00,758.48,758.68,758.2573,758.2573,4262.0
2026-06-01 05:15:00,758.3112,758.45,758.189,758.34,3934.0
2026-06-01 05:30:00,758.2592,758.3687,758.2052,758.3012,4494.0
2026-06-01 05:45:00,758.2515,758.27,757.9892,758.021,1333.0
2026-06-01 06:00:00,758.0807,758.4987,758.0807,758.43,644.0
2026-06-01 06:15:00,758.4867,758.54,758.3092,758.511,643.0
2026-06-01 06:30:00,758.511,758.82,758.5,758.7307,7828.0
2026-06-01 06:45:00,758.731,758.731,758.55,758.651,4992.0
2026-06-01 07:00:00,758.68,758.7305,758.44,758.57,19935.0
2026-06-01 07:15:00,758.5407,758.73,758.42,758.7292,11065.0
2026-06-01 07:30:00,758.6797,759.27,758.58,758.96,17524.0
2026-06-01 07:45:00,758.9592,759.02,758.4488,758.4799,9572.0
2026-06-01 08:00:00,758.4799,758.48,757.8695,757.88,13906.0
2026-06-01 08:15:00,757.94,758.21,757.699,758.09,10915.0
2026-06-01 08:30:00,758.11,758.47,757.735,758.47,23333.0
2026-06-01 08:45:00,758.48,758.5802,757.85,757.95,28611.0
2026-06-01 09:00:00,757.95,758.06,755.21,755.9681,157175.0
2026-06-01 09:15:00,755.88,756.6025,754.74,755.62,158950.0
2026-06-02 04:00:00,757.73,758.19,757.73,757.8787,21538.0
2026-06-02 04:15:00,757.859,758.0412,757.5095,757.5595,2723.0
2026-06-02 04:30:00,757.579,757.889,757.579,757.71,2069.0
2026-06-02 04:45:00,757.7092,757.92,757.64,757.64,1626.0
2026-06-02 05:00:00,757.7112,757.7112,757.38,757.428,1023.0
2026-06-02 05:15:00,757.489,757.561,757.0995,757.1754,851.0
2026-06-02 05:30:00,757.1701,757.71,757.0695,757.6372,1648.0
2026-06-02 05:45:00,757.64,757.7502,757.2645,757.3385,3064.0
2026-06-02 06:00:00,757.26,757.52,757.155,757.4187,4860.0
2026-06-02 06:15:00,757.3887,757.49,757.25,757.3712,974.0
2026-06-02 06:30:00,757.4112,757.44,757.09,757.16,1993.0
2026-06-02 06:45:00,757.221,757.27,757.089,757.089,5846.0
2026-06-02 07:00:00,757.079,757.2045,756.7487,757.0689,11227.0
2026-06-02 07:15:00,757.065,757.065,756.8,757.031,4154.0
2026-06-02 07:30:00,757.0539,757.49,757.04,757.04,7569.0
2026-06-02 07:45:00,757.075,757.0887,756.77,756.79,8237.0
2026-06-02 08:00:00,756.785,757.18,756.7,757.01,14889.0
2026-06-02 08:15:00,757.0,757.46,756.9,757.34,13856.0
2026-06-02 08:30:00,757.36,757.36,756.945,757.3,9417.0
2026-06-02 08:45:00,757.305,757.34,756.85,756.89,8832.0
2026-06-02 09:00:00,756.95,757.02,755.92,756.32,44122.0
2026-06-02 09:15:00,756.4,757.18,756.2309,757.17,40082.0
2026-06-03 04:00:00,759.269,759.45,758.99,759.239,16128.0
2026-06-03 04:15:00,759.2379,759.371,758.82,759.371,1953.0
2026-06-03 04:30:00,759.37,759.44,759.099,759.1312,956.0
2026-06-03 04:45:00,759.13,759.2187,759.0395,759.09,1494.0
2026-06-03 05:00:00,759.1387,759.42,759.0,759.17,687.0
2026-06-03 05:15:00,759.2087,759.2407,758.9895,759.15,360.0
2026-06-03 05:30:00,759.15,759.1985,758.71,758.7815,2788.0
2026-06-03 05:45:00,758.7692,758.8507,758.4297,758.4307,9854.0
2026-06-03 06:00:00,758.4758,759.4415,758.3497,758.9485,7040.0
2026-06-03 06:15:00,758.879,758.88,758.65,758.8702,1599.0
2026-06-03 06:30:00,758.8487,759.039,758.38,758.3801,1348.0
2026-06-03 06:45:00,758.421,758.84,758.4,758.7699,5419.0
2026-06-03 07:00:00,758.745,759.08,758.73,758.9787,16281.0
2026-06-03 07:15:00,758.955,759.129,758.86,759.025,3375.0
2026-06-03 07:30:00,759.01,759.3195,759.01,759.16,8461.0
2026-06-03 07:45:00,759.12,759.21,758.9012,758.9012,17748.0
2026-06-03 08:00:00,758.96,759.15,758.8712,759.065,8337.0
2026-06-03 08:15:00,759.02,759.02,758.44,758.455,26053.0
2026-06-03 08:30:00,758.46,758.47,757.696,758.0797,31944.0
2026-06-03 08:45:00,758.07,758.3,757.7,757.991,26986.0
2026-06-03 09:00:00,757.99,758.2,757.9,758.0696,9796.0
2026-06-03 09:15:00,758.045,758.2,757.86,758.2,21740.0
2026-06-04 04:00:00,752.7085,752.72,751.5992,751.5992,63314.0
2026-06-04 04:15:00,751.5795,751.8107,751.0,751.5823,17851.0
2026-06-04 04:30:00,751.66,752.222,751.5087,751.6569,6704.0
2026-06-04 04:45:00,751.7815,751.8036,751.09,751.3092,10441.0
2026-06-04 05:00:00,751.309,751.309,750.5995,750.7063,9252.0
2026-06-04 05:15:00,750.6168,751.3682,750.5492,751.28,8309.0
2026-06-04 05:30:00,751.27,751.96,751.189,751.7182,6834.0
2026-06-04 05:45:00,751.6712,752.22,751.6712,751.99,3565.0
2026-06-04 06:00:00,752.07,752.07,751.4695,751.599,3349.0
2026-06-04 06:15:00,751.579,751.579,751.04,751.06,3574.0
2026-06-04 06:30:00,751.118,751.33,750.7804,750.85,8937.0
2026-06-04 06:45:00,750.8982,750.9215,750.12,750.69,7050.0
2026-06-04 07:00:00,750.67,751.1,750.63,750.97,21473.0
2026-06-04 07:15:00,750.9492,751.65,750.88,751.385,25910.0
2026-06-04 07:30:00,751.3869,751.64,749.8,750.71,49457.0
2026-06-04 07:45:00,750.608,751.91,750.42,751.76,85327.0
2026-06-04 08:00:00,751.7889,752.03,751.0195,751.13,27704.0
2026-06-04 08:15:00,751.1764,751.6485,751.085,751.44,26408.0
2026-06-04 08:30:00,751.56,752.299,751.56,752.25,90833.0
2026-06-04 08:45:00,752.17,752.54,751.82,752.29,47183.0
2026-06-04 09:00:00,752.235,752.4568,752.01,752.21,30275.0
2026-06-04 09:15:00,752.2,752.77,751.8792,752.07,88300.0
2026-06-05 04:00:00,753.2015,753.5017,753.0,753.4287,47246.0
2026-06-05 04:15:00,753.3687,754.0805,753.2115,754.0805,4111.0
2026-06-05 04:30:00,754.12,754.31,753.6582,753.68,4214.0
2026-06-05 04:45:00,753.6875,753.74,753.42,753.56,1957.0
2026-06-05 05:00:00,753.5787,755.33,753.4812,754.67,6025.0
2026-06-05 05:15:00,754.7217,754.93,754.0582,754.0776,2563.0
2026-06-05 05:30:00,754.1785,754.24,753.91,754.0292,6119.0
2026-06-05 05:45:00,754.03,754.33,754.02,754.2507,705.0
2026-06-05 06:00:00,754.29,754.5736,754.2112,754.5736,895.0
2026-06-05 06:15:00,754.5802,754.91,754.43,754.74,9066.0
2026-06-05 06:30:00,754.74,754.8385,754.52,754.7028,2341.0
2026-06-05 06:45:00,754.7687,754.7907,754.319,754.37,2827.0
2026-06-05 07:00:00,754.29,754.461,754.2,754.305,11730.0
2026-06-05 07:15:00,754.3,754.4317,753.5177,754.37,79558.0
2026-06-05 07:30:00,754.34,754.63,754.195,754.35,7241.0
2026-06-05 07:45:00,754.3235,754.3987,753.7895,753.815,12230.0
2026-06-05 08:00:00,753.84,753.84,753.27,753.3997,12631.0
2026-06-05 08:15:00,753.365,753.9,753.25,753.56,49382.0
2026-06-05 08:30:00,753.25,754.42,752.15,753.4861,185595.0
2026-06-05 08:45:00,753.4607,753.78,752.39,752.515,85986.0
2026-06-05 09:00:00,752.5,752.7097,751.97,752.12,80136.0
2026-06-05 09:15:00,752.1195,752.52,751.93,752.19,54621.0
2026-06-08 04:00:00,740.04,740.082,739.37,739.498,53375.0
2026-06-08 04:15:00,739.55,739.76,739.0195,739.3,1688.0
2026-06-08 04:30:00,739.33,739.75,738.72,739.1005,5931.0
2026-06-08 04:45:00,739.121,739.25,738.6,739.02,6183.0
2026-06-08 05:00:00,739.14,739.38,738.489,739.1815,2369.0
2026-06-08 05:15:00,739.1517,739.68,739.1517,739.38,4390.0
2026-06-08 05:30:00,739.2685,740.64,738.9369,740.05,16794.0
2026-06-08 05:45:00,739.9663,740.36,739.9322,740.36,1485.0
2026-06-08 06:00:00,740.361,740.3992,739.44,740.1188,3247.0
2026-06-08 06:15:00,740.171,740.171,739.22,739.72,11624.0
2026-06-08 06:30:00,739.72,741.2,739.5804,740.5379,20876.0
2026-06-08 06:45:00,740.5485,740.69,740.2,740.45,2027.0
2026-06-08 07:00:00,740.37,742.46,739.92,742.39,108830.0
2026-06-08 07:15:00,742.49,743.0,741.87,742.85,72965.0
2026-06-08 07:30:00,742.94,743.35,742.7,742.775,37678.0
2026-06-08 07:45:00,742.7604,742.9,742.14,742.34,13331.0
2026-06-08 08:00:00,742.29,743.29,742.16,742.9678,67998.0
2026-06-08 08:15:00,742.985,743.45,742.82,743.43,63397.0
2026-06-08 08:30:00,743.405,744.39,743.4,743.86,84121.0
2026-06-08 08:45:00,743.925,743.94,743.26,743.54,47409.0
2026-06-08 09:00:00,743.56,744.08,743.56,743.895,35543.0
2026-06-08 09:15:00,743.86,744.71,743.28,743.36,87972.0
2026-06-09 04:00:00,741.146,742.33,740.72,742.17,23642.0
2026-06-09 04:15:00,742.28,742.38,741.79,742.15,10597.0
2026-06-09 04:30:00,742.25,742.62,741.96,742.6,5218.0
2026-06-09 04:45:00,742.631,742.631,741.9,741.97,4124.0
2026-06-09 05:00:00,741.94,742.5522,741.94,742.5,1114.0
2026-06-09 05:15:00,742.65,742.8,742.39,742.6325,2714.0
2026-06-09 05:30:00,742.64,742.7485,742.274,742.6312,884.0
2026-06-09 05:45:00,742.68,742.89,742.64,742.6785,2435.0
2026-06-09 06:00:00,742.6487,742.98,741.21,742.64,17395.0
2026-06-09 06:15:00,742.63,742.75,742.3,742.705,5840.0
2026-06-09 06:30:00,742.6904,742.75,742.3483,742.48,1178.0
2026-06-09 06:45:00,742.45,743.2647,742.45,742.9,7804.0
2026-06-09 07:00:00,742.915,743.2,742.66,742.7765,15512.0
2026-06-09 07:15:00,742.84,742.85,742.24,742.455,16781.0
2026-06-09 07:30:00,742.43,742.88,742.2972,742.7001,6881.0
2026-06-09 07:45:00,742.64,742.82,742.11,742.1487,15316.0
2026-06-09 08:00:00,742.1128,742.6,742.056,742.15,10424.0
2026-06-09 08:15:00,742.12,742.34,741.97,742.175,13550.0
2026-06-09 08:30:00,742.2,743.35,742.19,742.7487,28719.0
2026-06-09 08:45:00,742.65,743.38,742.45,743.34,22191.0
2026-06-09 09:00:00,743.3,743.68,742.9212,742.9313,36124.0
2026-06-09 09:15:00,742.96,743.71,742.71,743.45,29060.0
2026-06-10 04:00:00,734.6997,734.7575,733.2597,733.53,19055.0
2026-06-10 04:15:00,733.61,733.6938,733.06,733.21,8350.0
2026-06-10 04:30:00,733.32,733.62,731.79,731.84,3840.0
2026-06-10 04:45:00,731.71,732.44,731.26,731.4755,13859.0
2026-06-10 05:00:00,731.56,731.75,730.34,730.4199,14233.0
2026-06-10 05:15:00,730.2982,731.64,729.85,731.56,24783.0
2026-06-10 05:30:00,731.601,732.13,730.98,731.26,6998.0
2026-06-10 05:45:00,731.4456,731.835,730.8641,731.71,28694.0
2026-06-10 06:00:00,731.6485,731.74,731.1,731.41,4755.0
2026-06-10 06:15:00,731.4287,731.5383,730.49,731.5383,10203.0
2026-06-10 06:30:00,731.55,732.35,731.39,732.3,7325.0
2026-06-10 06:45:00,732.4,732.5777,731.4507,732.28,5261.0
2026-06-10 07:00:00,732.47,732.56,728.5,730.6,272048.0
2026-06-10 07:15:00,730.6685,731.3145,728.55,729.6368,102854.0
2026-06-10 07:30:00,729.63,729.82,728.6585,729.2,47843.0
2026-06-10 07:45:00,728.9487,730.64,728.84,730.25,40631.0
2026-06-10 08:00:00,730.2,731.36,730.0,730.72,28637.0
2026-06-10 08:15:00,730.6622,731.9206,730.18,731.56,85887.0
2026-06-10 08:30:00,731.82,736.68,730.9,733.88,444233.0
2026-06-10 08:45:00,733.7887,734.58,732.928,732.9378,53807.0
2026-06-10 09:00:00,732.91,733.52,732.51,733.1082,43656.0
2026-06-10 09:15:00,733.18,733.445,732.9299,733.15,43172.0
2026-06-11 04:00:00,730.8,731.71,730.7415,731.489,18414.0
2026-06-11 04:15:00,731.46,731.6,730.95,731.21,4768.0
2026-06-11 04:30:00,731.15,731.72,731.15,731.47,4029.0
2026-06-11 04:45:00,731.5317,731.71,731.33,731.6866,2930.0
2026-06-11 05:00:00,731.6601,731.73,731.13,731.26,2762.0
2026-06-11 05:15:00,731.26,731.6,731.14,731.2925,3084.0
2026-06-11 05:30:00,731.2713,731.57,731.2041,731.5167,2383.0
2026-06-11 05:45:00,731.53,731.82,731.33,731.3892,1168.0
2026-06-11 06:00:00,731.45,731.7,731.0501,731.2,3674.0
2026-06-11 06:15:00,731.18,731.24,730.84,730.84,3563.0
2026-06-11 06:30:00,730.87,731.34,730.87,731.1387,3468.0
2026-06-11 06:45:00,731.15,731.34,730.81,730.91,8447.0
2026-06-11 07:00:00,730.84,730.86,729.7,730.17,43193.0
2026-06-11 07:15:00,730.13,730.51,729.74,730.245,32771.0
2026-06-11 07:30:00,730.215,731.19,730.2,730.89,32929.0
2026-06-11 07:45:00,730.91,731.339,730.76,731.1782,11969.0
2026-06-11 08:00:00,731.2189,731.4,730.86,731.12,17949.0
2026-06-11 08:15:00,731.12,731.1491,727.54,728.96,270961.0
2026-06-11 08:30:00,728.52,729.6,726.87,728.46,175157.0
2026-06-11 08:45:00,728.36,729.8914,728.17,729.6009,90454.0
2026-06-11 09:00:00,729.43,729.55,728.49,728.88,54935.0
2026-06-11 09:15:00,728.8421,729.17,728.51,728.51,43958.0
2026-06-12 04:00:00,738.47,739.81,738.21,739.4739,53008.0
2026-06-12 04:15:00,739.58,741.06,739.14,740.46,9826.0
2026-06-12 04:30:00,740.55,740.7,739.2,739.58,5248.0
2026-06-12 04:45:00,739.5641,740.242,739.1677,739.89,1291.0
2026-06-12 05:00:00,740.03,740.912,739.9192,740.912,5840.0
2026-06-12 05:15:00,740.94,742.11,740.8675,742.0,7612.0
2026-06-12 05:30:00,741.9892,743.36,741.84,742.9089,8420.0
2026-06-12 05:45:00,742.91,743.022,742.24,742.3077,13759.0
2026-06-12 06:00:00,742.2877,742.71,741.6587,741.92,4584.0
2026-06-12 06:15:00,741.9237,741.9465,740.37,740.7077,12456.0
2026-06-12 06:30:00,740.65,741.29,740.429,740.981,5528.0
2026-06-12 06:45:00,741.07,741.11,740.5,740.79,9826.0
2026-06-12 07:00:00,740.82,741.4978,740.66,741.395,13470.0
2026-06-12 07:15:00,741.49,742.35,741.33,742.14,14923.0
2026-06-12 07:30:00,742.11,742.62,741.6291,742.59,18327.0
2026-06-12 07:45:00,742.635,743.08,742.25,742.64,19188.0
2026-06-12 08:00:00,742.68,742.8,741.58,741.78,36906.0
2026-06-12 08:15:00,741.798,741.99,740.85,740.99,31561.0
2026-06-12 08:30:00,740.915,741.1,739.6875,739.81,28479.0
2026-06-12 08:45:00,739.83,740.2,738.5,738.835,88027.0
2026-06-12 09:00:00,738.86,739.9,738.0809,739.895,61802.0
2026-06-12 09:15:00,739.9196,740.8,739.68,740.52,54313.0
2026-06-15 04:00:00,750.55,751.3,750.528,750.91,22345.0
2026-06-15 04:15:00,750.9641,751.32,750.65,751.23,3739.0
2026-06-15 04:30:00,751.27,751.35,750.9687,751.3,1932.0
2026-06-15 04:45:00,751.3341,751.53,750.89,751.0604,1451.0
2026-06-15 05:00:00,751.1,751.42,750.9585,751.0015,1358.0
2026-06-15 05:15:00,751.003,751.04,750.479,750.4988,2728.0
2026-06-15 05:30:00,750.4292,750.613,750.3395,750.39,2499.0
2026-06-15 05:45:00,750.3195,750.79,750.2044,750.6792,2826.0
2026-06-15 06:00:00,750.6592,751.01,750.57,750.955,1243.0
2026-06-15 06:15:00,750.96,751.0496,750.68,751.0496,2848.0
2026-06-15 06:30:00,751.0087,751.0088,750.64,750.9682,1065.0
2026-06-15 06:45:00,750.92,751.1312,750.9,751.1012,620.0
2026-06-15 07:00:00,751.14,751.73,751.02,751.6215,30649.0
2026-06-15 07:15:00,751.63,751.97,751.5895,751.86,34870.0
2026-06-15 07:30:00,751.89,752.09,751.14,751.16,29803.0
2026-06-15 07:45:00,751.229,751.91,751.0817,751.499,44980.0
2026-06-15 08:00:00,751.49,751.81,751.3695,751.4648,49964.0
2026-06-15 08:15:00,751.43,751.55,750.71,750.8,25217.0
2026-06-15 08:30:00,750.825,751.42,750.77,751.0835,47220.0
2026-06-15 08:45:00,751.0687,751.385,750.685,751.385,33125.0
2026-06-15 09:00:00,751.4087,751.64,751.11,751.575,20648.0
2026-06-15 09:15:00,751.61,751.97,751.48,751.83,45931.0
2026-06-16 04:00:00,754.31,754.91,754.12,754.55,12685.0
2026-06-16 04:15:00,754.6605,754.69,754.2997,754.452,4489.0
2026-06-16 04:30:00,754.4004,754.56,753.94,754.2,3731.0
2026-06-16 04:45:00,754.109,754.691,753.9887,754.52,4864.0
2026-06-16 05:00:00,754.439,754.76,754.41,754.6188,1636.0
2026-06-16 05:15:00,754.5387,754.5907,754.07,754.08,2196.0
2026-06-16 05:30:00,754.15,754.33,753.9097,754.0112,340.0
2026-06-16 05:45:00,753.9051,754.0245,753.7792,753.8797,944.0
2026-06-16 06:00:00,753.91,754.42,753.91,754.39,570.0
2026-06-16 06:15:00,754.401,754.5885,754.1692,754.4315,781.0
2026-06-16 06:30:00,754.43,754.65,754.3287,754.595,1847.0
2026-06-16 06:45:00,754.54,754.93,754.48,754.88,2255.0
2026-06-16 07:00:00,754.875,755.0395,754.675,754.9287,13211.0
2026-06-16 07:15:00,754.9462,755.3502,754.74,755.085,19685.0
2026-06-16 07:30:00,755.0607,755.2087,754.76,755.2,3793.0
2026-06-16 07:45:00,755.185,755.3,754.935,755.02,10794.0
2026-06-16 08:00:00,755.0001,755.36,754.91,755.07,17762.0
2026-06-16 08:15:00,755.0,755.02,754.03,754.4212,33550.0
2026-06-16 08:30:00,754.46,754.55,754.13,754.1913,30479.0
2026-06-16 08:45:00,754.219,754.6802,754.0,754.3685,16656.0
2026-06-16 09:00:00,754.3495,754.5445,753.9,754.25,22197.0
2026-06-16 09:15:00,754.25,754.84,754.04,754.64,21569.0
2026-06-17 04:00:00,752.3288,752.57,751.57,751.6,16727.0
2026-06-17 04:15:00,751.7037,751.9555,751.54,751.6312,4973.0
2026-06-17 04:30:00,751.71,751.7262,751.089,751.17,7154.0
2026-06-17 04:45:00,751.08,751.6498,750.9,751.6498,1847.0
2026-06-17 05:00:00,751.69,751.81,751.33,751.4307,1038.0
2026-06-17 05:15:00,751.6,751.78,751.45,751.7787,2465.0
2026-06-17 05:30:00,751.78,751.9,751.2897,751.36,1536.0
2026-06-17 05:45:00,751.3315,751.36,750.71,750.8842,5002.0
2026-06-17 06:00:00,750.85,750.85,750.27,750.62,2552.0
2026-06-17 06:15:00,750.61,751.06,750.5,750.94,777.0
2026-06-17 06:30:00,750.92,751.2104,750.8189,751.2104,783.0
2026-06-17 06:45:00,751.24,751.5555,750.74,750.811,2211.0
2026-06-17 07:00:00,750.8484,751.33,750.66,751.3115,17446.0
2026-06-17 07:15:00,751.24,751.49,751.1049,751.195,11372.0
2026-06-17 07:30:00,751.18,751.18,750.695,750.73,5390.0
2026-06-17 07:45:00,750.7348,750.86,750.1,750.425,16463.0
2026-06-17 08:00:00,750.48,751.1,750.46,751.06,16590.0
2026-06-17 08:15:00,751.02,751.07,750.7064,750.8,13612.0
2026-06-17 08:30:00,750.815,751.385,750.7726,751.15,39108.0
2026-06-17 08:45:00,751.17,751.35,751.04,751.29,16413.0
2026-06-17 09:00:00,751.24,751.28,750.87,751.16,12256.0
2026-06-17 09:15:00,751.145,751.57,750.8,751.16,37994.0
2026-06-18 04:00:00,746.05,747.0002,745.93,746.65,30638.0
2026-06-18 04:15:00,746.65,746.77,745.85,745.95,4676.0
2026-06-18 04:30:00,745.93,746.22,745.7557,745.9374,1692.0
2026-06-18 04:45:00,746.0885,746.0885,745.0,745.1156,2962.0
2026-06-18 05:00:00,745.08,745.5502,744.9054,745.5502,1957.0
2026-06-18 05:15:00,745.58,745.85,745.4382,745.59,1121.0
2026-06-18 05:30:00,745.54,746.2388,745.5012,746.1612,1238.0
2026-06-18 05:45:00,746.22,746.57,746.22,746.52,2150.0
2026-06-18 06:00:00,746.4834,746.57,746.12,746.57,11503.0
2026-06-18 06:15:00,746.5215,746.625,746.2287,746.2515,3952.0
2026-06-18 06:30:00,746.29,746.468,745.43,745.48,5816.0
2026-06-18 06:45:00,745.4217,745.65,745.4215,745.522,1737.0
2026-06-18 07:00:00,745.5005,746.0,744.264,744.75,19665.0
2026-06-18 07:15:00,744.75,744.75,743.78,744.335,26093.0
2026-06-18 07:30:00,744.26,744.5565,743.35,744.0201,22993.0
2026-06-18 07:45:00,744.04,744.5088,743.9,744.435,7908.0
2026-06-18 08:00:00,744.44,744.95,744.24,744.77,11296.0
2026-06-18 08:15:00,744.849,745.69,744.6,745.56,54415.0
2026-06-18 08:30:00,745.56,746.07,745.46,745.705,48299.0
2026-06-18 08:45:00,745.7187,746.59,745.69,746.13,16327.0
2026-06-18 09:00:00,746.15,746.3207,745.15,746.24,28462.0
2026-06-18 09:15:00,746.25,748.0202,746.2,747.61,94278.0
2026-06-22 04:00:00,746.57,746.781,745.57,745.9385,13856.0
2026-06-22 04:15:00,745.84,745.99,745.65,745.81,2404.0
2026-06-22 04:30:00,745.75,746.1539,745.6982,746.1467,445.0
2026-06-22 04:45:00,746.32,746.32,745.943,746.24,952.0
2026-06-22 05:00:00,746.25,746.7487,746.0333,746.51,1347.0
2026-06-22 05:15:00,746.6332,746.6332,746.34,746.36,1399.0
2026-06-22 05:30:00,746.42,746.4357,745.95,746.0587,332.0
2026-06-22 05:45:00,745.9515,746.08,745.84,745.87,247.0
2026-06-22 06:00:00,745.88,746.83,745.88,746.69,3731.0
2026-06-22 06:15:00,746.6712,746.7807,746.6085,746.63,235.0
2026-06-22 06:30:00,746.58,746.58,746.03,746.29,3363.0
2026-06-22 06:45:00,746.37,746.55,746.16,746.26,1559.0
2026-06-22 07:00:00,746.22,748.1,746.22,746.66,28088.0
2026-06-22 07:15:00,746.6599,746.74,746.475,746.51,3252.0
2026-06-22 07:30:00,746.6,746.99,746.4807,746.675,3816.0
2026-06-22 07:45:00,746.71,746.88,746.28,746.75,8710.0
2026-06-22 08:00:00,746.8,747.37,746.735,747.37,5660.0
2026-06-22 08:15:00,747.32,747.7996,747.15,747.798,72080.0
2026-06-22 08:30:00,747.775,747.97,747.38,747.445,9717.0
2026-06-22 08:45:00,747.5,747.5,747.14,747.1895,7053.0
2026-06-22 09:00:00,747.2,748.13,747.2,747.9,33748.0
2026-06-22 09:15:00,747.99,748.22,747.52,747.59,28587.0
2026-06-23 04:00:00,736.51,736.51,733.0,733.68,41681.0
2026-06-23 04:15:00,733.62,733.7442,732.88,733.2,11005.0
2026-06-23 04:30:00,733.2,734.544,733.2,734.1176,23601.0
2026-06-23 04:45:00,734.0463,734.0463,733.13,733.68,4256.0
2026-06-23 05:00:00,733.81,734.63,733.59,734.529,8418.0
2026-06-23 05:15:00,734.51,735.28,734.2042,735.18,15212.0
2026-06-23 05:30:00,735.18,735.18,734.52,734.7,8883.0
2026-06-23 05:45:00,734.659,735.28,734.54,735.0644,6521.0
2026-06-23 06:00:00,735.12,735.64,734.7946,734.95,13783.0
2026-06-23 06:15:00,734.94,735.58,734.7,734.78,8048.0
2026-06-23 06:30:00,734.6715,734.6715,733.49,733.9,10194.0
2026-06-23 06:45:00,734.01,734.48,733.8191,734.3671,6830.0
2026-06-23 07:00:00,734.45,735.01,734.02,734.95,23749.0
2026-06-23 07:15:00,734.93,735.53,734.32,734.7,45838.0
2026-06-23 07:30:00,734.71,735.74,734.55,735.6996,31892.0
2026-06-23 07:45:00,735.67,736.16,735.3715,735.885,31240.0
2026-06-23 08:00:00,735.88,736.24,735.275,735.49,22933.0
2026-06-23 08:15:00,735.55,735.55,734.12,734.52,29774.0
2026-06-23 08:30:00,734.5595,734.83,733.63,734.1885,23331.0
2026-06-23 08:45:00,734.19,734.35,733.78,734.12,31818.0
2026-06-23 09:00:00,734.1,734.39,733.77,734.22,13620.0
2026-06-23 09:15:00,734.205,734.215,733.22,733.65,51544.0
2026-06-24 04:00:00,735.01,735.7,734.68,735.62,12676.0
2026-06-24 04:15:00,735.63,735.71,735.08,735.16,5273.0
2026-06-24 04:30:00,735.33,735.75,735.21,735.37,2937.0
2026-06-24 04:45:00,735.2882,735.31,734.98,735.2,786.0
2026-06-24 05:00:00,735.35,735.6507,734.86,735.5987,1110.0
2026-06-24 05:15:00,735.57,735.57,734.88,735.06,360.0
2026-06-24 05:30:00,735.13,735.34,734.53,734.609,1920.0
2026-06-24 05:45:00,734.5487,735.23,734.43,735.1487,3051.0
2026-06-24 06:00:00,735.0987,735.2012,734.7446,735.2012,1023.0
2026-06-24 06:15:00,735.368,735.4787,735.1982,735.4787,591.0
2026-06-24 06:30:00,735.44,736.29,735.44,736.11,8580.0
2026-06-24 06:45:00,735.93,735.93,735.22,735.3,8080.0
2026-06-24 07:00:00,735.325,736.009,735.25,735.25,14521.0
2026-06-24 07:15:00,735.22,735.36,734.82,735.22,11830.0
2026-06-24 07:30:00,735.215,736.225,735.215,735.92,14671.0
2026-06-24 07:45:00,735.99,736.98,735.9,736.795,46052.0
2026-06-24 08:00:00,736.77,736.83,736.25,736.45,15815.0
2026-06-24 08:15:00,736.51,737.12,736.14,736.92,27912.0
2026-06-24 08:30:00,736.909,737.07,735.72,735.89,25803.0
2026-06-24 08:45:00,735.869,735.97,735.2501,735.46,19932.0
2026-06-24 09:00:00,735.55,735.97,734.675,734.7401,56644.0
2026-06-24 09:15:00,734.82,735.36,734.38,734.7,73547.0
2026-06-25 04:00:00,739.2,739.48,738.74,738.8281,16652.0
2026-06-25 04:15:00,738.708,738.85,738.41,738.78,2787.0
2026-06-25 04:30:00,738.66,738.87,738.51,738.51,2690.0
2026-06-25 04:45:00,738.45,738.49,737.9492,738.0,1351.0
2026-06-25 05:00:00,738.11,738.6,738.01,738.3487,4233.0
2026-06-25 05:15:00,738.2987,738.51,738.04,738.2285,4420.0
2026-06-25 05:30:00,738.1762,738.6,738.1762,738.51,4609.0
2026-06-25 05:45:00,738.51,738.7487,738.4087,738.459,1196.0
2026-06-25 06:00:00,738.3215,738.9,738.3215,738.84,3325.0
2026-06-25 06:15:00,738.8817,738.9385,738.67,738.89,893.0
2026-06-25 06:30:00,738.94,738.97,738.4717,738.4717,862.0
2026-06-25 06:45:00,738.499,738.88,738.32,738.6485,1705.0
2026-06-25 07:00:00,738.67,738.99,738.355,738.48,19081.0
2026-06-25 07:15:00,738.335,738.43,737.59,737.72,18592.0
2026-06-25 07:30:00,737.715,738.2,737.54,738.09,15222.0
2026-06-25 07:45:00,738.1107,738.33,737.7,737.945,160196.0
2026-06-25 08:00:00,737.9826,738.61,737.825,738.0322,19053.0
2026-06-25 08:15:00,737.96,738.18,737.6001,737.795,7143.0
2026-06-25 08:30:00,737.8322,739.89,737.8322,738.91,56050.0
2026-06-25 08:45:00,738.84,739.545,738.84,739.03,37937.0
2026-06-25 09:00:00,738.97,739.23,738.4,738.69,22097.0
2026-06-25 09:15:00,738.66,739.14,738.3,739.13,34061.0
2026-06-26 04:00:00,731.82,732.32,730.9982,731.02,22751.0
2026-06-26 04:15:00,731.0682,731.62,730.95,731.59,1659.0
2026-06-26 04:30:00,731.328,731.5,730.5787,730.59,2006.0
2026-06-26 04:45:00,730.64,730.64,729.1097,729.63,3188.0
2026-06-26 05:00:00,729.6868,729.6868,729.07,729.6515,1939.0
2026-06-26 05:15:00,729.69,729.73,728.8,729.25,6424.0
2026-06-26 05:30:00,729.06,730.34,728.97,730.2102,3996.0
2026-06-26 05:45:00,730.14,730.37,729.2333,729.38,7868.0
2026-06-26 06:00:00,729.3785,729.64,728.48,729.55,4480.0
2026-06-26 06:15:00,729.5,729.701,728.86,729.35,3953.0
2026-06-26 06:30:00,729.33,729.65,729.2125,729.2125,1896.0
2026-06-26 06:45:00,729.3085,729.5715,729.1679,729.28,985.0
2026-06-26 07:00:00,729.45,730.25,729.19,729.8641,21154.0
2026-06-26 07:15:00,729.8639,729.8639,729.2917,729.44,9273.0
2026-06-26 07:30:00,729.455,729.91,729.32,729.44,6483.0
2026-06-26 07:45:00,729.37,729.73,728.65,729.325,13340.0
2026-06-26 08:00:00,729.3334,731.0,729.15,730.705,19250.0
2026-06-26 08:15:00,730.71,731.22,729.83,730.32,31980.0
2026-06-26 08:30:00,730.3102,730.57,729.22,729.275,20108.0
2026-06-26 08:45:00,729.275,729.4935,728.91,729.28,12178.0
2026-06-26 09:00:00,729.27,729.27,728.23,728.575,42756.0
2026-06-26 09:15:00,728.59,729.123,727.4985,728.72,52932.0
2026-06-29 04:00:00,736.05,736.72,734.85,736.5,65324.0
2026-06-29 04:15:00,736.62,737.0001,736.38,736.38,3129.0
2026-06-29 04:30:00,736.39,736.9086,736.1987,736.31,1541.0
2026-06-29 04:45:00,736.2757,736.44,735.8707,735.89,2589.0
2026-06-29 05:00:00,735.86,736.22,735.85,736.1701,4580.0
2026-06-29 05:15:00,736.06,736.62,736.0556,736.5585,1107.0
2026-06-29 05:30:00,736.58,736.6415,736.22,736.3032,495.0
2026-06-29 05:45:00,736.46,736.46,735.599,736.28,5483.0
2026-06-29 06:00:00,736.28,736.85,736.28,736.46,1431.0
2026-06-29 06:15:00,736.3685,736.67,736.1,736.67,416.0
2026-06-29 06:30:00,736.7783,737.24,736.7715,736.9604,1725.0
2026-06-29 06:45:00,736.9985,737.47,736.34,737.45,3761.0
2026-06-29 07:00:00,737.38,737.85,737.0519,737.1135,21777.0
2026-06-29 07:15:00,737.088,737.22,736.5,737.045,19634.0
2026-06-29 07:30:00,736.91,738.04,736.84,737.245,16793.0
2026-06-29 07:45:00,737.245,737.6091,737.0306,737.2,5713.0
2026-06-29 08:00:00,737.113,737.4987,736.93,737.35,16199.0
2026-06-29 08:15:00,737.3495,737.55,737.13,737.33,24153.0
2026-06-29 08:30:00,737.335,737.61,736.29,736.7,45215.0
2026-06-29 08:45:00,736.73,737.19,736.575,737.15,12355.0
2026-06-29 09:00:00,737.271,737.61,737.071,737.52,27550.0
2026-06-29 09:15:00,737.54,737.66,736.335,736.56,52966.0
2026-06-30 04:00:00,741.53,742.098,741.41,741.7315,18085.0
2026-06-30 04:15:00,741.5182,742.1582,741.32,742.0937,731.0
2026-06-30 04:30:00,742.14,742.31,740.79,741.15,4215.0
2026-06-30 04:45:00,741.03,741.49,740.73,741.49,734.0
2026-06-30 05:00:00,741.47,741.7115,741.47,741.63,2434.0
2026-06-30 05:15:00,741.81,741.83,741.65,741.65,377.0
2026-06-30 05:30:00,741.3785,741.84,741.13,741.8085,594.0
2026-06-30 05:45:00,741.81,742.06,741.7553,741.8591,1003.0
2026-06-30 06:00:00,741.87,742.091,741.6746,741.8687,1495.0
2026-06-30 06:15:00,742.04,742.12,741.89,741.9915,796.0
2026-06-30 06:30:00,742.1,742.1,741.7497,741.96,668.0
2026-06-30 06:45:00,741.9387,742.6599,741.83,742.5885,1292.0
2026-06-30 07:00:00,742.5207,742.93,742.37,742.8911,11918.0
2026-06-30 07:15:00,742.99,742.99,742.18,742.37,8565.0
2026-06-30 07:30:00,742.3993,742.76,742.21,742.71,18524.0
2026-06-30 07:45:00,742.7,742.97,742.26,742.3,13052.0
2026-06-30 08:00:00,742.3,742.4,741.45,741.45,24794.0
2026-06-30 08:15:00,741.5508,741.6,740.91,740.93,24106.0
2026-06-30 08:30:00,740.91,741.33,740.46,741.24,24792.0
2026-06-30 08:45:00,741.285,741.47,740.965,741.0,64218.0
2026-06-30 09:00:00,741.09,741.22,740.72,740.95,14957.0
2026-06-30 09:15:00,740.9,741.34,740.56,741.24,39958.0
2026-07-01 04:00:00,743.72,744.3175,743.72,744.31,38357.0
2026-07-01 04:15:00,744.16,744.434,744.09,744.14,4662.0
2026-07-01 04:30:00,744.119,744.62,744.07,744.59,1327.0
2026-07-01 04:45:00,744.5,744.6902,744.33,744.59,921.0
2026-07-01 05:00:00,744.69,744.69,744.0344,744.3813,3625.0
2026-07-01 05:15:00,744.369,744.44,744.1015,744.29,1138.0
2026-07-01 05:30:00,744.309,744.55,744.27,744.49,399.0
2026-07-01 05:45:00,744.57,744.9102,744.57,744.9102,380.0
2026-07-01 06:00:00,744.97,744.97,744.469,744.62,1619.0
2026-07-01 06:15:00,744.69,745.29,744.69,745.2111,996.0
2026-07-01 06:30:00,745.281,745.42,744.87,745.11,4707.0
2026-07-01 06:45:00,745.18,745.51,745.11,745.37,1869.0
2026-07-01 07:00:00,745.355,745.7192,745.34,745.455,9158.0
2026-07-01 07:15:00,745.48,745.63,745.29,745.3435,26759.0
2026-07-01 07:30:00,745.35,745.3675,744.985,745.3,8519.0
2026-07-01 07:45:00,745.22,745.36,744.7732,744.8693,6615.0
2026-07-01 08:00:00,744.97,745.12,744.42,745.08,8833.0
2026-07-01 08:15:00,745.105,745.55,745.105,745.3,9436.0
2026-07-01 08:30:00,745.29,745.58,744.26,744.531,42324.0
2026-07-01 08:45:00,744.62,744.93,744.3,744.635,23653.0
2026-07-01 09:00:00,744.64,745.2,744.18,744.47,17752.0
2026-07-01 09:15:00,744.54,745.72,744.48,744.94,30197.0
2026-07-02 04:00:00,745.1972,745.2333,744.23,744.23,23128.0
2026-07-02 04:15:00,744.4038,745.7292,744.4,745.57,1299.0
2026-07-02 04:30:00,745.57,746.21,745.4,745.9387,3132.0
2026-07-02 04:45:00,746.07,746.4,745.96,746.17,1091.0
2026-07-02 05:00:00,746.13,746.14,745.47,745.7385,1707.0
2026-07-02 05:15:00,745.6692,745.71,745.47,745.6817,874.0
2026-07-02 05:30:00,745.6812,746.18,745.6812,746.0687,4103.0
2026-07-02 05:45:00,745.8887,745.8982,745.5787,745.6085,432.0
2026-07-02 06:00:00,745.619,745.619,745.16,745.33,529.0
2026-07-02 06:15:00,745.284,745.73,745.284,745.6882,1359.0
2026-07-02 06:30:00,745.67,746.3005,745.67,746.051,2355.0
2026-07-02 06:45:00,746.09,746.29,745.89,746.2232,972.0
2026-07-02 07:00:00,746.21,746.3484,745.78,746.21,15830.0
2026-07-02 07:15:00,746.1865,746.33,745.81,746.22,24028.0
2026-07-02 07:30:00,746.11,746.7,746.09,746.665,6208.0
2026-07-02 07:45:00,746.635,746.85,746.2665,746.279,7132.0
2026-07-02 08:00:00,746.2594,747.04,746.02,746.975,11517.0
2026-07-02 08:15:00,746.99,747.6,746.86,747.48,12479.0
2026-07-02 08:30:00,747.6165,749.5,746.82,748.8612,205004.0
2026-07-02 08:45:00,748.8616,749.225,747.7,748.0565,65169.0
2026-07-02 09:00:00,748.23,748.47,747.185,747.3678,67213.0
2026-07-02 09:15:00,747.39,748.06,747.23,747.37,45868.0
2026-07-06 04:00:00,748.4412,748.8319,748.1,748.23,9342.0
2026-07-06 04:15:00,748.2237,748.449,747.9085,748.37,3817.0
2026-07-06 04:30:00,748.39,748.42,748.079,748.3892,1347.0
2026-07-06 04:45:00,748.37,748.55,748.24,748.47,498.0
2026-07-06 05:00:00,748.46,748.5,748.13,748.15,1125.0
2026-07-06 05:15:00,748.27,748.51,748.1699,748.4415,737.0
2026-07-06 05:30:00,748.48,748.48,748.229,748.3571,590.0
2026-07-06 05:45:00,748.19,748.76,747.999,748.7307,2707.0
2026-07-06 06:00:00,748.68,748.85,748.34,748.72,2510.0
2026-07-06 06:15:00,748.669,748.7485,748.45,748.45,2321.0
2026-07-06 06:30:00,748.47,748.7571,748.359,748.359,2403.0
2026-07-06 06:45:00,748.1795,748.4885,748.1795,748.4885,438.0
2026-07-06 07:00:00,748.5306,748.72,748.02,748.195,8251.0
2026-07-06 07:15:00,748.2,748.475,748.15,748.185,20468.0
2026-07-06 07:30:00,748.12,748.4,748.1,748.22,15644.0
2026-07-06 07:45:00,748.2,748.39,747.75,747.785,5985.0
2026-07-06 08:00:00,747.78,748.5,747.69,748.4492,17599.0
2026-07-06 08:15:00,748.44,748.68,747.84,748.0101,15296.0
2026-07-06 08:30:00,747.98,748.5,747.875,748.085,15260.0
2026-07-06 08:45:00,748.12,748.42,748.09,748.38,20281.0
2026-07-06 09:00:00,748.49,748.49,747.73,747.75,14934.0
2026-07-06 09:15:00,747.76,748.6,747.42,748.545,21902.0
2026-07-07 04:00:00,749.39,750.06,749.32,750.0029,30828.0
2026-07-07 04:15:00,749.96,750.34,749.96,750.29,2043.0
2026-07-07 04:30:00,750.28,750.45,750.2,750.25,8132.0
2026-07-07 04:45:00,750.25,750.34,749.979,750.0617,3153.0
2026-07-07 05:00:00,750.0,750.3513,749.8,750.33,2421.0
2026-07-07 05:15:00,750.32,750.48,750.1712,750.2087,1397.0
2026-07-07 05:30:00,750.1807,750.3687,749.95,750.289,2483.0
2026-07-07 05:45:00,750.29,750.4005,750.189,750.3027,825.0
2026-07-07 06:00:00,750.31,750.5605,749.999,750.0152,5608.0
2026-07-07 06:15:00,750.11,750.46,750.065,750.35,4767.0
2026-07-07 06:30:00,750.32,750.32,750.0112,750.08,910.0
2026-07-07 06:45:00,750.06,750.1365,749.53,749.9092,5250.0
2026-07-07 07:00:00,749.9587,749.97,749.4308,749.5884,16494.0
2026-07-07 07:15:00,749.56,750.0,749.56,749.81,5986.0
2026-07-07 07:30:00,749.78,749.79,749.46,749.75,8407.0
2026-07-07 07:45:00,749.77,750.11,749.62,750.085,10723.0
2026-07-07 08:00:00,750.0907,750.73,750.059,750.5013,14048.0
2026-07-07 08:15:00,750.4892,750.605,750.1,750.535,11961.0
2026-07-07 08:30:00,750.538,750.89,750.31,750.755,11518.0
2026-07-07 08:45:00,750.72,750.7992,750.105,750.3,11730.0
2026-07-07 09:00:00,750.27,750.36,749.79,750.315,18133.0
2026-07-07 09:15:00,750.29,750.5,750.035,750.23,21502.0
2026-07-08 04:00:00,746.5527,747.06,746.1553,746.92,15491.0
2026-07-08 04:15:00,746.9985,746.9985,742.1462,742.19,66734.0
2026-07-08 04:30:00,742.1682,742.263,740.3,741.2223,30042.0
2026-07-08 04:45:00,741.0715,741.92,740.38,740.51,5422.0
2026-07-08 05:00:00,740.6,740.75,739.3897,739.45,11547.0
2026-07-08 05:15:00,739.4,740.16,739.38,740.07,7868.0
2026-07-08 05:30:00,739.95,740.84,739.835,740.13,10623.0
2026-07-08 05:45:00,740.19,740.4488,739.8497,739.9017,4360.0
2026-07-08 06:00:00,740.09,740.28,739.42,739.7954,16265.0
2026-07-08 06:15:00,739.92,740.55,739.5992,740.5417,13399.0
2026-07-08 06:30:00,740.45,741.3,740.25,741.235,20405.0
2026-07-08 06:45:00,741.25,741.46,740.97,741.1,5630.0
2026-07-08 07:00:00,741.07,741.36,740.66,741.02,22655.0
2026-07-08 07:15:00,741.0309,741.15,740.4929,740.76,86627.0
2026-07-08 07:30:00,740.745,743.14,740.6,742.3299,123351.0
2026-07-08 07:45:00,742.32,742.9196,741.86,742.295,69583.0
2026-07-08 08:00:00,742.25,743.68,741.8,743.241,46966.0
2026-07-08 08:15:00,743.178,743.72,742.93,743.62,40114.0
2026-07-08 08:30:00,743.66,743.9205,743.27,743.6468,36261.0
2026-07-08 08:45:00,743.68,744.3,742.92,742.99,47285.0
2026-07-08 09:00:00,743.0,743.99,742.97,743.85,49444.0
2026-07-08 09:15:00,743.73,743.8793,742.83,743.15,65950.0
2026-07-09 04:00:00,747.99,748.3907,747.73,748.0364,27989.0
2026-07-09 04:15:00,747.9,748.2455,747.6792,747.9228,1410.0
2026-07-09 04:30:00,747.89,747.9755,747.2095,747.3212,2866.0
2026-07-09 04:45:00,747.3495,747.39,746.8623,747.1812,3157.0
2026-07-09 05:00:00,747.108,747.14,746.7692,746.7692,4445.0
2026-07-09 05:15:00,746.84,746.99,746.7231,746.9185,409.0
2026-07-09 05:30:00,746.9607,746.9607,746.039,746.18,1373.0
2026-07-09 05:45:00,746.3333,746.839,746.3333,746.74,2439.0
2026-07-09 06:00:00,746.8087,746.8688,746.6512,746.8346,3324.0
2026-07-09 06:15:00,746.85,747.008,746.6915,746.6915,221.0
2026-07-09 06:30:00,746.67,746.81,746.3245,746.5726,3752.0
2026-07-09 06:45:00,746.71,746.71,745.4,746.0988,8232.0
2026-07-09 07:00:00,746.11,746.52,745.8,746.385,9791.0
2026-07-09 07:15:00,746.39,746.6,746.14,746.53,19859.0
2026-07-09 07:30:00,746.56,746.86,746.3322,746.78,15115.0
2026-07-09 07:45:00,746.78,747.2995,746.57,746.95,17751.0
2026-07-09 08:00:00,746.9,747.66,746.88,747.35,20806.0
2026-07-09 08:15:00,747.37,747.8,747.2201,747.7566,68288.0
2026-07-09 08:30:00,747.45,748.08,747.425,747.425,18942.0
2026-07-09 08:45:00,747.41,747.45,747.05,747.15,21279.0
2026-07-09 09:00:00,747.17,747.54,747.09,747.39,11813.0
2026-07-09 09:15:00,747.41,747.71,747.17,747.38,46227.0
2026-07-10 04:00:00,750.13,750.66,749.84,750.58,11030.0
2026-07-10 04:15:00,750.6212,750.73,750.33,750.41,1381.0
2026-07-10 04:30:00,750.4099,750.4605,750.2087,750.4,977.0
2026-07-10 04:45:00,750.401,750.501,750.3,750.4,437.0
2026-07-10 05:00:00,750.4,750.94,749.765,750.8561,3518.0
2026-07-10 05:15:00,750.9407,751.08,750.8924,750.99,750.0
2026-07-10 05:30:00,750.9792,751.11,750.8326,750.92,1121.0
2026-07-10 05:45:00,750.9305,751.0511,750.919,751.0,1037.0
2026-07-10 06:00:00,751.1587,751.455,751.13,751.3787,3282.0
2026-07-10 06:15:00,751.4,751.49,751.06,751.4746,2538.0
2026-07-10 06:30:00,751.5141,751.87,751.5141,751.8699,3842.0
2026-07-10 06:45:00,751.7885,751.89,751.6,751.87,6874.0
2026-07-10 07:00:00,751.8408,752.05,751.77,751.83,9658.0
2026-07-10 07:15:00,751.855,752.0,751.52,751.5292,5437.0
2026-07-10 07:30:00,751.53,751.53,750.9328,751.275,33009.0
2026-07-10 07:45:00,751.2986,751.43,751.0782,751.1873,10681.0
2026-07-10 08:00:00,751.1542,752.33,750.5704,751.7435,49452.0
2026-07-10 08:15:00,751.7487,751.84,751.395,751.55,13664.0
2026-07-10 08:30:00,751.59,752.1,751.2831,751.6791,13561.0
2026-07-10 08:45:00,751.6949,752.04,751.57,751.685,8284.0
2026-07-10 09:00:00,751.65,751.93,751.53,751.8778,11189.0
2026-07-10 09:15:00,751.91,752.21,751.76,752.18,23103.0
2026-07-13 04:00:00,751.8,752.474,751.59,752.474,13922.0
2026-07-13 04:15:00,752.5,752.78,752.4697,752.4987,4434.0
2026-07-13 04:30:00,752.55,752.67,752.2692,752.59,2078.0
2026-07-13 04:45:00,752.55,752.86,752.53,752.7612,2565.0
2026-07-13 05:00:00,752.7212,752.7212,752.42,752.605,2929.0
2026-07-13 05:15:00,752.65,753.2085,752.5808,753.2085,1147.0
2026-07-13 05:30:00,753.1492,753.26,753.0704,753.1871,1571.0
2026-07-13 05:45:00,753.0661,753.1074,752.92,753.0316,2431.0
2026-07-13 06:00:00,753.09,753.09,752.69,752.7868,3880.0
2026-07-13 06:15:00,752.86,753.01,752.64,752.6801,4573.0
2026-07-13 06:30:00,752.71,752.8295,752.6,752.6455,3561.0
2026-07-13 06:45:00,752.659,752.89,752.5904,752.66,4123.0
2026-07-13 07:00:00,752.7,753.28,752.589,752.695,28157.0
2026-07-13 07:15:00,752.74,753.0,752.4302,752.92,34097.0
2026-07-13 07:30:00,752.8995,753.12,752.69,752.755,20643.0
2026-07-13 07:45:00,752.75,752.759,752.12,752.35,25781.0
2026-07-13 08:00:00,752.3603,752.71,751.68,752.085,26045.0
2026-07-13 08:15:00,752.21,752.2602,751.85,751.91,42885.0
2026-07-13 08:30:00,751.8695,752.08,751.56,752.0575,27392.0
2026-07-13 08:45:00,752.0555,752.66,752.015,752.59,23850.0
2026-07-13 09:00:00,752.66,752.86,752.42,752.55,41324.0
2026-07-13 09:15:00,752.5497,752.59,752.225,752.59,19926.0
2026-07-14 04:00:00,748.8987,749.038,748.2315,748.72,28020.0
2026-07-14 04:15:00,748.87,749.36,748.87,749.2882,1755.0
2026-07-14 04:30:00,749.35,749.35,748.882,748.9848,863.0
2026-07-14 04:45:00,748.98,748.98,748.27,748.41,2827.0
2026-07-14 05:00:00,748.2892,749.2939,748.189,749.21,3337.0
2026-07-14 05:15:00,749.1902,749.29,748.4187,748.4187,729.0
2026-07-14 05:30:00,748.57,748.819,748.5417,748.81,976.0
2026-07-14 05:45:00,748.7763,749.08,748.68,748.7111,1062.0
2026-07-14 06:00:00,748.7314,749.0187,748.6112,748.7204,2410.0
2026-07-14 06:15:00,748.6915,748.8187,748.5912,748.7712,2951.0
2026-07-14 06:30:00,748.83,749.5412,748.4517,748.7,5859.0
2026-07-14 06:45:00,748.6457,748.8469,748.4195,748.6317,4515.0
2026-07-14 07:00:00,748.6415,748.78,747.38,748.2865,42395.0
2026-07-14 07:15:00,748.2891,749.35,748.2891,748.86,79431.0
2026-07-14 07:30:00,748.94,749.2199,748.32,748.4,7475.0
2026-07-14 07:45:00,748.39,748.96,748.39,748.565,6009.0
2026-07-14 08:00:00,748.56,748.56,747.51,747.785,15766.0
2026-07-14 08:15:00,747.75,749.16,747.55,749.015,32025.0
2026-07-14 08:30:00,749.37,754.17,749.14,751.79,325802.0
2026-07-14 08:45:00,751.81,751.99,750.55,750.9285,65023.0
2026-07-14 09:00:00,750.955,751.37,750.715,750.8187,17876.0
2026-07-14 09:15:00,750.905,751.41,750.11,750.86,47303.0
2026-07-15 04:00:00,753.68,753.68,752.789,753.01,11082.0
2026-07-15 04:15:00,753.115,753.2845,752.6887,753.12,1519.0
2026-07-15 04:30:00,753.17,753.48,753.079,753.43,2808.0
2026-07-15 04:45:00,753.451,753.7585,753.439,753.71,2423.0
2026-07-15 05:00:00,753.69,754.0987,753.69,753.9515,1314.0
2026-07-15 05:15:00,753.999,754.0796,753.815,753.84,1497.0
2026-07-15 05:30:00,753.811,754.0199,753.739,754.0111,695.0
2026-07-15 05:45:00,753.9495,753.9495,753.38,753.49,1348.0
2026-07-15 06:00:00,753.4428,753.602,753.389,753.6,696.0
2026-07-15 06:15:00,753.61,753.6787,752.69,752.82,3064.0
2026-07-15 06:30:00,752.84,753.1423,752.8135,752.9592,1140.0
2026-07-15 06:45:00,752.96,753.21,752.96,753.16,3259.0
2026-07-15 07:00:00,753.125,753.38,752.9738,752.99,4840.0
2026-07-15 07:15:00,753.02,753.22,753.01,753.05,5816.0
2026-07-15 07:30:00,753.05,753.345,752.8,753.2,11426.0
2026-07-15 07:45:00,753.1201,753.16,752.8792,753.0585,5556.0
2026-07-15 08:00:00,753.015,753.11,752.51,752.625,11752.0
2026-07-15 08:15:00,752.65,752.8,752.29,752.62,8183.0
2026-07-15 08:30:00,752.45,754.31,752.2,754.06,96552.0
2026-07-15 08:45:00,754.04,754.42,753.77,754.115,62811.0
2026-07-15 09:00:00,754.12,754.4692,753.6197,753.705,13801.0
2026-07-15 09:15:00,753.7,754.39,753.6,754.34,53844.0
2026-07-16 04:00:00,753.31,753.44,752.51,752.53,12976.0
2026-07-16 04:15:00,752.52,753.475,752.52,753.1417,3019.0
2026-07-16 04:30:00,753.3,753.7582,753.26,753.4931,3446.0
2026-07-16 04:45:00,753.57,754.12,753.57,754.0215,2984.0
2026-07-16 05:00:00,754.2107,754.465,754.1887,754.44,4342.0
2026-07-16 05:15:00,754.58,754.65,754.1887,754.2285,2688.0
2026-07-16 05:30:00,754.1587,754.38,753.9992,753.9992,623.0
2026-07-16 05:45:00,753.9885,753.994,753.615,753.6595,3490.0
2026-07-16 06:00:00,753.64,753.8666,753.35,753.72,1296.0
2026-07-16 06:15:00,753.7485,753.7485,753.2792,753.4,3736.0
2026-07-16 06:30:00,753.55,753.7585,753.3292,753.56,8884.0
2026-07-16 06:45:00,753.5115,753.55,753.2297,753.5,2024.0
2026-07-16 07:00:00,753.4298,753.44,752.75,753.18,14815.0
2026-07-16 07:15:00,753.2105,753.55,752.57,753.0912,40461.0
2026-07-16 07:30:00,753.035,753.0587,752.62,752.82,11761.0
2026-07-16 07:45:00,752.87,752.92,751.25,752.8415,37826.0
2026-07-16 08:00:00,752.8515,752.97,751.96,752.205,10403.0
2026-07-16 08:15:00,752.2,752.5123,751.55,751.88,21482.0
2026-07-16 08:30:00,751.76,752.16,751.2002,751.39,30887.0
2026-07-16 08:45:00,751.41,752.09,751.33,751.81,40980.0
2026-07-16 09:00:00,751.81,752.75,751.7,752.665,19396.0
2026-07-16 09:15:00,752.66,753.21,752.53,753.21,60793.0
2026-07-17 04:00:00,744.75,745.07,744.05,744.19,25542.0
2026-07-17 04:15:00,744.1947,744.1947,742.9982,743.6546,10441.0
2026-07-17 04:30:00,743.49,743.72,742.57,742.89,6570.0
2026-07-17 04:45:00,743.0,743.82,742.87,743.4199,3371.0
2026-07-17 05:00:00,743.32,744.07,743.1912,744.07,5696.0
2026-07-17 05:15:00,743.96,744.51,743.66,744.46,2869.0
2026-07-17 05:30:00,744.4587,744.5,743.795,743.8117,4705.0
2026-07-17 05:45:00,743.93,744.51,743.891,744.51,8981.0
2026-07-17 06:00:00,744.51,745.16,744.1967,745.16,36507.0
2026-07-17 06:15:00,745.114,745.26,744.635,745.07,9375.0
2026-07-17 06:30:00,745.06,745.6212,745.035,745.359,4787.0
2026-07-17 06:45:00,745.38,745.4819,745.11,745.2282,5101.0
2026-07-17 07:00:00,745.26,745.67,744.71,744.78,12086.0
2026-07-17 07:15:00,744.7725,745.14,744.4697,745.12,25211.0
2026-07-17 07:30:00,745.26,745.34,744.83,744.8615,16912.0
2026-07-17 07:45:00,744.92,745.54,744.76,745.3931,14341.0
2026-07-17 08:00:00,745.36,745.42,744.41,744.515,20274.0
2026-07-17 08:15:00,744.52,744.69,744.25,744.49,17348.0
2026-07-17 08:30:00,744.36,744.57,744.01,744.29,41158.0
2026-07-17 08:45:00,744.2804,744.48,743.77,743.94,31022.0
2026-07-17 09:00:00,743.92,743.92,742.82,742.8262,31414.0
2026-07-17 09:15:00,742.89,743.17,741.88,742.17,179104.0
2026-07-20 04:00:00,745.16,745.598,745.0,745.56,15911.0
2026-07-20 04:15:00,745.601,745.687,745.25,745.3115,1855.0
2026-07-20 04:30:00,745.34,745.34,744.83,744.8485,1605.0
2026-07-20 04:45:00,744.7715,745.13,744.7715,744.9607,4988.0
2026-07-20 05:00:00,744.97,745.1007,744.65,744.82,8907.0
2026-07-20 05:15:00,744.95,745.35,744.9114,745.269,1388.0
2026-07-20 05:30:00,745.239,745.62,745.1415,745.5907,2236.0
2026-07-20 05:45:00,745.6187,746.23,745.59,745.6417,4998.0
2026-07-20 06:00:00,745.6615,745.74,745.31,745.35,2370.0
2026-07-20 06:15:00,745.3312,745.6192,745.2,745.5987,3688.0
2026-07-20 06:30:00,745.59,745.85,745.28,745.4851,4641.0
2026-07-20 06:45:00,745.44,745.935,745.39,745.6712,2087.0
2026-07-20 07:00:00,745.67,746.46,745.58,746.27,19756.0
2026-07-20 07:15:00,746.32,746.32,745.79,745.905,6193.0
2026-07-20 07:30:00,745.901,748.0002,745.87,747.46,57533.0
2026-07-20 07:45:00,747.52,747.6,746.66,747.088,21135.0
2026-07-20 08:00:00,747.055,747.134,745.66,746.1882,38574.0
2026-07-20 08:15:00,746.159,746.6,745.92,746.575,23705.0
2026-07-20 08:30:00,746.62,746.68,746.0146,746.06,24635.0
2026-07-20 08:45:00,746.11,746.62,745.87,746.33,19951.0
2026-07-20 09:00:00,746.27,746.71,746.18,746.28,24895.0
2026-07-20 09:15:00,746.32,747.18,746.16,746.89,24189.0
2026-07-21 04:00:00,745.5372,745.95,745.28,745.9073,11872.0
2026-07-21 04:15:00,745.945,746.051,745.8117,745.9526,2506.0
2026-07-21 04:30:00,745.96,746.2475,745.93,746.18,3272.0
2026-07-21 04:45:00,746.18,746.18,745.9095,746.02,2805.0
2026-07-21 05:00:00,746.1587,746.3,746.1,746.195,1420.0
2026-07-21 05:15:00,746.2228,746.449,745.9995,745.9995,1111.0
2026-07-21 05:30:00,746.01,746.23,745.81,746.0385,2327.0
2026-07-21 05:45:00,746.01,746.345,745.87,745.9688,1404.0
2026-07-21 06:00:00,745.97,746.45,745.76,746.1,4825.0
2026-07-21 06:15:00,746.0785,746.2987,745.9712,746.06,6140.0
2026-07-21 06:30:00,746.12,746.66,745.87,746.0029,7793.0
2026-07-21 06:45:00,746.0,746.34,745.69,745.8837,8250.0
2026-07-21 07:00:00,745.9,746.05,745.32,745.65,17635.0
2026-07-21 07:15:00,745.63,745.64,745.0,745.165,16025.0
2026-07-21 07:30:00,745.19,745.74,745.14,745.42,12568.0
2026-07-21 07:45:00,745.45,745.6,745.1,745.21,5752.0
2026-07-21 08:00:00,745.24,745.85,745.04,745.525,13656.0
2026-07-21 08:15:00,745.52,745.5482,744.79,744.8399,25538.0
2026-07-21 08:30:00,744.84,744.99,744.25,744.72,32585.0
2026-07-21 08:45:00,744.7,745.44,744.7,745.2575,33683.0
2026-07-21 09:00:00,745.28,745.305,744.94,745.14,23567.0
2026-07-21 09:15:00,745.09,746.18,745.071,746.1717,39890.0
2026-07-22 04:00:00,745.462,746.0588,745.3,745.5148,15466.0
2026-07-22 04:15:00,745.4912,746.1691,745.4912,746.1691,2147.0
2026-07-22 04:30:00,746.3152,746.46,746.08,746.08,3255.0
2026-07-22 04:45:00,746.13,746.449,746.1117,746.3457,129.0
2026-07-22 05:00:00,746.34,746.92,746.34,746.6015,2677.0
2026-07-22 05:15:00,746.6317,746.8987,746.6,746.601,705.0
2026-07-22 05:30:00,746.54,746.58,746.07,746.35,3112.0
2026-07-22 05:45:00,746.3537,746.48,745.8825,746.36,1228.0
2026-07-22 06:00:00,746.54,746.8615,746.3715,746.3715,414.0
2026-07-22 06:15:00,746.41,747.125,746.3092,746.9588,2966.0
2026-07-22 06:30:00,746.9513,747.0474,746.5,746.5,6841.0
2026-07-22 06:45:00,746.5139,747.0145,746.5139,746.839,4026.0
2026-07-22 07:00:00,746.88,746.88,746.41,746.439,14259.0
2026-07-22 07:15:00,746.3999,746.55,746.11,746.13,14039.0
2026-07-22 07:30:00,746.1506,746.52,745.05,745.485,28290.0
2026-07-22 07:45:00,745.49,746.19,745.43,745.5715,12819.0
2026-07-22 08:00:00,745.6197,745.875,745.2938,745.7195,18518.0
2026-07-22 08:15:00,745.73,745.76,745.0995,745.47,8886.0
2026-07-22 08:30:00,745.51,746.145,745.5,746.025,20620.0
2026-07-22 08:45:00,746.025,746.025,744.34,745.32,64478.0
2026-07-22 09:00:00,745.35,745.94,745.35,745.81,28357.0
2026-07-22 09:15:00,745.755,746.92,745.755,746.9,31361.0
2026-07-23 04:00:00,744.397,745.13,743.7,744.9215,22637.0
2026-07-23 04:15:00,744.9782,745.347,744.76,745.074,1827.0
2026-07-23 04:30:00,745.16,745.2285,744.7215,744.7582,254.0
2026-07-23 04:45:00,744.68,745.77,744.6312,745.77,1121.0
2026-07-23 05:00:00,745.549,746.4005,745.35,745.35,4369.0
2026-07-23 05:15:00,745.3033,745.479,745.1987,745.1987,252.0
2026-07-23 05:30:00,745.15,745.1885,744.8927,745.1115,231.0
2026-07-23 05:45:00,745.2685,745.3387,744.7712,744.79,8465.0
2026-07-23 06:00:00,744.94,745.18,744.6859,744.71,4576.0
2026-07-23 06:15:00,744.79,745.23,744.6923,745.0373,1661.0
2026-07-23 06:30:00,745.07,746.19,745.07,745.8495,6427.0
2026-07-23 06:45:00,745.812,746.04,745.75,745.83,4567.0
2026-07-23 07:00:00,745.82,745.88,744.8669,745.1412,5687.0
2026-07-23 07:15:00,745.2,745.36,744.17,744.28,10622.0
2026-07-23 07:30:00,744.22,744.4082,742.88,743.1225,43910.0
2026-07-23 07:45:00,743.1699,744.05,742.945,743.87,45775.0
2026-07-23 08:00:00,743.8796,743.98,743.11,743.12,27367.0
2026-07-23 08:15:00,743.11,743.54,741.85,742.1365,83327.0
2026-07-23 08:30:00,741.91,742.16,740.61,740.985,81405.0
2026-07-23 08:45:00,740.9688,741.1,740.16,740.492,61130.0
2026-07-23 09:00:00,740.545,740.73,739.39,739.82,81108.0
2026-07-23 09:15:00,739.83,739.94,738.99,739.3,99650.0
2026-07-24 04:00:00,739.8377,739.8875,739.092,739.2615,11932.0
2026-07-24 04:15:00,739.3388,739.9192,739.2406,739.901,1211.0
2026-07-24 04:30:00,739.98,740.359,739.9212,740.0517,4178.0
2026-07-24 04:45:00,740.1185,740.1485,739.7712,739.9187,1525.0
2026-07-24 05:00:00,739.9585,740.6787,739.7517,740.0615,1308.0
2026-07-24 05:15:00,740.1582,740.6592,739.9512,740.5012,525.0
2026-07-24 05:30:00,740.549,740.84,740.3712,740.7885,2787.0
2026-07-24 05:45:00,740.7987,740.861,740.5315,740.7112,1302.0
2026-07-24 06:00:00,740.7317,740.83,740.1715,740.29,1536.0
2026-07-24 06:15:00,740.29,740.4,740.099,740.37,8225.0
2026-07-24 06:30:00,740.4385,740.53,740.059,740.1817,1482.0
2026-07-24 06:45:00,740.22,740.2706,739.98,739.999,1037.0
2026-07-24 07:00:00,740.0,740.4107,739.9878,740.257,4358.0
2026-07-24 07:15:00,740.2301,740.36,740.01,740.085,5713.0
2026-07-24 07:30:00,740.0715,740.1984,739.68,739.68,14883.0
2026-07-24 07:45:00,739.6895,740.95,739.5,740.7592,14877.0
2026-07-24 08:00:00,740.598,740.8785,739.92,740.8082,9153.0
2026-07-24 08:15:00,740.74,740.8748,740.24,740.72,17762.0
2026-07-24 08:30:00,740.7012,741.02,739.65,739.7087,14193.0
2026-07-24 08:45:00,739.7029,739.7794,739.05,739.15,25990.0
2026-07-24 09:00:00,739.26,739.27,738.83,739.16,47164.0
2026-07-24 09:15:00,739.1567,739.45,738.48,738.53,52788.0
2026-07-27 04:00:00,744.67,745.32,744.6512,745.3148,24632.0
2026-07-27 04:15:00,745.29,745.645,745.1233,745.5985,2092.0
2026-07-27 04:30:00,745.67,746.04,745.4685,746.03,1836.0
2026-07-27 04:45:00,746.06,746.11,745.8529,746.02,5465.0
2026-07-27 05:00:00,746.04,746.04,745.77,745.81,1051.0
2026-07-27 05:15:00,745.839,746.12,745.7932,745.939,1509.0
2026-07-27 05:30:00,745.94,746.35,745.83,746.3109,2842.0
2026-07-27 05:45:00,746.33,746.519,746.27,746.41,2857.0
2026-07-27 06:00:00,746.32,746.4307,746.0282,746.1992,2964.0
2026-07-27 06:15:00,746.225,746.3,746.1204,746.26,2147.0
2026-07-27 06:30:00,746.24,746.46,746.1,746.36,10453.0
2026-07-27 06:45:00,746.37,746.53,746.2995,746.3209,13503.0
2026-07-27 07:00:00,746.28,746.319,745.805,745.8988,24502.0
2026-07-27 07:15:00,745.8984,746.02,744.989,744.989,7505.0
2026-07-27 07:30:00,744.9392,745.63,744.9392,745.3885,20083.0
2026-07-27 07:45:00,745.35,745.47,745.24,745.31,6208.0
2026-07-27 08:00:00,745.31,745.6299,744.5987,744.6868,6469.0
2026-07-27 08:15:00,744.6616,745.0571,744.63,744.9929,12382.0
2026-07-27 08:30:00,744.94,745.33,744.7969,745.33,13534.0
2026-07-27 08:45:00,745.2611,745.56,745.2416,745.47,20543.0
2026-07-27 09:00:00,745.4307,745.628,745.1012,745.3532,23041.0
2026-07-27 09:15:00,745.3568,745.485,744.83,744.8686,49731.0
2026-07-28 04:00:00,737.27,737.91,736.83,736.86,13554.0
2026-07-28 04:15:00,736.85,738.7,736.85,738.449,3525.0
2026-07-28 04:30:00,738.34,738.87,738.23,738.76,2609.0
2026-07-28 04:45:00,738.78,739.11,738.3341,738.45,4189.0
2026-07-28 05:00:00,738.39,738.801,738.3235,738.447,2088.0
2026-07-28 05:15:00,738.55,738.81,738.42,738.81,3074.0
2026-07-28 05:30:00,738.629,738.77,738.4792,738.6585,637.0
2026-07-28 05:45:00,738.5644,738.72,738.1833,738.26,1187.0
2026-07-28 06:00:00,738.15,738.3707,738.15,738.26,1210.0
2026-07-28 06:15:00,738.179,738.5,737.965,738.5,2468.0
2026-07-28 06:30:00,738.6,738.63,737.702,737.9717,7015.0
2026-07-28 06:45:00,737.94,738.4823,737.93,738.4823,2923.0
2026-07-28 07:00:00,738.5305,738.91,737.59,737.6415,19509.0
2026-07-28 07:15:00,737.6845,739.14,737.6845,738.1389,22593.0
2026-07-28 07:30:00,738.0634,739.201,737.6241,738.07,9889.0
2026-07-28 07:45:00,738.0385,739.49,738.0385,739.4053,12940.0
2026-07-28 08:00:00,739.4082,739.7482,739.1605,739.36,55575.0
2026-07-28 08:15:00,739.37,740.05,739.1312,739.97,73672.0
2026-07-28 08:30:00,739.95,740.25,739.37,740.2315,24553.0
2026-07-28 08:45:00,740.23,740.73,739.8297,739.88,35949.0
2026-07-28 09:00:00,739.94,740.1483,739.52,739.8289,25125.0
2026-07-28 09:15:00,739.87,740.48,739.14,739.14,63278.0
2026-07-29 04:00:00,742.5077,742.5077,741.75,741.77,24507.0
2026-07-29 04:15:00,741.77,742.02,741.2,741.3512,1711.0
2026-07-29 04:30:00,741.329,742.5788,741.27,742.5788,2308.0
2026-07-29 04:45:00,742.57,742.82,742.2882,742.2882,1039.0
2026-07-29 05:00:00,742.2715,742.62,742.25,742.47,1852.0
2026-07-29 05:15:00,742.549,742.549,742.1719,742.27,1629.0
2026-07-29 05:30:00,742.31,742.684,742.0487,742.5317,2220.0
2026-07-29 05:45:00,742.601,743.3707,742.56,742.86,3567.0
2026-07-29 06:00:00,742.7687,743.0935,742.49,742.56,13010.0
2026-07-29 06:15:00,742.619,742.8285,742.39,742.7499,4609.0
2026-07-29 06:30:00,742.71,742.72,742.0502,742.3687,2185.0
2026-07-29 06:45:00,742.28,742.335,741.87,742.05,2820.0
2026-07-29 07:00:00,742.05,742.68,741.9357,742.42,14841.0
2026-07-29 07:15:00,742.4292,742.7276,742.3693,742.49,18180.0
2026-07-29 07:30:00,742.4463,742.5494,742.0,742.1308,10063.0
2026-07-29 07:45:00,742.15,742.55,741.9915,742.31,14313.0
2026-07-29 08:00:00,742.36,742.42,741.3821,741.475,5194.0
2026-07-29 08:15:00,741.4908,741.5299,740.0,740.3,57315.0
2026-07-29 08:30:00,740.2,740.9456,739.9292,740.9281,33811.0
2026-07-29 08:45:00,740.9699,740.99,740.5597,740.6487,14364.0
2026-07-29 09:00:00,740.67,740.7024,739.74,739.77,19942.0
2026-07-29 09:15:00,739.7617,740.81,739.56,739.78,84413.0
2026-07-30 04:00:00,731.57,731.712,729.8492,731.5182,27719.0
2026-07-30 04:15:00,731.37,732.5,731.289,732.3,12325.0
2026-07-30 04:30:00,732.2679,732.53,731.9687,732.2,5533.0
2026-07-30 04:45:00,732.0488,732.23,731.5012,731.86,2581.0
2026-07-30 05:00:00,731.86,732.915,731.8187,732.61,4285.0
2026-07-30 05:15:00,732.459,733.1,732.459,732.96,6057.0
2026-07-30 05:30:00,732.9,733.38,732.72,732.91,5848.0
2026-07-30 05:45:00,732.86,733.03,732.03,732.09,3427.0
2026-07-30 06:00:00,731.999,732.71,731.7987,732.3212,2269.0
2026-07-30 06:15:00,732.3696,733.46,732.3696,733.25,6797.0
2026-07-30 06:30:00,733.23,733.71,733.05,733.57,3544.0
2026-07-30 06:45:00,733.4982,733.8,733.0,733.09,14576.0
2026-07-30 07:00:00,733.08,733.85,733.0706,733.6018,27966.0
2026-07-30 07:15:00,733.62,734.31,733.5397,734.2612,15304.0
2026-07-30 07:30:00,734.3059,734.48,733.9985,734.1001,51403.0
2026-07-30 07:45:00,734.13,734.73,734.13,734.55,36319.0
2026-07-30 08:00:00,734.52,735.0402,734.13,735.0,48980.0
2026-07-30 08:15:00,735.02,735.0408,734.19,734.4079,34706.0
2026-07-30 08:30:00,734.4601,735.15,733.9353,734.0864,77017.0
2026-07-30 08:45:00,734.1548,734.6317,733.89,734.4172,36322.0
2026-07-30 09:00:00,734.5117,735.55,734.36,734.8131,51416.0
2026-07-30 09:15:00,734.79,736.09,734.711,735.99,64927.0
2026-07-31 04:00:00,745.54,745.79,745.06,745.76,17548.0
2026-07-31 04:15:00,745.79,746.07,745.61,746.0,2156.0
2026-07-31 04:30:00,745.79,745.92,745.529,745.6,2555.0
2026-07-31 04:45:00,745.6,746.15,745.6,746.0912,6259.0
2026-07-31 05:00:00,746.0687,746.5455,745.929,746.3695,5532.0
2026-07-31 05:15:00,746.3412,746.45,745.93,746.0187,6159.0
2026-07-31 05:30:00,745.95,746.0,745.2084,745.48,6546.0
2026-07-31 05:45:00,745.509,745.57,745.18,745.18,904.0
2026-07-31 06:00:00,745.14,745.59,745.025,745.499,4849.0
2026-07-31 06:15:00,745.53,746.0,745.48,745.7267,1650.0
2026-07-31 06:30:00,745.72,745.82,745.2387,745.6187,4136.0
2026-07-31 06:45:00,745.6588,745.73,745.24,745.38,2923.0
2026-07-31 07:00:00,745.46,745.9,745.3523,745.49,11538.0
2026-07-31 07:15:00,745.5,745.5,744.78,744.8,19928.0
2026-07-31 07:30:00,744.78,744.8,744.27,744.4319,7579.0
2026-07-31 07:45:00,744.45,744.8,744.42,744.71,10952.0
2026-07-31 08:00:00,744.7112,744.7112,743.78,743.82,11941.0
2026-07-31 08:15:00,743.79,744.0469,743.4,744.0088,13331.0
2026-07-31 08:30:00,743.84,743.9201,742.78,743.1424,66922.0
2026-07-31 08:45:00,743.15,743.49,742.8376,743.09,9331.0
2026-07-31 09:00:00,743.06,743.9,742.97,743.81,41765.0
2026-07-31 09:15:00,743.81,744.75,743.8,744.66,88223.0
2026-08-03 04:00:00,750.9,750.9,749.93,750.43,32428.0
2026-08-03 04:15:00,750.3487,750.4087,749.65,749.8,5952.0
2026-08-03 04:30:00,749.9,750.565,749.6746,750.3012,5072.0
2026-08-03 04:45:00,750.31,750.7612,750.11,750.7612,3625.0
2026-08-03 05:00:00,750.8224,750.8685,750.25,750.47,1397.0
2026-08-03 05:15:00,750.4798,750.7,750.38,750.4,3214.0
2026-08-03 05:30:00,750.47,750.7685,750.44,750.47,1250.0
2026-08-03 05:45:00,750.6712,750.7,750.259,750.629,3114.0
2026-08-03 06:00:00,750.61,750.85,750.4781,750.75,2473.0
2026-08-03 06:15:00,750.71,750.88,750.609,750.851,2224.0
2026-08-03 06:30:00,750.85,751.09,750.71,751.09,3037.0
2026-08-03 06:45:00,751.099,751.1499,750.94,751.0848,9861.0
2026-08-03 07:00:00,751.11,751.1787,750.6,750.865,14518.0
2026-08-03 07:15:00,750.869,751.22,750.8251,751.01,30065.0
2026-08-03 07:30:00,751.02,751.58,750.8992,751.2316,13084.0
2026-08-03 07:45:00,751.2303,751.2901,750.4346,750.62,12629.0
2026-08-03 08:00:00,750.585,750.5887,750.18,750.4705,43409.0
2026-08-03 08:15:00,750.4844,750.74,750.2811,750.6898,14759.0
2026-08-03 08:30:00,750.6968,751.38,750.66,751.3607,73273.0
2026-08-03 08:45:00,751.3763,751.45,751.0534,751.156,36002.0
2026-08-03 09:00:00,751.1756,751.31,750.995,751.051,22690.0
2026-08-03 09:15:00,751.085,751.39,749.34,749.57,141925.0
2026-08-04 04:00:00,759.2222,759.43,759.1285,759.2912,6612.0
2026-08-04 04:15:00,759.31,759.5055,759.12,759.2433,5348.0
2026-08-04 04:30:00,759.2292,759.2292,758.6556,758.7269,3036.0
2026-08-04 04:45:00,758.6592,758.74,758.47,758.5792,2209.0
2026-08-04 05:00:00,758.589,758.6075,758.15,758.3,3584.0
2026-08-04 05:15:00,758.289,758.32,758.11,758.2469,7347.0
2026-08-04 05:30:00,758.3512,758.75,758.3512,758.665,1206.0
2026-08-04 05:45:00,758.7,758.78,758.38,758.601,4462.0
2026-08-04 06:00:00,758.6526,758.8274,758.539,758.72,1239.0
2026-08-04 06:15:00,758.77,758.77,758.529,758.6,6381.0
2026-08-04 06:30:00,758.51,759.3517,758.49,759.249,11787.0
2026-08-04 06:45:00,759.239,759.68,759.0812,759.2082,3959.0
2026-08-04 07:00:00,759.2,759.407,759.0987,759.2987,5284.0
2026-08-04 07:15:00,759.2887,759.78,759.2079,759.7077,7982.0
2026-08-04 07:30:00,759.715,760.551,759.4495,760.3987,24142.0
2026-08-04 07:45:00,760.3985,760.68,760.1,760.3562,82651.0
2026-08-04 08:00:00,760.32,760.64,760.07,760.11,28222.0
2026-08-04 08:15:00,760.081,760.46,760.0485,760.3645,14198.0
2026-08-04 08:30:00,760.339,760.4556,760.1485,760.38,13997.0
2026-08-04 08:45:00,760.3792,760.4286,760.019,760.0644,11278.0
2026-08-04 09:00:00,760.02,760.36,759.87,760.27,19558.0
2026-08-04 09:15:00,760.2861,761.44,760.22,760.59,67882.0
2026-08-05 04:00:00,774.11,774.54,773.49,773.64,29897.0
2026-08-05 04:15:00,773.6759,773.77,773.11,773.401,4294.0
2026-08-05 04:30:00,773.46,773.46,772.959,773.1315,4360.0
2026-08-05 04:45:00,773.1685,773.3607,772.9195,773.3,4390.0
2026-08-05 05:00:00,773.2912,773.581,773.169,773.4785,2676.0
2026-08-05 05:15:00,773.49,773.739,773.2652,773.721,5099.0
2026-08-05 05:30:00,773.7602,774.06,773.7292,773.9,6111.0
2026-08-05 05:45:00,773.8587,773.9212,773.6,773.7087,2181.0
2026-08-05 06:00:00,773.699,773.8731,773.6292,773.7687,4172.0
2026-08-05 06:15:00,773.7585,774.195,773.719,774.195,1677.0
2026-08-05 06:30:00,774.17,774.341,774.05,774.1607,5599.0
2026-08-05 06:45:00,774.22,774.6502,774.13,774.57,9866.0
2026-08-05 07:00:00,774.59,774.75,774.37,774.6385,27854.0
2026-08-05 07:15:00,774.6411,774.8,774.2997,774.2997,36935.0
2026-08-05 07:30:00,774.2995,774.6687,774.17,774.3197,14237.0
2026-08-05 07:45:00,774.299,774.69,774.1,774.6707,21416.0
2026-08-05 08:00:00,774.68,775.09,774.5902,774.98,25922.0
2026-08-05 08:15:00,774.9763,775.42,774.8285,775.2093,28752.0
2026-08-05 08:30:00,775.2598,775.299,774.48,775.12,18414.0
2026-08-05 08:45:00,775.087,775.1815,774.7395,774.8444,15741.0
2026-08-05 09:00:00,774.86,775.698,774.86,775.46,52665.0
2026-08-05 09:15:00,775.44,775.94,775.19,775.9,40885.0
2026-08-06 04:00:00,770.9,770.968,770.0787,770.2917,13538.0
2026-08-06 04:15:00,770.3082,771.001,770.1985,770.9887,1897.0
2026-08-06 04:30:00,771.0177,771.35,771.01,771.1392,2576.0
2026-08-06 04:45:00,771.201,771.5,771.0,771.461,4348.0
2026-08-06 05:00:00,771.4592,771.4592,770.52,770.5915,1658.0
2026-08-06 05:15:00,770.6115,771.141,770.6115,771.039,1044.0
2026-08-06 05:30:00,771.04,771.1907,770.8797,771.109,453.0
2026-08-06 05:45:00,771.1505,771.705,771.12,771.66,983.0
2026-08-06 06:00:00,771.65,771.7,771.319,771.3323,1444.0
2026-08-06 06:15:00,771.321,771.609,771.215,771.5392,1330.0
2026-08-06 06:30:00,771.5112,771.5413,770.949,771.02,1581.0
2026-08-06 06:45:00,771.0087,771.1515,770.8992,771.1515,694.0
2026-08-06 07:00:00,771.17,771.17,770.0452,770.5515,7418.0
2026-08-06 07:15:00,770.609,771.2212,770.6007,771.1992,4966.0
2026-08-06 07:30:00,771.2318,771.5692,771.1617,771.23,5257.0
2026-08-06 07:45:00,771.1992,771.3615,770.44,770.959,18789.0
2026-08-06 08:00:00,770.9524,771.001,770.3449,770.45,29086.0
2026-08-06 08:15:00,770.4564,771.01,770.216,770.8,6308.0
2026-08-06 08:30:00,770.784,771.14,770.5382,770.81,7416.0
2026-08-06 08:45:00,770.8424,770.961,770.2615,770.4443,58284.0
2026-08-06 09:00:00,770.3995,770.5,769.79,769.9354,18858.0
2026-08-06 09:15:00,769.9507,770.6,769.83,770.6,61285.0
2026-08-07 04:00:00,769.2912,769.9112,769.2685,769.9,10324.0
2026-08-07 04:15:00,769.87,769.93,769.49,769.6495,3112.0
2026-08-07 04:30:00,769.69,769.99,769.47,769.64,2923.0
2026-08-07 04:45:00,769.6392,769.8915,769.61,769.8012,141796.0
2026-08-07 05:00:00,769.809,770.07,769.7312,769.989,3779.0
2026-08-07 05:15:00,769.9612,770.15,769.7892,769.9697,2111.0
2026-08-07 05:30:00,769.95,770.1397,769.9092,769.9677,1086.0
2026-08-07 05:45:00,769.951,770.101,769.84,769.9088,1205.0
2026-08-07 06:00:00,769.8887,769.991,769.8292,769.8292,2507.0
2026-08-07 06:15:00,769.809,769.9707,769.68,769.9707,2049.0
2026-08-07 06:30:00,769.9722,770.141,769.939,770.141,2052.0
2026-08-07 06:45:00,770.1607,770.1607,769.7864,769.94,7304.0
2026-08-07 07:00:00,769.945,770.45,769.92,770.2885,5195.0
2026-08-07 07:15:00,770.2858,770.75,770.2858,770.639,8629.0
2026-08-07 07:30:00,770.639,770.93,770.576,770.88,9158.0
2026-08-07 07:45:00,770.8853,770.8853,770.12,770.149,9033.0
2026-08-07 08:00:00,770.1392,770.8294,770.02,770.5695,14989.0
2026-08-07 08:15:00,770.57,771.1305,770.19,771.01,32205.0
2026-08-07 08:30:00,770.88,772.85,770.8,772.48,230128.0
2026-08-07 08:45:00,772.5015,773.11,772.5015,772.6902,56790.0
2026-08-07 09:00:00,772.7,772.78,771.25,771.38,47028.0
2026-08-07 09:15:00,771.36,771.47,770.649,770.9,66864.0
2026-08-10 04:00:00,774.53,774.68,774.2992,774.4507,11830.0
2026-08-10 04:15:00,774.4212,774.61,774.259,774.38,1627.0
2026-08-10 04:30:00,774.45,774.63,774.32,774.42,1897.0
2026-08-10 04:45:00,774.45,774.54,774.309,774.52,863.0
2026-08-10 05:00:00,774.4937,774.57,774.4195,774.5054,832.0
2026-08-10 05:15:00,774.5127,774.61,774.3992,774.5548,1303.0
2026-08-10 05:30:00,774.5692,774.6507,774.19,774.3007,1054.0
2026-08-10 05:45:00,774.28,774.34,774.2353,774.2353,4359.0
2026-08-10 06:00:00,774.28,774.4013,774.0195,774.0787,4619.0
2026-08-10 06:15:00,774.0082,774.4285,774.0082,774.3785,732.0
2026-08-10 06:30:00,774.3668,774.3668,773.8292,773.95,2488.0
2026-08-10 06:45:00,773.9515,774.081,773.76,773.8717,2971.0
2026-08-10 07:00:00,773.84,773.9707,773.1792,773.331,9083.0
2026-08-10 07:15:00,773.3381,773.9,773.3197,773.8896,5426.0
2026-08-10 07:30:00,773.8861,774.02,773.7195,773.7195,42535.0
2026-08-10 07:45:00,773.689,773.8,773.3885,773.5515,43254.0
2026-08-10 08:00:00,773.5602,773.8822,773.41,773.4743,12114.0
2026-08-10 08:15:00,773.44,773.4444,772.96,773.1797,10219.0
2026-08-10 08:30:00,773.1882,773.2035,772.6259,772.7692,25408.0
2026-08-10 08:45:00,772.759,772.88,772.49,772.6603,6700.0
2026-08-10 09:00:00,772.66,773.03,772.619,772.92,13638.0
2026-08-10 09:15:00,772.9623,773.0497,772.34,772.75,23389.0
2026-08-11 04:00:00,773.0588,773.3612,772.49,772.5488,10255.0
2026-08-11 04:15:00,772.5097,772.8578,772.4,772.6892,2410.0
2026-08-11 04:30:00,772.771,773.0188,772.51,773.0188,1931.0
2026-08-11 04:45:00,773.0087,773.05,772.8112,772.8995,1634.0
2026-08-11 05:00:00,772.92,772.9787,772.5595,772.7687,359.0
2026-08-11 05:15:00,772.7902,773.1707,772.779,773.0007,680.0
2026-08-11 05:30:00,773.081,773.379,773.081,773.2387,563.0
2026-08-11 05:45:00,773.2285,773.3285,773.14,773.179,1322.0
2026-08-11 06:00:00,773.2002,773.2002,772.97,772.995,1337.0
2026-08-11 06:15:00,772.9962,774.121,772.9392,773.955,2593.0
2026-08-11 06:30:00,773.95,773.95,773.649,773.79,2243.0
2026-08-11 06:45:00,773.871,774.0,773.8058,773.85,1139.0
2026-08-11 07:00:00,773.9002,774.9345,773.8567,774.7212,44578.0
2026-08-11 07:15:00,774.72,774.78,774.1,774.2283,6038.0
2026-08-11 07:30:00,774.2418,774.311,773.9948,774.1585,8320.0
2026-08-11 07:45:00,774.1801,774.43,774.0845,774.2664,13788.0
2026-08-11 08:00:00,774.3,774.6447,774.1715,774.6179,36206.0
2026-08-11 08:15:00,774.5975,774.85,773.8695,774.1551,46841.0
2026-08-11 08:30:00,774.099,774.4487,773.9891,774.32,11678.0
2026-08-11 08:45:00,774.3137,774.37,774.06,774.15,12270.0
2026-08-11 09:00:00,774.1162,774.535,774.0457,774.15,10158.0
2026-08-11 09:15:00,774.16,774.656,774.0031,774.43,32990.0
2026-08-12 04:00:00,771.5,771.7887,771.3,771.6888,11527.0
2026-08-12 04:15:00,771.6492,771.8007,771.6492,771.7,1678.0
2026-08-12 04:30:00,771.7387,771.7387,771.3597,771.56,3619.0
2026-08-12 04:45:00,771.55,771.89,771.51,771.7992,1031.0
2026-08-12 05:00:00,771.7987,772.0456,771.7612,771.9892,819.0
2026-08-12 05:15:00,772.05,772.7805,771.96,772.355,5198.0
2026-08-12 05:30:00,772.3215,772.5487,772.3215,772.45,1705.0
2026-08-12 05:45:00,772.44,772.57,772.02,772.14,1015.0
2026-08-12 06:00:00,772.1787,772.47,772.137,772.4277,1490.0
2026-08-12 06:15:00,772.44,772.4907,772.3392,772.3392,12314.0
2026-08-12 06:30:00,772.3192,772.4901,772.289,772.4685,1275.0
2026-08-12 06:45:00,772.45,772.52,771.46,772.1588,12524.0
2026-08-12 07:00:00,772.12,772.46,772.111,772.2,19975.0
2026-08-12 07:15:00,772.19,772.1992,772.0,772.15,4252.0
2026-08-12 07:30:00,772.1194,772.3902,772.0722,772.3745,5939.0
2026-08-12 07:45:00,772.3497,772.67,772.32,772.6,33760.0
2026-08-12 08:00:00,772.59,772.86,772.3841,772.4892,69653.0
2026-08-12 08:15:00,772.4943,773.62,772.4,773.28,42706.0
2026-08-12 08:30:00,773.63,774.38,771.62,773.8585,124203.0
2026-08-12 08:45:00,773.831,774.0,773.4992,774.0,28094.0
2026-08-12 09:00:00,773.97,774.22,773.8397,774.1,23512.0
2026-08-12 09:15:00,774.09,774.82,774.04,774.8,54615.0
2026-08-13 04:00:00,773.3512,773.5623,773.0812,773.5012,11757.0
2026-08-13 04:15:00,773.5248,773.77,773.3087,773.74,2438.0
2026-08-13 04:30:00,773.6915,773.7685,773.5804,773.7685,2673.0
2026-08-13 04:45:00,773.7685,773.86,773.65,773.78,7078.0
2026-08-13 05:00:00,773.78,773.82,773.5192,773.5192,1125.0
2026-08-13 05:15:00,773.5087,773.7499,773.359,773.6,2535.0
2026-08-13 05:30:00,773.57,773.875,773.57,773.875,297.0
2026-08-13 05:45:00,773.8758,774.01,773.86,774.0,3381.0
2026-08-13 06:00:00,773.9895,774.009,773.8497,773.8907,968.0
2026-08-13 06:15:00,773.9,774.0387,773.8687,773.8687,630.0
2026-08-13 06:30:00,773.96,774.019,773.9069,773.971,3060.0
2026-08-13 06:45:00,773.99,774.12,773.9412,774.069,3272.0
2026-08-13 07:00:00,774.02,774.14,773.94,774.0144,4244.0
2026-08-13 07:15:00,774.0446,774.0446,773.83,773.95,21652.0
2026-08-13 07:30:00,773.9543,774.37,773.8983,774.37,7042.0
2026-08-13 07:45:00,774.4,774.4363,773.9261,773.969,5118.0
2026-08-13 08:00:00,773.97,773.9899,773.66,773.7985,5731.0
2026-08-13 08:15:00,773.7512,773.84,773.43,773.84,13778.0
2026-08-13 08:30:00,774.04,774.5,773.3495,773.9858,27179.0
2026-08-13 08:45:00,773.9645,774.3758,773.9234,774.3705,30245.0
2026-08-13 09:00:00,774.36,774.69,774.3507,774.61,46132.0
2026-08-13 09:15:00,774.6142,774.9,774.5492,774.9,16483.0
2026-08-14 04:00:00,778.082,778.3407,777.969,778.1185,7999.0
2026-08-14 04:15:00,778.2012,778.35,778.0692,778.35,1106.0
2026-08-14 04:30:00,778.3907,778.62,778.3692,778.479,1445.0
2026-08-14 04:45:00,778.4687,778.64,778.4112,778.4112,598.0
2026-08-14 05:00:00,778.439,778.439,778.2492,778.3987,1754.0
2026-08-14 05:15:00,778.369,778.5587,778.2985,778.41,292.0
2026-08-14 05:30:00,778.4,778.4088,778.181,778.28,601.0
2026-08-14 05:45:00,778.301,778.525,778.301,778.5215,535.0
2026-08-14 06:00:00,778.5276,778.72,778.52,778.6002,795.0
2026-08-14 06:15:00,778.6005,778.62,778.43,778.46,263.0
2026-08-14 06:30:00,778.4952,778.61,778.369,778.4507,2564.0
2026-08-14 06:45:00,778.5188,778.63,778.4304,778.6205,1228.0
2026-08-14 07:00:00,778.67,778.72,778.5054,778.5056,5420.0
2026-08-14 07:15:00,778.5211,778.5545,778.4068,778.4763,6446.0
2026-08-14 07:30:00,778.48,778.76,778.4606,778.65,3132.0
2026-08-14 07:45:00,778.64,778.84,778.6,778.71,9018.0
2026-08-14 08:00:00,778.6712,778.7527,777.91,778.4511,31340.0
2026-08-14 08:15:00,778.4482,778.6,778.279,778.5929,9990.0
2026-08-14 08:30:00,778.6,778.9045,778.56,778.64,21725.0
2026-08-14 08:45:00,778.65,778.88,778.61,778.8087,14604.0
2026-08-14 09:00:00,778.81,778.82,778.3892,778.3938,14151.0
2026-08-14 09:15:00,778.39,778.7098,778.39,778.54,36070.0
2026-08-17 04:00:00,777.71,777.81,777.399,777.43,10825.0
2026-08-17 04:15:00,777.39,777.52,777.359,777.44,769.0
2026-08-17 04:30:00,777.49,777.55,777.279,777.279,752.0
2026-08-17 04:45:00,777.28,777.4943,777.21,777.4623,1432.0
2026-08-17 05:00:00,777.4787,777.63,777.429,777.62,1501.0
2026-08-17 05:15:00,777.56,777.56,777.3685,777.389,1955.0
2026-08-17 05:30:00,777.379,777.41,777.2492,777.35,755.0
2026-08-17 05:45:00,777.3612,777.53,777.285,777.311,839.0
2026-08-17 06:00:00,777.3152,777.48,777.31,777.441,1098.0
2026-08-17 06:15:00,777.51,778.2207,777.1092,778.2207,3976.0
2026-08-17 06:30:00,778.1687,778.23,777.3682,777.53,2372.0
2026-08-17 06:45:00,777.5195,777.55,777.4495,777.4907,958.0
2026-08-17 07:00:00,777.47,777.65,777.3378,777.433,16136.0
2026-08-17 07:15:00,777.4043,777.43,777.1574,777.34,12585.0
2026-08-17 07:30:00,777.34,777.5088,777.2857,777.4,23281.0
2026-08-17 07:45:00,777.3531,777.4214,777.12,777.16,7624.0
2026-08-17 08:00:00,777.17,777.249,776.78,777.2,10614.0
2026-08-17 08:15:00,777.22,777.31,776.39,776.6707,38854.0
2026-08-17 08:30:00,776.62,776.8181,776.1492,776.2253,56353.0
2026-08-17 08:45:00,776.2543,776.35,776.0,776.197,8549.0
2026-08-17 09:00:00,776.21,776.5088,776.19,776.46,16850.0
2026-08-17 09:15:00,776.47,776.63,776.1592,776.1592,32886.0
2026-08-18 04:00:00,768.7,769.04,767.8,768.605,30763.0
2026-08-18 04:15:00,768.64,768.81,768.31,768.6634,6678.0
2026-08-18 04:30:00,768.67,769.1585,768.5815,769.0987,2212.0
2026-08-18 04:45:00,769.02,769.02,768.6,768.97,2695.0
2026-08-18 05:00:00,768.9987,769.14,768.72,768.7701,1381.0
2026-08-18 05:15:00,768.6885,768.76,768.3801,768.6592,3638.0
2026-08-18 05:30:00,768.63,768.85,768.285,768.4888,3763.0
2026-08-18 05:45:00,768.57,769.015,768.325,768.9595,1143.0
2026-08-18 06:00:00,769.0,769.21,768.9377,768.99,5433.0
2026-08-18 06:15:00,769.04,769.0869,768.86,769.07,1717.0
2026-08-18 06:30:00,769.0792,769.2988,768.95,768.95,24578.0
2026-08-18 06:45:00,768.96,769.415,768.95,769.179,8149.0
2026-08-18 07:00:00,769.17,769.61,769.105,769.571,15060.0
2026-08-18 07:15:00,769.5594,769.66,769.45,769.5899,8048.0
2026-08-18 07:30:00,769.491,769.71,769.22,769.5962,39197.0
2026-08-18 07:45:00,769.625,769.8448,769.4086,769.5163,28605.0
2026-08-18 08:00:00,769.44,769.88,769.3,769.4196,8643.0
2026-08-18 08:15:00,769.4226,769.89,769.26,769.309,25114.0
2026-08-18 08:30:00,769.34,769.3814,768.9,768.95,18382.0
2026-08-18 08:45:00,769.0,769.6,768.9492,769.5955,45723.0
2026-08-18 09:00:00,769.58,769.6415,769.05,769.1114,14199.0
2026-08-18 09:15:00,769.1023,769.22,768.45,768.69,36327.0
2026-08-19 04:00:00,767.8807,768.13,767.73,767.92,20484.0
2026-08-19 04:15:00,767.9233,768.2205,767.85,768.12,1142.0
2026-08-19 04:30:00,768.16,768.16,767.9592,768.0412,768.0
2026-08-19 04:45:00,768.12,768.14,767.83,767.8397,860.0
2026-08-19 05:00:00,767.87,768.13,767.7387,767.7395,605.0
2026-08-19 05:15:00,767.64,767.68,767.4819,767.5,935.0
2026-08-19 05:30:00,767.61,767.67,767.4,767.4,910.0
2026-08-19 05:45:00,767.43,767.5287,767.29,767.363,4117.0
2026-08-19 06:00:00,767.42,767.5,767.1001,767.3902,2948.0
2026-08-19 06:15:00,767.38,767.38,767.0212,767.32,1438.0
2026-08-19 06:30:00,767.3701,767.63,767.25,767.621,1404.0
2026-08-19 06:45:00,767.6322,767.6768,767.38,767.3912,725.0
2026-08-19 07:00:00,767.4,768.0,767.4,767.83,10085.0
2026-08-19 07:15:00,767.8466,767.95,767.6915,767.7815,3873.0
2026-08-19 07:30:00,767.79,767.8557,767.4284,767.6715,5962.0
2026-08-19 07:45:00,767.6223,767.85,767.5615,767.831,3410.0
2026-08-19 08:00:00,767.82,767.9424,767.55,767.81,12468.0
2026-08-19 08:15:00,767.83,768.0903,767.7,767.7425,20263.0
2026-08-19 08:30:00,767.79,770.145,767.6,770.1201,194064.0
2026-08-19 08:45:00,770.1701,771.8324,770.1701,770.876,202698.0
2026-08-19 09:00:00,770.8399,770.98,770.08,770.9,63159.0
2026-08-19 09:15:00,770.89,771.0816,770.34,770.34,47748.0
2026-08-20 04:00:00,769.1,769.4491,768.615,768.7717,7084.0
2026-08-20 04:15:00,768.8682,768.97,768.3412,768.4358,2599.0
2026-08-20 04:30:00,768.43,768.5987,767.82,768.2587,4783.0
2026-08-20 04:45:00,768.1782,768.255,767.7,768.04,10298.0
2026-08-20 05:00:00,768.03,768.8282,767.9587,768.5509,1245.0
2026-08-20 05:15:00,768.6033,768.76,768.5182,768.589,116.0
2026-08-20 05:30:00,768.58,768.6782,768.2915,768.57,1133.0
2026-08-20 05:45:00,768.6812,768.805,768.3953,768.6,922.0
2026-08-20 06:00:00,768.5,769.01,768.2943,769.01,562.0
2026-08-20 06:15:00,769.0088,769.02,768.67,768.88,3958.0
2026-08-20 06:30:00,768.81,769.011,768.561,768.7116,1963.0
2026-08-20 06:45:00,768.6715,769.17,768.67,769.17,1227.0
2026-08-20 07:00:00,769.185,769.46,768.2212,768.53,22575.0
2026-08-20 07:15:00,768.5669,768.76,767.5504,767.57,14831.0
2026-08-20 07:30:00,767.61,768.0003,767.4,767.5213,16020.0
2026-08-20 07:45:00,767.5,767.5699,766.46,766.5524,37894.0
2026-08-20 08:00:00,766.6,766.6,764.6187,764.86,66964.0
2026-08-20 08:15:00,764.83,765.3688,764.7,764.84,43708.0
2026-08-20 08:30:00,764.8485,767.945,764.15,764.9984,53238.0
2026-08-20 08:45:00,764.9785,765.86,764.921,765.78,33503.0
2026-08-20 09:00:00,765.78,766.31,765.57,765.57,24107.0
2026-08-20 09:15:00,765.61,765.99,765.4012,765.95,25338.0
2026-08-21 04:00:00,764.69,766.6,764.24,764.3915,25224.0
2026-08-21 04:15:00,764.45,764.88,764.34,764.77,2616.0
2026-08-21 04:30:00,764.8088,765.099,764.79,765.071,2950.0
2026-08-21 04:45:00,765.0692,765.31,765.04,765.2292,3671.0
2026-08-21 05:00:00,765.2292,765.23,764.7,765.059,2758.0
2026-08-21 05:15:00,765.02,765.13,764.981,764.9888,956.0
2026-08-21 05:30:00,765.0,765.27,764.87,765.24,2150.0
2026-08-21 05:45:00,765.1,765.32,765.0605,765.26,1973.0
2026-08-21 06:00:00,765.3007,765.64,765.0392,765.1234,4929.0
2026-08-21 06:15:00,765.19,765.31,765.0,765.295,1535.0
2026-08-21 06:30:00,765.31,765.34,765.12,765.12,1247.0
2026-08-21 06:45:00,765.1207,765.54,765.11,765.2971,2104.0
2026-08-21 07:00:00,765.24,765.37,764.9019,765.1869,21934.0
2026-08-21 07:15:00,765.1897,766.24,765.1897,766.061,19261.0
2026-08-21 07:30:00,766.07,766.34,765.79,766.26,54562.0
2026-08-21 07:45:00,766.26,766.2866,765.77,765.9547,20447.0
2026-08-21 08:00:00,765.9457,766.1,765.7377,765.84,43111.0
2026-08-21 08:15:00,765.83,766.48,765.7738,766.48,17262.0
2026-08-21 08:30:00,766.49,766.83,766.22,766.78,29275.0
2026-08-21 08:45:00,766.82,766.84,766.4,766.4875,24089.0
2026-08-21 09:00:00,766.45,766.6184,765.51,765.6161,23312.0
2026-08-21 09:15:00,765.5909,766.02,764.96,765.99,99821.0
2026-08-24 04:00:00,763.71,764.6135,763.495,764.18,9827.0
2026-08-24 04:15:00,764.1387,764.5,764.0,764.33,242759.0
2026-08-24 04:30:00,764.29,764.8505,764.29,764.773,892.0
2026-08-24 04:45:00,764.8392,764.9788,764.72,764.72,1216.0
2026-08-24 05:00:00,764.5882,764.99,764.5,764.8165,1220.0
2026-08-24 05:15:00,764.7512,764.83,764.4075,764.4288,2863.0
2026-08-24 05:30:00,764.4292,764.73,764.4212,764.5912,521.0
2026-08-24 05:45:00,764.6487,764.8387,764.5512,764.64,819.0
2026-08-24 06:00:00,764.639,764.7052,764.2512,764.3285,723.0
2026-08-24 06:15:00,764.2887,764.5495,764.13,764.18,3053.0
2026-08-24 06:30:00,764.1885,764.52,763.98,763.98,1276.0
2026-08-24 06:45:00,764.021,764.029,763.5312,763.6007,1780.0
2026-08-24 07:00:00,763.61,763.7354,763.0112,763.3605,7166.0
2026-08-24 07:15:00,763.3103,763.77,763.3103,763.55,2177.0
2026-08-24 07:30:00,763.69,765.22,763.69,764.7042,42533.0
2026-08-24 07:45:00,764.68,764.68,764.2417,764.55,4270.0
2026-08-24 08:00:00,764.53,764.58,764.151,764.3147,9439.0
2026-08-24 08:15:00,764.2918,764.72,764.12,764.6766,9567.0
2026-08-24 08:30:00,764.6655,764.78,763.55,764.2102,87935.0
2026-08-24 08:45:00,764.31,764.51,764.15,764.3987,1908.0
2026-08-24 09:00:00,764.3838,764.56,764.2778,764.3,30006.0
2026-08-24 09:15:00,764.3485,764.757,764.19,764.757,25988.0
2026-08-25 04:00:00,764.89,765.2,764.7387,764.8215,18921.0
2026-08-25 04:15:00,764.9717,766.6088,764.9717,765.829,9075.0
2026-08-25 04:30:00,765.81,766.1087,765.571,765.82,2164.0
2026-08-25 04:45:00,766.0342,766.35,765.9712,766.35,2122.0
2026-08-25 05:00:00,766.35,766.6955,766.1387,766.6297,4143.0
2026-08-25 05:15:00,766.59,766.72,766.41,766.569,2347.0
2026-08-25 05:30:00,766.56,767.5407,766.53,767.189,7565.0
2026-08-25 05:45:00,767.1787,768.0017,767.09,767.5841,8487.0
2026-08-25 06:00:00,767.589,767.6488,767.14,767.32,4912.0
2026-08-25 06:15:00,767.4087,767.4087,766.9697,767.0161,6042.0
2026-08-25 06:30:00,767.01,767.08,766.6512,766.689,1567.0
2026-08-25 06:45:00,766.6685,766.95,766.66,766.85,1705.0
2026-08-25 07:00:00,766.84,766.84,766.04,766.4619,16412.0
2026-08-25 07:15:00,766.4868,766.66,766.3162,766.58,4576.0
2026-08-25 07:30:00,766.58,766.94,766.5201,766.8361,6336.0
2026-08-25 07:45:00,766.8362,767.35,766.8362,767.0601,54717.0
2026-08-25 08:00:00,767.12,767.19,766.77,767.1,9747.0
2026-08-25 08:15:00,767.0512,767.52,767.001,767.2,18176.0
2026-08-25 08:30:00,767.19,767.19,766.15,766.42,36762.0
2026-08-25 08:45:00,766.4,766.68,766.29,766.46,10237.0
2026-08-25 09:00:00,766.459,766.6742,766.22,766.52,27470.0
2026-08-25 09:15:00,766.48,766.72,766.1,766.18,34890.0
2026-08-26 04:00:00,765.342,765.7266,765.19,765.289,5156.0
2026-08-26 04:15:00,765.25,765.6534,765.1,765.651,1314.0
2026-08-26 04:30:00,765.6585,765.8512,765.4512,765.8,573.0
2026-08-26 04:45:00,765.8,765.8085,765.3795,765.621,651.0
2026-08-26 05:00:00,765.6487,765.69,765.43,765.4685,922.0
2026-08-26 05:15:00,765.49,765.49,765.1587,765.219,1043.0
2026-08-26 05:30:00,765.45,765.5307,765.36,765.435,447.0
2026-08-26 05:45:00,765.4787,765.7115,765.431,765.69,882.0
2026-08-26 06:00:00,765.6892,765.6892,765.2112,765.2315,552.0
2026-08-26 06:15:00,765.2987,765.41,765.1832,765.25,352.0
2026-08-26 06:30:00,765.0992,765.7605,765.001,765.54,686.0
2026-08-26 06:45:00,765.48,765.63,765.4,765.5107,1414.0
2026-08-26 07:00:00,765.47,765.821,765.47,765.785,5219.0
2026-08-26 07:15:00,765.7893,766.18,765.5801,765.763,5716.0
2026-08-26 07:30:00,765.8,765.9466,765.2299,765.401,22662.0
2026-08-26 07:45:00,765.4392,765.5995,765.13,765.5312,17143.0
2026-08-26 08:00:00,765.53,765.6,765.32,765.58,5604.0
2026-08-26 08:15:00,765.5738,766.423,765.3257,766.423,6436.0
2026-08-26 08:30:00,766.15,766.357,764.8049,764.9,61514.0
2026-08-26 08:45:00,764.87,765.1992,764.47,764.7592,16371.0
2026-08-26 09:00:00,764.7408,765.0287,764.5,764.9512,8739.0
2026-08-26 09:15:00,764.96,765.01,764.6307,764.81,23575.0
2026-08-27 04:00:00,768.97,770.1007,768.8487,770.02,16556.0
2026-08-27 04:15:00,770.02,770.265,769.5392,770.265,5855.0
2026-08-27 04:30:00,770.24,770.24,769.7,769.91,2210.0
2026-08-27 04:45:00,769.8259,770.18,769.595,769.6787,1371.0
2026-08-27 05:00:00,769.6097,769.6681,768.969,768.9785,6328.0
2026-08-27 05:15:00,768.97,769.45,768.7587,769.29,10174.0
2026-08-27 05:30:00,769.5007,769.6587,769.4408,769.5,1509.0
2026-08-27 05:45:00,769.5187,769.6499,769.2292,769.287,353.0
2026-08-27 06:00:00,769.219,769.219,768.9115,769.041,960.0
2026-08-27 06:15:00,769.1207,769.2287,768.8,768.8202,5128.0
2026-08-27 06:30:00,768.87,769.1187,768.679,769.0912,2156.0
2026-08-27 06:45:00,769.1287,769.3,768.8712,769.205,2600.0
2026-08-27 07:00:00,769.245,769.8,769.02,769.6597,10516.0
2026-08-27 07:15:00,769.6477,769.7548,769.08,769.0899,55491.0
2026-08-27 07:30:00,769.0612,769.32,768.635,768.9648,26367.0
2026-08-27 07:45:00,768.9012,769.09,768.3432,769.0869,9730.0
2026-08-27 08:00:00,769.03,769.4685,768.94,769.3994,17387.0
2026-08-27 08:15:00,769.4016,769.4221,768.9,769.1171,74562.0
2026-08-27 08:30:00,769.1188,769.125,768.0138,768.0845,17579.0
2026-08-27 08:45:00,768.0636,768.24,767.94,768.02,19553.0
2026-08-27 09:00:00,768.0,768.39,767.91,768.21,61295.0
2026-08-27 09:15:00,768.2,768.5561,768.095,768.39,31876.0
2026-08-28 04:00:00,771.112,771.26,770.7629,771.0,10433.0
2026-08-28 04:15:00,770.86,771.11,770.83,771.039,1641.0
2026-08-28 04:30:00,771.0335,771.579,771.0335,771.4,1448.0
2026-08-28 04:45:00,771.4187,771.4187,770.9592,771.129,836.0
2026-08-28 05:00:00,771.1392,771.15,770.939,770.9601,1093.0
2026-08-28 05:15:00,770.9687,771.07,770.7692,771.0432,327.0
2026-08-28 05:30:00,771.02,771.03,770.9,770.95,261.0
2026-08-28 05:45:00,770.95,771.1786,770.8912,770.97,715.0
2026-08-28 06:00:00,770.89,771.02,770.855,770.9312,2413.0
2026-08-28 06:15:00,770.98,771.08,770.8631,771.0488,202.0
2026-08-28 06:30:00,771.07,771.16,770.83,770.83,219.0
2026-08-28 06:45:00,770.8095,771.0334,770.77,771.0334,309.0
2026-08-28 07:00:00,771.08,771.21,770.8453,771.0553,10135.0
2026-08-28 07:15:00,771.0802,771.4,771.05,771.26,35045.0
2026-08-28 07:30:00,771.3391,771.46,771.0292,771.06,1958.0
2026-08-28 07:45:00,771.0195,771.219,771.0,771.1063,16566.0
2026-08-28 08:00:00,771.07,771.78,771.06,771.77,26298.0
2026-08-28 08:15:00,771.7125,772.149,771.71,772.09,18010.0
2026-08-28 08:30:00,772.08,772.1338,771.4682,772.1338,45181.0
2026-08-28 08:45:00,772.1,772.24,771.99,772.11,10546.0
2026-08-28 09:00:00,772.1023,772.555,771.96,772.0905,15919.0
2026-08-28 09:15:00,772.09,772.1347,771.41,771.81,28487.0
2026-08-31 04:00:00,768.1317,768.73,767.9275,768.299,13951.0
2026-08-31 04:15:00,768.2688,768.44,768.1,768.44,1179.0
2026-08-31 04:30:00,768.4247,768.4485,768.25,768.25,900.0
2026-08-31 04:45:00,768.34,768.58,768.34,768.37,3781.0
2026-08-31 05:00:00,768.46,768.5988,768.3012,768.5812,546.0
2026-08-31 05:15:00,768.62,768.7487,768.529,768.5992,916.0
2026-08-31 05:30:00,768.5192,768.5192,768.185,768.22,1001.0
2026-08-31 05:45:00,768.2487,768.2487,767.8987,767.9139,1717.0
2026-08-31 06:00:00,767.959,768.0988,767.7215,768.04,1217.0
2026-08-31 06:15:00,768.0,768.1285,767.84,768.1087,535.0
2026-08-31 06:30:00,768.05,768.08,767.91,768.0487,2028.0
2026-08-31 06:45:00,768.05,768.28,767.97,768.1886,758.0
2026-08-31 07:00:00,768.18,768.2798,767.91,767.91,5031.0
2026-08-31 07:15:00,767.9485,768.32,767.8651,768.27,3627.0
2026-08-31 07:30:00,768.19,768.19,767.45,767.4923,25224.0
2026-08-31 07:45:00,767.5,767.65,767.24,767.4414,6075.0
2026-08-31 08:00:00,767.4318,767.98,766.67,767.6891,57573.0
2026-08-31 08:15:00,767.765,768.11,766.45,767.01,28468.0
2026-08-31 08:30:00,766.999,767.33,766.34,766.5084,48656.0
2026-08-31 08:45:00,766.4804,766.6867,766.35,766.54,19496.0
2026-08-31 09:00:00,766.5788,767.04,766.45,767.03,34441.0
2026-08-31 09:15:00,767.0217,767.39,766.93,767.29,25285.0
2026-09-01 04:00:00,766.36,766.52,764.665,765.0,16642.0
2026-09-01 04:15:00,765.0115,765.17,763.755,763.8191,5875.0
2026-09-01 04:30:00,763.8187,764.14,763.23,763.4,4950.0
2026-09-01 04:45:00,763.3269,763.797,763.161,763.161,3824.0
2026-09-01 05:00:00,763.21,763.2953,762.49,762.54,6750.0
2026-09-01 05:15:00,762.49,762.76,762.19,762.3807,11781.0
2026-09-01 05:30:00,762.47,762.62,762.28,762.57,3178.0
2026-09-01 05:45:00,762.57,762.9,762.57,762.66,4561.0
2026-09-01 06:00:00,762.6685,762.93,762.4285,762.86,1925.0
2026-09-01 06:15:00,762.869,763.64,762.67,763.3487,4474.0
2026-09-01 06:30:00,763.429,763.7026,763.29,763.29,7813.0
2026-09-01 06:45:00,763.22,763.54,762.7317,762.91,12304.0
2026-09-01 07:00:00,762.95,763.01,762.57,762.8389,29581.0
2026-09-01 07:15:00,762.8731,763.1364,762.78,763.0247,77858.0
2026-09-01 07:30:00,763.0489,763.6187,763.0,763.4115,8932.0
2026-09-01 07:45:00,763.4053,763.4547,762.4302,762.5523,14544.0
2026-09-01 08:00:00,762.549,762.6345,762.15,762.4534,30215.0
2026-09-01 08:15:00,762.5267,762.7823,762.1977,762.594,57402.0
2026-09-01 08:30:00,762.55,762.55,761.8,762.08,92733.0
2026-09-01 08:45:00,762.08,762.44,761.9892,762.0415,27249.0
2026-09-01 09:00:00,762.04,762.04,761.44,761.6973,43172.0
2026-09-01 09:15:00,761.7,762.2,761.61,762.05,31815.0
2026-09-02 04:00:00,761.118,761.6,760.97,761.324,8729.0
2026-09-02 04:15:00,761.53,761.53,760.9,761.05,897.0
2026-09-02 04:30:00,761.04,761.255,760.7785,760.7785,2182.0
2026-09-02 04:45:00,760.73,760.79,759.7295,759.99,1803.0
2026-09-02 05:00:00,760.0212,760.6083,759.91,759.91,1754.0
2026-09-02 05:15:00,759.7812,760.21,759.73,759.93,2301.0
2026-09-02 05:30:00,759.78,759.785,759.55,759.69,2060.0
2026-09-02 05:45:00,759.729,759.95,759.66,759.86,639.0
2026-09-02 06:00:00,759.9572,759.97,759.54,759.97,2761.0
2026-09-02 06:15:00,759.97,760.22,759.835,760.069,2450.0
2026-09-02 06:30:00,760.06,760.0685,759.66,759.701,3381.0
2026-09-02 06:45:00,759.73,760.069,759.61,760.069,773.0
2026-09-02 07:00:00,760.055,760.9156,759.26,760.89,19335.0
2026-09-02 07:15:00,760.7703,761.1691,760.36,760.99,31596.0
2026-09-02 07:30:00,761.03,761.57,760.91,761.1889,13764.0
2026-09-02 07:45:00,761.1285,761.97,761.1097,761.97,10003.0
2026-09-02 08:00:00,761.9848,762.633,761.8933,762.51,19597.0
2026-09-02 08:15:00,762.5217,763.26,762.2537,762.4288,25467.0
2026-09-02 08:30:00,762.382,762.43,761.821,761.93,14266.0
2026-09-02 08:45:00,761.88,761.9186,761.35,761.41,19269.0
2026-09-02 09:00:00,761.4188,761.94,761.4188,761.7485,19404.0
2026-09-02 09:15:00,761.75,762.83,761.68,762.4089,22718.0
2026-09-03 04:00:00,765.32,766.84,765.32,766.2382,35642.0
2026-09-03 04:15:00,766.1387,766.4485,765.9687,766.223,484.0
2026-09-03 04:30:00,766.335,766.335,766.0202,766.0202,145.0
2026-09-03 04:45:00,766.04,766.1166,765.7787,765.7787,316.0
2026-09-03 05:00:00,765.8359,766.0005,765.7815,766.0005,2484.0
2026-09-03 05:15:00,766.0412,766.09,765.6992,765.6992,768.0
2026-09-03 05:30:00,765.6895,765.6895,765.399,765.4688,345.0
2026-09-03 05:45:00,765.429,765.429,764.7,764.825,1642.0
2026-09-03 06:00:00,764.9085,765.18,764.62,764.66,1816.0
2026-09-03 06:15:00,764.6812,764.8,764.44,764.53,1558.0
2026-09-03 06:30:00,764.56,764.78,764.4,764.7187,946.0
2026-09-03 06:45:00,764.63,764.7285,764.36,764.7285,887.0
2026-09-03 07:00:00,764.7797,765.6,764.4997,765.5588,6087.0
2026-09-03 07:15:00,765.545,765.95,765.5014,765.65,7681.0
2026-09-03 07:30:00,765.7085,765.78,764.6,765.3024,9375.0
2026-09-03 07:45:00,765.33,765.3364,764.7217,764.8018,4741.0
2026-09-03 08:00:00,764.882,765.4863,764.8277,765.1645,5454.0
2026-09-03 08:15:00,765.16,765.7085,764.9,765.5055,4039.0
2026-09-03 08:30:00,765.57,767.4,765.57,766.4894,67520.0
2026-09-03 08:45:00,766.53,767.77,766.4629,767.56,24088.0
2026-09-03 09:00:00,767.52,767.7819,766.9287,767.63,24137.0
2026-09-03 09:15:00,767.66,767.981,767.141,767.87,22429.0
2026-09-04 04:00:00,773.79,773.91,773.6395,773.72,24801.0
2026-09-04 04:15:00,773.72,773.9292,773.679,773.9,3368.0
2026-09-04 04:30:00,773.901,773.95,773.68,773.7812,1264.0
2026-09-04 04:45:00,773.8492,774.06,773.77,773.97,2926.0
2026-09-04 05:00:00,773.94,773.959,773.5501,773.599,974.0
2026-09-04 05:15:00,773.5597,773.64,773.3292,773.41,1500.0
2026-09-04 05:30:00,773.4187,773.659,773.3315,773.57,574.0
2026-09-04 05:45:00,773.62,773.6987,773.5136,773.6487,709.0
2026-09-04 06:00:00,773.6,773.81,773.595,773.7315,1859.0
2026-09-04 06:15:00,773.72,774.06,773.6806,773.919,2736.0
2026-09-04 06:30:00,773.8892,773.95,773.685,773.95,5258.0
2026-09-04 06:45:00,773.93,774.1287,773.89,773.942,2438.0
2026-09-04 07:00:00,773.955,773.98,773.49,773.6097,14825.0
2026-09-04 07:15:00,773.6005,773.8099,773.6,773.63,10553.0
2026-09-04 07:30:00,773.6688,773.85,773.66,773.81,6052.0
2026-09-04 07:45:00,773.81,774.15,773.8074,773.9942,14385.0
2026-09-04 08:00:00,773.9778,774.02,772.76,772.79,46876.0
2026-09-04 08:15:00,772.81,773.97,772.665,773.56,28250.0
2026-09-04 08:30:00,773.2,773.28,770.87,771.7771,229944.0
2026-09-04 08:45:00,771.7758,771.83,770.92,771.656,143679.0
2026-09-04 09:00:00,771.6071,771.7,771.25,771.62,36644.0
2026-09-04 09:15:00,771.6571,772.1184,771.599,772.03,22812.0
2026-09-08 04:00:00,767.21,767.56,766.701,767.0517,21096.0
2026-09-08 04:15:00,767.4,767.408,766.999,767.18,3170.0
2026-09-08 04:30:00,766.9787,767.3587,766.82,766.93,4912.0
2026-09-08 04:45:00,766.9385,767.3271,766.78,767.023,3317.0
2026-09-08 05:00:00,767.1167,767.83,766.872,767.7092,3342.0
2026-09-08 05:15:00,767.7388,767.9685,767.561,767.9685,1869.0
2026-09-08 05:30:00,767.9787,768.515,767.9287,768.2417,1662.0
2026-09-08 05:45:00,768.25,768.81,768.21,768.81,981.0
2026-09-08 06:00:00,768.7956,768.7988,768.3,768.5485,1864.0
2026-09-08 06:15:00,768.52,769.7,768.4712,768.63,8571.0
2026-09-08 06:30:00,768.66,768.66,768.11,768.22,1260.0
2026-09-08 06:45:00,768.2199,768.2199,767.5536,767.86,5331.0
2026-09-08 07:00:00,767.83,768.05,767.29,767.46,9790.0
2026-09-08 07:15:00,767.4763,767.9819,767.4763,767.7,6219.0
2026-09-08 07:30:00,767.7,768.05,767.65,767.75,34665.0
2026-09-08 07:45:00,767.7373,768.57,767.53,768.54,27138.0
2026-09-08 08:00:00,768.5,768.5,767.75,767.75,28461.0
2026-09-08 08:15:00,767.7824,768.4385,767.62,768.4284,12331.0
2026-09-08 08:30:00,768.4759,768.95,768.4376,768.9491,19427.0
2026-09-08 08:45:00,768.9688,769.3383,768.79,769.3285,17418.0
2026-09-08 09:00:00,769.34,769.3989,769.031,769.28,69965.0
2026-09-08 09:15:00,769.2738,769.49,768.95,769.06,25989.0
2026-09-09 04:00:00,766.44,766.78,766.33,766.3609,6998.0
2026-09-09 04:15:00,766.415,766.5166,766.1292,766.4702,1301.0
2026-09-09 04:30:00,766.47,766.55,765.845,765.9061,6026.0
2026-09-09 04:45:00,765.9067,766.3,765.8883,766.21,1390.0
2026-09-09 05:00:00,766.21,766.3792,765.8,766.0192,308.0
2026-09-09 05:15:00,766.051,766.08,765.531,765.78,1744.0
2026-09-09 05:30:00,765.76,765.76,764.9609,764.9609,3315.0
2026-09-09 05:45:00,765.0296,765.069,763.75,763.9756,7717.0
2026-09-09 06:00:00,763.942,764.42,763.6012,764.1282,5018.0
2026-09-09 06:15:00,764.04,764.53,763.82,764.1999,2558.0
2026-09-09 06:30:00,764.04,764.14,763.53,763.56,4119.0
2026-09-09 06:45:00,763.5,763.55,762.85,763.03,6171.0
2026-09-09 07:00:00,763.06,763.8,762.9431,763.43,17996.0
2026-09-09 07:15:00,763.5087,763.9,763.066,763.6526,12251.0
2026-09-09 07:30:00,763.61,763.6399,763.13,763.1688,10691.0
2026-09-09 07:45:00,763.16,764.3,763.16,763.3,26526.0
2026-09-09 08:00:00,763.3423,763.3681,762.5,762.5099,26262.0
2026-09-09 08:15:00,762.5062,763.01,762.5062,762.75,46620.0
2026-09-09 08:30:00,762.7,763.39,762.6254,763.23,28411.0
2026-09-09 08:45:00,763.35,763.6899,763.2844,763.5904,11071.0
2026-09-09 09:00:00,763.48,763.94,763.45,763.6551,32944.0
2026-09-09 09:15:00,763.5995,764.2491,763.47,764.08,19172.0
2026-09-10 04:00:00,763.991,764.35,763.81,763.8288,8869.0
2026-09-10 04:15:00,763.8201,764.0588,763.68,763.936,1666.0
2026-09-10 04:30:00,764.0549,764.085,763.3895,763.43,1881.0
2026-09-10 04:45:00,763.411,763.5964,763.22,763.2812,906.0
2026-09-10 05:00:00,763.2787,763.63,763.2,763.3768,691.0
2026-09-10 05:15:00,763.38,763.435,763.0695,763.0695,931.0
2026-09-10 05:30:00,763.07,763.07,762.7,763.06,990.0
2026-09-10 05:45:00,763.181,763.4902,763.181,763.26,345.0
2026-09-10 06:00:00,763.22,763.3887,763.07,763.1685,439.0
2026-09-10 06:15:00,763.1834,763.42,763.1512,763.2267,2674.0
2026-09-10 06:30:00,763.0592,763.41,762.86,763.39,793.0
2026-09-10 06:45:00,763.2431,763.7,762.7295,762.9515,8398.0
2026-09-10 07:00:00,762.9223,762.94,762.37,762.582,13015.0
2026-09-10 07:15:00,762.5535,762.6671,762.3546,762.3712,6614.0
2026-09-10 07:30:00,762.4387,762.9,762.39,762.5224,13464.0
2026-09-10 07:45:00,762.53,762.64,761.2812,761.3387,21285.0
2026-09-10 08:00:00,761.35,761.57,760.94,761.462,24689.0
2026-09-10 08:15:00,761.38,761.42,760.41,760.44,50073.0
2026-09-10 08:30:00,760.64,761.12,758.0,758.38,136777.0
2026-09-10 08:45:00,758.4,758.786,757.86,758.23,72326.0
2026-09-10 09:00:00,758.25,758.9791,758.19,758.2188,40162.0
2026-09-10 09:15:00,758.1973,758.45,757.69,757.94,37680.0
2026-09-11 04:00:00,760.95,761.25,760.6382,761.0194,18274.0
2026-09-11 04:15:00,760.965,762.56,760.965,761.3885,7741.0
2026-09-11 04:30:00,761.37,762.04,761.37,761.7087,4423.0
2026-09-11 04:45:00,761.6892,762.6,761.6487,762.6,1826.0
2026-09-11 05:00:00,762.651,762.93,761.98,762.0017,6653.0
2026-09-11 05:15:00,762.0195,762.26,761.91,762.1888,1122.0
2026-09-11 05:30:00,762.19,762.275,762.1425,762.1792,1258.0
2026-09-11 05:45:00,762.1992,762.475,762.1961,762.38,1659.0
2026-09-11 06:00:00,762.37,762.73,761.89,762.4807,3162.0
2026-09-11 06:15:00,762.51,762.58,762.2455,762.319,3993.0
2026-09-11 06:30:00,762.31,762.5487,762.3,762.3,3976.0
2026-09-11 06:45:00,762.28,762.28,762.089,762.1787,2264.0
2026-09-11 07:00:00,762.135,762.22,761.8302,761.8976,13506.0
2026-09-11 07:15:00,761.8846,762.35,761.8195,762.15,10273.0
2026-09-11 07:30:00,762.2099,762.3,761.78,762.3,23517.0
2026-09-11 07:45:00,762.2984,762.4684,762.0203,762.3571,22575.0
2026-09-11 08:00:00,762.3273,762.715,762.03,762.45,48197.0
2026-09-11 08:15:00,762.4695,763.76,762.34,763.5,68755.0
2026-09-11 08:30:00,763.3,763.64,760.3887,762.895,264198.0
2026-09-11 08:45:00,762.89,765.94,762.71,765.8133,173038.0
2026-09-11 09:00:00,765.83,766.5585,764.7815,764.9501,214003.0
2026-09-11 09:15:00,764.9795,765.4702,764.67,764.75,176448.0
2026-09-14 04:00:00,759.3284,759.68,759.08,759.4287,20847.0
2026-09-14 04:15:00,759.3715,759.39,758.77,758.84,3396.0
2026-09-14 04:30:00,758.8085,759.39,758.8085,759.2,2369.0
2026-09-14 04:45:00,759.1887,759.2,758.58,759.0718,4077.0
2026-09-14 05:00:00,759.15,759.34,758.3451,758.39,6154.0
2026-09-14 05:15:00,758.44,758.459,757.77,758.365,5532.0
2026-09-14 05:30:00,758.26,758.47,757.82,757.82,3878.0
2026-09-14 05:45:00,757.94,758.22,757.8476,757.8917,17541.0
2026-09-14 06:00:00,758.1752,758.41,757.9937,758.2644,5071.0
2026-09-14 06:15:00,758.2859,758.83,758.0042,758.7315,10549.0
2026-09-14 06:30:00,758.7595,759.22,758.73,759.1,3779.0
2026-09-14 06:45:00,759.18,759.44,759.05,759.35,5518.0
2026-09-14 07:00:00,759.3188,759.73,759.0933,759.52,58702.0
2026-09-14 07:15:00,759.55,760.1,759.535,760.05,22623.0
2026-09-14 07:30:00,760.0068,760.1,759.414,759.8412,20470.0
2026-09-14 07:45:00,759.849,759.9819,759.473,759.473,12709.0
2026-09-14 08:00:00,759.5,759.56,759.0,759.2882,16127.0
2026-09-14 08:15:00,759.33,759.8,759.13,759.3005,23429.0
2026-09-14 08:30:00,759.31,759.5328,758.04,759.12,99504.0
2026-09-14 08:45:00,759.1,759.2458,758.52,759.0459,16266.0
2026-09-14 09:00:00,759.0459,759.0459,758.03,758.9987,20734.0
2026-09-14 09:15:00,759.0,759.26,758.8665,759.01,33378.0
2026-09-15 04:00:00,757.59,757.59,756.2034,756.9512,28618.0
2026-09-15 04:15:00,757.0,757.6285,756.8014,757.092,2548.0
2026-09-15 04:30:00,757.05,757.14,756.72,756.72,2631.0
2026-09-15 04:45:00,756.69,757.0496,756.6,756.7212,3883.0
2026-09-15 05:00:00,756.79,757.0,756.5119,756.78,2240.0
2026-09-15 05:15:00,756.6085,756.9482,756.2815,756.8417,1810.0
2026-09-15 05:30:00,756.9017,757.6,756.835,757.494,4383.0
2026-09-15 05:45:00,757.67,758.32,757.67,758.2112,3130.0
2026-09-15 06:00:00,758.281,758.8312,758.17,758.45,4089.0
2026-09-15 06:15:00,758.41,758.58,758.19,758.485,1285.0
2026-09-15 06:30:00,758.4912,759.04,758.4047,758.89,2842.0
2026-09-15 06:45:00,758.905,759.48,758.751,759.2946,6533.0
2026-09-15 07:00:00,759.29,759.73,759.255,759.6168,49563.0
2026-09-15 07:15:00,759.5907,759.8648,759.46,759.5387,5842.0
2026-09-15 07:30:00,759.4931,759.7233,759.31,759.56,17362.0
2026-09-15 07:45:00,759.536,759.8759,759.48,759.86,4808.0
2026-09-15 08:00:00,759.8,760.1185,759.58,760.0503,4887.0
2026-09-15 08:15:00,760.0446,760.1012,759.5415,759.9456,13869.0
2026-09-15 08:30:00,759.9597,760.2919,759.64,760.0315,15652.0
2026-09-15 08:45:00,760.0887,761.3823,760.0312,760.59,78484.0
2026-09-15 09:00:00,760.57,760.9041,760.47,760.5462,17428.0
2026-09-15 09:15:00,760.5317,760.92,760.1677,760.1677,33321.0
2026-09-16 04:00:00,759.11,759.11,758.18,758.43,8207.0
2026-09-16 04:15:00,758.43,758.98,758.398,758.6212,2050.0
2026-09-16 04:30:00,758.6585,758.9087,758.4112,758.751,1526.0
2026-09-16 04:45:00,758.8,759.15,758.7207,759.03,760.0
2026-09-16 05:00:00,759.06,759.15,758.7412,758.779,916.0
2026-09-16 05:15:00,758.8087,758.9187,758.4095,758.628,1641.0
2026-09-16 05:30:00,758.5617,759.289,758.5515,759.1612,774.0
2026-09-16 05:45:00,759.2185,759.29,758.8915,759.189,1063.0
2026-09-16 06:00:00,759.1218,759.1987,758.8012,759.0285,1155.0
2026-09-16 06:15:00,758.9812,759.14,758.8615,759.0812,339.0
2026-09-16 06:30:00,759.1087,759.199,759.0007,759.151,396.0
2026-09-16 06:45:00,759.179,759.4517,759.0,759.4517,3680.0
2026-09-16 07:00:00,759.44,759.931,759.191,759.24,14549.0
2026-09-16 07:15:00,759.191,759.45,759.051,759.38,6595.0
2026-09-16 07:30:00,759.4,759.94,759.33,759.8269,8580.0
2026-09-16 07:45:00,759.84,760.1523,759.8,760.1394,19562.0
2026-09-16 08:00:00,760.1799,760.53,760.119,760.1907,13476.0
2026-09-16 08:15:00,760.17,760.2323,759.82,760.1412,17899.0
2026-09-16 08:30:00,760.2465,760.2465,759.35,759.3683,29879.0
2026-09-16 08:45:00,759.33,759.9,759.28,759.86,14035.0
2026-09-16 09:00:00,759.78,759.89,759.17,759.8878,26548.0
2026-09-16 09:15:00,759.8556,760.0068,759.5746,759.6,22959.0
2026-09-17 04:00:00,759.85,760.04,759.2,759.33,37906.0
2026-09-17 04:15:00,759.2557,759.625,759.0,759.625,4774.0
2026-09-17 04:30:00,759.72,759.88,759.51,759.73,7045.0
2026-09-17 04:45:00,759.76,760.2683,759.7312,760.1895,2235.0
2026-09-17 05:00:00,760.18,760.72,760.18,760.52,2328.0
2026-09-17 05:15:00,760.5296,760.62,760.1797,760.1797,8172.0
2026-09-17 05:30:00,760.1995,760.49,760.1995,760.4088,2705.0
2026-09-17 05:45:00,760.2595,760.2595,759.95,760.08,3532.0
2026-09-17 06:00:00,760.08,760.5,760.08,760.36,5683.0
2026-09-17 06:15:00,760.3301,760.72,760.2,760.579,2847.0
2026-09-17 06:30:00,760.56,760.78,760.26,760.35,10112.0
2026-09-17 06:45:00,760.3088,760.68,760.25,760.68,2617.0
2026-09-17 07:00:00,760.65,760.8605,760.39,760.6195,66904.0
2026-09-17 07:15:00,760.639,760.676,760.31,760.45,17049.0
2026-09-17 07:30:00,760.401,760.59,760.1392,760.1392,15145.0
2026-09-17 07:45:00,760.129,761.3799,760.07,761.3799,38004.0
2026-09-17 08:00:00,761.32,762.15,760.8895,761.9991,52535.0
2026-09-17 08:15:00,762.0178,763.4311,761.9667,763.4311,107254.0
2026-09-17 08:30:00,763.41,763.9943,763.13,763.5418,78839.0
2026-09-17 08:45:00,763.5495,763.7759,763.29,763.6081,36056.0
2026-09-17 09:00:00,763.5786,764.0,763.3171,763.4377,41284.0
2026-09-17 09:15:00,763.4145,763.65,763.05,763.1,61657.0
2026-09-18 04:00:00,763.75,763.85,763.1897,763.1897,33416.0
2026-09-18 04:15:00,763.2253,763.4593,762.819,762.86,3112.0
2026-09-18 04:30:00,762.82,763.17,762.789,763.17,1013.0
2026-09-18 04:45:00,763.2,763.235,763.01,763.035,5109.0
2026-09-18 05:00:00,763.0299,763.11,762.8594,762.96,3331.0
2026-09-18 05:15:00,762.95,763.11,762.6292,762.69,396.0
2026-09-18 05:30:00,762.66,762.66,762.02,762.02,3628.0
2026-09-18 05:45:00,762.0097,762.275,762.0,762.03,3849.0
2026-09-18 06:00:00,761.9995,762.14,761.9407,762.1007,4668.0
2026-09-18 06:15:00,762.21,762.33,762.09,762.1711,3907.0
2026-09-18 06:30:00,762.2514,762.8775,762.23,762.82,6894.0
2026-09-18 06:45:00,762.8,762.8,762.29,762.33,3259.0
2026-09-18 07:00:00,762.315,762.72,761.69,762.0201,26296.0
2026-09-18 07:15:00,761.99,761.9928,761.48,761.6056,8954.0
2026-09-18 07:30:00,761.6026,762.1,761.5138,761.52,32502.0
2026-09-18 07:45:00,761.5408,761.6748,761.3,761.4699,11604.0
2026-09-18 08:00:00,761.48,761.75,760.48,760.5799,21198.0
2026-09-18 08:15:00,760.5984,760.6568,760.05,760.2,30046.0
2026-09-18 08:30:00,760.23,760.6383,760.08,760.5384,28842.0
2026-09-18 08:45:00,760.4943,760.64,760.24,760.3899,11213.0
2026-09-18 09:00:00,760.33,760.57,760.24,760.45,13704.0
2026-09-18 09:15:00,760.42,761.32,759.59,761.32,77624.0
2026-09-21 04:00:00,766.12,766.5226,766.0106,766.37,19627.0
2026-09-21 04:15:00,766.43,766.4507,766.2795,766.3585,2928.0
2026-09-21 04:30:00,766.36,766.74,766.3,766.72,1135.0
2026-09-21 04:45:00,766.669,766.7399,766.4,766.4692,1892.0
2026-09-21 05:00:00,766.47,766.5702,766.305,766.4505,1735.0
2026-09-21 05:15:00,766.4507,766.7,766.3726,766.4685,2592.0
2026-09-21 05:30:00,766.4487,766.6296,766.39,766.57,3637.0
2026-09-21 05:45:00,766.61,766.8005,766.5215,766.6,4771.0
2026-09-21 06:00:00,766.5992,766.8805,766.58,766.8805,2996.0
2026-09-21 06:15:00,766.8902,767.0284,766.777,766.95,5607.0
2026-09-21 06:30:00,766.959,767.205,766.868,767.0,26675.0
2026-09-21 06:45:00,767.0102,767.14,766.8,766.8,15455.0
2026-09-21 07:00:00,766.79,766.92,766.57,766.66,12936.0
2026-09-21 07:15:00,766.67,766.8095,766.5687,766.6205,15215.0
2026-09-21 07:30:00,766.6554,767.0302,766.6292,767.0053,4374.0
2026-09-21 07:45:00,767.0352,767.24,766.92,766.96,16384.0
2026-09-21 08:00:00,767.0,767.24,766.61,766.7577,18607.0
2026-09-21 08:15:00,766.76,766.8505,766.5,766.57,29865.0
2026-09-21 08:30:00,766.56,766.9685,766.4992,766.9602,57320.0
2026-09-21 08:45:00,766.95,766.96,766.29,766.355,16039.0
2026-09-21 09:00:00,766.3495,766.65,766.28,766.41,11483.0
2026-09-21 09:15:00,766.46,766.5575,766.07,766.39,44220.0
2026-09-22 04:00:00,772.99,773.2017,772.36,772.3787,15804.0
2026-09-22 04:15:00,772.3887,772.4707,771.55,771.615,4550.0
2026-09-22 04:30:00,771.619,773.16,771.381,773.1392,6782.0
2026-09-22 04:45:00,773.151,773.8907,773.0187,773.669,4835.0
2026-09-22 05:00:00,773.649,773.8907,772.929,773.0485,5625.0
2026-09-22 05:15:00,772.9987,773.3412,772.8887,772.999,1578.0
2026-09-22 05:30:00,773.011,773.591,773.011,773.591,1714.0
2026-09-22 05:45:00,773.5787,774.492,773.4595,774.1151,10560.0
2026-09-22 06:00:00,774.1285,774.36,773.809,774.009,5841.0
2026-09-22 06:15:00,774.0212,774.121,773.7992,773.9792,3421.0
2026-09-22 06:30:00,773.991,774.43,773.9192,774.379,2579.0
2026-09-22 06:45:00,774.3587,774.67,774.1392,774.1392,2450.0
2026-09-22 07:00:00,774.1195,774.2377,773.1675,773.6985,23846.0
2026-09-22 07:15:00,773.7215,774.0907,773.6781,773.87,37058.0
2026-09-22 07:30:00,773.8905,774.2827,773.8594,774.21,5088.0
2026-09-22 07:45:00,774.211,774.49,773.87,773.92,7680.0
2026-09-22 08:00:00,773.9141,774.2973,773.735,774.0475,16100.0
2026-09-22 08:15:00,774.0205,774.34,773.8592,774.34,25604.0
2026-09-22 08:30:00,774.33,774.5605,774.1002,774.2472,25607.0
2026-09-22 08:45:00,774.25,774.2755,773.9,774.0207,7365.0
2026-09-22 09:00:00,773.9995,774.5,773.97,774.3822,21386.0
2026-09-22 09:15:00,774.4054,774.6,773.97,773.97,30911.0
2026-09-23 04:00:00,774.4092,774.57,774.18,774.53,10429.0
2026-09-23 04:15:00,774.49,774.649,774.3895,774.421,2393.0
2026-09-23 04:30:00,774.409,774.48,773.9512,774.0371,1940.0
2026-09-23 04:45:00,774.009,774.2105,773.8897,774.119,1332.0
2026-09-23 05:00:00,774.1302,774.2305,773.9112,773.9395,513.0
2026-09-23 05:15:00,773.9292,774.3692,773.8695,774.1792,834.0
2026-09-23 05:30:00,774.1792,774.2407,774.019,774.0295,502.0
2026-09-23 05:45:00,774.0295,774.0295,773.7092,773.9195,1049.0
2026-09-23 06:00:00,773.931,774.251,773.9213,774.231,1110.0
2026-09-23 06:15:00,774.251,774.3607,774.171,774.2611,1224.0
2026-09-23 06:30:00,774.281,774.31,773.941,774.043,992.0
2026-09-23 06:45:00,774.04,774.1302,773.8797,774.0892,602.0
2026-09-23 07:00:00,774.0692,774.0692,773.7,773.8272,3395.0
2026-09-23 07:15:00,773.8207,773.9678,773.14,773.1722,7634.0
2026-09-23 07:30:00,773.145,773.1587,772.3,772.6302,16301.0
2026-09-23 07:45:00,772.6179,773.1602,772.6179,773.0796,13672.0
2026-09-23 08:00:00,773.06,773.2725,772.409,772.4315,26633.0
2026-09-23 08:15:00,772.48,772.79,772.31,772.691,13127.0
2026-09-23 08:30:00,772.6722,772.8986,772.5595,772.5609,6723.0
2026-09-23 08:45:00,772.5912,772.81,772.35,772.7714,12173.0
2026-09-23 09:00:00,772.77,772.81,772.3297,772.5689,11647.0
2026-09-23 09:15:00,772.5592,772.96,772.4626,772.74,42721.0
2026-09-24 04:00:00,764.1,764.7,763.125,763.248,22843.0
2026-09-24 04:15:00,763.2712,763.6707,762.84,762.949,9176.0
2026-09-24 04:30:00,762.971,763.7105,762.77,763.1915,10291.0
2026-09-24 04:45:00,763.2017,763.345,762.7055,762.93,4588.0
2026-09-24 05:00:00,762.9307,763.565,762.8495,763.149,5550.0
2026-09-24 05:15:00,763.1287,763.5412,762.9495,763.0992,2727.0
2026-09-24 05:30:00,763.14,763.185,761.57,761.9295,29297.0
2026-09-24 05:45:00,761.9612,763.105,761.86,763.105,22825.0
2026-09-24 06:00:00,763.08,763.245,762.6782,763.1117,5319.0
2026-09-24 06:15:00,763.1212,763.4188,762.46,762.84,12821.0
2026-09-24 06:30:00,762.88,763.7805,762.6182,763.719,10864.0
2026-09-24 06:45:00,763.7092,764.38,763.56,763.9307,5963.0
2026-09-24 07:00:00,763.93,764.2,763.2816,763.8333,16680.0
2026-09-24 07:15:00,763.8187,764.2476,763.64,763.7001,12722.0
2026-09-24 07:30:00,763.73,764.07,763.1992,763.2784,20086.0
2026-09-24 07:45:00,763.28,763.9805,762.8397,763.8307,61024.0
2026-09-24 08:00:00,763.8187,764.0868,763.3,764.0292,26605.0
2026-09-24 08:15:00,764.0195,764.5305,763.7495,764.0131,37856.0
2026-09-24 08:30:00,764.02,764.1142,763.0987,764.0023,68232.0
2026-09-24 08:45:00,763.99,764.301,763.6,764.1003,15158.0
2026-09-24 09:00:00,764.1007,764.59,764.0292,764.42,15372.0
2026-09-24 09:15:00,764.41,764.77,764.0797,764.0797,47533.0
2026-09-25 04:00:00,768.2,769.03,768.1792,768.91,17419.0
2026-09-25 04:15:00,768.8912,769.4012,768.8292,769.3797,3133.0
2026-09-25 04:30:00,769.36,769.681,769.25,769.681,1913.0
2026-09-25 04:45:00,769.6912,770.08,769.6895,769.9392,6456.0
2026-09-25 05:00:00,769.9292,770.2107,769.8792,770.0,3864.0
2026-09-25 05:15:00,770.019,770.65,769.8,769.8,11284.0
2026-09-25 05:30:00,769.819,770.095,769.6497,770.021,1407.0
2026-09-25 05:45:00,769.991,770.0092,769.6,769.6792,3273.0
2026-09-25 06:00:00,769.6792,769.95,769.45,769.9009,5960.0
2026-09-25 06:15:00,769.929,770.0902,769.82,769.9088,1487.0
2026-09-25 06:30:00,769.87,769.9905,769.4895,769.5592,3254.0
2026-09-25 06:45:00,769.5395,769.691,769.37,769.5507,4262.0
2026-09-25 07:00:00,769.531,770.511,769.5077,770.511,9104.0
2026-09-25 07:15:00,770.5162,770.7895,770.5016,770.566,11906.0
2026-09-25 07:30:00,770.5719,771.01,770.4,770.4686,29184.0
2026-09-25 07:45:00,770.4595,770.61,770.2495,770.25,20400.0
2026-09-25 08:00:00,770.2395,770.6078,770.11,770.2807,18569.0
2026-09-25 08:15:00,770.259,770.46,769.8058,770.2269,8517.0
2026-09-25 08:30:00,770.2459,770.259,769.33,769.6795,25094.0
2026-09-25 08:45:00,769.669,770.28,769.06,769.4532,43196.0
2026-09-25 09:00:00,769.4805,769.9948,769.2195,769.865,26930.0
2026-09-25 09:15:00,769.875,769.875,768.6312,768.7795,44479.0
2026-09-28 04:00:00,768.19,768.5817,767.85,768.5817,26666.0
2026-09-28 04:15:00,768.6017,768.69,767.9,768.4082,5213.0
2026-09-28 04:30:00,768.39,768.532,767.6192,767.8215,3452.0
2026-09-28 04:45:00,767.78,768.0512,767.6423,767.86,2446.0
2026-09-28 05:00:00,767.82,768.1812,767.09,767.1592,5804.0
2026-09-28 05:15:00,767.1812,767.891,767.1095,767.6617,4319.0
2026-09-28 05:30:00,767.685,767.7207,767.2285,767.701,2999.0
2026-09-28 05:45:00,767.751,767.94,767.419,767.5318,1716.0
2026-09-28 06:00:00,767.5507,767.7507,766.8195,767.1012,10028.0
2026-09-28 06:15:00,767.121,767.35,767.0,767.2307,4660.0
2026-09-28 06:30:00,767.2507,767.3207,767.039,767.1787,1599.0
2026-09-28 06:45:00,767.169,767.88,767.159,767.2102,8440.0
2026-09-28 07:00:00,767.26,768.0923,767.195,767.469,21223.0
2026-09-28 07:15:00,767.4587,768.1105,767.3292,768.0712,26630.0
2026-09-28 07:30:00,768.0907,768.1007,767.72,767.945,13774.0
2026-09-28 07:45:00,767.971,768.08,767.7105,767.93,8323.0
2026-09-28 08:00:00,767.9,769.04,767.3984,768.6705,46690.0
2026-09-28 08:15:00,768.69,769.1686,768.43,768.53,15767.0
2026-09-28 08:30:00,768.54,768.9456,768.4548,768.91,43640.0
2026-09-28 08:45:00,768.9107,769.24,768.72,769.1584,39456.0
2026-09-28 09:00:00,769.129,769.129,768.51,768.6495,17203.0
2026-09-28 09:15:00,768.6702,768.8888,768.02,768.38,53380.0
2026-09-29 04:00:00,765.42,765.7005,765.0795,765.199,41450.0
2026-09-29 04:15:00,765.1795,765.8505,765.1792,765.409,1060.0
2026-09-29 04:30:00,765.431,765.86,765.3097,765.86,8087.0
2026-09-29 04:45:00,765.821,765.9005,765.1695,765.5692,7061.0
2026-09-29 05:00:00,765.5592,765.7407,765.2695,765.2997,6869.0
2026-09-29 05:15:00,765.32,765.32,764.815,764.8297,1729.0
2026-09-29 05:30:00,764.8195,765.33,764.68,765.33,2137.0
2026-09-29 05:45:00,765.3302,765.5515,764.7521,764.9095,6373.0
2026-09-29 06:00:00,764.8992,765.751,764.8795,765.5792,7274.0
2026-09-29 06:15:00,765.55,765.7402,765.3095,765.7402,10791.0
2026-09-29 06:30:00,765.76,765.88,765.369,765.7207,11782.0
2026-09-29 06:45:00,765.7505,766.3407,765.7087,766.3407,5098.0
2026-09-29 07:00:00,766.335,766.86,766.2342,766.3785,22875.0
2026-09-29 07:15:00,766.381,766.8617,766.38,766.7105,9430.0
2026-09-29 07:30:00,766.73,767.07,766.6395,766.9153,14388.0
2026-09-29 07:45:00,766.911,767.74,766.5692,767.34,34320.0
2026-09-29 08:00:00,767.3285,767.74,767.309,767.4369,15733.0
2026-09-29 08:15:00,767.4207,767.73,766.649,766.97,13319.0
2026-09-29 08:30:00,766.9195,767.03,766.6195,766.8092,8926.0
2026-09-29 08:45:00,766.8307,766.87,766.3092,766.319,21427.0
2026-09-29 09:00:00,766.32,766.76,766.3092,766.76,34827.0
2026-09-29 09:15:00,766.771,766.9305,766.4507,766.8097,29173.0
2026-09-30 04:00:00,766.4817,766.76,766.03,766.03,11636.0
2026-09-30 04:15:00,766.1112,766.3612,765.9885,766.2795,3827.0
2026-09-30 04:30:00,766.291,766.4587,765.7512,765.8287,10804.0
2026-09-30 04:45:00,765.8287,766.1187,765.5,765.5,13563.0
2026-09-30 05:00:00,765.5285,765.629,764.9407,765.629,13516.0
2026-09-30 05:15:00,765.629,765.709,765.1512,765.2985,13199.0
2026-09-30 05:30:00,765.2985,765.7885,764.9007,765.1185,12990.0
2026-09-30 05:45:00,765.1185,765.2987,765.0307,765.2487,14290.0
2026-09-30 06:00:00,765.162,765.2485,764.6592,764.6787,23416.0
2026-09-30 06:15:00,764.669,765.0385,764.5112,764.6987,15072.0
2026-09-30 06:30:00,764.6512,764.7995,764.4212,764.611,15581.0
2026-09-30 06:45:00,764.649,764.8312,764.4912,764.5492,13625.0
2026-09-30 07:00:00,764.48,764.548,763.2917,763.5407,25573.0
2026-09-30 07:15:00,763.5692,764.649,763.201,764.4885,30405.0
2026-09-30 07:30:00,764.481,764.8487,764.381,764.5787,20208.0
2026-09-30 07:45:00,764.5787,764.8797,763.82,764.8385,38813.0
2026-09-30 08:00:00,764.8385,764.97,764.3315,764.6325,34988.0
2026-09-30 08:15:00,764.8457,765.5072,763.87,765.4845,40527.0
2026-09-30 08:30:00,765.426,768.37,765.426,767.08,171684.0
2026-09-30 08:45:00,767.069,767.2607,766.29,766.7085,60709.0
2026-09-30 09:00:00,766.7085,767.5785,766.6715,766.9982,43769.0
2026-09-30 09:15:00,766.9987,767.148,766.1497,766.46,78160.0
