time_utc,open,high,low,close,volume
2026-08-11T14:55,773.89,774.03,773.55,773.62,271070
2026-08-11T15:00,773.645,773.81,773.375,773.5,207823
2026-08-11T15:05,773.505,773.5099,772.72,772.84,459930
2026-08-11T15:10,772.79,772.945,772.56,772.69,361357
2026-08-11T15:15,772.66,772.68,772.2,772.45,402118
2026-08-11T15:20,772.45,772.84,772.4,772.51,296675
2026-08-11T15:25,772.52,772.69,772.4,772.401,200568
2026-08-11T15:30,772.41,772.56,771.805,771.945,336406
2026-08-11T15:35,771.95,772.13,771.75,771.85,395620
2026-08-11T15:40,771.855,772.2063,771.78,772.18,296209
2026-08-11T15:45,772.16,772.1764,771.8905,772.0,213932
2026-08-11T15:50,772.0,772.248,771.77,771.8399,246804
2026-08-11T15:55,771.84,772.14,771.79,772.01,315146
2026-08-11T16:00,772.03,772.31,772.01,772.035,212406
2026-08-11T16:05,772.03,772.39,771.97,772.31,593254
2026-08-11T16:10,772.3181,772.33,771.93,771.955,306149
2026-08-11T16:15,771.97,772.45,771.9662,772.0746,985735
2026-08-11T16:20,772.08,772.19,771.64,771.705,297422
2026-08-11T16:25,771.7,771.89,771.39,771.81,681421
2026-08-11T16:30,771.8175,771.92,771.47,771.56,296011
2026-08-11T16:35,771.555,772.0,771.5201,771.87,216216
2026-08-11T16:40,771.86,771.86,771.55,771.58,290114
2026-08-11T16:45,771.58,771.6,771.28,771.43,599771
2026-08-11T16:50,771.44,771.56,771.3001,771.38,178587
2026-08-11T16:55,771.4,771.4,771.04,771.14,464135
2026-08-11T17:00,771.15,771.26,770.78,770.785,269491
2026-08-11T17:05,770.78,771.09,770.76,770.88,198825
2026-08-11T17:10,770.88,770.88,770.3037,770.3266,244980
2026-08-11T17:15,770.29,770.8399,770.26,770.75,284948
2026-08-11T17:20,770.76,771.0,770.6,770.87,191690
2026-08-11T17:25,770.88,771.01,770.66,770.85,158646
2026-08-11T17:30,770.85,770.94,770.73,770.94,156774
2026-08-11T17:35,770.945,771.13,770.77,770.875,235630
2026-08-11T17:40,770.88,771.31,770.79,771.27,230675
2026-08-11T17:45,771.27,771.355,771.13,771.1703,140135
2026-08-11T17:50,771.195,771.33,771.15,771.295,150461
2026-08-11T17:55,771.31,771.31,771.11,771.2399,168384
2026-08-11T18:00,771.22,771.2395,770.9,771.06,288267
2026-08-11T18:05,771.05,771.16,770.67,770.69,192558
2026-08-11T18:10,770.7,770.91,770.65,770.835,284993
2026-08-11T18:15,770.84,770.9379,770.64,770.75,189443
2026-08-11T18:20,770.74,770.75,770.3,770.49,275564
2026-08-11T18:25,770.495,770.56,769.34,769.5,469532
2026-08-11T18:30,769.52,770.05,769.515,770.0,831486
2026-08-11T18:35,770.01,770.22,769.9301,770.015,308790
2026-08-11T18:40,770.0,770.0,769.66,769.79,386294
2026-08-11T18:45,769.78,770.35,769.78,770.34,238939
2026-08-11T18:50,770.325,770.465,770.14,770.37,287317
2026-08-11T18:55,770.355,770.38,770.06,770.075,163784
2026-08-11T19:00,770.1,770.21,769.9,770.095,209060
2026-08-11T19:05,770.095,770.16,769.85,770.08,301655
2026-08-11T19:10,770.09,770.38,770.02,770.24,215682
2026-08-11T19:15,770.27,770.4901,770.175,770.44,319491
2026-08-11T19:20,770.45,770.67,770.37,770.64,276443
2026-08-11T19:25,770.65,770.69,770.46,770.62,435043
2026-08-11T19:30,770.63,770.84,770.56,770.795,500857
2026-08-11T19:35,770.79,771.0936,770.7,771.04,319755
2026-08-11T19:40,771.07,771.07,770.69,770.71,376558
2026-08-11T19:45,770.72,770.72,770.29,770.379,799254
2026-08-11T19:50,770.39,770.47,769.79,770.4,610683
2026-08-11T19:55,770.41,770.64,769.85,770.56,3495804
2026-08-12T13:30,774.79,774.87,772.72,773.0639,1133173
2026-08-12T13:35,773.04,773.515,772.805,772.875,545671
2026-08-12T13:40,772.87,773.12,772.455,772.8095,541545
2026-08-12T13:45,772.8307,773.635,772.362,773.54,681913
2026-08-12T13:50,773.54,773.54,772.565,772.615,474888
2026-08-12T13:55,772.615,772.78,772.09,772.59,420203
2026-08-12T14:00,772.595,772.82,771.93,771.94,502907
2026-08-12T14:05,771.93,772.51,771.89,772.37,478177
2026-08-12T14:10,772.37,772.72,772.16,772.38,320343
2026-08-12T14:15,772.36,773.02,772.23,772.5,397008
2026-08-12T14:20,772.5,773.03,772.18,772.965,308837
2026-08-12T14:25,772.94,773.3,772.6,772.795,350769
2026-08-12T14:30,772.78,772.9808,771.5,772.07,941008
2026-08-12T14:35,772.06,772.79,771.92,772.79,327457
2026-08-12T14:40,772.7799,773.08,772.68,773.06,356970
2026-08-12T14:45,773.06,773.2,772.42,772.68,247237
2026-08-12T14:50,772.68,772.71,771.99,772.06,270218
2026-08-12T14:55,772.04,772.335,771.83,772.22,311148
2026-08-12T15:00,772.2209,772.28,771.76,771.87,216871
2026-08-12T15:05,771.865,772.21,771.71,772.09,282276
2026-08-12T15:10,772.12,772.41,771.77,772.17,233409
2026-08-12T15:15,772.11,772.3199,771.94,772.1,144313
2026-08-12T15:20,772.122,772.19,771.72,771.9,539450
2026-08-12T15:25,771.89,772.37,771.845,772.37,116637
2026-08-12T15:30,772.4,772.47,771.665,771.9,235324
2026-08-12T15:35,771.89,772.185,771.67,771.685,187318
2026-08-12T15:40,771.67,771.965,771.56,771.8,555007
2026-08-12T15:45,771.8,772.17,771.7699,772.17,131433
2026-08-12T15:50,772.19,772.19,771.84,771.99,155050
2026-08-12T15:55,771.96,772.08,771.87,772.03,160723
2026-08-12T16:00,772.015,772.43,771.97,772.22,187254
2026-08-12T16:05,772.22,772.36,771.99,772.35,174745
2026-08-12T16:10,772.37,772.62,772.2,772.5199,407959
2026-08-12T16:15,772.53,772.62,772.36,772.4343,245995
2026-08-12T16:20,772.4353,772.64,772.32,772.57,209069
2026-08-12T16:25,772.6,772.67,772.41,772.45,180813
2026-08-12T16:30,772.45,772.53,772.18,772.2,270128
2026-08-12T16:35,772.2,772.77,772.18,772.76,190497
2026-08-12T16:40,772.76,772.91,772.66,772.73,204025
2026-08-12T16:45,772.76,772.885,772.56,772.8465,185897
2026-08-12T16:50,772.8438,773.2,772.84,773.065,264177
2026-08-12T16:55,773.06,773.08,772.81,772.91,222742
2026-08-12T17:00,772.93,773.1,772.84,773.05,206235
2026-08-12T17:05,773.055,773.29,773.0,773.01,223653
2026-08-12T17:10,773.0199,773.0699,772.77,773.03,166878
2026-08-12T17:15,773.03,773.03,772.61,772.765,300713
2026-08-12T17:20,772.77,772.9,772.66,772.79,153521
2026-08-12T17:25,772.78,773.025,772.73,772.775,174897
2026-08-12T17:30,772.825,773.0,772.7,772.9,307812
2026-08-12T17:35,772.9,772.95,772.76,772.865,161714
2026-08-12T17:40,772.86,772.97,772.73,772.88,175175
2026-08-12T17:45,772.85,772.96,772.76,772.79,145000
2026-08-12T17:50,772.79,772.98,772.73,772.7475,203365
2026-08-12T17:55,772.75,772.895,772.6414,772.8101,134594
2026-08-12T18:00,772.81,772.96,772.785,772.91,195519
2026-08-12T18:05,772.89,772.98,772.82,772.89,154045
2026-08-12T18:10,772.8888,773.21,772.8888,773.11,220144
2026-08-12T18:15,773.105,773.13,772.98,773.13,322577
2026-08-12T18:20,773.125,773.23,772.9657,773.225,208655
2026-08-12T18:25,773.23,773.31,773.07,773.09,189097
2026-08-12T18:30,773.095,773.469,773.09,773.345,198985
2026-08-12T18:35,773.33,773.49,773.33,773.425,213121
2026-08-12T18:40,773.42,773.63,773.42,773.51,222324
2026-08-12T18:45,773.515,773.55,773.38,773.525,248342
2026-08-12T18:50,773.53,773.63,773.44,773.44,198073
2026-08-12T18:55,773.44,773.44,773.04,773.06,299345
2026-08-12T19:00,773.035,773.325,773.02,773.2503,222326
2026-08-12T19:05,773.256,773.38,773.21,773.235,490072
2026-08-12T19:10,773.23,773.28,773.0,773.07,204223
2026-08-12T19:15,773.07,773.22,773.055,773.145,399955
2026-08-12T19:20,773.145,773.16,772.81,772.87,257204
2026-08-12T19:25,772.87,772.99,772.81,772.97,337895
2026-08-12T19:30,772.98,773.02,772.8,772.875,322548
2026-08-12T19:35,772.87,773.0,772.85,772.88,369442
2026-08-12T19:40,772.88,772.91,772.57,772.865,301529
2026-08-12T19:45,772.86,773.0,772.7,772.88,452712
2026-08-12T19:50,772.86,772.9,772.17,772.2599,837035
2026-08-12T19:55,772.26,772.72,772.0,772.49,2351317
2026-08-13T13:30,774.86,775.49,774.111,775.3808,713824
2026-08-13T13:35,775.4,776.47,775.36,776.44,709844
2026-08-13T13:40,776.44,776.44,775.55,775.71,478660
2026-08-13T13:45,775.72,776.9603,775.62,776.84,560230
2026-08-13T13:50,776.86,777.17,776.6712,777.155,516619
2026-08-13T13:55,777.13,777.67,776.93,777.62,517849
2026-08-13T14:00,777.6,778.25,777.52,778.225,529616
2026-08-13T14:05,778.225,778.39,777.93,778.14,448892
2026-08-13T14:10,778.15,778.55,778.13,778.51,353225
2026-08-13T14:15,778.525,778.66,778.0232,778.53,348291
2026-08-13T14:20,778.5499,779.21,778.39,779.0295,453875
2026-08-13T14:25,779.03,779.24,778.91,779.19,271803
2026-08-13T14:30,779.18,779.37,778.98,779.22,464810
2026-08-13T14:35,779.21,779.37,778.82,779.065,416702
2026-08-13T14:40,779.065,779.11,778.5695,778.5695,391273
2026-08-13T14:45,778.54,778.55,777.53,777.675,490156
2026-08-13T14:50,777.68,777.935,777.5799,777.84,627769
2026-08-13T14:55,777.8101,777.97,777.38,777.76,299356
2026-08-13T15:00,777.77,778.23,777.32,777.365,292984
2026-08-13T15:05,777.38,777.605,776.965,777.235,364747
2026-08-13T15:10,777.24,777.37,777.02,777.12,379295
2026-08-13T15:15,777.125,777.25,776.7213,777.175,269676
2026-08-13T15:20,777.15,777.26,776.83,776.915,311176
2026-08-13T15:25,776.92,776.93,775.92,776.17,783688
2026-08-13T15:30,776.18,776.31,775.71,775.72,363746
2026-08-13T15:35,775.74,776.14,775.5999,775.96,844916
2026-08-13T15:40,775.95,776.37,775.7,775.965,345424
2026-08-13T15:45,775.96,776.13,775.7,775.9099,237390
2026-08-13T15:50,775.895,775.93,775.52,775.66,193897
2026-08-13T15:55,775.66,775.9299,775.38,775.48,263076
2026-08-13T16:00,775.48,776.05,775.46,775.8999,208104
2026-08-13T16:05,775.91,776.2899,775.9017,775.965,204475
2026-08-13T16:10,775.965,776.11,775.675,775.6901,153920
2026-08-13T16:15,775.6923,775.88,775.6,775.865,197790
2026-08-13T16:20,775.86,776.09,775.78,776.06,208222
2026-08-13T16:25,776.065,776.52,776.045,776.52,543550
2026-08-13T16:30,776.525,776.71,776.41,776.64,278215
2026-08-13T16:35,776.64,776.7,776.2199,776.3,257686
2026-08-13T16:40,776.2857,776.51,776.205,776.44,159579
2026-08-13T16:45,776.4147,776.67,776.4147,776.61,180790
2026-08-13T16:50,776.61,776.8,776.595,776.69,160985
2026-08-13T16:55,776.68,776.75,776.585,776.7,126145
2026-08-13T17:00,776.71,777.05,776.71,777.0,155685
2026-08-13T17:05,776.99,777.37,776.93,777.25,168950
2026-08-13T17:10,777.25,777.3,777.09,777.19,121140
2026-08-13T17:15,777.18,777.38,777.18,777.38,138988
2026-08-13T17:20,777.405,777.48,777.17,777.28,123492
2026-08-13T17:25,777.29,777.31,777.09,777.0953,135009
2026-08-13T17:30,777.1016,777.24,776.8303,776.93,139310
2026-08-13T17:35,776.93,776.935,776.665,776.79,169886
2026-08-13T17:40,776.7865,776.9,776.62,776.62,115598
2026-08-13T17:45,776.62,776.92,776.62,776.83,109068
2026-08-13T17:50,776.83,776.93,776.74,776.77,86813
2026-08-13T17:55,776.78,776.94,776.67,776.745,148659
2026-08-13T18:00,776.75,776.94,776.74,776.91,136950
2026-08-13T18:05,776.93,777.04,776.8,776.83,336303
2026-08-13T18:10,776.82,777.14,776.66,777.085,200504
2026-08-13T18:15,777.075,777.17,776.89,776.94,469174
2026-08-13T18:20,776.94,776.99,776.68,776.72,225813
2026-08-13T18:25,776.73,777.04,776.72,776.98,253743
2026-08-13T18:30,777.0,777.26,777.0,777.2369,236910
2026-08-13T18:35,777.25,777.42,777.2,777.4,253037
2026-08-13T18:40,777.41,777.74,777.36,777.6175,251157
2026-08-13T18:45,777.615,777.76,777.6055,777.75,166117
2026-08-13T18:50,777.75,777.93,777.63,777.865,244210
2026-08-13T18:55,777.88,777.92,777.6701,777.74,176901
2026-08-13T19:00,777.75,777.93,777.73,777.88,292088
2026-08-13T19:05,777.88,778.43,777.8,778.355,309176
2026-08-13T19:10,778.36,778.36,777.84,777.96,399393
2026-08-13T19:15,777.9558,778.15,777.79,778.15,470136
2026-08-13T19:20,778.14,778.33,778.13,778.3,314250
2026-08-13T19:25,778.29,778.37,777.99,778.0301,316842
2026-08-13T19:30,778.03,778.24,777.95,778.04,649106
2026-08-13T19:35,778.04,778.06,777.73,777.955,1055502
2026-08-13T19:40,777.96,778.03,777.7,777.72,394457
2026-08-13T19:45,777.71,777.82,777.64,777.76,715613
2026-08-13T19:50,777.75,777.75,777.35,777.52,1408553
2026-08-13T19:55,777.53,777.935,777.365,777.88,2785887
2026-08-14T13:30,778.55,778.55,777.92,778.21,664620
2026-08-14T13:35,778.165,778.26,777.66,778.02,479073
2026-08-14T13:40,778.035,778.485,777.82,778.37,510033
2026-08-14T13:45,778.4,778.6,777.8804,777.95,335459
2026-08-14T13:50,777.96,778.588,777.814,778.47,384898
2026-08-14T13:55,778.47,778.48,778.105,778.32,230900
2026-08-14T14:00,778.25,778.59,778.16,778.55,230076
2026-08-14T14:05,778.55,778.8,778.47,778.52,274854
2026-08-14T14:10,778.53,778.68,778.28,778.28,205699
2026-08-14T14:15,778.275,778.34,777.765,777.8101,353293
2026-08-14T14:20,777.81,777.91,777.38,777.53,414254
2026-08-14T14:25,777.5271,777.6199,777.13,777.41,381509
2026-08-14T14:30,777.4,777.47,776.82,776.87,435197
2026-08-14T14:35,776.86,777.44,776.84,777.4,277700
2026-08-14T14:40,777.3553,777.3553,777.01,777.13,225069
2026-08-14T14:45,777.12,777.43,777.03,777.245,298735
2026-08-14T14:50,777.2101,777.4393,776.9881,777.05,252360
2026-08-14T14:55,777.0,777.15,776.74,776.755,199176
2026-08-14T15:00,776.74,777.1091,776.71,776.94,188003
2026-08-14T15:05,776.93,777.06,776.57,776.66,223846
2026-08-14T15:10,776.67,776.78,776.4201,776.455,238226
2026-08-14T15:15,776.45,776.69,776.435,776.59,265868
2026-08-14T15:20,776.59,776.64,775.99,776.0018,463315
2026-08-14T15:25,776.005,776.3,775.86,776.3,485481
2026-08-14T15:30,776.29,776.415,776.01,776.18,430264
2026-08-14T15:35,776.18,776.46,776.06,776.0618,381097
2026-08-14T15:40,776.09,776.13,775.85,776.05,349966
2026-08-14T15:45,776.055,776.36,775.86,775.89,346596
2026-08-14T15:50,775.88,776.21,775.81,776.1133,358778
2026-08-14T15:55,776.115,776.35,776.02,776.23,218554
2026-08-14T16:00,776.24,776.59,776.24,776.4399,283798
2026-08-14T16:05,776.41,776.51,776.1,776.24,189198
2026-08-14T16:10,776.2363,776.56,776.17,776.55,359992
2026-08-14T16:15,776.55,776.75,776.53,776.59,463049
2026-08-14T16:20,776.5999,776.7,776.44,776.675,208893
2026-08-14T16:25,776.675,776.82,776.62,776.7,206385
2026-08-14T16:30,776.7,776.735,776.31,776.375,266705
2026-08-14T16:35,776.38,776.63,776.34,776.47,203010
2026-08-14T16:40,776.49,776.49,776.135,776.135,183766
2026-08-14T16:45,776.13,776.21,775.9805,776.1375,180477
2026-08-14T16:50,776.115,776.115,775.825,775.9237,180697
2026-08-14T16:55,775.93,776.01,775.66,775.7,233674
2026-08-14T17:00,775.7,775.87,775.64,775.79,183599
2026-08-14T17:05,775.79,775.97,775.78,775.9022,169832
2026-08-14T17:10,775.91,776.115,775.835,776.06,224968
2026-08-14T17:15,776.05,776.105,775.79,775.965,138208
2026-08-14T17:20,775.96,776.13,775.78,775.83,206281
2026-08-14T17:25,775.815,775.83,775.6531,775.755,134657
2026-08-14T17:30,775.78,775.98,775.7425,775.83,172773
2026-08-14T17:35,775.81,775.82,775.4301,775.575,148891
2026-08-14T17:40,775.545,775.66,775.48,775.6,238173
2026-08-14T17:45,775.6,775.72,775.54,775.61,188321
2026-08-14T17:50,775.6,775.8087,775.465,775.755,154816
2026-08-14T17:55,775.755,775.93,775.64,775.83,124723
2026-08-14T18:00,775.84,776.11,775.73,776.02,490135
2026-08-14T18:05,776.02,776.16,775.95,776.155,195183
2026-08-14T18:10,776.15,776.3,776.07,776.16,236240
2026-08-14T18:15,776.17,776.33,776.12,776.205,503984
2026-08-14T18:20,776.21,776.31,776.08,776.175,200327
2026-08-14T18:25,776.18,776.27,775.8902,775.925,131199
2026-08-14T18:30,775.94,776.105,775.82,775.9,182683
2026-08-14T18:35,775.9,776.04,775.82,776.005,311156
2026-08-14T18:40,776.005,776.26,775.96,776.21,220536
2026-08-14T18:45,776.21,776.26,776.04,776.255,165363
2026-08-14T18:50,776.26,776.4919,776.26,776.36,279479
2026-08-14T18:55,776.36,776.36,776.15,776.19,123002
2026-08-14T19:00,776.2,776.22,775.895,775.99,212025
2026-08-14T19:05,775.985,776.19,775.95,776.16,109500
2026-08-14T19:10,776.17,776.185,776.04,776.05,406667
2026-08-14T19:15,776.05,776.13,775.83,775.995,477992
2026-08-14T19:20,775.995,776.12,775.88,776.115,375351
2026-08-14T19:25,776.11,776.33,776.11,776.155,219054
2026-08-14T19:30,776.155,776.3089,776.1,776.235,314593
2026-08-14T19:35,776.24,776.32,776.03,776.18,643313
2026-08-14T19:40,776.17,776.305,776.115,776.165,290691
2026-08-14T19:45,776.16,776.22,775.97,776.2,398764
2026-08-14T19:50,776.19,776.41,776.1,776.2,620768
2026-08-14T19:55,776.21,776.42,775.92,776.34,1514806
2026-08-17T13:30,776.2,776.775,775.4621,775.51,868488
2026-08-17T13:35,775.5099,775.89,775.32,775.4399,495010
2026-08-17T13:40,775.45,775.84,775.32,775.565,234341
2026-08-17T13:45,775.555,776.0101,775.19,775.97,491027
2026-08-17T13:50,775.975,775.995,775.56,775.815,256161
2026-08-17T13:55,775.83,775.83,775.18,775.2905,272481
2026-08-17T14:00,775.26,775.6,775.02,775.41,352522
2026-08-17T14:05,775.435,775.49,775.09,775.435,324358
2026-08-17T14:10,775.44,775.77,775.38,775.6503,267585
2026-08-17T14:15,775.66,775.66,775.235,775.35,250634
2026-08-17T14:20,775.3499,775.36,775.02,775.25,206052
2026-08-17T14:25,775.27,775.47,775.0,775.46,305700
2026-08-17T14:30,775.45,775.5899,775.34,775.5601,262787
2026-08-17T14:35,775.57,775.57,774.93,775.06,247536
2026-08-17T14:40,775.07,775.34,775.04,775.1212,249284
2026-08-17T14:45,775.15,775.37,775.135,775.285,254711
2026-08-17T14:50,775.29,775.48,774.9,774.96,460946
2026-08-17T14:55,774.96,775.29,774.89,775.27,327371
2026-08-17T15:00,775.27,775.6,775.15,775.53,260619
2026-08-17T15:05,775.5,775.6,775.3,775.38,203069
2026-08-17T15:10,775.39,775.57,775.32,775.33,171770
2026-08-17T15:15,775.33,775.76,775.3,775.71,200251
2026-08-17T15:20,775.7,775.855,775.62,775.67,233638
2026-08-17T15:25,775.7,775.7799,775.53,775.715,171156
2026-08-17T15:30,775.72,775.82,775.22,775.221,208692
2026-08-17T15:35,775.25,775.325,774.97,775.02,265472
2026-08-17T15:40,775.01,775.11,774.71,775.1,412121
2026-08-17T15:45,775.1,775.24,775.015,775.1,209924
2026-08-17T15:50,775.07,775.41,775.02,775.33,250762
2026-08-17T15:55,775.33,775.44,775.28,775.3,161454
2026-08-17T16:00,775.295,775.375,775.135,775.21,152374
2026-08-17T16:05,775.22,775.32,775.06,775.13,201159
2026-08-17T16:10,775.15,775.46,775.13,775.38,218505
2026-08-17T16:15,775.38,775.59,775.365,775.5,142322
2026-08-17T16:20,775.51,775.61,775.37,775.42,138734
2026-08-17T16:25,775.4,775.43,775.205,775.29,118345
2026-08-17T16:30,775.3,775.41,775.09,775.1,152274
2026-08-17T16:35,775.11,775.29,775.09,775.29,131554
2026-08-17T16:40,775.29,775.29,774.93,774.935,163019
2026-08-17T16:45,774.945,775.06,774.86,775.005,213275
2026-08-17T16:50,775.01,775.05,774.65,774.86,179982
2026-08-17T16:55,774.875,774.91,774.61,774.68,206254
2026-08-17T17:00,774.67,774.775,774.56,774.68,203869
2026-08-17T17:05,774.68,774.68,774.49,774.56,242905
2026-08-17T17:10,774.56,774.65,774.3,774.31,294688
2026-08-17T17:15,774.29,774.44,774.07,774.24,349245
2026-08-17T17:20,774.24,774.32,773.66,773.7599,438495
2026-08-17T17:25,773.75,773.79,773.47,773.58,357049
2026-08-17T17:30,773.57,773.86,773.42,773.44,401401
2026-08-17T17:35,773.43,773.53,773.145,773.145,274768
2026-08-17T17:40,773.135,773.84,773.1,773.78,426928
2026-08-17T17:45,773.761,773.845,773.48,773.505,209101
2026-08-17T17:50,773.5,773.665,773.4,773.555,243522
2026-08-17T17:55,773.5599,773.57,773.33,773.4101,179208
2026-08-17T18:00,773.4,773.59,773.29,773.45,416726
2026-08-17T18:05,773.45,773.63,773.31,773.39,309578
2026-08-17T18:10,773.36,773.75,773.33,773.695,260303
2026-08-17T18:15,773.695,773.8,773.51,773.579,237232
2026-08-17T18:20,773.56,773.74,773.39,773.71,297445
2026-08-17T18:25,773.7,773.8,773.42,773.59,229589
2026-08-17T18:30,773.58,773.63,773.23,773.26,386870
2026-08-17T18:35,773.27,773.49,773.27,773.4799,194989
2026-08-17T18:40,773.45,773.7,773.41,773.6,239464
2026-08-17T18:45,773.605,773.78,773.56,773.715,286160
2026-08-17T18:50,773.715,773.82,773.545,773.59,222295
2026-08-17T18:55,773.595,773.635,773.5,773.535,169970
2026-08-17T19:00,773.535,773.585,773.31,773.32,299912
2026-08-17T19:05,773.33,773.43,773.26,773.295,303868
2026-08-17T19:10,773.295,773.415,773.155,773.21,579008
2026-08-17T19:15,773.21,773.51,773.16,773.38,285760
2026-08-17T19:20,773.39,773.47,773.26,773.29,258832
2026-08-17T19:25,773.29,773.41,773.12,773.12,295874
2026-08-17T19:30,773.13,773.16,772.74,772.975,624316
2026-08-17T19:35,772.98,773.12,772.8627,773.015,604384
2026-08-17T19:40,773.01,773.07,772.81,772.98,583761
2026-08-17T19:45,772.98,773.34,772.98,773.315,842626
2026-08-17T19:50,773.315,773.36,772.62,772.755,1025039
2026-08-17T19:55,772.76,772.95,772.51,772.67,4908700
2026-08-18T13:30,768.7,769.46,767.9,768.58,1581464
2026-08-18T13:35,768.55,769.2,768.31,769.11,755931
2026-08-18T13:40,769.105,769.5,768.72,768.74,636514
2026-08-18T13:45,768.74,769.08,768.36,768.45,689676
2026-08-18T13:50,768.46,768.8,768.215,768.525,472101
2026-08-18T13:55,768.5908,768.85,768.12,768.47,374125
2026-08-18T14:00,768.49,769.27,768.18,768.97,485627
2026-08-18T14:05,768.96,769.21,768.445,768.54,541194
2026-08-18T14:10,768.54,768.57,767.63,768.11,806179
2026-08-18T14:15,768.11,768.82,767.99,768.55,507970
2026-08-18T14:20,768.565,768.98,768.09,768.81,456553
2026-08-18T14:25,768.84,769.07,768.5401,768.66,444396
2026-08-18T14:30,768.63,769.25,768.57,768.77,386896
2026-08-18T14:35,768.77,769.17,768.73,769.09,546666
2026-08-18T14:40,769.09,769.21,768.395,768.405,404428
2026-08-18T14:45,768.39,768.585,768.18,768.47,375391
2026-08-18T14:50,768.54,768.805,767.91,767.94,497884
2026-08-18T14:55,767.94,768.13,767.71,767.92,469329
2026-08-18T15:00,767.9299,768.295,767.43,768.22,462121
2026-08-18T15:05,768.22,768.38,767.725,767.77,342411
2026-08-18T15:10,767.78,767.925,767.64,767.725,301570
2026-08-18T15:15,767.73,767.89,767.48,767.48,348734
2026-08-18T15:20,767.45,767.718,767.34,767.57,325843
2026-08-18T15:25,767.54,768.0314,767.43,767.84,264220
2026-08-18T15:30,767.855,768.19,767.735,767.89,386868
2026-08-18T15:35,767.89,767.9,767.6,767.825,260744
2026-08-18T15:40,767.83,768.265,767.69,768.06,398650
2026-08-18T15:45,768.07,768.57,768.07,768.395,416403
2026-08-18T15:50,768.35,768.63,768.1,768.5,193984
2026-08-18T15:55,768.48,768.5,768.07,768.36,229964
2026-08-18T16:00,768.3558,768.65,768.275,768.57,198577
2026-08-18T16:05,768.555,768.71,768.22,768.37,185879
2026-08-18T16:10,768.37,768.7299,768.37,768.55,122280
2026-08-18T16:15,768.57,768.64,768.221,768.31,166151
2026-08-18T16:20,768.33,768.8699,768.33,768.66,155508
2026-08-18T16:25,768.67,768.7299,768.14,768.21,240370
2026-08-18T16:30,768.19,768.43,768.07,768.31,155520
2026-08-18T16:35,768.3201,768.58,768.165,768.46,202753
2026-08-18T16:40,768.45,768.598,768.19,768.37,113008
2026-08-18T16:45,768.38,768.84,768.2,768.77,168266
2026-08-18T16:50,768.77,768.87,768.645,768.8299,149276
2026-08-18T16:55,768.82,768.83,768.62,768.63,412198
2026-08-18T17:00,768.62,768.69,768.38,768.55,257200
2026-08-18T17:05,768.555,768.75,768.46,768.75,208040
2026-08-18T17:10,768.76,768.82,768.49,768.62,126401
2026-08-18T17:15,768.62,768.64,768.27,768.3,123176
2026-08-18T17:20,768.32,768.545,768.2495,768.26,149143
2026-08-18T17:25,768.26,768.33,768.08,768.3,148298
2026-08-18T17:30,768.29,768.39,768.0939,768.22,302436
2026-08-18T17:35,768.18,768.3925,768.02,768.22,138939
2026-08-18T17:40,768.22,768.29,768.06,768.09,121504
2026-08-18T17:45,768.07,768.195,767.99,768.01,104573
2026-08-18T17:50,768.02,768.18,767.95,768.07,100192
2026-08-18T17:55,768.065,768.07,767.62,767.62,202787
2026-08-18T18:00,767.62,767.73,767.535,767.635,374301
2026-08-18T18:05,767.64,767.76,767.46,767.49,1146430
2026-08-18T18:10,767.5,768.1,767.46,768.04,331848
2026-08-18T18:15,768.07,768.43,768.0399,768.41,401935
2026-08-18T18:20,768.4,768.56,768.21,768.27,250778
2026-08-18T18:25,768.265,768.405,768.105,768.36,230959
2026-08-18T18:30,768.35,768.41,768.14,768.295,225873
2026-08-18T18:35,768.33,768.43,768.29,768.32,177372
2026-08-18T18:40,768.32,768.36,768.08,768.09,221299
2026-08-18T18:45,768.1,768.2,768.02,768.04,281457
2026-08-18T18:50,768.045,768.09,767.8,767.81,291844
2026-08-18T18:55,767.79,767.915,767.685,767.72,264059
2026-08-18T19:00,767.7,767.87,767.63,767.75,384419
2026-08-18T19:05,767.75,767.95,767.65,767.82,217892
2026-08-18T19:10,767.83,767.92,767.56,767.63,262213
2026-08-18T19:15,767.62,767.86,767.61,767.85,228269
2026-08-18T19:20,767.855,768.15,767.76,768.15,373281
2026-08-18T19:25,768.13,768.18,768.01,768.02,268675
2026-08-18T19:30,768.0175,768.21,767.85,767.89,419186
2026-08-18T19:35,767.8956,768.06,767.85,767.95,351622
2026-08-18T19:40,767.96,767.97,767.72,767.895,562783
2026-08-18T19:45,767.89,767.96,767.65,767.89,985909
2026-08-18T19:50,767.91,767.94,767.27,767.415,1663117
2026-08-18T19:55,767.42,767.65,766.92,767.45,5922560
2026-08-19T13:30,770.365,770.63,769.86,770.01,1146238
2026-08-19T13:35,770.015,770.23,769.44,769.51,576187
2026-08-19T13:40,769.51,770.3,769.2501,770.11,491073
2026-08-19T13:45,770.11,770.6,768.36,768.5437,654459
2026-08-19T13:50,768.5599,769.72,768.11,769.675,710656
2026-08-19T13:55,769.67,770.375,769.38,769.99,365546
2026-08-19T14:00,769.99,770.23,769.57,769.645,357205
2026-08-19T14:05,769.63,770.02,769.48,769.7867,301741
2026-08-19T14:10,769.8,769.9697,768.73,768.77,532691
2026-08-19T14:15,768.795,770.12,768.73,769.765,407891
2026-08-19T14:20,769.77,770.17,769.38,769.58,230375
2026-08-19T14:25,769.57,770.065,769.21,770.015,317647
2026-08-19T14:30,769.9896,770.458,769.8102,770.1899,318836
2026-08-19T14:35,770.18,771.3,770.15,771.1375,505361
2026-08-19T14:40,771.15,771.33,770.83,771.0595,401987
2026-08-19T14:45,771.08,771.29,770.68,770.76,343118
2026-08-19T14:50,770.7487,771.52,770.73,771.35,295688
2026-08-19T14:55,771.365,772.2399,771.31,772.19,416810
2026-08-19T15:00,772.19,772.47,772.0147,772.175,328636
2026-08-19T15:05,772.18,772.26,771.49,771.5,242835
2026-08-19T15:10,771.52,771.95,771.49,771.82,233853
2026-08-19T15:15,771.815,771.85,771.4,771.505,189947
2026-08-19T15:20,771.5,771.595,771.182,771.1824,209237
2026-08-19T15:25,771.19,771.25,770.88,771.1087,429703
2026-08-19T15:30,771.1351,771.18,770.75,770.79,205665
2026-08-19T15:35,770.8,770.9199,770.39,770.535,259397
2026-08-19T15:40,770.5301,770.5301,770.07,770.4999,753617
2026-08-19T15:45,770.5,770.88,770.38,770.3875,223319
2026-08-19T15:50,770.4,770.54,770.08,770.13,308513
2026-08-19T15:55,770.11,770.64,770.07,770.6209,173344
2026-08-19T16:00,770.64,771.32,770.4,771.3,215102
2026-08-19T16:05,771.3101,771.605,771.21,771.52,203137
2026-08-19T16:10,771.52,771.66,771.465,771.55,160114
2026-08-19T16:15,771.545,771.99,771.44,771.83,252581
2026-08-19T16:20,771.83,771.85,771.36,771.41,167068
2026-08-19T16:25,771.42,771.43,770.67,770.6775,195872
2026-08-19T16:30,770.68,770.755,770.43,770.74,592711
2026-08-19T16:35,770.7301,770.735,770.2782,770.52,377098
2026-08-19T16:40,770.52,770.54,770.25,770.41,188472
2026-08-19T16:45,770.39,770.45,770.122,770.18,320490
2026-08-19T16:50,770.18,770.18,769.74,769.885,281731
2026-08-19T16:55,769.88,769.88,769.5,769.68,266414
2026-08-19T17:00,769.69,770.11,769.6,769.91,299340
2026-08-19T17:05,769.9,770.2258,769.46,769.49,197254
2026-08-19T17:10,769.53,770.07,769.5251,769.825,187876
2026-08-19T17:15,769.825,769.955,769.46,769.46,133933
2026-08-19T17:20,769.47,769.5,769.02,769.29,462365
2026-08-19T17:25,769.25,769.67,769.22,769.57,138040
2026-08-19T17:30,769.58,769.66,769.2,769.205,227408
2026-08-19T17:35,769.19,769.47,769.16,769.24,179164
2026-08-19T17:40,769.25,769.7599,769.23,769.57,232462
2026-08-19T17:45,769.6,769.8,769.51,769.5301,153855
2026-08-19T17:50,769.56,769.88,769.5,769.61,131409
2026-08-19T17:55,769.62,769.63,769.39,769.5076,215115
2026-08-19T18:00,769.53,770.55,769.4,770.13,344240
2026-08-19T18:05,770.11,770.25,768.965,768.995,354735
2026-08-19T18:10,768.98,769.705,768.98,769.43,218970
2026-08-19T18:15,769.445,769.49,769.05,769.32,359698
2026-08-19T18:20,769.29,769.48,769.1737,769.31,219310
2026-08-19T18:25,769.29,769.61,769.24,769.56,169111
2026-08-19T18:30,769.58,770.02,769.58,769.92,246800
2026-08-19T18:35,769.9299,769.94,769.68,769.79,112166
2026-08-19T18:40,769.765,770.08,769.72,769.81,274360
2026-08-19T18:45,769.81,769.84,769.5849,769.825,169871
2026-08-19T18:50,769.82,769.87,769.49,769.6507,424864
2026-08-19T18:55,769.68,769.74,769.485,769.515,163048
2026-08-19T19:00,769.53,769.8,769.43,769.61,205276
2026-08-19T19:05,769.615,769.98,769.5,769.9,290974
2026-08-19T19:10,769.9,769.95,769.6875,769.71,130005
2026-08-19T19:15,769.71,770.0195,769.6,770.01,608024
2026-08-19T19:20,770.005,770.01,769.68,769.94,553592
2026-08-19T19:25,769.925,770.02,769.58,769.626,637679
2026-08-19T19:30,769.65,770.38,769.63,770.175,456789
2026-08-19T19:35,770.18,770.18,769.17,769.175,790644
2026-08-19T19:40,769.17,769.3894,768.99,769.0,361681
2026-08-19T19:45,769.0,769.12,768.53,768.76,649767
2026-08-19T19:50,768.76,768.86,768.29,768.72,938015
2026-08-19T19:55,768.71,769.11,768.21,769.06,5455895
2026-08-20T13:30,765.96,767.095,765.86,767.05,935063
2026-08-20T13:35,767.07,767.72,766.66,767.285,936610
2026-08-20T13:40,767.23,767.75,766.64,767.365,448596
2026-08-20T13:45,767.36,767.49,766.61,767.15,619533
2026-08-20T13:50,767.15,767.26,766.44,766.98,482508
2026-08-20T13:55,766.99,767.32,766.17,766.55,415138
2026-08-20T14:00,766.55,766.92,765.98,765.9801,346596
2026-08-20T14:05,765.99,766.66,765.87,766.64,444992
2026-08-20T14:10,766.68,766.725,765.93,765.9957,399596
2026-08-20T14:15,765.96,766.135,765.4,765.44,532624
2026-08-20T14:20,765.4399,766.93,765.36,766.75,491393
2026-08-20T14:25,766.7691,766.82,765.97,766.23,264775
2026-08-20T14:30,766.19,766.82,766.0201,766.105,250479
2026-08-20T14:35,766.11,767.165,765.93,766.97,241380
2026-08-20T14:40,766.98,767.26,766.57,767.17,539377
2026-08-20T14:45,767.16,767.48,766.62,766.75,374257
2026-08-20T14:50,766.72,767.25,766.601,766.71,246032
2026-08-20T14:55,766.72,767.23,766.48,767.15,266209
2026-08-20T15:00,767.21,768.15,767.1221,767.92,903658
2026-08-20T15:05,767.88,767.9,766.36,766.56,708673
2026-08-20T15:10,766.52,766.99,766.07,766.79,658343
2026-08-20T15:15,766.775,767.08,766.4,766.77,348296
2026-08-20T15:20,766.74,766.78,765.98,766.29,556351
2026-08-20T15:25,766.275,766.8,766.0,766.75,361722
2026-08-20T15:30,766.75,766.87,765.84,766.0,260226
2026-08-20T15:35,765.99,766.11,765.55,765.555,581296
2026-08-20T15:40,765.54,765.83,765.31,765.36,308287
2026-08-20T15:45,765.35,765.72,765.235,765.535,335165
2026-08-20T15:50,765.54,766.025,765.435,765.85,387203
2026-08-20T15:55,765.86,766.005,765.62,765.819,290322
2026-08-20T16:00,765.84,766.09,765.48,765.5899,302678
2026-08-20T16:05,765.59,766.02,765.53,766.01,175870
2026-08-20T16:10,766.0099,766.08,765.47,765.515,194335
2026-08-20T16:15,765.49,765.6653,765.45,765.61,156878
2026-08-20T16:20,765.61,766.07,765.46,765.93,342522
2026-08-20T16:25,765.91,766.03,765.63,765.745,158678
2026-08-20T16:30,765.74,766.12,765.37,766.08,169090
2026-08-20T16:35,766.09,766.38,766.01,766.29,193227
2026-08-20T16:40,766.29,766.64,766.28,766.64,265038
2026-08-20T16:45,766.628,766.63,766.31,766.37,302459
2026-08-20T16:50,766.375,766.62,766.12,766.18,198474
2026-08-20T16:55,766.17,766.5,766.03,766.42,240798
2026-08-20T17:00,766.39,766.42,765.965,766.07,203401
2026-08-20T17:05,766.04,766.05,765.6037,765.7199,264567
2026-08-20T17:10,765.68,765.83,765.49,765.53,312763
2026-08-20T17:15,765.51,765.54,764.84,764.85,416999
2026-08-20T17:20,764.85,765.26,764.79,765.035,354324
2026-08-20T17:25,765.005,765.09,764.72,764.78,274505
2026-08-20T17:30,764.79,764.89,764.566,764.6067,275211
2026-08-20T17:35,764.61,764.779,764.31,764.475,281565
2026-08-20T17:40,764.46,764.52,764.23,764.45,285948
2026-08-20T17:45,764.45,764.84,764.41,764.72,294832
2026-08-20T17:50,764.7101,765.01,764.7,764.76,251590
2026-08-20T17:55,764.77,764.84,764.52,764.54,232604
2026-08-20T18:00,764.55,764.55,764.02,764.1,373445
2026-08-20T18:05,764.1,764.15,763.585,763.725,384346
2026-08-20T18:10,763.72,763.775,763.35,763.585,506301
2026-08-20T18:15,763.58,763.71,763.17,763.68,556355
2026-08-20T18:20,763.69,763.945,763.5901,763.62,330329
2026-08-20T18:25,763.62,763.72,763.44,763.56,235171
2026-08-20T18:30,763.565,763.63,763.25,763.32,305111
2026-08-20T18:35,763.31,763.62,763.29,763.42,285516
2026-08-20T18:40,763.4101,763.62,763.21,763.5528,277210
2026-08-20T18:45,763.57,763.85,763.41,763.71,400940
2026-08-20T18:50,763.71,763.775,763.51,763.606,488000
2026-08-20T18:55,763.59,763.76,763.242,763.242,388682
2026-08-20T19:00,763.25,763.46,763.17,763.42,424362
2026-08-20T19:05,763.39,763.715,763.29,763.61,415081
2026-08-20T19:10,763.64,763.665,763.39,763.54,381710
2026-08-20T19:15,763.53,763.8,763.27,763.34,394800
2026-08-20T19:20,763.35,763.76,763.23,763.65,497919
2026-08-20T19:25,763.62,763.73,763.44,763.49,477701
2026-08-20T19:30,763.48,763.51,763.04,763.19,938484
2026-08-20T19:35,763.19,763.64,763.1,763.5,878133
2026-08-20T19:40,763.5,763.5699,762.97,763.1,875199
2026-08-20T19:45,763.1,763.4,762.81,763.38,1419811
2026-08-20T19:50,763.37,763.42,762.76,762.91,1368143
2026-08-20T19:55,762.92,762.98,762.05,762.6,6513662
2026-08-21T13:30,766.015,766.015,764.835,764.8599,1151169
2026-08-21T13:35,764.89,765.19,764.6344,765.085,935815
2026-08-21T13:40,765.11,765.27,764.78,765.16,694569
2026-08-21T13:45,765.16,765.42,764.68,764.96,637392
2026-08-21T13:50,764.99,765.245,764.17,764.42,410017
2026-08-21T13:55,764.42,764.83,764.29,764.5124,338254
2026-08-21T14:00,764.54,764.96,764.54,764.93,266952
2026-08-21T14:05,764.9399,765.53,764.93,765.24,394666
2026-08-21T14:10,765.25,765.455,764.6,764.71,271272
2026-08-21T14:15,764.7,765.06,764.57,764.63,373301
2026-08-21T14:20,764.63,765.205,764.45,764.7501,1396083
2026-08-21T14:25,764.755,765.095,764.6,764.64,294690
2026-08-21T14:30,764.65,764.88,764.48,764.5,202194
2026-08-21T14:35,764.49,764.63,764.22,764.3899,307603
2026-08-21T14:40,764.365,764.87,764.215,764.62,255174
2026-08-21T14:45,764.59,765.09,764.5301,765.03,259758
2026-08-21T14:50,765.045,765.3,764.87,765.0638,204514
2026-08-21T14:55,765.05,765.835,764.95,765.8151,314896
2026-08-21T15:00,765.81,766.39,765.74,766.24,828482
2026-08-21T15:05,766.25,766.41,765.8,765.84,426033
2026-08-21T15:10,765.855,766.0401,765.68,765.7,184905
2026-08-21T15:15,765.705,765.97,765.54,765.6,311476
2026-08-21T15:20,765.6,765.865,765.46,765.51,271299
2026-08-21T15:25,765.51,766.02,765.455,765.955,367023
2026-08-21T15:30,765.96,766.485,765.822,766.485,3359595
2026-08-21T15:35,766.48,767.0584,766.44,767.0584,369211
2026-08-21T15:40,767.055,767.43,766.92,767.3,356800
2026-08-21T15:45,767.31,767.45,766.94,767.01,325653
2026-08-21T15:50,767.0206,767.85,767.0005,767.6734,242980
2026-08-21T15:55,767.67,767.69,767.0799,767.2,330284
2026-08-21T16:00,767.2,767.3299,766.64,766.74,420607
2026-08-21T16:05,766.75,766.75,766.29,766.35,443236
2026-08-21T16:10,766.34,766.59,766.25,766.25,257990
2026-08-21T16:15,766.23,766.53,765.91,766.02,1157884
2026-08-21T16:20,766.01,767.005,765.87,766.195,510669
2026-08-21T16:25,766.27,766.5765,766.13,766.515,149123
2026-08-21T16:30,766.51,766.53,766.03,766.03,181657
2026-08-21T16:35,766.03,766.57,766.025,766.55,289277
2026-08-21T16:40,766.56,766.56,766.285,766.375,160402
2026-08-21T16:45,766.37,766.37,766.1,766.17,169492
2026-08-21T16:50,766.16,766.18,765.81,766.02,498938
2026-08-21T16:55,766.01,766.43,765.955,766.39,222738
2026-08-21T17:00,766.39,766.465,766.23,766.27,166282
2026-08-21T17:05,766.28,766.52,766.16,766.37,192704
2026-08-21T17:10,766.37,766.37,766.1,766.2189,140549
2026-08-21T17:15,766.22,766.29,766.09,766.15,251285
2026-08-21T17:20,766.16,766.2,765.73,765.84,457225
2026-08-21T17:25,765.844,766.01,765.705,765.8,211933
2026-08-21T17:30,765.82,765.9,765.5395,765.5395,193105
2026-08-21T17:35,765.515,765.815,765.5,765.575,133768
2026-08-21T17:40,765.575,765.71,765.47,765.66,133379
2026-08-21T17:45,765.7,765.88,765.585,765.695,145336
2026-08-21T17:50,765.698,765.76,765.51,765.59,136706
2026-08-21T17:55,765.58,765.58,765.43,765.43,174385
2026-08-21T18:00,765.45,765.735,765.3503,765.67,289554
2026-08-21T18:05,765.67,765.68,765.3,765.315,153178
2026-08-21T18:10,765.3,765.55,765.285,765.34,175544
2026-08-21T18:15,765.36,765.53,765.31,765.47,179029
2026-08-21T18:20,765.47,765.615,765.41,765.4925,121713
2026-08-21T18:25,765.505,765.53,765.26,765.285,125799
2026-08-21T18:30,765.27,765.37,765.06,765.17,241256
2026-08-21T18:35,765.18,765.32,765.18,765.2301,147206
2026-08-21T18:40,765.235,765.5199,765.21,765.395,207647
2026-08-21T18:45,765.395,765.7,765.315,765.6561,271874
2026-08-21T18:50,765.6701,765.98,765.6701,765.89,409296
2026-08-21T18:55,765.89,766.23,765.79,766.1975,365877
2026-08-21T19:00,766.2101,766.365,766.01,766.0303,587368
2026-08-21T19:05,766.035,766.33,766.0,766.1,297453
2026-08-21T19:10,766.095,766.1,765.87,766.045,237692
2026-08-21T19:15,766.045,766.12,765.85,765.97,518225
2026-08-21T19:20,765.965,766.225,765.87,766.2001,250865
2026-08-21T19:25,766.21,766.21,765.95,766.05,225019
2026-08-21T19:30,766.05,766.315,766.0221,766.0846,324376
2026-08-21T19:35,766.085,766.37,765.975,766.275,403635
2026-08-21T19:40,766.27,766.485,766.1,766.47,725694
2026-08-21T19:45,766.465,766.8,766.38,766.67,969624
2026-08-21T19:50,766.65,766.66,765.86,765.9,898459
2026-08-21T19:55,765.89,766.235,765.34,765.72,2674939
2026-08-24T13:30,764.76,764.8,763.2,763.45,1126046
2026-08-24T13:35,763.46,763.82,762.97,763.37,468490
2026-08-24T13:40,763.39,763.73,762.19,762.19,577494
2026-08-24T13:45,762.21,763.59,762.08,763.1,842229
2026-08-24T13:50,763.11,763.53,762.74,763.48,409197
2026-08-24T13:55,763.47,763.66,763.2399,763.38,394826
2026-08-24T14:00,763.41,763.94,762.8,762.935,555124
2026-08-24T14:05,762.98,763.2,762.62,762.895,227060
2026-08-24T14:10,762.91,763.02,762.5,763.0,243056
2026-08-24T14:15,762.99,763.05,762.66,762.87,212274
2026-08-24T14:20,762.86,763.5,762.81,762.85,577951
2026-08-24T14:25,762.87,763.145,762.67,762.92,1048624
2026-08-24T14:30,762.92,763.75,762.78,763.63,300472
2026-08-24T14:35,763.65,763.885,763.56,763.695,194671
2026-08-24T14:40,763.7,764.11,763.5034,763.7,2476960
2026-08-24T14:45,763.735,763.88,763.47,763.88,378071
2026-08-24T14:50,763.86,763.93,763.425,763.62,211196
2026-08-24T14:55,763.625,763.96,763.53,763.64,310392
2026-08-24T15:00,763.64,763.81,763.02,763.07,231928
2026-08-24T15:05,763.07,763.075,762.79,762.99,230048
2026-08-24T15:10,762.98,763.1751,762.7,762.75,219034
2026-08-24T15:15,762.7239,762.8199,762.6308,762.68,138392
2026-08-24T15:20,762.675,763.19,762.37,763.15,408094
2026-08-24T15:25,763.1501,764.0062,763.07,763.7401,480634
2026-08-24T15:30,763.74,764.0,763.405,763.85,356100
2026-08-24T15:35,763.855,764.16,763.7,764.025,264895
2026-08-24T15:40,764.03,764.42,764.0201,764.2532,274421
2026-08-24T15:45,764.31,764.72,764.265,764.28,302736
2026-08-24T15:50,764.29,764.61,764.285,764.325,157468
2026-08-24T15:55,764.3,764.53,764.19,764.5201,272376
2026-08-24T16:00,764.5201,765.13,764.43,764.95,428086
2026-08-24T16:05,764.95,764.99,764.4601,764.47,163759
2026-08-24T16:10,764.485,764.66,764.43,764.6488,108002
2026-08-24T16:15,764.64,765.1588,764.61,765.05,245067
2026-08-24T16:20,765.0499,765.22,764.8,764.87,245594
2026-08-24T16:25,764.87,765.0019,764.8,764.89,174353
2026-08-24T16:30,764.91,765.0,764.5003,764.5701,274912
2026-08-24T16:35,764.58,764.71,764.335,764.35,143141
2026-08-24T16:40,764.35,764.41,764.19,764.3,287115
2026-08-24T16:45,764.33,764.4,764.14,764.35,143189
2026-08-24T16:50,764.375,764.4695,764.14,764.21,129122
2026-08-24T16:55,764.2299,764.32,764.121,764.18,130844
2026-08-24T17:00,764.21,764.21,763.87,764.0,136312
2026-08-24T17:05,763.99,764.655,763.95,764.4699,194386
2026-08-24T17:10,764.45,764.78,764.31,764.52,314672
2026-08-24T17:15,764.5,764.6,764.05,764.12,164455
2026-08-24T17:20,764.13,764.1483,763.5,763.565,337406
2026-08-24T17:25,763.57,763.72,763.335,763.39,192665
2026-08-24T17:30,763.382,763.57,763.27,763.3001,192947
2026-08-24T17:35,763.3,763.39,763.1401,763.39,161306
2026-08-24T17:40,763.3999,763.45,763.105,763.105,221477
2026-08-24T17:45,763.11,763.28,763.05,763.22,172798
2026-08-24T17:50,763.24,763.51,763.13,763.2,168770
2026-08-24T17:55,763.205,763.38,763.1201,763.29,226780
2026-08-24T18:00,763.31,763.66,763.28,763.5599,190866
2026-08-24T18:05,763.53,763.99,763.49,763.92,203950
2026-08-24T18:10,763.9,764.26,763.82,764.26,213927
2026-08-24T18:15,764.255,764.47,764.13,764.235,213950
2026-08-24T18:20,764.23,764.69,764.2,764.615,345017
2026-08-24T18:25,764.615,764.84,764.56,764.8,324061
2026-08-24T18:30,764.8,765.11,764.665,764.67,261320
2026-08-24T18:35,764.685,764.75,764.12,764.2395,230003
2026-08-24T18:40,764.23,764.405,764.15,764.33,233597
2026-08-24T18:45,764.3339,764.42,764.11,764.32,196038
2026-08-24T18:50,764.32,764.43,764.07,764.14,150008
2026-08-24T18:55,764.14,764.245,763.97,764.0,197436
2026-08-24T19:00,764.0,764.05,763.81,763.92,204179
2026-08-24T19:05,763.92,764.09,763.85,763.92,172255
2026-08-24T19:10,763.88,764.2,763.86,764.11,148374
2026-08-24T19:15,764.1,764.23,763.92,764.1,189086
2026-08-24T19:20,764.07,764.19,763.96,764.02,193059
2026-08-24T19:25,764.015,764.17,763.92,763.96,200102
2026-08-24T19:30,763.96,764.24,763.74,763.74,255622
2026-08-24T19:35,763.74,763.85,763.64,763.655,276687
2026-08-24T19:40,763.66,763.75,763.55,763.6401,343921
2026-08-24T19:45,763.66,763.78,763.48,763.77,608969
2026-08-24T19:50,763.78,763.95,763.36,763.76,684404
2026-08-24T19:55,763.75,763.95,763.38,763.47,3442129
2026-08-25T13:30,766.2,766.78,765.93,766.73,738615
2026-08-25T13:35,766.69,766.7,766.13,766.16,347140
2026-08-25T13:40,766.18,766.65,765.88,766.165,311223
2026-08-25T13:45,766.15,766.72,766.12,766.47,323840
2026-08-25T13:50,766.46,766.525,766.0,766.0,484209
2026-08-25T13:55,766.03,766.0752,765.5001,765.69,375027
2026-08-25T14:00,765.69,765.81,765.24,765.45,385027
2026-08-25T14:05,765.46,765.56,765.12,765.34,371384
2026-08-25T14:10,765.34,765.5337,765.1,765.18,311108
2026-08-25T14:15,765.16,765.63,765.05,765.42,372185
2026-08-25T14:20,765.44,765.49,764.84,765.1,341364
2026-08-25T14:25,765.11,765.17,764.68,764.7,358452
2026-08-25T14:30,764.71,764.88,763.0501,764.33,1113294
2026-08-25T14:35,764.34,765.06,764.33,765.02,552235
2026-08-25T14:40,765.0104,765.02,764.17,764.35,329615
2026-08-25T14:45,764.34,764.49,764.17,764.225,277951
2026-08-25T14:50,764.19,764.81,764.031,764.67,227438
2026-08-25T14:55,764.66,764.85,764.48,764.72,265318
2026-08-25T15:00,764.7012,764.77,764.3,764.44,154193
2026-08-25T15:05,764.45,764.78,764.4,764.605,172777
2026-08-25T15:10,764.62,764.8,764.39,764.5899,116982
2026-08-25T15:15,764.59,764.935,764.49,764.9,176552
2026-08-25T15:20,764.92,765.15,764.68,764.76,206096
2026-08-25T15:25,764.78,765.39,764.65,765.31,280875
2026-08-25T15:30,765.32,765.78,765.035,765.085,302074
2026-08-25T15:35,765.08,765.7,765.0605,765.125,256327
2026-08-25T15:40,765.125,765.21,764.91,765.17,216465
2026-08-25T15:45,765.17,765.18,764.6,764.71,141613
2026-08-25T15:50,764.705,765.3101,764.615,765.2256,250672
2026-08-25T15:55,765.21,765.6,765.21,765.44,185531
2026-08-25T16:00,765.46,765.85,765.42,765.56,388733
2026-08-25T16:05,765.57,765.64,765.3213,765.35,133795
2026-08-25T16:10,765.36,765.58,765.33,765.52,163027
2026-08-25T16:15,765.52,765.6,765.41,765.49,237320
2026-08-25T16:20,765.51,765.65,765.37,765.62,431026
2026-08-25T16:25,765.6217,765.79,765.56,765.755,111680
2026-08-25T16:30,765.75,765.86,765.6743,765.73,113653
2026-08-25T16:35,765.74,765.94,765.59,765.9,125987
2026-08-25T16:40,765.905,765.91,765.51,765.58,109687
2026-08-25T16:45,765.59,765.795,765.41,765.625,154621
2026-08-25T16:50,765.64,765.64,765.33,765.4055,100673
2026-08-25T16:55,765.4,765.8999,765.4,765.76,104188
2026-08-25T17:00,765.77,765.84,765.35,765.36,138448
2026-08-25T17:05,765.35,765.4,764.94,765.11,178194
2026-08-25T17:10,765.11,765.33,764.96,765.27,318882
2026-08-25T17:15,765.2801,765.42,765.1614,765.385,74810
2026-08-25T17:20,765.41,765.41,765.03,765.03,122800
2026-08-25T17:25,765.02,765.02,764.63,764.805,337384
2026-08-25T17:30,764.82,764.95,764.74,764.84,150639
2026-08-25T17:35,764.82,765.005,764.76,764.92,1130324
2026-08-25T17:40,764.9199,765.035,764.84,764.87,83337
2026-08-25T17:45,764.87,765.06,764.842,764.915,142135
2026-08-25T17:50,764.9,765.15,764.84,765.15,174979
2026-08-25T17:55,765.1071,765.16,764.92,765.04,111119
2026-08-25T18:00,765.03,765.03,764.81,764.83,200353
2026-08-25T18:05,764.8,765.03,764.8,764.92,132338
2026-08-25T18:10,764.91,765.08,764.787,764.8,171189
2026-08-25T18:15,764.8,764.86,764.72,764.83,163494
2026-08-25T18:20,764.835,764.99,764.82,764.905,190690
2026-08-25T18:25,764.9,765.01,764.8,764.97,164896
2026-08-25T18:30,764.97,765.4,764.97,765.36,204128
2026-08-25T18:35,765.35,765.3999,765.235,765.3,224091
2026-08-25T18:40,765.31,765.59,765.29,765.545,142579
2026-08-25T18:45,765.55,765.87,765.545,765.81,347952
2026-08-25T18:50,765.82,765.84,765.631,765.69,335786
2026-08-25T18:55,765.69,765.79,765.54,765.645,326695
2026-08-25T19:00,765.65,765.84,765.45,765.47,256516
2026-08-25T19:05,765.4754,765.55,765.29,765.37,281474
2026-08-25T19:10,765.36,765.39,765.09,765.1175,545666
2026-08-25T19:15,765.11,765.18,764.94,764.9981,365529
2026-08-25T19:20,765.0,765.08,764.87,765.07,278669
2026-08-25T19:25,765.07,765.19,765.01,765.15,192115
2026-08-25T19:30,765.17,765.24,765.01,765.13,250396
2026-08-25T19:35,765.1,765.36,765.1,765.26,578147
2026-08-25T19:40,765.25,765.63,765.24,765.37,358729
2026-08-25T19:45,765.39,765.54,765.2635,765.475,566467
2026-08-25T19:50,765.475,766.17,765.24,766.14,750870
2026-08-25T19:55,766.14,766.22,765.68,765.91,1901672
2026-08-26T13:30,764.82,765.8,764.68,765.67,619971
2026-08-26T13:35,765.675,765.82,764.81,765.575,429954
2026-08-26T13:40,765.55,766.6,765.43,766.3,420906
2026-08-26T13:45,766.32,766.68,765.92,765.92,373092
2026-08-26T13:50,765.925,766.61,765.65,766.58,297024
2026-08-26T13:55,766.63,766.8999,766.455,766.89,293848
2026-08-26T14:00,766.87,766.96,766.615,766.85,204927
2026-08-26T14:05,766.89,766.92,766.47,766.61,240225
2026-08-26T14:10,766.61,766.63,766.07,766.17,264653
2026-08-26T14:15,766.16,766.35,765.93,765.965,221033
2026-08-26T14:20,765.959,766.06,765.38,765.425,193330
2026-08-26T14:25,765.41,765.5,764.83,765.08,397796
2026-08-26T14:30,765.07,765.295,764.92,765.12,253027
2026-08-26T14:35,765.13,765.6,765.0001,765.22,210357
2026-08-26T14:40,765.24,765.535,765.175,765.38,181401
2026-08-26T14:45,765.4099,765.57,765.1,765.56,202016
2026-08-26T14:50,765.57,765.94,765.53,765.64,227676
2026-08-26T14:55,765.64,765.89,765.54,765.86,174420
2026-08-26T15:00,765.87,766.44,765.84,766.19,205188
2026-08-26T15:05,766.235,766.47,766.17,766.35,178728
2026-08-26T15:10,766.355,766.445,766.11,766.28,415396
2026-08-26T15:15,766.27,766.29,765.56,765.7834,259495
2026-08-26T15:20,765.77,766.03,765.72,765.775,169414
2026-08-26T15:25,765.76,766.06,765.71,765.85,142181
2026-08-26T15:30,765.84,765.9,765.14,765.25,193446
2026-08-26T15:35,765.2599,765.55,765.2599,765.46,181726
2026-08-26T15:40,765.47,766.13,765.4,766.07,164684
2026-08-26T15:45,766.065,766.27,765.96,766.23,165631
2026-08-26T15:50,766.25,766.3,765.31,765.39,394702
2026-08-26T15:55,765.39,765.7699,765.315,765.32,225334
2026-08-26T16:00,765.33,765.35,764.88,765.18,326964
2026-08-26T16:05,765.16,765.44,765.03,765.15,188075
2026-08-26T16:10,765.16,765.31,764.97,765.03,143899
2026-08-26T16:15,765.04,765.14,764.83,764.99,276894
2026-08-26T16:20,764.99,765.11,764.87,764.94,176860
2026-08-26T16:25,764.9499,765.005,764.74,764.8,171124
2026-08-26T16:30,764.795,764.98,764.77,764.88,172153
2026-08-26T16:35,764.84,764.89,764.16,764.18,383650
2026-08-26T16:40,764.15,764.4,763.93,764.012,297141
2026-08-26T16:45,764.01,764.355,763.95,764.07,253166
2026-08-26T16:50,764.08,764.32,764.05,764.2,173851
2026-08-26T16:55,764.18,764.8,764.18,764.72,324173
2026-08-26T17:00,764.69,764.9624,764.5701,764.88,152429
2026-08-26T17:05,764.87,765.105,764.71,765.05,155519
2026-08-26T17:10,765.05,765.14,764.99,765.14,177753
2026-08-26T17:15,765.1493,765.5,765.1493,765.335,199604
2026-08-26T17:20,765.335,765.66,765.3301,765.65,214605
2026-08-26T17:25,765.655,765.72,765.43,765.65,277013
2026-08-26T17:30,765.65,765.8,765.5301,765.77,212904
2026-08-26T17:35,765.77,765.84,765.61,765.61,161955
2026-08-26T17:40,765.605,765.76,765.47,765.69,212657
2026-08-26T17:45,765.69,765.71,765.44,765.46,231110
2026-08-26T17:50,765.47,765.78,765.45,765.762,122047
2026-08-26T17:55,765.765,765.87,765.64,765.67,108934
2026-08-26T18:00,765.665,765.69,765.47,765.51,251960
2026-08-26T18:05,765.52,765.86,765.51,765.765,189397
2026-08-26T18:10,765.79,765.79,765.38,765.4,190515
2026-08-26T18:15,765.43,765.77,765.35,765.735,177953
2026-08-26T18:20,765.74,765.975,765.57,765.57,215646
2026-08-26T18:25,765.57,765.728,765.48,765.6,191275
2026-08-26T18:30,765.61,765.9,765.52,765.76,243269
2026-08-26T18:35,765.755,765.83,765.61,765.74,230540
2026-08-26T18:40,765.7258,765.895,765.675,765.86,421460
2026-08-26T18:45,765.88,766.45,765.85,766.32,336545
2026-08-26T18:50,766.2901,766.58,766.22,766.47,402350
2026-08-26T18:55,766.48,766.64,766.33,766.51,263897
2026-08-26T19:00,766.53,767.35,766.47,767.27,464989
2026-08-26T19:05,767.2601,767.2894,766.88,766.95,150243
2026-08-26T19:10,766.96,767.1,766.87,766.95,304938
2026-08-26T19:15,766.96,767.27,766.95,767.185,287088
2026-08-26T19:20,767.19,767.19,766.82,767.03,275243
2026-08-26T19:25,767.02,767.13,766.835,766.89,293808
2026-08-26T19:30,766.9,766.91,766.755,766.85,373816
2026-08-26T19:35,766.86,766.875,766.59,766.665,418802
2026-08-26T19:40,766.665,766.87,766.6,766.69,684350
2026-08-26T19:45,766.7,767.13,766.63,767.12,755276
2026-08-26T19:50,767.16,767.21,766.01,766.16,1217044
2026-08-26T19:55,766.16,766.44,765.49,766.08,1634539
2026-08-27T13:30,768.4,768.81,767.16,767.47,1389459
2026-08-27T13:35,767.48,768.2601,767.16,768.22,525839
2026-08-27T13:40,768.23,769.2,767.96,769.19,717666
2026-08-27T13:45,769.2175,769.69,767.715,768.05,994124
2026-08-27T13:50,768.07,769.365,768.07,769.16,722550
2026-08-27T13:55,769.15,769.2487,767.62,768.4056,588215
2026-08-27T14:00,768.4,769.01,768.2121,768.805,580100
2026-08-27T14:05,768.79,769.08,768.07,768.43,304108
2026-08-27T14:10,768.4503,768.99,768.45,768.655,315817
2026-08-27T14:15,768.66,769.34,768.66,769.16,470700
2026-08-27T14:20,769.16,769.57,769.05,769.46,304210
2026-08-27T14:25,769.47,769.88,769.27,769.675,376044
2026-08-27T14:30,769.6999,769.74,769.06,769.37,207924
2026-08-27T14:35,769.415,770.04,769.32,769.33,291286
2026-08-27T14:40,769.35,769.65,769.325,769.62,144085
2026-08-27T14:45,769.61,770.29,769.355,770.23,283145
2026-08-27T14:50,770.22,770.44,769.89,770.13,286165
2026-08-27T14:55,770.125,770.4,769.735,770.395,211697
2026-08-27T15:00,770.39,770.66,770.2281,770.63,351753
2026-08-27T15:05,770.62,770.71,770.325,770.5401,264743
2026-08-27T15:10,770.54,770.84,770.52,770.82,174918
2026-08-27T15:15,770.8299,771.1,770.8,770.96,243873
2026-08-27T15:20,770.98,771.08,770.745,770.78,248416
2026-08-27T15:25,770.79,770.8,770.23,770.32,203748
2026-08-27T15:30,770.31,770.62,770.09,770.215,545044
2026-08-27T15:35,770.23,770.33,769.815,769.91,248213
2026-08-27T15:40,769.93,770.36,769.615,769.65,463239
2026-08-27T15:45,769.6501,769.73,769.395,769.67,238361
2026-08-27T15:50,769.68,770.88,769.665,770.86,245354
2026-08-27T15:55,770.85,770.85,770.53,770.64,239009
2026-08-27T16:00,770.64,770.97,770.55,770.84,201105
2026-08-27T16:05,770.83,770.85,770.44,770.54,203378
2026-08-27T16:10,770.545,770.755,770.42,770.6299,119685
2026-08-27T16:15,770.61,770.8107,770.51,770.63,101702
2026-08-27T16:20,770.6,770.63,770.34,770.5375,123633
2026-08-27T16:25,770.53,770.91,770.43,770.91,241099
2026-08-27T16:30,770.91,771.17,770.83,771.165,193863
2026-08-27T16:35,771.16,771.525,771.12,771.51,226431
2026-08-27T16:40,771.55,771.79,771.51,771.68,226655
2026-08-27T16:45,771.69,771.94,771.66,771.705,190862
2026-08-27T16:50,771.73,772.01,771.61,771.93,241672
2026-08-27T16:55,771.93,772.03,771.72,771.99,208409
2026-08-27T17:00,772.02,772.15,771.96,772.03,202351
2026-08-27T17:05,772.03,772.25,771.75,772.22,216882
2026-08-27T17:10,772.23,772.355,772.101,772.19,143853
2026-08-27T17:15,772.21,772.28,772.038,772.13,225179
2026-08-27T17:20,772.12,772.2701,772.05,772.18,303914
2026-08-27T17:25,772.18,772.18,771.69,771.7499,478219
2026-08-27T17:30,771.75,772.06,771.685,771.77,203421
2026-08-27T17:35,771.77,771.88,771.6851,771.73,127198
2026-08-27T17:40,771.74,771.9597,771.59,771.64,264774
2026-08-27T17:45,771.63,771.6699,771.3,771.39,272307
2026-08-27T17:50,771.41,771.45,771.215,771.34,208500
2026-08-27T17:55,771.37,771.45,771.1,771.23,278707
2026-08-27T18:00,771.225,771.39,770.5,770.53,453712
2026-08-27T18:05,770.52,770.7001,770.35,770.49,254607
2026-08-27T18:10,770.52,770.54,769.985,770.26,346853
2026-08-27T18:15,770.27,770.5195,770.07,770.275,194318
2026-08-27T18:20,770.27,770.45,770.01,770.09,192342
2026-08-27T18:25,770.11,770.11,769.26,769.46,411212
2026-08-27T18:30,769.47,769.935,769.44,769.54,420763
2026-08-27T18:35,769.55,770.06,769.48,770.05,310216
2026-08-27T18:40,770.045,770.12,769.79,769.88,122581
2026-08-27T18:45,769.89,770.08,769.5,769.504,219432
2026-08-27T18:50,769.52,769.62,769.31,769.33,293494
2026-08-27T18:55,769.335,769.77,769.16,769.65,397368
2026-08-27T19:00,769.65,770.04,769.52,769.94,427883
2026-08-27T19:05,769.95,770.2,769.7104,770.14,604997
2026-08-27T19:10,770.14,770.22,769.89,769.89,219681
2026-08-27T19:15,769.93,770.22,769.91,770.19,351679
2026-08-27T19:20,770.19,770.28,769.98,770.015,277381
2026-08-27T19:25,770.0101,770.08,769.76,769.94,386199
2026-08-27T19:30,769.945,770.48,769.87,770.44,269644
2026-08-27T19:35,770.47,770.61,770.41,770.55,341714
2026-08-27T19:40,770.55,770.679,770.39,770.65,454517
2026-08-27T19:45,770.63,770.88,770.56,770.79,572559
2026-08-27T19:50,770.79,771.33,770.4,771.215,774132
2026-08-27T19:55,771.21,771.36,770.92,771.1,4226018
2026-08-28T13:30,771.84,772.09,771.47,771.985,577371
2026-08-28T13:35,772.025,772.44,771.73,772.24,360686
2026-08-28T13:40,772.255,772.84,772.17,772.61,283500
2026-08-28T13:45,772.57,772.87,772.0,772.1662,367146
2026-08-28T13:50,772.185,772.185,771.68,771.72,366188
2026-08-28T13:55,771.73,772.37,771.63,771.73,326475
2026-08-28T14:00,771.79,773.1,771.25,771.7482,930197
2026-08-28T14:05,771.7381,771.795,770.62,771.0731,735180
2026-08-28T14:10,770.98,771.1,769.775,770.28,692424
2026-08-28T14:15,770.23,771.735,770.12,771.43,725171
2026-08-28T14:20,771.41,772.23,770.98,771.59,503417
2026-08-28T14:25,771.59,771.68,770.59,771.3,495940
2026-08-28T14:30,771.3,772.16,770.9,772.15,371793
2026-08-28T14:35,772.145,772.72,772.0,772.34,324275
2026-08-28T14:40,772.33,773.56,772.3,773.39,374437
2026-08-28T14:45,773.449,773.86,773.2,773.855,549816
2026-08-28T14:50,773.85,774.7,773.785,774.54,578922
2026-08-28T14:55,774.535,775.04,774.46,774.9601,644491
2026-08-28T15:00,774.96,775.292,774.762,774.905,545796
2026-08-28T15:05,774.9,775.0355,774.1025,774.24,506076
2026-08-28T15:10,774.24,774.44,773.8201,774.195,364472
2026-08-28T15:15,774.19,774.67,774.19,774.3,221227
2026-08-28T15:20,774.32,774.9,774.32,774.825,217527
2026-08-28T15:25,774.82,775.22,774.7319,774.94,388277
2026-08-28T15:30,774.97,774.99,774.45,774.46,236586
2026-08-28T15:35,774.46,774.61,773.58,773.65,286684
2026-08-28T15:40,773.66,773.66,772.67,772.82,665953
2026-08-28T15:45,772.83,773.03,772.17,772.28,461675
2026-08-28T15:50,772.29,772.49,771.47,772.0999,476514
2026-08-28T15:55,772.1,772.13,770.83,771.08,436314
2026-08-28T16:00,771.08,771.23,770.46,770.81,581136
2026-08-28T16:05,770.8,771.65,770.75,771.5588,456717
2026-08-28T16:10,771.5414,771.59,770.95,770.98,335279
2026-08-28T16:15,770.99,771.23,769.755,770.18,369397
2026-08-28T16:20,770.17,770.35,769.13,769.51,456235
2026-08-28T16:25,769.4536,769.88,769.3104,769.6,261568
2026-08-28T16:30,769.58,770.52,769.575,769.65,325007
2026-08-28T16:35,769.6451,770.62,769.64,770.34,251896
2026-08-28T16:40,770.315,770.36,769.54,769.65,201999
2026-08-28T16:45,769.68,770.6,769.65,770.41,736144
2026-08-28T16:50,770.41,770.7,769.83,769.94,237634
2026-08-28T16:55,769.91,770.1,769.69,769.69,296467
2026-08-28T17:00,769.6686,769.7,768.67,768.995,381657
2026-08-28T17:05,769.0,769.01,768.47,768.49,302483
2026-08-28T17:10,768.48,769.35,768.3076,769.35,304094
2026-08-28T17:15,769.33,769.41,768.94,769.13,272731
2026-08-28T17:20,769.13,769.22,768.58,768.975,247461
2026-08-28T17:25,768.98,769.325,768.77,768.85,176400
2026-08-28T17:30,768.81,769.46,768.72,769.32,165528
2026-08-28T17:35,769.34,769.5,768.6,768.66,234140
2026-08-28T17:40,768.66,769.16,768.64,769.06,187093
2026-08-28T17:45,769.05,769.73,768.89,769.66,164784
2026-08-28T17:50,769.66,769.74,769.425,769.5,146034
2026-08-28T17:55,769.5,769.58,769.08,769.5399,140519
2026-08-28T18:00,769.56,769.8,769.34,769.525,191994
2026-08-28T18:05,769.5,769.75,769.34,769.57,153459
2026-08-28T18:10,769.58,769.78,769.2,769.222,199084
2026-08-28T18:15,769.23,769.5299,769.14,769.415,146515
2026-08-28T18:20,769.44,769.57,768.941,769.07,191557
2026-08-28T18:25,769.075,769.33,768.89,769.06,157542
2026-08-28T18:30,769.05,769.48,769.0,769.37,178485
2026-08-28T18:35,769.395,769.58,769.06,769.11,293095
2026-08-28T18:40,769.11,769.39,769.03,769.315,217324
2026-08-28T18:45,769.27,769.3,768.72,768.77,138647
2026-08-28T18:50,768.76,768.76,768.31,768.56,306991
2026-08-28T18:55,768.52,768.79,768.37,768.68,207901
2026-08-28T19:00,768.68,768.95,768.47,768.795,177169
2026-08-28T19:05,768.77,769.37,768.7101,769.34,363239
2026-08-28T19:10,769.33,769.38,768.99,769.2363,374833
2026-08-28T19:15,769.24,769.275,768.9967,769.21,298268
2026-08-28T19:20,769.23,769.52,769.15,769.32,495367
2026-08-28T19:25,769.32,769.5862,769.29,769.51,260070
2026-08-28T19:30,769.5,769.5101,769.18,769.39,395917
2026-08-28T19:35,769.4,769.575,769.13,769.545,389335
2026-08-28T19:40,769.55,769.7867,769.53,769.62,702386
2026-08-28T19:45,769.6,769.69,769.02,769.25,801992
2026-08-28T19:50,769.25,769.78,769.11,769.37,1057394
2026-08-28T19:55,769.35,769.88,769.07,769.35,2676487
2026-08-31T13:30,767.33,767.61,766.31,766.37,1302376
2026-08-31T13:35,766.29,766.52,765.75,766.275,559408
2026-08-31T13:40,766.25,766.64,765.78,765.805,440812
2026-08-31T13:45,765.82,766.63,765.5,766.115,596118
2026-08-31T13:50,766.11,766.52,765.78,766.52,335300
2026-08-31T13:55,766.48,766.71,766.08,766.18,357566
2026-08-31T14:00,766.19,766.3,765.7,765.8,369202
2026-08-31T14:05,765.79,766.08,765.46,765.4861,317202
2026-08-31T14:10,765.485,765.865,765.34,765.8101,263038
2026-08-31T14:15,765.8,766.04,765.56,765.95,300941
2026-08-31T14:20,765.955,765.975,765.0,765.0099,291181
2026-08-31T14:25,765.01,765.09,764.715,764.93,421187
2026-08-31T14:30,764.87,765.15,764.8,764.9,266244
2026-08-31T14:35,764.89,765.7899,764.835,765.64,309378
2026-08-31T14:40,765.62,766.068,765.58,765.82,281934
2026-08-31T14:45,765.83,765.83,765.37,765.42,215584
2026-08-31T14:50,765.4395,765.86,765.35,765.84,168860
2026-08-31T14:55,765.8434,766.399,765.73,765.95,290805
2026-08-31T15:00,765.93,766.46,765.6705,765.76,361708
2026-08-31T15:05,765.78,766.19,765.6105,765.69,175009
2026-08-31T15:10,765.695,765.96,765.55,765.74,291794
2026-08-31T15:15,765.735,765.88,765.38,765.77,181319
2026-08-31T15:20,765.78,766.065,765.58,766.01,189442
2026-08-31T15:25,766.03,766.18,765.83,765.94,154408
2026-08-31T15:30,765.965,765.9986,765.44,765.7599,251425
2026-08-31T15:35,765.74,765.845,765.43,765.59,212480
2026-08-31T15:40,765.5964,765.87,765.41,765.835,146717
2026-08-31T15:45,765.85,766.0099,765.67,765.8518,118390
2026-08-31T15:50,765.86,766.34,765.86,766.075,245900
2026-08-31T15:55,766.06,766.12,765.32,765.4199,169318
2026-08-31T16:00,765.42,765.42,765.06,765.15,233099
2026-08-31T16:05,765.14,765.21,764.98,765.135,251941
2026-08-31T16:10,765.13,765.77,765.08,765.7139,200949
2026-08-31T16:15,765.72,765.76,765.27,765.5801,206072
2026-08-31T16:20,765.61,765.67,765.27,765.48,183712
2026-08-31T16:25,765.49,765.94,765.47,765.9,185861
2026-08-31T16:30,765.8949,765.95,765.63,765.805,272907
2026-08-31T16:35,765.82,765.93,765.215,765.22,160162
2026-08-31T16:40,765.23,765.75,765.19,765.415,283474
2026-08-31T16:45,765.4258,765.86,765.42,765.75,177915
2026-08-31T16:50,765.74,765.96,765.68,765.81,161941
2026-08-31T16:55,765.8,765.98,765.76,765.84,133977
2026-08-31T17:00,765.85,765.89,765.57,765.6729,154817
2026-08-31T17:05,765.69,765.83,765.54,765.58,119398
2026-08-31T17:10,765.58,765.9399,765.57,765.92,104249
2026-08-31T17:15,765.91,766.06,765.7,765.86,142766
2026-08-31T17:20,765.82,765.94,765.71,765.8101,112737
2026-08-31T17:25,765.79,765.82,765.39,765.43,149182
2026-08-31T17:30,765.425,765.55,765.17,765.31,227172
2026-08-31T17:35,765.32,765.84,765.305,765.84,96752
2026-08-31T17:40,765.84,766.235,765.78,766.235,153398
2026-08-31T17:45,766.26,766.45,766.14,766.32,158545
2026-08-31T17:50,766.32,766.7699,766.315,766.7699,210835
2026-08-31T17:55,766.745,766.81,766.38,766.52,254248
2026-08-31T18:00,766.49,766.6499,766.2,766.6,262489
2026-08-31T18:05,766.58,766.7,766.47,766.68,111041
2026-08-31T18:10,766.67,766.73,766.4536,766.72,150850
2026-08-31T18:15,766.715,766.78,766.55,766.695,255721
2026-08-31T18:20,766.695,766.84,766.5,766.615,201016
2026-08-31T18:25,766.62,766.6399,766.28,766.3,179232
2026-08-31T18:30,766.3,766.42,766.0,766.03,648217
2026-08-31T18:35,766.01,766.08,765.27,765.455,443970
2026-08-31T18:40,765.455,765.56,765.05,765.3499,375681
2026-08-31T18:45,765.35,765.44,765.19,765.4246,168098
2026-08-31T18:50,765.43,765.72,765.23,765.67,302528
2026-08-31T18:55,765.64,765.88,765.56,765.67,243342
2026-08-31T19:00,765.67,766.05,765.67,765.81,287508
2026-08-31T19:05,765.79,766.04,765.68,766.015,444631
2026-08-31T19:10,766.025,766.2165,765.95,766.185,214039
2026-08-31T19:15,766.18,766.24,765.98,766.035,171124
2026-08-31T19:20,766.03,766.49,765.99,766.41,227723
2026-08-31T19:25,766.415,766.75,766.27,766.635,292601
2026-08-31T19:30,766.6201,766.625,766.18,766.44,271914
2026-08-31T19:35,766.46,766.7,766.39,766.65,399388
2026-08-31T19:40,766.63,767.205,766.6,767.01,555260
2026-08-31T19:45,767.0,767.16,766.6,766.84,1090441
2026-08-31T19:50,766.87,767.65,766.87,767.3825,3109077
2026-08-31T19:55,767.36,767.995,766.58,767.05,7097295
2026-09-01T13:30,762.0,762.1395,761.17,761.88,1135879
2026-09-01T13:35,761.935,762.3999,761.61,761.7699,586685
2026-09-01T13:40,761.76,762.11,761.43,761.92,476077
2026-09-01T13:45,761.969,762.2,761.68,762.2,484509
2026-09-01T13:50,762.18,762.48,761.6,761.81,399037
2026-09-01T13:55,761.83,762.095,761.475,762.015,410588
2026-09-01T14:00,762.05,762.56,761.7403,762.17,426428
2026-09-01T14:05,762.18,762.96,762.18,762.9,353085
2026-09-01T14:10,762.9202,763.084,762.4931,763.0,341409
2026-09-01T14:15,762.99,763.52,762.97,763.305,402431
2026-09-01T14:20,763.34,764.0,763.34,763.69,360400
2026-09-01T14:25,763.69,764.0,763.63,763.7695,336669
2026-09-01T14:30,763.76,764.4999,763.75,764.45,512468
2026-09-01T14:35,764.451,764.5495,764.07,764.27,401431
2026-09-01T14:40,764.27,764.34,763.8962,764.16,309455
2026-09-01T14:45,764.16,764.36,763.92,763.92,352822
2026-09-01T14:50,763.93,763.93,763.5,763.5939,262343
2026-09-01T14:55,763.6,763.6999,763.3501,763.54,348709
2026-09-01T15:00,763.56,763.66,763.01,763.11,259645
2026-09-01T15:05,763.07,763.165,762.67,762.8,412938
2026-09-01T15:10,762.7826,763.1701,762.71,762.9256,285240
2026-09-01T15:15,762.94,763.35,762.85,763.27,214522
2026-09-01T15:20,763.2898,763.47,763.07,763.45,222873
2026-09-01T15:25,763.43,763.61,763.21,763.59,235557
2026-09-01T15:30,763.59,763.78,763.44,763.62,239177
2026-09-01T15:35,763.62,764.1095,763.48,764.1,237180
2026-09-01T15:40,764.08,764.26,763.99,764.23,260847
2026-09-01T15:45,764.21,764.6,764.13,764.58,332899
2026-09-01T15:50,764.5723,764.67,764.29,764.55,285749
2026-09-01T15:55,764.545,764.58,764.125,764.29,307878
2026-09-01T16:00,764.29,764.3392,764.06,764.26,315465
2026-09-01T16:05,764.23,764.29,763.81,763.89,221920
2026-09-01T16:10,763.91,764.1,763.51,763.54,241289
2026-09-01T16:15,763.535,763.62,762.96,763.02,311417
2026-09-01T16:20,763.01,763.09,762.4,762.87,568964
2026-09-01T16:25,762.9,762.93,762.29,762.5399,495925
2026-09-01T16:30,762.54,762.63,761.58,761.6992,594167
2026-09-01T16:35,761.71,762.23,761.7,762.21,303413
2026-09-01T16:40,762.23,762.37,761.66,761.71,299658
2026-09-01T16:45,761.68,762.02,761.64,761.96,188562
2026-09-01T16:50,761.95,762.08,761.76,761.88,170234
2026-09-01T16:55,761.9,762.39,761.9,762.26,215346
2026-09-01T17:00,762.27,762.29,761.69,761.71,205689
2026-09-01T17:05,761.7,761.83,761.5,761.7,273564
2026-09-01T17:10,761.7,762.09,761.63,761.965,275650
2026-09-01T17:15,761.95,762.15,761.5,761.605,291052
2026-09-01T17:20,761.62,761.78,761.5,761.61,183514
2026-09-01T17:30,761.68,762.05,761.62,761.99,279372
2026-09-01T17:35,761.995,762.2,761.78,761.91,489496
2026-09-01T17:40,761.92,762.23,761.86,762.08,175373
2026-09-01T17:45,762.07,762.13,761.56,761.575,219007
2026-09-01T17:50,761.57,761.84,761.48,761.56,256888
2026-09-01T17:55,761.565,761.879,761.46,761.79,203108
2026-09-01T18:00,761.81,762.04,761.5565,761.6001,314292
2026-09-01T18:05,761.6,761.69,761.4218,761.66,291308
2026-09-01T18:10,761.645,761.71,761.3032,761.38,193572
2026-09-01T18:15,761.37,761.82,761.28,761.755,421564
2026-09-01T18:20,761.76,761.83,761.5,761.65,201789
2026-09-01T18:25,761.64,761.64,761.07,761.2,292583
2026-09-01T18:30,761.2199,761.245,760.675,760.77,339742
2026-09-01T18:35,760.75,760.91,760.5,760.55,999910
2026-09-01T18:40,760.54,760.62,759.71,759.74,524937
2026-09-01T18:45,759.72,760.26,759.48,760.2,554641
2026-09-01T18:50,760.19,760.39,760.03,760.25,302793
2026-09-01T18:55,760.225,760.89,760.18,760.7295,355681
2026-09-01T19:00,760.72,761.2,760.62,761.14,429912
2026-09-01T19:05,761.16,761.1602,760.8405,761.1,305836
2026-09-01T19:10,761.08,761.48,761.05,761.46,373394
2026-09-01T19:15,761.46,761.61,761.21,761.4,392065
2026-09-01T19:20,761.38,761.48,761.07,761.3,402223
2026-09-01T19:25,761.3,761.44,761.18,761.36,394070
2026-09-01T19:30,761.3999,761.3999,760.76,761.14,661072
2026-09-01T19:35,761.155,761.33,760.84,760.85,428528
2026-09-01T19:40,760.87,761.2599,760.74,761.05,868998
2026-09-01T19:45,761.06,761.445,760.97,761.27,898469
2026-09-01T19:50,761.25,761.29,760.58,760.92,1079479
2026-09-01T19:55,760.95,761.78,760.595,761.78,4298263
2026-09-02T13:30,762.45,762.52,761.74,762.39,842984
2026-09-02T13:35,762.4,762.47,761.73,762.46,371875
2026-09-02T13:40,762.49,762.8299,762.275,762.81,562184
2026-09-02T13:45,762.81,762.9,761.9661,762.1199,509522
2026-09-02T13:50,762.1,762.611,762.05,762.46,252105
2026-09-02T13:55,762.4699,763.065,762.18,763.065,336014
2026-09-02T14:00,763.03,763.74,762.86,763.74,412730
2026-09-02T14:05,763.74,764.14,763.63,763.73,529763
2026-09-02T14:10,763.75,764.29,763.65,764.25,301821
2026-09-02T14:15,764.26,764.99,764.085,764.86,475280
2026-09-02T14:20,764.86,765.3305,764.77,765.2093,531758
2026-09-02T14:25,765.209,765.58,765.04,765.27,328214
2026-09-02T14:30,765.275,765.59,764.93,765.565,332282
2026-09-02T14:35,765.61,765.88,765.49,765.88,329533
2026-09-02T14:40,765.87,766.34,765.79,766.3,338021
2026-09-02T14:45,766.29,766.31,765.62,765.82,281685
2026-09-02T14:50,765.79,765.815,765.32,765.43,333830
2026-09-02T14:55,765.41,765.63,765.16,765.31,258760
2026-09-02T15:00,765.31,765.6699,765.14,765.43,238933
2026-09-02T15:05,765.44,765.63,765.215,765.44,233237
2026-09-02T15:10,765.43,765.7799,765.24,765.528,223920
2026-09-02T15:15,765.53,766.02,765.4,765.975,169331
2026-09-02T15:20,765.99,766.04,765.71,765.88,208306
2026-09-02T15:25,765.89,766.4,765.87,766.295,151779
2026-09-02T15:30,766.33,766.43,766.01,766.02,270825
2026-09-02T15:35,766.015,766.13,765.77,765.855,236502
2026-09-02T15:40,765.88,765.97,765.6443,765.65,191810
2026-09-02T15:45,765.66,765.66,765.0,765.0301,247487
2026-09-02T15:50,765.0628,765.5799,764.97,765.255,191602
2026-09-02T15:55,765.265,765.9595,765.16,765.925,143598
2026-09-02T16:00,765.92,765.92,765.55,765.8,134707
2026-09-02T16:05,765.84,765.89,765.63,765.74,106754
2026-09-02T16:10,765.74,765.85,765.625,765.69,88295
2026-09-02T16:15,765.68,765.68,765.32,765.4499,116764
2026-09-02T16:20,765.44,765.56,764.97,764.985,111009
2026-09-02T16:25,764.985,765.14,764.69,764.8405,157940
2026-09-02T16:30,764.85,765.32,764.81,765.125,184861
2026-09-02T16:35,765.11,765.27,765.0,765.0873,102380
2026-09-02T16:40,765.095,765.1,764.7,764.7,128575
2026-09-02T16:45,764.73,764.97,764.72,764.84,80398
2026-09-02T16:50,764.86,765.19,764.71,765.13,128692
2026-09-02T16:55,765.18,765.25,764.89,764.92,100996
2026-09-02T17:00,764.92,765.48,764.92,765.4685,130519
2026-09-02T17:05,765.45,765.478,764.61,764.68,180978
2026-09-02T17:10,764.6615,765.06,764.66,764.99,97864
2026-09-02T17:15,764.9203,764.95,764.52,764.6,177085
2026-09-02T17:20,764.59,764.77,764.46,764.63,150079
2026-09-02T17:25,764.6376,764.865,764.6,764.69,143258
2026-09-02T17:30,764.75,764.79,764.39,764.39,123825
2026-09-02T17:35,764.395,764.58,764.37,764.46,130792
2026-09-02T17:40,764.475,764.93,764.35,764.89,170410
2026-09-02T17:45,764.91,765.27,764.91,764.98,189837
2026-09-02T17:50,764.9999,765.07,764.83,764.989,127256
2026-09-02T17:55,764.9759,765.29,764.74,765.18,132837
2026-09-02T18:00,765.18,765.33,764.73,765.3,460468
2026-09-02T18:05,765.27,765.41,765.07,765.08,181290
2026-09-02T18:10,765.08,765.29,765.06,765.18,171863
2026-09-02T18:15,765.19,766.0899,765.15,765.6,498373
2026-09-02T18:20,765.6,765.72,765.4,765.49,233196
2026-09-02T18:25,765.49,765.5399,765.21,765.32,169704
2026-09-02T18:30,765.34,765.5252,765.26,765.29,172880
2026-09-02T18:35,765.29,765.37,764.79,764.79,337106
2026-09-02T18:40,764.83,764.8702,764.65,764.72,156922
2026-09-02T18:45,764.73,764.98,764.59,764.87,183243
2026-09-02T18:50,764.89,764.99,764.67,764.8,346036
2026-09-02T18:55,764.805,765.0,764.68,764.81,734286
2026-09-02T19:00,764.79,764.97,764.67,764.885,330635
2026-09-02T19:05,764.9,765.23,764.89,765.21,163653
2026-09-02T19:10,765.22,765.4799,765.22,765.39,340530
2026-09-02T19:15,765.4,765.42,765.2,765.41,177745
2026-09-02T19:20,765.4,765.41,765.07,765.24,298401
2026-09-02T19:25,765.24,765.52,765.16,765.48,558419
2026-09-02T19:30,765.48,765.48,765.15,765.31,261856
2026-09-02T19:35,765.315,765.36,765.09,765.11,265995
2026-09-02T19:40,765.1,765.385,765.03,765.365,400254
2026-09-02T19:45,765.35,765.48,765.22,765.375,551717
2026-09-02T19:50,765.37,765.45,764.95,765.22,774371
2026-09-02T19:55,765.26,765.26,764.75,765.16,2461504
2026-09-03T13:30,767.9,769.235,767.85,768.97,1505528
2026-09-03T13:35,768.97,769.8,768.51,769.75,761463
2026-09-03T13:40,769.74,769.89,769.36,769.79,478926
2026-09-03T13:45,769.81,769.96,769.43,769.635,1706323
2026-09-03T13:50,769.6325,770.04,769.31,769.595,717670
2026-09-03T13:55,769.57,769.61,769.12,769.535,337650
2026-09-03T14:00,769.52,769.57,768.11,768.125,704360
2026-09-03T14:05,768.12,768.34,767.61,767.81,1018073
2026-09-03T14:10,767.82,768.38,767.535,768.36,479513
2026-09-03T14:15,768.33,768.88,768.2202,768.85,278395
2026-09-03T14:20,768.855,769.07,768.5,768.86,264240
2026-09-03T14:25,768.88,768.9599,768.51,768.67,244842
2026-09-03T14:30,768.67,768.97,767.83,767.885,357237
2026-09-03T14:35,767.86,768.52,767.84,768.2,248492
2026-09-03T14:40,768.15,768.66,768.03,768.2,200704
2026-09-03T14:45,768.17,768.775,768.035,768.72,252344
2026-09-03T14:50,768.73,768.83,768.2,768.61,249773
2026-09-03T14:55,768.63,769.31,767.45,769.28,990463
2026-09-03T15:00,769.2824,770.49,769.2505,770.445,595012
2026-09-03T15:05,770.46,770.89,770.4308,770.73,668788
2026-09-03T15:10,770.7315,771.52,770.68,771.5,529114
2026-09-03T15:15,771.535,772.04,771.49,772.0101,815823
2026-09-03T15:20,772.01,772.225,771.47,772.08,571280
2026-09-03T15:25,772.08,772.95,772.01,772.94,520546
2026-09-03T15:30,772.94,773.21,772.64,772.8559,625313
2026-09-03T15:35,772.86,772.97,772.42,772.465,383970
2026-09-03T15:40,772.47,772.84,772.275,772.58,306933
2026-09-03T15:45,772.585,773.0,772.58,772.935,293816
2026-09-03T15:50,772.94,773.26,772.92,773.145,339857
2026-09-03T15:55,773.145,773.31,772.95,773.31,286128
2026-09-03T16:00,773.31,773.31,772.78,772.795,369772
2026-09-03T16:05,772.7999,772.87,772.47,772.535,437887
2026-09-03T16:10,772.51,772.7,772.375,772.68,343456
2026-09-03T16:15,772.68,772.87,772.54,772.73,218732
2026-09-03T16:20,772.75,772.81,772.485,772.51,242310
2026-09-03T16:25,772.51,772.51,772.215,772.435,209656
2026-09-03T16:30,772.45,772.61,772.3,772.46,324474
2026-09-03T16:35,772.46,773.05,772.37,772.96,238605
2026-09-03T16:40,772.97,773.2,772.92,773.14,194923
2026-09-03T16:45,773.14,773.23,773.015,773.1,215909
2026-09-03T16:50,773.11,773.13,772.73,772.86,173534
2026-09-03T16:55,772.83,773.01,772.75,772.88,163175
2026-09-03T17:00,772.9,773.0,772.66,772.78,136349
2026-09-03T17:05,772.79,772.88,772.42,772.43,216493
2026-09-03T17:10,772.41,772.51,772.3316,772.43,180612
2026-09-03T17:15,772.45,772.57,772.33,772.34,152207
2026-09-03T17:20,772.31,772.32,772.12,772.2849,149741
2026-09-03T17:25,772.28,772.68,772.26,772.6687,159913
2026-09-03T17:30,772.65,772.9393,772.6475,772.85,163904
2026-09-03T17:35,772.855,773.14,772.83,773.02,307163
2026-09-03T17:40,773.0328,773.19,773.01,773.065,159285
2026-09-03T17:45,773.06,773.19,772.87,773.005,190964
2026-09-03T17:50,772.99,773.49,772.93,773.43,282784
2026-09-03T17:55,773.41,773.49,773.22,773.27,167342
2026-09-03T18:00,773.28,773.94,773.275,773.7576,372646
2026-09-03T18:05,773.76,773.91,773.66,773.795,386573
2026-09-03T18:10,773.795,773.92,773.7218,773.815,187153
2026-09-03T18:15,773.83,774.03,773.6595,773.72,390605
2026-09-03T18:20,773.73,773.82,773.56,773.74,208954
2026-09-03T18:25,773.75,773.8574,773.64,773.73,163199
2026-09-03T18:30,773.759,773.88,773.55,773.86,200494
2026-09-03T18:35,773.8599,773.9,773.76,773.82,241839
2026-09-03T18:40,773.82,773.82,773.5097,773.6,217090
2026-09-03T18:45,773.5999,773.8,773.5999,773.755,225772
2026-09-03T18:50,773.765,773.85,773.55,773.62,274971
2026-09-03T18:55,773.62,773.67,773.41,773.67,332118
2026-09-03T19:00,773.665,773.705,773.44,773.56,568949
2026-09-03T19:05,773.59,773.69,773.479,773.56,383913
2026-09-03T19:10,773.59,773.63,773.3104,773.38,246681
2026-09-03T19:15,773.375,773.6,773.3,773.6,333888
2026-09-03T19:20,773.6,773.6,773.135,773.18,793813
2026-09-03T19:25,773.185,773.42,773.141,773.41,446328
2026-09-03T19:30,773.4,773.535,773.2701,773.31,765687
2026-09-03T19:35,773.31,773.55,773.3,773.45,423882
2026-09-03T19:40,773.45,773.53,773.205,773.23,773025
2026-09-03T19:45,773.22,773.42,773.14,773.24,794102
2026-09-03T19:50,773.26,773.37,773.08,773.23,942645
2026-09-03T19:55,773.24,773.25,772.7,773.17,4863066
2026-09-04T13:30,772.01,772.83,771.88,772.71,902456
2026-09-04T13:35,772.71,772.87,772.2505,772.465,461186
2026-09-04T13:40,772.44,772.4888,771.84,772.1699,744409
2026-09-04T13:45,772.165,772.62,771.8105,772.52,488767
2026-09-04T13:50,772.51,772.51,771.97,772.385,425878
2026-09-04T13:55,772.385,772.5785,772.12,772.31,434761
2026-09-04T14:00,772.32,772.36,771.82,771.99,494989
2026-09-04T14:05,772.02,772.15,771.525,771.525,302271
2026-09-04T14:10,771.53,771.6599,770.84,771.63,552981
2026-09-04T14:15,771.6286,771.6893,770.94,770.965,346980
2026-09-04T14:20,770.965,771.24,770.86,771.09,347516
2026-09-04T14:25,771.08,771.26,770.76,771.21,209721
2026-09-04T14:30,771.205,771.2895,770.73,770.82,246845
2026-09-04T14:35,770.82,771.162,770.77,771.13,177307
2026-09-04T14:40,771.13,771.13,770.27,770.295,265229
2026-09-04T14:45,770.31,770.49,769.75,769.78,355314
2026-09-04T14:50,769.7799,770.1596,769.5476,769.585,326625
2026-09-04T14:55,769.59,769.765,769.3,769.45,447709
2026-09-04T15:00,769.45,769.63,769.05,769.5399,359777
2026-09-04T15:05,769.5,769.76,769.36,769.6999,330736
2026-09-04T15:10,769.695,769.94,769.43,769.94,337931
2026-09-04T15:15,769.95,769.985,769.26,769.36,498236
2026-09-04T15:20,769.35,769.45,769.11,769.3,482020
2026-09-04T15:25,769.29,769.4993,769.15,769.44,305763
2026-09-04T15:30,769.48,769.48,769.0,769.25,251284
2026-09-04T15:35,769.2201,769.55,769.22,769.54,207451
2026-09-04T15:40,769.54,770.0475,769.49,769.9975,211397
2026-09-04T15:45,769.99,770.06,769.62,769.81,205864
2026-09-04T15:50,769.82,769.98,769.71,769.91,228896
2026-09-04T15:55,769.92,770.04,769.665,769.9575,156007
2026-09-04T16:00,769.955,770.13,769.83,770.09,183815
2026-09-04T16:05,770.095,770.43,769.92,770.355,209636
2026-09-04T16:10,770.35,770.74,770.29,770.73,186057
2026-09-04T16:15,770.73,770.87,770.57,770.85,313212
2026-09-04T16:20,770.86,771.15,770.765,770.89,275956
2026-09-04T16:25,770.88,770.88,770.61,770.655,142886
2026-09-04T16:30,770.66,770.925,770.56,770.925,216061
2026-09-04T16:35,770.92,770.92,770.69,770.7895,129817
2026-09-04T16:40,770.78,770.98,770.71,770.922,146124
2026-09-04T16:45,770.95,771.235,770.9,771.22,189851
2026-09-04T16:50,771.235,771.32,771.08,771.1,167268
2026-09-04T16:55,771.1,771.1601,770.885,770.89,148351
2026-09-04T17:00,770.9,770.97,770.37,770.46,196148
2026-09-04T17:05,770.45,770.67,770.34,770.35,201008
2026-09-04T17:10,770.355,770.5,770.31,770.35,162202
2026-09-04T17:15,770.3699,770.48,770.22,770.29,161508
2026-09-04T17:20,770.27,770.37,770.08,770.08,155458
2026-09-04T17:25,770.105,770.22,769.8,769.852,163469
2026-09-04T17:30,769.85,769.87,769.47,769.65,232772
2026-09-04T17:35,769.645,769.75,769.53,769.69,183720
2026-09-04T17:40,769.6899,769.69,769.2919,769.32,223094
2026-09-04T17:45,769.32,769.52,769.13,769.385,247397
2026-09-04T17:50,769.385,769.52,769.285,769.39,462626
2026-09-04T17:55,769.39,769.54,769.2981,769.4421,239952
2026-09-04T18:00,769.44,769.61,769.23,769.29,259559
2026-09-04T18:05,769.34,769.6,769.2101,769.59,199776
2026-09-04T18:10,769.59,769.73,769.53,769.66,216244
2026-09-04T18:15,769.66,769.83,769.56,769.79,129944
2026-09-04T18:20,769.795,769.99,769.74,769.895,177661
2026-09-04T18:25,769.9,769.9742,769.7505,769.88,150216
2026-09-04T18:30,769.89,770.03,769.84,770.0,423709
2026-09-04T18:35,770.0,770.02,769.79,769.89,133035
2026-09-04T18:40,769.88,770.1866,769.7831,770.15,204685
2026-09-04T18:45,770.16,770.24,770.095,770.225,140155
2026-09-04T18:50,770.23,770.3,770.15,770.22,184240
2026-09-04T18:55,770.23,770.3699,770.15,770.25,193264
2026-09-04T19:00,770.26,770.38,769.67,769.705,385561
2026-09-04T19:05,769.715,769.815,769.63,769.68,628339
2026-09-04T19:10,769.69,769.83,769.59,769.61,261395
2026-09-04T19:15,769.62,769.76,769.59,769.65,385765
2026-09-04T19:20,769.66,769.84,769.62,769.77,362995
2026-09-04T19:25,769.77,770.07,769.77,770.01,421325
2026-09-04T19:30,769.985,770.07,769.85,769.985,309070
2026-09-04T19:35,769.97,770.0,769.63,769.73,589109
2026-09-04T19:40,769.73,769.95,769.66,769.9,557324
2026-09-04T19:45,769.89,770.2,769.87,770.11,620277
2026-09-04T19:50,770.12,770.415,770.04,770.4,807700
2026-09-04T19:55,770.41,770.48,769.8,770.19,3004358
2026-09-08T13:30,769.15,769.7,768.68,768.82,1408078
2026-09-08T13:35,768.82,768.82,768.12,768.15,495781
2026-09-08T13:40,768.12,768.12,767.09,767.29,588095
2026-09-08T13:45,767.305,767.81,767.225,767.72,789856
2026-09-08T13:50,767.7305,767.75,766.82,767.3574,662713
2026-09-08T13:55,767.355,768.08,767.29,767.47,472433
2026-09-08T14:00,767.45,767.625,766.53,766.95,459398
2026-09-08T14:05,766.96,767.06,766.4,766.42,435657
2026-09-08T14:10,766.41,766.77,765.99,766.46,505509
2026-09-08T14:15,766.45,766.72,766.12,766.56,580521
2026-09-08T14:20,766.565,767.1299,766.35,767.12,600845
2026-09-08T14:25,767.0999,767.1495,766.43,766.7,289260
2026-09-08T14:30,766.72,767.04,766.44,767.01,284711
2026-09-08T14:35,767.02,767.08,766.64,766.89,336810
2026-09-08T14:40,766.9,767.23,766.79,767.12,211281
2026-09-08T14:45,767.14,767.29,766.69,767.26,197091
2026-09-08T14:50,767.25,767.72,767.21,767.62,331821
2026-09-08T14:55,767.64,767.949,767.34,767.65,255379
2026-09-08T15:00,767.67,767.87,767.5,767.695,218476
2026-09-08T15:05,767.69,767.82,767.47,767.68,204700
2026-09-08T15:10,767.67,768.31,767.66,768.04,408632
2026-09-08T15:15,768.04,768.34,767.92,768.08,288319
2026-09-08T15:20,768.08,768.08,767.35,768.0,339690
2026-09-08T15:25,767.98,768.37,767.805,767.82,713656
2026-09-08T15:30,767.8,768.08,767.62,767.79,273619
2026-09-08T15:35,767.81,767.81,767.34,767.4979,228642
2026-09-08T15:40,767.51,768.02,767.41,767.98,201557
2026-09-08T15:45,767.995,768.04,767.47,767.54,322047
2026-09-08T15:50,767.56,767.785,767.51,767.57,399395
2026-09-08T15:55,767.56,767.7,767.35,767.39,303643
2026-09-08T16:00,767.4,767.66,767.195,767.66,535807
2026-09-08T16:05,767.6299,767.79,767.33,767.33,136256
2026-09-08T16:10,767.3225,767.34,767.03,767.22,231907
2026-09-08T16:15,767.21,767.23,766.81,766.915,311716
2026-09-08T16:20,766.92,767.42,766.81,767.3901,293067
2026-09-08T16:25,767.41,767.645,767.08,767.0905,171653
2026-09-08T16:30,767.1,767.32,767.0,767.2,273675
2026-09-08T16:35,767.18,767.2417,766.94,766.99,145711
2026-09-08T16:40,766.9999,767.14,766.81,767.01,154698
2026-09-08T16:45,767.02,767.32,766.915,767.25,186599
2026-09-08T16:50,767.25,767.61,767.09,767.235,233270
2026-09-08T16:55,767.24,767.28,766.56,766.96,826722
2026-09-08T17:00,766.9292,767.9,766.9292,767.9,200828
2026-09-08T17:05,767.9,768.12,767.54,767.54,237634
2026-09-08T17:10,767.57,767.73,767.52,767.615,149054
2026-09-08T17:15,767.65,767.7199,767.52,767.605,195648
2026-09-08T17:20,767.605,767.709,767.42,767.5901,141092
2026-09-08T17:25,767.6,767.61,767.19,767.475,134935
2026-09-08T17:30,767.49,767.82,767.44,767.69,163959
2026-09-08T17:35,767.68,767.88,767.63,767.68,246092
2026-09-08T17:40,767.69,767.69,767.32,767.345,216370
2026-09-08T17:45,767.34,767.62,767.34,767.58,259877
2026-09-08T17:50,767.57,767.85,767.48,767.8,185447
2026-09-08T17:55,767.76,767.77,767.46,767.46,145778
2026-09-08T18:00,767.47,767.65,767.46,767.6,211143
2026-09-08T18:05,767.61,767.83,767.54,767.78,221629
2026-09-08T18:10,767.775,767.88,767.675,767.77,184243
2026-09-08T18:15,767.78,767.88,767.68,767.805,179760
2026-09-08T18:20,767.8,767.89,767.58,767.6,188222
2026-09-08T18:25,767.59,767.8,767.53,767.765,178452
2026-09-08T18:30,767.77,767.79,767.52,767.52,168709
2026-09-08T18:35,767.54,767.55,767.15,767.2,221506
2026-09-08T18:40,767.19,767.54,767.08,767.52,198706
2026-09-08T18:45,767.525,767.6199,765.67,766.26,849790
2026-09-08T18:50,766.3,767.038,766.2,766.97,841151
2026-09-08T18:55,766.975,767.08,766.7405,766.77,323295
2026-09-08T19:00,766.79,766.94,766.485,766.6172,281673
2026-09-08T19:05,766.64,766.98,766.55,766.84,183162
2026-09-08T19:10,766.83,767.1,766.79,766.91,369865
2026-09-08T19:15,766.91,767.025,766.62,766.7,329843
2026-09-08T19:20,766.7,766.87,766.51,766.57,414420
2026-09-08T19:25,766.57,767.04,766.51,766.98,339660
2026-09-08T19:30,766.97,767.15,766.7,767.09,452341
2026-09-08T19:35,767.09,767.12,766.77,766.96,472767
2026-09-08T19:40,766.975,767.08,766.68,766.81,714264
2026-09-08T19:45,766.82,766.88,766.32,766.54,714033
2026-09-08T19:50,766.56,766.63,765.525,765.685,1757909
2026-09-08T19:55,765.73,766.14,765.15,765.96,3972801
2026-09-09T13:30,764.09,764.38,763.231,764.12,803989
2026-09-09T13:35,764.12,764.19,763.61,763.8,510640
2026-09-09T13:40,763.8,764.03,763.42,763.75,260618
2026-09-09T13:45,763.7,764.23,763.43,763.87,466689
2026-09-09T13:50,763.88,763.97,763.46,763.781,314119
2026-09-09T13:55,763.75,764.2,763.665,764.1,247963
2026-09-09T14:00,764.095,764.2,763.4,763.84,322388
2026-09-09T14:05,763.85,764.145,763.7701,764.07,286515
2026-09-09T14:10,764.0601,764.13,763.62,763.8775,287242
2026-09-09T14:15,763.88,763.88,762.8,763.05,478958
2026-09-09T14:20,763.0401,763.15,762.5,762.5,521721
2026-09-09T14:25,762.52,764.07,762.52,763.98,495589
2026-09-09T14:30,763.97,764.01,763.43,763.48,254826
2026-09-09T14:35,763.49,763.79,763.25,763.605,282851
2026-09-09T14:40,763.59,763.865,763.46,763.77,158105
2026-09-09T14:45,763.7535,763.78,763.41,763.725,112599
2026-09-09T14:50,763.73,763.94,763.55,763.64,150787
2026-09-09T14:55,763.67,763.91,763.46,763.77,150563
2026-09-09T15:00,763.79,764.465,762.71,762.84,565281
2026-09-09T15:05,762.88,763.04,762.16,762.23,466359
2026-09-09T15:10,762.26,762.2795,761.395,761.63,618339
2026-09-09T15:15,761.64,762.1699,761.51,762.0501,434609
2026-09-09T15:20,762.01,762.1,761.0,761.0401,406547
2026-09-09T15:25,761.05,761.575,760.94,761.53,420734
2026-09-09T15:30,761.5401,762.15,761.48,762.15,696672
2026-09-09T15:35,762.16,762.9795,761.77,762.91,310279
2026-09-09T15:40,762.92,763.0957,762.03,762.25,415417
2026-09-09T15:45,762.26,762.3586,762.02,762.27,133533
2026-09-09T15:50,762.29,762.62,762.29,762.55,160162
2026-09-09T15:55,762.52,762.52,761.84,762.18,226592
2026-09-09T16:00,762.17,762.395,762.05,762.37,185014
2026-09-09T16:05,762.36,762.37,761.515,761.515,296936
2026-09-09T16:10,761.52,761.89,761.44,761.64,202487
2026-09-09T16:15,761.645,761.66,761.36,761.45,148566
2026-09-09T16:20,761.445,761.73,761.32,761.72,205464
2026-09-09T16:25,761.73,761.81,761.43,761.63,157027
2026-09-09T16:30,761.615,762.23,761.58,762.105,419426
2026-09-09T16:35,762.1,762.27,761.9201,762.25,198199
2026-09-09T16:40,762.24,762.46,762.11,762.46,146282
2026-09-09T16:45,762.47,762.53,762.19,762.47,139746
2026-09-09T16:50,762.48,762.86,762.47,762.64,238561
2026-09-09T16:55,762.64,762.77,762.51,762.566,93635
2026-09-09T17:00,762.575,763.01,762.372,762.4,276533
2026-09-09T17:05,762.3999,762.77,762.39,762.59,245093
2026-09-09T17:10,762.59,763.22,762.55,763.15,203606
2026-09-09T17:15,763.15,763.29,762.86,762.8701,223067
2026-09-09T17:20,762.88,763.19,762.78,763.19,132187
2026-09-09T17:25,763.19,763.2,762.862,762.9165,148139
2026-09-09T17:30,762.93,763.045,762.7,762.82,154256
2026-09-09T17:35,762.785,762.89,762.38,762.44,110573
2026-09-09T17:40,762.45,762.97,762.44,762.9,106588
2026-09-09T17:45,762.91,763.16,762.88,763.07,160283
2026-09-09T17:50,763.06,763.32,762.94,763.25,144535
2026-09-09T17:55,763.28,763.315,763.02,763.02,111976
2026-09-09T18:00,763.02,763.17,762.98,763.105,172637
2026-09-09T18:05,763.095,763.11,762.72,762.75,220275
2026-09-09T18:10,762.76,762.79,762.39,762.39,418983
2026-09-09T18:15,762.4,762.68,762.28,762.56,449461
2026-09-09T18:20,762.57,763.01,762.57,762.96,123051
2026-09-09T18:25,762.95,763.04,762.74,762.84,222296
2026-09-09T18:30,762.845,762.9,762.59,762.78,165200
2026-09-09T18:35,762.77,763.0296,762.72,763.0,108615
2026-09-09T18:40,763.015,763.3,763.0,763.19,162130
2026-09-09T18:45,763.18,763.21,762.96,763.02,172032
2026-09-09T18:50,763.02,763.3552,763.01,763.27,180380
2026-09-09T18:55,763.26,763.39,762.88,762.91,174143
2026-09-09T19:00,762.92,763.08,762.64,762.69,287152
2026-09-09T19:05,762.71,763.13,762.652,763.09,354653
2026-09-09T19:10,763.08,763.14,762.96,762.96,600169
2026-09-09T19:15,762.9675,763.335,762.96,763.26,271994
2026-09-09T19:20,763.2799,763.3299,763.1,763.23,374902
2026-09-09T19:25,763.22,763.4097,763.09,763.1,245252
2026-09-09T19:30,763.1,763.21,762.91,763.02,323744
2026-09-09T19:35,763.02,763.1,762.78,762.78,367064
2026-09-09T19:40,762.77,762.84,762.605,762.8,496875
2026-09-09T19:45,762.81,762.925,762.63,762.83,621136
2026-09-09T19:50,762.83,762.84,762.2,762.43,1155873
2026-09-09T19:55,762.43,762.51,762.1,762.4,4447750
2026-09-10T13:30,758.05,758.4,757.61,757.7973,1717358
2026-09-10T13:35,757.8,758.555,757.57,758.43,546639
2026-09-10T13:40,758.42,758.72,758.07,758.135,922726
2026-09-10T13:45,758.145,758.98,758.11,758.645,1958700
2026-09-10T13:50,758.64,758.86,757.261,757.31,822365
2026-09-10T13:55,757.31,757.36,756.7022,756.76,813463
2026-09-10T14:00,756.752,757.77,756.752,757.28,765633
2026-09-10T14:05,757.29,757.39,756.64,756.8247,814847
2026-09-10T14:10,756.87,757.77,756.75,757.42,598665
2026-09-10T14:15,757.395,758.08,757.16,758.02,394022
2026-09-10T14:20,758.02,760.09,757.95,759.4,1324229
2026-09-10T14:25,759.38,759.875,758.56,758.71,1036311
2026-09-10T14:30,758.72,759.23,758.645,758.909,444689
2026-09-10T14:35,758.9001,759.58,758.9001,759.3,398324
2026-09-10T14:40,759.3,759.4,758.67,758.845,452226
2026-09-10T14:45,758.83,759.04,758.4305,758.8,463800
2026-09-10T14:50,758.79,759.18,758.5,759.13,328178
2026-09-10T14:55,759.19,759.5,758.88,759.3995,843702
2026-09-10T15:00,759.39,759.42,758.55,758.85,506914
2026-09-10T15:05,758.86,759.435,758.85,759.0,423472
2026-09-10T15:10,759.03,759.465,758.93,759.045,254111
2026-09-10T15:15,759.05,759.24,758.8705,759.095,321181
2026-09-10T15:20,759.09,759.34,758.63,759.3025,940513
2026-09-10T15:25,759.2801,759.56,759.14,759.185,204062
2026-09-10T15:30,759.19,759.57,759.03,759.45,238888
2026-09-10T15:35,759.4576,759.97,759.065,759.21,434858
2026-09-10T15:40,759.24,759.46,759.0826,759.4,170378
2026-09-10T15:45,759.43,759.515,758.76,759.135,311075
2026-09-10T15:50,759.11,759.33,758.61,758.61,311517
2026-09-10T15:55,758.6,758.695,758.22,758.54,314739
2026-09-10T16:00,758.55,759.0791,758.45,758.54,459377
2026-09-10T16:05,758.53,758.6399,758.07,758.095,200022
2026-09-10T16:10,758.11,758.34,757.83,758.095,351745
2026-09-10T16:15,758.1,758.435,757.9,758.03,200282
2026-09-10T16:20,758.07,758.29,758.01,758.06,155764
2026-09-10T16:25,758.04,758.1,757.79,758.085,189581
2026-09-10T16:30,758.08,758.4,757.53,757.535,560859
2026-09-10T16:35,757.53,758.25,757.26,758.1901,234130
2026-09-10T16:40,758.19,758.88,758.12,758.81,174782
2026-09-10T16:45,758.83,759.33,758.8,758.83,338920
2026-09-10T16:50,758.84,759.18,758.7,759.16,255522
2026-09-10T16:55,759.155,759.345,759.05,759.21,344879
2026-09-10T17:00,759.2,759.85,758.79,759.0,460765
2026-09-10T17:05,759.0401,759.27,758.8521,758.97,164748
2026-09-10T17:10,758.97,759.44,758.97,759.02,241034
2026-09-10T17:15,759.01,759.1999,758.86,758.995,93840
2026-09-10T17:20,758.99,759.1,758.62,758.68,144079
2026-09-10T17:25,758.66,758.715,758.51,758.59,287296
2026-09-10T17:30,758.56,758.77,758.35,758.56,170985
2026-09-10T17:35,758.56,758.77,758.04,758.08,175851
2026-09-10T17:40,758.055,758.4599,758.03,758.445,254497
2026-09-10T17:45,758.46,758.49,758.19,758.27,86917
2026-09-10T17:50,758.24,758.54,758.21,758.4,142954
2026-09-10T17:55,758.38,758.4976,758.21,758.275,219238
2026-09-10T18:00,758.27,758.5599,757.835,757.955,297906
2026-09-10T18:05,757.94,758.17,757.6602,757.735,243230
2026-09-10T18:10,757.73,757.9099,757.48,757.69,278865
2026-09-10T18:15,757.68,757.75,757.47,757.675,214690
2026-09-10T18:20,757.7,758.04,757.69,757.8,355777
2026-09-10T18:25,757.81,757.92,757.59,757.7,226872
2026-09-10T18:30,757.67,757.7,757.2599,757.58,246358
2026-09-10T18:35,757.6031,757.868,757.4804,757.855,157368
2026-09-10T18:40,757.85,757.91,757.685,757.815,165698
2026-09-10T18:45,757.8,758.09,757.41,757.77,237987
2026-09-10T18:50,757.75,758.39,757.55,757.965,574156
2026-09-10T18:55,757.965,758.1199,757.67,757.8001,206761
2026-09-10T19:00,757.775,757.775,757.31,757.325,341682
2026-09-10T19:05,757.32,758.03,757.31,758.0,394258
2026-09-10T19:10,757.96,757.96,757.53,757.81,404500
2026-09-10T19:15,757.82,757.95,757.37,757.55,419545
2026-09-10T19:20,757.52,757.715,757.36,757.68,454610
2026-09-10T19:25,757.68,757.79,757.51,757.615,567115
2026-09-10T19:30,757.6,758.0,757.45,757.9499,461214
2026-09-10T19:35,757.93,758.13,757.65,758.01,314439
2026-09-10T19:40,757.99,758.275,757.98,758.02,820394
2026-09-10T19:45,758.045,758.22,757.77,758.12,832352
2026-09-10T19:50,758.08,758.28,757.61,757.86,1068074
2026-09-10T19:55,757.85,758.03,757.63,757.83,4358516
2026-09-11T13:30,764.725,765.86,764.225,765.77,1210953
2026-09-11T13:35,765.76,765.99,765.38,765.56,769406
2026-09-11T13:40,765.58,765.81,764.68,765.45,829364
2026-09-11T13:45,765.49,765.93,764.8,764.97,762325
2026-09-11T13:50,764.99,765.2899,764.73,765.13,443428
2026-09-11T13:55,765.13,766.37,765.025,766.31,445940
2026-09-11T14:00,766.31,766.33,765.38,765.45,542810
2026-09-11T14:05,765.45,765.6,764.94,765.41,372716
2026-09-11T14:10,765.4,765.69,764.78,764.89,405586
2026-09-11T14:15,764.9,765.75,764.63,765.72,488662
2026-09-11T14:20,765.7,766.025,765.585,765.76,343876
2026-09-11T14:25,765.76,766.1,765.57,765.73,286089
2026-09-11T14:30,765.75,765.775,764.7,764.73,429957
2026-09-11T14:35,764.73,764.73,764.04,764.3,547060
2026-09-11T14:40,764.33,764.74,763.88,764.0499,407816
2026-09-11T14:45,764.04,764.8295,763.6,764.67,754409
2026-09-11T14:50,764.715,764.74,764.0,764.07,280333
2026-09-11T14:55,764.0403,764.21,763.7,763.96,773489
2026-09-11T15:00,763.9538,764.668,763.81,764.668,194648
2026-09-11T15:05,764.65,765.25,764.6034,764.9,261087
2026-09-11T15:10,764.96,764.96,764.12,764.61,252642
2026-09-11T15:15,764.61,765.55,764.61,765.3405,272803
2026-09-11T15:20,765.4,765.888,765.35,765.835,189551
2026-09-11T15:25,765.86,766.24,765.69,766.01,287638
2026-09-11T15:30,765.97,766.19,765.76,765.9025,168846
2026-09-11T15:35,765.89,766.048,765.62,765.95,686958
2026-09-11T15:40,765.9401,766.26,765.86,766.12,204586
2026-09-11T15:45,766.12,766.14,765.76,765.87,198776
2026-09-11T15:50,765.8799,765.96,765.425,765.53,390799
2026-09-11T15:55,765.54,765.805,765.382,765.725,234839
2026-09-11T16:00,765.73,766.2,765.73,766.1401,1519224
2026-09-11T16:05,766.14,766.175,765.74,765.9,308921
2026-09-11T16:10,765.92,765.985,765.53,765.58,142124
2026-09-11T16:15,765.585,765.65,765.4,765.49,160968
2026-09-11T16:20,765.52,765.6,765.26,765.33,210012
2026-09-11T16:25,765.37,765.59,764.87,764.93,329795
2026-09-11T16:30,764.96,765.76,764.81,765.5801,300321
2026-09-11T16:35,765.58,765.58,764.92,764.95,358494
2026-09-11T16:40,764.94,765.47,764.855,765.45,230114
2026-09-11T16:45,765.44,765.605,765.3,765.3,157192
2026-09-11T16:50,765.325,765.55,765.2705,765.41,501798
2026-09-11T16:55,765.41,765.67,765.38,765.61,500502
2026-09-11T17:00,765.67,765.8401,765.55,765.64,1362156
2026-09-11T17:05,765.64,766.08,765.6,765.74,159809
2026-09-11T17:10,765.735,765.87,765.52,765.5583,183024
2026-09-11T17:15,765.57,765.9201,765.565,765.92,262477
2026-09-11T17:20,765.92,766.25,765.88,766.2395,208348
2026-09-11T17:25,766.222,766.33,765.91,765.995,269592
2026-09-11T17:30,765.995,766.26,765.915,765.9795,172411
2026-09-11T17:35,765.98,766.04,765.78,765.81,454022
2026-09-11T17:40,765.81,766.0,765.79,765.87,407064
2026-09-11T17:45,765.86,765.94,765.72,765.905,349505
2026-09-11T17:50,765.92,765.98,765.82,765.85,160568
2026-09-11T17:55,765.86,765.88,765.64,765.74,164823
2026-09-11T18:00,765.75,765.97,765.7,765.86,237592
2026-09-11T18:05,765.85,765.85,765.5995,765.7,189958
2026-09-11T18:10,765.7,765.73,765.5085,765.57,251685
2026-09-11T18:15,765.55,765.725,765.53,765.59,273474
2026-09-11T18:20,765.59,765.6001,765.15,765.365,593056
2026-09-11T18:25,765.37,765.535,765.195,765.41,461391
2026-09-11T18:30,765.42,765.57,765.15,765.4501,212874
2026-09-11T18:35,765.46,765.56,765.25,765.3,127487
2026-09-11T18:40,765.3,765.41,765.1,765.15,378353
2026-09-11T18:45,765.15,765.32,764.96,765.04,240563
2026-09-11T18:50,765.04,765.17,765.03,765.06,299884
2026-09-11T18:55,765.035,765.26,764.94,765.04,311381
2026-09-11T19:00,765.04,765.19,765.0,765.13,428659
2026-09-11T19:05,765.13,765.14,764.72,764.76,512279
2026-09-11T19:10,764.7401,764.9159,764.55,764.9,474813
2026-09-11T19:15,764.9,765.1,764.88,765.0,224577
2026-09-11T19:20,765.0,765.22,764.9,765.2,372815
2026-09-11T19:25,765.2,765.3,765.0201,765.03,482855
2026-09-11T19:30,765.025,765.13,764.9,764.98,510319
2026-09-11T19:35,764.98,765.03,764.87,764.935,459650
2026-09-11T19:40,764.93,765.05,764.88,765.01,640517
2026-09-11T19:45,765.01,765.04,764.72,764.75,1015660
2026-09-11T19:50,764.74,764.82,764.4238,764.67,1536946
2026-09-11T19:55,764.66,764.7,764.04,764.29,4357301
2026-09-14T13:30,759.08,759.19,758.61,758.685,1284930
2026-09-14T13:35,758.685,758.8999,758.4542,758.57,618168
2026-09-14T13:40,758.58,759.5188,758.48,759.3901,490346
2026-09-14T13:45,759.43,760.56,759.43,760.29,551143
2026-09-14T13:50,760.2824,760.59,760.09,760.17,447282
2026-09-14T13:55,760.18,760.24,759.76,760.0,457357
2026-09-14T14:00,759.9864,760.59,759.91,760.47,456815
2026-09-14T14:05,760.4613,761.115,760.32,760.87,459288
2026-09-14T14:10,760.87,761.0,760.42,760.44,388266
2026-09-14T14:15,760.47,760.65,759.7701,759.845,316697
2026-09-14T14:20,759.85,759.85,758.82,758.82,667811
2026-09-14T14:25,758.8201,758.87,758.24,758.84,613168
2026-09-14T14:30,758.8364,759.135,758.53,759.1,390325
2026-09-14T14:35,759.1,759.1,758.3,758.465,398126
2026-09-14T14:40,758.48,758.68,758.13,758.68,407741
2026-09-14T14:45,758.68,759.03,758.4636,758.61,324662
2026-09-14T14:50,758.6399,758.655,758.11,758.2,436376
2026-09-14T14:55,758.23,758.59,757.93,758.57,486249
2026-09-14T15:00,758.59,758.605,758.15,758.18,247257
2026-09-14T15:05,758.18,759.87,758.17,759.11,1247076
2026-09-14T15:10,759.13,759.2018,758.63,758.6301,241686
2026-09-14T15:15,758.62,759.17,758.52,759.0701,255929
2026-09-14T15:20,759.09,759.58,758.99,759.545,241629
2026-09-14T15:25,759.54,759.8952,759.32,759.595,258941
2026-09-14T15:30,759.55,760.89,759.45,760.82,962829
2026-09-14T15:35,760.807,761.2395,760.46,761.2,628015
2026-09-14T15:40,761.22,762.23,760.97,762.09,633415
2026-09-14T15:45,762.1,762.15,761.47,761.48,405008
2026-09-14T15:50,761.475,761.88,761.29,761.81,345862
2026-09-14T15:55,761.82,762.03,761.69,761.75,235638
2026-09-14T16:00,761.765,761.9,761.33,761.33,209500
2026-09-14T16:05,761.32,761.52,761.21,761.4,188138
2026-09-14T16:10,761.4,761.67,761.36,761.4674,162705
2026-09-14T16:15,761.48,762.45,761.48,762.35,318998
2026-09-14T16:20,762.36,762.6,762.02,762.41,254052
2026-09-14T16:25,762.41,762.45,761.89,762.02,274179
2026-09-14T16:30,762.01,762.45,761.95,761.95,280704
2026-09-14T16:35,761.97,762.11,761.835,762.05,157930
2026-09-14T16:40,762.05,762.31,761.92,762.31,143734
2026-09-14T16:45,762.32,763.5,762.05,763.2639,605932
2026-09-14T16:50,763.28,763.52,763.02,763.06,254727
2026-09-14T16:55,763.06,763.1,762.57,762.9,291127
2026-09-14T17:00,762.9,763.06,762.53,762.66,200436
2026-09-14T17:05,762.68,762.81,762.34,762.445,185598
2026-09-14T17:10,762.455,762.86,762.18,762.1814,349875
2026-09-14T17:15,762.1807,762.27,761.904,762.05,175157
2026-09-14T17:20,762.085,762.42,762.055,762.29,131463
2026-09-14T17:25,762.32,762.72,762.19,762.69,143317
2026-09-14T17:30,762.715,762.83,762.49,762.64,176490
2026-09-14T17:35,762.66,762.87,762.51,762.81,216909
2026-09-14T17:40,762.83,762.8346,762.54,762.6,281509
2026-09-14T17:45,762.65,762.85,762.55,762.63,183235
2026-09-14T17:50,762.64,762.8699,762.575,762.785,175124
2026-09-14T17:55,762.78,762.85,762.34,762.3499,184886
2026-09-14T18:00,762.355,762.83,762.21,762.24,1056318
2026-09-14T18:05,762.2531,762.588,762.125,762.43,313666
2026-09-14T18:10,762.43,762.44,762.16,762.31,146189
2026-09-14T18:15,762.35,762.48,762.1871,762.28,119036
2026-09-14T18:20,762.27,762.33,762.1,762.117,277060
2026-09-14T18:25,762.13,762.19,761.9175,762.0108,292485
2026-09-14T18:30,762.06,762.35,761.97,762.2263,192237
2026-09-14T18:35,762.22,762.4699,762.2,762.35,158194
2026-09-14T18:40,762.32,762.52,762.25,762.35,278764
2026-09-14T18:45,762.35,762.53,762.1141,762.5,310973
2026-09-14T18:50,762.5,762.54,762.291,762.32,4910184
2026-09-14T18:55,762.31,762.47,762.09,762.128,302568
2026-09-14T19:00,762.14,762.21,761.855,761.93,365138
2026-09-14T19:05,761.94,761.98,761.61,761.83,269309
2026-09-14T19:10,761.85,762.09,761.82,762.02,325129
2026-09-14T19:15,762.025,762.025,761.77,761.8738,281206
2026-09-14T19:20,761.86,761.93,761.649,761.81,1419304
2026-09-14T19:25,761.79,761.86,761.69,761.725,221389
2026-09-14T19:30,761.725,761.93,761.66,761.69,336510
2026-09-14T19:35,761.7,761.73,761.55,761.6,388371
2026-09-14T19:40,761.605,761.72,761.54,761.6,484123
2026-09-14T19:45,761.5902,761.83,761.55,761.71,901788
2026-09-14T19:50,761.71,761.8,761.115,761.25,1059247
2026-09-14T19:55,761.25,761.34,760.66,760.88,3609357
2026-09-15T13:30,760.117,760.34,758.73,758.92,1013123
2026-09-15T13:35,758.92,759.865,758.92,759.81,444977
2026-09-15T13:40,759.8,760.02,759.4,759.95,323006
2026-09-15T13:45,759.95,760.19,759.22,759.35,399854
2026-09-15T13:50,759.35,759.77,759.18,759.67,344364
2026-09-15T13:55,759.66,759.68,759.365,759.51,225608
2026-09-15T14:00,759.5406,759.5406,758.83,758.83,369473
2026-09-15T14:05,758.8105,759.07,758.4833,758.52,1308879
2026-09-15T14:10,758.49,758.517,757.88,757.97,593437
2026-09-15T14:15,757.97,758.43,757.93,758.21,389103
2026-09-15T14:20,758.23,758.34,757.19,757.635,460167
2026-09-15T14:25,757.67,757.74,757.47,757.48,272660
2026-09-15T14:30,757.47,757.65,757.11,757.33,542083
2026-09-15T14:35,757.35,757.6,757.05,757.14,502562
2026-09-15T14:40,757.14,757.23,756.8816,757.2,329729
2026-09-15T14:45,757.2,757.37,756.91,756.91,377584
2026-09-15T14:50,756.8932,757.02,756.15,756.56,984660
2026-09-15T14:55,756.56,756.86,756.365,756.44,443388
2026-09-15T15:00,756.45,757.19,756.435,757.19,325329
2026-09-15T15:05,757.19,757.27,756.8,756.86,337234
2026-09-15T15:10,756.865,757.045,756.7,756.98,436827
2026-09-15T15:15,756.95,757.36,756.815,757.25,553764
2026-09-15T15:20,757.2575,757.5,756.9828,757.449,293243
2026-09-15T15:25,757.45,757.49,757.19,757.48,224136
2026-09-15T15:30,757.5,757.55,756.93,757.31,408287
2026-09-15T15:35,757.33,757.505,757.16,757.29,192715
2026-09-15T15:40,757.305,757.75,757.305,757.52,381279
2026-09-15T15:45,757.5,757.57,756.926,757.0,137302
2026-09-15T15:50,756.975,757.57,756.975,757.11,503706
2026-09-15T15:55,757.13,757.7,756.98,757.115,317860
2026-09-15T16:00,757.115,757.355,757.0123,757.33,183610
2026-09-15T16:05,757.291,757.31,756.63,756.74,253631
2026-09-15T16:10,756.74,756.85,756.67,756.785,167983
2026-09-15T16:15,756.77,757.09,756.71,757.08,201332
2026-09-15T16:20,757.08,757.69,757.06,757.655,210258
2026-09-15T16:25,757.66,757.87,757.48,757.575,198239
2026-09-15T16:30,757.58,757.82,757.32,757.67,858730
2026-09-15T16:35,757.67,757.73,757.46,757.55,103423
2026-09-15T16:40,757.52,757.68,757.465,757.6089,113326
2026-09-15T16:45,757.6099,757.73,757.33,757.46,172050
2026-09-15T16:50,757.45,758.01,757.42,757.975,229122
2026-09-15T16:55,757.995,758.06,757.56,757.74,216883
2026-09-15T17:00,757.74,757.85,757.18,757.18,314970
2026-09-15T17:05,757.17,757.45,757.05,757.23,312320
2026-09-15T17:10,757.19,757.53,757.08,757.085,126442
2026-09-15T17:15,757.0801,757.11,756.86,757.0,165619
2026-09-15T17:20,756.99,757.06,756.65,756.65,183387
2026-09-15T17:25,756.65,756.91,756.6,756.875,175008
2026-09-15T17:30,756.86,757.19,756.8199,757.02,236843
2026-09-15T17:35,757.01,757.17,756.94,757.07,128892
2026-09-15T17:40,757.1,757.245,756.9,757.13,170424
2026-09-15T17:45,757.13,757.27,756.93,756.98,109077
2026-09-15T17:50,756.965,757.27,756.96,757.27,93577
2026-09-15T17:55,757.27,757.4,757.14,757.27,104523
2026-09-15T18:00,757.3,757.5199,757.1426,757.49,399070
2026-09-15T18:05,757.505,757.69,757.41,757.67,150257
2026-09-15T18:10,757.69,757.935,757.565,757.765,165709
2026-09-15T18:15,757.775,757.83,757.48,757.5567,221388
2026-09-15T18:20,757.57,757.6518,757.42,757.4799,163015
2026-09-15T18:25,757.48,757.69,757.36,757.67,141754
2026-09-15T18:30,757.66,757.66,757.13,757.22,4683366
2026-09-15T18:35,757.205,757.32,757.16,757.24,642657
2026-09-15T18:40,757.26,757.6,757.13,757.19,1452968
2026-09-15T18:45,757.21,757.215,756.74,756.845,395043
2026-09-15T18:50,756.84,757.15,756.84,757.09,346530
2026-09-15T18:55,757.07,757.49,757.04,757.49,301097
2026-09-15T19:00,757.47,757.62,757.27,757.3397,332101
2026-09-15T19:05,757.33,757.4,757.22,757.33,164914
2026-09-15T19:10,757.33,757.36,757.09,757.17,232580
2026-09-15T19:15,757.15,757.29,757.08,757.21,482184
2026-09-15T19:20,757.2051,757.23,757.04,757.1,227591
2026-09-15T19:25,757.1,757.14,756.94,756.985,277173
2026-09-15T19:30,756.98,757.07,756.89,756.92,474484
2026-09-15T19:35,756.92,756.92,756.575,756.66,1018367
2026-09-15T19:40,756.66,756.805,756.52,756.715,570128
2026-09-15T19:45,756.71,757.0,756.62,756.9601,1075403
2026-09-15T19:50,756.96,757.0,756.57,756.985,970967
2026-09-15T19:55,756.98,757.46,756.83,757.39,3925159
2026-09-16T13:30,759.497,759.69,759.14,759.21,784519
2026-09-16T13:35,759.21,759.49,758.75,758.79,715558
2026-09-16T13:40,758.82,759.1399,758.723,758.79,587013
2026-09-16T13:45,758.8,759.929,758.76,759.89,642453
2026-09-16T13:50,759.89,760.43,759.85,760.2371,338524
2026-09-16T13:55,760.221,760.4,759.97,760.2,328385
2026-09-16T14:00,760.23,760.42,759.63,759.685,349365
2026-09-16T14:05,759.69,759.84,759.3403,759.6701,369988
2026-09-16T14:10,759.69,759.78,759.1,759.55,466955
2026-09-16T14:15,759.5699,759.715,759.23,759.27,206095
2026-09-16T14:20,759.28,759.35,758.93,758.955,341572
2026-09-16T14:25,758.9533,759.02,758.76,758.96,150863
2026-09-16T14:30,758.9738,759.215,758.81,759.16,270413
2026-09-16T14:35,759.16,759.4957,758.92,759.37,266656
2026-09-16T14:40,759.37,759.86,759.34,759.84,246425
2026-09-16T14:45,759.84,759.95,759.61,759.62,225922
2026-09-16T14:50,759.62,759.88,759.59,759.68,168195
2026-09-16T14:55,759.69,760.25,759.68,760.21,212988
2026-09-16T15:00,760.21,760.61,760.16,760.53,460122
2026-09-16T15:05,760.515,761.03,760.27,760.91,392070
2026-09-16T15:10,760.915,761.0,760.4805,760.7401,670585
2026-09-16T15:15,760.75,760.79,760.37,760.605,757543
2026-09-16T15:20,760.6,760.63,760.405,760.54,356332
2026-09-16T15:25,760.54,760.82,760.29,760.3401,175956
2026-09-16T15:30,760.36,760.46,760.01,760.1301,201213
2026-09-16T15:35,760.17,760.55,760.16,760.39,190301
2026-09-16T15:40,760.4,760.6,760.32,760.565,339287
2026-09-16T15:45,760.56,761.65,760.49,761.05,412792
2026-09-16T15:50,761.06,761.1,760.68,760.79,211843
2026-09-16T15:55,760.7963,760.86,760.65,760.69,176856
2026-09-16T16:00,760.69,760.74,760.33,760.342,204482
2026-09-16T16:05,760.35,760.51,760.2801,760.48,109476
2026-09-16T16:10,760.484,760.52,760.17,760.37,374560
2026-09-16T16:15,760.3973,760.475,760.28,760.33,144400
2026-09-16T16:20,760.32,760.32,759.94,759.98,278710
2026-09-16T16:25,760.0,760.18,759.87,760.14,406950
2026-09-16T16:30,760.13,760.22,759.67,759.69,136487
2026-09-16T16:35,759.7,759.94,759.7,759.9,115361
2026-09-16T16:40,759.9,760.02,759.84,759.903,227074
2026-09-16T16:45,759.92,760.19,759.92,760.1,154070
2026-09-16T16:50,760.095,760.15,759.73,759.89,112826
2026-09-16T16:55,759.8905,760.01,759.77,759.77,161135
2026-09-16T17:00,759.775,759.785,759.26,759.4099,294856
2026-09-16T17:05,759.41,759.59,759.4,759.57,233152
2026-09-16T17:10,759.58,759.81,759.43,759.735,242141
2026-09-16T17:15,759.73,759.84,759.685,759.75,148827
2026-09-16T17:20,759.755,759.92,759.54,759.635,244068
2026-09-16T17:25,759.64,759.94,759.6346,759.93,108841
2026-09-16T17:30,759.935,760.058,759.66,759.795,310793
2026-09-16T17:35,759.8,759.89,759.635,759.635,135154
2026-09-16T17:40,759.6301,759.64,759.315,759.34,167451
2026-09-16T17:45,759.34,759.76,759.34,759.55,174776
2026-09-16T17:50,759.58,759.86,759.5,759.79,190446
2026-09-16T17:55,759.78,760.26,759.66,760.23,244925
2026-09-16T18:00,760.1816,760.9789,758.775,760.19,1802794
2026-09-16T18:05,760.22,761.21,760.13,760.6677,788159
2026-09-16T18:10,760.69,760.8479,759.81,759.941,516940
2026-09-16T18:15,760.0,760.36,759.66,759.955,284073
2026-09-16T18:20,759.94,760.3,759.61,759.85,239503
2026-09-16T18:25,759.845,759.985,758.785,759.68,443541
2026-09-16T18:30,759.64,759.89,757.55,757.65,914894
2026-09-16T18:35,757.64,758.03,756.05,757.8901,1865220
2026-09-16T18:40,757.89,760.21,757.8,759.0,967749
2026-09-16T18:45,758.99,759.546,757.43,757.5599,702825
2026-09-16T18:50,757.585,757.83,755.1,755.15,1091824
2026-09-16T18:55,755.16,755.76,753.76,753.89,1283778
2026-09-16T19:00,753.9,755.36,753.75,754.755,1599297
2026-09-16T19:05,754.7452,754.77,752.98,753.2099,1039457
2026-09-16T19:10,753.2,753.34,751.14,751.31,1679568
2026-09-16T19:15,751.335,752.12,750.49,750.94,1860819
2026-09-16T19:20,750.93,751.34,750.13,750.68,1758623
2026-09-16T19:25,750.69,751.31,749.6,751.26,1667495
2026-09-16T19:30,751.24,752.62,751.11,752.56,1606232
2026-09-16T19:35,752.56,752.65,751.47,752.425,1295771
2026-09-16T19:40,752.42,752.82,751.775,752.11,1597025
2026-09-16T19:45,752.09,753.65,752.06,753.46,2400295
2026-09-16T19:50,753.48,754.23,753.36,754.0775,1896257
2026-09-16T19:55,754.06,754.365,753.755,754.05,4162688
2026-09-17T13:30,763.16,763.41,761.38,761.39,1735508
2026-09-17T13:35,761.37,761.55,761.01,761.125,968430
2026-09-17T13:40,761.125,761.25,760.62,760.93,614490
2026-09-17T13:45,760.94,761.48,760.73,761.39,1047613
2026-09-17T13:50,761.39,761.74,761.04,761.04,625743
2026-09-17T13:55,761.06,761.2695,760.76,761.25,300649
2026-09-17T14:00,761.25,761.25,760.28,760.6001,607750
2026-09-17T14:05,760.62,760.6499,759.96,760.25,482542
2026-09-17T14:10,760.22,761.19,760.1,761.14,610056
2026-09-17T14:15,761.14,761.48,761.05,761.48,484651
2026-09-17T14:20,761.48,762.04,761.27,761.9076,490839
2026-09-17T14:25,761.97,762.27,761.65,761.675,584919
2026-09-17T14:30,761.6708,762.04,761.55,762.0199,521741
2026-09-17T14:35,762.0,762.06,761.66,761.67,317062
2026-09-17T14:40,761.66,762.215,761.65,761.8899,298491
2026-09-17T14:45,761.89,761.93,761.07,761.26,546034
2026-09-17T14:50,761.24,761.28,760.53,760.61,342757
2026-09-17T14:55,760.6183,761.11,760.44,760.79,393908
2026-09-17T15:00,760.79,761.0,760.58,760.62,365134
2026-09-17T15:05,760.62,760.87,760.36,760.76,820086
2026-09-17T15:10,760.74,761.24,760.65,761.14,186333
2026-09-17T15:15,761.15,761.5,760.935,761.445,267961
2026-09-17T15:20,761.45,761.46,761.07,761.29,199555
2026-09-17T15:25,761.29,761.73,761.29,761.58,342190
2026-09-17T15:30,761.57,761.79,761.485,761.72,233385
2026-09-17T15:35,761.75,762.03,761.7,762.0199,225893
2026-09-17T15:40,762.01,762.52,762.0,762.26,341961
2026-09-17T15:45,762.265,762.42,762.19,762.34,488861
2026-09-17T15:50,762.37,762.4562,762.09,762.38,234106
2026-09-17T15:55,762.37,762.55,762.07,762.54,172880
2026-09-17T16:00,762.55,762.62,762.3417,762.3417,145137
2026-09-17T16:05,762.34,762.5183,762.055,762.48,296140
2026-09-17T16:10,762.48,762.51,762.15,762.3,176092
2026-09-17T16:15,762.29,762.4,762.2,762.31,422018
2026-09-17T16:20,762.3,762.57,762.24,762.49,161781
2026-09-17T16:25,762.48,762.63,762.4047,762.53,274517
2026-09-17T16:30,762.51,762.6524,761.98,762.09,217276
2026-09-17T16:35,762.1,762.3,762.01,762.15,192891
2026-09-17T16:40,762.19,762.62,762.1,762.615,189297
2026-09-17T16:45,762.62,762.66,762.41,762.45,145582
2026-09-17T16:50,762.45,762.5401,762.38,762.41,154623
2026-09-17T16:55,762.38,762.46,761.61,762.455,424607
2026-09-17T17:00,762.455,762.7341,762.3101,762.64,177170
2026-09-17T17:05,762.65,762.7999,762.36,762.4,157396
2026-09-17T17:10,762.39,762.43,762.18,762.23,447518
2026-09-17T17:15,762.245,762.33,762.11,762.18,186698
2026-09-17T17:20,762.18,762.24,761.89,761.89,323466
2026-09-17T17:25,761.91,762.1,761.8295,762.035,169563
2026-09-17T17:30,762.07,762.31,761.91,762.31,164346
2026-09-17T17:35,762.31,762.38,762.17,762.27,130760
2026-09-17T17:40,762.24,762.47,762.24,762.43,160718
2026-09-17T17:45,762.4064,762.64,762.38,762.46,148421
2026-09-17T17:50,762.45,762.45,762.29,762.375,150889
2026-09-17T17:55,762.375,762.639,762.375,762.63,236337
2026-09-17T18:00,762.62,762.81,762.53,762.7609,309301
2026-09-17T18:05,762.76,762.85,762.43,762.52,234465
2026-09-17T18:10,762.515,762.8,762.4599,762.72,315398
2026-09-17T18:15,762.74,762.95,762.62,762.87,269614
2026-09-17T18:20,762.87,762.92,762.55,762.59,393182
2026-09-17T18:25,762.57,762.81,762.51,762.73,185604
2026-09-17T18:30,762.74,762.85,762.47,762.48,317793
2026-09-17T18:35,762.47,762.51,762.18,762.21,327676
2026-09-17T18:40,762.205,762.3904,762.14,762.35,209880
2026-09-17T18:45,762.36,762.64,762.29,762.465,315453
2026-09-17T18:50,762.465,762.52,762.19,762.32,255534
2026-09-17T18:55,762.3105,762.48,762.25,762.44,145014
2026-09-17T19:00,762.455,762.87,762.445,762.86,346603
2026-09-17T19:05,762.86,763.06,762.75,762.785,341818
2026-09-17T19:10,762.785,762.9,762.72,762.77,270597
2026-09-17T19:15,762.76,762.94,762.67,762.9,609627
2026-09-17T19:20,762.905,762.91,762.61,762.64,610370
2026-09-17T19:25,762.62,762.77,762.55,762.6099,438728
2026-09-17T19:30,762.6,762.94,762.6,762.83,467540
2026-09-17T19:35,762.84,763.08,762.82,762.99,748403
2026-09-17T19:40,762.98,763.15,762.75,763.12,984793
2026-09-17T19:45,763.11,763.13,762.77,762.81,1598991
2026-09-17T19:50,762.83,763.57,762.7741,763.145,1993686
2026-09-17T19:55,763.12,763.27,762.43,762.6,3042298
2026-09-18T13:30,761.38,761.76,760.95,761.105,1702596
2026-09-18T13:35,761.06,761.18,760.59,760.9101,5240534
2026-09-18T13:40,760.9,761.42,760.75,760.905,657308
2026-09-18T13:45,760.92,761.15,760.47,760.5,560316
2026-09-18T13:50,760.48,760.53,759.9,759.925,549850
2026-09-18T13:55,759.925,760.12,759.56,759.71,747156
2026-09-18T14:00,759.71,759.935,758.97,759.1,731584
2026-09-18T14:05,759.08,759.44,758.85,759.4246,639177
2026-09-18T14:10,759.42,759.91,759.18,759.21,562318
2026-09-18T14:15,759.2194,759.37,758.75,759.3693,492501
2026-09-18T14:20,759.35,759.62,759.11,759.17,403538
2026-09-18T14:25,759.18,759.645,759.08,759.3399,327813
2026-09-18T14:30,759.36,759.425,759.07,759.225,249629
2026-09-18T14:35,759.235,759.76,758.98,759.515,313202
2026-09-18T14:40,759.49,759.52,758.85,759.005,415542
2026-09-18T14:45,759.0,759.52,758.87,759.43,383358
2026-09-18T14:50,759.46,759.96,759.32,759.82,371318
2026-09-18T14:55,759.84,759.95,759.62,759.93,353694
2026-09-18T15:00,759.95,760.0,759.42,759.68,1198657
2026-09-18T15:05,759.68,760.0409,759.63,759.75,106693
2026-09-18T15:10,759.76,759.94,759.5,759.56,167598
2026-09-18T15:15,759.56,759.8,759.45,759.77,8351769
2026-09-18T15:20,759.76,759.875,759.64,759.81,4128219
2026-09-18T15:25,759.8,760.0599,759.77,759.98,193873
2026-09-18T15:30,759.97,760.07,759.5,759.78,303194
2026-09-18T15:35,759.785,759.89,759.23,759.29,271121
2026-09-18T15:40,759.27,759.37,759.11,759.295,216936
2026-09-18T15:45,759.33,759.3899,759.09,759.14,370537
2026-09-18T15:50,759.15,759.32,758.9,758.95,180664
2026-09-18T15:55,758.96,759.1999,758.85,759.0,332814
2026-09-18T16:00,758.99,759.01,758.69,758.84,181555
2026-09-18T16:05,758.84,759.2276,758.79,759.145,451904
2026-09-18T16:10,759.15,759.2,758.95,759.02,300180
2026-09-18T16:15,759.03,759.1739,758.88,759.09,138916
2026-09-18T16:20,759.09,759.1,758.21,758.2699,216870
2026-09-18T16:25,758.25,758.915,757.971,758.76,894636
2026-09-18T16:30,758.76,759.3,758.57,759.11,241424
2026-09-18T16:35,759.16,759.25,758.82,758.96,237267
2026-09-18T16:40,758.97,759.27,758.8405,759.085,127884
2026-09-18T16:45,759.09,759.19,758.78,759.17,160519
2026-09-18T16:50,759.16,759.52,759.15,759.47,245026
2026-09-18T16:55,759.46,759.54,759.32,759.3995,175479
2026-09-18T17:00,759.395,759.44,759.18,759.36,84759
2026-09-18T17:05,759.355,759.5299,759.27,759.31,129325
2026-09-18T17:10,759.32,759.3301,759.025,759.31,217673
2026-09-18T17:15,759.31,759.47,759.26,759.35,105828
2026-09-18T17:20,759.37,759.5095,759.27,759.5095,4630233
2026-09-18T17:25,759.49,759.5799,759.37,759.4,141769
2026-09-18T17:30,759.405,759.46,759.23,759.42,212279
2026-09-18T17:35,759.43,759.75,759.43,759.71,247528
2026-09-18T17:40,759.698,759.78,759.5601,759.77,155255
2026-09-18T17:45,759.78,759.8,759.62,759.65,191611
2026-09-18T17:50,759.65,759.8558,759.65,759.795,172750
2026-09-18T17:55,759.791,759.89,759.72,759.83,158004
2026-09-18T18:00,759.83,759.965,759.68,759.8909,326321
2026-09-18T18:05,759.895,759.94,759.74,759.79,215699
2026-09-18T18:10,759.8,759.89,759.66,759.8132,218245
2026-09-18T18:15,759.79,760.1,759.79,760.0999,310327
2026-09-18T18:20,760.0905,760.61,760.08,760.325,528661
2026-09-18T18:25,760.325,760.47,760.2106,760.47,252703
2026-09-18T18:30,760.482,760.5,760.26,760.495,229734
2026-09-18T18:35,760.511,760.525,760.2338,760.36,208775
2026-09-18T18:40,760.36,760.545,760.285,760.5362,123391
2026-09-18T18:45,760.55,761.4799,760.55,761.27,766209
2026-09-18T18:50,761.29,761.83,761.19,761.485,425217
2026-09-18T18:55,761.4875,761.5,761.17,761.23,226805
2026-09-18T19:00,761.26,761.44,761.1,761.33,210477
2026-09-18T19:05,761.33,761.47,761.09,761.21,212792
2026-09-18T19:10,761.22,761.39,761.06,761.18,390648
2026-09-18T19:15,761.2,761.235,761.0201,761.17,308556
2026-09-18T19:20,761.17,761.27,761.0197,761.08,308567
2026-09-18T19:25,761.07,761.13,760.835,760.86,266386
2026-09-18T19:30,760.87,760.92,760.69,760.7,593283
2026-09-18T19:35,760.72,761.22,760.68,761.1799,552640
2026-09-18T19:40,761.175,761.44,761.041,761.43,637143
2026-09-18T19:45,761.42,761.66,761.3,761.65,917787
2026-09-18T19:50,761.64,761.77,761.18,761.41,1685588
2026-09-18T19:55,761.41,762.0,761.39,761.69,4100577
2026-09-21T13:30,766.39,766.65,766.03,766.435,1505795
2026-09-21T13:35,766.43,766.73,766.36,766.665,757574
2026-09-21T13:40,766.6701,766.855,766.48,766.855,401846
2026-09-21T13:45,766.88,767.145,766.8201,767.0,546135
2026-09-21T13:50,767.0001,767.5499,766.97,767.52,540144
2026-09-21T13:55,767.495,767.72,767.27,767.69,483387
2026-09-21T14:00,767.685,767.81,767.45,767.48,358153
2026-09-21T14:05,767.4801,767.51,767.05,767.37,351891
2026-09-21T14:10,767.385,767.92,767.385,767.78,395179
2026-09-21T14:15,767.8,768.485,767.8,768.42,910779
2026-09-21T14:20,768.43,769.1483,768.27,769.02,633351
2026-09-21T14:25,769.03,769.29,768.94,769.0333,1821635
2026-09-21T14:30,769.015,769.36,768.88,769.17,987456
2026-09-21T14:35,769.16,769.55,769.14,769.27,483291
2026-09-21T14:40,769.28,769.52,768.88,768.99,558100
2026-09-21T14:45,768.99,769.31,768.74,768.995,532860
2026-09-21T14:50,768.99,769.22,768.87,769.17,384611
2026-09-21T14:55,769.19,769.44,768.99,769.21,533967
2026-09-21T15:00,769.215,769.54,769.115,769.53,452832
2026-09-21T15:05,769.53,769.63,769.35,769.55,265320
2026-09-21T15:10,769.56,769.82,769.4,769.8,289760
2026-09-21T15:15,769.81,770.18,769.81,770.15,328322
2026-09-21T15:20,770.15,770.17,769.89,769.935,296183
2026-09-21T15:25,769.93,770.08,769.82,769.86,257937
2026-09-21T15:30,769.87,770.03,769.82,769.8638,224587
2026-09-21T15:35,769.88,770.56,769.87,770.49,370057
2026-09-21T15:40,770.5,770.72,770.35,770.71,292353
2026-09-21T15:45,770.72,771.19,770.72,770.965,428661
2026-09-21T15:50,770.96,771.36,770.67,770.68,418427
2026-09-21T15:55,770.69,770.79,770.535,770.74,789860
2026-09-21T16:00,770.735,771.1,770.519,771.045,345068
2026-09-21T16:05,771.06,771.71,770.8699,771.6509,476985
2026-09-21T16:10,771.67,771.84,771.43,771.55,365761
2026-09-21T16:15,771.6,771.8,771.43,771.6,283898
2026-09-21T16:20,771.6099,771.72,771.4499,771.655,271603
2026-09-21T16:25,771.66,772.04,771.61,771.82,274734
2026-09-21T16:30,771.84,772.65,771.81,772.41,427468
2026-09-21T16:35,772.415,772.5361,771.8801,771.89,366643
2026-09-21T16:40,771.89,772.1599,771.8,772.0,415809
2026-09-21T16:45,772.005,772.3101,772.0,772.23,221104
2026-09-21T16:50,772.25,772.34,771.98,772.155,231549
2026-09-21T16:55,772.16,772.335,772.05,772.32,227091
2026-09-21T17:00,772.34,772.495,772.19,772.265,216630
2026-09-21T17:05,772.27,772.52,772.27,772.38,200557
2026-09-21T17:10,772.4,772.9,772.355,772.82,1232782
2026-09-21T17:15,772.82,772.97,772.62,772.84,311527
2026-09-21T17:20,772.86,772.975,772.52,772.59,305974
2026-09-21T17:25,772.6,772.8,772.42,772.8,402652
2026-09-21T17:30,772.82,772.84,772.32,772.365,297998
2026-09-21T17:35,772.365,772.54,772.25,772.29,273615
2026-09-21T17:40,772.29,772.91,772.24,772.88,790378
2026-09-21T17:45,772.88,773.17,772.72,772.79,454465
2026-09-21T17:50,772.79,773.04,772.75,772.94,179627
2026-09-21T17:55,772.93,772.97,772.735,772.895,337665
2026-09-21T18:00,772.91,773.2,772.91,773.185,283184
2026-09-21T18:05,773.2,773.36,773.1311,773.18,281799
2026-09-21T18:10,773.18,773.4,773.095,773.265,340434
2026-09-21T18:15,773.2701,773.42,773.17,773.33,298859
2026-09-21T18:20,773.33,773.845,773.3,773.82,327286
2026-09-21T18:25,773.82,773.99,773.72,773.855,397082
2026-09-21T18:30,773.86,773.98,773.585,773.72,415733
2026-09-21T18:35,773.73,773.94,773.6,773.91,301842
2026-09-21T18:40,773.92,774.14,773.86,774.12,552593
2026-09-21T18:45,774.14,774.36,774.065,774.35,579819
2026-09-21T18:50,774.345,774.62,774.31,774.45,399333
2026-09-21T18:55,774.46,774.54,774.18,774.295,465973
2026-09-21T19:00,774.31,774.48,774.17,774.17,914505
2026-09-21T19:05,774.16,774.21,773.99,774.2,409350
2026-09-21T19:10,774.19,774.465,773.965,774.465,697825
2026-09-21T19:15,774.45,774.465,774.25,774.37,515843
2026-09-21T19:20,774.365,774.39,774.085,774.1,453060
2026-09-21T19:25,774.11,774.32,774.02,774.1,710878
2026-09-21T19:30,774.1,774.55,774.06,774.48,911150
2026-09-21T19:35,774.485,774.89,774.42,774.7799,977788
2026-09-21T19:40,774.77,774.83,774.29,774.455,884886
2026-09-21T19:45,774.45,774.55,774.1,774.22,1068754
2026-09-21T19:50,774.21,774.21,773.69,773.7,1508245
2026-09-21T19:55,773.72,773.92,773.41,773.5,3017169
2026-09-22T13:30,774.04,775.02,773.89,774.8,836625
2026-09-22T13:35,774.81,775.14,774.64,774.96,594373
2026-09-22T13:40,774.96,774.96,774.4,774.61,435621
2026-09-22T13:45,774.6,774.62,773.88,774.295,498178
2026-09-22T13:50,774.2717,774.42,773.99,774.08,311647
2026-09-22T13:55,774.0673,774.1,773.65,773.81,389573
2026-09-22T14:00,773.825,774.24,773.77,774.0601,315645
2026-09-22T14:05,774.08,774.17,773.77,773.7701,226718
2026-09-22T14:10,773.79,774.91,773.79,774.3504,435341
2026-09-22T14:15,774.34,774.45,773.55,773.83,423840
2026-09-22T14:20,773.8206,773.965,773.6,773.75,324351
2026-09-22T14:25,773.73,773.86,773.5,773.5399,780331
2026-09-22T14:30,773.53,774.06,773.5,773.73,245002
2026-09-22T14:35,773.725,774.36,773.27,773.5171,474266
2026-09-22T14:40,773.5,773.55,773.005,773.27,508761
2026-09-22T14:45,773.26,773.698,772.97,773.6975,385086
2026-09-22T14:50,773.6787,773.87,773.3,773.54,175513
2026-09-22T14:55,773.54,773.74,773.26,773.42,136583
2026-09-22T15:00,773.38,773.69,773.32,773.5,178240
2026-09-22T15:05,773.48,773.78,773.3364,773.37,2478766
2026-09-22T15:10,773.365,773.6,773.18,773.5599,224233
2026-09-22T15:15,773.5615,773.71,773.41,773.54,171808
2026-09-22T15:20,773.52,773.65,773.39,773.51,145955
2026-09-22T15:25,773.48,773.71,773.29,773.35,713628
2026-09-22T15:30,773.34,773.34,772.91,772.98,238112
2026-09-22T15:35,772.98,773.01,772.65,772.7599,296879
2026-09-22T15:40,772.7061,772.91,772.59,772.83,277675
2026-09-22T15:45,772.84,773.1,772.76,772.94,249755
2026-09-22T15:50,772.9,772.9877,772.79,772.82,148499
2026-09-22T15:55,772.815,773.05,772.65,773.035,153420
2026-09-22T16:00,773.035,773.235,772.875,773.03,167636
2026-09-22T16:05,773.01,773.3983,772.881,773.27,235644
2026-09-22T16:10,773.27,773.38,773.18,773.36,144206
2026-09-22T16:15,773.34,773.34,773.03,773.06,163302
2026-09-22T16:20,773.0646,773.21,772.74,772.76,227436
2026-09-22T16:25,772.7501,772.94,772.69,772.92,247934
2026-09-22T16:30,772.91,773.25,772.88,773.22,146151
2026-09-22T16:35,773.245,773.245,772.84,773.04,115416
2026-09-22T16:40,773.03,773.06,772.79,773.05,143637
2026-09-22T16:45,773.06,773.71,773.03,773.65,314274
2026-09-22T16:50,773.64,773.72,773.45,773.53,376139
2026-09-22T16:55,773.5275,773.63,773.37,773.58,122489
2026-09-22T17:00,773.575,773.64,773.33,773.33,104322
2026-09-22T17:05,773.34,773.65,773.255,773.37,226094
2026-09-22T17:10,773.38,773.45,773.23,773.29,340014
2026-09-22T17:15,773.31,773.34,773.17,773.25,107559
2026-09-22T17:20,773.27,773.27,773.09,773.2,134325
2026-09-22T17:25,773.2,773.58,773.16,773.58,300989
2026-09-22T17:30,773.55,773.577,773.31,773.365,102483
2026-09-22T17:35,773.36,773.4,773.18,773.2,106134
2026-09-22T17:40,773.2,773.5,773.1,773.495,104724
2026-09-22T17:45,773.5,773.59,773.35,773.4675,522931
2026-09-22T17:50,773.46,774.25,773.36,774.11,506220
2026-09-22T17:55,774.1,774.23,773.97,774.1,200309
2026-09-22T18:00,774.12,774.19,773.72,773.92,406675
2026-09-22T18:05,773.92,774.13,773.87,774.12,143183
2026-09-22T18:10,774.115,774.16,773.9,773.95,208952
2026-09-22T18:15,773.95,774.11,773.94,774.07,405017
2026-09-22T18:20,774.055,774.41,774.04,774.2629,277556
2026-09-22T18:25,774.28,774.34,774.12,774.135,184229
2026-09-22T18:30,774.14,774.25,774.01,774.029,260502
2026-09-22T18:35,774.07,774.08,773.72,773.9,422568
2026-09-22T18:40,773.9,774.2,773.76,774.12,217790
2026-09-22T18:45,774.13,774.21,774.07,774.16,136601
2026-09-22T18:50,774.15,774.18,774.03,774.07,140086
2026-09-22T18:55,774.065,774.07,773.68,773.76,195254
2026-09-22T19:00,773.77,773.9,773.72,773.9,155456
2026-09-22T19:05,773.885,774.02,773.81,773.9,176267
2026-09-22T19:10,773.9,774.11,773.87,774.035,417055
2026-09-22T19:15,774.055,774.28,774.01,774.28,287677
2026-09-22T19:20,774.28,774.32,774.1,774.22,398175
2026-09-22T19:25,774.23,774.49,774.21,774.39,985925
2026-09-22T19:30,774.375,774.88,774.31,774.86,581546
2026-09-22T19:35,774.86,774.93,774.7,774.82,865139
2026-09-22T19:40,774.84,774.85,774.25,774.45,621467
2026-09-22T19:45,774.48,774.75,774.47,774.735,445132
2026-09-22T19:50,774.73,774.89,774.36,774.36,999035
2026-09-22T19:55,774.36,774.36,773.298,773.38,2779184
2026-09-23T13:30,772.75,773.02,772.44,772.44,616756
2026-09-23T13:35,772.42,772.4399,772.04,772.16,436623
2026-09-23T13:40,772.15,772.2399,771.89,771.915,314965
2026-09-23T13:45,771.9,771.97,771.0,771.15,445341
2026-09-23T13:50,771.11,771.3,770.69,770.75,426259
2026-09-23T13:55,770.74,770.91,770.46,770.67,1247485
2026-09-23T14:00,770.68,771.04,770.36,770.47,416986
2026-09-23T14:05,770.49,770.5753,769.92,769.995,480968
2026-09-23T14:10,770.01,770.1,769.2799,769.61,852952
2026-09-23T14:15,769.6,769.8992,769.1,769.1399,569712
2026-09-23T14:20,769.11,769.34,768.5,768.865,587077
2026-09-23T14:25,768.86,769.01,768.37,768.86,711467
2026-09-23T14:30,768.86,769.5,768.825,769.405,678983
2026-09-23T14:35,769.4039,769.86,768.86,768.86,646793
2026-09-23T14:40,768.86,769.335,768.68,769.19,526498
2026-09-23T14:45,769.17,769.345,769.04,769.24,351834
2026-09-23T14:50,769.23,770.6,768.8577,770.38,905144
2026-09-23T14:55,770.36,770.49,769.85,770.24,441058
2026-09-23T15:00,770.25,770.27,769.575,769.8276,344035
2026-09-23T15:05,769.83,770.02,769.58,769.93,186256
2026-09-23T15:10,769.95,770.01,769.59,769.64,265668
2026-09-23T15:15,769.64,769.825,769.32,769.64,160064
2026-09-23T15:20,769.603,769.96,769.47,769.88,156649
2026-09-23T15:25,769.875,769.99,768.945,769.01,251883
2026-09-23T15:30,769.02,769.1,768.83,768.95,230845
2026-09-23T15:35,768.92,769.08,768.77,768.94,298454
2026-09-23T15:40,768.94,769.27,768.67,769.195,394872
2026-09-23T15:45,769.19,769.25,768.45,768.5101,270068
2026-09-23T15:50,768.5,768.7169,768.23,768.7169,420188
2026-09-23T15:55,768.7205,768.86,768.5342,768.635,198842
2026-09-23T16:00,768.63,768.63,768.26,768.41,194174
2026-09-23T16:05,768.41,768.665,768.2801,768.49,245733
2026-09-23T16:10,768.49,768.7,768.41,768.62,166051
2026-09-23T16:15,768.58,768.73,768.16,768.375,291328
2026-09-23T16:20,768.37,768.4099,768.14,768.38,188405
2026-09-23T16:25,768.38,768.48,768.2316,768.42,271015
2026-09-23T16:30,768.41,768.73,768.38,768.43,291746
2026-09-23T16:35,768.42,768.53,768.19,768.3,192877
2026-09-23T16:40,768.29,768.304,767.8,767.8,253856
2026-09-23T16:45,767.79,768.07,767.525,767.57,283366
2026-09-23T16:50,767.58,767.58,767.02,767.0677,320719
2026-09-23T16:55,767.03,767.525,767.02,767.42,383445
2026-09-23T17:00,767.41,767.7,766.5,766.74,446499
2026-09-23T17:05,766.74,767.19,766.59,767.119,371289
2026-09-23T17:10,767.12,767.26,766.825,767.11,247997
2026-09-23T17:15,767.08,767.92,766.94,767.875,208706
2026-09-23T17:20,767.93,767.93,767.18,767.18,1261690
2026-09-23T17:25,767.17,767.3995,767.11,767.27,169205
2026-09-23T17:30,767.26,767.575,767.07,767.55,131803
2026-09-23T17:35,767.55,767.61,767.28,767.3577,215050
2026-09-23T17:40,767.3642,768.59,767.17,768.5,507643
2026-09-23T17:45,768.47,768.84,768.245,768.41,427854
2026-09-23T17:50,768.42,768.58,768.23,768.45,265513
2026-09-23T17:55,768.495,769.045,768.37,769.0,300012
2026-09-23T18:00,768.985,769.0088,768.13,768.18,368992
2026-09-23T18:05,768.18,768.475,768.05,768.39,286792
2026-09-23T18:10,768.415,768.54,768.29,768.47,148626
2026-09-23T18:15,768.4699,768.745,768.27,768.53,202455
2026-09-23T18:20,768.5,768.58,768.31,768.515,245661
2026-09-23T18:25,768.52,768.6,768.195,768.28,276682
2026-09-23T18:30,768.3,768.35,767.92,768.1,173650
2026-09-23T18:35,768.09,768.16,767.58,767.69,170380
2026-09-23T18:40,767.69,768.04,767.69,767.8324,239563
2026-09-23T18:45,767.87,768.105,767.79,768.1,217632
2026-09-23T18:50,768.1,768.17,767.79,767.93,170928
2026-09-23T18:55,767.891,768.305,767.86,768.18,505504
2026-09-23T19:00,768.19,768.32,767.76,767.8,273617
2026-09-23T19:05,767.8,768.32,767.71,768.125,379813
2026-09-23T19:10,768.125,768.2061,767.82,767.935,298944
2026-09-23T19:15,767.95,768.0,767.6,767.8,368693
2026-09-23T19:20,767.79,767.79,767.56,767.66,413672
2026-09-23T19:25,767.675,767.815,767.43,767.6401,514354
2026-09-23T19:30,767.66,768.02,767.54,767.99,472580
2026-09-23T19:35,767.99,768.02,767.8,768.01,469102
2026-09-23T19:40,768.02,768.15,767.31,767.57,519333
2026-09-23T19:45,767.54,768.01,767.52,767.961,938418
2026-09-23T19:50,767.96,767.99,766.57,766.84,2306246
2026-09-23T19:55,766.84,767.98,766.82,767.81,5596211
