DATE,OPEN,HIGH,LOW,CLOSE
01/04/2011,16.060000,16.060000,16.060000,16.060000
01/05/2011,15.570000,15.570000,15.570000,15.570000
01/06/2011,15.710000,15.710000,15.710000,15.710000
01/07/2011,15.010000,15.010000,15.010000,15.010000
01/10/2011,15.810000,15.810000,15.810000,15.810000
01/11/2011,14.930000,14.930000,14.930000,14.930000
01/12/2011,14.820000,14.820000,14.820000,14.820000
01/13/2011,14.920000,14.920000,14.920000,14.920000
01/14/2011,14.300000,14.300000,14.300000,14.300000
01/18/2011,16.340000,16.340000,16.340000,16.340000
01/19/2011,17.740000,17.740000,17.740000,17.740000
01/20/2011,16.980000,16.980000,16.980000,16.980000
01/21/2011,17.320000,17.320000,17.320000,17.320000
01/24/2011,17.380000,17.380000,17.380000,17.380000
01/25/2011,17.750000,17.750000,17.750000,17.750000
01/26/2011,16.270000,16.270000,16.270000,16.270000
01/27/2011,15.070000,15.070000,15.070000,15.070000
01/28/2011,21.250000,21.250000,21.250000,21.250000
01/31/2011,20.500000,20.500000,20.500000,20.500000
02/01/2011,17.210000,17.210000,17.210000,17.210000
02/02/2011,16.830000,16.830000,16.830000,16.830000
02/03/2011,15.380000,15.380000,15.380000,15.380000
02/04/2011,14.190000,14.190000,14.190000,14.190000
02/07/2011,15.330000,15.330000,15.330000,15.330000
02/08/2011,14.560000,14.560000,14.560000,14.560000
02/09/2011,14.300000,14.300000,14.300000,14.300000
02/10/2011,14.530000,14.530000,14.530000,14.530000
02/11/2011,14.790000,14.790000,14.790000,14.790000
02/14/2011,16.160000,16.160000,16.160000,16.160000
02/15/2011,16.580000,16.580000,16.580000,16.580000
02/16/2011,16.870000,16.870000,16.870000,16.870000
02/17/2011,15.810000,15.810000,15.810000,15.810000
02/18/2011,14.920000,14.920000,14.920000,14.920000
02/22/2011,22.090000,22.090000,22.090000,22.090000
02/23/2011,22.770000,22.770000,22.770000,22.770000
02/24/2011,21.510000,21.510000,21.510000,21.510000
02/25/2011,18.470000,18.470000,18.470000,18.470000
02/28/2011,18.300000,18.300000,18.300000,18.300000
03/01/2011,21.590000,21.590000,21.590000,21.590000
03/02/2011,20.780000,20.780000,20.780000,20.780000
03/03/2011,16.850000,16.850000,16.850000,16.850000
03/04/2011,17.690000,17.690000,17.690000,17.690000
03/07/2011,20.970000,20.970000,20.970000,20.970000
03/08/2011,19.340000,19.340000,19.340000,19.340000
03/09/2011,19.930000,19.930000,19.930000,19.930000
03/10/2011,22.890000,22.890000,22.890000,22.890000
03/11/2011,19.400000,19.400000,19.400000,19.400000
03/14/2011,21.930000,21.930000,21.930000,21.930000
03/15/2011,25.900000,25.900000,25.900000,25.900000
03/16/2011,31.040000,31.040000,31.040000,31.040000
03/17/2011,28.620000,28.620000,28.620000,28.620000
03/18/2011,25.310000,25.310000,25.310000,25.310000
03/21/2011,21.020000,21.020000,21.020000,21.020000
03/22/2011,20.170000,20.170000,20.170000,20.170000
03/23/2011,19.060000,19.060000,19.060000,19.060000
03/24/2011,17.420000,17.420000,17.420000,17.420000
03/25/2011,17.490000,17.490000,17.490000,17.490000
03/28/2011,19.840000,19.840000,19.840000,19.840000
03/29/2011,17.460000,17.460000,17.460000,17.460000
03/30/2011,16.980000,16.980000,16.980000,16.980000
03/31/2011,16.310000,16.310000,16.310000,16.310000
04/01/2011,15.150000,15.150000,15.150000,15.150000
04/04/2011,16.720000,16.720000,16.720000,16.720000
04/05/2011,15.810000,15.810000,15.810000,15.810000
04/06/2011,15.210000,15.210000,15.210000,15.210000
04/07/2011,15.930000,15.930000,15.930000,15.930000
04/08/2011,17.210000,17.210000,17.210000,17.210000
04/11/2011,18.390000,18.390000,18.390000,18.390000
04/12/2011,18.930000,18.930000,18.930000,18.930000
04/13/2011,17.970000,17.970000,17.970000,17.970000
04/14/2011,15.990000,15.990000,15.990000,15.990000
04/15/2011,14.280000,14.280000,14.280000,14.280000
04/18/2011,17.630000,17.630000,17.630000,17.630000
04/19/2011,15.910000,15.910000,15.910000,15.910000
04/20/2011,15.040000,15.040000,15.040000,15.040000
04/21/2011,13.030000,13.030000,13.030000,13.030000
04/25/2011,15.050000,15.050000,15.050000,15.050000
04/26/2011,15.160000,15.160000,15.160000,15.160000
04/27/2011,14.610000,14.610000,14.610000,14.610000
04/28/2011,12.810000,12.810000,12.810000,12.810000
04/29/2011,13.090000,13.090000,13.090000,13.090000
05/02/2011,15.160000,15.160000,15.160000,15.160000
05/03/2011,15.710000,15.710000,15.710000,15.710000
05/04/2011,16.370000,16.370000,16.370000,16.370000
05/05/2011,18.870000,18.870000,18.870000,18.870000
05/06/2011,18.890000,18.890000,18.890000,18.890000
05/09/2011,16.560000,16.560000,16.560000,16.560000
05/10/2011,14.580000,14.580000,14.580000,14.580000
05/11/2011,16.800000,16.800000,16.800000,16.800000
05/12/2011,15.100000,15.100000,15.100000,15.100000
05/13/2011,17.130000,17.130000,17.130000,17.130000
05/16/2011,19.710000,19.710000,19.710000,19.710000
05/17/2011,18.330000,18.330000,18.330000,18.330000
05/18/2011,16.250000,16.250000,16.250000,16.250000
05/19/2011,14.920000,14.920000,14.920000,14.920000
05/20/2011,18.100000,18.100000,18.100000,18.100000
05/23/2011,18.870000,18.870000,18.870000,18.870000
05/24/2011,17.870000,17.870000,17.870000,17.870000
05/25/2011,16.830000,16.830000,16.830000,16.830000
05/26/2011,14.620000,14.620000,14.620000,14.620000
05/27/2011,14.790000,14.790000,14.790000,14.790000
05/31/2011,14.890000,14.890000,14.890000,14.890000
06/01/2011,19.100000,19.100000,19.100000,19.100000
06/02/2011,18.930000,18.930000,18.930000,18.930000
06/03/2011,17.990000,17.990000,17.990000,17.990000
06/06/2011,19.350000,19.350000,19.350000,19.350000
06/07/2011,18.410000,18.410000,18.410000,18.410000
06/08/2011,19.020000,19.020000,19.020000,19.020000
06/09/2011,18.110000,18.110000,18.110000,18.110000
06/10/2011,18.920000,18.920000,18.920000,18.920000
06/13/2011,20.280000,20.280000,20.280000,20.280000
06/14/2011,18.440000,18.440000,18.440000,18.440000
06/15/2011,22.030000,22.030000,22.030000,22.030000
06/16/2011,24.630000,24.630000,24.630000,24.630000
06/17/2011,23.130000,23.130000,23.130000,23.130000
06/20/2011,20.740000,20.740000,20.740000,20.740000
06/21/2011,20.180000,20.180000,20.180000,20.180000
06/22/2011,18.640000,18.640000,18.640000,18.640000
06/23/2011,20.070000,20.070000,20.070000,20.070000
06/24/2011,22.470000,22.470000,22.470000,22.470000
06/27/2011,21.990000,21.990000,21.990000,21.990000
06/28/2011,19.830000,19.830000,19.830000,19.830000
06/29/2011,16.960000,16.960000,16.960000,16.960000
06/30/2011,15.140000,15.140000,15.140000,15.140000
07/01/2011,15.290000,15.290000,15.290000,15.290000
07/05/2011,15.850000,15.850000,15.850000,15.850000
07/06/2011,15.660000,15.660000,15.660000,15.660000
07/07/2011,15.290000,15.290000,15.290000,15.290000
07/08/2011,15.560000,15.560000,15.560000,15.560000
07/11/2011,20.140000,20.140000,20.140000,20.140000
07/12/2011,21.500000,21.500000,21.500000,21.500000
07/13/2011,20.650000,20.650000,20.650000,20.650000
07/14/2011,22.190000,22.190000,22.190000,22.190000
07/15/2011,19.820000,19.820000,19.820000,19.820000
07/18/2011,22.130000,22.130000,22.130000,22.130000
07/19/2011,19.690000,19.690000,19.690000,19.690000
07/20/2011,19.750000,19.750000,19.750000,19.750000
07/21/2011,17.540000,17.540000,17.540000,17.540000
07/22/2011,16.960000,16.960000,16.960000,16.960000
07/25/2011,20.400000,20.400000,20.400000,20.400000
07/26/2011,20.830000,20.830000,20.830000,20.830000
07/27/2011,24.410000,24.410000,24.410000,24.410000
07/28/2011,27.520000,27.520000,27.520000,27.520000
07/29/2011,30.350000,30.350000,30.350000,30.350000
08/01/2011,26.850000,26.850000,26.850000,26.850000
08/02/2011,27.780000,27.780000,27.780000,27.780000
08/03/2011,24.700000,24.700000,24.700000,24.700000
08/04/2011,39.890000,39.890000,39.890000,39.890000
08/05/2011,37.580000,37.580000,37.580000,37.580000
08/08/2011,68.000000,68.000000,68.000000,68.000000
08/09/2011,43.380000,43.380000,43.380000,43.380000
08/10/2011,56.660000,56.660000,56.660000,56.660000
08/11/2011,46.980000,46.980000,46.980000,46.980000
08/12/2011,38.410000,38.410000,38.410000,38.410000
08/15/2011,32.940000,32.940000,32.940000,32.940000
08/16/2011,33.090000,33.090000,33.090000,33.090000
08/17/2011,31.220000,31.220000,31.220000,31.220000
08/18/2011,46.550000,46.550000,46.550000,46.550000
08/19/2011,47.410000,47.410000,47.410000,47.410000
08/22/2011,44.570000,44.570000,44.570000,44.570000
08/23/2011,37.810000,37.810000,37.810000,37.810000
08/24/2011,37.430000,37.430000,37.430000,37.430000
08/25/2011,44.080000,44.080000,44.080000,44.080000
08/26/2011,36.340000,36.340000,36.340000,36.340000
08/29/2011,33.390000,33.390000,33.390000,33.390000
08/30/2011,34.670000,34.670000,34.670000,34.670000
08/31/2011,32.330000,32.330000,32.330000,32.330000
09/01/2011,31.780000,31.780000,31.780000,31.780000
09/02/2011,31.940000,31.940000,31.940000,31.940000
09/06/2011,39.240000,39.240000,39.240000,39.240000
09/07/2011,32.440000,32.440000,32.440000,32.440000
09/08/2011,34.410000,34.410000,34.410000,34.410000
09/09/2011,40.420000,40.420000,40.420000,40.420000
09/12/2011,40.450000,40.450000,40.450000,40.450000
09/13/2011,37.630000,37.630000,37.630000,37.630000
09/14/2011,35.030000,35.030000,35.030000,35.030000
09/15/2011,32.790000,32.790000,32.790000,32.790000
09/16/2011,32.520000,32.520000,32.520000,32.520000
09/19/2011,34.600000,34.600000,34.600000,34.600000
09/20/2011,34.490000,34.490000,34.490000,34.490000
09/21/2011,37.760000,37.760000,37.760000,37.760000
09/22/2011,43.490000,43.490000,43.490000,43.490000
09/23/2011,42.660000,42.660000,42.660000,42.660000
09/26/2011,40.170000,40.170000,40.170000,40.170000
09/27/2011,38.930000,38.930000,38.930000,38.930000
09/28/2011,42.810000,42.810000,42.810000,42.810000
09/29/2011,39.790000,39.790000,39.790000,39.790000
09/30/2011,43.730000,43.730000,43.730000,43.730000
10/03/2011,48.640000,48.640000,48.640000,48.640000
10/04/2011,41.470000,41.470000,41.470000,41.470000
10/05/2011,37.580000,37.580000,37.580000,37.580000
10/06/2011,34.960000,34.960000,34.960000,34.960000
10/07/2011,33.620000,33.620000,33.620000,33.620000
10/10/2011,31.300000,31.300000,31.300000,31.300000
10/11/2011,30.010000,30.010000,30.010000,30.010000
10/12/2011,29.020000,29.020000,29.020000,29.020000
10/13/2011,27.710000,27.710000,27.710000,27.710000
10/14/2011,26.490000,26.490000,26.490000,26.490000
10/17/2011,33.950000,33.950000,33.950000,33.950000
10/18/2011,32.210000,32.210000,32.210000,32.210000
10/19/2011,34.700000,34.700000,34.700000,34.700000
10/20/2011,36.700000,36.700000,36.700000,36.700000
10/21/2011,32.150000,32.150000,32.150000,32.150000
10/24/2011,30.190000,30.190000,30.190000,30.190000
10/25/2011,33.570000,33.570000,33.570000,33.570000
10/26/2011,30.330000,30.330000,30.330000,30.330000
10/27/2011,24.950000,24.950000,24.950000,24.950000
10/28/2011,23.030000,23.030000,23.030000,23.030000
10/31/2011,30.880000,30.880000,30.880000,30.880000
11/01/2011,36.720000,36.720000,36.720000,36.720000
11/02/2011,33.060000,33.060000,33.060000,33.060000
11/03/2011,29.500000,29.500000,29.500000,29.500000
11/04/2011,28.430000,28.430000,28.430000,28.430000
11/07/2011,28.390000,28.390000,28.390000,28.390000
11/08/2011,24.570000,24.570000,24.570000,24.570000
11/09/2011,38.140000,38.140000,38.140000,38.140000
11/10/2011,32.130000,32.130000,32.130000,32.130000
11/11/2011,28.030000,28.030000,28.030000,28.030000
11/14/2011,31.230000,31.230000,31.230000,31.230000
11/15/2011,31.570000,31.570000,31.570000,31.570000
11/16/2011,34.120000,34.120000,34.120000,34.120000
11/17/2011,32.620000,32.620000,32.620000,32.620000
11/18/2011,30.260000,30.260000,30.260000,30.260000
11/21/2011,33.340000,33.340000,33.340000,33.340000
11/22/2011,31.030000,31.030000,31.030000,31.030000
11/23/2011,33.600000,33.600000,33.600000,33.600000
11/25/2011,33.950000,33.950000,33.950000,33.950000
11/28/2011,31.880000,31.880000,31.880000,31.880000
11/29/2011,30.400000,30.400000,30.400000,30.400000
11/30/2011,27.430000,27.430000,27.430000,27.430000
12/01/2011,27.000000,27.000000,27.000000,27.000000
12/02/2011,27.780000,27.780000,27.780000,27.780000
12/05/2011,28.840000,28.840000,28.840000,28.840000
12/06/2011,28.500000,28.500000,28.500000,28.500000
12/07/2011,30.190000,30.190000,30.190000,30.190000
12/08/2011,31.620000,31.620000,31.620000,31.620000
12/09/2011,24.440000,24.440000,24.440000,24.440000
12/12/2011,25.990000,25.990000,25.990000,25.990000
12/13/2011,25.630000,25.630000,25.630000,25.630000
12/14/2011,25.620000,25.620000,25.620000,25.620000
12/15/2011,24.070000,24.070000,24.070000,24.070000
12/16/2011,22.760000,22.760000,22.760000,22.760000
12/19/2011,23.160000,23.160000,23.160000,23.160000
12/20/2011,21.550000,21.550000,21.550000,21.550000
12/21/2011,20.620000,20.620000,20.620000,20.620000
12/22/2011,19.720000,19.720000,19.720000,19.720000
12/23/2011,17.810000,17.810000,17.810000,17.810000
12/27/2011,20.600000,20.600000,20.600000,20.600000
12/28/2011,22.420000,22.420000,22.420000,22.420000
12/29/2011,19.420000,19.420000,19.420000,19.420000
12/30/2011,19.360000,19.360000,19.360000,19.360000
01/03/2012,20.630000,20.630000,20.630000,20.630000
01/04/2012,19.320000,19.320000,19.320000,19.320000
01/05/2012,18.250000,18.250000,18.250000,18.250000
01/06/2012,17.010000,17.010000,17.010000,17.010000
01/09/2012,17.610000,17.610000,17.610000,17.610000
01/10/2012,17.480000,17.480000,17.480000,17.480000
01/11/2012,17.120000,17.120000,17.120000,17.120000
01/12/2012,16.650000,16.650000,16.650000,16.650000
01/13/2012,17.690000,17.690000,17.690000,17.690000
01/17/2012,22.070000,22.070000,22.070000,22.070000
01/18/2012,20.670000,20.670000,20.670000,20.670000
01/19/2012,17.410000,17.410000,17.410000,17.410000
01/20/2012,16.120000,16.120000,16.120000,16.120000
01/23/2012,18.120000,18.120000,18.120000,18.120000
01/24/2012,18.080000,18.080000,18.080000,18.080000
01/25/2012,17.360000,17.360000,17.360000,17.360000
01/26/2012,16.400000,16.400000,16.400000,16.400000
01/27/2012,16.630000,16.630000,16.630000,16.630000
01/30/2012,18.470000,18.470000,18.470000,18.470000
01/31/2012,18.440000,18.440000,18.440000,18.440000
02/01/2012,16.870000,16.870000,16.870000,16.870000
02/02/2012,15.780000,15.780000,15.780000,15.780000
02/03/2012,15.340000,15.340000,15.340000,15.340000
02/06/2012,16.640000,16.640000,16.640000,16.640000
02/07/2012,16.110000,16.110000,16.110000,16.110000
02/08/2012,16.330000,16.330000,16.330000,16.330000
02/09/2012,16.560000,16.560000,16.560000,16.560000
02/10/2012,19.660000,19.660000,19.660000,19.660000
02/13/2012,18.450000,18.450000,18.450000,18.450000
02/14/2012,19.230000,19.230000,19.230000,19.230000
02/15/2012,21.260000,21.260000,21.260000,21.260000
02/16/2012,17.120000,17.120000,17.120000,17.120000
02/17/2012,16.230000,16.230000,16.230000,16.230000
02/21/2012,17.440000,17.440000,17.440000,17.440000
02/22/2012,17.090000,17.090000,17.090000,17.090000
02/23/2012,14.830000,14.830000,14.830000,14.830000
02/24/2012,15.090000,15.090000,15.090000,15.090000
02/27/2012,16.940000,16.940000,16.940000,16.940000
02/28/2012,16.570000,16.570000,16.570000,16.570000
02/29/2012,16.850000,16.850000,16.850000,16.850000
03/01/2012,15.060000,15.060000,15.060000,15.060000
03/02/2012,14.440000,14.440000,14.440000,14.440000
03/05/2012,15.980000,15.980000,15.980000,15.980000
03/06/2012,20.100000,20.100000,20.100000,20.100000
03/07/2012,17.370000,17.370000,17.370000,17.370000
03/08/2012,16.980000,16.980000,16.980000,16.980000
03/09/2012,15.300000,15.300000,15.300000,15.300000
03/12/2012,15.540000,15.540000,15.540000,15.540000
03/13/2012,16.350000,16.350000,16.350000,16.350000
03/14/2012,16.720000,16.720000,16.720000,16.720000
03/15/2012,14.290000,14.290000,14.290000,14.290000
03/16/2012,13.470000,13.470000,13.470000,13.470000
03/19/2012,14.620000,14.620000,14.620000,14.620000
03/20/2012,15.310000,15.310000,15.310000,15.310000
03/21/2012,15.370000,15.370000,15.370000,15.370000
03/22/2012,15.900000,15.900000,15.900000,15.900000
03/23/2012,14.330000,14.330000,14.330000,14.330000
03/26/2012,14.300000,14.300000,14.300000,14.300000
03/27/2012,15.430000,15.430000,15.430000,15.430000
03/28/2012,14.930000,14.930000,14.930000,14.930000
03/29/2012,14.550000,14.550000,14.550000,14.550000
03/30/2012,14.200000,14.200000,14.200000,14.200000
04/02/2012,14.770000,14.770000,14.770000,14.770000
04/03/2012,14.360000,14.360000,14.360000,14.360000
04/04/2012,12.920000,12.920000,12.920000,12.920000
04/05/2012,14.700000,14.700000,14.700000,14.700000
04/09/2012,17.870000,17.870000,17.870000,17.870000
04/10/2012,19.840000,19.840000,19.840000,19.840000
04/11/2012,18.690000,18.690000,18.690000,18.690000
04/12/2012,15.990000,15.990000,15.990000,15.990000
04/13/2012,19.070000,19.070000,19.070000,19.070000
04/16/2012,20.130000,20.130000,20.130000,20.130000
04/17/2012,18.840000,18.840000,18.840000,18.840000
04/18/2012,18.850000,18.850000,18.850000,18.850000
04/19/2012,18.090000,18.090000,18.090000,18.090000
04/20/2012,16.850000,16.850000,16.850000,16.850000
04/23/2012,19.100000,19.100000,19.100000,19.100000
04/24/2012,17.870000,17.870000,17.870000,17.870000
04/25/2012,16.140000,16.140000,16.140000,16.140000
04/26/2012,14.700000,14.700000,14.700000,14.700000
04/27/2012,14.650000,14.650000,14.650000,14.650000
04/30/2012,16.550000,16.550000,16.550000,16.550000
05/01/2012,15.630000,15.630000,15.630000,15.630000
05/02/2012,16.230000,16.230000,16.230000,16.230000
05/03/2012,16.940000,16.940000,16.940000,16.940000
05/04/2012,18.420000,18.420000,18.420000,18.420000
05/07/2012,18.460000,18.460000,18.460000,18.460000
05/08/2012,19.090000,19.090000,19.090000,19.090000
05/09/2012,20.240000,20.240000,20.240000,20.240000
05/10/2012,18.640000,18.640000,18.640000,18.640000
05/11/2012,20.190000,20.190000,20.190000,20.190000
05/14/2012,22.560000,22.560000,22.560000,22.560000
05/15/2012,22.630000,22.630000,22.630000,22.630000
05/16/2012,22.410000,22.410000,22.410000,22.410000
05/17/2012,25.440000,25.440000,25.440000,25.440000
05/18/2012,26.600000,26.600000,26.600000,26.600000
05/21/2012,21.930000,21.930000,21.930000,21.930000
05/22/2012,22.030000,22.030000,22.030000,22.030000
05/23/2012,21.750000,21.750000,21.750000,21.750000
05/24/2012,19.220000,19.220000,19.220000,19.220000
05/25/2012,19.210000,19.210000,19.210000,19.210000
05/29/2012,19.480000,19.480000,19.480000,19.480000
05/30/2012,23.390000,23.390000,23.390000,23.390000
05/31/2012,22.410000,22.410000,22.410000,22.410000
06/01/2012,26.200000,26.200000,26.200000,26.200000
06/04/2012,24.670000,24.670000,24.670000,24.670000
06/05/2012,23.170000,23.170000,23.170000,23.170000
06/06/2012,19.310000,19.310000,19.310000,19.310000
06/07/2012,19.620000,19.620000,19.620000,19.620000
06/08/2012,19.850000,19.850000,19.850000,19.850000
06/11/2012,26.390000,26.390000,26.390000,26.390000
06/12/2012,24.220000,24.220000,24.220000,24.220000
06/13/2012,26.190000,26.190000,26.190000,26.190000
06/14/2012,25.220000,25.220000,25.220000,25.220000
06/15/2012,24.320000,24.320000,24.320000,24.320000
06/18/2012,19.170000,19.170000,19.170000,19.170000
06/19/2012,19.530000,19.530000,19.530000,19.530000
06/20/2012,17.440000,17.440000,17.440000,17.440000
06/21/2012,20.920000,20.920000,20.920000,20.920000
06/22/2012,17.940000,17.940000,17.940000,17.940000
06/25/2012,20.400000,20.400000,20.400000,20.400000
06/26/2012,18.740000,18.740000,18.740000,18.740000
06/27/2012,17.120000,17.120000,17.120000,17.120000
06/28/2012,18.140000,18.140000,18.140000,18.140000
06/29/2012,15.010000,15.010000,15.010000,15.010000
07/02/2012,15.110000,15.110000,15.110000,15.110000
07/03/2012,14.680000,14.680000,14.680000,14.680000
07/05/2012,15.780000,15.780000,15.780000,15.780000
07/06/2012,15.010000,15.010000,15.010000,15.010000
07/09/2012,17.130000,17.130000,17.130000,17.130000
07/10/2012,18.100000,18.100000,18.100000,18.100000
07/11/2012,17.260000,17.260000,17.260000,17.260000
07/12/2012,18.010000,18.010000,18.010000,18.010000
07/13/2012,14.700000,14.700000,14.700000,14.700000
07/16/2012,16.530000,16.530000,16.530000,16.530000
07/17/2012,15.630000,15.630000,15.630000,15.630000
07/18/2012,15.000000,15.000000,15.000000,15.000000
07/19/2012,14.320000,14.320000,14.320000,14.320000
07/20/2012,15.610000,15.610000,15.610000,15.610000
07/23/2012,19.020000,19.020000,19.020000,19.020000
07/24/2012,21.160000,21.160000,21.160000,21.160000
07/25/2012,19.310000,19.310000,19.310000,19.310000
07/26/2012,17.800000,17.800000,17.800000,17.800000
07/27/2012,16.300000,16.300000,16.300000,16.300000
07/30/2012,18.860000,18.860000,18.860000,18.860000
07/31/2012,19.860000,19.860000,19.860000,19.860000
08/01/2012,20.790000,20.790000,20.790000,20.790000
08/02/2012,16.640000,16.640000,16.640000,16.640000
08/03/2012,14.200000,14.200000,14.200000,14.200000
08/06/2012,14.850000,14.850000,14.850000,14.850000
08/07/2012,14.680000,14.680000,14.680000,14.680000
08/08/2012,13.520000,13.520000,13.520000,13.520000
08/09/2012,13.000000,13.000000,13.000000,13.000000
08/10/2012,12.450000,12.450000,12.450000,12.450000
08/13/2012,13.150000,13.150000,13.150000,13.150000
08/14/2012,13.020000,13.020000,13.020000,13.020000
08/15/2012,12.370000,12.370000,12.370000,12.370000
08/16/2012,12.350000,12.350000,12.350000,12.350000
08/17/2012,11.500000,11.500000,11.500000,11.500000
08/20/2012,12.240000,12.240000,12.240000,12.240000
08/21/2012,13.210000,13.210000,13.210000,13.210000
08/22/2012,13.150000,13.150000,13.150000,13.150000
08/23/2012,13.670000,13.670000,13.670000,13.670000
08/24/2012,13.100000,13.100000,13.100000,13.100000
08/27/2012,14.890000,14.890000,14.890000,14.890000
08/28/2012,15.210000,15.210000,15.210000,15.210000
08/29/2012,15.290000,15.290000,15.290000,15.290000
08/30/2012,16.870000,16.870000,16.870000,16.870000
08/31/2012,15.730000,15.730000,15.730000,15.730000
09/04/2012,17.430000,17.430000,17.430000,17.430000
09/05/2012,17.900000,17.900000,17.900000,17.900000
09/06/2012,14.980000,14.980000,14.980000,14.980000
09/07/2012,13.250000,13.250000,13.250000,13.250000
09/10/2012,16.940000,16.940000,16.940000,16.940000
09/11/2012,16.940000,16.940000,16.940000,16.940000
09/12/2012,15.950000,15.950000,15.950000,15.950000
09/13/2012,14.460000,14.460000,14.460000,14.460000
09/14/2012,14.120000,14.120000,14.120000,14.120000
09/17/2012,14.100000,14.100000,14.100000,14.100000
09/18/2012,13.440000,13.440000,13.440000,13.440000
09/19/2012,13.070000,13.070000,13.070000,13.070000
09/20/2012,12.890000,12.890000,12.890000,12.890000
09/21/2012,13.220000,13.220000,13.220000,13.220000
09/24/2012,13.230000,13.230000,13.230000,13.230000
09/25/2012,14.800000,14.800000,14.800000,14.800000
09/26/2012,16.440000,16.440000,16.440000,16.440000
09/27/2012,14.050000,14.050000,14.050000,14.050000
09/28/2012,15.240000,15.240000,15.240000,15.240000
10/01/2012,15.630000,15.630000,15.630000,15.630000
10/02/2012,14.560000,14.560000,14.560000,14.560000
10/03/2012,14.110000,14.110000,14.110000,14.110000
10/04/2012,13.430000,13.430000,13.430000,13.430000
10/05/2012,12.230000,12.230000,12.230000,12.230000
10/08/2012,14.170000,14.170000,14.170000,14.170000
10/09/2012,15.980000,15.980000,15.980000,15.980000
10/10/2012,15.930000,15.930000,15.930000,15.930000
10/11/2012,14.470000,14.470000,14.470000,14.470000
10/12/2012,15.490000,15.490000,15.490000,15.490000
10/15/2012,14.320000,14.320000,14.320000,14.320000
10/16/2012,13.570000,13.570000,13.570000,13.570000
10/17/2012,13.220000,13.220000,13.220000,13.220000
10/18/2012,13.650000,13.650000,13.650000,13.650000
10/19/2012,17.640000,17.640000,17.640000,17.640000
10/22/2012,16.780000,16.780000,16.780000,16.780000
10/23/2012,20.610000,20.610000,20.610000,20.610000
10/24/2012,18.940000,18.940000,18.940000,18.940000
10/25/2012,18.270000,18.270000,18.270000,18.270000
10/26/2012,16.800000,16.800000,16.800000,16.800000
10/31/2012,19.150000,19.150000,19.150000,19.150000
11/01/2012,17.350000,17.350000,17.350000,17.350000
11/02/2012,18.510000,18.510000,18.510000,18.510000
11/05/2012,20.450000,20.450000,20.450000,20.450000
11/06/2012,19.300000,19.300000,19.300000,19.300000
11/07/2012,19.870000,19.870000,19.870000,19.870000
11/08/2012,18.180000,18.180000,18.180000,18.180000
11/09/2012,18.500000,18.500000,18.500000,18.500000
11/12/2012,16.270000,16.270000,16.270000,16.270000
11/13/2012,16.250000,16.250000,16.250000,16.250000
11/14/2012,18.670000,18.670000,18.670000,18.670000
11/15/2012,18.930000,18.930000,18.930000,18.930000
11/16/2012,17.060000,17.060000,17.060000,17.060000
11/19/2012,15.570000,15.570000,15.570000,15.570000
11/20/2012,15.240000,15.240000,15.240000,15.240000
11/21/2012,15.330000,15.330000,15.330000,15.330000
11/23/2012,15.250000,15.250000,15.250000,15.250000
11/26/2012,16.010000,16.010000,16.010000,16.010000
11/27/2012,16.120000,16.120000,16.120000,16.120000
11/28/2012,15.720000,15.720000,15.720000,15.720000
11/29/2012,15.200000,15.200000,15.200000,15.200000
11/30/2012,15.810000,15.810000,15.810000,15.810000
12/03/2012,17.100000,17.100000,17.100000,17.100000
12/04/2012,17.190000,17.190000,17.190000,17.190000
12/05/2012,15.980000,15.980000,15.980000,15.980000
12/06/2012,15.950000,15.950000,15.950000,15.950000
12/07/2012,15.250000,15.250000,15.250000,15.250000
12/10/2012,15.160000,15.160000,15.160000,15.160000
12/11/2012,15.210000,15.210000,15.210000,15.210000
12/12/2012,15.260000,15.260000,15.260000,15.260000
12/13/2012,15.770000,15.770000,15.770000,15.770000
12/14/2012,16.490000,16.490000,16.490000,16.490000
12/17/2012,16.570000,16.570000,16.570000,16.570000
12/18/2012,16.220000,16.220000,16.220000,16.220000
12/19/2012,18.470000,18.470000,18.470000,18.470000
12/20/2012,19.040000,19.040000,19.040000,19.040000
12/21/2012,18.200000,18.200000,18.200000,18.200000
12/24/2012,20.120000,20.120000,20.120000,20.120000
12/26/2012,21.480000,21.480000,21.480000,21.480000
12/27/2012,21.680000,21.680000,21.680000,21.680000
12/28/2012,26.930000,26.930000,26.930000,26.930000
12/31/2012,20.270000,20.270000,20.270000,20.270000
01/02/2013,12.940000,12.940000,12.940000,12.940000
01/03/2013,13.300000,13.300000,13.300000,13.300000
01/04/2013,11.620000,11.620000,11.620000,11.620000
01/07/2013,11.990000,11.990000,11.990000,11.990000
01/08/2013,11.760000,11.760000,11.760000,11.760000
01/09/2013,11.600000,11.600000,11.600000,11.600000
01/10/2013,11.170000,11.170000,11.170000,11.170000
01/11/2013,11.220000,11.220000,11.220000,11.220000
01/14/2013,12.150000,12.150000,12.150000,12.150000
01/15/2013,12.050000,12.050000,12.050000,12.050000
01/16/2013,11.830000,11.830000,11.830000,11.830000
01/17/2013,12.390000,12.390000,12.390000,12.390000
01/18/2013,10.900000,10.900000,10.900000,10.900000
01/22/2013,11.210000,11.210000,11.210000,11.210000
01/23/2013,11.040000,11.040000,11.040000,11.040000
01/24/2013,11.120000,11.120000,11.120000,11.120000
01/25/2013,11.630000,11.630000,11.630000,11.630000
01/28/2013,13.010000,13.010000,13.010000,13.010000
01/29/2013,13.160000,13.160000,13.160000,13.160000
01/30/2013,14.240000,14.240000,14.240000,14.240000
01/31/2013,14.030000,14.030000,14.030000,14.030000
02/01/2013,10.850000,10.850000,10.850000,10.850000
02/04/2013,14.250000,14.250000,14.250000,14.250000
02/05/2013,12.780000,12.780000,12.780000,12.780000
02/06/2013,12.040000,12.040000,12.040000,12.040000
02/07/2013,12.030000,12.030000,12.030000,12.030000
02/08/2013,11.380000,11.380000,11.380000,11.380000
02/11/2013,11.860000,11.860000,11.860000,11.860000
02/12/2013,11.050000,11.050000,11.050000,11.050000
02/13/2013,11.090000,11.090000,11.090000,11.090000
02/14/2013,10.810000,10.810000,10.810000,10.810000
02/15/2013,10.790000,10.790000,10.790000,10.790000
02/19/2013,11.430000,11.430000,11.430000,11.430000
02/20/2013,15.360000,15.360000,15.360000,15.360000
02/21/2013,16.010000,16.010000,16.010000,16.010000
02/22/2013,14.580000,14.580000,14.580000,14.580000
02/25/2013,21.870000,21.870000,21.870000,21.870000
02/26/2013,18.110000,18.110000,18.110000,18.110000
02/27/2013,14.910000,14.910000,14.910000,14.910000
02/28/2013,15.990000,15.990000,15.990000,15.990000
03/01/2013,14.550000,14.550000,14.550000,14.550000
03/04/2013,12.930000,12.930000,12.930000,12.930000
03/05/2013,12.540000,12.540000,12.540000,12.540000
03/06/2013,12.220000,12.220000,12.220000,12.220000
03/07/2013,11.690000,11.690000,11.690000,11.690000
03/08/2013,10.770000,10.770000,10.770000,10.770000
03/11/2013,11.250000,11.250000,11.250000,11.250000
03/12/2013,12.480000,12.480000,12.480000,12.480000
03/13/2013,11.420000,11.420000,11.420000,11.420000
03/14/2013,11.080000,11.080000,11.080000,11.080000
03/15/2013,10.500000,10.500000,10.500000,10.500000
03/18/2013,13.460000,13.460000,13.460000,13.460000
03/19/2013,14.840000,14.840000,14.840000,14.840000
03/20/2013,13.650000,13.650000,13.650000,13.650000
03/21/2013,16.010000,16.010000,16.010000,16.010000
03/22/2013,15.230000,15.230000,15.230000,15.230000
03/25/2013,14.220000,14.220000,14.220000,14.220000
03/26/2013,11.750000,11.750000,11.750000,11.750000
03/27/2013,12.290000,12.290000,12.290000,12.290000
03/28/2013,11.030000,11.030000,11.030000,11.030000
04/01/2013,12.970000,12.970000,12.970000,12.970000
04/02/2013,11.620000,11.620000,11.620000,11.620000
04/03/2013,14.300000,14.300000,14.300000,14.300000
04/04/2013,13.620000,13.620000,13.620000,13.620000
04/05/2013,13.590000,13.590000,13.590000,13.590000
04/08/2013,13.150000,13.150000,13.150000,13.150000
04/09/2013,12.420000,12.420000,12.420000,12.420000
04/10/2013,11.470000,11.470000,11.470000,11.470000
04/11/2013,11.050000,11.050000,11.050000,11.050000
04/12/2013,11.370000,11.370000,11.370000,11.370000
04/15/2013,20.670000,20.670000,20.670000,20.670000
04/16/2013,14.410000,14.410000,14.410000,14.410000
04/17/2013,18.770000,18.770000,18.770000,18.770000
04/18/2013,19.300000,19.300000,19.300000,19.300000
04/19/2013,15.250000,15.250000,15.250000,15.250000
04/22/2013,14.850000,14.850000,14.850000,14.850000
04/23/2013,13.090000,13.090000,13.090000,13.090000
04/24/2013,13.320000,13.320000,13.320000,13.320000
04/25/2013,13.000000,13.000000,13.000000,13.000000
04/26/2013,12.850000,12.850000,12.850000,12.850000
04/29/2013,13.500000,13.500000,13.500000,13.500000
04/30/2013,13.370000,13.370000,13.370000,13.370000
05/01/2013,15.030000,15.030000,15.030000,15.030000
05/02/2013,13.030000,13.030000,13.030000,13.030000
05/03/2013,11.680000,11.680000,11.680000,11.680000
05/06/2013,11.640000,11.640000,11.640000,11.640000
05/07/2013,11.730000,11.730000,11.730000,11.730000
05/08/2013,11.270000,11.270000,11.270000,11.270000
05/09/2013,11.970000,11.970000,11.970000,11.970000
05/10/2013,11.150000,11.150000,11.150000,11.150000
05/13/2013,13.080000,13.080000,13.080000,13.080000
05/14/2013,13.330000,13.330000,13.330000,13.330000
05/15/2013,13.630000,13.630000,13.630000,13.630000
05/16/2013,13.270000,13.270000,13.270000,13.270000
05/17/2013,12.600000,12.600000,12.600000,12.600000
05/20/2013,13.140000,13.140000,13.140000,13.140000
05/21/2013,13.560000,13.560000,13.560000,13.560000
05/22/2013,14.050000,14.050000,14.050000,14.050000
05/23/2013,14.070000,14.070000,14.070000,14.070000
05/24/2013,13.190000,13.190000,13.190000,13.190000
05/28/2013,15.600000,15.600000,15.600000,15.600000
05/29/2013,15.760000,15.760000,15.760000,15.760000
05/30/2013,14.690000,14.690000,14.690000,14.690000
05/31/2013,16.700000,16.700000,16.700000,16.700000
06/03/2013,17.240000,17.240000,17.240000,17.240000
06/04/2013,16.890000,16.890000,16.890000,16.890000
06/05/2013,18.540000,18.540000,18.540000,18.540000
06/06/2013,17.250000,17.250000,17.250000,17.250000
06/07/2013,14.210000,14.210000,14.210000,14.210000
06/10/2013,15.160000,15.160000,15.160000,15.160000
06/11/2013,17.470000,17.470000,17.470000,17.470000
06/12/2013,19.100000,19.100000,19.100000,19.100000
06/13/2013,15.620000,15.620000,15.620000,15.620000
06/14/2013,16.900000,16.900000,16.900000,16.900000
06/17/2013,17.240000,17.240000,17.240000,17.240000
06/18/2013,17.620000,17.620000,17.620000,17.620000
06/19/2013,17.620000,17.620000,17.620000,17.620000
06/20/2013,23.400000,23.400000,23.400000,23.400000
06/21/2013,20.560000,20.560000,20.560000,20.560000
06/24/2013,22.320000,22.320000,22.320000,22.320000
06/25/2013,18.980000,18.980000,18.980000,18.980000
06/26/2013,17.020000,17.020000,17.020000,17.020000
06/27/2013,16.100000,16.100000,16.100000,16.100000
06/28/2013,15.980000,15.980000,15.980000,15.980000
07/01/2013,16.070000,16.070000,16.070000,16.070000
07/02/2013,15.560000,15.560000,15.560000,15.560000
07/03/2013,15.940000,15.940000,15.940000,15.940000
07/05/2013,13.080000,13.080000,13.080000,13.080000
07/08/2013,14.220000,14.220000,14.220000,14.220000
07/09/2013,13.450000,13.450000,13.450000,13.450000
07/10/2013,13.510000,13.510000,13.510000,13.510000
07/11/2013,13.040000,13.040000,13.040000,13.040000
07/12/2013,12.330000,12.330000,12.330000,12.330000
07/15/2013,13.050000,13.050000,13.050000,13.050000
07/16/2013,13.620000,13.620000,13.620000,13.620000
07/17/2013,12.570000,12.570000,12.570000,12.570000
07/18/2013,12.480000,12.480000,12.480000,12.480000
07/19/2013,11.610000,11.610000,11.610000,11.610000
07/22/2013,11.790000,11.790000,11.790000,11.790000
07/23/2013,12.580000,12.580000,12.580000,12.580000
07/24/2013,13.130000,13.130000,13.130000,13.130000
07/25/2013,12.820000,12.820000,12.820000,12.820000
07/26/2013,11.970000,11.970000,11.970000,11.970000
07/29/2013,13.230000,13.230000,13.230000,13.230000
07/30/2013,13.530000,13.530000,13.530000,13.530000
07/31/2013,13.330000,13.330000,13.330000,13.330000
08/01/2013,12.250000,12.250000,12.250000,12.250000
08/02/2013,10.200000,10.200000,10.200000,10.200000
08/05/2013,10.610000,10.610000,10.610000,10.610000
08/06/2013,11.800000,11.800000,11.800000,11.800000
08/07/2013,11.950000,11.950000,11.950000,11.950000
08/08/2013,11.520000,11.520000,11.520000,11.520000
08/09/2013,13.230000,13.230000,13.230000,13.230000
08/12/2013,13.680000,13.680000,13.680000,13.680000
08/13/2013,12.670000,12.670000,12.670000,12.670000
08/14/2013,13.280000,13.280000,13.280000,13.280000
08/15/2013,16.430000,16.430000,16.430000,16.430000
08/16/2013,15.710000,15.710000,15.710000,15.710000
08/19/2013,15.490000,15.490000,15.490000,15.490000
08/20/2013,14.270000,14.270000,14.270000,14.270000
08/21/2013,15.210000,15.210000,15.210000,15.210000
08/22/2013,12.990000,12.990000,12.990000,12.990000
08/23/2013,11.820000,11.820000,11.820000,11.820000
08/26/2013,13.930000,13.930000,13.930000,13.930000
08/27/2013,16.040000,16.040000,16.040000,16.040000
08/28/2013,15.470000,15.470000,15.470000,15.470000
08/29/2013,15.410000,15.410000,15.410000,15.410000
08/30/2013,15.870000,15.870000,15.870000,15.870000
09/03/2013,15.970000,15.970000,15.970000,15.970000
09/04/2013,14.280000,14.280000,14.280000,14.280000
09/05/2013,14.380000,14.380000,14.380000,14.380000
09/06/2013,14.570000,14.570000,14.570000,14.570000
09/09/2013,15.010000,15.010000,15.010000,15.010000
09/10/2013,13.350000,13.350000,13.350000,13.350000
09/11/2013,12.310000,12.310000,12.310000,12.310000
09/12/2013,13.030000,13.030000,13.030000,13.030000
09/13/2013,12.600000,12.600000,12.600000,12.600000
09/16/2013,14.040000,14.040000,14.040000,14.040000
09/17/2013,14.490000,14.490000,14.490000,14.490000
09/18/2013,13.400000,13.400000,13.400000,13.400000
09/19/2013,12.030000,12.030000,12.030000,12.030000
09/20/2013,12.420000,12.420000,12.420000,12.420000
09/23/2013,13.970000,13.970000,13.970000,13.970000
09/24/2013,13.750000,13.750000,13.750000,13.750000
09/25/2013,13.790000,13.790000,13.790000,13.790000
09/26/2013,14.120000,14.120000,14.120000,14.120000
09/27/2013,16.220000,16.220000,16.220000,16.220000
09/30/2013,17.730000,17.730000,17.730000,17.730000
10/01/2013,14.670000,14.670000,14.670000,14.670000
10/02/2013,15.810000,15.810000,15.810000,15.810000
10/03/2013,17.580000,17.580000,17.580000,17.580000
10/04/2013,16.620000,16.620000,16.620000,16.620000
10/07/2013,20.950000,20.950000,20.180000,20.180000
10/08/2013,21.870000,21.870000,21.870000,21.870000
10/09/2013,20.390000,20.390000,20.390000,20.390000
10/10/2013,17.340000,17.340000,17.340000,17.340000
10/11/2013,16.800000,16.800000,16.800000,16.800000
10/14/2013,19.100000,19.100000,19.100000,19.100000
10/15/2013,23.540000,23.540000,23.540000,23.540000
10/16/2013,16.180000,16.180000,16.180000,16.180000
10/17/2013,12.930000,12.930000,12.930000,12.930000
10/18/2013,12.910000,12.910000,12.910000,12.910000
10/21/2013,12.790000,12.790000,12.790000,12.790000
10/22/2013,12.730000,12.730000,12.730000,12.730000
10/23/2013,12.370000,12.370000,12.370000,12.370000
10/24/2013,11.950000,11.950000,11.950000,11.950000
10/25/2013,11.590000,11.590000,11.590000,11.590000
10/28/2013,12.030000,12.030000,12.030000,12.030000
10/29/2013,12.570000,12.570000,12.570000,12.570000
10/30/2013,12.980000,12.980000,12.980000,12.980000
10/31/2013,12.620000,12.620000,12.620000,12.620000
11/01/2013,12.100000,12.100000,12.100000,12.100000
11/04/2013,11.810000,11.810000,11.810000,11.810000
11/05/2013,12.140000,12.140000,12.140000,12.140000
11/06/2013,11.610000,11.610000,11.610000,11.610000
11/07/2013,13.190000,13.190000,13.190000,13.190000
11/08/2013,11.970000,11.970000,11.970000,11.970000
11/11/2013,12.630000,12.630000,12.630000,12.630000
11/12/2013,13.020000,13.020000,13.020000,13.020000
11/13/2013,12.750000,12.750000,12.750000,12.750000
11/14/2013,11.690000,11.690000,11.690000,11.690000
11/15/2013,11.160000,11.160000,11.160000,11.160000
11/18/2013,11.610000,12.510000,11.010000,11.800000
11/19/2013,11.900000,12.650000,11.690000,11.870000
11/20/2013,11.760000,12.350000,9.750000,12.030000
11/21/2013,11.980000,11.980000,10.710000,10.710000
11/22/2013,10.700000,11.000000,10.270000,10.340000
11/25/2013,11.670000,11.970000,11.190000,11.520000
11/26/2013,11.360000,11.940000,11.130000,11.550000
11/27/2013,11.350000,11.920000,11.040000,11.660000
11/29/2013,11.790000,13.590000,11.790000,13.590000
12/02/2013,13.990000,14.650000,13.610000,14.300000
12/03/2013,15.070000,15.680000,14.430000,14.680000
12/04/2013,15.240000,16.720000,13.990000,14.710000
12/05/2013,15.220000,16.070000,14.790000,15.420000
12/06/2013,13.320000,13.330000,12.690000,12.700000
12/09/2013,14.160000,14.260000,13.500000,13.520000
12/10/2013,14.200000,14.870000,14.010000,14.650000
12/11/2013,14.870000,17.370000,14.860000,17.360000
12/12/2013,17.430000,17.810000,16.240000,16.610000
12/13/2013,16.000000,17.260000,15.780000,17.230000
12/16/2013,17.150000,17.330000,16.750000,17.120000
12/17/2013,17.000000,17.650000,16.360000,17.060000
12/18/2013,17.030000,17.940000,12.640000,12.950000
12/19/2013,11.970000,12.890000,11.350000,12.780000
12/20/2013,11.350000,12.910000,11.160000,12.730000
12/23/2013,12.730000,12.960000,11.920000,12.230000
12/24/2013,11.600000,11.780000,11.110000,11.110000
12/26/2013,11.490000,11.670000,10.600000,10.920000
12/27/2013,11.120000,12.200000,11.120000,11.480000
12/30/2013,12.510000,13.230000,12.500000,12.990000
12/31/2013,12.890000,14.670000,12.740000,13.750000
01/02/2014,14.520000,14.870000,13.820000,13.830000
01/03/2014,13.590000,13.630000,12.170000,12.170000
01/06/2014,12.460000,13.530000,12.040000,12.510000
01/07/2014,12.660000,12.710000,11.390000,11.570000
01/08/2014,11.950000,12.080000,11.590000,11.620000
01/09/2014,11.670000,12.270000,11.550000,11.750000
01/10/2014,10.950000,11.550000,9.970000,9.970000
01/13/2014,11.360000,13.760000,10.970000,13.090000
01/14/2014,12.620000,12.620000,11.110000,11.310000
01/15/2014,10.860000,11.160000,10.470000,10.640000
01/16/2014,11.050000,11.490000,10.820000,11.090000
01/17/2014,10.900000,11.760000,10.500000,11.460000
01/21/2014,12.030000,13.540000,12.030000,12.460000
01/22/2014,12.230000,12.960000,12.110000,12.300000
01/23/2014,13.510000,15.670000,13.510000,14.210000
01/24/2014,15.930000,21.170000,15.830000,20.840000
01/27/2014,19.960000,21.850000,18.420000,19.040000
01/28/2014,18.980000,18.980000,17.050000,17.290000
01/29/2014,20.760000,21.060000,17.570000,19.400000
01/30/2014,17.700000,18.370000,16.310000,17.950000
01/31/2014,20.020000,20.110000,17.730000,19.320000
02/03/2014,20.390000,24.230000,18.910000,23.950000
02/04/2014,21.780000,21.910000,19.360000,20.370000
02/05/2014,21.230000,22.970000,20.350000,21.300000
02/06/2014,20.140000,20.140000,18.030000,18.670000
02/07/2014,16.180000,16.540000,14.360000,14.510000
02/10/2014,15.110000,15.310000,13.770000,14.220000
02/11/2014,14.290000,14.290000,12.450000,13.040000
02/12/2014,12.860000,13.380000,12.410000,12.670000
02/13/2014,14.270000,14.270000,11.960000,12.060000
02/14/2014,12.140000,12.140000,10.760000,10.840000
02/18/2014,12.740000,13.300000,12.070000,12.180000
02/19/2014,12.690000,14.070000,12.150000,13.900000
02/20/2014,13.680000,14.360000,13.120000,13.250000
02/21/2014,13.080000,13.390000,12.600000,13.040000
02/24/2014,14.320000,14.320000,13.240000,13.550000
02/25/2014,13.340000,14.440000,12.810000,12.860000
02/26/2014,12.930000,13.840000,12.490000,13.270000
02/27/2014,13.440000,13.760000,12.420000,12.420000
02/28/2014,12.740000,14.210000,12.110000,13.030000
03/03/2014,17.120000,17.740000,15.270000,16.210000
03/04/2014,13.560000,13.690000,12.840000,13.220000
03/05/2014,13.180000,13.520000,12.490000,12.490000
03/06/2014,12.490000,13.320000,12.490000,13.080000
03/07/2014,12.090000,13.720000,12.090000,12.740000
03/10/2014,14.570000,15.030000,13.110000,13.140000
03/11/2014,13.400000,14.570000,12.770000,14.130000
03/12/2014,15.350000,15.760000,13.840000,13.850000
03/13/2014,13.790000,18.160000,13.650000,17.210000
03/14/2014,18.300000,21.440000,17.200000,20.640000
03/17/2014,18.340000,18.340000,15.870000,15.870000
03/18/2014,15.350000,15.540000,13.500000,14.230000
03/19/2014,14.260000,16.360000,11.790000,15.000000
03/20/2014,15.290000,15.640000,14.150000,14.220000
03/21/2014,12.920000,15.120000,12.650000,14.700000
03/24/2014,14.880000,17.440000,14.720000,15.300000
03/25/2014,13.940000,15.400000,13.240000,13.870000
03/26/2014,13.230000,15.760000,13.100000,15.560000
03/27/2014,15.330000,16.460000,14.870000,15.170000
03/28/2014,14.280000,15.310000,13.600000,14.410000
03/31/2014,14.090000,14.330000,13.270000,13.750000
04/01/2014,13.090000,13.340000,12.240000,12.290000
04/02/2014,12.390000,12.630000,11.880000,12.130000
04/03/2014,12.070000,12.780000,11.910000,12.530000
04/04/2014,11.630000,14.330000,11.310000,13.180000
04/07/2014,15.210000,17.120000,14.580000,16.080000
04/08/2014,16.160000,17.030000,14.370000,14.510000
04/09/2014,14.470000,15.070000,12.480000,12.690000
04/10/2014,13.150000,17.360000,12.730000,16.500000
04/11/2014,17.970000,18.740000,16.270000,17.640000
04/14/2014,16.440000,17.910000,15.950000,16.000000
04/15/2014,16.050000,18.310000,15.030000,15.030000
04/16/2014,14.070000,15.200000,13.300000,13.520000
04/17/2014,13.300000,13.550000,11.300000,11.680000
04/21/2014,14.030000,14.140000,12.940000,12.990000
04/22/2014,12.810000,13.110000,12.440000,12.510000
04/23/2014,12.690000,13.410000,12.610000,12.670000
04/24/2014,12.760000,14.160000,12.760000,13.270000
04/25/2014,14.070000,15.440000,13.420000,13.940000
04/28/2014,14.330000,16.480000,13.870000,14.080000
04/29/2014,13.890000,14.640000,13.390000,13.630000
04/30/2014,14.100000,14.370000,12.630000,12.730000
05/01/2014,12.880000,13.080000,11.930000,12.580000
05/02/2014,12.320000,12.660000,11.190000,11.230000
05/05/2014,13.420000,13.780000,11.930000,12.250000
05/06/2014,12.830000,13.230000,12.130000,13.190000
05/07/2014,12.700000,14.390000,12.530000,12.820000
05/08/2014,13.030000,13.260000,12.010000,12.510000
05/09/2014,12.610000,13.340000,11.060000,11.170000
05/12/2014,11.610000,11.870000,10.980000,11.200000
05/13/2014,11.350000,11.410000,10.500000,10.750000
05/14/2014,10.880000,11.510000,10.440000,11.160000
05/15/2014,11.380000,14.090000,11.380000,13.350000
05/16/2014,12.620000,13.780000,10.950000,11.000000
05/19/2014,12.500000,12.610000,10.960000,11.010000
05/20/2014,11.240000,12.730000,10.910000,12.210000
05/21/2014,11.180000,11.420000,10.430000,10.470000
05/22/2014,10.390000,10.860000,9.970000,10.270000
05/23/2014,10.420000,10.550000,9.470000,9.490000
05/27/2014,10.950000,11.430000,10.560000,10.650000
05/28/2014,10.810000,11.200000,10.460000,10.580000
05/29/2014,10.450000,10.900000,10.310000,10.310000
05/30/2014,10.430000,10.580000,9.720000,9.730000
06/02/2014,10.570000,11.340000,9.910000,10.470000
06/03/2014,10.820000,11.130000,10.160000,11.010000
06/04/2014,11.290000,11.740000,11.130000,11.590000
06/05/2014,11.520000,11.850000,10.380000,10.880000
06/06/2014,9.940000,10.150000,9.250000,9.250000
06/09/2014,10.480000,10.540000,9.750000,9.770000
06/10/2014,10.220000,10.450000,9.460000,9.520000
06/11/2014,10.230000,10.600000,9.840000,10.450000
06/12/2014,10.630000,12.510000,10.500000,11.990000
06/13/2014,11.900000,12.230000,11.390000,11.480000
06/16/2014,12.980000,13.150000,12.090000,12.540000
06/17/2014,12.780000,12.930000,12.050000,12.680000
06/18/2014,12.860000,12.900000,10.500000,10.550000
06/19/2014,10.180000,10.410000,9.500000,10.070000
06/20/2014,9.820000,10.530000,9.690000,10.330000
06/23/2014,11.380000,11.620000,9.030000,10.270000
06/24/2014,10.370000,12.630000,9.510000,12.010000
06/25/2014,12.680000,12.700000,10.790000,11.110000
06/26/2014,11.040000,12.790000,11.000000,11.260000
06/27/2014,11.310000,11.670000,10.560000,10.650000
06/30/2014,11.320000,11.670000,10.690000,11.170000
07/01/2014,10.600000,10.700000,9.890000,10.050000
07/02/2014,10.010000,10.170000,9.250000,9.420000
07/03/2014,8.520000,9.400000,8.440000,8.540000
07/07/2014,9.560000,10.640000,9.560000,10.470000
07/08/2014,10.850000,12.630000,10.500000,11.640000
07/09/2014,11.210000,11.640000,10.450000,10.480000
07/10/2014,13.530000,13.580000,11.540000,12.080000
07/11/2014,11.910000,12.390000,11.090000,11.150000
07/14/2014,11.020000,11.260000,10.480000,10.620000
07/15/2014,10.420000,11.960000,10.260000,11.080000
07/16/2014,9.970000,10.790000,9.810000,10.260000
07/17/2014,11.070000,17.470000,9.490000,16.230000
07/18/2014,13.500000,14.120000,11.990000,12.050000
07/21/2014,13.900000,14.650000,12.700000,12.950000
07/22/2014,11.490000,11.790000,11.190000,11.540000
07/23/2014,10.990000,11.730000,10.760000,10.830000
07/24/2014,10.490000,11.280000,10.490000,10.880000
07/25/2014,11.170000,12.310000,11.170000,11.840000
07/28/2014,12.980000,14.220000,11.780000,12.020000
07/29/2014,11.580000,13.650000,10.960000,13.470000
07/30/2014,12.380000,14.970000,12.260000,13.290000
07/31/2014,15.100000,19.990000,14.830000,19.590000
08/01/2014,18.900000,20.060000,16.950000,19.010000
08/04/2014,18.080000,18.400000,14.150000,14.870000
08/05/2014,15.720000,18.000000,14.740000,17.180000
08/06/2014,17.880000,17.940000,15.310000,16.250000
08/07/2014,15.260000,18.180000,14.940000,16.760000
08/08/2014,17.090000,17.570000,15.310000,15.390000
08/11/2014,15.690000,15.710000,13.950000,14.840000
08/12/2014,15.200000,15.440000,14.350000,14.490000
08/13/2014,13.330000,13.840000,12.510000,12.630000
08/14/2014,12.310000,12.740000,11.770000,12.290000
08/15/2014,11.560000,17.060000,11.550000,14.340000
08/18/2014,13.600000,13.690000,11.860000,12.070000
08/19/2014,11.580000,11.970000,10.900000,11.000000
08/20/2014,11.200000,11.310000,10.320000,10.800000
08/21/2014,11.040000,11.400000,10.770000,10.940000
08/22/2014,11.010000,12.200000,10.080000,10.080000
08/25/2014,10.260000,10.740000,10.100000,10.420000
08/26/2014,10.300000,10.510000,9.850000,10.140000
08/27/2014,9.990000,10.450000,9.810000,9.890000
08/28/2014,10.810000,11.460000,10.270000,10.340000
08/29/2014,10.230000,11.110000,9.890000,10.000000
09/02/2014,10.800000,11.430000,10.200000,10.320000
09/03/2014,9.850000,11.030000,9.850000,10.830000
09/04/2014,10.870000,12.310000,10.220000,11.800000
09/05/2014,11.200000,12.200000,10.260000,10.270000
09/08/2014,12.420000,12.550000,11.660000,12.050000
09/09/2014,12.720000,14.080000,12.210000,13.330000
09/10/2014,13.940000,14.640000,12.710000,12.740000
09/11/2014,14.150000,14.160000,12.050000,12.070000
09/12/2014,12.150000,15.090000,12.150000,13.280000
09/15/2014,14.580000,15.710000,14.560000,15.270000
09/16/2014,16.250000,16.290000,13.120000,13.210000
09/17/2014,13.100000,14.040000,10.620000,11.810000
09/18/2014,11.320000,11.520000,10.850000,11.050000
09/19/2014,10.090000,11.560000,10.020000,10.410000
09/22/2014,12.390000,14.150000,12.390000,13.460000
09/23/2014,15.060000,15.700000,13.590000,15.600000
09/24/2014,14.830000,15.640000,12.560000,12.890000
09/25/2014,13.620000,17.850000,13.570000,15.940000
09/26/2014,15.820000,16.460000,13.460000,15.040000
09/29/2014,19.240000,19.400000,15.620000,16.110000
09/30/2014,15.860000,17.360000,14.960000,16.760000
10/01/2014,16.920000,18.670000,16.160000,16.720000
10/02/2014,16.910000,18.640000,15.730000,15.930000
10/03/2014,14.430000,15.040000,13.810000,13.860000
10/06/2014,14.120000,16.140000,13.990000,15.310000
10/07/2014,16.390000,17.850000,15.840000,16.900000
10/08/2014,17.930000,18.620000,14.570000,14.590000
10/09/2014,15.500000,22.550000,15.120000,21.620000
10/10/2014,20.430000,23.040000,18.650000,21.950000
10/13/2014,23.290000,27.250000,21.410000,27.220000
10/14/2014,26.160000,26.930000,23.150000,24.610000
10/15/2014,30.180000,39.620000,26.950000,31.120000
10/16/2014,35.600000,35.630000,29.270000,30.480000
10/17/2014,25.290000,26.980000,22.370000,23.810000
10/20/2014,25.820000,25.960000,19.380000,19.450000
10/21/2014,18.130000,18.300000,16.380000,16.380000
10/22/2014,16.570000,19.490000,15.880000,18.360000
10/23/2014,15.770000,17.720000,15.290000,16.120000
10/24/2014,16.520000,17.880000,14.760000,14.760000
10/27/2014,17.930000,18.540000,16.010000,16.090000
10/28/2014,15.970000,16.020000,14.390000,14.390000
10/29/2014,15.000000,17.060000,14.230000,14.900000
10/30/2014,15.120000,15.700000,11.560000,14.000000
10/31/2014,13.800000,15.020000,13.640000,13.800000
11/03/2014,14.550000,15.360000,14.310000,14.770000
11/04/2014,15.020000,15.970000,14.730000,14.810000
11/05/2014,13.900000,14.550000,13.280000,13.350000
11/06/2014,13.710000,14.450000,12.650000,12.650000
11/07/2014,12.540000,13.160000,11.090000,11.130000
11/10/2014,11.650000,13.030000,11.320000,11.320000
11/11/2014,11.770000,12.060000,11.290000,11.540000
11/12/2014,13.140000,16.440000,11.380000,11.390000
11/13/2014,11.800000,12.810000,11.130000,11.970000
11/14/2014,11.720000,12.880000,11.300000,11.350000
11/17/2014,12.790000,12.840000,11.400000,11.420000
11/18/2014,11.200000,11.510000,10.430000,11.490000
11/19/2014,11.460000,12.370000,10.780000,11.420000
11/20/2014,12.150000,12.190000,10.780000,10.910000
11/21/2014,10.810000,11.590000,10.420000,10.450000
11/24/2014,11.560000,11.850000,11.000000,11.150000
11/25/2014,11.110000,11.840000,10.800000,10.810000
11/26/2014,11.000000,11.570000,10.820000,11.120000
11/28/2014,11.810000,13.480000,11.500000,12.980000
12/01/2014,14.340000,15.390000,14.040000,14.630000
12/02/2014,14.200000,14.240000,12.560000,12.570000
12/03/2014,12.530000,12.690000,11.870000,12.160000
12/04/2014,12.300000,13.100000,11.690000,11.880000
12/05/2014,11.530000,12.620000,10.320000,10.700000
12/08/2014,13.160000,17.840000,11.740000,15.470000
12/09/2014,18.930000,20.620000,15.150000,15.270000
12/10/2014,15.900000,27.230000,15.900000,21.710000
12/11/2014,20.100000,22.080000,16.930000,22.080000
12/12/2014,23.280000,26.120000,19.880000,23.820000
12/15/2014,21.160000,25.470000,20.230000,21.160000
12/16/2014,23.220000,24.450000,18.540000,24.250000
12/17/2014,23.800000,24.560000,17.700000,18.040000
12/18/2014,15.940000,16.340000,14.060000,14.460000
12/19/2014,14.230000,14.570000,13.020000,13.770000
12/22/2014,14.340000,14.640000,12.470000,12.700000
12/23/2014,11.870000,12.430000,10.930000,11.100000
12/24/2014,10.920000,11.010000,9.940000,10.350000
12/26/2014,11.450000,12.540000,11.120000,12.090000
12/29/2014,14.720000,14.840000,12.470000,12.790000
12/30/2014,13.980000,14.280000,13.180000,13.860000
12/31/2014,13.650000,20.120000,13.620000,18.950000
01/02/2015,16.850000,20.190000,16.010000,16.470000
01/05/2015,19.340000,21.710000,19.260000,19.450000
01/06/2015,19.880000,22.960000,18.620000,20.530000
01/07/2015,18.590000,19.580000,17.520000,17.590000
01/08/2015,15.970000,16.370000,15.040000,15.040000
01/09/2015,13.890000,17.260000,13.890000,15.200000
01/12/2015,16.860000,20.100000,16.810000,18.200000
01/13/2015,16.450000,21.180000,15.650000,19.630000
01/14/2015,23.550000,23.770000,21.200000,21.230000
01/15/2015,21.690000,25.230000,21.200000,23.730000
01/16/2015,23.980000,24.910000,21.480000,21.480000
01/20/2015,22.560000,24.840000,21.870000,21.940000
01/21/2015,22.620000,23.390000,20.190000,20.360000
01/22/2015,19.000000,20.770000,15.200000,15.580000
01/23/2015,16.340000,16.890000,14.470000,16.080000
01/26/2015,17.470000,18.200000,14.890000,14.890000
01/27/2015,18.220000,19.120000,16.390000,17.560000
01/28/2015,17.110000,27.850000,17.000000,21.780000
01/29/2015,21.590000,22.970000,18.780000,18.780000
01/30/2015,20.690000,22.760000,19.540000,21.170000
02/02/2015,21.470000,24.120000,19.140000,19.390000
02/03/2015,18.170000,18.900000,16.450000,16.540000
02/04/2015,17.220000,17.490000,15.410000,17.480000
02/05/2015,16.280000,16.480000,15.310000,15.310000
02/06/2015,14.690000,16.970000,13.790000,14.930000
02/09/2015,18.130000,18.140000,16.370000,16.880000
02/10/2015,15.620000,16.540000,14.660000,15.200000
02/11/2015,15.190000,15.870000,14.280000,14.280000
02/12/2015,13.360000,13.930000,12.360000,12.360000
02/13/2015,12.610000,12.800000,11.760000,11.760000
02/17/2015,14.110000,14.860000,12.950000,13.550000
02/18/2015,14.180000,14.250000,12.390000,12.400000
02/19/2015,13.180000,13.470000,12.200000,12.340000
02/20/2015,13.010000,13.660000,11.740000,11.740000
02/23/2015,13.430000,13.680000,12.150000,12.160000
02/24/2015,12.200000,12.540000,10.600000,10.940000
02/25/2015,11.100000,12.180000,10.440000,11.640000
02/26/2015,11.560000,12.370000,11.180000,11.380000
02/27/2015,11.670000,11.880000,10.600000,10.600000
03/02/2015,11.860000,11.900000,10.710000,10.850000
03/03/2015,11.350000,12.990000,11.210000,11.810000
03/04/2015,12.540000,14.020000,12.120000,12.280000
03/05/2015,12.240000,12.870000,11.970000,12.160000
03/06/2015,13.160000,15.160000,12.640000,14.310000
03/09/2015,15.640000,15.640000,13.950000,14.200000
03/10/2015,16.340000,16.950000,15.620000,16.720000
03/11/2015,16.390000,17.130000,16.120000,16.780000
03/12/2015,16.280000,16.280000,14.950000,15.040000
03/13/2015,14.930000,16.900000,14.920000,15.250000
03/16/2015,15.780000,16.300000,15.530000,16.150000
03/17/2015,16.950000,17.480000,16.220000,16.720000
03/18/2015,17.740000,18.400000,13.360000,13.850000
03/19/2015,14.160000,14.580000,12.660000,12.890000
03/20/2015,12.200000,12.210000,10.550000,10.730000
03/23/2015,12.000000,12.030000,11.330000,12.030000
03/24/2015,11.990000,12.370000,10.670000,12.240000
03/25/2015,12.130000,15.430000,12.050000,15.280000
03/26/2015,17.040000,18.010000,15.430000,15.920000
03/27/2015,15.890000,16.040000,14.640000,14.690000
03/30/2015,14.980000,14.980000,14.010000,14.310000
03/31/2015,15.310000,15.890000,13.510000,15.500000
04/01/2015,15.220000,17.260000,14.180000,14.290000
04/02/2015,14.540000,14.750000,13.110000,13.910000
04/06/2015,15.990000,16.060000,13.680000,14.160000
04/07/2015,13.880000,14.050000,12.960000,13.900000
04/08/2015,13.810000,14.020000,12.800000,12.800000
04/09/2015,13.040000,13.560000,11.410000,11.410000
04/10/2015,11.500000,11.560000,9.910000,9.910000
04/13/2015,11.280000,12.790000,10.950000,12.490000
04/14/2015,12.600000,13.440000,11.640000,11.720000
04/15/2015,11.560000,11.590000,10.510000,10.590000
04/16/2015,11.210000,11.650000,10.450000,10.740000
04/17/2015,12.600000,14.440000,12.210000,12.910000
04/20/2015,13.200000,13.200000,11.830000,12.620000
04/21/2015,11.990000,12.960000,11.900000,12.580000
04/22/2015,12.300000,13.500000,11.800000,11.830000
04/23/2015,12.490000,12.490000,11.280000,11.840000
04/24/2015,11.520000,12.110000,10.830000,10.860000
04/27/2015,11.750000,13.070000,11.750000,12.720000
04/28/2015,12.900000,14.190000,11.810000,11.870000
04/29/2015,13.540000,14.990000,12.490000,13.260000
04/30/2015,13.870000,16.070000,12.940000,15.060000
05/01/2015,13.980000,14.090000,11.750000,11.770000
05/04/2015,12.840000,13.370000,11.900000,12.010000
05/05/2015,12.740000,14.750000,12.040000,14.640000
05/06/2015,14.110000,17.800000,14.010000,16.050000
05/07/2015,16.480000,17.090000,15.270000,15.590000
05/08/2015,12.540000,12.540000,11.130000,11.320000
05/11/2015,12.820000,13.410000,12.110000,13.410000
05/12/2015,14.930000,15.670000,13.410000,13.820000
05/13/2015,13.280000,14.060000,12.430000,13.490000
05/14/2015,12.410000,12.740000,11.480000,11.590000
05/15/2015,11.120000,12.110000,10.680000,10.770000
05/18/2015,11.740000,11.990000,10.700000,11.010000
05/19/2015,11.220000,11.740000,10.490000,11.150000
05/20/2015,11.170000,11.650000,10.240000,10.480000
05/21/2015,11.040000,11.050000,9.800000,9.950000
05/22/2015,10.440000,10.510000,9.460000,9.600000
05/26/2015,12.470000,14.270000,12.130000,13.320000
05/27/2015,13.510000,13.860000,11.620000,11.930000
05/28/2015,12.390000,13.630000,12.220000,12.230000
05/29/2015,12.730000,14.420000,12.650000,13.670000
06/01/2015,14.050000,15.660000,12.960000,13.850000
06/02/2015,14.740000,15.540000,12.890000,13.990000
06/03/2015,13.040000,13.900000,12.340000,12.700000
06/04/2015,14.650000,16.280000,13.610000,15.020000
06/05/2015,15.240000,16.290000,13.680000,13.700000
06/08/2015,15.780000,16.240000,15.390000,15.890000
06/09/2015,15.930000,16.390000,14.770000,15.050000
06/10/2015,14.690000,14.800000,12.920000,13.320000
06/11/2015,12.960000,13.040000,12.140000,12.380000
06/12/2015,13.050000,14.360000,13.010000,14.160000
06/15/2015,17.090000,17.470000,16.080000,16.680000
06/16/2015,16.970000,17.190000,16.260000,16.290000
06/17/2015,16.060000,17.270000,14.260000,15.220000
06/18/2015,14.330000,14.330000,12.370000,13.110000
06/19/2015,13.030000,14.320000,12.670000,14.320000
06/22/2015,14.330000,14.330000,12.530000,13.150000
06/23/2015,12.640000,12.950000,11.900000,12.170000
06/24/2015,12.950000,14.810000,12.100000,14.810000
06/25/2015,13.750000,15.340000,13.670000,15.130000
06/26/2015,15.260000,16.810000,14.430000,15.490000
06/29/2015,19.340000,23.540000,17.780000,22.560000
06/30/2015,20.840000,23.310000,20.440000,20.930000
07/01/2015,18.930000,19.200000,17.170000,17.230000
07/02/2015,16.190000,18.900000,16.150000,17.970000
07/06/2015,20.000000,20.070000,16.650000,16.650000
07/07/2015,17.060000,19.680000,15.570000,15.910000
07/08/2015,17.660000,21.640000,17.570000,20.960000
07/09/2015,18.120000,22.060000,17.900000,22.060000
07/10/2015,18.330000,19.110000,17.110000,17.240000
07/13/2015,15.620000,15.630000,13.230000,13.320000
07/14/2015,13.150000,13.280000,11.460000,12.180000
07/15/2015,12.260000,13.510000,11.040000,12.400000
07/16/2015,10.910000,10.930000,10.010000,10.350000
07/17/2015,10.020000,10.320000,9.580000,9.720000
07/20/2015,10.750000,11.350000,10.040000,11.100000
07/21/2015,11.230000,12.010000,11.000000,11.320000
07/22/2015,12.010000,12.070000,11.180000,11.200000
07/23/2015,11.290000,12.840000,11.000000,11.950000
07/24/2015,12.040000,15.550000,12.040000,13.050000
07/27/2015,16.530000,17.740000,15.660000,16.610000
07/28/2015,15.660000,16.590000,13.460000,13.620000
07/29/2015,14.060000,14.120000,11.800000,12.180000
07/30/2015,12.620000,13.750000,11.060000,11.060000
07/31/2015,10.940000,11.830000,10.490000,10.670000
08/03/2015,12.190000,13.750000,11.610000,12.120000
08/04/2015,12.210000,12.820000,11.720000,12.420000
08/05/2015,10.870000,12.000000,10.240000,11.510000
08/06/2015,11.420000,14.440000,11.330000,13.660000
08/07/2015,13.390000,14.650000,13.040000,13.040000
08/10/2015,12.760000,12.760000,11.350000,11.440000
08/11/2015,13.300000,15.100000,12.560000,14.130000
08/12/2015,16.610000,18.530000,13.880000,14.270000
08/13/2015,14.020000,14.980000,12.660000,13.630000
08/14/2015,13.520000,13.880000,11.770000,11.770000
08/17/2015,14.070000,14.490000,11.170000,11.290000
08/18/2015,11.680000,12.520000,11.230000,12.140000
08/19/2015,13.710000,15.680000,12.080000,14.340000
08/20/2015,16.710000,21.440000,15.960000,20.880000
08/21/2015,25.780000,39.300000,23.230000,38.960000
08/24/2015,38.960000,81.940000,36.500000,54.610000
08/25/2015,39.500000,47.510000,32.980000,44.920000
08/26/2015,38.530000,45.750000,35.480000,37.880000
08/27/2015,32.270000,34.610000,27.290000,28.890000
08/28/2015,29.510000,32.650000,27.110000,27.110000
08/31/2015,29.500000,31.830000,26.180000,28.260000
09/01/2015,33.060000,34.370000,29.310000,31.210000
09/02/2015,28.370000,29.410000,23.150000,24.260000
09/03/2015,23.750000,25.060000,21.550000,23.990000
09/04/2015,26.670000,29.400000,24.900000,26.880000
09/08/2015,25.550000,27.480000,24.360000,24.420000
09/09/2015,24.300000,29.100000,24.300000,27.900000
09/10/2015,28.620000,30.240000,26.110000,26.110000
09/11/2015,27.310000,28.020000,23.280000,23.430000
09/14/2015,26.410000,27.480000,25.260000,25.520000
09/15/2015,25.380000,25.870000,23.490000,24.620000
09/16/2015,24.820000,25.230000,23.120000,23.750000
09/17/2015,24.680000,26.040000,17.500000,22.250000
09/18/2015,23.950000,24.610000,21.200000,21.780000
09/21/2015,22.690000,23.060000,19.600000,19.610000
09/22/2015,24.210000,25.690000,23.120000,23.450000
09/23/2015,23.490000,24.000000,21.450000,22.460000
09/24/2015,25.030000,26.830000,22.630000,24.220000
09/25/2015,21.310000,24.780000,21.230000,22.890000
09/28/2015,26.690000,31.130000,25.610000,30.260000
09/29/2015,29.550000,31.060000,27.960000,28.560000
09/30/2015,26.240000,27.370000,24.480000,25.700000
10/01/2015,22.840000,24.940000,21.910000,21.930000
10/02/2015,24.140000,24.510000,19.210000,19.350000
10/05/2015,19.880000,20.610000,18.560000,19.020000
10/06/2015,18.820000,19.800000,17.740000,18.190000
10/07/2015,17.190000,18.540000,16.320000,16.390000
10/08/2015,16.960000,17.490000,15.060000,15.470000
10/09/2015,14.890000,16.580000,14.200000,14.270000
10/12/2015,16.170000,16.430000,14.510000,14.730000
10/13/2015,15.990000,16.660000,14.480000,16.530000
10/14/2015,16.450000,18.190000,15.930000,16.900000
10/15/2015,16.720000,17.220000,13.840000,13.850000
10/16/2015,13.700000,14.550000,12.860000,12.890000
10/19/2015,14.880000,15.260000,13.640000,13.870000
10/20/2015,14.790000,15.680000,13.940000,15.010000
10/21/2015,14.580000,16.700000,14.180000,16.670000
10/22/2015,15.190000,15.720000,13.100000,13.100000
10/23/2015,13.570000,14.570000,12.790000,13.150000
10/26/2015,14.610000,15.640000,14.530000,15.200000
10/27/2015,16.280000,16.750000,15.390000,16.310000
10/28/2015,16.120000,21.120000,14.020000,14.570000
10/29/2015,15.260000,16.150000,14.260000,14.540000
10/30/2015,14.550000,15.280000,13.310000,14.310000
11/02/2015,15.380000,15.380000,12.940000,13.680000
11/03/2015,13.920000,14.080000,12.840000,13.810000
11/04/2015,12.960000,15.750000,12.870000,14.760000
11/05/2015,14.810000,16.330000,14.200000,14.220000
11/06/2015,13.590000,15.400000,12.540000,12.600000
11/09/2015,14.880000,17.870000,14.750000,16.390000
11/10/2015,16.740000,17.200000,14.100000,14.290000
11/11/2015,14.160000,15.680000,14.080000,15.600000
11/12/2015,16.770000,18.390000,15.870000,18.390000
11/13/2015,18.770000,21.340000,18.200000,20.430000
11/16/2015,21.110000,21.200000,16.290000,16.810000
11/17/2015,16.500000,18.320000,15.320000,17.020000
11/18/2015,16.560000,16.580000,13.330000,13.330000
11/19/2015,13.370000,14.280000,13.160000,13.620000
11/20/2015,12.980000,13.440000,12.400000,12.400000
11/23/2015,14.830000,15.100000,13.450000,14.070000
11/24/2015,16.060000,17.060000,14.390000,14.540000
11/25/2015,14.490000,15.050000,14.140000,14.350000
11/27/2015,14.750000,15.800000,13.940000,14.210000
11/30/2015,15.190000,17.370000,15.150000,16.600000
12/01/2015,15.570000,16.780000,13.950000,13.990000
12/02/2015,14.540000,17.100000,13.960000,15.970000
12/03/2015,16.010000,20.570000,15.970000,18.710000
12/04/2015,17.420000,17.810000,13.640000,13.650000
12/07/2015,15.940000,18.070000,15.880000,16.000000
12/08/2015,19.020000,20.090000,17.520000,18.810000
12/09/2015,19.770000,22.990000,18.080000,22.070000
12/10/2015,21.480000,22.080000,19.160000,20.420000
12/11/2015,23.340000,29.880000,22.940000,28.000000
12/14/2015,30.710000,34.180000,25.280000,25.780000
12/15/2015,24.040000,24.040000,22.290000,23.050000
12/16/2015,22.380000,24.700000,17.870000,18.810000
12/17/2015,15.900000,19.500000,15.850000,18.880000
12/18/2015,18.910000,20.160000,18.220000,19.380000
12/21/2015,19.160000,19.530000,17.550000,17.550000
12/22/2015,16.340000,17.070000,14.730000,15.060000
12/23/2015,14.390000,14.950000,13.200000,13.640000
12/24/2015,13.550000,13.750000,12.970000,13.470000
12/28/2015,16.760000,17.420000,15.760000,15.790000
12/29/2015,14.730000,16.330000,14.350000,14.740000
12/30/2015,15.010000,16.220000,15.010000,15.960000
12/31/2015,16.940000,18.100000,16.190000,17.520000
01/04/2016,24.720000,25.790000,21.340000,21.930000
01/05/2016,21.730000,22.090000,19.080000,19.370000
01/06/2016,22.370000,22.770000,20.110000,20.600000
01/07/2016,24.160000,27.580000,23.630000,26.190000
01/08/2016,23.000000,28.300000,22.580000,27.980000
01/11/2016,26.680000,28.340000,23.470000,24.210000
01/12/2016,23.060000,23.750000,21.420000,22.300000
01/13/2016,21.480000,26.870000,21.080000,25.570000
01/14/2016,25.210000,27.530000,23.680000,24.630000
01/15/2016,32.100000,35.470000,28.960000,29.600000
01/19/2016,28.830000,32.520000,28.430000,30.430000
01/20/2016,34.120000,38.550000,31.270000,32.850000
01/21/2016,32.400000,33.670000,28.200000,29.990000
01/22/2016,26.170000,26.290000,22.550000,22.590000
01/25/2016,25.030000,26.320000,23.480000,26.040000
01/26/2016,25.750000,26.000000,24.060000,24.250000
01/27/2016,25.220000,26.850000,23.510000,24.510000
01/28/2016,23.400000,25.260000,22.790000,23.400000
01/29/2016,22.470000,22.480000,18.850000,19.370000
02/01/2016,21.620000,22.300000,19.250000,19.680000
02/02/2016,21.590000,23.060000,21.350000,22.190000
02/03/2016,21.710000,25.200000,21.670000,22.350000
02/04/2016,23.210000,23.970000,21.560000,21.750000
02/05/2016,21.700000,23.870000,21.560000,22.960000
02/08/2016,26.570000,28.880000,25.990000,26.400000
02/09/2016,29.780000,30.280000,26.010000,26.840000
02/10/2016,25.640000,26.250000,23.960000,25.530000
02/11/2016,29.570000,30.040000,27.160000,27.360000
02/12/2016,26.000000,26.490000,22.150000,22.710000
02/16/2016,23.960000,24.610000,21.560000,21.810000
02/17/2016,20.980000,21.540000,20.070000,20.270000
02/18/2016,20.250000,20.700000,18.710000,19.530000
02/19/2016,20.570000,21.150000,18.180000,18.220000
02/22/2016,19.540000,19.700000,17.800000,18.390000
02/23/2016,19.040000,21.160000,18.660000,20.690000
02/24/2016,22.590000,23.340000,20.470000,20.720000
02/25/2016,20.470000,21.370000,17.790000,17.790000
02/26/2016,17.690000,19.220000,17.690000,18.560000
02/29/2016,20.570000,20.780000,18.770000,20.360000
03/01/2016,19.600000,20.000000,16.920000,17.040000
03/02/2016,17.550000,18.180000,15.030000,15.780000
03/03/2016,16.240000,16.740000,15.530000,15.910000
03/04/2016,15.830000,16.720000,14.860000,15.860000
03/07/2016,18.600000,18.740000,17.140000,17.660000
03/08/2016,19.330000,19.730000,18.450000,19.170000
03/09/2016,19.200000,19.950000,18.720000,18.790000
03/10/2016,18.330000,19.860000,16.980000,17.660000
03/11/2016,16.370000,16.720000,15.180000,15.200000
03/14/2016,16.540000,17.190000,15.660000,15.990000
03/15/2016,16.970000,17.250000,16.210000,16.460000
03/16/2016,17.200000,17.200000,14.020000,14.070000
03/17/2016,14.400000,14.400000,12.440000,13.050000
03/18/2016,12.760000,13.000000,12.320000,12.470000
03/21/2016,14.010000,14.270000,12.470000,12.770000
03/22/2016,13.890000,14.120000,12.640000,13.140000
03/23/2016,13.470000,13.900000,13.170000,13.360000
03/24/2016,15.270000,15.420000,12.330000,12.350000
03/28/2016,14.590000,15.080000,13.500000,14.070000
03/29/2016,14.700000,14.940000,12.060000,12.170000
03/30/2016,12.150000,12.340000,11.390000,11.870000
03/31/2016,12.090000,12.790000,11.670000,12.250000
04/01/2016,13.820000,13.840000,10.720000,10.920000
04/04/2016,12.400000,12.890000,11.820000,12.500000
04/05/2016,14.230000,14.530000,13.480000,13.960000
04/06/2016,14.430000,14.690000,12.150000,12.560000
04/07/2016,14.090000,16.150000,13.400000,15.200000
04/08/2016,14.090000,14.530000,12.970000,13.590000
04/11/2016,14.280000,15.600000,13.640000,15.590000
04/12/2016,15.200000,16.020000,13.710000,13.710000
04/13/2016,13.590000,13.590000,12.300000,12.450000
04/14/2016,12.760000,12.910000,11.840000,12.320000
04/15/2016,12.520000,12.980000,12.180000,12.200000
04/18/2016,14.500000,14.500000,12.700000,12.860000
04/19/2016,12.960000,13.760000,12.690000,12.860000
04/20/2016,12.410000,13.040000,12.190000,12.800000
04/21/2016,12.900000,13.630000,12.780000,13.180000
04/22/2016,13.290000,13.430000,11.730000,11.930000
04/25/2016,14.070000,14.490000,13.530000,13.620000
04/26/2016,13.540000,14.060000,13.140000,13.500000
04/27/2016,14.120000,14.640000,12.420000,12.810000
04/28/2016,13.760000,15.050000,12.180000,14.550000
04/29/2016,15.330000,17.070000,14.770000,14.790000
05/02/2016,15.850000,15.900000,13.590000,13.770000
05/03/2016,15.480000,16.370000,14.600000,15.170000
05/04/2016,16.280000,16.720000,15.320000,15.470000
05/05/2016,15.400000,16.160000,15.020000,15.370000
05/06/2016,15.670000,15.740000,13.200000,13.380000
05/09/2016,14.850000,14.980000,13.510000,13.860000
05/10/2016,13.190000,13.320000,12.750000,12.800000
05/11/2016,12.710000,13.750000,12.550000,13.750000
05/12/2016,13.010000,15.160000,12.910000,13.460000
05/13/2016,13.750000,14.680000,12.660000,14.150000
05/16/2016,15.910000,15.910000,13.240000,13.590000
05/17/2016,14.000000,15.930000,13.500000,15.110000
05/18/2016,15.450000,16.500000,14.150000,15.340000
05/19/2016,16.320000,17.480000,15.280000,15.280000
05/20/2016,14.660000,14.660000,12.620000,12.730000
05/23/2016,14.490000,14.490000,13.150000,13.600000
05/24/2016,13.170000,13.220000,11.750000,11.910000
05/25/2016,11.730000,11.750000,11.240000,11.410000
05/26/2016,11.410000,11.830000,10.460000,10.460000
05/27/2016,10.690000,11.160000,9.730000,9.770000
05/31/2016,11.660000,13.050000,11.450000,11.850000
06/01/2016,12.860000,13.260000,11.600000,11.610000
06/02/2016,12.510000,12.730000,10.990000,11.010000
06/03/2016,11.470000,12.270000,9.970000,10.110000
06/06/2016,11.680000,12.010000,11.030000,11.260000
06/07/2016,11.270000,11.650000,10.980000,11.560000
06/08/2016,11.540000,11.680000,10.610000,10.890000
06/09/2016,12.050000,12.420000,11.900000,12.230000
06/10/2016,14.220000,16.370000,14.110000,15.830000
06/13/2016,19.940000,23.130000,19.170000,22.940000
06/14/2016,24.910000,25.460000,21.970000,23.350000
06/15/2016,23.450000,23.720000,18.710000,22.600000
06/16/2016,24.860000,26.940000,21.480000,21.890000
06/17/2016,22.160000,22.810000,21.210000,22.000000
06/20/2016,20.510000,22.590000,19.610000,22.210000
06/21/2016,21.900000,23.130000,21.450000,22.470000
06/22/2016,22.970000,27.930000,22.190000,27.860000
06/23/2016,22.960000,23.560000,20.890000,21.130000
06/24/2016,29.890000,31.340000,23.340000,30.710000
06/27/2016,30.040000,30.860000,24.080000,25.060000
06/28/2016,22.120000,22.120000,18.740000,19.080000
06/29/2016,17.640000,17.730000,14.970000,15.860000
06/30/2016,15.220000,15.500000,12.860000,14.050000
07/01/2016,13.110000,13.170000,11.820000,11.850000
07/05/2016,14.730000,15.330000,14.020000,14.190000
07/06/2016,15.440000,16.190000,13.150000,13.180000
07/07/2016,13.210000,14.370000,12.490000,13.110000
07/08/2016,11.740000,12.070000,11.150000,11.430000
07/11/2016,12.210000,12.760000,11.980000,12.230000
07/12/2016,11.600000,12.870000,11.600000,12.250000
07/13/2016,12.320000,12.610000,10.910000,11.110000
07/14/2016,11.760000,11.770000,10.610000,10.930000
07/15/2016,10.660000,10.910000,9.710000,10.260000
07/18/2016,11.680000,11.730000,10.930000,10.990000
07/19/2016,11.260000,11.800000,10.960000,11.020000
07/20/2016,10.800000,11.090000,10.240000,10.430000
07/21/2016,10.800000,12.240000,10.410000,11.500000
07/22/2016,11.330000,11.580000,10.020000,10.220000
07/25/2016,12.040000,13.090000,11.870000,11.930000
07/26/2016,12.240000,12.910000,11.830000,11.980000
07/27/2016,11.700000,13.090000,11.180000,11.610000
07/28/2016,11.840000,12.540000,11.320000,11.790000
07/29/2016,11.140000,11.500000,9.900000,10.010000
08/01/2016,11.330000,11.970000,10.720000,11.100000
08/02/2016,11.550000,13.530000,11.470000,12.350000
08/03/2016,12.650000,13.020000,11.100000,11.290000
08/04/2016,11.030000,11.460000,10.430000,10.800000
08/05/2016,9.920000,9.960000,9.000000,9.180000
08/08/2016,10.650000,10.650000,10.050000,10.100000
08/09/2016,9.870000,10.780000,9.360000,10.490000
08/10/2016,10.410000,11.270000,10.280000,10.680000
08/11/2016,10.320000,10.540000,9.670000,9.740000
08/12/2016,10.420000,10.420000,9.260000,9.540000
08/15/2016,10.440000,10.450000,9.620000,9.720000
08/16/2016,10.340000,11.210000,10.220000,10.870000
08/17/2016,10.980000,13.210000,10.570000,10.760000
08/18/2016,10.850000,11.160000,9.710000,9.900000
08/19/2016,10.370000,10.990000,9.250000,9.400000
08/22/2016,11.980000,12.140000,10.710000,10.950000
08/23/2016,10.390000,11.380000,10.180000,11.370000
08/24/2016,11.580000,13.810000,11.430000,12.670000
08/25/2016,13.340000,13.530000,12.210000,12.770000
08/26/2016,12.660000,14.090000,10.380000,12.100000
08/29/2016,13.320000,13.340000,11.100000,11.140000
08/30/2016,10.850000,11.900000,10.850000,11.210000
08/31/2016,11.300000,13.090000,11.200000,11.640000
09/01/2016,11.780000,13.790000,11.570000,11.890000
09/02/2016,9.710000,10.140000,9.020000,9.100000
09/06/2016,10.470000,11.180000,9.900000,9.980000
09/07/2016,10.230000,10.530000,9.800000,9.800000
09/08/2016,10.640000,11.150000,10.480000,10.990000
09/09/2016,12.940000,18.800000,12.920000,18.780000
09/12/2016,23.360000,23.510000,15.580000,16.030000
09/13/2016,17.710000,21.400000,17.530000,19.550000
09/14/2016,19.580000,19.880000,17.560000,19.380000
09/15/2016,18.930000,19.130000,16.390000,17.000000
09/16/2016,17.320000,17.860000,15.270000,15.270000
09/19/2016,16.030000,16.950000,15.240000,16.310000
09/20/2016,15.900000,17.380000,15.770000,17.220000
09/21/2016,16.130000,17.880000,12.630000,12.830000
09/22/2016,11.450000,11.660000,10.440000,10.790000
09/23/2016,11.350000,11.960000,10.760000,11.390000
09/26/2016,14.450000,15.820000,13.960000,15.670000
09/27/2016,15.920000,15.920000,12.700000,12.800000
09/28/2016,12.500000,13.500000,11.530000,11.720000
09/29/2016,12.030000,16.940000,11.210000,14.710000
09/30/2016,13.370000,14.310000,11.650000,12.370000
10/03/2016,13.930000,14.270000,12.800000,13.000000
10/04/2016,12.550000,14.450000,11.950000,12.950000
10/05/2016,12.380000,12.530000,11.590000,12.030000
10/06/2016,12.430000,13.040000,11.410000,11.470000
10/07/2016,11.320000,13.160000,11.230000,11.470000
10/10/2016,11.280000,11.430000,10.570000,10.810000
10/11/2016,11.530000,15.340000,11.530000,13.340000
10/12/2016,13.620000,14.270000,12.610000,13.160000
10/13/2016,15.200000,16.060000,13.680000,14.070000
10/14/2016,12.520000,13.380000,11.890000,12.940000
10/17/2016,14.380000,14.990000,13.690000,13.810000
10/18/2016,12.860000,13.300000,12.130000,12.450000
10/19/2016,11.770000,12.260000,11.360000,11.970000
10/20/2016,12.090000,12.300000,11.030000,11.070000
10/21/2016,11.940000,12.100000,10.560000,10.680000
10/24/2016,11.080000,11.570000,11.000000,11.350000
10/25/2016,11.730000,12.520000,11.570000,11.900000
10/26/2016,13.110000,13.610000,12.230000,12.580000
10/27/2016,12.560000,14.620000,12.560000,14.590000
10/28/2016,14.870000,18.640000,13.800000,16.690000
10/31/2016,19.230000,20.910000,18.920000,20.190000
11/01/2016,20.740000,25.760000,20.730000,22.860000
11/02/2016,24.150000,24.880000,23.250000,24.160000
11/03/2016,24.120000,28.770000,24.000000,27.900000
11/04/2016,27.950000,29.790000,27.210000,28.820000
11/07/2016,25.990000,25.990000,23.420000,24.670000
11/08/2016,26.360000,26.720000,22.540000,25.310000
11/09/2016,20.180000,20.280000,15.360000,15.360000
11/10/2016,14.120000,17.320000,13.100000,14.120000
11/11/2016,14.540000,15.700000,12.680000,12.840000
11/14/2016,13.930000,14.380000,12.300000,12.510000
11/15/2016,12.180000,12.190000,10.160000,10.640000
11/16/2016,11.440000,11.510000,9.300000,9.520000
11/17/2016,9.470000,9.750000,8.980000,9.380000
11/18/2016,9.600000,9.620000,8.610000,8.630000
11/21/2016,10.190000,10.390000,9.470000,10.000000
11/22/2016,10.040000,10.730000,9.970000,10.200000
11/23/2016,10.440000,10.870000,9.880000,10.060000
11/25/2016,10.920000,11.090000,10.330000,10.430000
11/28/2016,12.760000,12.890000,12.190000,12.860000
11/29/2016,13.050000,13.670000,12.210000,12.640000
11/30/2016,12.260000,13.510000,12.050000,13.230000
12/01/2016,13.250000,15.130000,13.210000,13.960000
12/02/2016,14.140000,14.210000,12.800000,13.640000
12/05/2016,12.970000,13.030000,11.410000,11.410000
12/06/2016,10.910000,11.430000,10.420000,10.840000
12/07/2016,10.610000,11.890000,9.950000,11.790000
12/08/2016,11.140000,13.050000,10.890000,12.920000
12/09/2016,12.460000,12.770000,10.960000,11.100000
12/12/2016,12.190000,12.610000,12.140000,12.250000
12/13/2016,12.020000,13.450000,12.020000,12.250000
12/14/2016,12.650000,13.090000,11.590000,12.840000
12/15/2016,12.500000,12.910000,11.530000,11.850000
12/16/2016,11.780000,11.990000,10.620000,10.670000
12/19/2016,11.380000,11.410000,9.910000,9.950000
12/20/2016,9.980000,9.990000,9.640000,9.850000
12/21/2016,9.420000,9.800000,9.310000,9.330000
12/22/2016,9.370000,9.870000,9.120000,9.340000
12/23/2016,9.600000,9.640000,8.890000,8.980000
12/27/2016,10.070000,10.310000,9.940000,10.220000
12/28/2016,10.160000,11.530000,10.080000,11.220000
12/29/2016,11.650000,12.210000,11.220000,11.640000
12/30/2016,11.730000,14.120000,11.560000,12.680000
01/03/2017,13.630000,13.690000,11.970000,11.990000
01/04/2017,11.490000,11.670000,10.380000,10.680000
01/05/2017,10.890000,10.940000,9.660000,9.950000
01/06/2017,9.700000,9.940000,9.060000,9.190000
01/09/2017,10.340000,10.510000,9.440000,9.440000
01/10/2017,9.430000,9.560000,8.880000,8.880000
01/11/2017,9.500000,10.070000,8.860000,8.880000
01/12/2017,9.570000,11.270000,9.170000,9.320000
01/13/2017,9.260000,9.270000,8.440000,8.990000
01/17/2017,10.970000,11.550000,10.550000,10.850000
01/18/2017,11.200000,11.690000,10.630000,11.290000
01/19/2017,10.910000,12.680000,10.850000,11.500000
01/20/2017,11.020000,11.710000,9.690000,9.720000
01/23/2017,11.310000,12.490000,10.750000,10.920000
01/24/2017,10.800000,10.890000,10.010000,10.080000
01/25/2017,10.080000,10.440000,9.740000,10.060000
01/26/2017,10.230000,10.480000,9.580000,9.710000
01/27/2017,9.880000,9.940000,9.110000,9.360000
01/30/2017,10.990000,13.150000,10.990000,11.660000
01/31/2017,12.270000,13.220000,11.700000,11.770000
02/01/2017,11.130000,12.090000,10.830000,12.040000
02/02/2017,12.400000,12.840000,10.850000,11.160000
02/03/2017,9.880000,10.160000,9.090000,9.190000
02/06/2017,10.890000,10.890000,9.820000,10.170000
02/07/2017,9.980000,10.020000,9.250000,9.470000
02/08/2017,9.860000,10.090000,9.330000,9.600000
02/09/2017,9.350000,9.350000,8.840000,8.850000
02/10/2017,8.830000,9.250000,8.670000,9.020000
02/13/2017,9.630000,9.800000,9.270000,9.320000
02/14/2017,9.440000,9.540000,8.850000,8.940000
02/15/2017,9.590000,10.390000,8.660000,10.260000
02/16/2017,10.480000,11.700000,9.900000,10.020000
02/17/2017,10.480000,10.610000,8.670000,9.030000
02/21/2017,10.810000,11.050000,10.140000,10.220000
02/22/2017,10.640000,10.790000,10.040000,10.390000
02/23/2017,10.470000,11.410000,10.120000,10.150000
02/24/2017,11.280000,11.300000,9.340000,9.410000
02/27/2017,10.530000,10.960000,10.080000,10.830000
02/28/2017,11.080000,12.010000,10.730000,11.890000
03/01/2017,10.520000,11.430000,10.320000,10.570000
03/02/2017,10.980000,10.990000,9.120000,9.600000
03/03/2017,9.800000,9.820000,8.550000,8.560000
03/06/2017,10.220000,10.380000,9.580000,9.670000
03/07/2017,9.740000,10.250000,9.290000,10.230000
03/08/2017,10.160000,10.910000,10.110000,10.910000
03/09/2017,11.240000,11.800000,10.760000,11.780000
03/10/2017,11.130000,11.410000,10.460000,10.670000
03/13/2017,11.680000,11.680000,10.620000,10.780000
03/14/2017,11.460000,12.490000,11.270000,11.780000
03/15/2017,11.830000,11.870000,9.960000,10.760000
03/16/2017,10.300000,10.310000,9.340000,9.740000
03/17/2017,9.620000,9.890000,9.010000,9.870000
03/20/2017,10.730000,10.800000,9.810000,10.230000
03/21/2017,9.700000,14.450000,9.620000,14.230000
03/22/2017,14.190000,14.800000,12.960000,14.510000
03/23/2017,14.610000,15.520000,13.200000,15.140000
03/24/2017,14.240000,16.700000,12.970000,13.430000
03/27/2017,16.360000,16.360000,12.040000,12.120000
03/28/2017,12.210000,12.210000,10.180000,10.510000
03/29/2017,10.580000,10.590000,9.240000,10.080000
03/30/2017,10.000000,10.020000,9.170000,9.580000
03/31/2017,9.870000,10.140000,9.270000,9.660000
04/03/2017,10.760000,12.210000,10.040000,10.160000
04/04/2017,10.850000,10.850000,9.400000,9.510000
04/05/2017,9.010000,11.890000,8.690000,11.890000
04/06/2017,11.020000,11.100000,9.600000,10.270000
04/07/2017,10.880000,11.690000,9.940000,10.060000
04/10/2017,10.620000,10.690000,9.730000,10.360000
04/11/2017,10.770000,12.170000,10.530000,10.540000
04/12/2017,10.710000,11.620000,10.330000,10.910000
04/13/2017,11.760000,12.880000,10.700000,12.750000
04/17/2017,14.910000,14.950000,12.960000,13.440000
04/18/2017,14.830000,15.840000,14.040000,14.200000
04/19/2017,13.730000,16.590000,13.520000,16.200000
04/20/2017,15.690000,16.790000,14.660000,15.830000
04/21/2017,16.030000,18.550000,15.890000,17.090000
04/24/2017,11.280000,11.730000,9.910000,9.960000
04/25/2017,9.830000,10.590000,9.620000,9.800000
04/26/2017,9.910000,10.240000,9.330000,9.790000
04/27/2017,9.810000,10.580000,9.080000,9.240000
04/28/2017,9.340000,9.920000,9.200000,9.420000
05/01/2017,10.850000,10.860000,9.380000,9.490000
05/02/2017,9.850000,10.570000,9.780000,10.490000
05/03/2017,11.090000,11.560000,10.400000,10.780000
05/04/2017,10.870000,12.090000,10.670000,11.040000
05/05/2017,10.480000,11.970000,10.290000,11.440000
05/08/2017,9.850000,9.850000,8.910000,9.090000
05/09/2017,9.260000,9.640000,8.910000,9.310000
05/10/2017,9.450000,9.450000,8.850000,9.430000
05/11/2017,9.820000,11.180000,9.630000,10.350000
05/12/2017,10.120000,10.310000,9.160000,9.400000
05/15/2017,9.960000,9.960000,8.900000,9.160000
05/16/2017,8.890000,9.140000,8.560000,8.960000
05/17/2017,11.960000,20.220000,11.510000,20.170000
05/18/2017,19.430000,19.580000,15.690000,16.670000
05/19/2017,13.170000,13.180000,10.290000,10.980000
05/22/2017,10.850000,10.850000,9.250000,9.390000
05/23/2017,9.080000,9.860000,9.080000,9.320000
05/24/2017,9.210000,9.550000,8.520000,8.560000
05/25/2017,8.570000,8.990000,7.810000,8.120000
05/26/2017,8.690000,8.850000,7.510000,7.600000
05/30/2017,9.470000,9.540000,8.560000,9.040000
05/31/2017,8.900000,9.910000,8.450000,8.710000
06/01/2017,8.640000,9.140000,8.220000,8.500000
06/02/2017,8.650000,9.010000,8.180000,8.470000
06/05/2017,9.900000,9.960000,9.130000,9.690000
06/06/2017,10.350000,10.590000,9.920000,10.390000
06/07/2017,10.440000,10.990000,10.130000,10.130000
06/08/2017,10.030000,10.350000,9.330000,9.620000
06/09/2017,8.980000,12.470000,8.350000,10.370000
06/12/2017,11.800000,13.220000,11.300000,11.350000
06/13/2017,10.400000,10.440000,9.280000,9.350000
06/14/2017,9.460000,10.310000,8.740000,9.910000
06/15/2017,11.580000,11.860000,9.610000,10.140000
06/16/2017,9.650000,10.330000,8.170000,8.330000
06/19/2017,8.870000,8.940000,8.130000,8.520000
06/20/2017,8.770000,10.080000,8.610000,9.420000
06/21/2017,9.390000,10.200000,9.070000,9.560000
06/22/2017,9.660000,10.240000,8.790000,9.230000
06/23/2017,9.110000,9.590000,8.060000,8.380000
06/26/2017,8.620000,9.320000,8.200000,8.700000
06/27/2017,9.050000,10.930000,8.520000,10.500000
06/28/2017,9.350000,9.920000,8.320000,8.490000
06/29/2017,8.880000,17.680000,8.760000,11.370000
06/30/2017,10.310000,11.000000,9.410000,9.930000
07/03/2017,9.750000,10.460000,9.140000,10.210000
07/05/2017,10.180000,11.350000,9.180000,9.650000
07/06/2017,11.070000,12.300000,10.320000,11.530000
07/07/2017,10.970000,11.030000,9.070000,9.260000
07/10/2017,10.850000,10.850000,9.440000,9.900000
07/11/2017,10.100000,11.270000,9.330000,9.370000
07/12/2017,8.690000,8.830000,8.020000,8.060000
07/13/2017,8.580000,8.590000,8.010000,8.010000
07/14/2017,8.090000,8.180000,7.550000,7.550000
07/17/2017,8.530000,8.670000,8.280000,8.390000
07/18/2017,9.180000,9.240000,8.210000,8.440000
07/19/2017,8.400000,8.400000,7.740000,7.850000
07/20/2017,8.020000,9.020000,7.590000,7.690000
07/21/2017,7.850000,8.120000,6.990000,7.100000
07/24/2017,8.250000,8.310000,7.450000,7.640000
07/25/2017,7.570000,8.020000,7.450000,7.870000
07/26/2017,7.960000,8.190000,7.790000,8.070000
07/27/2017,7.840000,11.650000,7.590000,9.030000
07/28/2017,9.990000,10.380000,8.340000,8.550000
07/31/2017,9.540000,9.980000,8.990000,9.430000
08/01/2017,9.410000,9.710000,8.750000,8.930000
08/02/2017,8.680000,9.560000,8.400000,8.680000
08/03/2017,8.910000,9.330000,8.380000,9.310000
08/04/2017,8.490000,8.820000,8.060000,8.580000
08/07/2017,9.290000,9.320000,8.280000,8.430000
08/08/2017,8.760000,11.470000,8.000000,10.500000
08/09/2017,12.800000,13.410000,10.600000,10.720000
08/10/2017,13.980000,18.270000,13.540000,17.830000
08/11/2017,16.100000,17.200000,14.340000,15.530000
08/14/2017,12.390000,12.390000,11.260000,11.630000
08/15/2017,10.940000,11.550000,10.010000,10.410000
08/16/2017,10.260000,10.520000,9.020000,9.730000
08/17/2017,11.010000,15.980000,10.340000,15.770000
08/18/2017,15.210000,16.100000,12.390000,13.170000
08/21/2017,14.370000,14.500000,12.480000,12.480000
08/22/2017,11.900000,11.930000,9.920000,9.920000
08/23/2017,11.410000,11.410000,10.100000,11.140000
08/24/2017,10.500000,11.790000,10.320000,10.330000
08/25/2017,10.180000,10.230000,8.880000,8.970000
08/28/2017,9.460000,10.270000,9.340000,9.450000
08/29/2017,12.650000,12.650000,9.570000,9.810000
08/30/2017,10.000000,10.260000,8.940000,9.150000
08/31/2017,8.890000,9.070000,8.530000,8.660000
09/01/2017,8.370000,8.660000,7.870000,7.940000
09/05/2017,10.390000,13.680000,10.260000,11.340000
09/06/2017,10.690000,11.580000,9.750000,10.220000
09/07/2017,10.320000,10.960000,9.750000,9.750000
09/08/2017,10.940000,11.960000,9.800000,11.290000
09/11/2017,9.760000,9.760000,9.000000,9.010000
09/12/2017,9.140000,9.500000,8.880000,9.250000
09/13/2017,9.400000,9.410000,9.020000,9.380000
09/14/2017,9.570000,9.810000,8.900000,9.290000
09/15/2017,9.240000,9.240000,7.880000,8.300000
09/18/2017,9.410000,9.450000,8.710000,8.720000
09/19/2017,8.710000,9.130000,8.620000,9.090000
09/20/2017,8.920000,10.240000,8.850000,8.950000
09/21/2017,9.050000,9.430000,8.260000,8.440000
09/22/2017,8.920000,8.920000,7.870000,7.980000
09/25/2017,9.230000,10.430000,8.610000,9.210000
09/26/2017,9.120000,9.990000,8.790000,9.340000
09/27/2017,8.880000,9.550000,8.730000,9.030000
09/28/2017,9.270000,9.380000,8.390000,8.390000
09/29/2017,8.410000,8.650000,7.740000,7.950000
10/02/2017,9.010000,9.130000,8.120000,8.180000
10/03/2017,8.240000,8.450000,7.840000,8.040000
10/04/2017,8.410000,8.590000,7.990000,8.020000
10/05/2017,8.140000,8.190000,7.610000,7.810000
10/06/2017,7.970000,8.720000,7.590000,7.880000
10/09/2017,8.990000,9.380000,8.490000,9.340000
10/10/2017,9.170000,9.540000,8.720000,8.720000
10/11/2017,8.660000,8.750000,8.090000,8.320000
10/12/2017,8.730000,8.920000,8.180000,8.340000
10/13/2017,8.240000,8.280000,7.760000,8.030000
10/16/2017,8.610000,8.720000,8.370000,8.460000
10/17/2017,8.520000,8.800000,8.360000,8.690000
10/18/2017,8.580000,8.610000,8.000000,8.370000
10/19/2017,10.000000,10.410000,8.580000,8.880000
10/20/2017,8.810000,8.840000,8.030000,8.410000
10/23/2017,9.320000,10.770000,8.840000,10.770000
10/24/2017,10.010000,10.620000,9.770000,10.480000
10/25/2017,10.720000,13.640000,10.430000,11.090000
10/26/2017,10.560000,11.350000,10.230000,10.690000
10/27/2017,10.080000,10.250000,8.580000,8.610000
10/30/2017,9.910000,10.230000,9.100000,9.810000
10/31/2017,9.280000,9.570000,9.080000,9.320000
11/01/2017,8.920000,9.660000,6.690000,9.290000
11/02/2017,9.350000,10.440000,8.300000,8.540000
11/03/2017,8.260000,8.510000,7.630000,7.840000
11/06/2017,8.830000,8.830000,8.010000,8.090000
11/07/2017,8.130000,9.380000,8.050000,8.830000
11/08/2017,9.010000,9.270000,7.910000,8.280000
11/09/2017,9.840000,12.970000,9.000000,9.650000
11/10/2017,10.310000,11.120000,9.590000,10.310000
11/13/2017,11.200000,11.290000,9.250000,9.840000
11/14/2017,10.640000,11.920000,9.700000,9.730000
11/15/2017,12.440000,13.660000,10.410000,11.730000
11/16/2017,10.180000,10.180000,8.210000,8.740000
11/17/2017,8.580000,8.730000,7.940000,8.490000
11/20/2017,9.380000,9.430000,8.310000,8.600000
11/21/2017,8.370000,8.370000,7.610000,7.970000
11/22/2017,7.910000,7.990000,7.620000,7.870000
11/24/2017,8.370000,8.410000,7.670000,7.870000
11/27/2017,9.200000,9.250000,8.690000,9.000000
11/28/2017,8.950000,9.680000,8.670000,9.180000
11/29/2017,9.240000,10.640000,9.240000,10.160000
11/30/2017,10.420000,13.070000,10.160000,11.380000
12/01/2017,11.850000,17.680000,11.210000,11.980000
12/04/2017,11.910000,12.670000,10.210000,12.210000
12/05/2017,12.010000,12.010000,10.280000,11.110000
12/06/2017,11.500000,11.640000,10.740000,10.900000
12/07/2017,11.160000,11.320000,9.420000,9.510000
12/08/2017,9.600000,9.600000,8.410000,8.440000
12/11/2017,9.350000,9.370000,8.670000,8.790000
12/12/2017,9.070000,9.360000,8.870000,9.240000
12/13/2017,9.430000,9.430000,7.650000,9.350000
12/14/2017,9.250000,9.890000,8.510000,9.870000
12/15/2017,8.870000,8.890000,8.140000,8.250000
12/18/2017,8.810000,9.000000,7.520000,8.050000
12/19/2017,8.100000,9.030000,8.070000,9.030000
12/20/2017,7.980000,8.740000,7.850000,8.340000
12/21/2017,8.050000,8.210000,7.580000,7.630000
12/22/2017,7.610000,7.940000,7.150000,7.510000
12/26/2017,8.920000,8.930000,8.300000,8.480000
12/27/2017,8.460000,10.270000,7.640000,9.710000
12/28/2017,9.320000,9.430000,8.910000,9.270000
12/29/2017,9.130000,10.420000,8.940000,10.420000
01/02/2018,10.380000,10.520000,8.210000,8.540000
01/03/2018,8.320000,8.320000,7.330000,7.850000
01/04/2018,7.890000,8.330000,7.490000,7.730000
01/05/2018,7.940000,8.080000,7.450000,7.700000
01/08/2018,8.620000,8.710000,7.650000,7.900000
01/09/2018,7.970000,8.370000,7.670000,8.350000
01/10/2018,8.770000,9.150000,7.810000,7.850000
01/11/2018,8.130000,8.170000,7.630000,7.840000
01/12/2018,8.380000,8.860000,8.020000,8.680000
01/16/2018,10.100000,12.580000,10.060000,11.250000
01/17/2018,11.470000,12.200000,10.390000,11.690000
01/18/2018,11.700000,12.380000,11.300000,12.370000
01/19/2018,11.800000,11.910000,10.110000,10.410000
01/22/2018,11.530000,11.530000,10.410000,10.860000
01/23/2018,11.010000,11.250000,10.530000,11.020000
01/24/2018,11.200000,12.570000,9.870000,11.450000
01/25/2018,11.580000,12.370000,10.410000,11.640000
01/26/2018,11.540000,11.600000,9.420000,10.460000
01/29/2018,12.340000,14.910000,12.260000,14.910000
01/30/2018,16.260000,17.210000,15.260000,16.200000
01/31/2018,15.300000,15.300000,12.350000,13.860000
02/01/2018,14.430000,14.430000,12.130000,13.860000
02/02/2018,14.660000,20.780000,13.530000,18.860000
02/05/2018,22.070000,61.380000,18.150000,59.340000
02/06/2018,63.230000,68.950000,28.740000,39.460000
02/07/2018,36.100000,36.100000,22.500000,32.860000
02/08/2018,28.590000,45.530000,26.940000,41.440000
02/09/2018,36.640000,52.490000,29.880000,31.640000
02/12/2018,31.500000,33.890000,25.080000,26.830000
02/13/2018,29.390000,29.390000,24.650000,25.290000
02/14/2018,23.030000,23.470000,18.640000,18.730000
02/15/2018,18.210000,20.810000,17.210000,18.580000
02/16/2018,19.090000,21.980000,16.160000,18.680000
02/20/2018,23.320000,23.320000,19.760000,20.640000
02/21/2018,20.380000,20.420000,15.550000,20.010000
02/22/2018,19.940000,20.790000,17.310000,18.130000
02/23/2018,18.130000,18.660000,14.060000,14.980000
02/26/2018,16.830000,17.010000,15.150000,15.160000
02/27/2018,15.970000,18.790000,15.000000,18.120000
02/28/2018,16.940000,19.860000,16.350000,19.190000
03/01/2018,20.030000,28.480000,19.430000,23.890000
03/02/2018,28.130000,29.350000,18.760000,18.870000
03/05/2018,21.480000,21.580000,17.470000,18.260000
03/06/2018,17.400000,19.110000,16.860000,17.230000
03/07/2018,19.440000,19.910000,16.130000,16.710000
03/08/2018,16.180000,17.560000,15.520000,15.860000
03/09/2018,15.000000,15.320000,13.190000,13.530000
03/12/2018,16.000000,16.110000,14.630000,15.240000
03/13/2018,15.120000,16.180000,14.820000,15.360000
03/14/2018,15.460000,17.820000,15.090000,17.280000
03/15/2018,16.560000,17.620000,15.330000,15.960000
03/16/2018,14.930000,15.070000,14.040000,14.930000
03/19/2018,17.020000,29.090000,16.930000,21.950000
03/20/2018,21.660000,22.090000,19.360000,19.700000
03/21/2018,19.880000,20.880000,15.050000,18.520000
03/22/2018,22.570000,27.110000,20.390000,26.310000
03/23/2018,25.150000,30.670000,22.820000,28.220000
03/26/2018,25.400000,28.000000,22.060000,22.280000
03/27/2018,21.770000,25.720000,19.830000,22.950000
03/28/2018,23.210000,28.190000,22.740000,24.940000
03/29/2018,23.080000,23.640000,20.200000,20.570000
04/02/2018,24.090000,31.140000,23.020000,27.310000
04/03/2018,26.040000,26.990000,23.400000,23.480000
04/04/2018,28.380000,28.380000,21.560000,21.950000
04/05/2018,21.740000,22.210000,19.360000,19.930000
04/06/2018,22.050000,26.870000,20.190000,23.060000
04/09/2018,23.030000,24.120000,21.600000,23.830000
04/10/2018,22.390000,23.570000,20.680000,20.920000
04/11/2018,20.370000,20.930000,19.090000,20.370000
04/12/2018,18.750000,19.710000,17.510000,17.820000
04/13/2018,17.060000,18.390000,16.240000,16.360000
04/16/2018,17.310000,17.550000,16.280000,16.570000
04/17/2018,16.140000,16.170000,14.460000,15.350000
04/18/2018,16.400000,16.810000,14.450000,14.640000
04/19/2018,15.300000,17.280000,14.810000,15.500000
04/20/2018,14.840000,18.020000,14.630000,16.230000
04/23/2018,17.240000,17.800000,15.690000,16.440000
04/24/2018,15.780000,21.500000,15.470000,19.170000
04/25/2018,19.910000,22.060000,18.630000,18.710000
04/26/2018,18.490000,18.580000,15.980000,16.010000
04/27/2018,15.880000,16.840000,14.360000,14.440000
04/30/2018,15.730000,17.130000,14.930000,16.450000
05/01/2018,16.980000,17.800000,15.570000,15.700000
05/02/2018,15.930000,16.530000,14.700000,16.530000
05/03/2018,16.690000,21.190000,15.730000,15.750000
05/04/2018,17.270000,17.540000,13.780000,13.860000
05/07/2018,15.680000,15.680000,14.090000,14.220000
05/08/2018,14.720000,15.350000,13.940000,13.980000
05/09/2018,13.950000,14.150000,12.000000,12.130000
05/10/2018,12.360000,12.560000,11.930000,12.430000
05/11/2018,12.640000,12.650000,11.240000,11.240000
05/14/2018,12.610000,12.860000,11.920000,11.920000
05/15/2018,13.280000,14.920000,13.280000,14.290000
05/16/2018,13.690000,13.780000,12.340000,12.360000
05/17/2018,12.500000,12.820000,11.510000,12.020000
05/18/2018,12.490000,12.540000,11.310000,11.480000
05/21/2018,11.680000,12.300000,11.370000,11.370000
05/22/2018,11.260000,11.310000,10.620000,10.920000
05/23/2018,12.480000,12.600000,9.980000,10.060000
05/24/2018,10.850000,12.740000,10.290000,10.330000
05/25/2018,11.440000,11.830000,10.810000,11.460000
05/29/2018,15.830000,19.760000,14.190000,17.240000
05/30/2018,16.010000,16.040000,13.100000,13.260000
05/31/2018,14.090000,15.260000,13.150000,14.120000
06/01/2018,12.590000,12.610000,11.320000,11.440000
06/04/2018,13.030000,13.060000,11.920000,12.020000
06/05/2018,12.020000,12.730000,11.500000,11.680000
06/06/2018,11.690000,11.950000,11.010000,11.030000
06/07/2018,11.420000,13.350000,11.370000,11.900000
06/08/2018,12.950000,13.170000,11.430000,11.560000
06/11/2018,12.800000,12.820000,12.170000,12.530000
06/12/2018,12.360000,12.540000,11.520000,12.030000
06/13/2018,11.580000,12.690000,11.430000,12.660000
06/14/2018,12.950000,13.170000,11.430000,11.560000
06/15/2018,11.820000,12.490000,10.820000,10.840000
06/18/2018,13.720000,14.070000,11.640000,11.690000
06/19/2018,15.020000,15.050000,12.850000,12.970000
06/20/2018,11.820000,12.480000,11.590000,12.160000
06/21/2018,12.710000,15.480000,12.670000,14.560000
06/22/2018,12.360000,13.050000,11.960000,12.160000
06/25/2018,14.490000,20.720000,14.340000,17.680000
06/26/2018,16.610000,17.170000,14.000000,15.160000
06/27/2018,14.630000,18.500000,13.300000,17.910000
06/28/2018,18.290000,19.020000,15.290000,15.830000
06/29/2018,14.740000,15.170000,12.980000,14.930000
07/02/2018,17.990000,18.250000,14.360000,14.420000
07/03/2018,14.160000,15.480000,13.530000,15.170000
07/05/2018,14.270000,15.630000,14.080000,14.140000
07/06/2018,14.000000,14.160000,11.420000,11.490000
07/09/2018,11.980000,12.020000,10.790000,10.790000
07/10/2018,10.560000,11.500000,10.360000,10.660000
07/11/2018,12.540000,12.600000,11.420000,11.800000
07/12/2018,11.310000,11.720000,10.330000,10.600000
07/13/2018,10.800000,11.010000,9.940000,10.070000
07/16/2018,11.480000,11.800000,11.180000,11.500000
07/17/2018,12.180000,12.180000,10.320000,10.560000
07/18/2018,10.800000,10.890000,9.760000,10.030000
07/19/2018,10.880000,11.380000,10.440000,11.150000
07/20/2018,11.840000,11.960000,10.780000,11.010000
07/23/2018,12.200000,12.620000,11.300000,11.340000
07/24/2018,10.790000,12.250000,10.580000,11.150000
07/25/2018,11.500000,11.520000,10.360000,11.270000
07/26/2018,11.290000,11.560000,11.010000,11.070000
07/27/2018,11.330000,13.920000,11.140000,11.590000
07/30/2018,12.630000,14.100000,12.470000,13.570000
07/31/2018,12.670000,12.960000,11.630000,11.640000
08/01/2018,11.670000,13.260000,11.110000,12.290000
08/02/2018,13.940000,13.940000,10.380000,10.510000
08/03/2018,10.760000,10.760000,9.520000,9.580000
08/06/2018,10.810000,10.930000,9.500000,9.740000
08/07/2018,9.530000,9.740000,9.110000,9.130000
08/08/2018,9.350000,9.670000,8.560000,8.860000
08/09/2018,9.190000,9.520000,8.630000,9.460000
08/10/2018,11.850000,13.970000,11.420000,13.090000
08/13/2018,14.050000,15.970000,12.800000,15.340000
08/14/2018,13.700000,14.160000,12.270000,12.620000
08/15/2018,14.840000,18.170000,14.390000,15.010000
08/16/2018,12.970000,13.370000,11.850000,12.920000
08/17/2018,13.210000,13.790000,11.500000,11.570000
08/20/2018,12.110000,12.320000,11.330000,11.420000
08/21/2018,11.140000,11.580000,10.750000,11.550000
08/22/2018,12.030000,12.110000,10.330000,10.770000
08/23/2018,10.960000,11.640000,10.050000,10.800000
08/24/2018,10.320000,10.580000,9.870000,10.170000
08/27/2018,11.270000,11.280000,10.150000,10.230000
08/28/2018,10.210000,10.510000,9.870000,10.200000
08/29/2018,9.930000,10.110000,9.730000,9.770000
08/30/2018,10.320000,11.910000,10.130000,11.490000
08/31/2018,11.610000,12.510000,10.680000,11.010000
09/04/2018,13.130000,14.000000,11.950000,11.970000
09/05/2018,12.290000,13.520000,11.850000,12.650000
09/06/2018,12.640000,15.230000,12.280000,13.460000
09/07/2018,14.590000,14.900000,12.450000,13.490000
09/10/2018,13.690000,13.830000,12.260000,12.570000
09/11/2018,13.490000,13.760000,11.000000,11.000000
09/12/2018,11.050000,11.730000,10.460000,10.670000
09/13/2018,10.530000,10.600000,9.980000,10.030000
09/14/2018,10.210000,10.660000,8.810000,9.930000
09/17/2018,11.260000,13.690000,11.060000,13.500000
09/18/2018,12.380000,12.470000,11.560000,11.740000
09/19/2018,11.440000,11.940000,10.970000,11.450000
09/20/2018,10.780000,11.240000,10.630000,11.040000
09/21/2018,11.270000,11.270000,10.050000,10.630000
09/24/2018,11.990000,12.900000,11.600000,11.630000
09/25/2018,11.460000,12.180000,11.330000,11.760000
09/26/2018,11.560000,12.970000,10.720000,12.700000
09/27/2018,11.830000,12.470000,11.070000,12.090000
09/28/2018,12.730000,12.840000,11.070000,11.170000
10/01/2018,11.380000,11.730000,10.670000,11.190000
10/02/2018,11.490000,11.680000,10.500000,11.130000
10/03/2018,10.600000,11.670000,10.130000,10.810000
10/04/2018,11.850000,18.880000,11.810000,15.420000
10/05/2018,14.430000,19.610000,13.160000,14.860000
10/08/2018,17.170000,18.900000,14.920000,14.920000
10/09/2018,15.970000,16.960000,13.660000,14.400000
10/10/2018,15.640000,26.100000,15.630000,25.980000
10/11/2018,23.850000,35.600000,23.070000,29.580000
10/12/2018,25.020000,32.890000,21.840000,22.840000
10/15/2018,24.760000,25.890000,20.860000,23.910000
10/16/2018,20.720000,20.980000,17.780000,17.850000
10/17/2018,17.950000,20.710000,17.560000,17.750000
10/18/2018,19.400000,24.550000,18.290000,22.310000
10/19/2018,21.240000,23.440000,18.970000,21.130000
10/22/2018,20.720000,23.620000,19.570000,20.670000
10/23/2018,29.710000,29.710000,22.490000,23.430000
10/24/2018,23.970000,34.340000,23.210000,31.910000
10/25/2018,29.800000,31.030000,26.360000,29.620000
10/26/2018,32.210000,35.410000,28.810000,29.890000
10/29/2018,29.040000,36.370000,27.170000,31.030000
10/30/2018,32.420000,32.540000,28.600000,28.870000
10/31/2018,26.960000,27.350000,23.620000,25.160000
11/01/2018,23.680000,24.330000,20.830000,21.540000
11/02/2018,20.970000,25.200000,20.100000,21.170000
11/05/2018,22.320000,23.890000,21.420000,21.630000
11/06/2018,22.060000,22.930000,21.150000,21.620000
11/07/2018,17.390000,18.010000,15.490000,15.540000
11/08/2018,15.530000,16.620000,15.310000,15.560000
11/09/2018,16.280000,17.620000,15.170000,15.630000
11/12/2018,16.940000,21.390000,16.880000,20.690000
11/13/2018,20.190000,21.610000,18.230000,19.380000
11/14/2018,18.630000,23.390000,18.290000,21.390000
11/15/2018,22.320000,24.060000,19.380000,19.500000
11/16/2018,20.930000,21.200000,16.290000,16.350000
11/19/2018,19.170000,21.790000,18.500000,20.430000
11/20/2018,24.770000,26.660000,22.800000,23.630000
11/21/2018,22.530000,22.980000,19.190000,19.860000
11/23/2018,22.960000,22.970000,20.700000,21.420000
11/26/2018,21.690000,21.710000,19.550000,20.040000
11/27/2018,21.490000,21.720000,20.530000,21.080000
11/28/2018,21.270000,22.850000,21.110000,21.920000
11/29/2018,22.590000,24.910000,21.860000,22.380000
11/30/2018,23.150000,23.150000,21.940000,22.110000
12/03/2018,18.090000,19.480000,17.010000,17.210000
12/04/2018,17.740000,26.990000,17.070000,25.130000
12/06/2018,31.360000,33.480000,24.970000,25.060000
12/07/2018,24.770000,30.520000,22.600000,27.470000
12/10/2018,28.130000,31.830000,25.150000,25.240000
12/11/2018,23.950000,26.310000,22.720000,23.790000
12/12/2018,22.070000,23.060000,21.480000,22.640000
12/13/2018,21.530000,21.810000,19.980000,20.330000
12/14/2018,21.380000,23.460000,20.530000,22.080000
12/17/2018,23.850000,29.180000,23.110000,28.000000
12/18/2018,26.450000,29.610000,25.740000,28.510000
12/19/2018,28.790000,28.900000,23.610000,26.160000
12/20/2018,26.960000,33.860000,25.920000,31.190000
12/21/2018,30.640000,35.430000,27.000000,33.030000
12/24/2018,37.350000,42.500000,35.980000,42.400000
12/26/2018,41.090000,42.900000,33.330000,33.920000
12/27/2018,37.870000,39.640000,34.380000,34.380000
12/28/2018,33.700000,35.470000,30.840000,31.640000
12/31/2018,31.720000,31.740000,28.570000,28.570000
01/02/2019,31.460000,31.460000,22.820000,22.820000
01/03/2019,25.820000,28.950000,24.470000,26.590000
01/04/2019,24.040000,24.380000,20.840000,20.850000
01/07/2019,23.420000,23.420000,21.110000,21.470000
01/08/2019,20.880000,22.920000,19.850000,20.130000
01/09/2019,20.260000,21.040000,18.700000,18.880000
01/10/2019,20.460000,21.040000,17.660000,17.740000
01/11/2019,18.640000,18.760000,15.960000,15.960000
01/14/2019,19.430000,19.460000,16.900000,17.040000
01/15/2019,17.620000,17.680000,16.160000,16.500000
01/16/2019,16.600000,16.950000,15.980000,16.340000
01/17/2019,17.320000,17.320000,15.310000,15.670000
01/18/2019,15.700000,16.210000,14.980000,15.040000
01/22/2019,18.960000,21.960000,18.890000,21.240000
01/23/2019,20.750000,22.890000,19.400000,19.400000
01/24/2019,20.400000,20.630000,17.600000,17.640000
01/25/2019,17.530000,17.800000,16.240000,16.390000
01/28/2019,20.260000,22.070000,19.410000,19.490000
01/29/2019,19.450000,21.120000,19.380000,19.950000
01/30/2019,19.520000,19.970000,17.320000,17.370000
01/31/2019,17.230000,17.270000,15.420000,15.610000
02/01/2019,15.180000,15.350000,14.090000,14.090000
02/04/2019,15.940000,15.970000,13.590000,13.670000
02/05/2019,13.860000,14.400000,13.190000,13.460000
02/06/2019,13.510000,14.030000,12.690000,12.730000
02/07/2019,14.190000,17.450000,13.780000,14.890000
02/08/2019,16.100000,17.170000,13.440000,13.610000
02/11/2019,14.720000,15.470000,14.560000,14.670000
02/12/2019,13.950000,14.100000,13.380000,13.470000
02/13/2019,13.730000,14.140000,12.820000,13.490000
02/14/2019,15.110000,15.770000,13.660000,14.110000
02/15/2019,13.450000,13.610000,12.020000,12.180000
02/19/2019,15.200000,15.210000,13.190000,13.380000
02/20/2019,13.660000,13.890000,12.480000,12.600000
02/21/2019,13.530000,14.460000,12.680000,13.180000
02/22/2019,13.130000,13.180000,11.470000,11.490000
02/25/2019,12.850000,14.090000,12.570000,14.060000
02/26/2019,14.480000,14.610000,13.290000,14.200000
02/27/2019,14.570000,15.660000,13.140000,13.140000
02/28/2019,13.170000,13.740000,12.460000,13.180000
03/01/2019,12.390000,13.190000,11.080000,11.330000
03/04/2019,12.420000,17.650000,11.900000,13.400000
03/05/2019,13.540000,14.700000,12.740000,13.360000
03/06/2019,13.600000,15.650000,13.490000,14.990000
03/07/2019,16.090000,18.470000,15.170000,16.150000
03/08/2019,18.570000,18.790000,14.560000,14.630000
03/11/2019,16.070000,16.070000,13.360000,13.400000
03/12/2019,13.570000,13.610000,12.690000,12.730000
03/13/2019,12.410000,13.300000,12.170000,12.530000
03/14/2019,12.960000,13.200000,12.050000,12.520000
03/15/2019,12.390000,12.430000,11.180000,11.220000
03/18/2019,12.740000,13.610000,12.480000,12.530000
03/19/2019,12.240000,13.930000,12.220000,13.530000
03/20/2019,14.220000,14.730000,12.360000,13.490000
03/21/2019,13.980000,13.990000,12.620000,13.110000
03/22/2019,13.940000,18.470000,13.600000,16.850000
03/25/2019,18.890000,19.570000,16.380000,16.410000
03/26/2019,15.460000,15.630000,13.890000,13.950000
03/27/2019,14.410000,17.130000,14.180000,14.700000
03/28/2019,14.620000,15.570000,13.640000,13.700000
03/29/2019,13.160000,13.640000,12.060000,12.340000
04/01/2019,13.210000,13.340000,11.950000,12.110000
04/02/2019,12.260000,12.470000,11.510000,11.860000
04/03/2019,11.750000,13.120000,11.630000,12.290000
04/04/2019,12.440000,12.450000,11.310000,11.580000
04/05/2019,11.260000,11.260000,9.920000,10.120000
04/08/2019,11.630000,11.920000,10.650000,10.740000
04/09/2019,11.710000,12.210000,11.030000,11.780000
04/10/2019,11.450000,11.620000,8.770000,10.140000
04/11/2019,10.810000,11.050000,10.290000,10.520000
04/12/2019,10.440000,10.610000,9.650000,9.740000
04/15/2019,10.990000,11.770000,10.530000,10.610000
04/16/2019,10.390000,11.090000,10.230000,10.760000
04/17/2019,10.280000,11.830000,10.250000,11.000000
04/18/2019,10.660000,11.130000,9.860000,9.930000
04/22/2019,13.160000,13.170000,11.570000,11.630000
04/23/2019,11.710000,12.160000,11.480000,11.640000
04/24/2019,11.910000,12.730000,11.650000,12.540000
04/25/2019,13.180000,14.120000,11.820000,12.360000
04/26/2019,12.480000,12.770000,11.320000,11.810000
04/29/2019,13.000000,13.000000,12.290000,12.520000
04/30/2019,13.020000,13.820000,12.340000,12.440000
05/01/2019,12.510000,15.090000,12.060000,14.950000
05/02/2019,14.750000,16.610000,13.470000,13.920000
05/03/2019,12.500000,12.500000,10.960000,10.960000
05/06/2019,20.360000,20.360000,14.920000,15.450000
05/07/2019,18.540000,24.880000,18.360000,20.740000
05/08/2019,21.960000,23.210000,19.350000,21.330000
05/09/2019,26.440000,27.260000,20.880000,21.860000
05/10/2019,20.690000,23.080000,15.840000,16.570000
05/13/2019,22.850000,24.360000,21.480000,22.760000
05/14/2019,22.760000,22.760000,18.420000,18.760000
05/15/2019,20.350000,20.400000,16.120000,16.310000
05/16/2019,16.140000,16.140000,14.710000,15.060000
05/17/2019,17.110000,17.110000,14.480000,16.260000
05/20/2019,18.770000,19.410000,16.610000,16.820000
05/21/2019,15.810000,15.810000,13.980000,14.500000
05/22/2019,14.500000,14.940000,13.480000,13.920000
05/23/2019,16.440000,18.990000,16.420000,17.400000
05/24/2019,15.780000,16.490000,15.230000,15.360000
05/28/2019,16.840000,18.530000,15.920000,17.980000
05/29/2019,19.040000,19.910000,18.040000,18.340000
05/30/2019,17.180000,18.370000,16.350000,17.120000
05/31/2019,19.720000,19.930000,18.040000,19.000000
06/03/2019,19.300000,20.460000,18.590000,19.260000
06/04/2019,18.520000,18.890000,16.650000,16.650000
06/05/2019,16.450000,17.520000,14.790000,14.900000
06/06/2019,15.240000,15.400000,14.220000,14.880000
06/07/2019,14.440000,15.410000,14.310000,15.020000
06/10/2019,15.500000,16.050000,15.250000,15.250000
06/11/2019,14.850000,16.190000,14.850000,15.150000
06/12/2019,15.290000,15.490000,14.640000,14.660000
06/13/2019,14.850000,15.010000,14.370000,14.590000
06/14/2019,15.160000,15.520000,13.500000,13.560000
06/17/2019,15.360000,15.500000,14.600000,14.990000
06/18/2019,15.070000,15.640000,14.150000,15.290000
06/19/2019,15.320000,17.010000,13.700000,13.870000
06/20/2019,13.540000,16.550000,13.120000,14.770000
06/21/2019,14.680000,14.830000,13.940000,14.830000
06/24/2019,16.220000,16.390000,15.800000,15.800000
06/25/2019,15.800000,17.740000,15.780000,17.010000
06/26/2019,17.030000,17.330000,16.280000,16.800000
06/27/2019,16.850000,17.100000,16.240000,16.340000
06/28/2019,16.640000,17.060000,15.670000,15.670000
07/01/2019,13.200000,13.410000,12.320000,12.510000
07/02/2019,12.310000,12.490000,10.380000,10.420000
07/03/2019,10.530000,10.530000,9.870000,9.910000
07/05/2019,11.400000,12.380000,10.340000,10.570000
07/08/2019,12.310000,12.530000,11.020000,11.120000
07/09/2019,12.050000,12.050000,10.870000,11.080000
07/10/2019,10.650000,10.650000,9.880000,9.940000
07/11/2019,10.090000,10.570000,9.740000,10.080000
07/12/2019,9.900000,9.930000,9.480000,9.880000
07/15/2019,10.950000,11.250000,10.790000,11.010000
07/16/2019,10.980000,12.100000,10.340000,11.710000
07/17/2019,11.590000,13.420000,11.460000,13.420000
07/18/2019,13.400000,14.290000,12.100000,12.680000
07/19/2019,12.680000,13.560000,12.220000,13.560000
07/22/2019,15.050000,15.240000,13.460000,13.640000
07/23/2019,13.590000,13.850000,12.300000,12.820000
07/24/2019,13.390000,13.390000,12.130000,12.190000
07/25/2019,12.780000,13.920000,12.450000,12.530000
07/26/2019,12.230000,12.290000,11.500000,11.540000
07/29/2019,12.690000,13.400000,12.560000,12.670000
07/30/2019,14.330000,14.610000,13.610000,14.460000
07/31/2019,14.440000,18.410000,12.360000,18.410000
08/01/2019,15.570000,22.440000,13.100000,19.320000
08/02/2019,19.500000,22.310000,17.690000,17.690000
08/05/2019,24.120000,30.160000,23.730000,29.140000
08/06/2019,24.320000,25.460000,21.240000,21.840000
08/07/2019,25.560000,27.650000,19.980000,20.950000
08/08/2019,19.660000,19.760000,16.460000,16.770000
08/09/2019,16.760000,20.200000,16.760000,17.750000
08/12/2019,21.470000,23.130000,19.870000,22.450000
08/13/2019,22.080000,22.290000,17.490000,17.490000
08/14/2019,17.620000,25.270000,17.620000,24.420000
08/15/2019,24.190000,25.860000,22.040000,22.450000
08/16/2019,22.500000,22.500000,18.140000,18.360000
08/19/2019,17.480000,17.760000,16.490000,17.200000
08/20/2019,17.640000,18.940000,16.770000,18.430000
08/21/2019,16.250000,16.860000,15.860000,16.090000
08/22/2019,15.810000,18.410000,15.630000,16.710000
08/23/2019,19.010000,24.160000,16.110000,21.550000
08/26/2019,22.280000,23.510000,19.470000,19.820000
08/27/2019,19.120000,21.990000,18.400000,20.810000
08/28/2019,22.000000,22.670000,18.900000,19.160000
08/29/2019,17.440000,18.570000,16.760000,16.850000
08/30/2019,16.810000,18.860000,16.210000,18.600000
09/03/2019,20.760000,21.590000,18.940000,19.070000
09/04/2019,16.870000,17.650000,15.460000,15.600000
09/05/2019,14.910000,14.930000,13.010000,14.590000
09/06/2019,14.160000,14.290000,12.340000,12.390000
09/09/2019,13.730000,14.980000,13.520000,13.660000
09/10/2019,14.590000,15.650000,13.340000,13.760000
09/11/2019,14.100000,14.130000,13.090000,13.130000
09/12/2019,13.240000,13.790000,11.200000,13.100000
09/13/2019,13.060000,13.430000,12.260000,12.620000
09/16/2019,15.040000,15.180000,14.140000,14.600000
09/17/2019,14.950000,15.250000,14.430000,14.540000
09/18/2019,15.150000,17.310000,13.710000,14.130000
09/19/2019,14.100000,14.100000,12.180000,13.180000
09/20/2019,12.200000,15.670000,11.780000,14.680000
09/23/2019,12.430000,15.430000,8.880000,9.830000
09/24/2019,13.490000,18.690000,13.120000,17.730000
09/25/2019,17.770000,19.660000,14.930000,15.300000
09/26/2019,15.510000,17.400000,14.570000,15.200000
09/27/2019,15.140000,19.410000,13.440000,16.770000
09/30/2019,16.970000,17.030000,15.200000,15.280000
10/01/2019,15.260000,19.290000,14.650000,18.940000
10/02/2019,20.310000,23.430000,20.240000,21.710000
10/03/2019,21.010000,23.040000,19.230000,19.480000
10/04/2019,18.700000,18.700000,16.020000,16.270000
10/07/2019,18.430000,18.650000,16.320000,17.700000
10/08/2019,19.890000,20.740000,18.320000,20.290000
10/09/2019,19.390000,19.930000,16.860000,18.260000
10/10/2019,19.900000,19.940000,17.600000,17.780000
10/11/2019,16.930000,17.750000,14.590000,15.280000
10/14/2019,16.090000,16.090000,13.880000,14.010000
10/15/2019,13.440000,13.440000,12.250000,12.300000
10/16/2019,13.050000,13.440000,11.800000,11.920000
10/17/2019,12.120000,12.730000,11.620000,11.900000
10/18/2019,12.890000,13.860000,12.260000,12.350000
10/21/2019,13.460000,13.720000,12.610000,12.610000
10/22/2019,12.530000,13.520000,12.050000,13.300000
10/23/2019,13.460000,13.660000,12.270000,12.270000
10/24/2019,12.170000,12.920000,11.400000,11.890000
10/25/2019,12.070000,12.070000,10.330000,10.330000
10/28/2019,11.540000,11.760000,11.290000,11.700000
10/29/2019,12.190000,12.300000,11.600000,11.750000
10/30/2019,12.210000,13.030000,10.600000,10.670000
10/31/2019,11.670000,12.970000,11.410000,11.580000
11/01/2019,10.810000,11.560000,9.790000,9.840000
11/04/2019,11.170000,11.710000,10.760000,11.080000
11/05/2019,11.580000,11.580000,10.640000,10.990000
11/06/2019,11.140000,11.860000,9.470000,9.470000
11/07/2019,10.040000,10.300000,9.680000,10.160000
11/08/2019,10.150000,10.760000,9.300000,9.320000
11/11/2019,9.300000,11.800000,9.300000,10.690000
11/12/2019,10.870000,11.340000,10.440000,10.800000
11/13/2019,11.930000,11.970000,10.920000,10.970000
11/14/2019,11.460000,12.030000,10.910000,11.230000
11/15/2019,10.860000,11.070000,9.570000,9.670000
11/18/2019,9.670000,11.620000,9.670000,10.180000
11/19/2019,10.120000,10.700000,9.690000,10.250000
11/20/2019,10.660000,12.910000,9.840000,10.200000
11/21/2019,10.750000,11.760000,10.320000,10.560000
11/22/2019,10.530000,10.880000,9.220000,9.220000
11/25/2019,10.360000,10.380000,9.640000,9.760000
11/26/2019,9.920000,10.040000,9.450000,9.500000
11/27/2019,9.690000,9.930000,9.060000,9.900000
11/29/2019,11.360000,11.680000,10.970000,11.360000
12/02/2019,13.290000,16.200000,13.290000,15.300000
12/03/2019,19.350000,20.590000,16.470000,16.860000
12/04/2019,15.880000,16.010000,14.030000,14.920000
12/05/2019,14.540000,15.630000,13.690000,13.940000
12/06/2019,12.470000,12.850000,12.200000,12.810000
12/09/2019,14.700000,17.410000,14.270000,17.060000
12/10/2019,16.580000,17.890000,15.970000,16.240000
12/11/2019,16.730000,17.030000,14.360000,15.270000
12/12/2019,16.250000,16.700000,13.810000,14.670000
12/13/2019,14.940000,15.350000,11.840000,12.410000
12/16/2019,11.010000,12.080000,10.580000,11.630000
12/17/2019,11.350000,11.600000,10.870000,11.160000
12/18/2019,10.710000,10.880000,9.900000,10.300000
12/19/2019,10.260000,10.290000,9.330000,9.390000
12/20/2019,8.820000,9.360000,8.550000,9.270000
12/23/2019,10.370000,10.480000,9.590000,9.830000
12/24/2019,9.840000,10.080000,9.490000,9.560000
12/26/2019,10.110000,10.160000,9.710000,9.940000
12/27/2019,10.320000,11.580000,10.300000,11.000000
12/30/2019,10.990000,14.460000,10.990000,13.770000
12/31/2019,14.470000,14.690000,13.160000,13.260000
01/02/2020,12.440000,12.750000,10.430000,10.600000
01/03/2020,14.880000,14.880000,11.910000,12.780000
01/06/2020,15.890000,15.890000,12.110000,12.420000
01/07/2020,13.200000,13.560000,11.730000,12.340000
01/08/2020,13.430000,13.450000,10.810000,12.220000
01/09/2020,11.650000,11.770000,10.830000,10.860000
01/10/2020,10.510000,11.080000,9.800000,10.570000
01/13/2020,11.390000,11.670000,10.050000,10.050000
01/14/2020,10.290000,11.110000,9.490000,10.180000
01/15/2020,10.350000,10.430000,9.680000,9.690000
01/16/2020,9.490000,9.830000,9.240000,9.710000
01/17/2020,9.730000,9.840000,8.980000,9.040000
01/21/2020,11.820000,12.170000,11.010000,11.380000
01/22/2020,11.250000,11.280000,10.410000,11.030000
01/23/2020,11.000000,13.010000,11.000000,11.400000
01/24/2020,11.390000,17.800000,11.270000,14.650000
01/27/2020,14.580000,22.150000,14.580000,21.300000
01/28/2020,19.120000,19.880000,17.350000,18.340000
01/29/2020,16.880000,19.200000,16.240000,18.120000
01/30/2020,20.190000,21.230000,16.110000,16.410000
01/31/2020,18.230000,23.330000,18.070000,21.660000
02/03/2020,20.090000,20.310000,18.290000,19.230000
02/04/2020,16.290000,16.610000,15.680000,15.810000
02/05/2020,14.740000,15.750000,13.520000,13.690000
02/06/2020,13.950000,14.570000,12.800000,12.980000
02/07/2020,14.380000,15.210000,12.900000,13.730000
02/10/2020,15.540000,15.540000,12.850000,12.890000
02/11/2020,12.300000,13.230000,11.940000,13.040000
02/12/2020,11.970000,11.970000,10.760000,10.840000
02/13/2020,12.900000,13.060000,11.550000,11.830000
02/14/2020,11.850000,12.310000,10.950000,10.980000
02/18/2020,13.940000,14.700000,12.910000,13.020000
02/19/2020,12.270000,12.480000,11.810000,11.880000
02/20/2020,12.910000,16.810000,12.310000,13.860000
02/21/2020,15.930000,18.160000,15.480000,15.770000
02/24/2020,27.460000,33.450000,24.770000,31.900000
02/25/2020,26.810000,39.450000,26.810000,36.350000
02/26/2020,33.120000,36.850000,29.900000,34.840000
02/27/2020,40.940000,54.900000,37.500000,54.740000
02/28/2020,60.190000,70.480000,52.120000,52.900000
03/02/2020,49.320000,53.550000,36.410000,42.170000
03/03/2020,42.370000,53.720000,31.430000,47.340000
03/04/2020,38.690000,42.810000,34.570000,37.060000
03/05/2020,45.000000,55.090000,40.850000,48.630000
03/06/2020,59.810000,68.910000,46.100000,48.550000
03/09/2020,48.620000,76.770000,48.620000,70.300000
03/10/2020,60.230000,69.680000,55.310000,57.390000
03/11/2020,64.490000,70.940000,60.230000,68.210000
03/12/2020,68.000000,103.580000,68.000000,103.560000
03/13/2020,80.570000,102.310000,65.050000,69.870000
03/16/2020,69.870000,109.460000,69.870000,106.660000
03/17/2020,103.090000,110.920000,85.080000,92.930000
03/18/2020,92.460000,111.680000,86.800000,97.220000
03/19/2020,98.770000,107.420000,87.380000,91.020000
03/20/2020,85.520000,87.380000,72.090000,83.470000
03/23/2020,90.130000,92.380000,77.830000,78.760000
03/24/2020,68.820000,78.890000,68.110000,78.040000
03/25/2020,81.990000,84.660000,76.580000,81.300000
03/26/2020,74.400000,76.680000,67.610000,73.610000
03/27/2020,82.630000,82.630000,69.070000,72.330000
03/30/2020,72.140000,73.940000,62.160000,62.800000
03/31/2020,61.020000,65.730000,56.240000,60.160000
04/01/2020,68.870000,68.870000,57.080000,61.330000
04/02/2020,58.780000,61.100000,52.290000,52.810000
04/03/2020,51.160000,52.050000,46.370000,46.660000
04/06/2020,45.560000,47.860000,44.260000,47.020000
04/07/2020,45.600000,50.160000,44.850000,48.340000
04/08/2020,44.870000,47.120000,41.880000,42.460000
04/09/2020,42.960000,43.810000,40.090000,40.420000
04/13/2020,46.430000,48.820000,41.650000,41.740000
04/14/2020,39.630000,40.320000,38.740000,38.810000
04/15/2020,44.250000,44.980000,41.130000,41.640000
04/16/2020,41.620000,44.190000,40.040000,40.490000
04/17/2020,40.220000,40.960000,20.070000,36.180000
04/20/2020,43.250000,44.040000,39.950000,44.000000
04/21/2020,46.370000,48.380000,44.680000,45.460000
04/22/2020,42.800000,43.210000,32.180000,40.210000
04/23/2020,38.650000,40.470000,36.140000,39.350000
04/24/2020,37.270000,38.180000,31.150000,31.720000
04/27/2020,33.890000,33.910000,30.940000,31.410000
04/28/2020,29.770000,35.590000,29.770000,32.440000
04/29/2020,30.390000,31.320000,29.570000,29.660000
04/30/2020,32.450000,35.230000,31.540000,32.880000
05/01/2020,37.640000,39.360000,34.890000,35.570000
05/04/2020,40.130000,40.730000,34.920000,35.450000
05/05/2020,33.500000,33.510000,30.530000,33.190000
05/06/2020,30.980000,34.060000,30.590000,33.980000
05/07/2020,30.080000,30.940000,28.770000,29.750000
05/08/2020,27.360000,27.960000,24.710000,24.890000
05/11/2020,30.040000,30.120000,25.720000,26.170000
05/12/2020,24.550000,33.360000,24.420000,33.360000
05/13/2020,32.320000,39.330000,31.150000,34.630000
05/14/2020,37.740000,39.520000,31.050000,31.660000
05/15/2020,33.410000,34.480000,28.700000,29.710000
05/18/2020,27.520000,27.720000,26.610000,27.620000
05/19/2020,27.810000,28.400000,25.600000,28.030000
05/20/2020,25.140000,26.270000,24.750000,24.930000
05/21/2020,24.840000,28.240000,24.220000,26.150000
05/22/2020,26.080000,26.910000,23.180000,23.470000
05/26/2020,25.160000,26.350000,24.830000,25.500000
05/27/2020,24.930000,29.130000,24.590000,25.170000
05/28/2020,26.190000,28.030000,24.740000,26.020000
05/29/2020,28.710000,28.880000,24.390000,24.590000
06/01/2020,30.410000,30.420000,27.020000,27.080000
06/02/2020,27.270000,27.570000,24.810000,25.060000
06/03/2020,25.100000,25.380000,23.220000,23.970000
06/04/2020,24.270000,24.480000,21.830000,23.560000
06/05/2020,21.970000,23.400000,21.540000,22.630000
06/08/2020,24.950000,25.440000,24.270000,25.180000
06/09/2020,25.870000,27.090000,25.330000,26.920000
06/10/2020,26.930000,29.370000,19.540000,27.100000
06/11/2020,32.390000,47.210000,29.390000,42.060000
06/12/2020,37.470000,47.470000,34.480000,36.520000
06/15/2020,44.500000,45.380000,35.930000,35.980000
06/16/2020,34.750000,40.430000,33.070000,35.380000
06/17/2020,35.470000,37.150000,32.630000,33.980000
06/18/2020,36.040000,36.040000,31.110000,32.050000
06/19/2020,29.680000,34.780000,28.930000,33.920000
06/22/2020,34.840000,35.680000,31.100000,31.230000
06/23/2020,30.030000,30.870000,28.880000,30.290000
06/24/2020,31.770000,38.270000,30.790000,33.250000
06/25/2020,33.290000,36.760000,30.360000,30.920000
06/26/2020,30.940000,36.310000,30.930000,33.310000
06/29/2020,34.860000,36.930000,30.420000,30.420000
06/30/2020,31.160000,31.280000,27.160000,29.140000
07/01/2020,28.070000,28.390000,24.920000,25.200000
07/02/2020,23.380000,25.220000,22.000000,22.640000
07/06/2020,25.800000,26.450000,24.880000,25.230000
07/07/2020,25.920000,27.200000,24.540000,26.840000
07/08/2020,25.890000,27.590000,23.590000,23.670000
07/09/2020,23.350000,29.490000,23.340000,25.550000
07/10/2020,26.110000,27.560000,22.390000,22.590000
07/13/2020,24.850000,31.000000,24.790000,30.310000
07/14/2020,31.440000,33.400000,27.490000,27.780000
07/15/2020,26.670000,29.480000,25.220000,25.220000
07/16/2020,26.640000,27.360000,24.550000,25.850000
07/17/2020,24.110000,25.120000,21.900000,22.160000
07/20/2020,24.660000,24.980000,22.490000,22.520000
07/21/2020,22.460000,24.130000,22.160000,23.330000
07/22/2020,23.930000,24.330000,21.530000,21.650000
07/23/2020,22.280000,26.070000,21.660000,24.100000
07/24/2020,26.930000,28.040000,22.260000,22.700000
07/27/2020,25.250000,25.450000,22.300000,22.380000
07/28/2020,23.150000,24.100000,22.000000,23.540000
07/29/2020,23.000000,23.030000,21.670000,21.930000
07/30/2020,25.260000,27.780000,22.650000,22.790000
07/31/2020,22.830000,25.210000,19.730000,20.610000
08/03/2020,22.480000,22.650000,20.880000,20.950000
08/04/2020,21.280000,21.770000,20.390000,20.440000
08/05/2020,20.030000,20.080000,18.650000,19.020000
08/06/2020,19.960000,20.360000,18.920000,19.400000
08/07/2020,20.790000,20.790000,17.960000,18.080000
08/10/2020,20.090000,21.620000,18.780000,18.880000
08/11/2020,18.450000,23.580000,18.260000,21.890000
08/12/2020,19.220000,19.710000,18.260000,18.900000
08/13/2020,19.400000,19.890000,17.910000,18.540000
08/14/2020,19.490000,19.730000,17.460000,17.870000
08/17/2020,19.540000,19.560000,17.560000,17.600000
08/18/2020,17.880000,19.490000,17.570000,17.820000
08/19/2020,17.970000,19.640000,17.280000,19.230000
08/20/2020,21.910000,21.910000,18.350000,18.850000
08/21/2020,19.720000,20.210000,17.580000,18.010000
08/24/2020,19.680000,20.350000,18.630000,18.810000
08/25/2020,19.490000,20.250000,18.010000,18.090000
08/26/2020,18.160000,19.970000,17.660000,19.960000
08/27/2020,19.280000,24.600000,19.150000,20.190000
08/28/2020,20.860000,22.360000,16.650000,17.130000
08/31/2020,20.640000,21.660000,19.600000,21.100000
09/01/2020,20.970000,21.570000,19.240000,19.650000
09/02/2020,19.940000,21.100000,19.180000,20.710000
09/03/2020,21.520000,34.790000,20.880000,30.450000
09/04/2020,30.210000,40.200000,28.140000,29.410000
09/08/2020,38.280000,38.280000,31.910000,32.910000
09/09/2020,30.430000,30.820000,27.410000,29.090000
09/10/2020,27.490000,31.560000,26.810000,30.430000
09/11/2020,28.530000,30.880000,25.400000,26.330000
09/14/2020,26.620000,26.880000,24.500000,25.060000
09/15/2020,24.360000,24.820000,23.600000,24.220000
09/16/2020,24.360000,24.950000,22.500000,23.770000
09/17/2020,28.370000,28.370000,24.790000,24.950000
09/18/2020,24.570000,28.050000,23.920000,24.020000
09/21/2020,31.090000,32.900000,27.560000,28.110000
09/22/2020,27.770000,28.570000,25.430000,25.950000
09/23/2020,25.440000,29.800000,25.120000,27.970000
09/24/2020,28.060000,30.880000,27.140000,27.650000
09/25/2020,27.600000,29.140000,24.190000,24.570000
09/28/2020,26.370000,26.610000,25.110000,25.210000
09/29/2020,26.260000,27.530000,25.450000,25.990000
09/30/2020,25.640000,26.410000,24.480000,25.770000
10/01/2020,25.140000,26.420000,24.660000,24.800000
10/02/2020,27.440000,27.440000,23.580000,24.640000
10/05/2020,25.360000,25.390000,23.440000,23.510000
10/06/2020,23.070000,26.030000,21.780000,25.080000
10/07/2020,23.360000,23.550000,21.740000,21.740000
10/08/2020,21.620000,21.960000,19.880000,19.940000
10/09/2020,19.550000,19.570000,18.200000,18.850000
10/12/2020,20.040000,21.170000,19.480000,20.300000
10/13/2020,20.330000,22.610000,20.330000,21.390000
10/14/2020,21.520000,22.690000,20.700000,21.300000
10/15/2020,24.410000,24.410000,20.880000,21.380000
10/16/2020,21.510000,21.640000,20.240000,21.640000
10/19/2020,23.410000,25.920000,23.220000,24.650000
10/20/2020,24.510000,25.230000,23.760000,24.570000
10/21/2020,24.900000,25.030000,23.100000,23.200000
10/22/2020,24.950000,25.580000,23.840000,24.060000
10/23/2020,24.850000,25.840000,23.840000,24.290000
10/26/2020,30.910000,37.460000,30.470000,35.910000
10/27/2020,36.590000,38.080000,36.100000,37.290000
10/28/2020,44.130000,50.160000,41.000000,47.900000
10/29/2020,47.740000,49.770000,42.250000,44.340000
10/30/2020,44.090000,48.540000,42.860000,44.330000
11/02/2020,45.460000,46.510000,43.370000,43.860000
11/03/2020,42.420000,43.490000,40.670000,43.200000
11/04/2020,43.200000,43.200000,30.290000,32.460000
11/05/2020,32.500000,32.500000,27.160000,28.090000
11/06/2020,27.700000,28.610000,23.400000,23.960000
11/09/2020,23.960000,26.780000,22.750000,26.710000
11/10/2020,26.750000,28.080000,24.010000,24.430000
11/11/2020,24.430000,24.430000,21.490000,21.590000
11/12/2020,22.260000,26.940000,21.600000,23.880000
11/13/2020,22.000000,22.190000,20.380000,21.010000
11/16/2020,21.010000,22.080000,19.240000,19.330000
11/17/2020,19.310000,21.280000,18.470000,18.810000
11/18/2020,18.790000,19.680000,16.940000,19.590000
11/19/2020,19.650000,20.850000,18.630000,19.260000
11/20/2020,19.320000,20.100000,18.370000,19.860000
11/23/2020,19.900000,22.310000,19.560000,19.580000
11/24/2020,19.580000,19.690000,18.310000,18.400000
11/25/2020,18.400000,19.420000,17.060000,17.140000
11/27/2020,17.150000,19.240000,17.150000,18.250000
11/30/2020,18.330000,23.420000,18.330000,19.870000
12/01/2020,19.830000,20.300000,19.320000,19.870000
12/02/2020,19.870000,20.300000,18.820000,19.290000
12/03/2020,19.320000,20.320000,18.420000,19.350000
12/04/2020,19.370000,19.370000,17.780000,17.960000
12/07/2020,17.970000,20.570000,15.540000,18.740000
12/08/2020,18.700000,19.650000,17.970000,18.170000
12/09/2020,18.030000,22.130000,17.700000,19.990000
12/10/2020,21.320000,22.090000,18.950000,19.670000
12/11/2020,19.670000,23.740000,19.670000,20.450000
12/14/2020,20.400000,23.710000,18.800000,23.670000
12/15/2020,23.670000,23.670000,19.820000,20.190000
12/16/2020,20.190000,21.890000,18.800000,18.800000
12/17/2020,18.830000,18.830000,17.940000,18.620000
12/18/2020,18.590000,22.160000,16.420000,16.700000
12/21/2020,16.730000,28.910000,16.730000,21.560000
12/22/2020,21.650000,22.110000,19.690000,19.910000
12/23/2020,19.910000,19.910000,17.630000,19.200000
12/24/2020,19.180000,19.180000,16.850000,17.120000
12/28/2020,17.160000,20.420000,17.160000,20.050000
12/29/2020,20.040000,22.680000,19.760000,21.470000
12/30/2020,21.500000,21.820000,20.560000,21.310000
12/31/2020,21.290000,22.490000,20.570000,21.200000
01/04/2021,22.750000,30.990000,22.710000,27.390000
01/05/2021,27.260000,28.110000,23.870000,24.290000
01/06/2021,24.260000,26.690000,19.050000,23.770000
01/07/2021,23.730000,23.730000,18.320000,19.420000
01/08/2021,19.210000,21.260000,17.770000,18.340000
01/11/2021,18.370000,23.590000,18.370000,21.690000
01/12/2021,21.700000,23.810000,20.140000,20.650000
01/13/2021,20.630000,21.160000,18.630000,18.910000
01/14/2021,18.780000,21.370000,18.670000,21.170000
01/15/2021,21.040000,25.490000,20.390000,21.690000
01/19/2021,21.840000,22.720000,20.850000,21.880000
01/20/2021,20.440000,20.590000,18.690000,18.850000
01/21/2021,18.840000,19.990000,17.800000,18.230000
01/22/2021,18.230000,20.420000,17.480000,18.420000
01/25/2021,20.690000,27.190000,19.890000,20.660000
01/26/2021,20.680000,21.520000,20.130000,20.460000
01/27/2021,20.460000,41.760000,20.460000,41.640000
01/28/2021,42.050000,42.050000,25.570000,30.000000
01/29/2021,29.930000,40.960000,28.390000,32.630000
02/01/2021,30.380000,34.370000,27.000000,28.990000
02/02/2021,28.940000,28.940000,22.420000,22.440000
02/03/2021,22.310000,22.520000,18.970000,18.970000
02/04/2021,19.030000,19.030000,17.240000,17.480000
02/05/2021,17.460000,17.740000,15.470000,15.520000
02/08/2021,15.480000,17.720000,15.480000,16.570000
02/09/2021,16.570000,17.840000,16.260000,17.090000
02/10/2021,17.090000,21.100000,16.610000,17.680000
02/11/2021,17.680000,19.980000,16.810000,17.090000
02/12/2021,17.180000,17.420000,14.970000,15.050000
02/16/2021,15.030000,20.630000,15.030000,19.320000
02/17/2021,19.330000,22.010000,18.150000,18.410000
02/18/2021,18.420000,22.380000,18.420000,19.460000
02/19/2021,19.410000,20.000000,17.370000,18.330000
02/22/2021,18.300000,23.000000,18.300000,21.220000
02/23/2021,21.210000,27.130000,20.290000,21.300000
02/24/2021,23.230000,24.320000,18.320000,18.350000
02/25/2021,18.350000,34.590000,18.350000,31.810000
02/26/2021,31.600000,34.670000,25.000000,29.420000
03/01/2021,29.360000,29.360000,22.390000,22.700000
03/02/2021,22.630000,24.020000,21.280000,23.170000
03/03/2021,23.170000,27.280000,23.120000,26.880000
03/04/2021,26.880000,35.020000,24.460000,29.300000
03/05/2021,29.300000,31.530000,22.970000,23.830000
03/08/2021,23.760000,27.730000,23.760000,25.700000
03/09/2021,25.700000,25.700000,22.130000,24.110000
03/10/2021,24.120000,24.120000,20.880000,20.980000
03/11/2021,20.980000,20.980000,19.760000,20.010000
03/12/2021,20.930000,21.020000,17.350000,17.410000
03/15/2021,17.410000,19.680000,17.260000,17.740000
03/16/2021,17.700000,18.440000,17.160000,17.930000
03/17/2021,17.930000,20.060000,16.580000,16.690000
03/18/2021,16.690000,22.300000,16.690000,20.330000
03/19/2021,20.310000,22.750000,17.220000,18.280000
03/22/2021,18.970000,19.080000,16.330000,16.400000
03/23/2021,16.400000,20.330000,16.280000,18.370000
03/24/2021,18.410000,19.460000,16.740000,19.070000
03/25/2021,20.640000,23.120000,17.160000,17.160000
03/26/2021,17.190000,20.330000,15.980000,16.320000
03/29/2021,16.260000,20.880000,16.260000,18.850000
03/30/2021,18.850000,20.480000,17.040000,17.280000
03/31/2021,17.270000,17.270000,15.090000,15.620000
04/01/2021,15.570000,15.570000,12.800000,12.970000
04/05/2021,12.950000,16.690000,12.950000,15.650000
04/06/2021,15.690000,16.240000,15.590000,15.710000
04/07/2021,15.710000,15.710000,14.090000,14.130000
04/08/2021,14.130000,14.680000,13.900000,13.940000
04/09/2021,13.960000,14.490000,13.170000,13.190000
04/12/2021,13.190000,15.830000,13.190000,14.240000
04/13/2021,14.240000,14.860000,13.720000,13.780000
04/14/2021,13.780000,15.630000,13.720000,14.100000
04/15/2021,14.110000,14.640000,13.900000,14.220000
04/16/2021,14.200000,14.840000,12.450000,12.970000
04/19/2021,12.940000,17.540000,12.940000,15.420000
04/20/2021,15.420000,19.020000,15.420000,17.330000
04/21/2021,17.320000,18.040000,14.210000,14.790000
04/22/2021,14.790000,19.460000,14.030000,16.770000
04/23/2021,16.780000,16.780000,13.350000,14.070000
04/26/2021,14.090000,15.700000,14.090000,14.810000
04/27/2021,14.810000,15.660000,13.990000,14.550000
04/28/2021,14.560000,14.680000,13.380000,13.620000
04/29/2021,13.590000,16.040000,13.530000,13.960000
04/30/2021,13.950000,16.750000,13.950000,15.530000
05/03/2021,15.530000,16.890000,15.090000,16.170000
05/04/2021,16.170000,22.000000,16.170000,17.750000
05/05/2021,17.750000,18.260000,15.570000,17.570000
05/06/2021,17.490000,19.950000,15.810000,16.040000
05/07/2021,16.070000,16.820000,13.580000,14.090000
05/10/2021,14.090000,19.800000,14.090000,19.680000
05/11/2021,19.680000,26.590000,19.680000,22.030000
05/12/2021,22.030000,30.160000,22.030000,29.550000
05/13/2021,29.790000,29.790000,21.940000,23.210000
05/14/2021,23.170000,23.170000,17.240000,17.410000
05/17/2021,20.490000,22.150000,18.650000,18.830000
05/18/2021,19.030000,21.210000,17.940000,20.990000
05/19/2021,20.920000,26.870000,20.730000,21.210000
05/20/2021,19.610000,19.970000,18.040000,18.560000
05/21/2021,18.530000,19.370000,16.650000,17.120000
05/24/2021,17.500000,17.500000,14.590000,14.670000
05/25/2021,14.860000,16.180000,14.620000,15.790000
05/26/2021,15.800000,16.240000,13.830000,13.840000
05/27/2021,13.760000,14.060000,12.990000,13.030000
05/28/2021,13.080000,13.120000,11.650000,12.730000
06/01/2021,14.550000,16.430000,14.460000,15.000000
06/02/2021,14.890000,15.120000,13.330000,13.700000
06/03/2021,13.690000,16.570000,13.690000,15.180000
06/04/2021,14.050000,14.050000,12.470000,12.700000
06/07/2021,14.840000,14.960000,13.810000,13.910000
06/08/2021,14.210000,16.250000,14.210000,15.430000
06/09/2021,15.270000,17.130000,15.270000,17.090000
06/10/2021,15.250000,15.820000,13.810000,13.830000
06/11/2021,13.530000,13.800000,12.990000,13.060000
06/14/2021,14.500000,15.890000,14.500000,14.920000
06/15/2021,15.360000,16.510000,15.300000,15.920000
06/16/2021,15.810000,19.820000,15.480000,17.940000
06/17/2021,17.050000,19.210000,15.230000,16.670000
06/18/2021,20.960000,20.970000,18.160000,20.140000
06/21/2021,20.140000,21.040000,16.830000,16.830000
06/22/2021,16.430000,16.690000,14.520000,14.580000
06/23/2021,14.330000,14.580000,13.510000,13.630000
06/24/2021,12.780000,12.840000,12.420000,12.770000
06/25/2021,12.680000,12.700000,11.460000,11.860000
06/28/2021,11.860000,13.120000,11.860000,11.920000
06/29/2021,11.570000,12.470000,11.560000,11.860000
06/30/2021,12.770000,12.920000,10.750000,11.110000
07/01/2021,11.440000,11.900000,11.110000,11.430000
07/02/2021,10.690000,11.010000,10.120000,10.400000
07/06/2021,12.750000,16.380000,11.340000,13.760000
07/07/2021,13.620000,15.620000,12.320000,13.070000
07/08/2021,18.650000,19.680000,15.970000,17.240000
07/09/2021,15.210000,15.210000,12.610000,13.020000
07/12/2021,13.020000,14.620000,13.020000,13.520000
07/13/2021,14.170000,15.170000,13.230000,14.980000
07/14/2021,13.470000,15.290000,13.160000,13.450000
07/15/2021,15.020000,16.130000,13.850000,14.550000
07/16/2021,13.300000,16.970000,13.150000,16.300000
07/19/2021,16.270000,27.760000,16.270000,22.150000
07/20/2021,22.150000,22.820000,17.410000,17.860000
07/21/2021,16.750000,17.040000,14.500000,14.650000
07/22/2021,14.790000,15.600000,13.940000,14.070000
07/23/2021,13.010000,13.990000,12.270000,12.870000
07/26/2021,12.830000,16.040000,12.830000,14.010000
07/27/2021,15.390000,18.960000,14.720000,17.160000
07/28/2021,15.910000,17.080000,13.810000,14.820000
07/29/2021,13.860000,13.920000,13.060000,13.650000
07/30/2021,15.370000,15.640000,13.810000,14.360000
08/02/2021,15.430000,17.060000,14.730000,16.210000
08/03/2021,15.660000,17.920000,13.260000,13.680000
08/04/2021,14.910000,15.020000,13.290000,13.620000
08/05/2021,13.770000,13.850000,13.100000,13.250000
08/06/2021,12.660000,13.080000,10.910000,10.960000
08/09/2021,13.180000,13.820000,12.510000,12.750000
08/10/2021,12.750000,13.620000,12.540000,13.230000
08/11/2021,12.520000,12.650000,10.960000,11.580000
08/12/2021,12.400000,12.910000,11.530000,11.540000
08/13/2021,11.650000,11.780000,10.910000,11.210000
08/16/2021,14.600000,15.720000,12.790000,13.070000
08/17/2021,15.430000,19.580000,14.600000,16.290000
08/18/2021,17.030000,23.180000,15.050000,23.120000
08/19/2021,23.330000,24.030000,19.820000,21.240000
08/20/2021,21.100000,21.100000,14.700000,15.100000
08/23/2021,15.490000,15.490000,13.910000,14.020000
08/24/2021,14.150000,14.530000,13.580000,13.940000
08/25/2021,14.020000,14.030000,12.580000,12.990000
08/26/2021,14.210000,17.870000,13.880000,17.110000
08/27/2021,17.110000,17.580000,12.070000,12.320000
08/30/2021,12.390000,12.970000,11.790000,12.000000
08/31/2021,12.550000,13.350000,12.010000,12.750000
09/01/2021,12.460000,12.760000,11.460000,11.750000
09/02/2021,11.810000,13.690000,11.640000,12.730000
09/03/2021,13.290000,13.650000,11.150000,11.660000
09/07/2021,11.660000,15.890000,11.660000,15.330000
09/08/2021,16.340000,17.720000,14.240000,14.750000
09/09/2021,15.390000,17.700000,13.740000,16.550000
09/10/2021,13.720000,22.680000,13.570000,22.580000
09/13/2021,22.530000,23.100000,17.980000,20.200000
09/14/2021,18.130000,21.410000,17.960000,19.430000
09/15/2021,19.000000,20.200000,15.930000,16.200000
09/16/2021,17.450000,19.230000,15.470000,16.640000
09/17/2021,16.930000,20.990000,16.580000,19.660000
09/20/2021,19.670000,32.960000,19.670000,27.700000
09/21/2021,24.870000,26.900000,22.770000,25.130000
09/22/2021,23.040000,23.590000,19.280000,19.460000
09/23/2021,17.930000,18.030000,16.560000,17.080000
09/24/2021,18.950000,18.950000,15.190000,15.240000
09/27/2021,15.350000,18.100000,15.350000,16.960000
09/28/2021,19.720000,27.520000,19.690000,24.560000
09/29/2021,23.600000,24.820000,21.260000,21.790000
09/30/2021,21.770000,25.470000,20.290000,23.030000
10/01/2021,23.030000,23.550000,18.970000,19.420000
10/04/2021,19.410000,25.900000,19.410000,23.040000
10/05/2021,22.300000,22.620000,19.530000,20.320000
10/06/2021,22.280000,24.350000,19.240000,19.540000
10/07/2021,18.690000,18.730000,17.270000,18.130000
10/08/2021,18.110000,18.110000,16.180000,16.740000
10/11/2021,16.730000,19.960000,16.240000,19.750000
10/12/2021,19.150000,20.320000,18.090000,19.410000
10/13/2021,18.430000,20.000000,17.160000,17.450000
10/14/2021,15.770000,16.070000,14.800000,14.800000
10/15/2021,14.830000,14.830000,13.180000,13.240000
10/18/2021,13.430000,16.400000,13.430000,13.910000
10/19/2021,13.880000,14.110000,12.990000,13.340000
10/20/2021,12.880000,13.620000,12.650000,12.690000
10/21/2021,13.390000,13.480000,11.760000,11.810000
10/22/2021,12.490000,13.970000,11.600000,11.980000
10/25/2021,11.990000,14.420000,11.990000,13.090000
10/26/2021,13.110000,15.480000,12.770000,14.330000
10/27/2021,14.480000,15.600000,13.600000,15.160000
10/28/2021,15.130000,15.240000,13.990000,14.310000
10/29/2021,16.050000,16.050000,13.350000,13.670000
11/01/2021,13.670000,16.790000,13.670000,15.020000
11/02/2021,15.120000,15.140000,14.480000,14.740000
11/03/2021,14.740000,15.430000,12.940000,13.100000
11/04/2021,12.840000,14.200000,12.420000,13.040000
11/05/2021,13.040000,14.750000,12.260000,13.150000
11/08/2021,14.490000,16.100000,14.240000,14.430000
11/09/2021,14.850000,16.480000,14.770000,15.190000
11/10/2021,15.740000,18.320000,14.180000,15.950000
11/11/2021,15.150000,15.320000,14.000000,14.300000
11/12/2021,13.580000,13.900000,11.970000,11.990000
11/15/2021,13.260000,14.010000,12.200000,12.200000
11/16/2021,13.030000,13.030000,11.540000,11.940000
11/17/2021,11.990000,12.780000,11.300000,11.510000
11/18/2021,12.170000,13.110000,11.690000,12.430000
11/19/2021,14.010000,14.170000,12.200000,12.450000
11/22/2021,13.780000,16.670000,13.220000,16.060000
11/23/2021,16.880000,19.480000,15.900000,16.350000
11/24/2021,17.990000,19.090000,14.690000,14.820000
11/26/2021,27.530000,32.390000,25.520000,30.600000
11/29/2021,24.100000,26.280000,20.370000,21.430000
11/30/2021,24.970000,30.730000,22.290000,28.380000
12/01/2021,23.600000,35.570000,20.860000,33.930000
12/02/2021,32.040000,33.280000,27.230000,28.040000
12/03/2021,25.370000,39.210000,24.860000,31.700000
12/06/2021,29.530000,32.290000,26.480000,27.290000
12/07/2021,22.540000,22.540000,20.420000,20.830000
12/08/2021,20.970000,21.580000,15.800000,17.500000
12/09/2021,18.880000,21.120000,17.940000,20.490000
12/10/2021,17.710000,19.270000,15.700000,15.700000
12/13/2021,17.900000,20.350000,17.730000,18.540000
12/14/2021,21.320000,23.080000,20.070000,21.020000
12/15/2021,21.140000,24.070000,16.190000,16.780000
12/16/2021,16.370000,21.590000,15.930000,18.760000
12/17/2021,21.140000,23.070000,18.590000,19.350000
12/20/2021,25.680000,25.920000,22.090000,22.210000
12/21/2021,21.020000,21.980000,18.740000,18.830000
12/22/2021,17.950000,18.160000,14.520000,14.760000
12/23/2021,15.220000,15.220000,13.120000,13.710000
12/27/2021,16.140000,16.430000,14.200000,14.480000
12/28/2021,15.010000,15.880000,14.390000,14.400000
12/29/2021,14.360000,14.600000,12.560000,12.850000
12/30/2021,13.690000,14.410000,12.980000,13.860000
12/31/2021,14.240000,14.620000,13.150000,13.260000
01/03/2022,15.930000,16.640000,13.460000,13.520000
01/04/2022,13.900000,15.260000,13.470000,13.880000
01/05/2022,14.270000,18.730000,13.370000,18.070000
01/06/2022,19.160000,20.580000,16.170000,17.060000
01/07/2022,17.520000,19.300000,15.300000,15.400000
01/10/2022,19.930000,23.690000,17.610000,17.910000
01/11/2022,18.850000,20.570000,16.320000,16.590000
01/12/2022,15.580000,16.790000,14.590000,14.680000
01/13/2022,15.320000,19.510000,14.950000,18.790000
01/14/2022,20.650000,20.910000,16.850000,17.310000
01/18/2022,23.020000,24.840000,22.870000,24.170000
01/19/2022,23.600000,24.720000,22.360000,23.960000
01/20/2022,23.100000,26.730000,20.850000,26.730000
01/21/2022,28.340000,32.860000,27.070000,30.860000
01/24/2022,39.460000,49.700000,35.190000,35.820000
01/25/2022,40.210000,44.660000,35.000000,37.180000
01/26/2022,33.940000,39.730000,31.980000,37.400000
01/27/2022,32.720000,37.680000,32.390000,33.030000
01/28/2022,32.370000,34.730000,27.350000,28.130000
01/31/2022,30.310000,30.810000,24.890000,25.330000
02/01/2022,24.490000,26.000000,21.100000,21.100000
02/02/2022,21.330000,22.740000,19.190000,21.600000
02/03/2022,24.250000,26.590000,21.460000,24.110000
02/04/2022,25.530000,26.320000,20.550000,21.860000
02/07/2022,23.520000,23.830000,20.720000,21.610000
02/08/2022,21.760000,22.720000,19.920000,20.070000
02/09/2022,19.110000,19.540000,18.520000,18.670000
02/10/2022,21.130000,24.920000,19.020000,23.710000
02/11/2022,23.610000,34.660000,22.610000,26.840000
02/14/2022,30.280000,33.980000,27.620000,27.620000
02/15/2022,26.150000,26.290000,23.940000,24.490000
02/16/2022,25.090000,26.390000,20.830000,21.320000
02/17/2022,24.630000,28.490000,24.590000,27.690000
02/18/2022,27.250000,29.390000,25.440000,26.030000
02/22/2022,30.400000,32.830000,28.540000,28.620000
02/23/2022,27.860000,30.950000,27.490000,30.710000
02/24/2022,39.910000,39.910000,28.690000,30.040000
02/25/2022,29.070000,29.730000,25.300000,26.150000
02/28/2022,34.080000,35.150000,29.010000,31.500000
03/01/2022,32.440000,37.980000,32.400000,34.800000
03/02/2022,34.280000,34.860000,29.680000,30.790000
03/03/2022,29.040000,32.850000,29.040000,30.020000
03/04/2022,34.410000,36.280000,30.030000,31.110000
03/07/2022,34.330000,38.630000,34.280000,38.570000
03/08/2022,37.320000,39.600000,33.820000,36.660000
03/09/2022,34.050000,35.260000,32.000000,33.440000
03/10/2022,33.770000,33.840000,29.940000,30.010000
03/11/2022,29.270000,31.000000,28.420000,30.630000
03/14/2022,33.130000,36.080000,31.880000,34.230000
03/15/2022,33.970000,34.520000,30.590000,30.710000
03/16/2022,29.430000,30.840000,25.920000,26.510000
03/17/2022,26.850000,26.940000,24.430000,24.940000
03/18/2022,25.990000,26.070000,22.040000,22.190000
03/21/2022,24.400000,25.460000,22.680000,22.730000
03/22/2022,22.250000,23.230000,22.140000,22.570000
03/23/2022,23.940000,24.110000,22.180000,23.210000
03/24/2022,23.330000,23.940000,20.330000,20.420000
03/25/2022,20.940000,22.320000,18.450000,18.450000
03/28/2022,21.270000,21.650000,17.660000,17.820000
03/29/2022,17.230000,18.860000,17.200000,17.540000
03/30/2022,17.940000,19.200000,17.260000,17.430000
03/31/2022,18.320000,19.720000,17.510000,18.400000
04/01/2022,17.890000,18.020000,15.580000,16.000000
04/04/2022,18.010000,18.110000,15.360000,15.760000
04/05/2022,16.760000,19.590000,16.280000,18.620000
04/06/2022,20.730000,23.650000,19.280000,19.640000
04/07/2022,20.200000,22.410000,18.610000,19.050000
04/08/2022,19.320000,19.860000,17.140000,17.300000
04/11/2022,20.710000,22.850000,20.580000,22.850000
04/12/2022,21.410000,23.970000,19.890000,22.490000
04/13/2022,22.600000,22.630000,18.530000,19.150000
04/14/2022,18.670000,19.390000,18.040000,19.340000
04/18/2022,23.100000,23.190000,19.740000,20.880000
04/19/2022,21.720000,21.880000,19.370000,20.700000
04/20/2022,19.520000,20.720000,18.520000,19.300000
04/21/2022,18.960000,23.280000,18.580000,22.210000
04/22/2022,23.250000,29.830000,22.740000,29.070000
04/25/2022,32.920000,36.470000,28.700000,28.950000
04/26/2022,30.630000,38.160000,30.050000,37.740000
04/27/2022,35.430000,37.180000,33.190000,34.820000
04/28/2022,32.600000,36.240000,30.040000,32.250000
04/29/2022,31.620000,37.720000,30.460000,36.110000
05/02/2022,39.050000,41.670000,34.910000,35.400000
05/03/2022,35.140000,35.480000,31.270000,31.610000
05/04/2022,32.090000,33.230000,25.650000,26.160000
05/05/2022,27.510000,36.350000,27.190000,33.250000
05/06/2022,35.530000,38.930000,29.550000,29.790000
05/09/2022,35.160000,37.890000,34.490000,36.650000
05/10/2022,34.000000,36.770000,33.910000,34.700000
05/11/2022,35.320000,35.570000,32.190000,33.920000
05/12/2022,36.730000,38.780000,33.220000,33.320000
05/13/2022,31.590000,31.900000,29.070000,29.380000
05/16/2022,31.790000,32.300000,28.370000,28.520000
05/17/2022,27.920000,28.630000,26.290000,26.920000
05/18/2022,28.870000,33.110000,28.700000,32.300000
05/19/2022,33.640000,35.480000,30.200000,30.690000
05/20/2022,30.200000,35.850000,29.170000,29.190000
05/23/2022,30.850000,32.200000,28.740000,28.980000
05/24/2022,30.250000,32.560000,29.290000,29.480000
05/25/2022,30.580000,30.700000,27.170000,27.370000
05/26/2022,27.590000,27.700000,25.230000,25.670000
05/27/2022,24.750000,24.790000,22.590000,23.130000
05/31/2022,28.430000,29.470000,24.430000,25.910000
06/01/2022,25.390000,28.100000,24.810000,25.120000
06/02/2022,26.340000,26.830000,23.270000,23.570000
06/03/2022,25.490000,26.140000,23.050000,23.050000
06/06/2022,25.790000,27.010000,25.320000,25.570000
06/07/2022,27.120000,27.360000,24.000000,24.230000
06/08/2022,25.530000,25.730000,23.800000,23.910000
06/09/2022,25.470000,27.760000,24.250000,27.540000
06/10/2022,29.150000,32.230000,27.590000,28.780000
06/13/2022,37.510000,41.520000,36.410000,38.860000
06/14/2022,38.080000,39.010000,33.980000,36.950000
06/15/2022,36.990000,36.990000,30.320000,32.530000
06/16/2022,34.190000,38.470000,33.330000,36.580000
06/17/2022,35.210000,36.300000,29.960000,30.400000
06/21/2022,32.430000,32.440000,29.900000,30.380000
06/22/2022,31.260000,31.420000,28.240000,28.300000
06/23/2022,29.020000,29.370000,28.020000,28.290000
06/24/2022,28.180000,28.180000,25.100000,26.040000
06/27/2022,28.350000,29.020000,25.790000,25.810000
06/28/2022,26.000000,27.870000,25.190000,27.180000
06/29/2022,27.890000,28.750000,26.250000,26.560000
06/30/2022,28.240000,29.100000,26.530000,26.860000
07/01/2022,26.390000,26.990000,23.280000,23.560000
07/05/2022,30.380000,30.710000,27.250000,27.340000
07/06/2022,28.090000,28.300000,25.720000,25.950000
07/07/2022,25.710000,25.860000,23.980000,24.790000
07/08/2022,25.010000,25.050000,21.780000,21.910000
07/11/2022,25.950000,26.530000,24.430000,24.460000
07/12/2022,25.660000,27.670000,24.900000,27.130000
07/13/2022,28.870000,29.170000,25.540000,25.940000
07/14/2022,27.590000,28.320000,25.020000,25.220000
07/15/2022,24.250000,24.770000,22.020000,22.140000
07/18/2022,25.690000,26.550000,24.630000,25.600000
07/19/2022,25.310000,26.600000,24.990000,26.200000
07/20/2022,26.940000,26.980000,24.650000,25.180000
07/21/2022,25.620000,26.290000,23.090000,23.440000
07/22/2022,23.030000,23.810000,22.000000,22.090000
07/25/2022,24.620000,25.120000,22.790000,23.090000
07/26/2022,24.320000,25.710000,24.190000,24.950000
07/27/2022,24.460000,24.740000,21.860000,22.140000
07/28/2022,21.340000,22.560000,20.530000,20.810000
07/29/2022,20.240000,20.380000,18.570000,18.570000
08/01/2022,22.300000,22.720000,21.650000,21.940000
08/02/2022,23.840000,24.750000,22.070000,23.250000
08/03/2022,22.210000,22.370000,20.170000,20.560000
08/04/2022,21.410000,21.730000,19.690000,19.690000
08/05/2022,21.060000,21.060000,18.570000,19.320000
08/08/2022,21.060000,21.850000,19.800000,19.930000
08/09/2022,21.160000,21.540000,20.500000,20.810000
08/10/2022,18.890000,19.400000,17.490000,17.590000
08/11/2022,18.150000,19.000000,17.940000,18.030000
08/12/2022,17.890000,19.270000,16.580000,16.780000
08/15/2022,19.990000,19.990000,18.480000,18.540000
08/16/2022,18.890000,19.380000,18.080000,18.600000
08/17/2022,19.550000,19.710000,18.380000,18.640000
08/18/2022,19.070000,19.390000,17.580000,17.670000
08/19/2022,18.660000,19.510000,18.050000,18.240000
08/22/2022,22.620000,24.290000,22.360000,22.850000
08/23/2022,23.100000,23.490000,22.270000,23.350000
08/24/2022,23.110000,23.370000,21.110000,21.200000
08/25/2022,21.600000,21.870000,20.150000,20.340000
08/26/2022,20.540000,24.630000,19.930000,23.900000
08/29/2022,26.880000,26.880000,24.140000,24.760000
08/30/2022,24.380000,27.160000,24.360000,24.410000
08/31/2022,24.430000,24.780000,23.090000,23.690000
09/01/2022,24.950000,25.870000,23.170000,23.760000
09/02/2022,21.630000,24.380000,20.310000,22.970000
09/06/2022,26.510000,29.410000,26.310000,26.990000
09/07/2022,27.010000,27.110000,23.970000,24.050000
09/08/2022,26.320000,27.880000,22.720000,22.840000
09/09/2022,22.460000,23.130000,21.560000,21.710000
09/12/2022,24.200000,25.600000,24.170000,25.260000
09/13/2022,24.980000,31.260000,24.580000,29.140000
09/14/2022,28.640000,29.310000,27.210000,27.280000
09/15/2022,27.920000,28.320000,26.370000,27.110000
09/16/2022,29.290000,30.540000,26.860000,27.060000
09/19/2022,30.760000,30.760000,27.490000,27.780000
09/20/2022,29.570000,31.540000,29.020000,30.390000
09/21/2022,30.390000,32.220000,27.230000,30.340000
09/22/2022,29.590000,30.280000,26.930000,27.670000
09/23/2022,29.710000,33.830000,29.040000,30.250000
09/26/2022,34.540000,35.130000,31.800000,34.140000
09/27/2022,33.080000,36.480000,31.860000,33.490000
09/28/2022,34.710000,35.840000,31.000000,31.160000
09/29/2022,33.100000,35.290000,32.420000,32.670000
09/30/2022,32.400000,33.010000,28.910000,31.190000
10/03/2022,32.830000,33.530000,30.150000,30.650000
10/04/2022,29.670000,30.330000,29.120000,29.820000
10/05/2022,30.630000,30.980000,28.770000,28.810000
10/06/2022,29.630000,31.840000,29.410000,31.300000
10/07/2022,30.520000,31.960000,30.440000,30.550000
10/10/2022,33.340000,34.550000,31.870000,32.220000
10/11/2022,33.870000,35.770000,32.870000,34.660000
10/12/2022,35.560000,36.170000,34.220000,34.610000
10/13/2022,32.750000,33.860000,30.600000,31.510000
10/14/2022,31.210000,32.830000,29.490000,29.670000
10/17/2022,31.130000,31.550000,30.030000,30.600000
10/18/2022,30.420000,31.520000,28.950000,28.990000
10/19/2022,30.300000,30.770000,28.630000,28.670000
10/20/2022,29.320000,29.480000,27.870000,27.870000
10/21/2022,28.980000,29.180000,27.830000,28.460000
10/24/2022,32.690000,33.280000,31.470000,31.660000
10/25/2022,32.190000,32.280000,30.430000,30.670000
10/26/2022,31.170000,31.230000,29.250000,29.320000
10/27/2022,30.390000,30.880000,29.430000,29.770000
10/28/2022,29.610000,29.740000,27.800000,27.810000
10/31/2022,31.830000,32.010000,29.750000,29.800000
11/01/2022,30.560000,31.580000,30.130000,30.510000
11/02/2022,31.850000,32.490000,29.060000,29.370000
11/03/2022,30.620000,30.750000,28.120000,28.400000
11/04/2022,27.740000,28.260000,26.560000,27.040000
11/07/2022,29.600000,30.000000,27.130000,27.160000
11/08/2022,27.410000,29.890000,26.850000,28.700000
11/09/2022,28.820000,29.390000,27.690000,28.900000
11/10/2022,23.600000,25.040000,23.090000,24.460000
11/11/2022,23.700000,23.820000,20.990000,21.310000
11/14/2022,22.550000,22.560000,20.400000,21.190000
11/15/2022,20.760000,25.720000,20.470000,21.800000
11/16/2022,21.350000,21.390000,19.600000,19.670000
11/17/2022,21.020000,21.140000,19.570000,19.740000
11/18/2022,19.230000,19.910000,18.290000,18.340000
11/21/2022,21.320000,21.330000,19.290000,19.510000
11/22/2022,19.710000,19.800000,19.030000,19.030000
11/23/2022,19.730000,19.850000,16.910000,16.910000
11/25/2022,18.500000,18.660000,17.010000,17.060000
11/28/2022,20.450000,20.700000,19.600000,20.070000
11/29/2022,20.470000,21.260000,20.160000,20.390000
11/30/2022,21.230000,22.400000,18.520000,18.870000
12/01/2022,19.850000,20.350000,18.380000,18.380000
12/02/2022,19.780000,19.780000,17.800000,17.950000
12/05/2022,23.030000,24.630000,22.450000,23.810000
12/06/2022,24.200000,27.740000,24.090000,27.080000
12/07/2022,28.530000,29.320000,27.750000,28.070000
12/08/2022,27.860000,28.510000,26.280000,26.740000
12/09/2022,27.110000,27.370000,25.630000,26.480000
12/12/2022,27.690000,29.660000,27.680000,29.540000
12/13/2022,22.210000,25.850000,21.970000,23.700000
12/14/2022,23.630000,24.290000,19.990000,20.200000
12/15/2022,20.500000,23.310000,20.240000,21.730000
12/16/2022,22.360000,22.400000,19.770000,20.510000
12/19/2022,21.790000,21.850000,19.700000,20.830000
12/20/2022,21.470000,21.680000,19.620000,19.780000
12/21/2022,18.830000,18.940000,17.330000,17.580000
12/22/2022,18.310000,24.520000,18.180000,19.840000
12/23/2022,19.810000,21.400000,17.420000,17.490000
12/27/2022,21.520000,22.210000,19.720000,19.770000
12/28/2022,20.380000,21.150000,19.130000,20.880000
12/29/2022,21.280000,21.520000,20.290000,20.490000
12/30/2022,21.750000,22.120000,20.860000,21.140000
01/03/2023,25.820000,26.080000,24.840000,25.080000
01/04/2023,25.450000,25.850000,23.850000,23.920000
01/05/2023,24.890000,25.550000,24.300000,24.540000
01/06/2023,23.890000,23.990000,21.450000,21.570000
01/09/2023,23.090000,23.150000,22.210000,23.040000
01/10/2023,23.550000,23.610000,21.490000,21.500000
01/11/2023,22.150000,23.000000,21.830000,22.410000
01/12/2023,18.950000,18.970000,16.460000,16.460000
01/13/2023,16.860000,16.930000,14.690000,14.820000
01/17/2023,18.050000,18.160000,16.420000,16.610000
01/18/2023,16.320000,17.750000,15.550000,17.240000
01/19/2023,19.200000,20.000000,17.980000,18.280000
01/20/2023,19.020000,19.310000,17.490000,18.260000
01/23/2023,21.670000,22.040000,21.070000,21.250000
01/24/2023,22.340000,22.930000,21.220000,21.840000
01/25/2023,23.350000,24.330000,21.950000,22.010000
01/26/2023,21.950000,22.260000,21.050000,21.050000
01/27/2023,20.990000,21.000000,19.600000,20.030000
01/30/2023,22.130000,23.030000,21.950000,22.420000
01/31/2023,22.950000,23.170000,21.380000,21.740000
02/01/2023,22.380000,22.660000,18.550000,18.560000
02/02/2023,18.310000,20.170000,18.010000,19.130000
02/03/2023,18.200000,19.210000,17.760000,17.760000
02/06/2023,20.870000,21.320000,20.530000,20.670000
02/07/2023,21.720000,21.840000,19.380000,19.620000
02/08/2023,20.400000,21.850000,20.010000,21.000000
02/09/2023,20.600000,23.300000,20.300000,22.740000
02/10/2023,23.210000,23.650000,21.330000,21.500000
02/13/2023,23.030000,23.040000,21.410000,21.410000
02/14/2023,19.760000,20.230000,17.050000,17.720000
02/15/2023,18.030000,18.040000,15.970000,16.020000
02/16/2023,18.060000,19.510000,16.250000,19.330000
02/17/2023,19.410000,19.930000,16.560000,16.940000
02/21/2023,20.970000,21.990000,20.620000,21.140000
02/22/2023,21.570000,21.570000,19.160000,19.200000
02/23/2023,18.720000,19.670000,17.780000,18.110000
02/24/2023,19.900000,20.590000,18.210000,18.380000
02/27/2023,20.280000,20.290000,19.310000,19.370000
02/28/2023,19.920000,20.120000,18.710000,19.590000
03/01/2023,20.040000,20.620000,19.440000,19.590000
03/02/2023,20.370000,20.510000,18.660000,18.710000
03/03/2023,19.130000,19.130000,17.370000,17.760000
03/06/2023,20.030000,20.080000,19.460000,19.600000
03/07/2023,20.440000,21.470000,19.720000,20.960000
03/08/2023,21.720000,22.070000,20.400000,20.570000
03/09/2023,21.140000,26.810000,20.660000,25.460000
03/10/2023,25.370000,32.850000,24.280000,26.860000
03/13/2023,36.060000,36.930000,29.240000,30.930000
03/14/2023,27.120000,28.160000,24.430000,25.970000
03/15/2023,30.120000,34.300000,28.650000,29.310000
03/16/2023,30.760000,30.890000,24.610000,24.610000
03/17/2023,25.390000,28.880000,24.720000,27.010000
03/20/2023,28.920000,29.490000,25.640000,25.900000
03/21/2023,24.190000,24.550000,22.830000,22.840000
03/22/2023,23.120000,24.320000,20.430000,23.750000
03/23/2023,20.890000,27.480000,19.980000,23.110000
03/24/2023,24.310000,26.650000,20.590000,20.620000
03/27/2023,20.810000,21.530000,19.250000,19.310000
03/28/2023,20.050000,20.420000,18.240000,18.330000
03/29/2023,17.690000,18.060000,17.120000,17.170000
03/30/2023,17.440000,18.690000,17.160000,17.300000
03/31/2023,17.310000,17.330000,16.440000,16.510000
04/03/2023,18.890000,18.950000,16.940000,17.030000
04/04/2023,17.520000,18.790000,17.240000,17.420000
04/05/2023,18.320000,18.520000,16.880000,16.990000
04/06/2023,17.990000,18.240000,15.660000,15.680000
04/10/2023,18.350000,18.560000,16.690000,16.800000
04/11/2023,17.020000,17.120000,15.940000,16.860000
04/12/2023,15.990000,17.110000,14.980000,15.900000
04/13/2023,15.350000,15.540000,14.600000,14.650000
04/14/2023,14.810000,14.970000,13.330000,13.350000
04/17/2023,15.450000,15.500000,14.220000,14.510000
04/18/2023,14.720000,15.330000,14.420000,14.710000
04/19/2023,15.200000,15.330000,14.110000,14.300000
04/20/2023,15.700000,16.060000,14.380000,15.130000
04/21/2023,15.800000,16.250000,14.610000,14.880000
04/24/2023,17.340000,17.800000,16.440000,16.650000
04/25/2023,17.990000,21.020000,17.650000,19.080000
04/26/2023,19.370000,20.270000,18.110000,19.280000
04/27/2023,18.320000,18.400000,16.810000,17.220000
04/28/2023,16.710000,17.170000,15.410000,15.530000
05/01/2023,17.000000,17.000000,15.930000,16.070000
05/02/2023,16.880000,20.960000,16.870000,18.610000
05/03/2023,19.110000,20.360000,17.400000,18.490000
05/04/2023,19.540000,22.380000,19.270000,19.880000
05/05/2023,17.340000,17.340000,14.870000,15.340000
05/08/2023,16.740000,16.990000,15.140000,15.240000
05/09/2023,16.390000,16.490000,15.550000,16.400000
05/10/2023,14.810000,16.820000,13.930000,14.590000
05/11/2023,15.970000,16.750000,14.170000,14.490000
05/12/2023,14.180000,15.820000,13.790000,14.090000
05/15/2023,15.760000,16.220000,14.480000,14.640000
05/16/2023,15.270000,16.410000,14.730000,15.990000
05/17/2023,15.070000,15.840000,14.300000,14.670000
05/18/2023,15.080000,15.170000,13.910000,14.060000
05/19/2023,14.360000,15.950000,14.100000,14.250000
05/22/2023,15.890000,17.200000,15.290000,15.520000
05/23/2023,16.910000,18.470000,16.240000,17.370000
05/24/2023,19.400000,20.550000,18.780000,19.770000
05/25/2023,19.000000,19.650000,18.200000,18.460000
05/26/2023,18.330000,18.340000,16.490000,17.240000
05/30/2023,16.950000,17.820000,16.510000,16.510000
05/31/2023,17.220000,17.390000,15.610000,16.850000
06/01/2023,16.220000,16.500000,13.940000,13.980000
06/02/2023,13.910000,14.260000,12.540000,12.740000
06/05/2023,15.010000,15.120000,14.110000,14.140000
06/06/2023,14.650000,14.650000,13.820000,13.830000
06/07/2023,14.070000,14.520000,13.440000,13.860000
06/08/2023,14.080000,14.100000,13.370000,13.590000
06/09/2023,13.460000,13.760000,13.030000,13.290000
06/12/2023,14.780000,15.360000,14.160000,15.350000
06/13/2023,14.570000,14.720000,14.220000,14.400000
06/14/2023,14.640000,14.700000,12.700000,12.710000
06/15/2023,13.020000,13.960000,12.740000,13.580000
06/16/2023,13.780000,13.780000,11.240000,11.330000
06/20/2023,14.040000,14.100000,12.880000,12.920000
06/21/2023,13.060000,13.200000,11.880000,12.030000
06/22/2023,12.710000,12.710000,10.930000,11.150000
06/23/2023,12.130000,12.210000,10.950000,11.610000
06/26/2023,13.220000,13.220000,12.370000,12.680000
06/27/2023,12.710000,12.740000,11.860000,12.050000
06/28/2023,12.090000,12.170000,11.520000,11.740000
06/29/2023,12.160000,12.380000,11.590000,11.750000
06/30/2023,11.710000,11.710000,10.670000,11.530000
07/03/2023,12.800000,12.810000,11.900000,12.000000
07/05/2023,13.420000,13.430000,12.510000,12.570000
07/06/2023,14.480000,16.060000,13.720000,13.960000
07/07/2023,13.920000,13.920000,11.990000,12.600000
07/10/2023,14.300000,14.420000,13.450000,13.500000
07/11/2023,13.360000,13.920000,13.290000,13.700000
07/12/2023,12.590000,12.630000,11.300000,11.380000
07/13/2023,11.830000,12.170000,11.470000,12.130000
07/14/2023,12.420000,12.420000,11.570000,11.900000
07/17/2023,13.920000,13.920000,13.020000,13.090000
07/18/2023,13.560000,13.590000,13.130000,13.150000
07/19/2023,13.330000,13.750000,13.220000,13.360000
07/20/2023,13.830000,14.010000,13.150000,13.570000
07/21/2023,13.420000,13.420000,12.440000,12.500000
07/24/2023,14.000000,14.130000,13.370000,13.410000
07/25/2023,13.830000,14.070000,13.490000,13.490000
07/26/2023,13.720000,13.730000,11.720000,11.740000
07/27/2023,11.620000,14.370000,11.300000,13.470000
07/28/2023,12.140000,12.320000,11.210000,11.230000
07/31/2023,13.040000,13.280000,12.500000,12.620000
08/01/2023,13.300000,13.350000,12.750000,13.010000
08/02/2023,14.860000,15.830000,14.730000,15.400000
08/03/2023,16.480000,16.760000,14.580000,15.060000
08/04/2023,14.130000,16.880000,12.740000,16.090000
08/07/2023,16.000000,16.780000,14.610000,14.680000
08/08/2023,16.030000,17.660000,14.810000,14.810000
08/09/2023,14.880000,16.590000,14.500000,15.330000
08/10/2023,14.430000,17.200000,13.680000,15.380000
08/11/2023,15.910000,16.130000,13.630000,13.630000
08/14/2023,16.250000,16.370000,14.500000,14.570000
08/15/2023,15.380000,16.850000,15.300000,16.560000
08/16/2023,16.480000,16.770000,15.650000,16.360000
08/17/2023,16.290000,17.870000,16.280000,17.470000
08/18/2023,18.260000,18.460000,16.430000,16.540000
08/21/2023,17.950000,18.130000,16.510000,16.820000
08/22/2023,16.630000,17.350000,16.180000,16.390000
08/23/2023,16.250000,16.350000,15.190000,15.340000
08/24/2023,14.880000,16.140000,14.790000,16.100000
08/25/2023,15.980000,16.230000,13.780000,13.780000
08/28/2023,14.790000,14.790000,13.520000,13.530000
08/29/2023,13.620000,13.650000,13.040000,13.300000
08/30/2023,13.330000,13.570000,12.280000,12.420000
08/31/2023,12.440000,12.470000,11.670000,11.790000
09/01/2023,11.660000,11.710000,10.440000,10.450000
09/05/2023,13.440000,13.590000,12.620000,12.890000
09/06/2023,13.240000,14.760000,12.900000,13.100000
09/07/2023,14.840000,15.110000,13.100000,13.100000
09/08/2023,13.350000,13.350000,12.150000,12.380000
09/11/2023,13.830000,14.050000,13.150000,13.270000
09/12/2023,13.910000,14.260000,13.280000,14.050000
09/13/2023,13.620000,13.650000,12.370000,12.470000
09/14/2023,12.610000,12.710000,11.740000,11.800000
09/15/2023,12.220000,13.510000,11.940000,12.510000
09/18/2023,14.720000,14.890000,13.530000,13.620000
09/19/2023,14.340000,15.320000,14.140000,14.230000
09/20/2023,14.410000,15.290000,13.560000,15.270000
09/21/2023,16.300000,18.880000,12.660000,18.880000
09/22/2023,17.740000,17.930000,15.680000,17.510000
09/25/2023,19.520000,19.760000,17.290000,17.560000
09/26/2023,18.790000,20.580000,18.300000,19.850000
09/27/2023,19.040000,20.570000,18.670000,18.920000
09/28/2023,20.100000,20.130000,17.390000,17.630000
09/29/2023,16.180000,17.700000,15.330000,17.200000
10/02/2023,19.070000,19.130000,16.400000,17.610000
10/03/2023,19.060000,21.240000,18.450000,19.900000
10/04/2023,19.890000,20.000000,17.900000,18.300000
10/05/2023,18.380000,19.710000,18.170000,18.360000
10/06/2023,19.180000,19.570000,16.110000,16.290000
10/09/2023,18.810000,19.070000,17.270000,17.880000
10/10/2023,17.590000,17.600000,16.340000,17.110000
10/11/2023,16.220000,17.740000,15.160000,15.170000
10/12/2023,15.000000,18.210000,14.450000,15.870000
10/13/2023,16.220000,21.390000,16.030000,18.760000
10/16/2023,18.710000,18.710000,17.080000,17.190000
10/17/2023,18.370000,18.860000,16.890000,17.710000
10/18/2023,18.500000,20.330000,18.260000,18.900000
10/19/2023,19.190000,21.580000,18.370000,21.460000
10/20/2023,21.110000,22.030000,19.830000,20.760000
10/23/2023,22.690000,23.420000,20.110000,20.690000
10/24/2023,20.160000,20.750000,18.800000,19.310000
10/25/2023,19.590000,21.960000,19.590000,20.490000
10/26/2023,21.720000,22.650000,20.610000,20.800000
10/27/2023,20.450000,22.730000,19.890000,21.360000
10/30/2023,21.640000,22.170000,20.390000,20.650000
10/31/2023,20.500000,20.860000,18.570000,19.020000
11/01/2023,18.810000,18.920000,16.790000,16.870000
11/02/2023,16.290000,16.310000,15.000000,15.160000
11/03/2023,14.870000,15.420000,13.710000,13.710000
11/06/2023,15.310000,15.640000,14.450000,14.530000
11/07/2023,14.680000,14.920000,14.290000,14.430000
11/08/2023,14.420000,15.110000,13.760000,13.830000
11/09/2023,13.730000,15.060000,13.670000,14.700000
11/10/2023,14.070000,14.420000,12.780000,12.780000
11/13/2023,14.370000,14.370000,13.590000,13.800000
11/14/2023,12.720000,13.330000,12.570000,12.870000
11/15/2023,12.760000,12.870000,11.790000,11.890000
11/16/2023,11.900000,12.310000,11.560000,11.810000
11/17/2023,11.860000,11.860000,10.670000,10.670000
11/20/2023,12.390000,12.390000,11.140000,11.140000
11/21/2023,11.630000,11.680000,11.240000,11.470000
11/22/2023,10.820000,11.030000,9.960000,9.960000
11/24/2023,11.200000,11.200000,9.800000,9.830000
11/27/2023,11.910000,11.980000,11.250000,11.270000
11/28/2023,11.700000,13.670000,11.340000,11.520000
11/29/2023,11.770000,12.540000,11.710000,12.050000
11/30/2023,12.750000,12.960000,12.160000,12.300000
12/01/2023,12.530000,12.590000,11.860000,11.980000
12/04/2023,14.250000,14.550000,13.390000,13.460000
12/05/2023,14.020000,14.180000,13.440000,13.530000
12/06/2023,13.680000,13.920000,13.510000,13.670000
12/07/2023,13.800000,13.930000,13.640000,13.730000
12/08/2023,13.060000,13.260000,12.210000,12.210000
12/11/2023,13.370000,13.390000,12.630000,12.680000
12/12/2023,12.370000,12.450000,11.260000,11.640000
12/13/2023,12.060000,12.630000,11.480000,12.430000
12/14/2023,11.890000,12.720000,11.550000,12.290000
12/15/2023,11.440000,11.780000,10.470000,10.870000
12/18/2023,11.830000,12.060000,11.430000,11.440000
12/19/2023,11.380000,11.430000,11.020000,11.250000
12/20/2023,11.200000,13.790000,10.850000,13.670000
12/21/2023,12.970000,14.540000,12.870000,13.110000
12/22/2023,12.990000,13.160000,11.490000,11.560000
12/26/2023,13.620000,13.630000,12.360000,12.450000
12/27/2023,12.560000,12.560000,11.220000,11.230000
12/28/2023,11.510000,11.610000,11.170000,11.230000
12/29/2023,11.570000,12.210000,10.670000,10.670000
01/02/2024,13.710000,13.930000,12.550000,12.590000
01/03/2024,13.260000,13.600000,12.710000,13.240000
01/04/2024,13.570000,13.590000,12.750000,13.060000
01/05/2024,12.520000,12.540000,11.710000,11.710000
01/08/2024,12.910000,12.990000,11.680000,11.700000
01/09/2024,12.030000,12.200000,11.330000,11.350000
01/10/2024,11.410000,11.530000,11.000000,11.090000
01/11/2024,10.880000,12.370000,10.550000,10.750000
01/12/2024,10.990000,11.620000,10.340000,10.520000
01/16/2024,13.100000,13.620000,12.460000,12.640000
01/17/2024,14.110000,14.540000,13.170000,13.320000
01/18/2024,13.300000,13.810000,12.660000,12.660000
01/19/2024,12.590000,13.050000,11.810000,11.820000
01/22/2024,13.720000,13.890000,13.150000,13.180000
01/23/2024,13.580000,13.680000,12.470000,12.490000
01/24/2024,12.810000,13.590000,12.550000,13.580000
01/25/2024,13.450000,14.070000,13.430000,13.740000
01/26/2024,13.880000,13.920000,12.950000,13.070000
01/29/2024,14.640000,14.650000,13.880000,13.950000
01/30/2024,14.070000,14.210000,13.620000,13.720000
01/31/2024,13.540000,15.050000,13.510000,14.550000
02/01/2024,14.320000,14.760000,13.220000,13.280000
02/02/2024,13.560000,13.720000,12.630000,13.040000
02/05/2024,14.100000,14.630000,13.250000,13.350000
02/06/2024,13.180000,13.580000,12.260000,12.460000
02/07/2024,12.380000,13.170000,11.950000,11.960000
02/08/2024,12.340000,12.340000,11.560000,11.600000
02/09/2024,11.960000,11.960000,11.250000,11.610000
02/12/2024,12.610000,13.230000,12.490000,13.030000
02/13/2024,14.050000,18.200000,13.590000,15.000000
02/14/2024,13.680000,14.360000,12.790000,12.920000
02/15/2024,13.000000,13.410000,12.420000,12.470000
02/16/2024,13.070000,13.450000,11.910000,12.570000
02/20/2024,14.650000,15.720000,14.540000,14.850000
02/21/2024,15.440000,15.730000,14.460000,14.650000
02/22/2024,13.180000,13.790000,12.860000,13.170000
02/23/2024,12.760000,13.030000,11.790000,11.920000
02/26/2024,13.470000,13.600000,13.020000,13.130000
02/27/2024,13.340000,13.410000,12.840000,12.840000
02/28/2024,13.360000,13.520000,12.820000,13.520000
02/29/2024,13.030000,13.410000,12.180000,12.480000
03/01/2024,12.550000,12.940000,11.780000,11.820000
03/04/2024,13.460000,13.480000,13.010000,13.230000
03/05/2024,13.900000,15.820000,13.810000,14.880000
03/06/2024,14.330000,15.840000,14.270000,14.880000
03/07/2024,14.830000,15.120000,14.470000,14.550000
03/08/2024,14.210000,15.720000,14.100000,14.630000
03/11/2024,16.890000,17.500000,16.200000,16.460000
03/12/2024,14.960000,15.870000,14.000000,14.070000
03/13/2024,14.210000,14.460000,13.900000,14.100000
03/14/2024,13.820000,16.370000,13.800000,14.870000
03/15/2024,15.300000,15.990000,14.120000,14.160000
03/18/2024,15.110000,15.180000,14.410000,14.500000
03/19/2024,14.730000,14.850000,13.590000,13.640000
03/20/2024,14.240000,14.340000,11.580000,11.580000
03/21/2024,11.080000,11.710000,11.080000,11.170000
03/22/2024,11.450000,11.460000,10.490000,10.860000
03/25/2024,12.140000,12.140000,11.350000,11.470000
03/26/2024,11.640000,11.990000,11.080000,11.590000
03/27/2024,11.040000,11.540000,10.330000,10.530000
03/28/2024,11.060000,11.070000,10.470000,10.560000
04/01/2024,13.100000,13.480000,12.610000,12.620000
04/02/2024,14.430000,15.510000,14.010000,14.030000
04/03/2024,14.780000,14.780000,13.240000,13.270000
04/04/2024,13.000000,18.140000,12.480000,17.140000
04/05/2024,16.750000,17.000000,15.020000,15.460000
04/08/2024,16.170000,16.540000,14.550000,14.560000
04/09/2024,14.660000,17.430000,14.570000,14.700000
04/10/2024,16.170000,17.070000,14.580000,15.810000
04/11/2024,15.900000,17.180000,14.170000,14.180000
04/12/2024,17.620000,20.780000,17.060000,17.330000
04/15/2024,16.850000,21.240000,16.300000,20.760000
04/16/2024,20.570000,21.320000,18.490000,19.240000
04/17/2024,18.900000,19.590000,17.540000,18.100000
04/18/2024,17.850000,18.640000,17.130000,17.880000
04/19/2024,19.490000,19.560000,18.110000,18.130000
04/22/2024,19.020000,19.200000,17.150000,17.450000
04/23/2024,17.320000,17.390000,16.250000,16.250000
04/24/2024,16.600000,17.140000,15.850000,16.290000
04/25/2024,17.550000,18.540000,15.640000,15.810000
04/26/2024,16.070000,16.220000,14.580000,14.670000
04/29/2024,15.760000,16.120000,15.060000,15.110000
04/30/2024,15.860000,17.210000,15.410000,16.660000
05/01/2024,17.210000,17.670000,14.740000,15.910000
05/02/2024,15.600000,17.050000,14.750000,14.860000
05/03/2024,13.290000,13.660000,11.920000,12.000000
05/06/2024,13.620000,13.920000,13.070000,13.130000
05/07/2024,13.340000,13.550000,12.740000,12.760000
05/08/2024,13.580000,13.600000,12.350000,12.480000
05/09/2024,12.880000,13.100000,11.920000,11.920000
05/10/2024,12.280000,12.560000,11.710000,11.820000
05/13/2024,13.550000,14.020000,13.500000,13.710000
05/14/2024,13.840000,13.960000,13.130000,13.310000
05/15/2024,12.450000,12.510000,11.350000,11.420000
05/16/2024,11.350000,11.530000,10.900000,10.960000
05/17/2024,10.870000,10.900000,9.500000,9.670000
05/20/2024,10.840000,11.540000,10.480000,10.530000
05/21/2024,11.070000,11.120000,10.030000,10.080000
05/22/2024,10.610000,11.700000,10.490000,11.140000
05/23/2024,9.810000,11.920000,9.810000,10.790000
05/24/2024,10.570000,10.800000,8.950000,9.190000
05/28/2024,11.530000,12.550000,11.250000,11.510000
05/29/2024,13.260000,13.450000,12.660000,13.410000
05/30/2024,13.730000,14.320000,13.030000,13.670000
05/31/2024,13.220000,14.330000,11.560000,11.680000
06/03/2024,13.830000,15.640000,13.570000,13.910000
06/04/2024,14.920000,15.520000,14.270000,14.280000
06/05/2024,14.350000,14.780000,13.910000,13.990000
06/06/2024,13.930000,14.320000,13.330000,13.470000
06/07/2024,13.840000,13.850000,12.320000,12.330000
06/10/2024,13.690000,13.730000,12.670000,12.850000
06/11/2024,13.340000,13.670000,12.780000,12.870000
06/12/2024,11.660000,12.020000,10.130000,10.400000
06/13/2024,10.640000,11.500000,10.020000,10.280000
06/14/2024,11.410000,12.010000,10.610000,11.000000
06/17/2024,12.880000,13.020000,11.660000,11.940000
06/18/2024,11.720000,12.080000,10.930000,11.120000
06/20/2024,11.870000,13.150000,11.870000,12.360000
06/21/2024,12.590000,12.590000,10.690000,10.960000
06/24/2024,12.650000,12.650000,11.560000,11.830000
06/25/2024,11.900000,11.960000,11.000000,11.100000
06/26/2024,11.760000,11.840000,10.220000,10.510000
06/27/2024,10.910000,11.050000,10.360000,10.490000
06/28/2024,10.890000,10.960000,10.160000,10.540000
07/01/2024,12.000000,12.670000,10.760000,10.930000
07/02/2024,11.550000,11.570000,10.430000,10.600000
07/03/2024,10.740000,11.020000,10.540000,10.720000
07/05/2024,11.240000,11.320000,10.480000,10.810000
07/08/2024,11.770000,11.950000,11.010000,11.050000
07/09/2024,11.310000,11.420000,11.010000,11.110000
07/10/2024,11.260000,12.220000,10.940000,12.000000
07/11/2024,11.390000,12.590000,11.280000,11.420000
07/12/2024,11.060000,11.060000,10.070000,10.550000
07/15/2024,12.080000,12.410000,11.790000,12.180000
07/16/2024,12.260000,12.350000,11.740000,11.800000
07/17/2024,12.830000,14.000000,12.700000,13.160000
07/18/2024,13.570000,15.760000,12.930000,14.900000
07/19/2024,15.710000,16.430000,14.790000,15.040000
07/22/2024,16.500000,16.500000,14.650000,14.790000
07/23/2024,15.160000,15.260000,13.550000,14.610000
07/24/2024,15.590000,20.130000,15.550000,19.790000
07/25/2024,19.780000,21.280000,17.930000,19.820000
07/26/2024,18.630000,18.680000,16.780000,16.810000
07/29/2024,18.270000,18.490000,17.020000,17.390000
07/30/2024,17.570000,19.940000,17.190000,18.900000
07/31/2024,17.340000,17.480000,15.990000,16.510000
08/01/2024,16.470000,21.150000,15.740000,19.540000
08/02/2024,22.780000,33.580000,22.250000,23.310000
08/05/2024,76.040000,76.040000,32.220000,42.790000
08/06/2024,34.900000,34.970000,25.000000,28.930000
08/07/2024,23.120000,32.690000,22.230000,29.260000
08/08/2024,27.580000,28.880000,23.080000,23.900000
08/09/2024,24.330000,25.110000,19.830000,20.060000
08/12/2024,21.600000,22.790000,20.010000,21.920000
08/13/2024,20.740000,20.840000,18.450000,18.570000
08/14/2024,17.870000,18.240000,15.580000,15.790000
08/15/2024,14.860000,15.720000,14.210000,14.370000
08/16/2024,14.780000,14.780000,12.920000,12.970000
08/19/2024,15.450000,15.460000,13.970000,14.120000
08/20/2024,14.790000,16.010000,14.580000,15.850000
08/21/2024,16.260000,17.240000,15.560000,15.650000
08/22/2024,15.380000,17.550000,15.340000,16.550000
08/23/2024,16.100000,16.330000,13.360000,13.690000
08/26/2024,15.320000,16.130000,14.680000,14.870000
08/27/2024,15.690000,15.840000,14.110000,14.170000
08/28/2024,14.780000,17.700000,14.610000,16.640000
08/29/2024,14.810000,14.810000,13.600000,13.730000
08/30/2024,13.700000,13.960000,12.610000,12.900000
09/03/2024,16.180000,21.610000,16.130000,20.070000
09/04/2024,22.490000,22.490000,19.010000,20.430000
09/05/2024,20.420000,21.310000,18.620000,19.540000
09/06/2024,18.500000,24.040000,18.070000,22.260000
09/09/2024,22.070000,22.140000,19.630000,19.670000
09/10/2024,19.500000,21.720000,19.230000,19.690000
09/11/2024,19.350000,22.610000,17.650000,17.880000
09/12/2024,18.120000,18.860000,16.430000,16.750000
09/13/2024,17.120000,17.140000,15.360000,15.800000
09/16/2024,17.570000,18.100000,16.970000,17.190000
09/17/2024,17.380000,19.280000,17.020000,18.090000
09/18/2024,19.420000,20.320000,16.840000,17.950000
09/19/2024,15.420000,16.270000,14.440000,14.660000
09/20/2024,14.360000,14.490000,13.010000,13.200000
09/23/2024,15.350000,15.410000,14.160000,14.350000
09/24/2024,14.820000,15.790000,13.920000,14.120000
09/25/2024,14.310000,14.850000,14.110000,14.240000
09/26/2024,14.400000,15.130000,14.190000,14.560000
09/27/2024,14.650000,15.790000,13.920000,15.740000
09/30/2024,17.190000,17.820000,16.330000,16.650000
10/01/2024,17.040000,22.410000,17.040000,19.550000
10/02/2024,20.510000,21.250000,18.650000,18.760000
10/03/2024,19.790000,20.970000,18.900000,20.410000
10/04/2024,18.260000,18.940000,15.840000,16.480000
10/07/2024,18.480000,21.770000,17.800000,20.000000
10/08/2024,19.090000,19.320000,17.920000,18.000000
10/09/2024,17.640000,17.640000,16.260000,16.410000
10/10/2024,16.330000,16.530000,15.220000,15.490000
10/11/2024,15.180000,15.180000,13.830000,14.330000
10/14/2024,15.400000,15.410000,14.630000,14.640000
10/15/2024,14.510000,15.830000,14.120000,14.880000
10/16/2024,15.300000,15.440000,14.130000,14.250000
10/17/2024,14.390000,14.940000,13.780000,13.850000
10/18/2024,14.220000,14.350000,12.380000,12.380000
10/21/2024,15.100000,16.000000,14.390000,14.390000
10/22/2024,15.650000,15.750000,14.330000,14.550000
10/23/2024,15.260000,18.590000,15.190000,16.490000
10/24/2024,16.910000,18.250000,16.590000,16.670000
10/25/2024,16.620000,18.970000,16.420000,18.490000
10/28/2024,20.220000,21.250000,19.850000,21.170000
10/29/2024,22.330000,22.860000,21.280000,21.770000
10/30/2024,22.960000,23.670000,22.510000,23.590000
10/31/2024,25.050000,27.060000,24.380000,26.050000
11/01/2024,24.910000,24.960000,23.380000,23.470000
11/04/2024,26.440000,27.240000,25.360000,25.770000
11/05/2024,25.910000,25.970000,23.980000,24.700000
11/06/2024,16.370000,17.410000,15.670000,15.850000
11/07/2024,14.870000,14.920000,13.800000,13.840000
11/08/2024,13.350000,13.380000,12.840000,13.090000
11/11/2024,14.950000,15.240000,13.950000,14.000000
11/12/2024,14.490000,14.660000,13.910000,13.920000
11/13/2024,14.090000,14.220000,12.530000,12.810000
11/14/2024,12.870000,13.160000,12.310000,13.130000
11/15/2024,13.490000,17.210000,13.240000,14.810000
11/18/2024,16.140000,16.190000,13.830000,13.980000
11/19/2024,15.860000,16.140000,13.910000,14.240000
11/20/2024,14.210000,16.760000,14.140000,15.080000
11/21/2024,13.410000,16.250000,13.150000,14.150000
11/22/2024,13.830000,13.970000,11.440000,11.460000
11/25/2024,13.210000,14.190000,12.290000,12.310000
11/26/2024,12.550000,12.550000,11.720000,11.730000
11/27/2024,12.040000,12.420000,10.740000,10.750000
11/29/2024,12.120000,12.120000,10.890000,10.890000
12/02/2024,12.740000,12.800000,11.780000,11.860000
12/03/2024,12.250000,12.590000,11.810000,11.870000
12/04/2024,11.830000,12.520000,11.550000,11.600000
12/05/2024,11.860000,11.960000,11.310000,11.680000
12/06/2024,11.020000,11.020000,10.160000,10.380000
12/09/2024,12.150000,13.200000,12.070000,12.970000
12/10/2024,13.170000,13.690000,12.770000,13.290000
12/11/2024,12.670000,12.670000,12.030000,12.040000
12/12/2024,11.890000,12.320000,11.510000,11.930000
12/13/2024,11.050000,12.070000,10.710000,10.900000
12/16/2024,11.460000,12.060000,11.050000,12.060000
12/17/2024,12.800000,13.900000,12.510000,13.390000
12/18/2024,12.900000,35.860000,12.400000,35.420000
12/19/2024,20.550000,25.320000,18.750000,23.720000
12/20/2024,22.410000,22.410000,14.950000,15.950000
12/23/2024,17.340000,19.700000,14.510000,14.760000
12/24/2024,14.980000,15.030000,10.840000,10.890000
12/26/2024,12.630000,13.540000,11.380000,11.630000
12/27/2024,13.400000,16.730000,13.190000,13.310000
12/30/2024,16.980000,18.000000,15.000000,15.810000
12/31/2024,15.630000,16.100000,14.950000,15.150000
01/02/2025,15.580000,17.960000,15.340000,16.260000
01/03/2025,15.950000,16.240000,13.330000,13.440000
01/06/2025,14.940000,15.000000,13.970000,14.200000
01/07/2025,14.160000,17.580000,14.160000,16.100000
01/08/2025,17.870000,18.400000,15.460000,16.150000
01/10/2025,18.020000,19.640000,16.960000,17.830000
01/13/2025,21.150000,21.210000,18.310000,18.700000
01/14/2025,18.370000,19.460000,17.650000,18.150000
01/15/2025,15.780000,15.780000,13.640000,13.940000
01/16/2025,14.260000,14.880000,13.650000,14.880000
01/17/2025,14.590000,14.870000,13.820000,14.130000
01/21/2025,16.320000,16.400000,14.140000,14.310000
01/22/2025,14.270000,14.270000,13.490000,13.570000
01/23/2025,13.840000,13.840000,13.160000,13.420000
01/24/2025,13.510000,13.570000,12.660000,12.880000
01/27/2025,21.790000,21.790000,18.300000,18.450000
01/28/2025,18.290000,19.330000,16.480000,16.640000
01/29/2025,17.020000,18.570000,16.180000,16.410000
01/30/2025,15.450000,15.890000,14.460000,14.980000
01/31/2025,14.330000,16.580000,13.590000,15.850000
02/03/2025,20.420000,21.990000,18.740000,19.380000
02/04/2025,18.470000,18.470000,16.580000,17.000000
02/05/2025,16.660000,17.410000,14.860000,14.880000
02/06/2025,14.740000,15.140000,13.520000,14.150000
02/07/2025,13.140000,15.820000,12.410000,14.670000
02/10/2025,14.690000,15.030000,13.700000,13.760000
02/11/2025,14.270000,14.540000,13.470000,13.830000
02/12/2025,15.170000,15.250000,13.140000,13.510000
02/13/2025,13.550000,13.960000,12.240000,12.310000
02/14/2025,12.270000,12.470000,11.380000,11.560000
02/18/2025,14.370000,14.710000,13.110000,13.200000
02/19/2025,13.920000,13.940000,12.820000,13.060000
02/20/2025,13.370000,15.570000,13.070000,13.460000
02/21/2025,13.600000,18.740000,13.450000,17.000000
02/24/2025,17.390000,20.920000,16.620000,18.300000
02/25/2025,18.980000,21.930000,18.740000,19.290000
02/26/2025,19.710000,20.390000,17.950000,18.880000
02/27/2025,17.900000,21.300000,17.790000,20.950000
02/28/2025,21.700000,22.670000,18.020000,18.880000
03/03/2025,20.350000,25.920000,19.830000,23.960000
03/04/2025,26.140000,28.400000,22.780000,24.790000
03/05/2025,25.730000,27.050000,22.300000,22.900000
03/06/2025,25.180000,28.310000,24.770000,26.790000
03/07/2025,26.340000,28.350000,23.170000,23.790000
03/10/2025,29.350000,33.840000,29.090000,31.190000
03/11/2025,31.360000,32.570000,28.100000,28.930000
03/12/2025,27.380000,28.550000,24.460000,25.260000
03/13/2025,25.690000,27.610000,24.650000,25.360000
03/14/2025,24.660000,24.710000,21.280000,21.770000
03/17/2025,23.830000,23.830000,20.920000,21.300000
03/18/2025,22.890000,24.370000,22.410000,22.590000
03/19/2025,22.520000,22.820000,19.330000,19.790000
03/20/2025,21.640000,21.700000,19.300000,19.460000
03/21/2025,21.270000,21.800000,18.250000,18.580000
03/24/2025,20.650000,20.650000,18.510000,18.560000
03/25/2025,18.550000,19.090000,17.850000,18.010000
03/26/2025,18.430000,21.500000,18.020000,19.960000
03/27/2025,20.680000,21.640000,19.460000,20.030000
03/28/2025,20.940000,24.240000,20.650000,22.690000
03/31/2025,26.750000,27.590000,24.350000,25.140000
04/01/2025,25.780000,26.970000,24.280000,24.460000
04/02/2025,26.900000,26.900000,23.620000,24.290000
04/03/2025,29.610000,34.100000,29.300000,34.100000
04/04/2025,44.950000,59.020000,43.360000,57.170000
04/07/2025,68.580000,73.310000,51.280000,62.580000
04/08/2025,49.400000,74.720000,45.790000,67.630000
04/09/2025,67.550000,68.490000,39.500000,40.060000
04/10/2025,43.580000,75.750000,42.840000,50.430000
04/11/2025,54.540000,58.110000,41.340000,43.320000
04/14/2025,37.030000,40.490000,32.950000,34.200000
04/15/2025,32.350000,33.310000,28.920000,29.940000
04/16/2025,33.350000,37.130000,29.550000,33.220000
04/17/2025,31.260000,32.270000,27.620000,27.650000
04/21/2025,34.240000,39.700000,34.240000,36.560000
04/22/2025,33.960000,35.900000,31.930000,33.140000
04/23/2025,30.470000,33.970000,29.960000,30.740000
04/24/2025,29.740000,30.460000,28.120000,28.280000
04/25/2025,28.830000,29.080000,24.640000,24.640000
04/28/2025,27.150000,28.970000,25.940000,26.470000
04/29/2025,27.630000,27.630000,24.820000,24.950000
04/30/2025,28.570000,30.560000,24.420000,25.070000
05/01/2025,24.530000,25.940000,23.090000,24.820000
05/02/2025,22.340000,22.890000,20.700000,21.220000
05/05/2025,24.400000,24.470000,21.870000,22.730000
05/06/2025,24.250000,24.660000,23.260000,24.140000
05/07/2025,25.310000,26.810000,22.550000,22.690000
05/08/2025,22.680000,23.430000,21.090000,21.630000
05/09/2025,21.500000,22.230000,20.810000,20.870000
05/12/2025,19.020000,19.910000,17.690000,17.970000
05/13/2025,17.040000,17.640000,16.830000,17.410000
05/14/2025,17.280000,18.240000,17.040000,17.530000
05/15/2025,17.730000,17.890000,15.790000,15.880000
05/16/2025,15.590000,15.940000,14.270000,14.350000
05/19/2025,18.030000,18.070000,16.650000,16.810000
05/20/2025,16.890000,17.400000,16.240000,16.570000
05/21/2025,17.670000,19.990000,16.640000,19.560000
05/22/2025,20.050000,20.680000,17.960000,18.420000
05/23/2025,24.910000,24.910000,19.930000,20.630000
05/27/2025,20.450000,21.000000,17.740000,17.900000
05/28/2025,18.180000,18.890000,17.610000,18.190000
05/29/2025,18.460000,20.060000,17.450000,17.840000
05/30/2025,18.450000,19.650000,16.600000,16.740000
06/02/2025,18.900000,19.690000,17.640000,17.640000
06/03/2025,17.730000,18.040000,16.510000,16.620000
06/04/2025,16.650000,17.180000,15.860000,16.040000
06/05/2025,16.060000,17.680000,15.460000,17.340000
06/06/2025,15.010000,15.340000,14.110000,14.200000
06/09/2025,15.980000,16.170000,14.970000,15.380000
06/10/2025,15.530000,15.990000,14.880000,15.160000
06/11/2025,14.470000,16.900000,14.020000,15.420000
06/12/2025,16.440000,17.020000,15.680000,16.120000
06/13/2025,18.910000,21.190000,17.340000,19.260000
06/16/2025,18.290000,18.610000,17.540000,17.870000
06/17/2025,19.320000,22.810000,18.650000,21.860000
06/18/2025,21.200000,21.640000,18.690000,19.130000
06/20/2025,17.640000,20.280000,17.560000,18.320000
06/23/2025,20.090000,22.070000,17.910000,17.920000
06/24/2025,16.140000,16.310000,15.200000,15.400000
06/25/2025,15.030000,15.100000,13.650000,13.810000
06/26/2025,14.130000,14.230000,13.260000,13.490000
06/27/2025,13.220000,14.470000,12.760000,12.810000
06/30/2025,14.460000,14.880000,13.660000,13.770000
07/01/2025,14.540000,14.690000,13.410000,13.790000
07/02/2025,14.540000,14.670000,12.890000,13.070000
07/03/2025,12.720000,13.510000,12.640000,12.850000
07/07/2025,15.780000,16.980000,15.530000,15.710000
07/08/2025,14.540000,14.730000,13.740000,13.900000
07/09/2025,12.910000,13.730000,12.250000,12.530000
07/10/2025,12.790000,13.160000,12.370000,12.460000
07/11/2025,13.760000,14.200000,12.530000,13.030000
07/14/2025,14.900000,15.040000,13.840000,14.270000
07/15/2025,13.400000,14.700000,13.370000,14.690000
07/16/2025,13.810000,17.700000,13.660000,13.770000
07/17/2025,14.180000,14.180000,13.030000,13.140000
07/18/2025,13.430000,13.550000,12.700000,12.700000
07/21/2025,15.050000,15.170000,14.570000,14.950000
07/22/2025,15.710000,16.670000,14.970000,15.030000
07/23/2025,14.890000,14.950000,13.840000,14.050000
07/24/2025,13.630000,14.280000,13.630000,14.080000
07/25/2025,13.730000,13.740000,12.820000,12.830000
07/28/2025,13.780000,14.150000,13.310000,13.370000
07/29/2025,12.850000,14.820000,12.790000,14.620000
07/30/2025,14.460000,16.200000,13.400000,13.460000
07/31/2025,13.180000,16.400000,12.990000,15.150000
08/01/2025,18.050000,22.890000,17.980000,19.530000
08/04/2025,17.700000,17.700000,16.250000,16.430000
08/05/2025,16.550000,18.640000,16.260000,16.810000
08/06/2025,16.880000,17.030000,14.760000,15.000000
08/07/2025,14.660000,16.540000,14.480000,14.760000
08/08/2025,14.100000,14.350000,12.860000,12.860000
08/11/2025,14.980000,15.850000,14.480000,15.750000
08/12/2025,13.970000,14.730000,13.100000,13.110000
08/13/2025,12.750000,13.300000,12.110000,12.380000
08/14/2025,13.520000,13.890000,12.740000,12.980000
08/15/2025,12.800000,13.480000,12.660000,13.270000
08/18/2025,14.710000,14.890000,13.750000,13.790000
08/19/2025,13.800000,15.530000,13.490000,14.700000
08/20/2025,14.990000,17.260000,14.890000,15.090000
08/21/2025,16.050000,17.500000,15.710000,16.370000
08/22/2025,16.310000,16.310000,11.850000,11.850000
08/25/2025,13.620000,13.740000,12.340000,13.010000
08/26/2025,13.870000,13.960000,12.910000,12.910000
08/27/2025,13.380000,13.750000,13.150000,13.270000
08/28/2025,11.670000,12.360000,11.280000,11.680000
08/29/2025,11.750000,14.080000,11.590000,12.720000
09/02/2025,19.550000,19.860000,16.110000,16.170000
09/03/2025,16.110000,16.110000,14.440000,14.450000
09/04/2025,14.310000,14.430000,13.280000,13.320000
09/05/2025,12.760000,15.760000,12.560000,12.660000
09/08/2025,14.260000,14.260000,13.500000,13.500000
09/09/2025,14.110000,14.670000,13.530000,13.610000
09/10/2025,13.390000,14.610000,13.130000,14.290000
09/11/2025,13.280000,13.910000,12.820000,12.990000
09/12/2025,13.030000,13.130000,12.430000,12.850000
09/15/2025,13.360000,15.160000,13.360000,14.710000
09/16/2025,14.770000,15.830000,14.770000,15.790000
09/17/2025,15.720000,16.750000,13.750000,14.530000
09/18/2025,13.700000,14.270000,13.250000,13.530000
09/19/2025,13.260000,13.740000,12.390000,12.410000
09/22/2025,14.250000,14.360000,13.710000,14.250000
09/23/2025,14.150000,15.710000,14.100000,14.670000
09/24/2025,14.400000,15.370000,13.390000,13.390000
09/25/2025,15.030000,15.860000,13.990000,14.170000
09/26/2025,14.150000,14.590000,12.260000,12.270000
09/29/2025,13.630000,13.830000,13.160000,13.510000
09/30/2025,13.750000,14.280000,13.390000,13.950000
10/01/2025,14.560000,14.800000,13.220000,13.530000
10/02/2025,13.210000,14.490000,13.090000,13.790000
10/03/2025,13.340000,14.390000,12.750000,13.470000
10/06/2025,14.250000,14.880000,13.380000,13.570000
10/07/2025,13.430000,16.060000,13.420000,14.990000
10/08/2025,14.630000,14.730000,12.940000,13.170000
10/09/2025,13.300000,15.310000,13.240000,13.920000
10/10/2025,13.820000,24.130000,13.210000,21.700000
10/13/2025,20.370000,21.070000,17.480000,18.020000
10/14/2025,22.360000,24.440000,17.970000,20.380000
10/15/2025,18.290000,23.080000,17.180000,19.280000
10/16/2025,18.970000,26.300000,18.830000,25.870000
10/17/2025,25.710000,26.170000,19.800000,19.800000
10/20/2025,20.240000,20.250000,17.340000,17.350000
10/21/2025,18.160000,18.530000,16.000000,16.880000
10/22/2025,18.140000,22.100000,17.480000,18.350000
10/23/2025,18.680000,18.780000,16.420000,16.620000
10/24/2025,15.760000,15.940000,14.810000,14.850000
10/27/2025,14.600000,15.200000,14.540000,14.640000
10/28/2025,14.830000,15.750000,14.800000,15.630000
10/29/2025,16.230000,17.200000,15.400000,15.610000
10/30/2025,15.530000,16.090000,14.120000,14.900000
10/31/2025,14.090000,17.050000,14.070000,14.710000
11/03/2025,15.510000,17.800000,14.750000,14.970000
11/04/2025,17.950000,18.740000,16.290000,17.750000
11/05/2025,17.860000,18.160000,14.800000,15.870000
11/06/2025,16.820000,19.620000,16.540000,18.120000
11/07/2025,20.050000,22.670000,17.310000,17.310000
11/10/2025,17.420000,17.870000,16.040000,16.040000
11/11/2025,16.090000,16.410000,15.070000,15.180000
11/12/2025,15.200000,16.530000,15.110000,15.370000
11/13/2025,16.440000,21.160000,16.190000,19.170000
11/14/2025,23.720000,24.770000,18.050000,18.610000
11/17/2025,21.410000,23.730000,19.450000,22.330000
11/18/2025,24.160000,26.700000,22.790000,25.180000
11/19/2025,24.750000,24.930000,21.520000,23.100000
11/20/2025,17.060000,31.300000,16.700000,26.350000
11/21/2025,25.050000,27.720000,20.270000,21.510000
11/24/2025,22.300000,22.610000,18.380000,18.550000
11/25/2025,18.540000,20.970000,15.180000,15.390000
11/26/2025,15.040000,15.480000,13.120000,13.330000
11/28/2025,18.340000,18.340000,12.840000,13.610000
12/01/2025,17.740000,17.740000,15.570000,16.550000
12/02/2025,16.180000,17.050000,15.190000,15.420000
12/03/2025,16.730000,16.810000,14.230000,14.460000
12/04/2025,14.730000,15.710000,14.170000,14.300000
12/05/2025,14.660000,15.030000,13.530000,13.900000
12/08/2025,16.400000,16.970000,16.210000,16.290000
12/09/2025,17.040000,17.230000,16.030000,16.300000
12/10/2025,17.250000,17.560000,14.450000,14.680000
12/11/2025,14.870000,15.540000,12.460000,12.460000
12/12/2025,12.790000,17.060000,12.490000,13.480000
12/15/2025,14.030000,15.870000,13.800000,14.200000
12/16/2025,14.770000,15.900000,13.420000,13.880000
12/17/2025,13.690000,16.220000,13.500000,15.750000
12/18/2025,14.090000,14.960000,12.810000,13.920000
12/19/2025,12.910000,12.910000,10.440000,10.490000
12/22/2025,11.780000,11.780000,10.360000,10.500000
12/23/2025,10.640000,10.770000,9.680000,10.060000
12/24/2025,10.370000,10.370000,8.990000,9.170000
12/26/2025,10.940000,10.950000,9.530000,9.650000
12/29/2025,12.400000,12.470000,10.980000,11.370000
12/30/2025,11.710000,11.710000,11.010000,11.460000
12/31/2025,11.510000,12.250000,11.240000,12.000000
01/02/2026,12.150000,13.330000,11.600000,11.720000
01/05/2026,13.260000,13.380000,12.440000,12.440000
01/06/2026,12.590000,13.000000,11.990000,12.130000
01/07/2026,12.660000,12.710000,11.720000,12.540000
01/08/2026,13.120000,13.470000,12.540000,12.830000
01/09/2026,12.870000,13.140000,10.850000,10.860000
01/12/2026,13.270000,13.270000,11.800000,11.940000
01/13/2026,11.740000,13.420000,11.740000,12.510000
01/14/2026,14.110000,15.450000,12.880000,13.180000
01/15/2026,12.300000,12.760000,11.680000,12.320000
01/16/2026,12.130000,13.040000,11.500000,12.090000
01/20/2026,20.160000,21.400000,18.070000,19.930000
01/21/2026,18.610000,19.490000,15.380000,15.880000
01/22/2026,14.780000,15.560000,13.740000,14.380000
01/23/2026,14.980000,15.280000,13.870000,15.000000
01/26/2026,16.090000,16.090000,14.640000,15.050000
01/27/2026,14.980000,15.150000,14.380000,14.850000
01/28/2026,14.910000,16.100000,14.350000,14.540000
01/29/2026,15.230000,19.480000,14.960000,15.220000
01/30/2026,16.290000,17.710000,14.940000,15.690000
02/02/2026,17.430000,17.620000,14.060000,14.450000
02/03/2026,14.330000,20.900000,14.240000,17.070000
02/04/2026,17.340000,22.900000,17.050000,18.670000
02/05/2026,23.180000,25.100000,20.090000,22.290000
02/06/2026,20.030000,20.030000,14.660000,15.430000
02/09/2026,17.380000,17.440000,13.950000,14.750000
02/10/2026,14.850000,15.460000,14.050000,14.940000
02/11/2026,13.210000,16.920000,13.100000,14.180000
02/12/2026,14.150000,20.530000,13.820000,19.800000
02/13/2026,20.030000,22.280000,16.630000,18.770000
02/17/2026,22.510000,24.460000,19.560000,20.310000
02/18/2026,20.810000,20.810000,17.630000,19.080000
02/19/2026,20.620000,21.650000,19.290000,19.870000
02/20/2026,21.270000,21.270000,17.240000,18.020000
02/23/2026,19.520000,23.180000,19.350000,21.110000
02/24/2026,22.120000,22.890000,18.180000,18.600000
02/25/2026,17.240000,17.440000,16.200000,16.280000
02/26/2026,16.410000,20.200000,16.270000,16.650000
02/27/2026,21.060000,21.750000,18.500000,18.590000
03/02/2026,24.390000,24.390000,19.640000,21.180000
03/03/2026,27.120000,30.910000,22.630000,24.550000
03/04/2026,22.580000,23.830000,19.400000,20.600000
03/05/2026,22.290000,26.610000,20.380000,23.550000
03/06/2026,29.200000,31.420000,25.630000,30.440000
03/09/2026,33.020000,35.070000,26.920000,27.850000
03/10/2026,25.200000,27.170000,22.160000,25.540000
03/11/2026,24.550000,26.690000,23.540000,24.440000
03/12/2026,27.210000,29.030000,26.400000,28.980000
03/13/2026,26.350000,29.240000,25.170000,28.000000
03/16/2026,26.300000,26.590000,24.210000,24.330000
03/17/2026,23.000000,23.690000,22.030000,22.360000
03/18/2026,24.020000,26.140000,22.850000,26.030000
03/19/2026,28.590000,28.780000,23.620000,24.090000
03/20/2026,24.890000,30.360000,24.290000,26.950000
03/23/2026,26.800000,29.110000,24.680000,27.760000
03/24/2026,29.220000,30.110000,26.880000,28.210000
03/25/2026,26.600000,28.180000,25.240000,25.260000
03/26/2026,27.770000,28.790000,26.600000,27.050000
03/27/2026,29.290000,31.630000,27.860000,30.640000
03/30/2026,30.740000,31.810000,29.910000,30.570000
03/31/2026,27.770000,28.040000,23.780000,24.180000
04/01/2026,24.390000,24.820000,22.090000,23.610000
04/02/2026,26.540000,26.570000,21.710000,21.710000
04/06/2026,24.960000,25.390000,23.280000,23.900000
04/07/2026,26.460000,30.200000,26.410000,27.270000
04/08/2026,17.620000,20.780000,17.110000,19.160000
04/09/2026,18.980000,19.140000,16.570000,16.810000
04/10/2026,16.620000,18.300000,16.070000,16.360000
04/13/2026,19.160000,19.730000,17.280000,17.330000
04/14/2026,16.840000,17.300000,16.530000,16.700000
04/15/2026,16.240000,16.840000,15.340000,16.010000
04/16/2026,16.680000,17.610000,15.370000,15.460000
04/17/2026,15.300000,15.830000,14.430000,14.810000
04/20/2026,18.200000,19.440000,17.770000,17.790000
04/21/2026,18.640000,21.200000,18.140000,18.680000
04/22/2026,18.180000,18.280000,16.970000,17.290000
04/23/2026,18.350000,22.160000,17.270000,18.040000
04/24/2026,17.910000,18.040000,16.450000,16.710000
04/27/2026,18.420000,18.570000,16.690000,16.690000
04/28/2026,18.250000,18.520000,16.520000,16.690000
04/29/2026,17.890000,18.660000,16.550000,17.610000
04/30/2026,16.430000,17.040000,14.160000,14.370000
05/01/2026,14.260000,14.400000,13.600000,14.150000
05/04/2026,16.220000,18.520000,15.300000,16.600000
05/05/2026,15.270000,15.400000,14.470000,14.640000
05/06/2026,14.260000,14.800000,13.940000,14.760000
05/07/2026,15.010000,15.430000,14.380000,14.560000
05/08/2026,14.710000,15.370000,14.000000,14.210000
05/11/2026,16.660000,16.950000,16.230000,16.890000
05/12/2026,17.280000,17.740000,16.110000,16.340000
05/13/2026,16.730000,17.130000,15.790000,15.870000
05/14/2026,15.910000,16.230000,15.020000,15.140000
05/15/2026,17.210000,17.530000,15.460000,16.370000
05/18/2026,16.810000,17.850000,16.520000,16.860000
05/19/2026,17.200000,17.730000,16.290000,16.640000
05/20/2026,16.580000,16.790000,14.970000,15.140000
05/21/2026,15.610000,15.690000,13.740000,14.080000
05/22/2026,14.100000,14.880000,13.380000,14.070000
05/26/2026,15.050000,15.500000,14.670000,14.840000
05/27/2026,14.780000,14.990000,13.270000,13.270000
05/28/2026,13.800000,13.820000,12.540000,12.980000
05/29/2026,13.120000,13.300000,12.570000,12.590000
06/01/2026,14.810000,15.010000,13.440000,13.760000
06/02/2026,14.120000,14.190000,13.130000,13.190000
06/03/2026,13.880000,14.610000,13.270000,13.410000
06/04/2026,14.440000,14.440000,12.290000,12.650000
06/05/2026,14.120000,24.020000,13.950000,23.920000
06/08/2026,19.520000,20.420000,17.830000,19.690000
06/09/2026,17.850000,27.740000,17.500000,22.140000
06/10/2026,23.870000,26.440000,22.300000,25.670000
06/11/2026,23.660000,25.290000,20.410000,20.660000
06/12/2026,20.430000,21.420000,17.100000,17.260000
06/15/2026,15.150000,15.650000,14.870000,15.580000
06/16/2026,15.250000,15.840000,14.610000,15.770000
06/17/2026,15.820000,19.300000,15.560000,18.630000
06/18/2026,15.300000,16.400000,13.920000,13.930000
06/22/2026,15.550000,17.550000,15.000000,16.290000
06/23/2026,21.440000,21.540000,18.060000,19.470000
06/24/2026,19.170000,20.670000,17.000000,18.070000
06/25/2026,16.630000,20.030000,16.630000,17.920000
06/26/2026,20.140000,20.640000,16.250000,16.800000
06/29/2026,17.330000,19.040000,15.320000,15.510000
06/30/2026,15.560000,15.680000,13.460000,13.730000
07/01/2026,14.360000,14.990000,12.320000,13.140000
07/02/2026,12.910000,14.340000,11.960000,12.370000
07/06/2026,14.220000,14.580000,12.320000,12.320000
07/07/2026,12.920000,14.200000,12.440000,13.420000
07/08/2026,16.000000,17.120000,13.820000,14.410000
07/09/2026,14.630000,14.960000,12.130000,12.500000
07/10/2026,12.640000,13.110000,11.010000,11.150000
07/13/2026,13.770000,15.450000,13.310000,15.130000
07/14/2026,14.560000,14.770000,13.120000,13.460000
07/15/2026,12.900000,13.530000,11.910000,12.060000
07/16/2026,13.080000,14.820000,12.470000,13.980000
07/17/2026,17.640000,18.500000,15.360000,16.850000
07/20/2026,16.870000,17.850000,16.140000,17.780000
07/21/2026,16.520000,17.190000,15.320000,15.480000
07/22/2026,16.080000,16.150000,14.880000,14.880000
07/23/2026,18.820000,20.480000,17.730000,18.150000
07/24/2026,18.350000,18.420000,15.960000,17.620000
07/27/2026,17.130000,20.320000,16.910000,18.130000
07/28/2026,18.440000,19.560000,16.940000,17.250000
07/29/2026,18.410000,20.590000,16.070000,20.380000
07/30/2026,17.400000,17.990000,14.710000,14.850000
07/31/2026,14.400000,17.350000,12.870000,13.050000
08/03/2026,14.260000,14.310000,12.680000,13.280000
08/04/2026,13.120000,15.510000,13.120000,15.040000
08/05/2026,16.210000,17.050000,13.370000,13.790000
08/06/2026,14.040000,14.090000,12.600000,12.660000
08/07/2026,12.790000,12.850000,11.840000,11.960000
08/10/2026,13.200000,13.200000,12.180000,12.770000
08/11/2026,12.950000,13.100000,12.320000,12.520000
08/12/2026,11.760000,11.800000,10.950000,11.090000
08/13/2026,11.250000,11.780000,11.160000,11.370000
08/14/2026,11.360000,11.360000,10.450000,10.610000
08/17/2026,12.290000,12.830000,11.880000,12.390000
08/18/2026,13.440000,13.770000,13.200000,13.590000
08/19/2026,13.020000,13.530000,12.520000,12.660000
08/20/2026,14.200000,14.540000,13.640000,14.390000
08/21/2026,13.580000,13.680000,12.560000,12.580000
08/24/2026,14.400000,14.680000,13.860000,14.070000
08/25/2026,14.070000,14.190000,13.360000,13.450000
08/26/2026,13.930000,14.140000,13.300000,13.330000
08/27/2026,12.850000,13.040000,12.010000,12.100000
08/28/2026,12.010000,12.350000,11.040000,11.220000
08/31/2026,12.870000,13.200000,12.270000,12.340000
09/01/2026,14.140000,15.150000,12.800000,14.330000
09/02/2026,14.000000,14.000000,12.270000,12.570000
09/03/2026,12.520000,12.770000,11.630000,11.680000
09/04/2026,11.570000,12.040000,11.230000,11.970000
09/08/2026,14.380000,14.910000,13.970000,14.810000
09/09/2026,15.380000,16.170000,15.080000,15.590000
09/10/2026,17.400000,18.160000,16.630000,17.700000
09/11/2026,14.850000,14.870000,13.780000,14.470000
09/14/2026,17.540000,17.540000,15.820000,16.910000
09/15/2026,16.780000,18.120000,16.580000,17.210000
09/16/2026,16.650000,19.340000,15.700000,17.400000
09/17/2026,13.950000,14.870000,13.340000,13.390000
09/18/2026,13.020000,13.240000,12.130000,12.270000
09/21/2026,13.020000,13.660000,12.700000,13.140000
09/22/2026,12.900000,13.020000,11.990000,12.130000
09/23/2026,11.970000,13.970000,11.870000,13.450000
09/24/2026,14.300000,14.840000,13.680000,14.110000
09/25/2026,13.320000,14.250000,12.420000,12.760000
09/28/2026,14.600000,15.750000,14.010000,14.390000
09/29/2026,13.960000,14.890000,13.920000,14.210000
09/30/2026,13.800000,14.810000,13.490000,14.200000
10/01/2026,14.510000,16.100000,13.830000,14.000000
10/02/2026,12.780000,13.180000,11.980000,12.060000
