date,open,high,low,close,volume,quote_volume,trades
2017-08-17,4261.48,4485.39,4200.74,4285.08,795.150377,3454770.05073206,3427
2017-08-18,4285.08,4371.52,3938.77,4108.37,1199.888264,5086958.30617151,5233
2017-08-19,4108.37,4184.69,3850.0,4139.98,381.309763,1549483.73542151,2153
2017-08-20,4120.98,4211.08,4032.62,4086.29,467.083022,1930364.39032646,2321
2017-08-21,4069.13,4119.62,3911.79,4016.0,691.74306,2797231.71402728,3972
2017-08-22,4016.0,4104.82,3400.0,4040.0,966.684858,3752505.77214051,6494
2017-08-23,4040.0,4265.8,4013.89,4114.01,1001.136565,4148686.46581968,8629
2017-08-24,4147.0,4371.68,4085.01,4316.01,787.418753,3296476.41316476,6247
2017-08-25,4316.01,4453.91,4247.48,4280.68,573.61274,2484637.34936327,6554
2017-08-26,4280.71,4367.0,4212.41,4337.44,228.108068,977865.7333321,2260
2017-08-27,4332.51,4400.0,4285.54,4310.01,350.692585,1521580.06202557,3670
2017-08-28,4310.01,4399.82,4124.54,4386.69,603.841616,2591660.52579953,4349
2017-08-29,4353.65,4625.85,4313.55,4587.48,603.545028,2682483.73582991,4159
2017-08-30,4564.52,4647.51,4416.01,4555.14,808.468771,3683714.68666123,5551
2017-08-31,4555.14,4745.42,4555.14,4724.89,556.956802,2579878.72401184,4161
2017-09-01,4689.89,4885.55,4654.88,4834.91,560.666366,2665165.55924616,4000
2017-09-02,4796.16,4939.19,4286.87,4472.14,929.148595,4257723.944817,7475
2017-09-03,4508.5,4714.76,4298.33,4509.08,691.216198,3121052.75230181,6022
2017-09-04,4505.0,4527.49,3972.51,4100.11,1394.644614,5909947.49008974,9317
2017-09-05,4106.97,4484.99,3603.0,4366.47,1228.938157,5083453.18675071,10084
2017-09-06,4366.49,4662.87,4335.26,4619.77,807.363726,3626346.05544323,7956
2017-09-07,4619.77,4788.59,4438.19,4691.61,500.429975,2305795.13638315,3070
2017-09-08,4691.66,4735.39,4028.93,4282.8,1132.255046,4866527.22639337,4733
2017-09-09,4282.8,4426.62,4150.06,4258.81,658.782952,2815383.46568698,3777
2017-09-10,4258.81,4283.0,3801.0,4130.37,660.373275,2700371.80819211,3435
2017-09-11,4153.62,4334.43,4098.91,4208.47,699.989065,2956842.76250147,4228
2017-09-12,4208.6,4394.59,4040.8,4163.72,879.630319,3725190.62328952,6501
2017-09-13,4159.72,4165.38,3760.0,3944.69,913.462545,3570365.92571669,5019
2017-09-14,3944.0,3993.0,3165.13,3189.02,1665.021543,5914261.40460825,9066
2017-09-15,3188.01,3856.0,2817.0,3700.0,1968.866492,6588767.18669446,10445
2017-09-16,3674.01,3950.0,3470.66,3714.95,1297.563953,4804878.24721283,8809
2017-09-17,3685.23,3748.21,3499.02,3699.99,682.17121,2466490.27859466,6355
2017-09-18,3690.0,4123.2,3690.0,4035.01,1030.006455,4069033.05715863,8220
2017-09-19,4060.0,4089.97,3830.91,3910.04,902.332129,3558315.19743872,7342
2017-09-20,3910.04,4046.08,3820.0,3900.0,720.935076,2839584.45308804,7231
2017-09-21,3889.99,3910.0,3567.0,3609.99,1001.654084,3757043.07821264,8714
2017-09-22,3592.84,3750.0,3505.55,3595.87,838.966425,3031771.43292849,8152
2017-09-23,3595.88,3817.19,3542.91,3780.0,752.792791,2799706.99951511,8402
2017-09-24,3779.54,3789.99,3622.76,3660.02,661.63639,2445788.43620041,8724
2017-09-25,3660.02,3979.87,3653.69,3920.75,727.994713,2784170.85318322,9740
2017-09-26,3928.0,3976.99,3850.05,3882.35,526.727987,2061195.57868009,7971
2017-09-27,3882.36,4249.94,3872.81,4193.0,628.170966,2554629.81447101,8373
2017-09-28,4192.11,4300.0,4101.0,4174.5,849.785325,3553178.87037354,11426
2017-09-29,4178.98,4263.86,3952.01,4174.69,1602.309565,6571746.35900076,14834
2017-09-30,4175.0,4380.0,4138.1,4378.51,720.353183,3088354.40084536,9324
2017-10-01,4378.49,4406.52,4240.04,4378.48,726.963685,3137143.89184457,9816
2017-10-02,4400.0,4561.63,4360.0,4380.0,655.756974,2905282.77570845,8185
2017-10-03,4380.0,4467.33,4180.8,4310.0,1082.323563,4627422.74283879,12379
2017-10-04,4314.9,4373.0,4142.0,4208.59,868.465101,3676415.10054891,11006
2017-10-05,4208.59,4355.0,4110.0,4292.43,779.138638,3295532.82397779,9158
2017-10-06,4318.99,4417.0,4292.0,4369.0,506.529176,2212035.12414239,6546
2017-10-07,4369.0,4479.5,4312.56,4423.0,297.5975,1302533.21459281,4804
2017-10-08,4425.0,4658.0,4425.0,4640.0,518.462004,2347356.46944654,7580
2017-10-09,4640.0,4889.98,4550.0,4786.95,646.463145,3040508.90436387,10372
2017-10-10,4786.95,4960.0,4680.59,4783.06,1043.221773,5044283.86347582,11967
2017-10-11,4783.06,4881.61,4710.0,4821.43,753.429396,3609240.90903919,5895
2017-10-12,4821.43,5439.99,4810.16,5430.0,1276.701482,6659759.29119366,8030
2017-10-13,5439.99,5846.17,5379.84,5649.98,1879.82762,10597340.30104987,11663
2017-10-14,5650.0,5900.0,5580.01,5869.99,970.759046,5533972.4859947,6259
2017-10-15,5855.03,5922.3,5400.01,5709.99,1343.523375,7553650.20132813,7452
2017-10-16,5710.0,5788.91,5585.19,5760.02,1528.996462,8701914.79553535,9153
2017-10-17,5760.0,5774.98,5508.63,5595.0,1429.869376,8041662.31881055,9755
2017-10-18,5595.0,5596.0,5037.95,5512.06,2317.804373,12456909.97604373,14824
2017-10-19,5513.0,5710.0,5490.26,5683.9,1881.722107,10609368.77338359,11553
2017-10-20,5683.31,6110.0,5600.0,6010.01,1972.97722,11486552.1888066,11656
2017-10-21,6013.72,6171.0,5850.03,6024.97,1664.307693,10114821.44026351,10182
2017-10-22,6003.27,6060.0,5720.03,5950.02,1362.092216,8035415.37335629,8846
2017-10-23,5975.0,6080.0,5621.03,5915.93,1812.557715,10607190.98072695,10736
2017-10-24,5909.47,5925.0,5450.0,5477.03,2580.418767,14564495.85056032,13075
2017-10-25,5506.92,5704.96,5286.98,5689.99,2282.813205,12544847.89154201,12026
2017-10-26,5670.1,5939.99,5650.0,5861.77,1972.965882,11417126.63602561,11429
2017-10-27,5861.77,5980.0,5649.24,5768.83,1403.706416,8167069.73635031,8305
2017-10-28,5768.79,5850.02,5630.03,5719.64,1276.754412,7308076.01911184,8556
2017-10-29,5709.98,6189.88,5648.01,6169.98,1804.778173,10620967.62459168,10651
2017-10-30,6133.01,6248.68,6030.0,6120.5,1473.687043,9030219.28673499,9027
2017-10-31,6120.52,6498.01,6100.0,6463.0,1511.774925,9487640.8400991,12503
2017-11-01,6463.0,6774.67,6338.02,6753.98,1675.615188,10951171.07254041,16775
2017-11-02,6753.98,7300.0,6685.1,7019.98,2503.610803,17369001.33091877,20222
2017-11-03,7010.31,7346.34,6923.0,7115.04,1891.497592,13614451.74654126,15375
2017-11-04,7115.02,7480.99,6901.0,7357.09,1399.191767,10064538.39659038,13395
2017-11-05,7357.27,7590.25,7279.02,7345.01,1207.83233,9000403.86573288,11090
2017-11-06,7345.1,7401.0,6906.0,6960.12,1763.019261,12673524.6216398,13525
2017-11-07,6981.72,7198.49,6901.0,7064.04,1440.259494,10173272.33780804,13132
2017-11-08,7070.0,7770.02,6651.0,7303.0,2822.298802,20491286.19840822,24381
2017-11-09,7303.01,7392.0,7015.0,7079.99,1913.398308,13798534.34721742,13818
2017-11-10,7079.0,7279.91,6255.01,6506.98,3254.704105,22083345.18396158,18889
2017-11-11,6503.0,6797.98,6100.0,6245.05,2754.156861,17681445.46474999,17840
2017-11-12,6245.05,6630.0,5325.01,5811.03,4968.483069,29711508.60084671,31069
2017-11-13,5839.94,6697.47,5699.99,6465.99,2621.243039,16498136.09913936,16165
2017-11-14,6465.99,6684.98,6311.07,6574.99,1254.292531,8168729.97122799,10476
2017-11-15,6575.99,7298.0,6575.99,7240.06,1779.605845,12446186.45092821,10313
2017-11-16,7240.14,7940.0,7076.0,7864.5,2331.95675,17499577.25815967,14961
2017-11-17,7876.98,7989.0,7451.0,7699.19,3982.395925,31024092.61951179,22012
2017-11-18,7680.01,7819.99,7422.0,7761.94,3954.266477,30334498.31525712,18383
2017-11-19,7761.94,8123.15,7650.33,8038.0,3867.340444,30322635.7689457,14897
2017-11-20,8057.11,8319.99,7954.0,8212.0,3886.634348,31567135.38731295,20101
2017-11-21,8212.49,8400.0,7801.0,8119.51,4544.474016,37074997.58090905,20798
2017-11-22,8091.09,8322.68,8091.09,8205.92,3545.00571,29124078.47217724,14752
2017-11-23,8233.03,8260.0,8000.0,8019.99,4093.952687,33400702.99957629,16625
2017-11-24,8019.97,8369.0,7850.0,8138.0,4411.789112,35840264.45804051,19754
2017-11-25,8138.99,8734.78,8090.0,8700.01,4292.623682,36093005.20140187,18632
2017-11-26,8700.04,9350.0,8604.72,9128.02,4147.380237,37138533.83941873,19268
2017-11-27,9128.0,9654.28,9112.04,9650.0,4521.625707,42961064.95202934,22806
2017-11-28,9650.0,9939.0,9570.5,9896.8,4917.210985,48235644.0576554,18923
2017-11-29,9896.79,11300.03,8520.0,9687.88,13352.538715,135976167.45757934,47894
2017-11-30,9687.88,10900.0,8850.8,9838.96,9389.574329,91430904.34116387,41153
2017-12-01,9837.0,10898.0,9380.0,10782.99,6134.923633,62260697.58291551,32375
2017-12-02,10775.04,11190.0,10620.0,10890.01,4765.439757,52046689.84006951,29694
2017-12-03,10902.69,11825.0,10500.0,11165.41,5346.636524,60350708.29332783,39335
2017-12-04,11165.41,11600.0,10802.0,11579.0,4663.424562,52814985.63993067,32232
2017-12-05,11571.03,11853.0,11447.68,11699.99,5550.732055,64721253.04527842,31317
2017-12-06,11699.99,13615.23,11665.58,13550.05,6707.946319,84409526.69576178,40196
2017-12-07,13541.01,16649.96,13050.0,16599.0,7487.065695,109555325.34649763,57541
2017-12-08,16599.0,17204.99,14015.0,15880.0,17589.013136,271586476.6191431,84727
2017-12-09,15880.01,16269.3,12535.0,14656.07,13918.758687,205372672.98786432,66738
2017-12-10,14664.01,15720.12,12368.0,14899.98,16553.037173,233767963.46201488,80669
2017-12-11,14946.26,17470.0,14901.08,16587.97,11820.401762,193045127.9036004,71373
2017-12-12,16587.97,16976.45,15875.0,16349.99,9436.802411,155716213.09834388,76032
2017-12-13,16349.99,16546.0,14666.56,16033.29,12416.328801,196769674.3115306,83847
2017-12-14,16030.34,16445.0,15450.0,16334.98,11616.867151,186092495.1834846,86150
2017-12-15,16334.98,17991.0,16298.45,17539.83,9181.273947,159809704.04408672,85478
2017-12-16,17516.81,19539.0,17190.01,19102.66,4202.628709,76293721.36508314,51777
2017-12-17,19120.19,19798.68,18510.0,18860.02,9177.183434,175867439.47045138,84581
2017-12-18,18860.04,19300.0,17029.98,18856.25,10624.633071,196339245.74519795,91956
2017-12-19,18856.25,18950.0,16300.0,17295.2,13210.74822,232790625.92336664,116569
2017-12-20,17295.2,17720.35,14777.66,16488.98,13450.496693,221193892.5022389,129762
2017-12-21,16480.52,17309.5,14022.0,15492.64,20324.2173,320176825.29037607,117731
2017-12-22,15514.03,15699.34,10961.0,13326.61,36076.271175,477509934.7182865,243261
2017-12-23,13326.61,14950.0,12978.18,13300.0,13141.538875,184759685.33206666,135005
2017-12-24,13300.0,13819.99,11640.0,13500.0,28557.534988,365709589.60302895,173557
2017-12-25,13500.0,14300.0,12708.0,13699.34,15748.207607,213139657.62891454,116416
2017-12-26,13699.34,16050.0,13533.0,15689.01,15034.668104,224843731.89656886,133133
2017-12-27,15709.98,16498.05,14200.15,15459.99,14959.864723,231229932.48204058,142202
2017-12-28,15459.97,15539.99,13150.0,14182.11,21717.858014,303401227.98652,178032
2017-12-29,14199.14,14981.0,13850.0,14378.9,18072.008116,260911629.21807674,142100
2017-12-30,14378.99,14398.85,11750.0,12440.01,19221.158039,247803953.75248587,190204
2017-12-31,12345.1,14050.11,12149.98,13716.36,11768.989718,155283285.36704132,138893
2018-01-01,13715.65,13818.55,12750.0,13380.0,8609.915844,114799747.44197057,105595
2018-01-02,13382.16,15473.49,12890.02,14675.11,20078.092111,279717107.4337192,177728
2018-01-03,14690.0,15307.56,14150.0,14919.51,15905.667639,236116868.3361901,162787
2018-01-04,14919.51,15280.0,13918.04,15059.54,21329.649574,312781583.79830784,170310
2018-01-05,15059.56,17176.24,14600.0,16960.39,23251.491125,369321956.4868375,192969
2018-01-06,16960.39,17143.13,16011.21,17069.79,18571.457508,309216920.98641044,158242
2018-01-07,17069.79,17099.96,15610.0,16150.03,12493.125558,206194706.37068352,120269
2018-01-08,16218.85,16322.3,12812.0,14902.54,26600.609912,396569997.15746266,208642
2018-01-09,14902.54,15500.0,14011.05,14400.0,14315.004253,210630187.45766863,156656
2018-01-10,14401.0,14955.66,13131.31,14907.09,17411.001655,244011366.763028,161476
2018-01-11,14940.0,14968.68,11400.0,13238.78,33554.723751,446587594.6937379,239416
2018-01-12,13238.76,14109.78,12500.0,13740.01,16417.162137,222516076.27145907,134452
2018-01-13,13749.95,14580.0,13706.15,14210.0,12221.508528,173086488.54788405,123639
2018-01-14,14210.0,14339.5,12569.2,13474.99,17017.894329,226525305.1293811,152364
2018-01-15,13477.98,14249.99,13147.79,13539.93,14652.094705,200614554.538343,145362
2018-01-16,13500.0,13542.93,9035.0,10900.0,63401.169175,722150828.1494025,418243
2018-01-17,10899.99,11680.99,9037.94,10988.79,72331.796646,744154180.1312059,517293
2018-01-18,10972.59,11878.82,10435.33,10961.97,48464.434937,541289614.0584046,393112
2018-01-19,10960.0,11795.0,10360.0,11474.98,34129.375421,382773499.2265792,273271
2018-01-20,11474.98,13099.0,11412.45,12799.94,28768.857827,358561107.78097045,251647
2018-01-21,12799.8,12799.8,10965.0,11530.0,41379.773426,485289230.8188924,360207
2018-01-22,11530.0,11926.35,9900.24,10760.05,43752.606791,475716514.208697,363264
2018-01-23,10760.05,11399.0,9905.0,10799.18,37473.922552,399419413.2329807,355286
2018-01-24,10799.14,11570.48,10500.0,11349.99,27158.587762,299470607.4302002,293429
2018-01-25,11349.96,11794.05,10950.21,11175.27,20839.954183,236081364.9736523,221040
2018-01-26,11184.7,11643.0,10311.15,11089.0,33056.87196,360482470.1737543,314720
2018-01-27,11089.0,11650.0,10842.69,11491.0,18860.768345,212663199.53348225,207478
2018-01-28,11499.98,12244.0,11408.0,11879.95,16887.339524,200211582.94345406,206247
2018-01-29,11879.95,11975.02,11139.55,11251.0,14170.377538,162110154.87880376,169199
2018-01-30,11250.11,11308.42,9900.0,10237.51,25554.372946,268978329.50861526,259212
2018-01-31,10230.0,10425.85,9700.0,10285.1,18015.956805,181644207.1131626,201422
2018-02-01,10285.1,10335.0,8750.99,9224.52,33564.764311,317636345.9843711,316020
2018-02-02,9224.52,9250.0,8010.02,8873.03,49971.626975,434236483.7044874,453411
2018-02-03,8873.03,9473.01,8229.0,9199.96,28725.000735,256834729.0599109,327519
2018-02-04,9199.96,9368.0,7930.0,8184.81,32014.308449,274912288.421322,356134
2018-02-05,8179.99,8382.8,6625.0,6939.99,63403.182579,471166218.7134473,533510
2018-02-06,6939.63,7878.0,6000.01,7652.14,100201.500307,684364276.3666689,785996
2018-02-07,7655.02,8476.0,7150.01,7599.0,60778.460497,477935038.81177694,514893
2018-02-08,7599.0,7844.0,7572.09,7784.02,1521.537318,11770168.04386595,12417
2018-02-09,7789.9,8738.0,7789.9,8683.92,20482.910825,173348469.81187892,273091
2018-02-10,8683.93,9065.78,8120.0,8533.98,49381.512653,423411421.93098,537578
2018-02-11,8533.99,8549.0,7726.53,8063.88,45025.187952,366966437.24988854,524626
2018-02-12,8063.82,8989.0,8053.0,8903.0,41987.85049,362440826.9943769,477660
2018-02-13,8903.0,8950.0,8351.0,8539.9,35454.972956,305165143.6969234,401893
2018-02-14,8535.17,9489.6,8533.0,9449.99,40811.952867,370126692.72823304,514897
2018-02-15,9449.98,10219.5,9301.5,10000.09,52427.596715,512388484.73178285,608349
2018-02-16,10000.89,10323.37,9666.0,10159.98,38161.205974,381103299.2238848,405310
2018-02-17,10156.07,11075.07,10050.0,11039.55,41882.108407,446012696.16926724,413585
2018-02-18,11039.55,11274.0,10080.0,10383.43,61137.380728,649423311.3100227,537534
2018-02-19,10375.01,11250.0,10270.33,11153.0,40831.417131,443766562.68306607,366882
2018-02-20,11147.11,11786.01,11100.59,11200.99,48153.354288,551573232.2429588,432197
2018-02-21,11195.07,11304.03,10200.0,10437.6,68113.818754,731537130.4921861,542340
2018-02-22,10439.02,10933.44,9679.0,9811.04,67060.166483,682006373.869588,506273
2018-02-23,9815.55,10435.0,9570.19,10131.04,57202.70237,571800753.4709765,467480
2018-02-24,10131.04,10496.97,9352.0,9694.51,40888.156299,405618586.64803785,337918
2018-02-25,9694.51,9847.0,9274.8,9590.0,28373.517586,271286599.1260862,233567
2018-02-26,9590.0,10444.32,9350.0,10324.0,34878.292756,347559259.73845184,285276
2018-02-27,10321.0,10870.0,10121.0,10569.04,30705.385123,324295371.1414657,240542
2018-02-28,10584.33,11098.0,10300.0,10326.76,30800.983782,327914696.13067526,277886
2018-03-01,10325.64,11060.41,10240.0,10920.0,25092.55393,268172535.3811293,230428
2018-03-02,10923.36,11200.0,10770.0,11039.0,23910.71009,262936307.00785756,211691
2018-03-03,11038.99,11544.0,11015.01,11464.48,21287.15328,241749497.90247172,190444
2018-03-04,11464.47,11565.0,11050.02,11515.0,17295.918653,194849579.12502074,168359
2018-03-05,11515.0,11710.0,11415.01,11454.0,15144.231063,174866951.39806527,164318
2018-03-06,11455.0,11455.0,10555.48,10716.48,29515.572363,323842216.64859617,250306
2018-03-07,10716.48,10899.0,9389.31,9910.0,50647.67108,514808033.4879209,396721
2018-03-08,9910.0,10099.0,9060.0,9271.64,41109.473226,394641280.63843673,336514
2018-03-09,9267.07,9410.0,8329.0,9227.0,64112.291407,567082901.1319405,462712
2018-03-10,9230.0,9490.0,8667.07,8770.22,37180.012857,341210248.41481787,288066
2018-03-11,8770.22,9740.0,8450.0,9533.57,44325.973386,403491260.9275316,333367
2018-03-12,9533.57,9888.88,8780.0,9131.34,42230.77793,395562731.8650373,336642
2018-03-13,9131.34,9474.0,8823.0,9150.0,40191.409358,367353984.7132836,342734
2018-03-14,9151.92,9333.78,7900.28,8170.0,49708.094108,426058009.75594646,399127
2018-03-15,8184.01,8430.0,7650.0,8240.98,52291.022277,422130717.47310126,400529
2018-03-16,8240.98,8611.64,7900.0,8260.0,38815.409893,322355002.1651949,255807
2018-03-17,8260.0,8348.62,7721.99,7824.8,33110.206329,265973111.61762854,292041
2018-03-18,7824.01,8317.4,7322.0,8189.99,59488.231711,458311733.5188204,423336
2018-03-19,8189.0,8705.23,8088.4,8600.0,55297.084942,462654338.98212785,360414
2018-03-20,8595.01,9050.0,8280.0,8909.98,44865.105835,387879393.47061425,298261
2018-03-21,8909.96,9177.01,8750.6,8885.0,39972.405371,358157473.3612324,293696
2018-03-22,8884.82,9100.0,8465.1,8722.9,40617.556809,354804129.3433086,276449
2018-03-23,8720.0,8909.0,8269.0,8898.03,39991.007666,340755592.544531,278571
2018-03-24,8898.04,8999.95,8491.0,8546.86,35466.609572,313254829.9051367,270300
2018-03-25,8531.25,8669.85,8365.77,8470.15,29001.769316,247023172.30795503,215660
2018-03-26,8470.14,8514.89,7831.0,8134.23,44033.59566,358429758.87319523,310462
2018-03-27,8134.22,8215.94,7730.0,7795.51,37427.64805,297609656.44043654,266540
2018-03-28,7795.51,8109.0,7728.0,7949.3,26401.33167,209186093.18317956,183620
2018-03-29,7949.3,7975.0,6941.11,7090.14,54620.915125,405591158.6323181,359537
2018-03-30,7090.16,7292.43,6600.1,6840.23,65306.031976,450352009.170998,400057
2018-03-31,6840.24,7223.36,6777.0,6923.91,36868.539087,258341534.47236216,240293
2018-04-01,6922.0,7049.98,6430.0,6813.01,44071.430463,297470498.81956285,260942
2018-04-02,6813.01,7125.0,6765.0,7056.0,32123.560072,224322159.41331607,206780
2018-04-03,7063.97,7520.0,7011.01,7405.21,37787.331811,277080072.76171273,248143
2018-04-04,7405.21,7427.52,6707.0,6796.1,42227.183804,297443582.7461225,277249
2018-04-05,6796.1,6902.0,6566.69,6770.76,39029.73146,263446941.1321242,238476
2018-04-06,6770.0,6850.0,6500.0,6601.39,27455.01192,182139799.80865908,162456
2018-04-07,6601.39,7070.0,6586.28,6895.8,32269.578267,222323863.54144785,178577
2018-04-08,6895.81,7109.13,6880.0,7018.0,21427.673165,149967346.66268998,152461
2018-04-09,7011.04,7185.0,6611.0,6782.72,34078.297206,234309953.75033435,212669
2018-04-10,6781.55,6890.0,6656.0,6843.9,22326.728095,151417844.2663968,147755
2018-04-11,6839.56,6990.0,6787.0,6953.79,23997.871177,165264003.41270605,155607
2018-04-12,6953.78,8012.23,6743.2,7923.0,64861.595987,485176252.4893357,404588
2018-04-13,7922.99,8233.39,7732.0,7877.41,55044.523148,439884522.7119489,351905
2018-04-14,7877.48,8186.0,7810.0,7999.01,31621.286357,252868761.3206163,194500
2018-04-15,8004.0,8429.54,7999.02,8355.0,27946.720444,230287099.5843022,181778
2018-04-16,8355.07,8419.0,7867.0,8064.92,36664.069715,295817536.47495276,226748
2018-04-17,8064.92,8173.7,7825.4,7885.02,32152.603567,258221765.57371348,221228
2018-04-18,7890.96,8236.43,7868.0,8173.0,26969.04457,217649160.11017892,183472
2018-04-19,8173.99,8296.0,8080.0,8278.0,27113.847464,222675105.7884542,196821
2018-04-20,8273.84,8930.0,8177.09,8856.98,39795.337485,337288580.42571294,289687
2018-04-21,8852.12,9035.0,8565.0,8915.31,40872.229909,358915978.1040339,295374
2018-04-22,8915.31,9020.67,8727.68,8787.02,29458.25348,261804372.9093471,229871
2018-04-23,8785.7,8985.0,8745.0,8934.01,25838.114709,229754640.59668776,190944
2018-04-24,8934.0,9731.01,8922.0,9619.99,46268.790106,431210048.0625035,326608
2018-04-25,9618.96,9759.82,8730.0,8869.99,81110.037589,745137762.968867,477363
2018-04-26,8869.99,9307.48,8651.62,9266.0,43300.304245,385046648.13786614,285850
2018-04-27,9267.03,9395.0,8889.0,8915.35,37241.347036,342805674.55176014,268471
2018-04-28,8915.35,9427.48,8870.0,9348.0,34759.62842,321653866.2001887,257288
2018-04-29,9348.0,9570.51,9163.74,9419.0,38149.850035,357004895.9636863,311494
2018-04-30,9417.04,9458.64,9124.99,9246.01,35002.033875,325019389.2499412,285951
2018-05-01,9246.01,9248.99,8800.49,9071.48,41018.463633,368688349.62168455,268741
2018-05-02,9071.48,9268.0,8970.2,9247.84,26123.543961,238421833.7581133,188258
2018-05-03,9247.81,9844.0,9168.4,9750.0,38768.388288,366028365.22714454,282581
2018-05-04,9750.0,9830.04,9520.85,9713.99,28681.588879,277565997.63316435,210165
2018-05-05,9714.0,10020.0,9682.0,9864.0,24990.018345,246807563.50646493,212076
2018-05-06,9863.99,9970.0,9417.03,9659.01,27690.351559,267359420.30359015,229309
2018-05-07,9661.02,9689.67,9181.0,9365.0,33787.640012,316015961.44182944,230754
2018-05-08,9365.0,9475.7,9060.54,9187.56,25533.831889,236418155.6869351,189159
2018-05-09,9178.0,9390.0,8965.0,9310.0,25673.524899,235736782.28825977,192337
2018-05-10,9310.0,9395.12,8970.0,9002.2,25055.063718,231595002.59561664,221075
2018-05-11,9002.21,9016.8,8341.0,8400.0,48227.048061,418859806.4816156,365538
2018-05-12,8405.94,8646.88,8153.0,8465.94,40241.32081,337899865.8601307,310305
2018-05-13,8475.44,8763.36,8298.0,8679.71,25632.869362,219455683.0803555,215590
2018-05-14,8679.71,8879.99,8277.0,8663.34,37389.666533,320583612.23009104,292731
2018-05-15,8663.37,8859.99,8401.3,8462.0,28126.956136,242341031.06166917,360379
2018-05-16,8462.0,8488.0,8083.01,8330.0,31130.718908,257056552.43007562,300842
2018-05-17,8330.0,8464.0,7979.0,8041.46,25439.844799,209489039.34104192,310780
2018-05-18,8038.82,8273.21,7911.9,8239.81,23476.158251,189870380.85778695,183913
2018-05-19,8238.01,8390.8,8095.73,8233.49,17193.424276,141878775.40909582,134185
2018-05-20,8233.49,8609.0,8163.9,8526.98,19957.057109,167440553.7493928,161265
2018-05-21,8526.97,8595.31,8305.0,8381.24,21516.596486,181750674.82134953,184158
2018-05-22,8386.89,8400.18,7935.11,7977.11,23710.902858,194335432.43754092,192154
2018-05-23,7977.12,8031.9,7425.0,7501.95,42910.666774,331238049.6407461,306812
2018-05-24,7501.95,7730.73,7266.99,7575.01,37845.446595,284286378.50810045,253694
2018-05-25,7578.99,7649.55,7308.15,7457.0,26739.95664,199749585.9695036,239025
2018-05-26,7456.99,7620.0,7300.0,7333.96,19464.086071,145636226.4590289,212344
2018-05-27,7334.0,7400.0,7231.11,7338.99,18706.945515,136710618.49801704,198341
2018-05-28,7338.99,7437.0,7058.02,7099.0,27219.438963,196788994.2658081,233392
2018-05-29,7099.0,7540.0,7032.95,7461.29,39407.21183,288070643.9128678,237359
2018-05-30,7467.98,7569.0,7260.5,7375.96,32041.583623,237956894.04949042,242079
2018-05-31,7382.07,7699.0,7327.51,7485.01,30776.063102,231017579.8341327,274399
2018-06-01,7485.01,7608.55,7355.54,7521.01,28259.124078,211458512.1230823,303069
2018-06-02,7521.01,7697.33,7437.0,7640.03,26720.690219,203370447.6906526,290131
2018-06-03,7636.81,7786.69,7600.0,7714.26,27505.158951,211737376.85348508,349636
2018-06-04,7714.26,7760.52,7446.5,7487.0,32258.835115,244167051.18701583,307003
2018-06-05,7487.0,7679.49,7358.0,7625.0,31722.973384,237722147.65258065,236865
2018-06-06,7626.64,7699.0,7467.05,7658.84,27229.991898,207006657.7801965,257573
2018-06-07,7658.79,7765.0,7620.0,7691.08,25062.227202,192949056.84199956,244186
2018-06-08,7691.08,7703.5,7531.0,7603.44,23396.804671,178204158.39968467,321734
2018-06-09,7603.44,7683.98,7450.0,7491.73,19339.885176,147171153.412775,278971
2018-06-10,7491.73,7491.73,6622.81,6764.99,52342.020032,367338754.56308055,471088
2018-06-11,6765.0,6922.0,6610.0,6872.0,34552.162303,233056682.85777125,203442
2018-06-12,6872.0,6890.51,6435.0,6530.0,36722.211191,245787800.8012235,224658
2018-06-13,6530.0,6627.6,6118.68,6292.78,46185.5181,295395681.6623412,266517
2018-06-14,6292.78,6720.0,6260.0,6635.98,44478.130837,289074808.7841299,256384
2018-06-15,6638.67,6666.66,6362.31,6388.9,30018.329905,196192096.14553952,184938
2018-06-16,6380.01,6560.0,6320.86,6483.98,22277.241147,143760033.69408152,140470
2018-06-17,6482.5,6589.03,6422.0,6449.61,19847.247688,129120718.76299886,129759
2018-06-18,6444.06,6794.38,6380.0,6712.46,31821.434995,208570443.9599789,180773
2018-06-19,6711.39,6841.74,6653.0,6741.21,24311.421143,163420093.794135,160490
2018-06-20,6740.0,6817.23,6551.81,6761.51,26359.752452,175935335.65057912,166074
2018-06-21,6763.21,6795.0,6672.57,6718.84,25428.854048,171149859.23602843,159783
2018-06-22,6717.69,6733.97,5918.94,6045.0,52157.370833,327460666.91451645,300515
2018-06-23,6045.92,6260.0,6008.48,6149.98,26622.788589,162755765.84514263,170164
2018-06-24,6149.98,6259.8,5750.0,6136.97,47445.998955,284095336.0578902,275996
2018-06-25,6137.95,6350.0,6061.97,6252.0,39164.515306,242859915.8036461,218384
2018-06-26,6252.0,6272.54,6035.0,6070.78,19377.240484,119676555.56449406,113431
2018-06-27,6065.89,6190.43,5971.0,6133.73,19225.671098,117103011.80356833,99481
2018-06-28,6134.73,6173.01,5827.0,5853.98,30585.266026,185247010.87925187,156241
2018-06-29,5851.01,6300.0,5780.0,6197.92,33911.287278,201409363.91549844,212542
2018-06-30,6197.92,6528.99,6186.03,6390.07,37919.61284,241568568.0310778,230915
2018-07-01,6391.08,6441.06,6251.0,6356.81,27562.965974,175096501.49486908,183060
2018-07-02,6360.82,6685.0,6271.62,6615.29,36230.452264,235524330.64865336,242589
2018-07-03,6615.29,6679.35,6463.01,6513.86,38657.781691,254550438.13768882,232914
2018-07-04,6511.01,6784.92,6441.11,6586.98,23571.892777,156277884.33011597,146203
2018-07-05,6585.53,6712.0,6453.33,6529.2,35071.972898,230809190.30740514,216533
2018-07-06,6529.2,6648.54,6425.0,6609.78,29397.094748,192230903.67599213,193854
2018-07-07,6609.79,6818.16,6508.88,6756.98,23973.876886,158034155.17779142,145449
2018-07-08,6753.48,6780.0,6667.44,6712.1,24622.947794,165941351.79836008,145349
2018-07-09,6712.1,6802.06,6612.24,6662.12,26732.40655,179250573.66648534,147315
2018-07-10,6662.78,6681.0,6263.0,6296.91,38560.672702,249099760.1897497,189913
2018-07-11,6296.91,6406.0,6278.99,6378.07,28715.498487,182357469.0280709,151869
2018-07-12,6378.07,6380.28,6070.0,6250.57,31306.663348,194325733.7875043,150985
2018-07-13,6251.4,6350.0,6110.0,6214.57,26375.325286,164467999.80925834,144757
2018-07-14,6214.57,6335.0,6178.0,6251.99,17783.071999,110959488.24719918,108052
2018-07-15,6250.9,6395.0,6225.4,6353.01,22979.211508,145409822.7448766,114997
2018-07-16,6354.15,6747.3,6330.4,6723.35,36204.87708,237104112.4504954,201733
2018-07-17,6723.33,7468.99,6652.04,7317.44,52105.423459,364669305.0369064,276178
2018-07-18,7317.44,7588.08,7225.38,7381.9,59487.64345,440669913.2083524,327949
2018-07-19,7381.88,7576.28,7270.0,7466.21,41218.256437,305198281.1394862,235597
2018-07-20,7468.86,7700.0,7273.0,7337.53,46140.313447,342862693.0959096,251391
2018-07-21,7337.47,7458.47,7211.0,7398.78,28886.490291,212126417.2287315,164901
2018-07-22,7399.25,7582.4,7335.5,7394.79,30270.21844,225619234.83744207,144711
2018-07-23,7394.78,7833.0,7375.0,7721.01,41646.346671,320156546.58240986,219776
2018-07-24,7721.65,8486.0,7696.0,8397.24,60121.163749,487117211.6818982,326329
2018-07-25,8397.24,8491.77,8050.0,8175.64,48257.649124,398119757.8038501,277935
2018-07-26,8175.63,8315.69,7850.06,7920.0,43223.481682,352101207.6799552,235681
2018-07-27,7920.0,8285.0,7805.0,8188.57,43671.005891,350881696.75270694,227397
2018-07-28,8188.57,8246.54,8067.0,8225.04,26215.173839,214357817.0314018,144170
2018-07-29,8225.04,8294.51,8115.0,8211.0,25531.226185,209564023.05224952,144331
2018-07-30,8210.99,8273.0,7866.0,8173.92,39692.416542,321599782.180698,206911
2018-07-31,8171.4,8180.0,7633.0,7730.93,48296.915587,379841367.20240223,239132
2018-08-01,7735.67,7750.0,7430.0,7604.58,42582.312932,322252070.44348675,208008
2018-08-02,7600.08,7709.46,7455.72,7525.71,37665.696684,285656680.7015636,175627
2018-08-03,7525.71,7540.0,7282.44,7418.78,44669.486047,330599837.7285522,226727
2018-08-04,7412.27,7494.81,6926.0,7009.84,36288.42601,262282965.48573315,199335
2018-08-05,7009.84,7089.87,6882.29,7024.19,32894.849782,229992627.52322164,148658
2018-08-06,7024.19,7160.0,6821.0,6934.82,32760.191643,229071781.1153667,177378
2018-08-07,6935.0,7150.46,6670.0,6720.06,45438.473501,316365882.1031662,247202
2018-08-08,6720.63,6721.54,6123.0,6285.0,59550.536319,382460776.49398136,305603
2018-08-09,6283.27,6622.81,6178.6,6529.79,51941.185111,332880900.89059937,248573
2018-08-10,6529.79,6575.88,6026.39,6144.01,59034.974902,374699380.9484915,289661
2018-08-11,6148.13,6488.0,5971.0,6232.35,47133.418555,291056267.0892287,236173
2018-08-12,6222.55,6472.3,6130.0,6308.33,38567.770712,243227298.87942722,190399
2018-08-13,6308.56,6545.0,6145.04,6246.35,53895.828783,341552293.0073001,239602
2018-08-14,6248.25,6250.33,5880.0,6188.08,50186.745091,303179556.3624503,252004
2018-08-15,6188.08,6609.0,6172.11,6267.16,68806.687026,439109005.4034304,329413
2018-08-16,6265.27,6480.0,6205.6,6311.75,48515.254618,307755605.1624039,228942
2018-08-17,6316.0,6585.0,6285.4,6584.49,57851.610803,374472431.7235812,296730
2018-08-18,6579.04,6620.0,6288.0,6387.96,53742.322172,345964004.3657212,276121
2018-08-19,6387.96,6541.0,6300.0,6477.53,45190.847994,289271954.55326533,190758
2018-08-20,6477.53,6530.0,6220.0,6254.84,49435.55526,317617945.7492608,237055
2018-08-21,6251.0,6500.0,6235.08,6480.0,41569.947408,265458342.7817206,180578
2018-08-22,6479.98,6882.54,6251.2,6360.89,77909.391359,512501182.2029021,326562
2018-08-23,6362.57,6576.99,6342.28,6525.01,40358.166825,259786384.55491504,187637
2018-08-24,6525.0,6725.0,6440.5,6681.64,38305.675322,251513064.47447148,180167
2018-08-25,6686.98,6789.0,6650.61,6733.64,19220.505929,129083702.47542232,122483
2018-08-26,6733.64,6775.27,6568.0,6700.0,20107.297208,134117930.3957502,130769
2018-08-27,6700.0,6940.51,6646.5,6908.64,37747.078747,254214730.3171242,205441
2018-08-28,6907.26,7135.0,6860.0,7076.11,48352.917163,338220284.2901657,252033
2018-08-29,7077.0,7133.81,6912.34,7031.22,43252.487392,304565438.4850058,223772
2018-08-30,7033.21,7063.63,6784.81,6984.84,44716.77462,309357226.58362526,230848
2018-08-31,6984.84,7089.0,6888.0,7011.21,40467.400638,282722730.0613195,203142
2018-09-01,7011.21,7275.0,7008.74,7200.01,40323.414093,287299347.7691456,217286
2018-09-02,7201.57,7345.45,7127.0,7302.01,39814.840352,288526018.71327895,210282
2018-09-03,7302.0,7338.28,7191.63,7263.02,32396.018371,235393601.42514038,173846
2018-09-04,7263.0,7410.0,7227.17,7359.06,35300.640518,258978411.27108595,183178
2018-09-05,7359.05,7397.3,6682.0,6700.0,63715.256267,449463489.0579975,308813
2018-09-06,6697.27,6725.0,6265.0,6516.01,60644.464227,390391932.2091176,280845
2018-09-07,6516.84,6544.0,6320.0,6395.54,38906.28805,250716129.90518978,194451
2018-09-08,6395.54,6478.0,6111.0,6185.05,38215.032171,241711345.37120345,180831
2018-09-09,6185.06,6441.0,6141.53,6250.81,37053.92382,233583450.1054205,176709
2018-09-10,6252.26,6373.98,6221.0,6312.0,32439.456432,204178349.9698747,165286
2018-09-11,6311.99,6404.0,6169.68,6294.91,33104.88859,208346648.80045936,173335
2018-09-12,6293.0,6360.0,6192.37,6338.62,31433.645939,197398009.01256666,165590
2018-09-13,6338.62,6535.0,6337.4,6487.38,40465.063107,260985165.19184464,215637
2018-09-14,6487.39,6584.99,6385.62,6476.63,37173.339277,241466662.64800575,198375
2018-09-15,6476.63,6565.45,6466.13,6514.96,25243.656612,164557841.0798692,141362
2018-09-16,6514.96,6524.62,6370.0,6505.0,27568.132897,178614079.15149954,145921
2018-09-17,6500.08,6533.84,6201.0,6248.69,35987.254738,228970700.75042215,196924
2018-09-18,6248.69,6390.0,6224.98,6336.45,32620.86667,205736329.40707865,169055
2018-09-19,6336.39,6517.7,6123.0,6391.89,39044.080082,247455364.52379557,198215
2018-09-20,6392.0,6540.0,6325.0,6492.0,25189.024728,161844271.63360685,153686
2018-09-21,6492.0,6784.86,6491.0,6759.02,51779.343463,345746941.99998635,292494
2018-09-22,6759.01,6839.03,6627.0,6723.05,29349.690667,197210670.8919785,145720
2018-09-23,6723.05,6788.23,6661.75,6708.0,30286.229773,203479219.3864065,168354
2018-09-24,6706.81,6730.0,6557.0,6581.39,35305.73991,234355999.54311827,185297
2018-09-25,6581.42,6584.01,6325.02,6447.54,40301.029452,258927200.8310643,219965
2018-09-26,6445.11,6557.99,6379.7,6465.12,33484.54207,216859675.30134344,184238
2018-09-27,6467.84,6750.0,6434.0,6689.13,33087.428297,216914853.24175176,182590
2018-09-28,6689.12,6814.8,6540.88,6634.58,42399.448523,283144987.5042306,211849
2018-09-29,6634.58,6636.0,6464.57,6596.38,30255.9597,198424303.60660565,171027
2018-09-30,6597.66,6662.0,6533.0,6626.57,27764.724519,183438992.37719536,153447
2018-10-01,6626.57,6667.09,6510.0,6611.61,20621.506894,136115256.96830678,129733
2018-10-02,6610.0,6640.0,6494.0,6525.79,28245.810088,185725492.2802391,147274
2018-10-03,6525.79,6549.0,6430.0,6510.0,28451.969138,184622957.02490726,150607
2018-10-04,6510.01,6643.46,6505.09,6593.79,20074.300818,132348680.67600606,96824
2018-10-05,6591.69,6697.0,6543.08,6635.65,16096.552392,106264514.65757655,86701
2018-10-06,6635.65,6651.0,6566.77,6594.27,10939.505391,72247942.41429408,62065
2018-10-07,6596.44,6640.0,6525.0,6615.26,17406.831762,114489082.75364278,82844
2018-10-08,6615.26,6715.6,6587.0,6673.01,23123.419541,153704602.4302414,135156
2018-10-09,6673.01,6685.38,6607.0,6656.61,15354.779469,102115186.42882323,101956
2018-10-10,6656.67,6659.95,6530.0,6631.0,15390.661444,101609680.88217257,99789
2018-10-11,6630.21,6633.92,6205.0,6252.68,48712.400332,308153124.4458242,253224
2018-10-12,6252.71,6360.0,6209.0,6298.01,29004.071419,183030273.01127478,148077
2018-10-13,6298.0,6345.0,6285.07,6332.93,19098.070025,120728650.99596693,108981
2018-10-14,6332.92,6416.0,6308.0,6339.34,15627.411314,99527294.08483064,96113
2018-10-15,6339.34,7680.0,6300.0,6752.5,90748.031246,627984505.5555729,456913
2018-10-16,6752.5,6900.0,6670.0,6759.27,27557.957764,186122772.22286084,175075
2018-10-17,6762.76,6811.12,6676.01,6740.89,26641.431379,179641733.16423723,158746
2018-10-18,6739.01,6796.0,6567.0,6618.96,20116.521941,134777360.1544343,138002
2018-10-19,6618.96,6648.14,6523.0,6528.88,20772.60077,136686215.6690547,112337
2018-10-20,6528.88,6617.65,6505.55,6588.4,19240.722247,126325797.49570584,110809
2018-10-21,6585.72,6663.9,6580.0,6590.11,6515.357792,43146401.58918715,68018
2018-10-22,6590.12,6639.0,6535.27,6581.2,16213.69266,106815019.55165032,101673
2018-10-23,6581.2,6595.0,6515.45,6553.51,13856.601756,90969791.0251596,86938
2018-10-24,6553.51,6630.0,6547.53,6565.5,11951.543977,78795617.02141578,90762
2018-10-25,6566.81,6575.09,6502.8,6528.09,10342.701244,67691945.44596253,75563
2018-10-26,6528.13,6600.0,6515.01,6538.63,9443.504156,61792487.79642334,77985
2018-10-27,6538.63,6558.35,6463.04,6505.6,7776.907864,50667220.04441258,86848
2018-10-28,6505.6,6514.17,6453.0,6489.93,5743.933728,37298357.26271342,71647
2018-10-29,6489.93,6505.01,6315.0,6344.5,13827.224067,88484721.03624511,135586
2018-10-30,6344.5,6395.0,6317.01,6330.87,8877.175385,56393439.18288881,95116
2018-10-31,6330.01,6428.0,6245.02,6371.93,12148.888216,76970488.28166042,111552
2018-11-01,6369.52,6442.65,6348.66,6410.0,9099.035841,58031686.8315247,89601
2018-11-02,6410.0,6460.34,6388.2,6433.98,9739.440679,62589428.22024873,109482
2018-11-03,6432.8,6439.97,6345.0,6387.09,7661.241476,48934237.93991929,83836
2018-11-04,6388.0,6525.0,6359.0,6485.85,10592.394943,68169573.18695,126200
2018-11-05,6485.85,6504.39,6431.02,6468.99,8987.882156,58127213.13931594,114235
2018-11-06,6468.99,6531.31,6445.18,6519.11,11926.565699,77336101.18719475,150475
2018-11-07,6522.73,6615.15,6509.0,6578.46,14271.591117,93820576.63463956,151060
2018-11-08,6578.46,6594.0,6468.22,6479.84,13259.789282,86450363.67835227,145405
2018-11-09,6479.84,6511.53,6391.01,6419.99,11787.616583,75997777.50255908,117043
2018-11-10,6419.99,6475.55,6411.0,6433.05,7714.829926,49745307.64123968,97746
2018-11-11,6435.16,6462.14,6355.0,6449.81,8213.507117,52709099.31784609,98435
2018-11-12,6450.71,6497.0,6421.0,6453.07,10132.782567,65390882.14088421,123144
2018-11-13,6451.68,6498.0,6391.15,6457.66,11790.564933,76142983.15196352,150940
2018-11-14,6458.98,6482.84,5656.87,5922.41,46478.964003,279632622.89436775,319011
2018-11-15,5917.2,5939.54,5403.42,5753.4,47700.829401,270133503.66131264,303825
2018-11-16,5757.09,5782.89,5549.25,5655.94,38721.802274,219097215.966752,221493
2018-11-17,5650.57,5656.6,5565.43,5628.29,26411.241413,148072393.10210443,171403
2018-11-18,5630.49,5738.17,5617.0,5662.0,23844.999347,134893236.9862243,154817
2018-11-19,5661.94,5664.0,4855.0,4910.03,70580.892856,368688743.45440894,378495
2018-11-20,4913.4,5048.24,4326.0,4558.86,117380.95159,548036628.7293574,596769
2018-11-21,4559.91,4787.2,4413.85,4661.07,61071.829475,281264433.4846592,301920
2018-11-22,4661.08,4721.77,4335.0,4370.0,34531.119143,157459733.7241475,180335
2018-11-23,4370.9,4484.0,4222.94,4420.61,49371.920322,215283656.11539474,227935
2018-11-24,4415.63,4527.0,3824.69,3932.44,61693.111006,258702927.69916427,275070
2018-11-25,3933.68,4233.0,3652.66,4085.78,101693.975588,398253568.5292384,428171
2018-11-26,4088.69,4206.0,3701.0,3862.2,94504.865717,373230308.28477746,413339
2018-11-27,3864.45,3940.0,3689.12,3875.21,67480.607212,257593168.12182525,288731
2018-11-28,3875.63,4394.47,3874.27,4264.85,91983.567949,382697308.297627,386714
2018-11-29,4262.06,4450.38,4125.65,4295.84,73980.198669,316809038.40988266,316601
2018-11-30,4295.72,4341.36,3943.0,4041.32,67758.446283,278810574.935784,288098
2018-12-01,4041.27,4299.99,3963.01,4190.02,44840.073481,186157614.3155972,205472
2018-12-02,4190.98,4312.99,4103.04,4161.01,38912.15479,162917339.00647366,178087
2018-12-03,4160.55,4179.0,3827.0,3884.01,49094.369163,195055919.54337287,207134
2018-12-04,3884.76,4085.0,3781.0,3951.64,48489.551613,191673423.7062659,220815
2018-12-05,3950.98,3970.0,3745.0,3769.84,44004.799448,169404368.19157183,199011
2018-12-06,3768.44,3899.99,3500.0,3508.75,68378.796943,254722331.49494052,293512
2018-12-07,3508.75,3549.99,3224.6,3403.55,95145.457442,322364604.2802089,413521
2018-12-08,3403.57,3495.0,3222.0,3410.93,55365.949949,187909876.24894738,253650
2018-12-09,3411.36,3658.0,3394.04,3545.37,45956.893296,161618597.82859048,194567
2018-12-10,3548.49,3610.0,3370.11,3432.88,40989.244553,142507933.07357892,192599
2018-12-11,3434.01,3480.0,3324.32,3380.39,35920.864154,121841475.29281934,162266
2018-12-12,3379.23,3492.0,3350.0,3445.0,33922.931286,116227185.7924007,152067
2018-12-13,3446.38,3460.0,3255.5,3302.06,40040.917013,134817053.72748312,160471
2018-12-14,3302.06,3335.39,3177.0,3224.17,44492.983807,145101409.49359843,184525
2018-12-15,3225.19,3276.5,3156.26,3211.72,29796.041436,95588793.64058845,139806
2018-12-16,3211.71,3294.0,3186.0,3228.67,24628.808538,80068159.40481837,125565
2018-12-17,3229.22,3585.0,3216.0,3509.08,66762.216388,228758085.61846116,283815
2018-12-18,3509.03,3678.59,3424.47,3652.98,61369.615257,216563775.02523193,296433
2018-12-19,3653.0,3912.73,3622.55,3662.22,94137.341014,352638213.53853136,434026
2018-12-20,3660.01,4120.0,3635.0,4049.62,101543.835986,399967057.78281647,500506
2018-12-21,4051.86,4139.99,3764.0,3838.66,82343.850112,325803279.9626696,436187
2018-12-22,3840.25,3979.0,3785.0,3948.91,42822.350872,165085567.58556616,249148
2018-12-23,3948.91,4021.53,3870.0,3929.71,40117.531529,158756356.81762382,258417
2018-12-24,3929.71,4198.0,3924.83,4008.01,64647.809129,264628967.06591076,400403
2018-12-25,4010.11,4020.0,3646.41,3745.79,62725.629432,235584302.95256105,356377
2018-12-26,3745.56,3837.15,3656.74,3777.74,42629.375817,159705204.50415567,267746
2018-12-27,3777.74,3813.98,3535.0,3567.91,44097.392912,161915849.87310502,262733
2018-12-28,3567.89,3887.25,3540.04,3839.26,45964.304987,170638519.2472785,251040
2018-12-29,3839.0,3892.0,3670.0,3695.32,38874.373903,148205200.1077372,244844
2018-12-30,3696.71,3903.5,3657.9,3801.91,33222.369262,124966229.52022897,218929
2018-12-31,3803.12,3810.0,3630.33,3702.9,29991.77835,111847216.11708207,190308
2019-01-01,3701.23,3810.16,3642.0,3797.14,23741.687033,88149249.09230462,154227
2019-01-02,3796.45,3882.14,3750.45,3858.56,35156.463369,133876627.2465106,218538
2019-01-03,3857.57,3862.74,3730.0,3766.78,29406.948359,111657372.69526468,199812
2019-01-04,3767.2,3823.64,3703.57,3792.01,29519.554671,111034550.64066195,192232
2019-01-05,3790.09,3840.99,3751.0,3770.96,30490.667751,115893501.27515878,203673
2019-01-06,3771.12,4027.71,3740.0,3987.6,36553.806709,142198812.18914708,240496
2019-01-07,3987.62,4017.9,3921.53,3975.45,31869.846264,126830380.49287239,221219
2019-01-08,3976.76,4069.8,3903.0,3955.13,38901.423122,154778846.54236615,242898
2019-01-09,3955.45,4006.81,3930.04,3966.65,28989.439511,115218950.31554872,209240
2019-01-10,3966.06,3996.01,3540.0,3585.88,59402.22851,221789348.03469807,374760
2019-01-11,3585.88,3658.0,3465.0,3601.31,38338.654733,137560743.6248598,264996
2019-01-12,3601.31,3618.19,3530.0,3583.13,21999.928354,78908770.67658037,175679
2019-01-13,3584.1,3611.1,3441.3,3476.81,26385.757454,92882249.46737902,183113
2019-01-14,3477.56,3671.87,3467.02,3626.09,35235.211215,125631820.06705058,229452
2019-01-15,3626.08,3648.42,3516.62,3553.06,34137.997459,122785440.22887538,231684
2019-01-16,3553.06,3645.0,3543.51,3591.84,27480.179977,98504455.20666535,205159
2019-01-17,3591.84,3634.7,3530.39,3616.21,29755.440838,106709136.97324342,217797
2019-01-18,3613.32,3620.0,3565.75,3594.87,22713.446755,81699723.54479145,177567
2019-01-19,3594.87,3720.0,3594.23,3665.3,22171.578123,81354185.90325992,175054
2019-01-20,3665.75,3693.73,3475.0,3539.28,27901.938598,99767239.95381454,204941
2019-01-21,3539.26,3559.51,3475.5,3526.9,19644.436839,69316548.76685554,160825
2019-01-22,3526.88,3608.5,3434.85,3570.93,29336.442967,103804480.11605988,195484
2019-01-23,3570.41,3607.98,3514.5,3552.82,24938.842698,88816396.34583545,192892
2019-01-24,3552.97,3589.0,3529.22,3569.62,20826.25118,74037052.86632736,162159
2019-01-25,3569.07,3587.15,3522.51,3565.29,17608.346671,62634926.45524528,153413
2019-01-26,3566.69,3662.94,3545.0,3565.25,19476.532344,69841766.64693148,135369
2019-01-27,3565.62,3579.0,3486.0,3550.84,22735.598162,80743416.84653682,163855
2019-01-28,3550.05,3557.75,3380.27,3434.15,40405.111401,139258708.76430878,260799
2019-01-29,3434.0,3443.45,3349.92,3411.04,29544.928977,100542807.46479908,189650
2019-01-30,3410.04,3478.0,3387.1,3458.18,23968.260243,82521122.86191754,180820
2019-01-31,3457.5,3489.2,3418.8,3434.1,29607.190253,101928346.97699685,198100
2019-02-01,3434.1,3488.0,3401.2,3462.07,25260.476159,87075914.2326683,167520
2019-02-02,3462.2,3526.4,3440.29,3504.77,17920.802,62134037.97539881,153234
2019-02-03,3504.06,3511.09,3426.0,3458.11,19867.33639,68801620.06241606,138592
2019-02-04,3458.11,3484.88,3433.31,3463.22,23131.981108,80024258.22766612,155686
2019-02-05,3463.22,3478.97,3448.43,3471.59,25264.41503,87491347.06381486,162066
2019-02-06,3471.57,3482.72,3380.0,3405.37,35310.244846,120500703.0051573,207024
2019-02-07,3407.0,3426.45,3390.0,3398.4,18665.538638,63611505.78657223,148209
2019-02-08,3398.4,3733.58,3373.1,3659.04,47968.058013,170118212.46197885,277242
2019-02-09,3660.27,3680.02,3625.13,3665.18,24759.833719,90488500.0676624,192209
2019-02-10,3665.18,3684.99,3609.76,3680.06,23250.602634,84696423.96233752,171099
2019-02-11,3679.75,3684.9,3615.53,3631.05,24954.614571,90731831.90427426,172626
2019-02-12,3631.05,3667.6,3582.34,3631.46,29479.59823,106766439.99436474,198996
2019-02-13,3631.51,3670.0,3591.75,3609.4,25773.997648,93350740.94830574,167690
2019-02-14,3608.34,3626.4,3568.11,3590.56,21753.501261,78367545.57945932,155215
2019-02-15,3590.57,3653.23,3573.45,3602.47,20777.872899,74938358.18352868,151256
2019-02-16,3602.49,3648.2,3597.91,3618.41,19565.992751,70894921.80761532,149393
2019-02-17,3617.22,3700.11,3604.4,3667.58,25690.227779,93426433.13226134,179511
2019-02-18,3667.62,3925.0,3655.0,3898.6,64042.730492,242898012.76922593,393515
2019-02-19,3897.35,3994.52,3856.0,3907.79,50207.172667,197091641.04739994,332281
2019-02-20,3907.35,3986.98,3870.66,3969.74,36205.14085,142571564.5611299,250176
2019-02-21,3969.74,4016.48,3901.03,3937.31,31103.884728,122714273.87417652,209571
2019-02-22,3937.31,3988.0,3926.65,3962.0,23943.16375,94739322.74557026,179588
2019-02-23,3962.0,4162.02,3933.15,4117.76,33657.942883,135782959.41827348,231563
2019-02-24,4118.0,4198.0,3712.66,3743.56,62224.18689,244146803.51886994,410578
2019-02-25,3743.56,3872.66,3740.0,3827.92,38102.966245,145285565.2031707,262716
2019-02-26,3828.44,3841.51,3777.0,3809.23,28838.748036,109932596.10609363,213897
2019-02-27,3809.31,3838.85,3677.17,3818.07,31500.995466,119564023.12004226,201626
2019-02-28,3818.04,3888.0,3763.87,3813.69,32561.961044,124703738.39336836,233849
2019-03-01,3814.26,3857.0,3813.01,3823.0,23174.57217,88851336.5211179,179860
2019-03-02,3822.17,3841.31,3772.25,3819.93,19445.838355,74175357.77882297,149854
2019-03-03,3819.97,3835.0,3781.32,3807.75,16718.16541,63791898.99159701,127681
2019-03-04,3807.32,3830.0,3670.69,3715.3,34742.84166,129739738.23815794,218615
2019-03-05,3716.1,3877.1,3703.55,3857.73,32962.536162,124945530.76214454,202444
2019-03-06,3857.58,3907.0,3813.09,3861.84,24775.11883,95417637.5889866,165101
2019-03-07,3861.84,3905.4,3840.4,3873.64,26455.257661,102585458.38333897,180520
2019-03-08,3873.63,3932.0,3800.0,3864.89,34730.366592,135000852.01035947,211534
2019-03-09,3864.88,3971.75,3854.75,3943.04,30979.747653,121353606.96803357,206869
2019-03-10,3943.43,3943.43,3881.69,3916.82,23187.561412,90693949.72150731,167920
2019-03-11,3915.99,3936.98,3830.0,3871.61,38066.885705,147721971.09446937,209916
2019-03-12,3871.61,3905.2,3826.06,3882.73,26921.008622,104393849.44844826,182885
2019-03-13,3882.69,3893.56,3840.0,3866.0,24461.008757,94680049.46033753,186572
2019-03-14,3866.0,3920.0,3810.43,3877.12,27048.74853,104673038.77602254,196651
2019-03-15,3877.12,3939.22,3872.2,3923.76,21740.061498,84919900.71744472,163866
2019-03-16,3924.46,4056.98,3921.98,4005.98,28568.376124,114227606.40681694,216198
2019-03-17,4005.98,4012.0,3950.01,3981.14,18814.255577,74893913.05776027,146953
2019-03-18,3981.85,4037.0,3953.33,3987.81,22454.47801,89526258.38910636,157876
2019-03-19,3987.83,4031.0,3970.0,4015.53,19893.741815,79503748.36263466,147394
2019-03-20,4017.48,4050.0,3980.5,4043.04,23432.300255,94019734.23326427,175036
2019-03-21,4043.04,4069.32,3880.01,3980.64,35997.682119,144010401.50845116,236100
2019-03-22,3980.85,4008.0,3968.25,3986.93,20022.606318,79861943.8108997,153703
2019-03-23,3987.89,4018.83,3978.01,4006.01,17302.604318,69169819.8628637,143155
2019-03-24,4006.01,4006.02,3950.0,3992.18,17179.850648,68524082.74695624,131087
2019-03-25,3991.35,3999.3,3888.71,3936.12,33192.890217,131507366.37512891,227739
2019-03-26,3935.47,3958.98,3894.0,3948.55,29349.537627,115330070.99071544,192418
2019-03-27,3948.77,4048.0,3936.15,4038.05,32364.555852,129681258.0162135,224309
2019-03-28,4039.58,4039.7,4002.0,4027.81,20089.293875,80822230.57984656,157060
2019-03-29,4028.22,4123.71,4024.03,4103.25,30084.217444,122585822.5865048,203826
2019-03-30,4104.24,4140.0,4052.0,4106.97,19509.292601,79853835.581824,162463
2019-03-31,4106.99,4116.12,4082.57,4103.95,13525.087433,55472147.12701675,124046
2019-04-01,4102.44,4158.7,4067.0,4144.56,25507.067641,105388238.14788891,184268
2019-04-02,4144.54,4897.99,4140.54,4857.29,105383.639263,489018726.75750667,609133
2019-04-03,4857.19,5275.01,4753.5,4932.6,109890.125743,548900970.9178842,692019
2019-04-04,4932.59,5039.08,4777.0,4898.66,61054.254168,301411332.0090243,419141
2019-04-05,4898.64,5028.22,4880.62,5004.95,39768.552806,197660830.71096662,292375
2019-04-06,5004.96,5205.0,4928.59,5043.89,41770.842313,210963411.61313188,281237
2019-04-07,5042.07,5234.0,5026.0,5170.27,37615.486804,192916750.57190406,274084
2019-04-08,5170.27,5305.0,5039.0,5236.9,50178.430782,260487077.7675668,350828
2019-04-09,5238.38,5238.4,5076.68,5150.0,34067.012311,175633627.3163735,253381
2019-04-10,5150.0,5422.0,5135.0,5308.25,40073.620471,210870034.5120553,260967
2019-04-11,5307.86,5332.67,4927.0,5017.37,54696.600686,277736905.85749793,369304
2019-04-12,5017.37,5080.58,4861.22,5048.01,33276.678614,166485761.0793121,226036
2019-04-13,5047.0,5099.0,5004.0,5045.22,17292.456802,87375984.44461507,138674
2019-04-14,5047.45,5152.99,5000.0,5131.3,18281.607739,92594930.42710131,131700
2019-04-15,5131.28,5167.38,4950.0,5024.95,29057.191581,147687551.9414771,204944
2019-04-16,5024.95,5197.72,5003.94,5173.72,24242.229493,123581651.71216355,168550
2019-04-17,5173.72,5230.4,5146.8,5202.82,23307.536134,120972345.51821637,179490
2019-04-18,5202.41,5287.0,5198.8,5258.44,22619.239001,118573129.86520115,167110
2019-04-19,5258.44,5320.0,5175.0,5258.68,24611.236323,128937309.63806376,178148
2019-04-20,5258.68,5333.42,5230.1,5291.73,19168.908274,101343660.15324435,157080
2019-04-21,5292.91,5314.35,5165.0,5256.14,25549.570939,133929931.15068737,210494
2019-04-22,5257.41,5400.0,5208.35,5357.14,29563.852309,156632202.97099614,210361
2019-04-23,5357.14,5600.0,5332.41,5493.31,41262.103917,227154061.85771412,282563
2019-04-24,5490.91,5582.2,5333.35,5415.0,48224.152413,262493252.93584237,339599
2019-04-25,5415.0,5491.84,5102.0,5219.9,49636.089948,265091565.61466023,331089
2019-04-26,5220.47,5510.0,5161.62,5314.1,48912.294513,259659705.6513858,333183
2019-04-27,5315.0,5342.5,5257.67,5295.69,15422.896935,81749716.42174439,145733
2019-04-28,5295.69,5340.0,5259.48,5307.52,14371.433869,76277087.37424076,127730
2019-04-29,5309.81,5332.0,5178.8,5238.14,19918.135079,104822151.5144498,178472
2019-04-30,5238.14,5339.98,5192.15,5320.81,22238.06823,117309839.23079813,180989
2019-05-01,5321.94,5402.0,5316.2,5383.2,17217.473216,92194935.6047804,161488
2019-05-02,5383.2,5538.0,5370.0,5492.87,22795.787835,124498567.2076544,181896
2019-05-03,5494.81,5844.0,5477.57,5772.69,46297.172849,264435878.92811018,338298
2019-05-04,5770.62,5900.0,5587.45,5829.45,39682.408991,228942582.4507792,283145
2019-05-05,5829.83,5839.9,5696.0,5775.62,23822.543775,137653160.76602158,185365
2019-05-06,5773.18,5805.0,5619.14,5747.79,25256.596325,144358553.85462248,230431
2019-05-07,5749.92,6028.41,5747.74,5846.34,39905.064422,236176663.81792104,301388
2019-05-08,5846.34,6014.72,5772.2,5987.29,23074.186907,136246055.59559172,190969
2019-05-09,5986.66,6224.55,5983.71,6209.18,27453.011436,167489934.34358987,227841
2019-05-10,6209.95,6468.92,6172.0,6373.33,36623.61079,231801342.4320928,283074
2019-05-11,6375.16,7343.99,6372.85,7076.22,74022.424393,507216001.3434041,562540
2019-05-12,7076.24,7521.78,6750.0,6967.31,86948.975339,619939454.4896551,647345
2019-05-13,6968.24,8100.0,6870.0,7790.71,85804.735333,648012612.2927014,588497
2019-05-14,7795.62,8366.0,7599.56,7947.56,76583.722603,611103206.0032725,655426
2019-05-15,7945.26,8249.0,7850.0,8169.87,37884.327211,305196285.2755824,347533
2019-05-16,8169.08,8320.0,7705.0,7866.59,69630.513996,557126171.2789642,666538
2019-05-17,7868.67,7925.0,6913.0,7355.26,88752.008159,645676487.3744029,803893
2019-05-18,7355.28,7458.0,7156.61,7257.45,37054.944779,271170511.0509332,379504
2019-05-19,7257.32,8275.09,7243.08,8148.48,65577.442058,517729474.358441,583432
2019-05-20,8147.94,8156.03,7553.0,7938.15,65859.208564,517939277.868858,610360
2019-05-21,7937.16,8042.32,7771.0,7904.87,52301.752247,413637782.36974555,554038
2019-05-22,7904.48,8016.0,7465.0,7628.43,49136.994589,384730220.7219517,461337
2019-05-23,7627.8,7940.98,7461.0,7851.51,49648.184701,381536239.5128484,449220
2019-05-24,7849.95,8130.0,7766.0,7964.87,46664.785325,371381043.73160255,428676
2019-05-25,7964.52,8091.8,7908.34,8025.41,28414.328817,227376280.5854076,264448
2019-05-26,8023.0,8740.0,7833.42,8614.43,49652.144567,409616322.38847876,377306
2019-05-27,8612.54,8908.32,8589.0,8756.32,51886.768793,452651204.93490237,478773
2019-05-28,8752.52,8798.49,8510.63,8715.64,31470.551534,273791910.6314759,349123
2019-05-29,8716.87,8750.0,8406.6,8645.68,33880.865922,292094591.01803863,352317
2019-05-30,8646.5,9074.26,8005.0,8269.54,70379.998521,603312537.3808434,617341
2019-05-31,8267.1,8594.0,8108.5,8555.0,44727.49162,373629673.9190144,416525
2019-06-01,8555.0,8626.0,8442.36,8544.07,31868.234157,272098436.34069574,348375
2019-06-02,8545.1,8814.78,8524.0,8725.98,27835.133265,241414596.71950513,299353
2019-06-03,8726.0,8800.95,8080.8,8115.82,45692.965104,387155494.97304887,431252
2019-06-04,8115.66,8115.66,7481.02,7687.03,74143.948941,582173398.3257968,645913
2019-06-05,7687.04,7896.7,7572.78,7776.5,48679.656455,377635818.0044095,426120
2019-06-06,7778.08,7868.13,7444.58,7786.7,36624.118747,282156410.5437891,371485
2019-06-07,7787.57,8100.0,7737.49,7980.53,33942.225658,269125728.1416496,323096
2019-06-08,7978.94,8044.65,7751.0,7893.62,22657.329634,179047320.02388045,250864
2019-06-09,7895.28,7935.0,7506.66,7628.13,31568.465157,243970971.0244344,322175
2019-06-10,7627.57,8020.0,7511.0,7982.75,36756.078468,287125339.9701144,387179
2019-06-11,7981.0,8010.0,7692.23,7884.9,30334.999427,238031771.51747337,309059
2019-06-12,7884.9,8200.0,7788.99,8127.64,41597.082622,333291726.6460002,361980
2019-06-13,8127.64,8309.82,8010.03,8218.54,30467.764341,248418184.7720466,341246
2019-06-14,8216.44,8684.41,8144.32,8650.0,39835.246255,333475488.5537595,410072
2019-06-15,8650.88,8864.99,8567.63,8808.7,31791.636039,276420769.2933853,335840
2019-06-16,8810.77,9333.0,8760.0,8953.33,63289.251219,574211342.9796603,552319
2019-06-17,8953.0,9444.0,8950.0,9313.96,47895.485374,441567296.0592662,462160
2019-06-18,9312.13,9336.36,8950.0,9081.55,51554.569401,470271954.29870564,449730
2019-06-19,9081.97,9304.0,8960.0,9255.49,32147.706495,293748062.6668488,306202
2019-06-20,9253.76,9590.0,9175.2,9517.12,34556.053982,323621848.1987617,350662
2019-06-21,9518.06,10174.99,9518.06,10159.86,50484.415892,494783687.9853515,474344
2019-06-22,10159.86,11160.0,9921.72,10729.5,104169.447976,1112069567.638115,923334
2019-06-23,10729.0,11392.64,10555.18,10906.07,57445.323945,625330374.7466884,557935
2019-06-24,10905.95,11143.63,10620.8,11056.59,43101.045285,469746663.9381173,440335
2019-06-25,11056.59,11850.0,11026.0,11820.86,61276.686648,697773986.2691859,597798
2019-06-26,11821.28,13970.0,11741.0,13093.8,155930.147386,1996178374.5944922,1355074
2019-06-27,13098.38,13478.04,10525.1,11329.99,173894.820889,2058443849.314,1357233
2019-06-28,11329.99,12480.0,10982.88,12400.63,95795.203964,1129888341.3212838,883116
2019-06-29,12407.06,12441.54,11475.02,11903.13,69642.074157,829011822.2365324,732073
2019-06-30,11903.13,12180.0,10766.03,10854.1,84512.530443,971151050.9005816,711267
2019-07-01,10854.1,11282.28,10030.0,10624.93,90962.268271,972343281.8603554,757458
2019-07-02,10624.9,10938.75,9727.0,10842.85,109561.038728,1128353804.8007915,870148
2019-07-03,10844.98,11991.89,10841.04,11940.0,96815.90029,1097804642.7577736,814754
2019-07-04,11940.0,12000.0,11055.0,11145.67,66512.221892,775818897.3894849,643867
2019-07-05,11145.67,11406.83,10796.44,10970.73,63534.350582,705853649.0264896,564857
2019-07-06,10982.41,11665.0,10964.51,11256.49,51469.496331,585001376.1554291,470692
2019-07-07,11256.45,11538.0,11094.37,11406.24,38884.795599,439439052.9455421,366769
2019-07-08,11410.0,12338.03,11220.0,12238.6,52182.367215,618530684.4325522,507860
2019-07-09,12238.6,12794.73,12068.0,12543.41,78442.130343,975986802.0300351,660273
2019-07-10,12548.51,13147.08,11569.0,12108.37,109246.044997,1369749939.9675035,899391
2019-07-11,12108.11,12111.73,11000.0,11342.89,87506.461058,1007356802.218256,760057
2019-07-12,11342.88,11885.0,11073.0,11757.22,56321.858281,649824820.7654814,537561
2019-07-13,11757.22,11799.98,10830.0,11355.76,54245.594548,614050007.9919451,510305
2019-07-14,11355.78,11452.0,10103.0,10174.18,72517.579236,777646151.6029468,649043
2019-07-15,10174.18,11100.0,9860.0,10838.72,81922.426332,851028723.7031858,732206
2019-07-16,10833.78,11028.0,9350.01,9439.59,97219.443413,982462166.6932294,796646
2019-07-17,9430.17,9957.0,9060.0,9667.92,84942.672717,809555508.3476789,757742
2019-07-18,9668.86,10788.0,9252.0,10627.16,80283.310252,807822745.1854328,734821
2019-07-19,10628.64,10769.71,10121.84,10504.29,56546.932133,589931612.3419864,567735
2019-07-20,10505.78,11068.99,10350.0,10740.23,47331.899848,505569016.350083,461660
2019-07-21,10740.27,10817.9,10288.0,10589.45,38834.287935,409661485.9985646,395452
2019-07-22,10590.15,10683.16,10100.0,10340.31,40467.954839,421016379.36208767,389565
2019-07-23,10343.08,10343.97,9822.0,9864.91,47624.37071,478441909.4050573,448147
2019-07-24,9864.78,9937.0,9525.0,9763.28,43475.380377,422534162.14571226,424762
2019-07-25,9763.4,10175.0,9720.03,9879.87,37873.354728,378938450.08176744,368176
2019-07-26,9882.15,9889.98,9637.0,9824.0,27167.463217,265108103.13392133,299935
2019-07-27,9824.0,10188.66,9333.0,9476.52,43809.778301,424932724.9687315,401418
2019-07-28,9478.92,9594.99,9165.0,9541.54,29401.022937,278537286.1348134,271327
2019-07-29,9541.54,9729.0,9395.0,9507.64,29021.937411,277497756.76841676,294468
2019-07-30,9509.07,9714.28,9402.0,9574.21,32536.368834,310867928.28793913,283961
2019-07-31,9575.0,10109.8,9555.0,10080.53,39515.35456,389690761.44466114,364212
2019-08-01,10080.53,10467.86,9863.46,10374.99,41727.637028,422156523.6690079,378062
2019-08-02,10375.0,10670.0,10281.35,10523.75,42990.444221,450323284.15075976,431322
2019-08-03,10523.75,10904.77,10497.93,10816.86,33802.318824,363852799.8717801,348893
2019-08-04,10816.86,11040.0,10552.0,10929.23,39924.745141,431793873.4232976,353721
2019-08-05,10929.99,11937.52,10927.8,11828.8,65153.673713,757976547.2170461,622610
2019-08-06,11830.0,12330.7,11226.7,11481.69,76705.389875,904119081.6157126,625827
2019-08-07,11481.69,12141.17,11382.84,11975.03,69173.390353,814597979.0505041,592916
2019-08-08,11975.04,12060.0,11521.0,11999.77,51207.257174,604389131.062836,473584
2019-08-09,11994.17,12045.68,11700.0,11879.99,39427.152588,467011047.9414284,410902
2019-08-10,11879.98,11985.0,11270.0,11309.31,42633.087048,492217964.49055576,399237
2019-08-11,11309.24,11600.0,11112.11,11549.97,26772.90691,304862403.3514491,306234
2019-08-12,11539.08,11577.89,11235.32,11396.08,17568.227075,200325471.604141,255966
2019-08-13,11398.35,11456.16,10788.45,10892.71,33234.72968,368994475.54611236,337834
2019-08-14,10893.36,10897.48,9928.1,10050.37,54451.847499,567724729.1059059,534507
2019-08-15,10055.16,10460.0,9911.0,10293.93,38174.45112,387705855.0879112,373368
2019-08-16,10296.77,10536.03,9750.0,10331.54,51758.142918,527258446.39777654,504740
2019-08-17,10331.15,10465.14,10000.0,10216.02,29000.581201,297776329.0305825,332795
2019-08-18,10216.05,10500.0,10080.0,10306.78,24085.395172,248508872.45998642,265705
2019-08-19,10306.17,10930.0,10258.6,10915.54,37243.319217,396233441.02745956,337022
2019-08-20,10914.73,10949.96,10560.0,10760.51,32298.921679,346664453.13672656,305065
2019-08-21,10760.51,10804.13,9858.0,10142.57,47355.719282,482889274.517917,458814
2019-08-22,10140.82,10242.0,9762.0,10099.88,34059.642738,341371442.9068388,401148
2019-08-23,10099.9,10445.0,10019.79,10389.55,27550.336173,282732431.7520724,326866
2019-08-24,10388.16,10419.42,9890.0,10134.35,27692.456844,279962133.6257099,313227
2019-08-25,10134.61,10333.0,9906.97,10142.69,26271.657398,265132761.31704283,289956
2019-08-26,10142.69,10604.0,10137.93,10372.25,41687.511599,432249835.49069726,405316
2019-08-27,10373.6,10391.08,10051.08,10185.05,28402.775383,289340681.0789518,292888
2019-08-28,10185.69,10299.0,9601.01,9721.0,42110.555375,420034883.0031526,381293
2019-08-29,9721.0,9724.0,9320.0,9498.44,35532.69491,337838761.5572865,343887
2019-08-30,9499.01,9696.0,9350.41,9584.54,26834.318104,255854874.45077452,259270
2019-08-31,9582.76,9684.51,9420.75,9587.47,17130.290074,164116756.4629969,199188
2019-09-01,9588.74,9830.0,9520.0,9724.98,19545.404843,188513289.12235728,191324
2019-09-02,9723.59,10450.0,9712.5,10340.0,44740.248093,448462178.6303809,354155
2019-09-03,10340.0,10773.0,10272.0,10615.28,47998.376781,505617667.39926684,416076
2019-09-04,10611.85,10799.0,10369.89,10567.02,43943.889026,463526509.325937,383457
2019-09-05,10565.92,10900.0,10450.0,10564.49,33970.960639,358861340.7897901,309846
2019-09-06,10563.13,10905.87,10150.0,10298.73,58799.640959,623662984.3843306,455334
2019-09-07,10298.71,10558.0,10288.57,10455.88,27637.877392,287851131.1802577,272011
2019-09-08,10455.9,10592.5,10208.0,10381.18,23984.672018,249900964.3715313,237752
2019-09-09,10381.24,10480.0,10068.5,10303.12,39835.727608,409724831.9471227,330459
2019-09-10,10302.58,10384.99,9953.0,10098.15,28915.412225,294323839.5070076,286763
2019-09-11,10098.19,10293.0,9880.0,10158.33,31953.824562,321637085.47650874,309120
2019-09-12,10158.75,10448.81,10040.0,10415.01,34511.162755,353390090.9677773,317881
2019-09-13,10415.01,10439.0,10153.0,10342.06,30280.339776,311632094.2561885,304947
2019-09-14,10344.13,10419.99,10222.33,10335.02,23621.533519,244063007.09022474,253929
2019-09-15,10332.81,10360.0,10252.15,10302.01,18047.654013,185853330.43704256,194733
2019-09-16,10303.34,10355.0,10078.0,10251.31,28971.401657,296325130.1709013,274368
2019-09-17,10249.68,10275.0,10128.01,10187.82,22914.324563,233944812.56050798,287483
2019-09-18,10187.48,10258.02,10100.0,10156.99,24250.249303,247024351.5979917,299466
2019-09-19,10156.41,10325.0,9653.0,10244.29,44826.282579,447676492.9840264,429727
2019-09-20,10243.7,10281.0,10061.39,10168.59,25088.491069,255205290.21183726,267032
2019-09-21,10167.92,10176.7,9900.0,9986.39,20544.175196,206034034.50803515,245439
2019-09-22,9985.15,10089.0,9853.97,10028.87,22049.275256,220133631.6128417,253713
2019-09-23,10028.05,10049.99,9615.77,9702.25,31937.232356,314390584.6264613,332817
2019-09-24,9702.2,9794.99,7800.0,8493.14,94007.345203,838996309.1611282,748712
2019-09-25,8497.55,8730.0,8215.64,8430.05,60783.892258,512437200.3611044,544806
2019-09-26,8430.05,8465.99,7750.0,8063.73,67930.853749,552794530.8666819,522062
2019-09-27,8063.49,8265.0,7852.15,8177.91,43882.924625,352800745.2079286,369518
2019-09-28,8177.47,8315.0,8001.09,8198.81,34473.605165,280672404.6804955,319113
2019-09-29,8199.38,8229.13,7890.0,8043.82,31544.211388,253660600.3252929,322501
2019-09-30,8043.04,8337.26,7710.0,8289.34,55865.48726,449120676.8427603,455556
2019-10-01,8289.97,8500.0,8173.05,8292.44,43479.58742,363040860.00008756,387712
2019-10-02,8292.67,8373.91,8151.22,8359.94,26243.386644,216325351.8586446,261430
2019-10-03,8360.0,8393.0,8060.0,8223.96,30488.284058,250291751.2714139,281307
2019-10-04,8224.43,8232.41,8005.0,8137.13,26476.330404,215325611.68221506,259012
2019-10-05,8137.09,8183.41,8012.98,8126.19,21907.615564,177252877.0029691,237769
2019-10-06,8127.55,8153.87,7785.0,7854.25,34676.104049,275447898.032875,325795
2019-10-07,7855.3,8299.92,7762.0,8190.09,52202.072297,420921679.84426314,482605
2019-10-08,8190.82,8325.0,8088.75,8168.39,35452.657423,290675248.1414453,395685
2019-10-09,8170.79,8670.0,8115.0,8560.74,55038.704378,462845251.81361026,537805
2019-10-10,8562.15,8644.0,8414.52,8558.03,39137.946167,333925412.3041418,406932
2019-10-11,8557.82,8779.51,8212.38,8258.5,50405.284418,424413201.5329322,471818
2019-10-12,8257.95,8400.0,8250.0,8300.09,21339.334098,177707852.5948189,280633
2019-10-13,8301.98,8451.37,8160.0,8275.01,27840.739953,232149438.3639587,320051
2019-10-14,8275.24,8388.85,8203.0,8348.2,29810.663253,247530733.18003485,345679
2019-10-15,8346.86,8403.0,8090.0,8159.29,32773.062476,270727559.7770109,399447
2019-10-16,8159.3,8181.16,7917.0,7991.74,34733.593966,279586845.5362139,421026
2019-10-17,7995.02,8124.92,7929.03,8070.58,29656.949158,238343204.48251528,356490
2019-10-18,8070.71,8115.0,7816.01,7947.01,31353.181416,248931322.10085052,399783
2019-10-19,7946.89,8098.1,7866.92,7948.01,26627.889388,211909734.13572004,349746
2019-10-20,7949.87,8297.0,7870.0,8223.35,34286.452654,275899861.65387124,396091
2019-10-21,8223.35,8333.0,8142.03,8197.27,30448.679539,250117281.63661337,367169
2019-10-22,8197.28,8297.99,8000.0,8020.0,34651.828663,283535483.41051364,384699
2019-10-23,8020.06,8047.59,7300.0,7466.62,63897.457098,488220760.6464156,610241
2019-10-24,7468.47,7503.68,7337.99,7412.41,32714.383265,243246414.9489239,403778
2019-10-25,7412.41,8799.0,7361.0,8655.02,90748.218174,737329544.8835196,775418
2019-10-26,8655.88,10370.0,8470.38,9230.0,162588.585413,1522244166.4108484,1185369
2019-10-27,9230.0,9794.98,9074.34,9529.93,93833.541604,887438297.7462667,799978
2019-10-28,9528.23,9902.1,9160.0,9205.14,80174.217323,759178942.9488419,681128
2019-10-29,9204.45,9550.0,9072.0,9407.62,64158.462446,600611324.6356996,559589
2019-10-30,9407.62,9409.84,9001.01,9154.72,55241.786434,506584830.0313323,524035
2019-10-31,9154.02,9405.0,8913.0,9140.85,54376.024902,498152743.7348088,490183
2019-11-01,9140.86,9279.0,9030.0,9231.61,43594.814115,398803069.00908464,478002
2019-11-02,9231.4,9373.74,9186.21,9289.52,28923.060828,268119579.73009112,325421
2019-11-03,9289.85,9362.57,9066.14,9194.71,27894.378279,256664259.66219142,326024
2019-11-04,9196.46,9513.68,9115.84,9393.35,45894.456277,426792003.1749065,453749
2019-11-05,9392.4,9454.95,9175.76,9308.66,45935.873665,428156963.07854694,492885
2019-11-06,9307.73,9440.91,9250.01,9339.05,37336.170372,348607499.83121693,402997
2019-11-07,9339.16,9375.0,9101.0,9216.2,39117.470853,361217475.0583465,401984
2019-11-08,9214.0,9261.0,8696.0,8773.73,62107.289243,555589995.993586,567331
2019-11-09,8773.74,8880.0,8724.88,8809.41,29469.481405,259733491.82990894,326730
2019-11-10,8809.18,9147.19,8750.0,9039.47,34422.029797,307316853.90375423,375946
2019-11-11,9040.16,9072.32,8618.68,8733.27,44888.053545,394585996.3292871,415982
2019-11-12,8733.36,8888.0,8567.6,8821.94,40366.629471,352675938.430593,406765
2019-11-13,8821.91,8844.99,8702.0,8777.12,26810.116918,235060554.12410158,281593
2019-11-14,8777.54,8800.0,8582.6,8646.68,33468.468961,290104306.95303315,337019
2019-11-15,8646.38,8790.0,8400.0,8471.73,46087.417751,394708981.3155723,423919
2019-11-16,8471.62,8543.0,8400.0,8491.02,20902.299752,177222838.38564816,231473
2019-11-17,8490.74,8635.0,8350.68,8502.4,27009.037082,229995700.81158423,259594
2019-11-18,8502.87,8503.52,8060.0,8187.17,43017.69094,358706174.82521844,366263
2019-11-19,8186.5,8218.63,8003.0,8133.64,43556.061025,353463792.04443395,357382
2019-11-20,8133.83,8264.29,8038.4,8098.01,32466.23098,263387575.48592198,288843
2019-11-21,8098.56,8134.73,7500.0,7627.74,58418.780261,455166676.2781802,430062
2019-11-22,7627.79,7750.0,6790.0,7268.23,126603.140259,917881536.2620839,817604
2019-11-23,7268.23,7344.48,7080.01,7311.57,50449.894755,364446217.3737604,414045
2019-11-24,7311.1,7330.39,6861.0,6903.28,67890.206483,481922941.3269758,446014
2019-11-25,6900.23,7377.69,6515.0,7109.57,119645.735197,831628458.304907,679721
2019-11-26,7109.99,7340.0,7017.48,7156.14,65722.39769,469602476.91268086,433933
2019-11-27,7154.75,7655.0,6840.0,7508.52,92452.87349,671646609.1695509,582055
2019-11-28,7507.9,7643.0,7360.0,7419.49,56933.981109,427572714.94560075,388953
2019-11-29,7418.52,7850.0,7362.3,7739.68,60745.300873,463006956.68515146,412929
2019-11-30,7740.99,7810.0,7441.0,7541.89,46989.433619,358749026.3607554,346506
2019-12-01,7540.63,7541.85,7210.0,7390.89,60769.342313,446524917.2059704,420573
2019-12-02,7391.5,7420.56,7151.1,7294.28,46330.25604,337889295.510181,326881
2019-12-03,7294.42,7400.0,7241.35,7292.71,33149.477487,242379261.10434753,265391
2019-12-04,7292.71,7750.0,7067.0,7194.32,83153.701586,608670609.9747069,516250
2019-12-05,7194.59,7485.0,7150.0,7389.0,59306.678855,434738864.78401244,430359
2019-12-06,7389.0,7590.03,7305.0,7527.47,48189.087944,356905919.0155599,367854
2019-12-07,7527.8,7619.62,7470.16,7488.21,31498.684173,237000924.85530463,263592
2019-12-08,7487.31,7564.0,7374.86,7510.11,29856.897631,223314325.61846468,257514
2019-12-09,7510.11,7650.0,7273.0,7338.64,46621.887493,347471155.4826833,359648
2019-12-10,7338.64,7407.6,7157.1,7224.13,49723.76214,363127435.39551663,439637
2019-12-11,7224.15,7275.5,7125.66,7210.0,30093.091944,217095653.86658925,268269
2019-12-12,7210.0,7295.0,7080.3,7198.08,42288.600932,303657479.492691,331414
2019-12-13,7197.76,7309.05,7190.76,7258.48,27609.873795,199836160.23365226,252135
2019-12-14,7257.37,7271.77,7012.0,7064.05,29561.985967,211004228.01585397,276819
2019-12-15,7064.14,7200.3,7008.35,7118.59,26395.778137,187402764.5635311,262651
2019-12-16,7119.6,7150.0,6836.0,6891.72,43863.993059,307508569.89251375,371202
2019-12-17,6891.44,6942.21,6560.0,6623.82,53865.069929,364087469.8222779,454097
2019-12-18,6623.84,7440.0,6435.0,7277.83,95636.651251,654057202.1588289,714073
2019-12-19,7277.83,7380.0,7038.31,7150.3,55509.049075,397407677.0585651,439761
2019-12-20,7151.31,7220.0,7079.5,7187.83,32132.069205,229842650.42149538,312766
2019-12-21,7188.01,7190.58,7105.0,7132.75,19467.174028,139069157.0864577,212162
2019-12-22,7131.59,7518.54,7122.47,7501.44,39137.45515,285577206.9406348,356612
2019-12-23,7500.71,7695.38,7265.84,7317.09,68051.997203,510710431.76686037,530669
2019-12-24,7317.3,7436.68,7157.04,7255.77,43629.494188,318428019.0009099,384678
2019-12-25,7255.77,7271.77,7128.86,7204.63,27492.044323,198273303.10954586,289924
2019-12-26,7205.01,7435.0,7157.12,7202.0,36259.761076,263289798.95618758,337695
2019-12-27,7202.0,7275.86,7076.42,7254.74,33642.701861,242214722.72289035,297262
2019-12-28,7254.77,7365.01,7238.67,7316.14,26848.982199,196322192.4380019,272607
2019-12-29,7315.36,7528.45,7288.0,7388.24,31387.106085,231731575.82821694,283213
2019-12-30,7388.43,7408.24,7220.0,7246.0,29605.911782,216508875.51767525,279033
2019-12-31,7246.0,7320.0,7145.01,7195.23,25954.453533,187518399.34504002,251976
2020-01-01,7195.24,7255.0,7175.15,7200.85,16792.388165,121214452.11606228,194010
2020-01-02,7200.77,7212.5,6924.74,6965.71,31951.483932,225982341.3011403,302667
2020-01-03,6965.49,7405.0,6871.04,7344.96,68428.500451,495098582.9620354,519854
2020-01-04,7345.0,7404.0,7272.21,7354.11,29987.974977,219874240.9399481,279370
2020-01-05,7354.19,7495.0,7318.0,7358.75,38331.085604,284848683.7891762,329209
2020-01-06,7357.64,7795.34,7346.76,7758.0,54635.695316,413330481.2260492,449937
2020-01-07,7758.9,8207.68,7723.71,8145.28,91171.684661,724202791.1429626,685315
2020-01-08,8145.92,8455.0,7870.0,8055.98,112622.64264,926410232.6045058,830375
2020-01-09,8054.72,8055.96,7750.0,7817.76,64239.51983,507258250.4748796,478800
2020-01-10,7817.74,8199.0,7672.0,8197.02,82406.777448,652774220.388437,606101
2020-01-11,8198.86,8286.34,8003.16,8020.01,54810.032667,445034349.56470203,469131
2020-01-12,8020.01,8197.0,7960.0,8184.98,38131.494336,309351920.45885,350662
2020-01-13,8184.97,8196.0,8055.89,8110.34,31159.755683,252656965.35815012,289144
2020-01-14,8110.34,8880.0,8105.54,8810.01,120399.126742,1032735180.8658738,915328
2020-01-15,8814.64,8916.48,8564.0,8821.41,84816.297606,743712237.2790816,764048
2020-01-16,8820.01,8859.81,8586.0,8720.01,51991.074284,451752380.2810811,543064
2020-01-17,8720.15,9041.65,8672.44,8913.28,70897.737377,629568740.707009,676403
2020-01-18,8913.27,8988.88,8806.38,8915.96,38294.746545,340852837.9160803,458182
2020-01-19,8915.09,9198.98,8466.0,8701.7,70676.889259,623950864.2762928,615665
2020-01-20,8701.72,8746.99,8521.28,8642.35,38896.639746,336447837.0018059,385006
2020-01-21,8642.35,8789.0,8488.0,8736.03,36494.687659,316056704.984738,365621
2020-01-22,8736.04,8818.0,8590.0,8682.36,29080.557138,252638888.2149255,317424
2020-01-23,8682.77,8691.81,8306.39,8404.52,48165.944597,407428808.675337,464805
2020-01-24,8404.52,8528.02,8238.0,8439.0,41687.529529,349874174.79003936,407271
2020-01-25,8438.99,8451.26,8254.9,8340.58,25521.157932,212869245.6358978,283118
2020-01-26,8340.01,8618.13,8293.66,8615.0,31130.485164,263941925.272999,332612
2020-01-27,8614.39,9000.0,8535.0,8907.57,53973.542996,473194952.8044688,514196
2020-01-28,8907.57,9400.0,8862.4,9374.21,74584.853765,676593159.4823396,616678
2020-01-29,9375.34,9449.24,9216.0,9301.53,53864.065122,503188568.83635783,492545
2020-01-30,9301.57,9578.0,9204.44,9513.21,60626.744259,569652869.8196837,529570
2020-01-31,9511.52,9530.22,9210.01,9352.89,45552.022352,425779010.40653664,428547
2020-02-01,9351.71,9464.53,9281.0,9384.61,28578.067354,268137739.9933375,334972
2020-02-02,9384.41,9477.03,9120.0,9331.51,45690.91254,428064088.6904683,446558
2020-02-03,9331.59,9618.79,9234.0,9292.24,50892.133451,476379993.4924724,492124
2020-02-04,9291.35,9350.0,9093.01,9197.02,53308.175266,491136137.2107625,528930
2020-02-05,9197.02,9744.45,9177.22,9612.04,64870.415615,613540574.7818311,661758
2020-02-06,9612.03,9862.57,9526.35,9772.0,64949.706588,631245079.8223811,682179
2020-02-07,9772.0,9885.0,9730.0,9813.73,43966.114632,430744860.1814393,582249
2020-02-08,9813.87,9940.0,9667.11,9895.05,43600.843666,427781790.200816,514573
2020-02-09,9895.04,10166.0,9880.75,10151.75,43408.475616,437441704.90539634,536848
2020-02-10,10151.72,10188.0,9756.0,9851.83,59573.084619,590091358.442907,690308
2020-02-11,9851.74,10323.59,9700.0,10223.08,62422.395224,624970415.4054742,710170
2020-02-12,10223.08,10450.0,10223.08,10326.46,61008.06393,629756037.5160786,857655
2020-02-13,10325.33,10500.0,10080.0,10229.63,79344.358759,815507473.735361,932802
2020-02-14,10227.78,10381.56,10111.37,10344.36,47038.480173,482455622.0036259,622310
2020-02-15,10344.36,10375.0,9801.0,9904.72,57657.202947,580845331.1747847,739781
2020-02-16,9904.46,10050.0,9638.12,9917.27,60023.999537,592584876.9040861,708070
2020-02-17,9910.7,9964.16,9452.67,9706.0,70261.011901,680009637.6159953,778058
2020-02-18,9706.0,10250.0,9576.01,10164.71,70604.124019,696870122.812608,723413
2020-02-19,10164.78,10250.0,9350.0,9593.79,55162.586895,547679966.9292257,588760
2020-02-20,9594.65,9699.0,9400.0,9596.42,60152.342914,576020107.4626018,667387
2020-02-21,9597.21,9755.51,9550.21,9677.05,42181.554524,408286949.8035292,470599
2020-02-22,9677.05,9709.17,9560.02,9650.86,24636.757623,237544283.22525856,319961
2020-02-23,9650.85,9990.0,9645.0,9936.4,37702.089843,371815095.46744496,441935
2020-02-24,9936.4,9990.0,9473.56,9656.13,55796.59612,542081527.6408329,589384
2020-02-25,9655.52,9675.0,9250.0,9315.84,54379.344552,514946930.56602305,579079
2020-02-26,9316.48,9377.44,8633.63,8785.25,92130.345482,830717784.379095,871018
2020-02-27,8786.0,8971.77,8531.0,8823.21,72483.578762,636955872.7625463,696646
2020-02-28,8823.25,8900.0,8445.0,8692.91,71155.208977,615664817.0103912,655727
2020-02-29,8690.8,8790.0,8523.55,8523.61,36748.183035,318585951.98853236,414175
2020-03-01,8523.61,8750.0,8411.0,8531.88,43892.201779,375729315.25408256,472019
2020-03-02,8530.3,8965.75,8498.0,8915.24,60401.31773,528906629.5628192,564535
2020-03-03,8911.18,8919.65,8651.0,8760.07,55154.997282,484181096.3229557,512762
2020-03-04,8760.07,8848.29,8660.0,8750.87,38696.482578,338849891.9529354,454817
2020-03-05,8750.99,9159.42,8746.54,9054.68,58201.866355,524102029.20478296,619552
2020-03-06,9054.64,9170.0,8985.5,9131.88,43782.948044,397598476.4205629,493216
2020-03-07,9130.89,9188.0,8835.0,8886.66,45422.204525,409983263.78913796,485400
2020-03-08,8885.25,8886.76,8000.0,8033.31,77537.315166,656931544.7821604,740741
2020-03-09,8034.76,8179.31,7632.01,7929.87,116968.863268,918787729.0855838,929234
2020-03-10,7929.87,8149.0,7728.01,7894.56,86783.443875,689700153.4490932,737528
2020-03-11,7894.57,7980.0,7590.0,7934.52,79942.411172,624465167.3648188,699401
2020-03-12,7934.58,7966.17,4410.0,4800.0,261505.608653,1628590104.2222133,1770812
2020-03-13,4800.01,5955.0,3782.13,5578.6,402201.673764,2063819540.638995,2309830
2020-03-14,5576.05,5640.52,5055.13,5172.06,136910.135974,736651880.9210789,1106125
2020-03-15,5172.48,5940.0,5093.1,5361.3,139916.146534,753755706.4268771,1037714
2020-03-16,5360.33,5365.42,4442.12,5028.97,227276.92276,1113690309.1015868,1608176
2020-03-17,5028.86,5525.0,4921.45,5312.64,150089.926318,793147908.2684973,1069217
2020-03-18,5312.64,5436.17,5009.37,5393.04,137127.634894,719748122.45302,962843
2020-03-19,5393.26,6400.0,5252.53,6162.37,199020.873439,1164739707.514236,1403608
2020-03-20,6162.05,6900.0,5670.0,6208.36,219298.329514,1401734013.1752021,1580069
2020-03-21,6204.57,6456.98,5860.02,6186.98,128913.668363,794962136.6384171,990974
2020-03-22,6187.04,6407.87,5734.01,5816.19,119115.990527,722895653.5100615,952259
2020-03-23,5816.05,6600.0,5688.0,6467.31,164674.215785,1015525672.0743864,1099406
2020-03-24,6465.25,6833.0,6371.33,6744.72,151138.009878,1001890515.2399886,1012669
2020-03-25,6744.69,6957.96,6450.0,6677.43,132155.734989,880250736.9079887,912179
2020-03-26,6677.42,6780.0,6510.0,6737.36,83026.555211,552537189.4793514,668467
2020-03-27,6737.27,6842.59,6261.0,6359.11,82914.968354,551326113.8552039,643631
2020-03-28,6359.11,6360.0,6024.0,6236.65,93159.693429,577986706.1289365,725588
2020-03-29,6236.65,6266.0,5866.56,5881.42,63311.627714,383707122.5009629,496709
2020-03-30,5880.5,6599.0,5857.76,6394.38,118889.549992,747569726.4544197,784034
2020-03-31,6394.45,6523.23,6321.4,6410.44,72337.595259,465780496.6224872,538231
2020-04-01,6412.14,6679.94,6150.11,6642.92,97500.7524,618527468.8341641,758061
2020-04-02,6643.36,7198.0,6551.0,6794.09,149299.906871,1014494762.4416422,1101043
2020-04-03,6793.86,7048.0,6602.1,6734.1,104080.276939,710254017.1002722,840456
2020-04-04,6732.97,6990.41,6650.01,6856.99,72990.861139,495076283.5209041,659051
2020-04-05,6857.41,6895.54,6677.52,6772.78,49685.356983,337062083.0020279,506433
2020-04-06,6772.78,7355.14,6765.0,7329.9,118052.000832,837357664.6519214,956586
2020-04-07,7329.9,7459.69,7077.0,7197.32,103585.168918,757201786.6976632,924436
2020-04-08,7197.32,7420.0,7150.0,7361.28,76059.145838,555122600.2750258,750516
2020-04-09,7360.26,7371.92,7108.08,7283.54,61094.872417,444741085.9037586,686207
2020-04-10,7283.54,7295.75,6739.98,6858.92,104674.623375,727281590.7719399,949050
2020-04-11,6858.92,6944.3,6760.0,6876.83,45470.293206,311699573.516674,484618
2020-04-12,6876.84,7177.0,6780.0,6903.79,73868.666501,516235035.18651134,648323
2020-04-13,6903.79,6903.79,6575.0,6837.91,96415.476573,649390681.2485026,804179
2020-04-14,6838.04,6978.0,6754.28,6868.7,69068.623285,474794776.19211113,608665
2020-04-15,6868.57,6933.0,6605.0,6621.24,61571.384994,416947490.6156957,581374
2020-04-16,6621.25,7190.0,6468.27,7101.94,125009.857539,865277543.3946934,971163
2020-04-17,7101.99,7148.12,6972.98,7027.55,54126.509763,382334236.16947895,537554
2020-04-18,7026.78,7293.08,7014.4,7248.6,49488.542819,354845083.77618897,494670
2020-04-19,7248.6,7266.15,7055.6,7120.74,45664.86393,326485586.9317383,483574
2020-04-20,7121.4,7220.0,6751.0,6826.83,90149.49137,629612368.7476892,785174
2020-04-21,6828.98,6940.0,6762.0,6841.37,60109.710808,411800606.08159715,555797
2020-04-22,6841.36,7156.38,6818.0,7125.14,61486.377334,431271646.17559904,508659
2020-04-23,7125.12,7738.0,7020.0,7482.39,102773.569561,756320213.5858521,881099
2020-04-24,7483.96,7615.96,7388.0,7505.0,60182.119939,452118137.79400164,601093
2020-04-25,7505.0,7705.0,7431.07,7538.67,43874.427726,331292050.77197313,521943
2020-04-26,7539.03,7700.0,7480.0,7693.1,50522.616209,384202783.2747096,554480
2020-04-27,7693.1,7792.02,7606.0,7774.62,65441.339576,504025811.6512535,637800
2020-04-28,7773.51,7780.0,7659.12,7738.98,46302.752638,357391780.93076265,499414
2020-04-29,7738.58,8952.89,7710.05,8778.57,183546.887514,1536390177.044949,1433128
2020-04-30,8778.58,9460.0,8401.0,8620.0,206277.214124,1839283907.4625194,1661554
2020-05-01,8620.0,9059.18,8613.56,8826.96,91468.815059,805640126.6308705,865960
2020-05-02,8825.67,9010.0,8753.0,8972.05,59002.08755,523838859.5442492,637884
2020-05-03,8972.58,9200.0,8712.0,8894.16,90126.065643,808427095.9321591,877460
2020-05-04,8894.15,8950.0,8522.0,8871.96,84418.512331,738343818.6939254,848802
2020-05-05,8871.92,9118.58,8760.0,9021.83,76480.765342,683083018.8779808,812543
2020-05-06,9021.36,9395.0,8906.21,9142.92,105925.30242,972793508.4649074,1007661
2020-05-07,9143.4,10067.0,9021.0,9986.4,147154.611378,1409783462.0063643,1254835
2020-05-08,9986.3,10035.96,9705.0,9800.01,100683.7964,997005843.7404792,967816
2020-05-09,9800.02,9914.25,9520.0,9539.4,81950.679567,795001351.6797023,839384
2020-05-10,9539.1,9574.83,8117.0,8722.77,183865.182028,1594996476.975637,1565771
2020-05-11,8722.77,9168.0,8200.0,8561.52,168807.251832,1468392820.7608037,1367382
2020-05-12,8562.04,8978.26,8528.78,8810.79,86522.780066,760195457.0509586,784859
2020-05-13,8810.99,9398.0,8792.99,9309.37,92466.274018,839725719.9602077,869216
2020-05-14,9309.35,9939.0,9256.76,9791.98,129565.37747,1247456797.8136663,1199530
2020-05-15,9791.97,9845.62,9150.0,9316.42,115890.761516,1099721375.8919058,1055630
2020-05-16,9315.96,9588.0,9220.0,9381.27,59587.627862,560547005.0259086,692028
2020-05-17,9380.81,9888.0,9322.1,9680.04,68647.764323,663088800.815278,722718
2020-05-18,9681.11,9950.0,9464.23,9733.93,82006.603583,797622297.3261683,794292
2020-05-19,9733.93,9897.21,9474.0,9775.53,78539.760454,760713946.0085461,773581
2020-05-20,9775.13,9842.0,9326.0,9511.43,74923.73809,721190802.7634026,731189
2020-05-21,9511.43,9578.47,8815.0,9068.65,108928.780969,1002046265.9412597,951971
2020-05-22,9067.51,9271.0,8933.52,9170.0,58943.131024,537847834.4967086,693694
2020-05-23,9170.0,9307.85,9070.0,9179.15,43526.296966,400407195.62892234,512460
2020-05-24,9179.01,9298.0,8700.0,8720.34,70379.86645,636787240.3733248,774088
2020-05-25,8718.14,8979.66,8642.72,8900.35,62833.910949,553545285.9140139,733557
2020-05-26,8900.35,9017.67,8700.0,8841.18,58299.770138,516455128.89068806,678304
2020-05-27,8841.0,9225.0,8811.73,9204.07,68910.355514,624660855.780037,662850
2020-05-28,9204.07,9625.47,9110.0,9575.89,74110.787662,693930106.1813825,738725
2020-05-29,9575.87,9605.26,9330.0,9427.07,57374.362961,542758086.6064702,593705
2020-05-30,9426.6,9740.0,9331.23,9697.72,55665.27254,530598690.0714505,651290
2020-05-31,9697.72,9700.0,9381.41,9448.27,48333.786403,461272298.8525205,651473
2020-06-01,9448.27,10380.0,9421.67,10200.77,76649.12696,749707596.6593573,826964
2020-06-02,10202.71,10228.99,9266.0,9518.04,108970.773151,1070060237.1302093,1004312
2020-06-03,9518.02,9690.0,9365.21,9666.24,46252.644939,441928818.0430156,562784
2020-06-04,9666.32,9881.63,9450.0,9789.06,57456.100969,557234945.6467389,665881
2020-06-05,9788.14,9854.75,9581.0,9621.16,47788.05005,465200788.20363384,566062
2020-06-06,9621.17,9735.0,9531.05,9666.3,32752.950893,315604867.2361491,435796
2020-06-07,9666.85,9802.0,9372.46,9746.99,57952.848385,556919603.7915448,637766
2020-06-08,9746.99,9800.0,9633.0,9782.01,40664.664125,395459395.8213372,485139
2020-06-09,9782.0,9877.0,9570.0,9772.43,46024.001289,447208895.8386983,551863
2020-06-10,9772.44,9992.72,9704.18,9885.0,47130.762982,462384305.3511993,560909
2020-06-11,9885.22,9964.0,9113.0,9280.4,94418.98473,902075648.5453849,966502
2020-06-12,9278.88,9557.12,9232.51,9465.13,50119.066932,472007894.3756753,553203
2020-06-13,9464.96,9494.73,9351.0,9473.34,27759.784851,261673162.2584724,392763
2020-06-14,9473.34,9480.99,9245.0,9342.1,30055.506608,282131272.3800662,415568
2020-06-15,9342.1,9495.0,8910.45,9426.02,86107.924707,793518842.5509845,839521
2020-06-16,9426.05,9589.0,9373.09,9525.59,52052.446927,494458269.1397911,543481
2020-06-17,9526.97,9565.0,9236.61,9465.14,48046.411152,453209812.2257806,536158
2020-06-18,9465.13,9489.0,9280.0,9386.32,37381.953765,351649555.0725387,475074
2020-06-19,9386.32,9438.3,9215.79,9310.23,45330.983673,423086965.1927383,503484
2020-06-20,9310.23,9395.0,9170.95,9358.95,30329.065384,282120360.5567526,382778
2020-06-21,9358.95,9422.0,9281.54,9294.69,24316.926234,227467940.6102112,321015
2020-06-22,9294.69,9780.0,9277.09,9685.69,57895.468343,550995799.0694704,588704
2020-06-23,9685.69,9720.0,9577.03,9624.89,41031.02938,395487616.460878,474319
2020-06-24,9624.33,9670.0,9208.0,9296.49,61571.561464,579426702.7966821,572362
2020-06-25,9298.33,9340.0,9009.69,9249.49,55831.619156,514396747.4047828,536205
2020-06-26,9249.49,9298.0,9045.45,9162.21,50292.298277,461347064.82950306,510947
2020-06-27,9162.21,9196.24,8833.0,9012.0,46290.930113,419606802.2372014,499415
2020-06-28,9012.0,9191.0,8948.06,9116.35,30688.176421,278721674.9221112,374404
2020-06-29,9116.16,9238.0,9024.67,9192.56,42120.293261,384206326.4706804,434299
2020-06-30,9192.93,9205.0,9064.89,9138.55,31463.162801,287781334.5170158,328083
2020-07-01,9138.08,9292.0,9080.1,9232.0,38488.528699,354087627.16966116,374832
2020-07-02,9231.99,9261.96,8940.0,9086.54,45725.168076,417724468.88735676,470292
2020-07-03,9086.54,9125.0,9037.47,9058.26,28943.420177,263123750.46717235,343189
2020-07-04,9057.79,9190.0,9040.04,9135.46,26441.968484,240576054.91572312,335225
2020-07-05,9135.0,9145.24,8893.03,9069.41,34073.653627,308410443.6592152,384500
2020-07-06,9069.41,9375.0,9055.92,9344.2,54463.132277,502548376.20946366,533540
2020-07-07,9342.47,9379.42,9203.0,9257.39,34587.336678,320576525.3553498,433481
2020-07-08,9257.4,9470.0,9231.0,9436.06,56140.517781,525344876.6999235,652605
2020-07-09,9436.06,9440.79,9160.0,9232.43,48044.450645,447640493.54432976,575491
2020-07-10,9232.42,9317.48,9125.0,9288.34,38295.494006,352238898.76948255,525484
2020-07-11,9288.34,9299.28,9178.25,9234.03,22561.366,208410250.5095937,413452
2020-07-12,9234.02,9345.0,9157.5,9302.75,30872.702286,285591381.4915314,484875
2020-07-13,9303.31,9343.82,9200.89,9242.62,42740.069115,396614086.79626995,642552
2020-07-14,9242.61,9279.54,9113.0,9255.85,45772.552509,421789086.4549474,613139
2020-07-15,9255.85,9276.49,9160.57,9197.6,39053.579665,360201683.49480516,554780
2020-07-16,9197.6,9226.15,9047.25,9133.72,43375.571191,395883667.0248003,681807
2020-07-17,9133.72,9186.83,9089.81,9154.32,28054.358741,256360345.57676792,470991
2020-07-18,9154.31,9219.3,9121.1,9170.28,22554.541457,206628105.36278892,430377
2020-07-19,9170.3,9232.27,9101.35,9208.99,26052.019417,238521988.0313255,440449
2020-07-20,9208.99,9221.52,9131.0,9160.78,35458.764082,325297289.27265835,557096
2020-07-21,9160.78,9437.73,9152.8,9390.0,60413.582486,563360524.7994282,782959
2020-07-22,9390.0,9544.0,9261.0,9518.16,48815.004107,457776105.61557144,663029
2020-07-23,9518.16,9664.0,9440.33,9603.27,51856.2335,494282948.7336824,735371
2020-07-24,9603.27,9637.0,9463.44,9537.8,43931.136205,419240263.5218282,677725
2020-07-25,9538.1,9732.9,9513.0,9700.42,40679.545416,391431695.7168218,675222
2020-07-26,9700.42,10111.0,9650.0,9931.54,65279.269319,644607634.4817771,945611
2020-07-27,9931.54,11394.86,9917.21,11029.96,150188.933144,1580355372.0991797,1901088
2020-07-28,11029.96,11242.23,10565.0,10906.27,97267.734187,1065375500.1891887,1475636
2020-07-29,10906.27,11342.82,10812.0,11100.53,76838.094233,853242253.6158237,1127302
2020-07-30,11100.52,11170.0,10831.0,11099.61,60794.826456,669779541.8872834,879960
2020-07-31,11099.79,11444.0,10960.0,11335.46,70063.660974,786344325.8552314,971584
2020-08-01,11335.46,11861.0,11220.0,11801.17,85087.485126,987817017.3186326,1174252
2020-08-02,11801.17,12123.46,10518.5,11071.35,97553.077604,1105757335.5281618,1459900
2020-08-03,11071.36,11473.0,10936.0,11219.81,56931.841475,641127593.2614517,919185
2020-08-04,11219.68,11414.98,11000.0,11191.97,58629.113709,658084242.6797222,863692
2020-08-05,11191.99,11780.93,11093.0,11744.91,74970.256852,861433645.4244397,964637
2020-08-06,11744.91,11900.0,11562.5,11762.46,63529.08502,746479211.7155949,919918
2020-08-07,11762.47,11909.94,11322.0,11594.23,65755.926022,767005529.2821208,940045
2020-08-08,11594.36,11808.27,11512.0,11761.41,41858.16104,489087264.36028093,779318
2020-08-09,11761.02,11797.11,11521.97,11681.68,41493.067342,483708602.8963804,853386
2020-08-10,11681.69,12067.35,11450.0,11892.92,84952.337887,1009169063.3832129,1340835
2020-08-11,11892.9,11935.0,11125.0,11392.08,90748.284634,1049615697.1379416,1343979
2020-08-12,11392.09,11617.52,11150.0,11564.33,64909.613644,743303608.0999826,1104096
2020-08-13,11564.34,11792.96,11270.36,11780.0,70132.491502,809611114.2132484,1243382
2020-08-14,11779.77,11850.0,11634.03,11760.54,59818.852697,702273220.6964158,1011746
2020-08-15,11760.55,11980.0,11680.0,11852.4,56237.90505,667446824.0641296,1018956
2020-08-16,11852.4,11931.72,11686.0,11911.0,41368.236906,489731524.6369436,790240
2020-08-17,11910.99,12468.0,11769.78,12281.13,84734.21154,1026883452.8947719,1210228
2020-08-18,12281.15,12387.77,11817.93,11945.01,75923.835527,920402307.1768105,1189390
2020-08-19,11945.1,12020.08,11561.0,11754.59,73940.169606,870612801.5295693,1258060
2020-08-20,11754.38,11888.0,11668.0,11853.55,46085.254351,543576025.0485107,798027
2020-08-21,11853.54,11878.0,11485.81,11531.34,64448.306142,755451999.6540914,1189668
2020-08-22,11531.23,11686.0,11376.81,11662.96,43678.701646,504305451.410864,809328
2020-08-23,11663.51,11718.07,11514.13,11648.13,37900.00469,440406018.65187865,627352
2020-08-24,11648.12,11824.9,11585.09,11748.2,46212.391867,542298951.538298,656584
2020-08-25,11748.19,11767.85,11117.64,11318.42,69590.923272,797034671.6452801,996668
2020-08-26,11318.42,11539.32,11244.0,11461.43,53998.231231,615452789.9673375,862654
2020-08-27,11461.42,11592.2,11125.0,11330.38,63246.036383,717474981.6640126,959270
2020-08-28,11330.38,11542.65,11276.89,11526.91,45953.908365,525606229.654251,719985
2020-08-29,11526.9,11580.02,11417.04,11465.84,32973.7992,379228275.2707224,611834
2020-08-30,11465.84,11719.0,11458.0,11711.16,43177.879054,501375342.9350389,756541
2020-08-31,11711.17,11800.77,11570.0,11649.51,55353.617744,646723855.5714536,822062
2020-09-01,11649.51,12050.85,11515.0,11921.97,78148.193668,928047313.4889667,1321492
2020-09-02,11921.97,11954.57,11160.1,11388.54,87221.845602,1005391012.1338751,1373524
2020-09-03,11388.54,11462.6,9960.8,10140.85,121950.106015,1325106403.3158674,1611610
2020-09-04,10138.29,10627.05,9875.5,10446.25,92733.599113,959925718.3512754,1434860
2020-09-05,10446.25,10565.68,9825.0,10166.69,90001.605568,917578408.8761182,1476782
2020-09-06,10166.69,10347.14,9994.86,10256.2,56368.788815,574903000.2351745,1053192
2020-09-07,10255.89,10410.75,9875.0,10373.44,62620.230676,634278537.8151095,927363
2020-09-08,10373.45,10438.0,9850.0,10126.65,73491.878418,742947901.9712393,1048125
2020-09-09,10126.66,10343.0,9981.01,10219.2,49347.113776,503082625.21479094,755560
2020-09-10,10219.29,10483.35,10070.83,10336.87,58253.75375,602390078.4922807,851877
2020-09-11,10336.86,10397.6,10200.0,10387.89,43830.254467,451241002.66033626,637869
2020-09-12,10387.89,10477.97,10269.25,10440.92,35379.153096,366912671.4437269,577724
2020-09-13,10440.67,10580.11,10200.0,10332.83,43837.609865,455338605.3291489,692439
2020-09-14,10332.84,10750.0,10212.34,10671.77,67059.291361,706175591.3866128,828957
2020-09-15,10671.77,10930.04,10606.48,10785.31,61822.452786,666457161.1491377,893852
2020-09-16,10785.23,11093.0,10661.22,10954.01,64991.51244,708644989.4830699,884153
2020-09-17,10954.01,11045.46,10745.83,10939.99,55601.614529,605010288.7799246,829137
2020-09-18,10940.0,11038.03,10812.84,10933.39,47266.728275,516147935.6692284,717371
2020-09-19,10933.4,11179.79,10887.37,11080.65,38440.036858,423651901.1577304,620127
2020-09-20,11080.64,11080.64,10723.0,10920.28,39157.922565,426815210.75551224,646329
2020-09-21,10920.28,10988.86,10296.35,10417.22,70683.431179,751020795.2358837,1028531
2020-09-22,10417.22,10572.71,10353.0,10529.61,43991.235476,460362500.7284081,738576
2020-09-23,10529.61,10537.15,10136.82,10241.46,51876.568079,539362015.157462,774391
2020-09-24,10241.46,10795.24,10190.93,10736.32,57676.619427,604520870.055638,789282
2020-09-25,10736.33,10760.53,10556.24,10686.67,48101.117008,512647249.14932007,733430
2020-09-26,10686.57,10820.94,10644.68,10728.6,28420.836659,304511477.6808554,502670
2020-09-27,10728.59,10799.0,10594.82,10774.25,30549.483253,327169249.4549957,516004
2020-09-28,10774.26,10950.0,10626.0,10696.12,50095.251734,544463219.5978092,686664
2020-09-29,10696.11,10867.54,10635.87,10840.48,41874.898399,449345822.46022886,587576
2020-09-30,10840.58,10849.34,10665.13,10776.59,39596.027322,425279696.28526336,595383
2020-10-01,10776.59,10920.0,10437.0,10619.13,60866.332893,652168989.4617349,794855
2020-10-02,10619.13,10664.64,10374.0,10570.4,50130.393705,526864379.30936533,777193
2020-10-03,10570.4,10603.56,10496.46,10542.06,22298.221341,235160884.60853615,381329
2020-10-04,10542.07,10696.87,10517.87,10666.63,23212.001595,246252050.90681073,377553
2020-10-05,10666.62,10798.0,10615.64,10792.21,34025.761653,364158510.23798054,483340
2020-10-06,10792.2,10800.0,10525.0,10599.66,48674.740471,520051256.08219916,734526
2020-10-07,10599.65,10681.87,10546.17,10666.39,32811.990279,348298562.85686266,503440
2020-10-08,10666.4,10950.0,10530.41,10925.57,51959.691572,559311760.4414803,659291
2020-10-09,10925.44,11104.64,10829.0,11050.64,48240.073237,530822321.5162347,635681
2020-10-10,11050.64,11491.0,11050.51,11293.22,43648.036943,494785212.2308735,698561
2020-10-11,11293.22,11445.0,11221.0,11369.02,29043.851339,329927755.03808504,509714
2020-10-12,11369.02,11720.01,11172.0,11528.25,52825.28371,604779845.7920177,740823
2020-10-13,11528.24,11557.0,11300.0,11420.56,42205.283709,482663390.7240358,618262
2020-10-14,11420.57,11547.98,11280.0,11417.89,41415.106015,472007015.7209343,590025
2020-10-15,11417.89,11617.34,11250.83,11505.12,48760.717679,556436445.5576282,662386
2020-10-16,11505.13,11541.15,11200.0,11319.32,48797.749502,553211001.6122569,693210
2020-10-17,11319.24,11402.42,11255.0,11360.2,22368.915241,253582775.96265447,365973
2020-10-18,11360.31,11505.0,11346.22,11503.14,23284.041191,266150824.34809864,346946
2020-10-19,11503.14,11823.99,11407.96,11751.47,47414.534692,550728683.7992793,650960
2020-10-20,11751.46,12038.38,11677.59,11909.99,62134.750663,737425592.0819718,906111
2020-10-21,11910.0,13217.68,11886.95,12780.96,114584.456767,1437122186.6339955,1453620
2020-10-22,12780.75,13185.0,12678.08,12968.52,70038.824144,905778888.8702906,1035811
2020-10-23,12968.84,13027.69,12720.08,12923.07,50386.999841,650680239.1101469,699313
2020-10-24,12923.06,13166.73,12870.0,13111.73,35952.20907,468299521.7696653,536821
2020-10-25,13111.73,13350.0,12888.0,13028.83,38481.579504,502672049.22905165,610498
2020-10-26,13029.64,13238.81,12765.0,13052.19,60951.672986,794395722.4533455,818144
2020-10-27,13052.15,13789.29,13019.87,13636.17,80811.01945,1085403903.1259663,1003615
2020-10-28,13636.16,13859.48,12888.0,13266.4,94440.561226,1263487952.995157,1234511
2020-10-29,13266.4,13642.91,12920.77,13455.7,74872.602132,997867948.8609743,1008433
2020-10-30,13455.69,13669.98,13115.0,13560.1,70657.778881,946818817.5575092,1060387
2020-10-31,13560.1,14100.0,13411.5,13791.0,67339.238515,927048458.5423619,1022202
2020-11-01,13791.0,13895.0,13603.0,13761.5,36285.648526,499124369.07532644,606248
2020-11-02,13761.49,13830.0,13195.05,13549.37,64566.421908,873629993.8313928,869850
2020-11-03,13549.63,14066.11,13284.99,14023.53,74115.630787,1009402087.7104615,1052569
2020-11-04,14023.53,14259.0,13525.0,14144.01,93016.988262,1293872665.4179618,1212959
2020-11-05,14144.01,15750.0,14093.56,15590.02,143741.522673,2131865609.2908912,1736055
2020-11-06,15590.02,15960.0,15166.0,15579.92,122618.197695,1909660728.8229203,1654968
2020-11-07,15579.93,15753.52,14344.22,14818.3,101431.206553,1536510177.0914738,1557021
2020-11-08,14818.3,15650.0,14703.88,15475.1,65547.178574,998031373.8397803,998773
2020-11-09,15475.1,15840.0,14805.54,15328.41,108976.334134,1670447935.514179,1505441
2020-11-10,15328.41,15460.0,15072.46,15297.21,61681.919606,943615126.0891505,1093466
2020-11-11,15297.21,15965.0,15272.68,15684.24,78469.746458,1226425496.3618553,1247167
2020-11-12,15684.25,16340.7,15440.64,16291.86,102196.356592,1628755508.6741984,1472049
2020-11-13,16291.85,16480.0,15952.35,16320.7,75691.881014,1230358611.1248891,1208773
2020-11-14,16320.04,16326.99,15670.0,16070.45,59116.347179,944765868.609419,931424
2020-11-15,16069.56,16180.0,15774.72,15957.0,43596.841513,696651729.7452534,854441
2020-11-16,15957.0,16880.0,15864.0,16713.57,81300.675924,1335728013.9057605,1202386
2020-11-17,16713.08,17858.82,16538.0,17659.38,115221.403102,1982752071.450512,1646652
2020-11-18,17659.38,18476.93,17214.45,17776.12,149019.788134,2663337935.5002985,2091832
2020-11-19,17777.75,18179.8,17335.65,17802.82,93009.561008,1656794228.8537636,1513304
2020-11-20,17802.81,18815.22,17740.04,18655.67,88423.018489,1623135138.5910714,1444692
2020-11-21,18655.66,18965.9,18308.58,18703.8,75577.458394,1413641591.284171,1451352
2020-11-22,18703.8,18750.0,17610.86,18414.43,81645.737778,1497662550.0540428,1528524
2020-11-23,18413.88,18766.0,18000.0,18368.0,82961.506093,1529064319.6694436,1629379
2020-11-24,18368.01,19418.97,18018.0,19160.01,113581.509241,2145301450.4579413,2179862
2020-11-25,19160.0,19484.21,18500.27,18719.11,93266.576887,1774870796.2882328,1785408
2020-11-26,18718.83,18915.03,16188.0,17149.47,181005.246693,3127314143.1045747,2770483
2020-11-27,17149.47,17457.62,16438.08,17139.52,85297.024787,1446670351.435088,1572299
2020-11-28,17139.53,17880.49,16865.56,17719.85,64910.69997,1128061605.1072252,1209385
2020-11-29,17719.84,18360.05,17517.0,18184.99,55329.016303,996743798.8649217,1141289
2020-11-30,18185.0,19863.16,18184.99,19695.87,115463.466888,2205929119.5053363,1744149
2020-12-01,19695.87,19888.0,18001.12,18764.96,127698.762652,2446070334.828799,2023802
2020-12-02,18764.96,19342.0,18330.0,19204.09,75911.013478,1436895344.8259494,1566635
2020-12-03,19204.08,19598.0,18867.2,19421.9,66689.391279,1286548310.8267057,1242229
2020-12-04,19422.34,19527.0,18565.31,18650.52,71283.6682,1358079975.0254982,1286657
2020-12-05,18650.51,19177.0,18500.0,19147.66,42922.748573,813445434.1308142,932124
2020-12-06,19147.66,19420.0,18857.0,19359.4,37043.091861,709558933.5829058,820382
2020-12-07,19358.67,19420.91,18902.88,19166.9,41372.296293,793517668.683946,840954
2020-12-08,19166.9,19294.84,18200.0,18324.11,61626.947614,1160658077.404659,1143181
2020-12-09,18324.11,18639.57,17650.0,18541.28,79585.553801,1450130664.0645843,1302476
2020-12-10,18541.29,18557.32,17911.12,18254.63,52890.675094,966149529.0006071,891151
2020-12-11,18254.81,18292.73,17572.33,18036.53,72610.724259,1301081647.3079002,1117810
2020-12-12,18036.53,18948.66,18020.7,18808.69,49519.978432,915552835.9061834,891810
2020-12-13,18808.69,19411.0,18711.12,19174.99,56560.821744,1083520569.0948539,938022
2020-12-14,19174.99,19349.0,19000.0,19273.14,47257.201294,906101687.739595,842382
2020-12-15,19273.69,19570.0,19050.0,19426.43,61834.366011,1196361527.9258018,1046423
2020-12-16,19426.43,21560.0,19278.6,21335.52,114306.33557,2325135958.6418414,1659135
2020-12-17,21335.52,23800.0,21230.0,22797.16,184882.476748,4196645567.425877,2795084
2020-12-18,22797.15,23285.18,22350.0,23107.39,79646.134315,1820875361.2945976,1613775
2020-12-19,23107.39,24171.47,22750.0,23821.61,86045.064677,2018969878.8868675,1678611
2020-12-20,23821.6,24295.0,23060.0,23455.52,76690.145685,1810862074.730308,1743225
2020-12-21,23455.54,24102.77,21815.0,22719.71,88030.297243,2035446293.928971,1593949
2020-12-22,22719.88,23837.1,22353.4,23810.79,87033.12616,2010758620.243527,1496277
2020-12-23,23810.79,24100.0,22600.0,23232.76,119047.259733,2797688007.0718794,2194611
2020-12-24,23232.39,23794.43,22703.42,23729.2,69013.834252,1602394244.0767715,1421257
2020-12-25,23728.99,24789.86,23433.6,24712.47,79519.943569,1919766316.6677368,1504426
2020-12-26,24712.47,26867.03,24500.0,26493.39,97806.513386,2496533065.1755805,1735574
2020-12-27,26493.4,28422.0,25700.0,26281.66,148455.586214,4028928683.882025,2438493
2020-12-28,26281.54,27500.0,26101.0,27079.41,79721.742496,2151806808.5743527,1508204
2020-12-29,27079.42,27410.0,25880.0,27385.0,69411.592606,1851617219.7682345,1605166
2020-12-30,27385.0,28996.0,27320.0,28875.54,95356.057826,2683953237.460271,1916095
2020-12-31,28875.55,29300.0,27850.0,28923.63,75508.505152,2173600125.420074,1552793
2021-01-01,28923.63,29600.0,28624.57,29331.69,54182.925011,1582526989.1618726,1314910
2021-01-02,29331.7,33300.0,28946.53,32178.33,129993.873362,4073842163.671541,2245922
2021-01-03,32176.45,34778.11,31962.99,33000.05,120957.56675,4057598425.4920163,2369698
2021-01-04,33000.05,33600.0,28130.0,31988.71,140899.88569,4429010349.695345,2642408
2021-01-05,31989.75,34360.0,29900.0,33949.53,116049.997038,3743617144.6469154,2526851
2021-01-06,33949.53,36939.21,33288.0,36769.36,127139.20131,4431954248.519614,2591783
2021-01-07,36769.36,40365.0,36300.0,39432.28,132825.700437,5062569943.383371,2814686
2021-01-08,39432.48,41950.0,36500.0,40582.81,139789.957499,5568443208.731365,2925632
2021-01-09,40586.96,41380.0,38720.0,40088.22,75785.979675,3054779029.1617765,1998156
2021-01-10,40088.22,41350.0,35111.11,38150.02,118209.544503,4604034729.507071,2628050
2021-01-11,38150.02,38264.74,30420.0,35404.47,251156.138287,8497730017.898506,4472957
2021-01-12,35410.37,36628.0,32531.0,34051.24,133948.151996,4651302423.484117,2674145
2021-01-13,34049.15,37850.0,32380.0,37371.38,124477.914938,4322876606.419626,2514289
2021-01-14,37371.38,40100.0,36701.23,39144.5,102950.389421,3974826638.1450887,2297466
2021-01-15,39145.21,39747.76,34408.0,36742.22,118300.920916,4371588898.681637,2560801
2021-01-16,36737.43,37950.0,35357.8,35994.98,86348.431508,3178840336.1492844,2066363
2021-01-17,35994.98,36852.5,33850.0,35828.61,80157.727384,2843103040.240664,1860642
2021-01-18,35824.99,37469.83,34800.0,36631.27,70698.11875,2554843260.524399,1707766
2021-01-19,36622.46,37850.0,35844.06,35891.49,79611.307769,2935348499.344214,1939371
2021-01-20,35901.94,36415.31,33400.0,35468.23,89368.422918,3126721093.5207763,2234539
2021-01-21,35468.23,35600.0,30071.0,30850.13,135004.076658,4386783586.504226,2881505
2021-01-22,30851.99,33826.53,28850.0,32945.17,142971.684049,4483295872.022273,2707810
2021-01-23,32950.0,33456.0,31390.16,32078.0,64595.287675,2089098295.7584367,1700056
2021-01-24,32078.0,33071.0,30900.0,32259.9,57978.037966,1864609665.3657017,1528287
2021-01-25,32259.45,34875.0,31910.0,32254.2,88499.226921,2958759288.5635686,2106548
2021-01-26,32254.19,32921.88,30837.37,32467.77,84972.20691,2708545364.4946413,2010392
2021-01-27,32464.01,32557.29,29241.72,30366.15,95911.961711,2958081421.641559,2065953
2021-01-28,30362.19,33783.98,29842.1,33364.86,92621.145617,2953553214.065682,2060660
2021-01-29,33368.18,38531.9,31915.4,34252.2,231827.005626,8195593336.228467,4403349
2021-01-30,34246.28,34933.0,32825.0,34262.88,84889.68134,2884500062.9380784,2201040
2021-01-31,34262.89,34342.69,32171.67,33092.98,68742.280384,2289641045.7580123,1707064
2021-02-01,33092.97,34717.27,32296.16,33526.37,82718.276882,2791776658.0056057,1810492
2021-02-02,33517.09,35984.33,33418.0,35466.24,78056.65988,2716321896.3176084,1789672
2021-02-03,35472.71,37662.63,35362.38,37618.87,80784.333663,2951232788.184305,1881740
2021-02-04,37620.26,38708.27,36161.95,36936.66,92080.735898,3452669022.1532927,2211866
2021-02-05,36936.65,38310.12,36570.0,38290.24,66681.334275,2509278291.7515864,1853253
2021-02-06,38289.32,40955.51,38215.94,39186.94,98757.311183,3922095148.9281507,2291646
2021-02-07,39181.01,39700.0,37351.0,38795.69,84363.679763,3256521384.240611,1976357
2021-02-08,38795.69,46794.45,37988.89,46374.87,138597.536914,5881536976.635699,3230961
2021-02-09,46374.86,48142.19,44961.09,46420.42,115499.861712,5386255398.017187,3119034
2021-02-10,46420.42,47310.0,43727.0,44807.58,97154.1822,4431650130.251105,2891592
2021-02-11,44807.58,48678.9,43994.02,47969.51,89561.081454,4185630934.410895,2570949
2021-02-12,47968.66,48985.8,46125.0,47287.6,85870.035697,4080571908.9676614,2418841
2021-02-13,47298.15,48150.0,46202.53,47153.69,63768.097399,3007710147.4181595,2058823
2021-02-14,47156.78,49707.43,47014.17,48577.79,73735.475533,3584808348.8347325,2090070
2021-02-15,48580.47,49010.92,45570.79,47911.1,79398.156784,3782219060.664722,2313155
2021-02-16,47911.1,50689.18,47003.62,49133.45,88813.266298,4349983777.692368,2199849
2021-02-17,49133.45,52618.74,48947.0,52119.71,85743.637818,4365831514.815298,2514374
2021-02-18,52117.67,52530.0,50901.9,51552.6,60758.046954,3149973077.487466,1891592
2021-02-19,51552.61,56368.0,50710.2,55906.0,79659.77802,4251167827.6842465,2339215
2021-02-20,55906.0,57700.46,53863.93,55841.19,80948.205314,4551890859.8512745,2642846
2021-02-21,55841.19,58352.8,55477.59,57408.57,58166.708511,3317998263.3478894,1950533
2021-02-22,57412.35,57508.47,47622.0,54087.67,134019.434944,7213386720.436798,3313083
2021-02-23,54087.67,54183.59,44892.56,48891.0,169375.025051,8215839131.243385,3825196
2021-02-24,48891.0,51374.99,46988.69,49676.2,91881.209252,4574033001.379536,2194532
2021-02-25,49676.21,52041.73,46674.34,47073.73,83310.673121,4152188728.141615,2305679
2021-02-26,47073.73,48424.11,44106.78,46276.87,109423.200663,5086374532.734615,2371766
2021-02-27,46276.88,48394.0,45000.0,46106.43,66060.834292,3105897438.550972,1757720
2021-02-28,46103.67,46638.46,43000.0,45135.66,83055.369042,3708359965.4545813,1838345
2021-03-01,45134.11,49790.0,44950.53,49587.03,85086.111648,4057515794.8657284,2147223
2021-03-02,49595.76,50200.0,47047.6,48440.65,64221.06214,3120472069.909453,1855583
2021-03-03,48436.61,52640.0,48100.71,50349.37,81035.913705,4109521257.5407004,2242131
2021-03-04,50349.37,51773.88,47500.0,48374.09,82649.716829,4079837240.856762,2291936
2021-03-05,48374.09,49448.93,46300.0,48751.71,78192.496372,3727133104.8373103,2054216
2021-03-06,48746.81,49200.0,47070.0,48882.2,44399.234242,2143910705.2915032,1476474
2021-03-07,48882.2,51450.03,48882.2,50971.75,55235.028032,2778875909.4491262,1758101
2021-03-08,50959.11,52402.78,49274.67,52375.17,66987.359664,3400847931.036074,1999401
2021-03-09,52375.18,54895.0,51789.41,54884.5,71656.737076,3861450964.6549034,2194398
2021-03-10,54874.67,57387.69,53005.0,55851.59,84749.238943,4700197563.359213,2647284
2021-03-11,55851.59,58150.0,54272.82,57773.16,81914.812859,4612366201.00222,2509970
2021-03-12,57773.15,58081.51,54962.84,57221.72,73405.406047,4162054726.378839,2489931
2021-03-13,57221.72,61844.0,56078.23,61188.39,83245.091346,4933383453.245978,2559002
2021-03-14,61188.38,61724.79,58966.78,58968.31,52601.05275,3176397573.8846426,1829769
2021-03-15,58976.08,60633.43,54600.0,55605.2,102771.427298,5874241052.093372,2683815
2021-03-16,55605.2,56938.29,53271.34,56900.75,77986.694355,4304259207.6451,2241208
2021-03-17,56900.74,58974.73,54123.69,58912.97,70421.620841,3960992972.154292,2204296
2021-03-18,58912.97,60129.97,57023.0,57648.16,66580.406675,3900885761.212806,2040947
2021-03-19,57641.0,59468.0,56270.74,58030.01,52392.652961,3052711147.934925,1885830
2021-03-20,58030.01,59880.0,57820.17,58102.28,44476.941776,2616535093.051585,1724131
2021-03-21,58100.02,58589.1,55450.11,57351.56,48564.470274,2774223129.62381,1773546
2021-03-22,57351.56,58430.73,53650.0,54083.25,62581.626169,3527479514.325653,1927345
2021-03-23,54083.25,55830.9,53000.0,54340.89,59789.365427,3264650774.8174615,1740349
2021-03-24,54342.8,57200.0,51700.0,52303.65,83537.465021,4583159614.046461,2401988
2021-03-25,52303.66,53287.0,50427.56,51293.78,87400.534538,4536327184.95786,2099425
2021-03-26,51293.78,55073.46,51214.6,55025.59,63813.774692,3397036140.7516375,1773150
2021-03-27,55025.59,56700.36,53950.0,55817.14,50105.475055,2767070175.861931,1528776
2021-03-28,55817.14,56559.75,54691.84,55777.63,39050.387511,2178777329.4452167,1551283
2021-03-29,55777.65,58405.82,54800.01,57635.47,67857.937398,3877131109.734646,1983437
2021-03-30,57635.46,59368.0,57071.35,58746.57,55122.443122,3221944107.4550304,1612744
2021-03-31,58746.57,59800.0,56769.0,58740.55,60975.542666,3575976083.804576,1928224
2021-04-01,58739.46,59490.0,57935.45,58720.44,47415.61722,2789238879.9433737,1594431
2021-04-02,58720.45,60200.0,58428.57,58950.01,47382.418781,2811159761.2684674,1666356
2021-04-03,58950.01,59791.72,56880.0,57051.94,47409.852113,2783151686.164537,1606805
2021-04-04,57051.95,58492.85,56388.0,58202.01,41314.081973,2380139010.7302327,1499113
2021-04-05,58202.01,59272.0,56777.77,59129.99,54258.01579,3155214764.1644855,2035877
2021-04-06,59129.99,59495.24,57413.02,57991.15,54201.000727,3166911557.1481576,1960513
2021-04-07,57990.03,58655.0,55473.0,55953.45,71228.405659,4053294016.4845147,2206433
2021-04-08,55953.44,58153.31,55700.0,58077.52,44283.147019,2531779682.552427,1661080
2021-04-09,58077.52,58894.9,57654.0,58142.54,40831.884911,2378340697.289584,1615962
2021-04-10,58142.55,61500.0,57900.01,59769.13,69906.424117,4197138552.4690337,2470398
2021-04-11,59769.13,60699.0,59232.52,60002.43,41156.715391,2462032926.6179814,1746102
2021-04-12,59998.8,61300.0,59350.59,59860.0,56375.037117,3393042867.8714666,1806298
2021-04-13,59860.01,63777.77,59805.15,63575.0,82848.688746,5154877375.389618,2703735
2021-04-14,63575.01,64854.0,61301.0,62959.53,82616.343993,5239081228.156977,2645625
2021-04-15,62959.53,63800.0,62020.0,63159.98,51649.70034,3248931738.293182,1938028
2021-04-16,63158.74,63520.61,60000.0,61334.8,91764.139884,5647292669.615494,2639940
2021-04-17,61334.81,62506.05,59580.91,60006.66,58912.256128,3605701810.675047,2268816
2021-04-18,60006.67,60499.0,50931.3,56150.01,124882.131824,6949379727.429154,3444089
2021-04-19,56150.01,57526.81,54221.58,55633.14,78229.042267,4398619580.647143,2390527
2021-04-20,55633.14,57076.24,53329.96,56425.0,72744.482151,4037701391.6195264,2148820
2021-04-21,56425.0,56757.91,53536.02,53787.63,66984.756909,3704549578.6973033,2134946
2021-04-22,53787.62,55521.48,50500.0,51690.96,104656.631337,5594983857.318092,2744621
2021-04-23,51690.95,52131.85,47500.0,51125.14,132230.780719,6571097317.467918,2888237
2021-04-24,51110.56,51166.22,48657.14,50047.84,55361.512573,2762081002.878663,1164985
2021-04-25,50047.84,50567.91,46930.0,49066.77,58255.645004,2867858315.1873198,1475479
2021-04-26,49066.76,54356.62,48753.44,54001.39,86310.802124,4555688503.3973875,2174544
2021-04-27,54001.38,55460.0,53222.0,55011.97,54064.034675,2949719328.3669896,1568666
2021-04-28,55011.97,56428.0,53813.16,54846.22,55130.459015,3020242787.5066776,1830042
2021-04-29,54846.23,55195.84,52330.94,53555.0,52486.019455,2823220335.4760413,1763676
2021-04-30,53555.0,57963.0,53013.01,57694.27,68578.910045,3808187372.7393794,2267648
2021-05-01,57697.25,58458.07,56956.14,57800.37,42600.351836,2460342954.8425207,1743013
2021-05-02,57797.35,57911.02,56035.25,56578.21,36812.878863,2089763230.439627,1371638
2021-05-03,56578.21,58981.44,56435.0,57169.39,57649.931286,3337604542.627381,2102128
2021-05-04,57169.39,57200.0,53046.69,53200.01,85324.625903,4705402064.300975,2492629
2021-05-05,53205.05,58069.82,52900.0,57436.11,77263.923439,4327994296.151437,2378119
2021-05-06,57436.11,58360.0,55200.0,56393.68,70181.671908,3992289527.7370973,2459881
2021-05-07,56393.68,58650.0,55241.63,57314.75,74542.747829,4239374487.4747725,2361692
2021-05-08,57315.49,59500.0,56900.0,58862.05,69709.906028,4079553831.9880643,2311378
2021-05-09,58866.53,59300.0,56235.66,58240.84,69806.11991,4043552701.5065985,2170139
2021-05-10,58240.83,59500.0,53400.0,55816.14,89586.34925,5131782639.966137,2575419
2021-05-11,55816.14,56862.43,54370.0,56670.02,64329.54055,3583030654.763019,1911480
2021-05-12,56670.02,58000.01,48600.0,49631.32,99842.789836,5476115093.110468,2676826
2021-05-13,49537.15,51367.19,46000.0,49670.97,147332.002121,7303694688.601401,3570506
2021-05-14,49671.92,51483.0,48799.75,49841.45,80082.204306,4015904915.407911,2095860
2021-05-15,49844.16,50700.0,46555.0,46762.99,89437.449359,4350775846.517358,2286791
2021-05-16,46762.99,49795.89,43825.39,46431.5,114269.812775,5367497608.115901,2661295
2021-05-17,46426.83,46686.0,42001.0,43538.04,166657.172736,7346755531.933858,3216821
2021-05-18,43538.02,45799.29,42250.02,42849.78,116979.860784,5146670282.547902,2561165
2021-05-19,42849.78,43584.9,30000.0,36690.09,354347.243161,13477694934.871798,6331062
2021-05-20,36671.23,42451.67,34850.0,40526.64,203017.596923,8019897067.17622,4269898
2021-05-21,40525.39,42200.0,33488.0,37252.01,202100.888258,7713346610.274129,3993336
2021-05-22,37263.35,38829.0,35200.62,37449.73,126542.243689,4730567647.674401,2716691
2021-05-23,37458.51,38270.64,31111.01,34655.25,217136.046593,7431242463.203842,4082004
2021-05-24,34681.44,39920.0,34031.0,38796.29,161630.893971,5996773032.151345,3510578
2021-05-25,38810.99,39791.77,36419.62,38324.72,111996.228404,4253519579.378729,2508310
2021-05-26,38324.72,40841.0,37800.44,39241.91,104780.773396,4113717505.2635546,2432319
2021-05-27,39241.92,40411.14,37134.27,38529.98,86547.158794,3361413526.0535436,2102182
2021-05-28,38529.99,38877.83,34684.0,35663.49,135377.62972,4926260941.933614,2659178
2021-05-29,35661.79,37338.58,33632.76,34605.15,112663.092689,3949843335.322595,2169643
2021-05-30,34605.15,36488.0,33379.0,35641.27,73535.386967,2601994948.148242,1559892
2021-05-31,35641.26,37499.0,34153.84,37253.81,94160.735289,3406047734.8311286,1896359
2021-06-01,37253.82,37894.81,35666.0,36693.09,81234.66377,2973928300.375587,1760417
2021-06-02,36694.85,38225.0,35920.0,37568.68,67587.372495,2523462575.6884375,1530915
2021-06-03,37568.68,39476.0,37170.0,39246.79,75889.106011,2930945325.709207,1949658
2021-06-04,39246.78,39289.07,35555.15,36829.0,91317.799245,3379399754.9305224,1926311
2021-06-05,36829.15,37925.0,34800.0,35513.2,70459.62149,2560547116.8364058,1463754
2021-06-06,35516.07,36480.0,35222.0,35796.31,47650.206637,1711857075.0471697,993430
2021-06-07,35796.31,36900.0,33300.0,33552.79,77574.952573,2755673601.713914,1532260
2021-06-08,33556.96,34068.01,31000.0,33380.81,123251.189037,4030784324.609684,2074885
2021-06-09,33380.8,37534.79,32396.82,37388.05,136607.597517,4794741674.438823,2601479
2021-06-10,37388.05,38491.0,35782.0,36675.72,109527.284943,4062957162.3643,2231430
2021-06-11,36677.83,37680.4,35936.77,37331.98,78466.0053,2903043643.310072,1727645
2021-06-12,37331.98,37463.63,34600.36,35546.11,87717.54999,3132387326.5375137,1719650
2021-06-13,35546.12,39380.0,34757.0,39020.57,86921.025555,3208991521.63768,1894103
2021-06-14,39020.56,41064.05,38730.0,40516.29,108522.391949,4320307646.765389,2185089
2021-06-15,40516.28,41330.0,39506.4,40144.04,80679.622838,3247746713.62741,1931890
2021-06-16,40143.8,40527.14,38116.01,38349.01,87771.976937,3450556041.6005836,2134897
2021-06-17,38349.0,39559.88,37365.0,38092.97,79541.307119,3065622530.039886,1620210
2021-06-18,38092.97,38202.84,35129.29,35819.84,95228.042935,3507868126.3062024,1809253
2021-06-19,35820.48,36457.0,34803.52,35483.72,68712.449461,2453817534.777169,1212278
2021-06-20,35483.72,36137.72,33336.0,35600.16,89878.17085,3124634336.8407607,1691871
2021-06-21,35600.17,35750.0,31251.23,31608.93,168778.873159,5545926077.788067,2688993
2021-06-22,31614.12,33298.78,28805.0,32509.56,204208.179762,6406159197.076789,3113977
2021-06-23,32509.56,34881.0,31683.0,33678.07,126966.100563,4282250433.919445,2026228
2021-06-24,33675.07,35298.0,32286.57,34663.09,86625.80426,2925373222.105977,1531230
2021-06-25,34663.08,35500.0,31275.0,31584.45,116061.130356,3846120542.6572967,2094932
2021-06-26,31576.09,32730.0,30151.0,32283.65,107820.375287,3376415451.793124,1814051
2021-06-27,32283.65,34749.0,31973.45,34700.34,96613.244211,3199980157.7503333,1799875
2021-06-28,34702.49,35297.71,33862.72,34494.89,82222.267819,2837122779.5244017,1868627
2021-06-29,34494.89,36600.0,34225.43,35911.73,90788.79622,3233947791.8633885,1673802
2021-06-30,35911.72,36100.0,34017.55,35045.0,77152.197634,2688939291.095673,1301036
2021-07-01,35045.0,35057.57,32711.0,33504.69,71708.266112,2410809595.390457,1240681
2021-07-02,33502.33,33977.04,32699.0,33786.55,56172.181378,1870193042.393537,1176457
2021-07-03,33786.54,34945.61,33316.73,34669.13,43044.578641,1478423023.503483,1078278
2021-07-04,34669.12,35967.85,34357.15,35286.51,43703.475789,1544458212.3926332,1164970
2021-07-05,35288.13,35293.78,33125.55,33690.14,64123.874245,2183406257.4938293,1109367
2021-07-06,33690.15,35118.88,33532.0,34220.01,58210.596349,1991691100.9482658,1184687
2021-07-07,34220.02,35059.09,33777.77,33862.12,53807.521675,1857658028.480804,1041416
2021-07-08,33862.11,33929.64,32077.0,32875.71,70136.48032,2304973020.298715,1257892
2021-07-09,32875.71,34100.0,32261.07,33815.81,47153.939899,1562958239.3913763,1236351
2021-07-10,33815.81,34262.0,33004.78,33502.87,34761.175468,1171790111.0829954,865508
2021-07-11,33502.87,34666.0,33306.47,34258.99,31572.647448,1070033013.1920449,952891
2021-07-12,34259.0,34678.43,32658.34,33086.63,48181.403762,1620646741.3349633,1176847
2021-07-13,33086.94,33340.0,32202.25,32729.77,41126.361008,1348583017.010343,956053
2021-07-14,32729.12,33114.03,31550.0,32820.02,46777.823484,1515692074.9875476,1123129
2021-07-15,32820.03,33185.25,31133.0,31880.0,51639.576353,1652077965.43656,1099367
2021-07-16,31874.49,32249.18,31020.0,31383.87,48499.864154,1538342711.5796566,1067591
2021-07-17,31383.86,31955.92,31164.31,31520.07,34012.242132,1072815966.3363075,883442
2021-07-18,31520.07,32435.0,31108.97,31778.56,35923.716186,1140964365.6466014,760979
2021-07-19,31778.57,31899.0,30407.44,30839.65,47340.468499,1470563281.936503,846029
2021-07-20,30839.65,31063.07,29278.0,29790.35,61034.049017,1821230700.020391,1062139
2021-07-21,29790.34,32858.0,29482.61,32144.51,82796.265128,2603140706.0822244,1415058
2021-07-22,32144.51,32591.35,31708.0,32287.83,46148.092433,1482763544.9505365,1000742
2021-07-23,32287.58,33650.0,31924.32,33634.09,50112.863626,1631947003.0730467,1394786
2021-07-24,33634.1,34500.0,33401.14,34258.14,47977.550138,1625046258.4365523,1196914
2021-07-25,34261.51,35398.0,33851.12,35381.02,47852.928313,1646935552.8055446,1245775
2021-07-26,35381.02,40550.0,35205.78,37237.6,152452.512724,5832475057.065677,3330102
2021-07-27,37241.33,39542.61,36383.0,39457.87,88397.267015,3335658261.995547,1938478
2021-07-28,39456.61,40900.0,38772.0,40019.56,101344.528441,4040889461.6615276,2631048
2021-07-29,40019.57,40640.0,39200.0,40016.48,53998.439283,2154190697.3453183,1428738
2021-07-30,40018.49,42316.71,38313.23,42206.37,73602.784805,2939833541.3815365,1797012
2021-07-31,42206.36,42448.0,41000.15,41461.83,44849.791012,1868285510.8846788,1565380
2021-08-01,41461.84,42599.0,39422.01,39845.44,53953.186326,2227567271.4878654,1603964
2021-08-02,39850.27,40480.01,38690.0,39147.82,50837.351954,2010928003.5944088,1162878
2021-08-03,39146.86,39780.0,37642.03,38207.05,57117.435853,2195360658.567329,1379871
2021-08-04,38207.04,39969.66,37508.56,39723.18,52329.35243,2028792778.1848047,1220555
2021-08-05,39723.17,41350.0,37332.7,40862.46,84343.755621,3314527738.339733,1913281
2021-08-06,40862.46,43392.43,39853.86,42836.87,75753.941347,3148022459.9161587,2223356
2021-08-07,42836.87,44700.0,42446.41,44572.54,73396.740808,3197407326.036793,2258213
2021-08-08,44572.54,45310.0,43261.0,43794.37,69329.092698,3074924734.87934,1857112
2021-08-09,43794.36,46454.15,42779.0,46253.4,74587.884845,3362870286.258118,2130595
2021-08-10,46248.87,46700.0,44589.46,45584.99,53814.643421,2452485823.9336543,1951330
2021-08-11,45585.0,46743.47,45341.14,45511.0,52734.901977,2432788769.8326964,1862925
2021-08-12,45510.67,46218.12,43770.0,44399.0,55266.108781,2478758524.8641763,1623329
2021-08-13,44400.06,47886.0,44217.39,47800.0,48239.370431,2239435701.1177917,1804716
2021-08-14,47799.99,48144.0,45971.03,47068.51,46114.359022,2166461458.668249,1849556
2021-08-15,47068.5,47372.27,45500.0,46973.82,42110.711334,1950753713.2121248,1580122
2021-08-16,46973.82,48053.83,45660.0,45901.29,52480.574014,2462127629.6090236,1655378
2021-08-17,45901.3,47160.0,44376.0,44695.95,57039.341629,2616339597.9157424,1781303
2021-08-18,44695.95,46000.0,44203.28,44705.29,54099.415985,2439673265.947117,1656723
2021-08-19,44699.37,47033.0,43927.7,46760.62,53411.75392,2416320067.133769,1774382
2021-08-20,46760.62,49382.99,46622.99,49322.47,56850.352228,2721131744.2778172,1950404
2021-08-21,49322.47,49757.04,48222.0,48821.87,46745.136584,2290966131.376161,2069725
2021-08-22,48821.88,49500.0,48050.0,49239.22,37007.887795,1807169840.1691713,1610192
2021-08-23,49239.22,50500.0,49029.0,49488.85,52462.541954,2616721363.685172,2143309
2021-08-24,49488.85,49860.0,47600.0,47674.01,51014.594748,2486079315.5644236,1692896
2021-08-25,47674.01,49264.3,47126.28,48973.32,44655.830342,2149442271.5264206,1559186
2021-08-26,48973.32,49352.84,46250.0,46843.87,49371.277774,2333900030.229628,1532753
2021-08-27,46843.86,49149.93,46348.0,49069.9,42068.104965,2007071230.219995,1320503
2021-08-28,49069.9,49299.0,48346.88,48895.35,26681.063786,1303966035.7705495,793012
2021-08-29,48895.35,49632.27,47762.54,48767.83,32652.283473,1588661416.3603797,1193046
2021-08-30,48767.84,48888.61,46853.0,46982.91,40288.35083,1932344430.923926,1204012
2021-08-31,46982.91,48246.11,46700.0,47100.89,48645.52737,2303799571.3822727,1300400
2021-09-01,47100.89,49156.0,46512.0,48810.52,49904.65528,2386074445.415852,1280384
2021-09-02,48810.51,50450.13,48584.06,49246.64,54410.770538,2704192314.674689,1549849
2021-09-03,49246.63,51000.0,48316.84,49999.14,59025.644157,2949574478.071738,1645163
2021-09-04,49998.0,50535.69,49370.0,49915.64,34664.65959,1733527136.4442587,1225830
2021-09-05,49917.54,51900.0,49450.0,51756.88,40544.835873,2049212025.844659,1417660
2021-09-06,51756.88,52780.0,50969.33,52663.9,49249.667081,2549290983.0568776,1678015
2021-09-07,52666.2,52920.0,42843.05,46863.73,123048.802719,6004105772.870442,3321711
2021-09-08,46868.57,47340.99,44412.02,46048.31,65069.3152,3000605793.9389606,1796101
2021-09-09,46048.31,47399.97,45513.08,46395.14,50651.66002,2351862983.5182414,1567586
2021-09-10,46395.14,47033.0,44132.29,44850.91,49048.26618,2243698626.0395164,1569941
2021-09-11,44842.2,45987.93,44722.22,45173.69,30440.4081,1380370764.0127168,1060890
2021-09-12,45173.68,46460.0,44742.06,46025.24,32094.28052,1464780920.2199812,1179808
2021-09-13,46025.23,46880.0,43370.0,44940.73,65429.15056,2930668118.2616343,1703512
2021-09-14,44940.72,47250.0,44594.44,47111.52,44855.85099,2072259519.0619197,1210258
2021-09-15,47103.28,48500.0,46682.32,48121.41,43204.71174,2056996398.8439617,1176050
2021-09-16,48121.4,48557.0,47021.1,47737.82,40725.08895,1948447232.9107177,1176129
2021-09-17,47737.81,48150.0,46699.56,47299.98,34461.92776,1637122049.4128377,1033968
2021-09-18,47299.98,48843.2,47035.56,48292.74,30906.47038,1491461627.9514225,976346
2021-09-19,48292.75,48372.83,46829.18,47241.75,29847.24349,1421642879.4932063,909785
2021-09-20,47241.75,47347.25,42500.0,43015.62,78003.524443,3457139274.300071,1842231
2021-09-21,43016.64,43639.0,39600.0,40734.38,84534.080485,3551997786.6903553,1820721
2021-09-22,40734.09,44000.55,40565.39,43543.61,58349.05542,2482639471.907596,1304011
2021-09-23,43546.37,44978.0,43069.09,44865.26,48699.57655,2147211305.482089,1196106
2021-09-24,44865.26,45200.0,40675.0,42810.57,84113.426292,3596718231.0505486,1819744
2021-09-25,42810.58,42966.84,41646.28,42670.64,33594.57189,1428238748.2095258,949787
2021-09-26,42670.63,43950.0,40750.0,43160.9,49879.99765,2124657079.2797766,1374145
2021-09-27,43160.9,44350.0,42098.0,42147.35,39776.84383,1728912299.8034244,1001487
2021-09-28,42147.35,42787.38,40888.0,41026.54,43372.2624,1816305387.8388581,1045389
2021-09-29,41025.01,42590.0,40753.88,41524.28,33511.53487,1399625476.0563762,884909
2021-09-30,41524.29,44141.37,41410.17,43824.1,46381.22781,2005486003.5646772,1197815
2021-10-01,43820.01,48495.0,43283.03,48141.61,66244.87492,3076094886.592474,1771237
2021-10-02,48141.6,48336.59,47430.18,47634.9,30508.98131,1459064880.5324447,996116
2021-10-03,47634.89,49228.08,47088.0,48200.01,30825.05601,1482764462.1905775,1114294
2021-10-04,48200.01,49536.12,46891.0,49224.94,46796.49372,2258464361.1263566,1437692
2021-10-05,49224.93,51886.3,49022.4,51471.99,52125.66793,2618101829.0177226,1641651
2021-10-06,51471.99,55750.0,50382.41,55315.0,79877.545181,4236927265.381522,2443126
2021-10-07,55315.0,55332.31,53357.0,53785.22,54917.37766,2983143121.088643,1703147
2021-10-08,53785.22,56100.0,53617.61,53951.43,46160.25785,2522087625.0940795,1548832
2021-10-09,53955.67,55489.0,53661.67,54949.72,55177.08013,3024862790.6955924,1609483
2021-10-10,54949.72,56561.31,54080.0,54659.0,89237.836128,4923958325.389876,2427176
2021-10-11,54659.01,57839.04,54415.06,57471.35,52933.165751,2994673617.7236485,1690409
2021-10-12,57471.35,57680.0,53879.0,55996.93,53471.2855,3017210682.8859496,1554412
2021-10-13,55996.91,57777.0,54167.19,57367.0,55808.44492,3123307687.477303,1610489
2021-10-14,57370.83,58532.54,56818.05,57347.94,43053.336781,2481915791.591235,1372048
2021-10-15,57347.94,62933.0,56850.0,61672.42,82512.908022,4959389368.726733,2649137
2021-10-16,61672.42,62378.42,60150.0,60875.57,35467.88096,2173374058.808911,1360379
2021-10-17,60875.57,61718.39,58963.0,61528.33,39099.24124,2371696294.7973056,1331655
2021-10-18,61528.32,62695.78,59844.45,62009.84,51798.44844,3195091233.4205527,1629184
2021-10-19,62005.6,64486.0,61322.22,64280.59,53628.107744,3370863940.269437,1755708
2021-10-20,64280.59,67000.0,63481.4,66001.41,51428.934856,3362878816.4045925,1823286
2021-10-21,66001.4,66639.74,62000.0,62193.15,68538.64537,4407757970.879756,2181665
2021-10-22,62193.15,63732.39,60000.0,60688.22,52119.35886,3229377744.3114257,1555280
2021-10-23,60688.23,61747.64,59562.15,61286.75,27626.93678,1686121722.2187824,982103
2021-10-24,61286.75,61500.0,59510.63,60852.22,31226.57676,1889694558.9504948,1052085
2021-10-25,60852.22,63710.63,60650.0,63078.78,36853.83806,2309339650.1093802,1270453
2021-10-26,63078.78,63293.48,59817.55,60328.81,40217.50083,2492606133.3189454,1334460
2021-10-27,60328.81,61496.0,58000.0,58413.44,62124.49016,3688306192.972418,1913083
2021-10-28,58413.44,62499.0,57820.0,60575.89,61056.35301,3677629851.0596066,1878275
2021-10-29,60575.9,62980.0,60174.81,62253.71,43973.90414,2706090987.3096256,1417344
2021-10-30,62253.7,62359.25,60673.0,61859.19,31478.12566,1937860260.4380624,1197748
2021-10-31,61859.19,62405.3,59945.36,61299.8,39267.63794,2396556477.343494,1563417
2021-11-01,61299.81,62437.74,59405.0,60911.11,44687.66672,2737282804.738131,1472636
2021-11-02,60911.12,64270.0,60624.68,63219.99,46368.2841,2909221038.40065,1858362
2021-11-03,63220.57,63500.0,60382.76,62896.48,43336.09049,2713389500.4663587,1601925
2021-11-04,62896.49,63086.31,60677.01,61395.01,35930.93314,2218138026.7045407,1346081
2021-11-05,61395.01,62595.72,60721.0,60937.12,31604.48749,1943346371.470386,1243074
2021-11-06,60940.18,61560.49,60050.0,61470.61,25590.57408,1556774943.5537283,965309
2021-11-07,61470.62,63286.35,61322.78,63273.59,25515.6883,1585744720.199772,1068629
2021-11-08,63273.58,67789.0,63273.58,67525.83,54442.094554,3575716171.0442996,2349581
2021-11-09,67525.82,68524.25,66222.4,66947.66,44661.378068,3014326962.087268,1847655
2021-11-10,66947.67,69000.0,62822.9,64882.43,65171.504046,4335575752.805223,2347934
2021-11-11,64882.42,65600.07,64100.0,64774.26,37237.98058,2415537333.57771,1327827
2021-11-12,64774.25,65450.7,62278.0,64122.23,44490.10816,2844286547.5040407,1479149
2021-11-13,64122.22,65000.0,63360.22,64380.0,22504.97383,1442441613.5983925,904149
2021-11-14,64380.01,65550.51,63576.27,65519.1,25705.07347,1658473781.2937696,951393
2021-11-15,65519.11,66401.82,63400.0,63606.74,37829.37124,2460915922.8761277,1305209
2021-11-16,63606.73,63617.31,58574.07,60058.87,77455.15609,4705744041.299647,2353681
2021-11-17,60058.87,60840.23,58373.0,60344.87,46289.38491,2767802055.200423,1471305
2021-11-18,60344.86,60976.0,56474.26,56891.62,62146.99931,3644824179.1448526,1960419
2021-11-19,56891.62,58320.0,55600.0,58052.24,50715.88726,2896189975.910774,1560459
2021-11-20,58057.1,59845.0,57353.0,59707.51,33811.5901,1982718831.1570773,1200190
2021-11-21,59707.52,60029.76,58486.65,58622.02,31902.22785,1886578154.5167086,1249219
2021-11-22,58617.7,59444.0,55610.0,56247.18,51724.32047,2968622334.1376567,1624768
2021-11-23,56243.83,58009.99,55317.0,57541.27,49917.85017,2837210673.4885187,1570845
2021-11-24,57541.26,57735.0,55837.0,57138.29,39612.04964,2246374244.330568,1432991
2021-11-25,57138.29,59398.9,57000.0,58960.36,42153.51522,2455658857.700593,1604266
2021-11-26,58960.37,59150.0,53500.0,53726.53,65927.87066,3649353860.4295664,2138184
2021-11-27,53723.72,55280.0,53610.0,54721.03,29716.99957,1623173123.4917316,1110145
2021-11-28,54716.47,57445.05,53256.64,57274.88,36163.7137,1982198373.532835,1253408
2021-11-29,57274.89,58865.97,56666.67,57776.25,40125.28009,2313371348.113543,1349625
2021-11-30,57776.25,59176.99,55875.55,56950.56,49161.05194,2823644073.021905,1587472
2021-12-01,56950.56,59053.55,56458.01,57184.07,44956.63656,2584928714.0757422,1442301
2021-12-02,57184.07,57375.47,55777.77,56480.34,37574.05976,2127110102.1073096,1307890
2021-12-03,56484.26,57600.0,51680.0,53601.05,58927.69027,3246198505.9468513,1865063
2021-12-04,53601.05,53859.1,42000.3,49152.47,114203.373748,5495712061.978532,3362771
2021-12-05,49152.46,49699.05,47727.21,49396.33,45580.82012,2231486105.8439116,1371839
2021-12-06,49396.32,50891.11,47100.0,50441.92,58571.21575,2851528919.1795363,1741956
2021-12-07,50441.91,51936.33,50039.74,50588.95,38253.46877,1950573500.2086658,1212350
2021-12-08,50588.95,51200.0,48600.0,50471.19,38425.92466,1925458787.1147523,1118225
2021-12-09,50471.19,50797.76,47320.0,47545.59,37692.68665,1841474998.89511,1130599
2021-12-10,47535.9,50125.0,46852.0,47140.54,44233.57391,2135023722.8531513,1215231
2021-12-11,47140.54,49485.71,46751.0,49389.99,28889.19358,1397524635.581402,957390
2021-12-12,49389.99,50777.0,48638.0,50053.9,26017.93421,1292315883.6245537,863605
2021-12-13,50053.9,50189.97,45672.75,46702.75,50869.52093,2423888500.790305,1399599
2021-12-14,46702.76,48700.41,46290.0,48343.28,39955.98445,1887427362.4740965,1194992
2021-12-15,48336.95,49500.0,46547.0,48864.98,51629.181,2487012309.0915494,1438176
2021-12-16,48864.98,49436.43,47511.0,47632.38,31949.86739,1551200654.052745,1023983
2021-12-17,47632.38,47995.96,45456.0,46131.2,43104.4887,2015966349.5161324,1261780
2021-12-18,46133.83,47392.37,45500.0,46834.48,25020.05271,1165205135.7008426,862066
2021-12-19,46834.47,48300.01,46406.91,46681.23,29305.70665,1384958598.3627698,874827
2021-12-20,46681.24,47537.57,45558.85,46914.16,35848.50609,1663363117.8304534,1076488
2021-12-21,46914.17,49328.96,46630.0,48889.88,37713.92924,1827234149.0598803,1119412
2021-12-22,48887.59,49576.13,48421.87,48588.16,27004.2022,1322418595.3337295,949480
2021-12-23,48588.17,51375.0,47920.42,50838.81,35192.54046,1738129830.7814522,1176050
2021-12-24,50838.82,51810.0,50384.43,50820.0,31684.84269,1618089927.2810063,1075177
2021-12-25,50819.99,51156.23,50142.32,50399.66,19135.51613,971491029.130824,766979
2021-12-26,50399.67,51280.0,49412.0,50775.49,22569.88914,1132200241.5624182,797133
2021-12-27,50775.48,52088.0,50449.0,50701.44,28792.21566,1472065236.0117192,1009411
2021-12-28,50701.44,50704.05,47313.01,47543.74,45853.33924,2242102220.931003,1345774
2021-12-29,47543.74,48139.08,46096.99,46464.66,39498.87,1873785571.2732966,1114074
2021-12-30,46464.66,47900.0,45900.0,47120.87,30352.29569,1428755720.453203,910157
2021-12-31,47120.88,48548.26,45678.0,46216.93,34937.99796,1650715977.918517,1059783
2022-01-01,46216.93,47954.63,46208.37,47722.65,19604.46325,924155159.5834866,714899
2022-01-02,47722.66,47990.0,46654.0,47286.18,18340.4604,866610995.5633582,709624
2022-01-03,47286.18,47570.0,45696.0,46446.1,27662.0771,1292203508.325655,885624
2022-01-04,46446.1,47557.54,45500.0,45832.01,35491.4136,1649170424.1276133,1021815
2022-01-05,45832.01,47070.0,42500.0,43451.13,51784.11857,2334288544.645448,1478532
2022-01-06,43451.14,43816.0,42430.58,43082.31,38880.37305,1674466154.4383326,1150707
2022-01-07,43082.3,43145.83,40610.0,41566.48,54836.50818,2293851015.4652367,1406635
2022-01-08,41566.48,42300.0,40501.0,41679.74,32952.73111,1367233494.8277667,1021908
2022-01-09,41679.74,42786.7,41200.02,41864.62,22724.39426,952830064.5125849,752733
2022-01-10,41864.62,42248.5,39650.0,41822.49,50729.17019,2088111339.5055964,1250983
2022-01-11,41822.49,43100.0,41268.93,42729.29,37296.43729,1574803608.9600787,1015526
2022-01-12,42729.29,44322.0,42450.0,43902.66,33943.2928,1470906437.7120714,1023902
2022-01-13,43902.65,44500.0,42311.22,42560.11,34910.87762,1515944525.4954948,1036234
2022-01-14,42558.35,43448.78,41725.95,43059.96,32640.88292,1392000443.3501675,946938
2022-01-15,43059.96,43800.0,42555.0,43084.29,21936.05616,946488263.5484481,752688
2022-01-16,43084.29,43475.0,42581.79,43071.66,20602.35271,887203134.0531468,732171
2022-01-17,43071.66,43176.18,41540.42,42201.62,27562.08613,1169381684.4668436,918029
2022-01-18,42201.63,42691.0,41250.0,42352.12,29324.08257,1228459687.3994458,905061
2022-01-19,42352.12,42559.13,41138.56,41660.01,31685.72159,1327478459.1602297,924528
2022-01-20,41660.0,43505.0,40553.31,40680.91,42330.33953,1784801200.404487,1098761
2022-01-21,40680.92,41100.0,35440.45,36445.31,88860.891999,3405501703.2219367,2092561
2022-01-22,36445.31,36835.22,34008.0,35071.42,90471.338961,3207531048.0306516,2099978
2022-01-23,35071.42,36499.0,34601.01,36244.55,44279.52354,1572414639.0428774,1142407
2022-01-24,36244.55,37550.0,32917.17,36660.35,91904.753211,3192041586.10319,1999352
2022-01-25,36660.35,37545.14,35701.0,36958.32,49232.40183,1799224214.4997392,1248246
2022-01-26,36958.32,38919.98,36234.63,36809.34,69830.16036,2627491976.6908574,1584468
2022-01-27,36807.24,37234.47,35507.01,37160.1,53020.87934,1925920128.3436604,1308408
2022-01-28,37160.11,38000.0,36155.01,37716.56,42154.26956,1560203931.220128,1061101
2022-01-29,37716.57,38720.74,37268.44,38166.84,26129.49682,989652386.9966494,816601
2022-01-30,38166.83,38359.26,37351.63,37881.76,21430.66527,812750216.6010319,698593
2022-01-31,37881.75,38744.0,36632.61,38466.9,36855.2458,1386754529.0295446,936014
2022-02-01,38466.9,39265.2,38000.0,38694.59,34574.44663,1334266166.7099988,917617
2022-02-02,38694.59,38855.92,36586.95,36896.36,35794.6813,1353093948.9776013,907905
2022-02-03,36896.37,37387.0,36250.0,37311.61,32081.10999,1179502838.6566265,848961
2022-02-04,37311.98,41772.33,37026.73,41574.25,64703.95874,2526572562.058285,1380724
2022-02-05,41571.7,41913.69,40843.01,41382.59,32532.34372,1349805515.9300365,1006352
2022-02-06,41382.6,42656.0,41116.56,42380.87,22405.16704,934168802.8801152,788291
2022-02-07,42380.87,44500.5,41645.85,43839.99,51060.62006,2204523609.903396,1473274
2022-02-08,43839.99,45492.0,42666.0,44042.99,64880.29387,2847485971.4977336,1653350
2022-02-09,44043.0,44799.0,43117.92,44372.72,34428.16729,1512500139.1430995,1066395
2022-02-10,44372.71,45821.0,43174.01,43495.44,62357.29091,2772188373.222783,1541483
2022-02-11,43495.44,43920.0,41938.51,42373.73,44975.1687,1937866768.5059533,1169354
2022-02-12,42373.73,43079.49,41688.88,42217.87,26556.85681,1123136004.7237246,830322
2022-02-13,42217.87,42760.0,41870.0,42053.66,17732.08113,750533311.6529565,624898
2022-02-14,42053.65,42842.4,41550.56,42535.94,34010.1306,1436927831.4445863,867622
2022-02-15,42535.94,44751.4,42427.03,44544.86,38095.19576,1672855933.625659,990694
2022-02-16,44544.85,44549.97,43307.0,43873.56,28471.8727,1250973502.3018453,823745
2022-02-17,43873.56,44164.71,40073.21,40515.7,47245.99494,1993400162.9480667,1067658
2022-02-18,40515.71,40959.88,39450.0,39974.44,43845.92241,1765622365.9527562,1025882
2022-02-19,39974.45,40444.32,39639.03,40079.17,18042.0551,721960636.0646693,586653
2022-02-20,40079.17,40125.44,38000.0,38386.89,33439.29011,1293216601.4518795,811235
2022-02-21,38386.89,39494.35,36800.0,37008.16,62347.68496,2382027320.8617606,1352290
2022-02-22,37008.16,38429.0,36350.0,38230.33,53785.94589,2010628230.7549176,1212527
2022-02-23,38230.33,39249.93,37036.79,37250.01,43560.732,1665486687.239937,1030872
2022-02-24,37250.02,39843.0,34322.28,38327.21,120476.29458,4335107392.009488,2622780
2022-02-25,38328.68,39683.53,38014.37,39219.17,56574.57125,2197889580.282669,1408558
2022-02-26,39219.16,40348.45,38573.18,39116.72,29361.2568,1152621719.69438,924257
2022-02-27,39116.73,39855.7,37000.0,37699.07,46229.44719,1780512702.886402,1265753
2022-02-28,37699.08,44225.84,37450.17,43160.0,73945.63858,2975160226.1689854,1931087
2022-03-01,43160.0,44949.0,42809.98,44421.2,61743.09873,2701611023.6943197,1866871
2022-03-02,44421.2,45400.0,43334.09,43892.98,57782.65081,2550792948.2886243,1653131
2022-03-03,43892.99,44101.12,41832.28,42454.0,50940.61021,2192152097.925188,1289320
2022-03-04,42454.0,42527.3,38550.0,39148.66,61964.68498,2527001270.719469,1465066
2022-03-05,39148.65,39613.24,38407.59,39397.96,30363.13341,1187689935.0879934,879727
2022-03-06,39397.97,39693.87,38088.57,38420.81,39677.26158,1542258009.6292188,986352
2022-03-07,38420.8,39547.57,37155.0,37988.0,63994.11559,2449362161.7015386,1456041
2022-03-08,37988.01,39362.08,37867.65,38730.63,55583.06638,2149652714.8043456,1271128
2022-03-09,38730.63,42594.06,38656.45,41941.71,67392.58799,2797240840.960747,1570230
2022-03-10,41941.7,42039.63,38539.73,39422.0,71962.93154,2854310740.8076735,1512655
2022-03-11,39422.01,40236.26,38223.6,38729.57,59018.7642,2305825015.6010857,1252571
2022-03-12,38729.57,39486.71,38660.52,38807.36,24034.36432,939663387.3149893,671733
2022-03-13,38807.35,39310.0,37578.51,37777.34,32791.82359,1268441605.1866875,841844
2022-03-14,37777.35,39947.12,37555.0,39671.37,46945.45375,1821922588.4472065,1114899
2022-03-15,39671.37,39887.61,38098.33,39280.33,46015.54926,1796571984.458497,1060517
2022-03-16,39280.33,41718.0,38828.48,41114.0,88120.76167,3552563766.3655386,2051837
2022-03-17,41114.01,41478.82,40500.0,40917.9,37189.38087,1521083189.7108624,935784
2022-03-18,40917.89,42325.02,40135.04,41757.51,45408.00969,1862337033.4847212,1065054
2022-03-19,41757.51,42400.0,41499.29,42201.13,29067.18108,1216709156.4428053,801197
2022-03-20,42201.13,42296.26,40911.0,41262.11,30653.33468,1273880705.2502496,799695
2022-03-21,41262.11,41544.22,40467.94,41002.25,39426.24877,1618789548.0684214,947206
2022-03-22,41002.26,43361.0,40875.51,42364.13,59454.94294,2525975507.8012,1367343
2022-03-23,42364.13,43025.96,41751.47,42882.76,40828.87039,1725787170.5823965,916671
2022-03-24,42882.76,44220.89,42560.46,43991.46,56195.12374,2436258223.6223383,1202541
2022-03-25,43991.46,45094.14,43579.0,44313.16,54614.43648,2421153187.6604123,1141588
2022-03-26,44313.16,44792.99,44071.97,44511.27,23041.61741,1022802857.60941,693647
2022-03-27,44511.27,46999.0,44421.46,46827.76,41874.91071,1907019662.3441498,1135096
2022-03-28,46827.76,48189.84,46663.56,47122.21,58949.2614,2789898402.616576,1498975
2022-03-29,47122.21,48096.47,46950.85,47434.8,36772.28457,1748600385.4502351,1095678
2022-03-30,47434.79,47700.22,46445.42,47067.99,40947.2085,1932152559.8831122,1081607
2022-03-31,47067.99,47600.0,45200.0,45510.34,48645.12667,2262485160.568584,1290541
2022-04-01,45510.35,46720.09,44200.0,46283.49,56271.06474,2556532890.870311,1372216
2022-04-02,46283.49,47213.0,45620.0,45811.0,37073.53582,1721690754.4393935,1056716
2022-04-03,45810.99,47444.11,45530.92,46407.35,33394.67794,1550999693.0508049,966563
2022-04-04,46407.36,46890.71,45118.0,46580.51,44641.87514,2053434523.8685389,1171998
2022-04-05,46580.5,47200.0,45353.81,45497.55,42192.74852,1951668192.9295099,1046080
2022-04-06,45497.54,45507.14,43121.0,43170.47,60849.32936,2700644700.890392,1471912
2022-04-07,43170.47,43900.99,42727.35,43444.19,37396.54156,1623879486.6600313,999816
2022-04-08,43444.2,43970.62,42107.14,42252.01,42375.04203,1830699971.6113117,1108136
2022-04-09,42252.02,42800.0,42125.48,42753.97,17891.66047,759274586.6137776,640230
2022-04-10,42753.96,43410.3,41868.0,42158.85,22771.09403,971459737.5009404,678983
2022-04-11,42158.85,42414.71,39200.0,39530.45,63560.44721,2602039073.0150447,1385924
2022-04-12,39530.45,40699.0,39254.63,40074.94,57751.01778,2309514071.593873,1153667
2022-04-13,40074.95,41561.31,39588.54,41147.79,41342.27254,1677171454.091079,948061
2022-04-14,41147.78,41500.0,39551.94,39942.38,36807.01401,1494726286.0180101,803756
2022-04-15,39942.37,40870.36,39766.4,40551.9,24026.35739,966888436.8162509,616536
2022-04-16,40551.9,40709.35,39991.55,40378.71,15805.44718,638275503.9141085,423446
2022-04-17,40378.7,40595.67,39546.17,39678.12,19988.49259,803414248.9836985,590241
2022-04-18,39678.11,41116.73,38536.51,40801.13,54243.49575,2153574975.9131336,1157741
2022-04-19,40801.13,41760.0,40571.0,41493.18,35788.85843,1472363265.3621879,934526
2022-04-20,41493.19,42199.0,40820.0,41358.19,40877.35041,1697039284.0853007,1063843
2022-04-21,41358.19,42976.0,39751.0,40480.01,59316.27657,2476061417.8872576,1515456
2022-04-22,40480.01,40795.06,39177.0,39709.18,46664.0196,1870172362.40225,1043471
2022-04-23,39709.19,39980.0,39285.0,39441.6,20291.42375,804677022.9078971,724132
2022-04-24,39441.61,39940.0,38929.62,39450.13,26703.61186,1056336243.0198609,868183
2022-04-25,39450.12,40616.0,38200.0,40426.08,63037.12784,2470071005.2401423,1280351
2022-04-26,40426.08,40797.31,37702.26,38112.65,66650.258,2615206861.8349133,1381618
2022-04-27,38112.64,39474.72,37881.31,39235.72,57083.12272,2218523642.426387,1232083
2022-04-28,39235.72,40372.63,38881.43,39742.07,56086.6715,2223808385.8063755,1135242
2022-04-29,39742.06,39925.25,38175.0,38596.11,51453.65715,2006135662.8559992,1101140
2022-04-30,38596.11,38795.38,37578.2,37630.8,35321.18989,1354900532.1335113,1017369
2022-05-01,37630.8,38675.0,37386.38,38468.35,38812.24104,1478259271.913873,1021157
2022-05-02,38468.35,39167.34,38052.0,38525.16,53200.92628,2058450718.2963233,1053893
2022-05-03,38525.16,38651.51,37517.8,37728.95,40316.45358,1539320434.2647235,1005131
2022-05-04,37728.95,40023.77,37670.0,39690.0,62574.61736,2438553987.4535437,1238847
2022-05-05,39690.0,39845.51,35571.9,36552.97,88722.43355,3329684235.9639516,1979692
2022-05-06,36552.97,36675.63,35258.0,36013.77,68437.80187,2466507512.182029,1214518
2022-05-07,36013.77,36146.3,34785.0,35472.39,34281.70682,1222539413.6400983,746488
2022-05-08,35472.4,35514.22,33713.95,34038.4,72445.64344,2498365159.9945807,1301451
2022-05-09,34038.39,34243.15,30033.33,30076.31,191876.926428,6166367111.275724,2564538
2022-05-10,30074.23,32658.99,29730.4,31017.1,165532.00311,5179856929.47993,2470325
2022-05-11,31017.11,32162.59,27785.0,29103.94,207063.739278,6300295994.553139,3559270
2022-05-12,29103.94,30243.0,26700.0,29029.75,204507.263138,5795451310.945579,3951233
2022-05-13,29029.74,31083.37,28751.67,29287.05,97872.36957,2956855804.856112,2051900
2022-05-14,29287.05,30343.27,28630.0,30086.74,51095.87863,1501483453.5008905,1204626
2022-05-15,30086.74,31460.0,29480.0,31328.89,46275.66912,1401499926.2304175,1016769
2022-05-16,31328.89,31328.9,29087.04,29874.01,73082.19658,2185567735.682062,1561954
2022-05-17,29874.01,30788.37,29450.38,30444.93,56724.13307,1715109131.0802064,1175382
2022-05-18,30444.93,30709.99,28654.47,28715.32,59749.15799,1762843836.1269379,1379212
2022-05-19,28715.33,30545.18,28691.38,30319.23,67877.36415,2014360135.7852721,1860780
2022-05-20,30319.22,30777.33,28730.0,29201.01,60517.25325,1800589029.270878,1694004
2022-05-21,29201.01,29656.18,28947.28,29445.06,20987.13124,616194663.9792111,643486
2022-05-22,29445.07,30487.99,29255.11,30293.94,36158.98748,1082530816.01625,862880
2022-05-23,30293.93,30670.51,28866.35,29109.15,63901.49932,1914305818.0745187,1328317
2022-05-24,29109.14,29845.86,28669.0,29654.58,59442.96036,1740257602.3067698,946421
2022-05-25,29654.58,30223.74,29294.21,29542.15,59537.38659,1771708175.0718913,985440
2022-05-26,29542.14,29886.64,28019.56,29201.35,94581.65463,2759055410.397752,1431112
2022-05-27,29201.35,29397.66,28282.9,28629.8,90998.5201,2626515958.50349,1321406
2022-05-28,28629.81,29266.0,28450.0,29031.33,34479.35127,994674257.5679231,684423
2022-05-29,29031.33,29587.78,28839.21,29468.1,27567.34764,804777532.6497605,635311
2022-05-30,29468.1,32222.0,29299.62,31734.22,96785.9476,2980527582.4674954,1380410
2022-05-31,31734.23,32399.0,31200.01,31801.04,62433.11632,1981259117.0115466,1161340
2022-06-01,31801.05,31982.97,29301.0,29805.83,103395.63382,3171191028.249736,1404611
2022-06-02,29805.84,30689.0,29594.55,30452.62,56961.42928,1711652906.191896,1086183
2022-06-03,30452.63,30699.0,29282.36,29700.21,54067.44727,1615616950.714381,993769
2022-06-04,29700.21,29988.88,29485.0,29864.04,25617.90113,760874329.4663156,618037
2022-06-05,29864.03,30189.0,29531.42,29919.21,23139.9281,691201528.1600258,604680
2022-06-06,29919.2,31765.64,29890.23,31373.1,68836.92456,2149499896.9349375,1124745
2022-06-07,31373.1,31589.6,29218.96,31125.33,110674.51658,3347397952.7305903,1743957
2022-06-08,31125.32,31327.22,29843.88,30204.77,68542.61276,2087270428.3470392,1236327
2022-06-09,30204.77,30700.0,29944.1,30109.93,46291.1865,1399839073.774508,841562
2022-06-10,30109.93,30382.8,28850.0,29091.88,76204.2498,2255866294.494887,1258608
2022-06-11,29091.87,29440.41,28099.99,28424.7,65901.39895,1892007188.0756001,1084163
2022-06-12,28424.71,28544.96,26560.0,26574.53,92474.598809,2551767136.329585,1451271
2022-06-13,26574.53,26895.84,21925.77,22487.41,254611.034966,6192246037.404874,3261484
2022-06-14,22485.27,23362.88,20846.0,22136.41,187201.64671,4136108699.025428,2583151
2022-06-15,22136.42,22800.0,20111.62,22583.72,200774.493467,4249276481.256697,2847831
2022-06-16,22583.72,22995.73,20232.0,20401.31,99673.59429,2130037160.0626109,1690477
2022-06-17,20400.6,21365.43,20246.66,20468.81,86694.33663,1796575392.5507207,1352992
2022-06-18,20468.81,20792.06,17622.0,18970.79,196441.655524,3726639821.696151,2467372
2022-06-19,18970.79,20815.95,17960.41,20574.0,128320.87595,2487561781.535987,1950660
2022-06-20,20574.0,21090.0,19637.03,20573.89,109028.94154,2220396381.7426524,1639448
2022-06-21,20573.9,21723.0,20348.4,20723.52,104371.0749,2198596137.343284,1515321
2022-06-22,20723.51,20900.0,19770.51,19987.99,92133.97938,1872204589.2375817,1394981
2022-06-23,19988.0,21233.0,19890.07,21110.13,83127.08716,1710694866.4572449,1207858
2022-06-24,21110.12,21558.41,20736.72,21237.69,77430.36622,1635129191.170251,1309709
2022-06-25,21237.68,21614.5,20906.62,21491.19,51431.67794,1093873137.974752,874540
2022-06-26,21491.18,21888.0,20964.73,21038.07,53278.10464,1139258367.162915,885306
2022-06-27,21038.08,21539.85,20510.0,20742.56,64475.0013,1354369225.8404648,1002214
2022-06-28,20742.57,21212.1,20202.01,20281.29,63801.0832,1321862977.9315486,1064497
2022-06-29,20281.28,20432.31,19854.92,20123.01,77309.04379,1556549790.008924,1210636
2022-06-30,20123.0,20179.08,18626.0,19942.21,93846.64806,1808994369.0314438,1438163
2022-07-01,19942.21,20918.35,18975.0,19279.8,111844.59494,2197016369.9695287,1668363
2022-07-02,19279.8,19467.39,18977.01,19252.81,46180.3021,888415536.8730664,833508
2022-07-03,19252.82,19647.63,18781.0,19315.83,51087.46631,980255891.3952553,880786
2022-07-04,19315.83,20354.01,19055.31,20236.71,74814.04601,1470987695.521582,1282843
2022-07-05,20236.71,20750.0,19304.4,20175.83,96041.13756,1919950110.1674304,1612273
2022-07-06,20175.84,20675.22,19761.25,20564.51,82439.5808,1665481948.0096319,1472221
2022-07-07,20564.51,21838.1,20251.68,21624.98,85014.58261,1783224085.7236798,1653722
2022-07-08,21624.99,22527.37,21189.26,21594.75,403081.57349,8781330156.61243,4358216
2022-07-09,21594.75,21980.0,21322.12,21591.83,178417.84468,3857190523.4942718,3524386
2022-07-10,21592.15,21607.65,20655.0,20862.47,192188.21556,4062794310.272034,3434401
2022-07-11,20861.11,20868.48,19875.23,19963.61,137535.40724,2813718031.1093426,3232941
2022-07-12,19963.61,20059.42,19240.0,19328.75,139506.45862,2754215439.3324776,3626399
2022-07-13,19331.28,20366.61,18910.94,20234.87,209250.24888,4096306063.801935,4789109
2022-07-14,20234.87,20900.0,19616.07,20588.84,174809.21696,3526210098.285044,4576355
2022-07-15,20588.84,21200.0,20382.29,20830.04,143343.3049,2984339734.3532705,4411375
2022-07-16,20830.04,21588.94,20478.61,21195.6,121011.67393,2539616922.7986083,3723401
2022-07-17,21195.6,21684.54,20750.01,20798.16,118229.4525,2511251392.5765257,4261057
2022-07-18,20799.58,22777.63,20762.45,22432.58,239942.73132,5263396811.539256,6564387
2022-07-19,22432.58,23800.0,21579.54,23396.62,263770.76574,5954419902.221928,6488375
2022-07-20,23398.48,24276.74,22906.19,23223.3,238762.17094,5631801151.220376,6364038
2022-07-21,23223.3,23442.77,22341.46,23152.19,184817.68191,4232411759.3950253,4808194
2022-07-22,23152.19,23756.49,22500.0,22684.83,171598.43966,3981394766.228058,4745582
2022-07-23,22684.83,23000.77,21934.57,22451.07,122137.77375,2745262660.6777816,3762227
2022-07-24,22448.58,23014.64,22257.15,22579.68,115189.67277,2610817967.1639385,3671238
2022-07-25,22577.13,22666.0,21250.0,21310.9,180344.76643,3954002948.5472584,4807238
2022-07-26,21310.9,21347.82,20706.5,21254.67,177817.24326,3738774849.3577113,4545385
2022-07-27,21254.67,23112.63,21042.53,22952.45,210971.19796,4614909656.6957855,5475738
2022-07-28,22954.31,24199.72,22582.13,23842.93,236029.0741,5511388547.615389,6500034
2022-07-29,23845.25,24442.66,23414.03,23773.75,198298.50623,4733780641.305037,6221401
2022-07-30,23777.28,24668.0,23502.25,23643.51,151060.13211,3634601094.96542,4801528
2022-07-31,23644.64,24194.82,23227.31,23293.32,127743.32483,3028386330.644831,4463721
2022-08-01,23296.36,23509.68,22850.0,23268.01,144210.16219,3346371889.652122,4775213
2022-08-02,23266.9,23459.89,22654.37,22987.79,158073.28225,3631020649.2263794,5066511
2022-08-03,22985.93,23647.68,22681.22,22818.37,145948.80995,3385430753.8050184,4887642
2022-08-04,22816.91,23223.32,22400.0,22622.98,154854.67016,3537434334.434649,4966138
2022-08-05,22622.41,23472.86,22586.95,23312.42,175251.69749,4046435951.354509,5340569
2022-08-06,23313.56,23354.36,22909.52,22954.21,83911.80307,1944693656.7065682,3360228
2022-08-07,22954.21,23402.0,22844.62,23174.39,88890.00877,2051763044.552369,3646643
2022-08-08,23174.39,24245.0,23154.25,23810.0,170958.44152,4078052110.543128,5892045
2022-08-09,23810.98,23933.25,22865.0,23149.95,143182.50858,3347110918.907211,5105613
2022-08-10,23151.32,24226.0,22664.69,23954.05,208916.54953,4918825599.489632,6818207
2022-08-11,23954.05,24918.54,23852.13,23934.39,249759.79557,6097813762.895935,8269994
2022-08-12,23933.09,24456.5,23583.0,24403.68,174207.5704,4175834601.8605466,6134163
2022-08-13,24401.7,24888.0,24291.22,24441.38,152852.25435,3751417148.252107,5617859
2022-08-14,24443.06,25047.56,24144.0,24305.24,151206.14473,3708565144.8980093,5473905
2022-08-15,24305.25,25211.32,23773.22,24094.82,242539.54758,5894066098.523285,7488466
2022-08-16,24093.04,24247.49,23671.22,23854.74,179324.94821,4294907691.6509495,5978567
2022-08-17,23856.15,24446.71,23180.4,23342.66,210668.68766,4993659434.236888,6901586
2022-08-18,23342.66,23600.0,23111.04,23191.2,144185.97011,3375338942.2617874,6029662
2022-08-19,23191.45,23208.67,20783.57,20834.39,283995.87747,6181759252.730264,8860928
2022-08-20,20834.39,21382.85,20761.9,21140.07,183041.68363,3871242921.2246804,5723362
2022-08-21,21140.07,21800.0,21069.11,21515.61,159200.6841,3405034922.807078,5034461
2022-08-22,21516.7,21548.71,20890.18,21399.83,222222.04526,4721412016.903412,6443370
2022-08-23,21400.75,21684.87,20890.14,21529.12,200967.77164,4299812533.944709,6333442
2022-08-24,21529.11,21900.0,21145.0,21368.08,174383.22046,3744196823.564854,5561412
2022-08-25,21368.05,21819.88,21310.15,21559.04,169915.78301,3672148286.6013737,5618785
2022-08-26,21559.04,21886.77,20107.9,20241.05,273811.61955,5785149465.09769,7587244
2022-08-27,20239.14,20402.93,19800.0,20037.6,162582.46032,3269764074.3564396,5263328
2022-08-28,20037.6,20171.18,19520.0,19555.61,139307.95976,2781133881.051846,4678693
2022-08-29,19555.61,20433.62,19550.79,20285.73,210509.49545,4211334408.9865937,5840323
2022-08-30,20287.2,20576.25,19540.0,19811.66,256634.35529,5157974826.609323,6593178
2022-08-31,19813.03,20490.0,19797.94,20050.02,276946.60765,5595829094.391042,6389133
2022-09-01,20048.44,20208.37,19565.66,20131.46,245289.97263,4893158531.781241,5937975
2022-09-02,20132.64,20441.26,19755.29,19951.86,245986.6033,4946889819.514836,5740705
2022-09-03,19950.98,20055.93,19652.72,19831.9,146639.03204,2908816275.0102863,3739909
2022-09-04,19832.45,20029.23,19583.1,20000.3,145588.77893,2883227667.1961923,3838915
2022-09-05,20000.3,20057.27,19633.83,19796.84,222543.01057,4404971191.907026,4657233
2022-09-06,19795.34,20180.0,18649.51,18790.61,356315.05718,6976809188.41019,7124384
2022-09-07,18790.61,19464.06,18510.77,19292.84,287394.7788,5436827909.201311,5597127
2022-09-08,19292.85,19458.25,19012.0,19319.77,262813.28273,5057217166.675082,6013826
2022-09-09,19320.54,21597.22,19291.75,21360.11,428919.74652,8929831332.708796,7777214
2022-09-10,21361.62,21810.8,21111.13,21648.34,307997.33504,6589753118.841131,5615783
2022-09-11,21647.21,21860.0,21350.0,21826.87,280702.55149,6064643642.71623,4801844
2022-09-12,21826.87,22488.0,21538.51,22395.74,395395.61828,8743762682.841719,6979539
2022-09-13,22395.44,22799.0,19860.0,20173.57,431915.03333,9302239274.39612,8126869
2022-09-14,20173.62,20541.48,19617.62,20226.71,340826.40151,6886235196.646198,6313052
2022-09-15,20227.17,20330.24,19497.0,19701.88,333069.76076,6655264974.213759,6690974
2022-09-16,19701.88,19890.0,19320.01,19803.3,283791.07064,5584012914.113887,5120935
2022-09-17,19803.3,20189.0,19748.08,20113.62,179350.24338,3578667842.695283,3862666
2022-09-18,20112.61,20117.26,19335.62,19416.18,254217.46904,5033968947.530573,4634096
2022-09-19,19417.45,19686.2,18232.56,19537.02,380512.40306,7215196795.656052,6820580
2022-09-20,19537.02,19634.62,18711.87,18875.0,324098.3286,6206043205.412278,5900070
2022-09-21,18874.31,19956.0,18125.98,18461.36,385034.10021,7338667639.751957,6907777
2022-09-22,18461.36,19550.17,18356.39,19401.63,379321.72111,7203741481.483637,6251862
2022-09-23,19401.63,19500.0,18531.42,19289.91,385886.91829,7330336009.190998,5906265
2022-09-24,19288.57,19316.14,18805.34,18920.5,239496.56746,4568927983.6507845,3907636
2022-09-25,18921.99,19180.21,18629.2,18807.38,191191.4492,3625136713.924704,3714450
2022-09-26,18809.13,19318.96,18680.72,19227.82,439239.21943,8356951609.998724,5837041
2022-09-27,19226.68,20385.86,18816.32,19079.13,593260.74161,11705770260.672161,8152473
2022-09-28,19078.1,19790.0,18471.28,19412.82,521385.45547,9964460007.304356,7357437
2022-09-29,19412.82,19645.52,18843.01,19591.51,406424.93256,7868786414.856212,5631615
2022-09-30,19590.54,20185.0,19155.36,19422.61,444322.9534,8694127253.576595,6254203
2022-10-01,19422.61,19484.0,19159.42,19310.95,165625.13959,3200350294.52687,2470590
2022-10-02,19312.24,19395.91,18920.35,19056.8,206812.47032,3970724799.9558167,3320217
2022-10-03,19057.74,19719.1,18959.68,19629.08,293585.75212,5672105805.772144,4471910
2022-10-04,19629.08,20475.0,19490.6,20337.82,327012.00127,6533428229.851051,4871932
2022-10-05,20337.82,20365.6,19730.0,20158.26,312239.75224,6275437160.958072,4540004
2022-10-06,20158.26,20456.6,19853.0,19960.67,320122.1702,6452892402.324269,5085004
2022-10-07,19960.67,20068.82,19320.0,19530.09,220874.83913,4353681483.987034,4324772
2022-10-08,19530.09,19627.38,19237.14,19417.96,102480.09842,1995917001.739599,2637385
2022-10-09,19416.52,19558.0,19316.04,19439.02,113900.82681,2215007204.237991,2833704
2022-10-10,19439.96,19525.0,19020.25,19131.87,212509.09849,4101745483.129524,4432688
2022-10-11,19131.87,19268.09,18860.0,19060.0,243473.84286,4642843395.600282,4792106
2022-10-12,19060.0,19238.31,18965.88,19155.53,213826.26731,4086903621.9265537,4556597
2022-10-13,19155.1,19513.79,18190.0,19375.13,399756.68337,7554309475.307986,7470896
2022-10-14,19375.58,19951.87,19070.37,19176.93,351634.32601,6877621835.225796,6688310
2022-10-15,19176.93,19227.68,18975.18,19069.39,113847.64232,2178316065.622199,3052219
2022-10-16,19068.4,19425.84,19063.74,19262.98,131894.61885,2531545363.3077,3438605
2022-10-17,19262.98,19676.96,19152.03,19549.86,222813.87634,4331666395.604674,5162979
2022-10-18,19548.48,19706.66,19091.0,19327.44,260313.07848,5065944973.464348,5588482
2022-10-19,19327.44,19360.16,19065.97,19123.97,186137.29538,3575041318.449784,4545820
2022-10-20,19123.35,19347.82,18900.0,19041.92,223530.13068,4276025723.9947824,5391090
2022-10-21,19041.92,19250.0,18650.0,19164.37,269310.75769,5126619487.869021,5679281
2022-10-22,19164.37,19257.0,19112.72,19204.35,110403.90837,2117395641.1269214,2887106
2022-10-23,19204.29,19695.0,19070.11,19570.4,167057.20184,3233393909.200977,3939703
2022-10-24,19570.4,19601.15,19157.0,19329.72,256168.14467,4957159176.816838,5676899
2022-10-25,19330.6,20415.87,19237.0,20080.07,326370.67061,6454151276.520069,7214687
2022-10-26,20079.02,21020.0,20050.41,20771.59,380492.69576,7833551674.485677,8512349
2022-10-27,20771.61,20872.21,20200.0,20295.11,328643.57791,6771209922.011917,7748080
2022-10-28,20295.11,20750.0,20000.09,20591.84,287039.94569,5849603405.682575,6638096
2022-10-29,20591.84,21085.0,20554.01,20809.67,254881.77755,5303038321.457483,6255599
2022-10-30,20809.68,20931.21,20515.0,20627.48,192795.60886,3994389493.3258915,4920007
2022-10-31,20627.48,20845.92,20237.95,20490.74,303567.61628,6226304300.443864,6571526
2022-11-01,20490.74,20700.0,20330.74,20483.62,279932.43771,5740102554.92083,5971938
2022-11-02,20482.81,20800.0,20048.04,20151.84,373716.27299,7633404092.430692,7431698
2022-11-03,20151.84,20393.32,20031.24,20207.82,319185.1544,6461673165.239643,6948227
2022-11-04,20207.12,21302.05,20180.96,21148.52,453694.39165,9409862204.986904,9249613
2022-11-05,21148.52,21480.65,21080.65,21299.37,245621.98525,5240395528.908201,5570832
2022-11-06,21299.37,21365.27,20886.13,20905.58,230036.97217,4877535058.412703,5268210
2022-11-07,20905.58,21069.77,20384.89,20591.13,386977.60337,8035052131.593453,8344242
2022-11-08,20590.67,20700.88,17166.83,18547.23,760705.362783,14758384309.854223,14530601
2022-11-09,18545.38,18587.76,15588.0,15922.81,731926.929729,12737719697.394009,13605474
2022-11-10,15922.68,18199.0,15754.26,17601.15,608448.36432,10323294543.880354,12719887
2022-11-11,17602.45,17695.0,16361.6,17070.31,393552.86492,6725273822.837806,9900073
2022-11-12,17069.98,17119.1,16631.39,16812.08,167819.96035,2827930561.006379,5046837
2022-11-13,16813.16,16954.28,16229.0,16329.85,184960.78846,3074280132.053523,5382834
2022-11-14,16331.78,17190.0,15815.21,16619.46,380210.7775,6273920325.336827,9215128
2022-11-15,16617.72,17134.69,16527.72,16900.57,282461.84391,4758545355.786832,7200265
2022-11-16,16900.57,17015.92,16378.61,16662.76,261493.40809,4362538338.565324,6297404
2022-11-17,16661.61,16751.0,16410.74,16692.56,228038.97873,3785204632.014221,5352083
2022-11-18,16692.56,17011.0,16546.04,16700.45,214224.18184,3588467560.373121,5114799
2022-11-19,16699.43,16822.41,16553.53,16700.68,104963.15558,1747627888.1295474,3142123
2022-11-20,16700.68,16753.33,16180.0,16280.23,154842.13478,2561165772.4957075,4557344
2022-11-21,16279.5,16319.0,15476.0,15781.29,324096.997753,5188798317.004153,7440871
2022-11-22,15781.29,16315.0,15616.63,16226.94,239548.06623,3823612603.803002,6276097
2022-11-23,16227.96,16706.0,16160.2,16603.11,264927.70408,4368042618.500261,6260616
2022-11-24,16603.11,16812.63,16458.05,16598.95,206565.92346,3431724405.654768,5031851
2022-11-25,16599.55,16666.0,16342.81,16522.14,182089.49533,3003553172.2294717,4396465
2022-11-26,16521.35,16701.99,16385.0,16458.57,181804.81666,3011990387.647429,3817130
2022-11-27,16457.61,16600.0,16401.0,16428.78,162025.47607,2679048565.5213013,3362221
2022-11-28,16428.77,16487.04,15995.27,16212.91,252695.40367,4096398587.357314,5570407
2022-11-29,16212.18,16548.71,16100.0,16442.53,248106.25009,4072651066.9994063,5206638
2022-11-30,16442.91,17249.0,16428.3,17163.64,303019.80719,5123595199.505285,6519330
2022-12-01,17165.53,17324.0,16855.01,16977.37,232818.18218,3972607179.8685718,5097720
2022-12-02,16978.0,17105.73,16787.85,17092.74,202372.2062,3432385161.660257,4305515
2022-12-03,17092.13,17188.98,16858.74,16885.2,154542.57306,2622504252.866453,3308694
2022-12-04,16885.2,17202.84,16878.25,17105.7,178619.13387,3040020095.051178,3948990
2022-12-05,17106.65,17424.25,16867.0,16966.35,233703.29225,4015334796.603721,5138207
2022-12-06,16966.35,17107.01,16906.37,17088.96,218730.76883,3717926010.3405867,4416864
2022-12-07,17088.96,17142.21,16678.83,16836.64,220657.41334,3723206794.305467,4284989
2022-12-08,16836.64,17299.0,16733.49,17224.1,236417.97804,4009427525.0304117,4520282
2022-12-09,17224.1,17360.0,17058.21,17128.56,238422.06465,4097973425.697354,4282003
2022-12-10,17128.56,17227.72,17092.0,17127.49,140573.97937,2411933258.8486,3032257
2022-12-11,17127.49,17270.99,17071.0,17085.05,155286.47871,2663686104.0825615,3260722
2022-12-12,17085.05,17241.89,16871.85,17209.83,226227.49694,3844787581.4819245,4463916
2022-12-13,17208.93,18000.0,17080.14,17774.7,284462.9139,4983896040.378995,6242080
2022-12-14,17775.82,18387.95,17660.94,17803.15,266681.22209,4779915721.484459,5743730
2022-12-15,17804.01,17854.82,17275.51,17356.34,223701.96882,3923378677.8337474,4789226
2022-12-16,17356.96,17531.73,16527.32,16632.12,253379.04116,4308933187.65654,5703001
2022-12-17,16631.5,16796.82,16579.85,16776.52,144825.66684,2417851422.213125,3905843
2022-12-18,16777.54,16863.26,16663.07,16738.21,112619.31646,1884666030.099238,3369193
2022-12-19,16739.0,16815.99,16256.3,16438.88,179094.28305,2981094033.013813,4681887
2022-12-20,16438.88,17061.27,16397.2,16895.56,248808.92324,4176995653.545711,5945803
2022-12-21,16896.15,16925.0,16723.0,16824.67,156810.96362,2638528723.7360415,4375570
2022-12-22,16824.68,16868.52,16559.85,16821.43,176044.27235,2949612072.049303,4678640
2022-12-23,16821.9,16955.14,16731.13,16778.5,161612.00947,2720021933.9789267,4561020
2022-12-24,16778.52,16869.99,16776.62,16836.12,100224.29096,1686757294.9926343,3076985
2022-12-25,16835.73,16857.96,16721.0,16832.11,125441.07202,2108857873.1916704,3570157
2022-12-26,16832.11,16944.52,16791.0,16919.39,124564.00656,2099037538.6317942,3915571
2022-12-27,16919.39,16972.83,16592.37,16706.36,173749.58616,2918379509.5314097,5047628
2022-12-28,16706.06,16785.19,16465.33,16547.31,193037.56577,3210894236.812391,5465468
2022-12-29,16547.32,16664.41,16488.91,16633.47,160998.47158,2671665748.0816226,4553877
2022-12-30,16633.47,16677.35,16333.0,16607.48,164916.31174,2726831056.725026,4310415
2022-12-31,16607.48,16644.09,16470.0,16542.4,114490.42864,1897047504.9188974,3344374
2023-01-01,16541.77,16628.0,16499.01,16616.75,96925.41374,1604793789.6772127,3218355
2023-01-02,16617.17,16799.23,16548.7,16672.87,121888.57191,2034683215.2678783,4036118
2023-01-03,16672.78,16778.4,16605.28,16675.18,159541.53733,2662765916.3256683,5097596
2023-01-04,16675.65,16991.87,16652.66,16850.36,220362.18862,3709833209.845365,6310703
2023-01-05,16850.36,16879.82,16753.0,16831.85,163473.56641,2751080253.8177333,4842014
2023-01-06,16831.85,17041.0,16679.0,16950.65,207401.28415,3490305009.6881223,5388661
2023-01-07,16950.31,16981.91,16908.0,16943.57,104526.5688,1770201710.2089734,3227161
2023-01-08,16943.83,17176.99,16911.0,17127.83,135155.89695,2291925699.9585457,4036092
2023-01-09,17127.83,17398.8,17104.66,17178.26,266211.52723,4590284350.546169,6327667
2023-01-10,17179.04,17499.0,17146.34,17440.66,221382.42581,3829247653.7311053,5448751
2023-01-11,17440.64,18000.0,17315.6,17943.26,262221.60653,4586965947.26355,5627464
2023-01-12,17943.26,19117.04,17892.05,18846.62,454568.32178,8348431207.846009,8911373
2023-01-13,18846.62,20000.0,18714.12,19930.01,368615.87823,7061633461.444734,8021774
2023-01-14,19930.01,21258.0,19888.05,20954.92,393913.74951,8183071567.046188,8659545
2023-01-15,20952.76,21050.74,20551.01,20871.5,178542.22549,3710526606.138964,5194354
2023-01-16,20872.99,21474.05,20611.48,21185.65,293078.08262,6168654053.042638,6856434
2023-01-17,21185.65,21647.45,20841.31,21134.81,275407.74409,5840585769.490093,6440138
2023-01-18,21132.29,21650.0,20407.15,20677.47,350916.01949,7399719195.246726,7617173
2023-01-19,20677.47,21192.0,20659.19,21071.59,251385.84925,5243024330.011201,5819932
2023-01-20,21071.59,22755.93,20861.28,22667.21,338079.13659,7256172889.710533,7382435
2023-01-21,22666.0,23371.8,22422.0,22783.55,346445.48432,7938935168.532014,7796520
2023-01-22,22783.35,23078.71,22292.37,22707.88,253577.75286,5775552321.544121,6603827
2023-01-23,22706.02,23180.0,22500.0,22916.45,293588.37938,6704191295.97568,7258655
2023-01-24,22917.81,23162.2,22462.93,22632.89,293158.78254,6721432962.573841,7395584
2023-01-25,22631.94,23816.73,22300.0,23060.94,346042.83223,7875590359.115837,8060446
2023-01-26,23060.42,23282.47,22850.01,23009.65,288924.43581,6664592468.337928,7181086
2023-01-27,23009.65,23500.0,22534.88,23074.16,280833.86315,6461707755.053915,7079096
2023-01-28,23074.16,23189.0,22878.46,23022.6,148115.71085,3408985411.316586,4181816
2023-01-29,23021.4,23960.54,22967.76,23742.3,295688.79204,6941922954.136406,7030837
2023-01-30,23743.37,23800.51,22500.0,22826.15,302405.90121,7020727239.059652,7790224
2023-01-31,22827.38,23320.0,22714.77,23125.13,264649.34909,6083858924.538486,6798411
2023-02-01,23125.13,23812.66,22760.23,23732.66,310790.42271,7212542002.325099,7863213
2023-02-02,23731.41,24255.0,23363.27,23488.94,364177.20751,8673696845.80511,9102300
2023-02-03,23489.33,23715.7,23204.62,23431.9,332571.02904,7806490899.914181,8007846
2023-02-04,23431.9,23587.78,23253.96,23326.84,166126.47295,3886777607.796051,4852404
2023-02-05,23327.66,23433.33,22743.0,22932.91,209251.33917,4842463016.833934,5903916
2023-02-06,22932.91,23158.25,22628.13,22762.52,265371.6069,6076050768.117038,6956395
2023-02-07,22762.52,23350.25,22745.78,23240.46,308006.72482,7085929136.456849,8293878
2023-02-08,23242.42,23452.0,22665.85,22963.0,280056.30717,6457585647.820655,7896433
2023-02-09,22961.85,23011.39,21688.0,21796.35,402894.6955,9052973327.197163,9784291
2023-02-10,21797.83,21938.16,21451.0,21625.19,338591.94247,7369456394.906654,6993675
2023-02-11,21625.19,21906.32,21599.78,21862.55,177021.58433,3842000897.7975802,4207940
2023-02-12,21862.02,22090.0,21630.0,21783.54,204435.65163,4469822441.4372015,4561903
2023-02-13,21782.37,21894.99,21351.07,21773.97,295730.76791,6404813758.2696295,6503611
2023-02-14,21774.63,22319.08,21532.77,22199.84,361958.40109,7938385476.792084,7695927
2023-02-15,22199.84,24380.0,22047.28,24324.05,375669.16111,8604133693.663172,8335550
2023-02-16,24322.87,25250.0,23505.25,23517.72,450080.68366,11074988148.779009,11006793
2023-02-17,23517.72,25021.11,23339.37,24569.97,496813.21376,11968532252.05733,10895009
2023-02-18,24568.24,24877.0,24430.0,24631.95,216917.25213,5339920389.516133,6296097
2023-02-19,24632.05,25192.0,24192.57,24271.76,300395.99542,7408745406.624344,7660484
2023-02-20,24272.51,25121.23,23840.83,24842.2,346938.56997,8561226688.07291,9808728
2023-02-21,24843.89,25250.0,24148.34,24452.16,376000.82868,9280992344.428871,10712371
2023-02-22,24450.67,24476.05,23574.69,24182.21,379425.75365,9101745945.990707,11395957
2023-02-23,24182.21,24599.59,23608.0,23940.2,398400.45437,9596083721.512953,11396877
2023-02-24,23940.2,24132.35,22841.19,23185.29,343582.57453,8087524100.39044,11531424
2023-02-25,23184.04,23219.13,22722.0,23157.07,191311.8101,4406286300.272117,9124568
2023-02-26,23157.07,23689.99,23059.18,23554.85,202323.73623,4716158181.22559,9506015
2023-02-27,23554.85,23897.99,23106.77,23492.09,283706.0859,6659785788.329373,11754195
2023-02-28,23492.09,23600.0,23020.97,23141.57,264140.99894,6172930936.037334,9568743
2023-03-01,23141.57,24000.0,23020.03,23628.97,315287.41737,7441571085.495408,9390487
2023-03-02,23629.76,23796.93,23195.9,23465.32,239315.45219,5603770010.239548,7435815
2023-03-03,23465.32,23476.95,21971.13,22354.34,319954.19785,7167184765.7436495,8214639
2023-03-04,22354.34,22410.0,22157.08,22346.57,121257.38132,2706422995.680256,4169260
2023-03-05,22346.57,22662.09,22189.22,22430.24,154841.75786,3473011455.1879516,4835978
2023-03-06,22430.24,22602.19,22258.0,22410.0,203751.82957,4569102169.185691,6471278
2023-03-07,22409.41,22557.91,21927.0,22197.96,292519.80912,6517594938.246053,7813394
2023-03-08,22198.56,22287.0,21580.0,21705.44,301460.57272,6641171704.242421,8018963
2023-03-09,21704.37,21834.99,20042.72,20362.22,443658.28584,9403028764.707773,10076702
2023-03-10,20362.21,20367.78,19549.09,20150.69,618456.4671,12344992788.912497,12106261
2023-03-11,20150.69,20686.51,19765.03,20455.73,427831.82133,8651590672.468525,10412300
2023-03-12,20455.73,22150.0,20270.6,21997.11,430944.94288,8982418413.80114,9721933
2023-03-13,21998.05,24500.0,21813.88,24113.48,687889.31259,15824996078.605639,14820760
2023-03-14,24112.27,26386.87,23976.42,24670.41,699360.93423,17465307097.884075,15223589
2023-03-15,24670.41,25196.97,23896.95,24285.66,581450.72984,14291005743.897852,12613034
2023-03-16,24285.66,25167.4,24123.0,24998.78,439421.32998,10847330151.941006,10418081
2023-03-17,24998.78,27756.84,24890.0,27395.13,624460.68091,16476681071.24338,13113359
2023-03-18,27395.13,27724.85,26578.0,26907.49,371238.97174,10135945069.64263,9948603
2023-03-19,26907.49,28390.1,26827.22,27972.87,372066.99054,10264707987.594164,9578297
2023-03-20,27972.87,28472.0,27124.47,27717.01,477378.23373,13300424536.514921,11775950
2023-03-21,27717.01,28438.55,27303.1,28105.47,420929.7422,11760492716.33759,11530870
2023-03-22,28107.81,28868.05,26601.8,27250.97,224113.41296,6272099822.449624,3589327
2023-03-23,27250.97,28750.0,27105.0,28295.41,128649.60818,3591123573.1149583,2159091
2023-03-24,28295.42,28374.3,27000.0,27454.47,86242.06544,2403443392.0273013,1511137
2023-03-25,27454.46,27787.33,27156.09,27462.95,50844.08102,1397227639.2141378,1088721
2023-03-26,27462.96,28194.4,27417.76,27968.05,49671.70353,1380973402.9961205,1068196
2023-03-27,27968.05,28023.86,26508.14,27124.91,88039.46898,2407130888.034605,1575264
2023-03-28,27124.9,27520.0,26631.78,27261.07,78602.44341,2124533606.765556,1521981
2023-03-29,27261.06,28650.0,27240.1,28348.6,89486.16008,2519887866.2111588,1704217
2023-03-30,28348.6,29184.68,27686.0,28028.53,98865.43256,2808471938.6424427,1843652
2023-03-31,28028.53,28656.69,27511.71,28465.36,78198.12139,2203253311.777351,1537349
2023-04-01,28465.36,28819.71,28220.27,28452.73,30238.44753,860804237.452269,822781
2023-04-02,28452.74,28530.0,27856.43,28171.87,37365.65692,1053600933.0676805,938464
2023-04-03,28171.87,28500.99,27200.24,27800.0,79180.01405,2214361048.7823668,1651062
2023-04-04,27800.0,28444.44,27662.79,28165.47,49722.55691,1397141464.875036,1102007
2023-04-05,28165.47,28775.0,27805.1,28170.01,60737.64732,1721098539.0660567,1262730
2023-04-06,28170.01,28182.05,27711.0,28033.82,40118.94963,1122713087.5561826,934548
2023-04-07,28033.83,28100.0,27766.94,27906.33,24762.09387,691323748.9286413,655634
2023-04-08,27906.34,28154.99,27859.02,27938.38,19479.96735,545324518.6860754,624159
2023-04-09,27938.38,28530.0,27800.0,28323.76,32531.16101,913915923.6951957,777589
2023-04-10,28323.76,29770.0,28170.0,29637.34,67754.0622,1955300943.1708305,1285695
2023-04-11,29637.35,30550.0,29590.0,30200.42,67990.07621,2046078278.0821176,1340458
2023-04-12,30200.43,30486.0,29637.4,29888.07,62049.48451,1863497606.1415303,1246556
2023-04-13,29888.07,30595.0,29854.59,30373.84,51934.11731,1571091101.1299672,1054144
2023-04-14,30373.84,31000.0,29966.0,30466.93,75984.19452,2323267494.38023,1504180
2023-04-15,30466.93,30595.6,30202.0,30295.09,25429.81247,772211097.614016,732418
2023-04-16,30295.1,30549.99,30120.0,30304.65,26431.99322,801322926.1525651,708233
2023-04-17,30304.66,30316.06,29240.65,29430.27,56441.81127,1675287761.4330356,1137294
2023-04-18,29430.27,30485.0,29096.78,30380.01,62004.89434,1861001491.9786973,1141562
2023-04-19,30380.01,30413.53,28520.0,28797.1,86575.48656,2541283888.303447,1699891
2023-04-20,28797.1,29088.3,28010.0,28243.65,76879.09372,2198854031.424746,1434642
2023-04-21,28243.65,28374.02,27125.0,27262.84,77684.7679,2164667611.9354606,1463628
2023-04-22,27262.84,27882.72,27140.35,27816.85,36023.69686,989379475.3218232,859500
2023-04-23,27816.85,27816.85,27311.25,27590.6,34812.09581,959389698.7572551,873485
2023-04-24,27590.59,28000.0,26942.82,27510.93,53111.56874,1458406515.6404214,1211080
2023-04-25,27510.93,28399.99,27192.0,28300.79,52325.14637,1446329375.242731,1087067
2023-04-26,28300.8,30036.0,27235.0,28415.29,129228.40403,3719701461.9091635,2261942
2023-04-27,28415.29,29890.0,28378.86,29472.77,95430.82431,2784859692.3646197,1990148
2023-04-28,29472.77,29599.54,28891.0,29311.7,54298.16578,1590683771.6681979,1129240
2023-04-29,29311.69,29448.88,29031.0,29230.45,20466.83058,599466910.0466621,619319
2023-04-30,29230.45,29969.39,29079.59,29233.21,39752.5372,1172155267.8761897,949458
2023-05-01,29233.2,29337.34,27666.95,28068.26,64433.65958,1828221138.9544399,1362793
2023-05-02,28068.26,28879.88,27872.0,28669.86,50824.5224,1441733922.0116444,1174697
2023-05-03,28669.85,29266.66,28113.69,29026.16,64615.79213,1845961218.8432436,1502909
2023-05-04,29026.16,29379.83,28663.64,28838.16,42575.47501,1233816136.1606576,961542
2023-05-05,28838.16,29677.0,28800.0,29505.61,58415.83048,1709786814.901134,1288027
2023-05-06,29505.6,29820.0,28300.0,28848.2,49249.28459,1429517892.780502,1221021
2023-05-07,28848.19,29138.29,28395.23,28430.1,30003.41028,865838535.326382,855425
2023-05-08,28430.09,28631.01,27262.0,27668.79,68244.36179,1903052694.6684127,1600637
2023-05-09,27668.8,27818.0,27353.0,27628.27,40113.31069,1106923908.305847,1003698
2023-05-10,27628.28,28331.42,26777.0,27598.75,71155.11355,1971173412.435502,1534579
2023-05-11,27598.74,27630.14,26702.05,26968.62,47635.31365,1295799109.011004,1257000
2023-05-12,26968.61,27091.12,25811.46,26795.01,67207.93494,1777052127.731093,1351633
2023-05-13,26795.01,27045.45,26692.03,26775.28,22814.90421,612062852.0866882,605049
2023-05-14,26775.27,27200.0,26560.53,26917.62,21594.8036,580801698.0002693,629537
2023-05-15,26917.61,27663.59,26726.0,27162.14,40430.08333,1104633264.131574,935914
2023-05-16,27162.15,27296.89,26852.11,27033.84,33270.45451,900273404.6010331,815642
2023-05-17,27033.85,27500.0,26544.71,27405.61,42958.97785,1159714527.6352634,1016823
2023-05-18,27405.62,27485.33,26361.2,26821.28,49198.65143,1330745572.6946373,1057318
2023-05-19,26821.28,27183.6,26630.0,26880.26,28754.13544,772864757.1633048,756295
2023-05-20,26880.26,27150.0,26825.11,27102.43,14434.54718,389225653.7451669,481382
2023-05-21,27102.42,27277.55,26666.03,26747.78,21347.87279,575213570.2794422,568937
2023-05-22,26747.78,27099.89,26538.21,26849.27,26458.83828,709594996.7242744,717111
2023-05-23,26849.28,27495.83,26798.11,27219.61,38700.83858,1054565781.6023751,816399
2023-05-24,27219.61,27219.61,26080.5,26329.01,54393.0657,1442636235.4543552,1012767
2023-05-25,26329.0,26631.98,25871.89,26473.79,37435.44895,984117789.7017612,753125
2023-05-26,26473.8,26932.16,26327.24,26705.92,35061.18713,932817724.59401,655755
2023-05-27,26705.93,26895.0,26551.0,26854.27,15095.6867,403337263.0344908,415694
2023-05-28,26854.28,28261.32,26764.36,28065.0,43916.00855,1205762341.9704952,843861
2023-05-29,28065.01,28447.14,27524.6,27736.4,42385.41945,1182678581.634669,805579
2023-05-30,27736.39,28038.59,27554.0,27694.4,32686.75371,908653906.0072742,745633
2023-05-31,27694.39,27835.51,26839.01,27210.35,46588.80573,1265952178.7798684,908537
2023-06-01,27210.36,27350.0,26605.05,26817.93,39217.8088,1055132509.8658342,814389
2023-06-02,26817.93,27300.0,26505.0,27242.59,36380.90269,983857061.6408418,811087
2023-06-03,27242.59,27333.29,26914.93,27069.22,16595.34117,450588672.4704081,466520
2023-06-04,27069.22,27455.02,26951.0,27115.21,19258.41049,523747237.4389696,504474
2023-06-05,27115.2,27129.33,25388.0,25728.2,65805.60305,1722665798.0920303,1420829
2023-06-06,25728.2,27355.33,25351.02,27230.08,68392.60438,1797636024.0812125,1345725
2023-06-07,27230.07,27391.77,26125.01,26339.34,59619.44364,1589291467.5372329,1311928
2023-06-08,26339.34,26810.0,26210.0,26498.61,31075.51083,823023638.236875,848252
2023-06-09,26498.62,26783.33,26269.91,26477.81,27934.7097,741158215.0539023,746911
2023-06-10,26477.8,26533.87,25358.0,25841.21,64944.60108,1673795235.4008923,1713871
2023-06-11,25841.22,26206.88,25634.7,25925.55,30014.29595,776111471.8669971,833902
2023-06-12,25925.54,26106.48,25602.11,25905.19,29900.50893,773303698.8633221,858037
2023-06-13,25905.2,26433.21,25712.57,25934.25,41065.60853,1068985236.5126554,1007138
2023-06-14,25934.24,26098.0,24820.56,25128.6,45077.31608,1152808416.919793,957418
2023-06-15,25128.6,25759.01,24800.0,25598.49,48664.86063,1224436974.8502872,943268
2023-06-16,25598.49,26518.0,25175.56,26345.0,51596.91662,1335158158.639614,926194
2023-06-17,26345.01,26839.99,26181.0,26516.99,27842.2195,738491809.8811625,666967
2023-06-18,26516.99,26700.0,26255.85,26339.97,21538.31022,571013013.8553362,555956
2023-06-19,26339.98,27068.09,26256.61,26844.35,35872.65974,954193987.2948112,732735
2023-06-20,26844.35,28402.74,26652.0,28307.99,69666.95525,1912797983.5310054,1189024
2023-06-21,28308.0,30800.0,28257.99,29993.89,108926.40412,3210301129.366291,1872873
2023-06-22,29993.89,30500.0,29525.61,29884.92,59054.5646,1775822103.7632556,1146092
2023-06-23,29884.92,31431.94,29800.0,30688.5,73931.89635,2265077496.195469,1338533
2023-06-24,30688.51,30800.0,30250.0,30527.43,30513.30135,933244397.7040021,776343
2023-06-25,30527.44,31046.01,30277.49,30462.66,30223.44801,926316644.4167665,789910
2023-06-26,30462.67,30666.0,29930.0,30267.99,45180.41489,1367837657.5451825,954783
2023-06-27,30267.99,30994.97,30226.17,30692.44,42699.64157,1306206257.0193572,824373
2023-06-28,30692.44,30709.74,29858.8,30077.41,40463.51937,1224103637.6132562,895470
2023-06-29,30077.4,30843.98,30049.98,30447.31,36330.62903,1107940389.9242406,758428
2023-06-30,30447.31,31282.0,29500.0,30472.0,89419.07618,2726355505.5063505,1559366
2023-07-01,30471.99,30661.6,30320.57,30585.9,17501.75075,533859338.1325383,567975
2023-07-02,30585.9,30791.0,30155.0,30617.03,23286.41019,711031423.4334425,591533
2023-07-03,30617.02,31380.0,30570.27,31156.2,43761.64311,1352635339.5043936,781855
2023-07-04,31156.2,31350.69,30620.0,30766.51,33206.11943,1028794008.5245212,779472
2023-07-05,30766.52,30878.07,30200.0,30504.81,33215.67122,1013694790.3170501,827926
2023-07-06,30504.8,31500.0,29850.45,29895.43,71319.6261,2181763648.99527,1397042
2023-07-07,29895.42,30449.0,29701.02,30344.7,34070.53895,1027461795.2332091,912948
2023-07-08,30344.7,30386.81,30044.47,30284.63,13094.59042,395759717.5724278,480214
2023-07-09,30284.63,30445.52,30061.12,30160.71,15388.50196,465781514.2589476,473168
2023-07-10,30160.71,31045.78,29950.0,30411.57,41262.87652,1254289037.7420728,896853
2023-07-11,30411.57,30813.63,30300.0,30622.1,28476.83311,868966244.2412692,691213
2023-07-12,30622.1,30983.25,30210.0,30380.0,38108.99669,1166497472.433173,784195
2023-07-13,30380.0,31804.2,30251.0,31454.23,70772.51836,2194927210.224416,1301632
2023-07-14,31454.23,31630.0,29900.0,30312.01,60749.48424,1869443273.7476244,1274387
2023-07-15,30312.0,30390.9,30200.0,30289.52,14118.55329,427921094.3021783,488354
2023-07-16,30289.52,30441.46,30064.29,30231.99,15760.1281,477189328.0072937,494225
2023-07-17,30232.0,30336.96,29659.2,30138.0,30882.76839,929647644.243343,816466
2023-07-18,30138.01,30239.78,29512.0,29859.13,30003.8601,897157095.4774112,754775
2023-07-19,29859.14,30189.09,29761.96,29909.21,25657.36137,769254865.2851151,617415
2023-07-20,29909.21,30417.46,29570.96,29800.0,37540.68193,1125950643.7116494,749723
2023-07-21,29800.0,30061.7,29726.34,29901.72,23881.40865,713123417.7612139,555611
2023-07-22,29901.72,29999.0,29625.1,29794.0,14660.40467,437785700.3396102,423988
2023-07-23,29793.99,30350.0,29730.0,30083.75,18292.78637,548940321.0915866,519434
2023-07-24,30083.75,30099.58,28861.9,29176.5,39628.99691,1162562413.8190155,869107
2023-07-25,29176.5,29376.0,29047.65,29228.91,21565.7478,629531351.1145664,533797
2023-07-26,29228.91,29690.0,29096.94,29351.96,33931.63366,995569172.1396836,750401
2023-07-27,29351.95,29567.49,29083.85,29222.78,22476.47626,659594157.3443576,583045
2023-07-28,29222.78,29542.22,29123.12,29314.14,23993.61627,702705076.837866,543177
2023-07-29,29314.14,29406.92,29256.18,29352.9,10851.36844,318276733.8766431,339750
2023-07-30,29352.9,29449.0,29033.24,29281.09,15706.97441,459830379.6509824,454846
2023-07-31,29281.09,29530.0,29101.8,29232.25,22605.48964,663025204.2072346,563115
2023-08-01,29232.26,29739.25,28585.7,29705.99,44719.65162,1299160215.077924,900141
2023-08-02,29705.99,30047.5,28927.5,29186.01,48181.65141,1419729744.649752,945158
2023-08-03,29186.0,29433.33,28968.0,29193.64,26476.91994,773302705.4947629,651970
2023-08-04,29193.65,29333.08,28807.54,29113.99,23551.95217,686643453.3930904,544850
2023-08-05,29114.0,29152.23,28978.64,29072.13,11645.52018,338478560.1218247,331924
2023-08-06,29072.13,29205.09,28991.88,29088.42,13178.1972,383209498.8777505,338654
2023-08-07,29088.43,29276.78,28701.03,29211.06,30966.87746,899492595.6812717,671438
2023-08-08,29211.06,30244.0,29146.45,29770.42,45700.53392,1352934531.6659672,877168
2023-08-09,29770.41,30160.0,29376.67,29581.99,38003.88725,1130396850.0974114,750252
2023-08-10,29581.99,29738.0,29320.2,29455.75,23463.45373,692863472.0877249,513691
2023-08-11,29455.76,29564.52,29252.45,29426.03,20637.0443,607176051.3015367,437828
2023-08-12,29426.02,29481.35,29381.56,29430.17,8971.48068,263949405.5434029,310852
2023-08-13,29430.18,29474.65,29272.32,29303.84,11101.70947,326264625.2296824,341726
2023-08-14,29303.85,29695.32,29102.45,29430.93,31443.11532,924613476.681799,671592
2023-08-15,29430.92,29499.26,29059.6,29200.0,27503.87691,806683957.3100156,591162
2023-08-16,29200.01,29259.85,28723.08,28730.51,32996.69854,959870747.0063142,768028
2023-08-17,28730.51,28783.48,25166.0,26623.41,100271.54033,2755821274.340605,1976577
2023-08-18,26623.41,26832.6,25619.0,26054.0,69790.65711,1834219523.699404,1293122
2023-08-19,26054.0,26281.0,25801.09,26100.01,26160.75343,680623880.8247554,615764
2023-08-20,26100.01,26299.0,25971.05,26189.99,19056.91209,497880752.2301158,451543
2023-08-21,26190.0,26258.42,25812.0,26126.92,30267.24233,788205156.3215925,565987
2023-08-22,26126.92,26139.42,25300.0,26056.0,34247.06688,886782344.1602929,603624
2023-08-23,26055.99,26819.27,25812.82,26432.72,44023.69978,1156326251.922411,673711
2023-08-24,26432.71,26577.87,25864.0,26180.05,30205.22116,792966965.8982658,575619
2023-08-25,26180.05,26314.05,25777.15,26060.01,27753.33772,722611079.1898074,611438
2023-08-26,26060.0,26125.77,25985.92,26017.37,10022.22322,261041530.4758038,329412
2023-08-27,26017.38,26182.23,25966.11,26101.77,12099.64216,315548363.0193776,349090
2023-08-28,26101.78,26253.99,25864.5,26120.0,22692.62655,591008939.17657,523057
2023-08-29,26120.0,28142.85,25922.0,27716.34,74251.99488,2023326050.758479,1137083
2023-08-30,27716.34,27768.57,27017.24,27299.99,35448.25848,969086451.1625257,690292
2023-08-31,27299.99,27587.51,25655.01,25940.78,51032.80401,1360373186.0116708,944690
2023-09-01,25940.77,26156.0,25333.75,25805.05,41032.15056,1059444591.7097493,881179
2023-09-02,25805.04,25987.5,25752.47,25869.51,16250.77698,419812969.9468598,567728
2023-09-03,25869.52,26135.0,25800.0,25971.21,17474.47667,453100690.1021077,496412
2023-09-04,25971.21,26108.02,25631.21,25826.02,21777.59609,563532890.5699993,596830
2023-09-05,25826.03,25915.49,25562.62,25792.1,21323.39337,548893707.6002005,566736
2023-09-06,25792.11,26040.0,25372.51,25759.95,27262.52386,700763180.8011677,636302
2023-09-07,25759.95,26443.14,25615.38,26255.0,27687.49567,718923008.9071183,631929
2023-09-08,26255.0,26445.5,25647.26,25910.5,28999.76471,754184537.1096923,646852
2023-09-09,25910.5,25945.09,25796.64,25901.61,10980.62277,284109473.8075783,359038
2023-09-10,25901.6,26033.66,25570.57,25841.61,18738.26914,483577459.2055345,489773
2023-09-11,25841.6,25900.69,24901.0,25162.52,41682.32,1057371884.6697066,864138
2023-09-12,25162.53,26567.0,25131.48,25840.1,56434.38537,1464393036.9616623,1047056
2023-09-13,25840.1,26405.22,25764.17,26222.0,31610.82753,825437881.4687591,714880
2023-09-14,26222.0,26860.49,26126.77,26522.73,38333.1725,1015267319.7730227,799278
2023-09-15,26522.73,26888.0,26224.0,26600.0,26227.29369,695203258.0004445,654094
2023-09-16,26599.99,26777.0,26445.0,26559.67,13960.93351,370889866.4592735,526416
2023-09-17,26559.67,26623.25,26399.0,26527.51,12998.10277,344703727.5601071,476775
2023-09-18,26527.5,27409.0,26377.35,26762.51,43000.43256,1158780347.625305,938705
2023-09-19,26762.5,27483.57,26667.79,27210.26,36190.52187,981539255.55962,898076
2023-09-20,27210.25,27388.63,26800.0,27125.0,34207.21867,927206075.9626273,867288
2023-09-21,27125.01,27159.6,26377.7,26568.08,34476.82662,920768143.3513128,823416
2023-09-22,26568.08,26743.38,26468.77,26580.14,18198.2292,484331618.9485319,567149
2023-09-23,26580.14,26632.81,26509.0,26575.96,9440.7026,250873957.3886738,421717
2023-09-24,26575.97,26738.54,26122.08,26248.38,15706.65771,416368301.3736848,545045
2023-09-25,26248.39,26446.15,25990.46,26304.81,26266.2039,688252596.3809944,873488
2023-09-26,26304.8,26397.46,26088.34,26221.67,18495.35066,485217905.0421048,697727
2023-09-27,26221.68,26850.0,26112.06,26372.99,34771.57978,918797815.048481,939690
2023-09-28,26373.0,27308.48,26342.4,27021.39,44517.83491,1193420040.1309185,1158974
2023-09-29,27021.39,27244.89,26665.16,26906.96,28478.76219,767827314.9319088,878610
2023-09-30,26906.96,27094.99,26886.31,26962.56,12804.62307,345406056.6806953,534908
2023-10-01,26962.57,28065.51,26954.09,27992.57,24602.81468,674657121.9944204,883593
2023-10-02,27992.58,28580.0,27281.44,27494.51,57071.14241,1600944483.4902065,1464158
2023-10-03,27494.51,27676.52,27160.5,27426.46,28928.96555,794301815.426502,1202377
2023-10-04,27426.45,27839.72,27202.0,27778.57,29816.142,820421385.2557853,1188381
2023-10-05,27778.57,28120.39,27352.0,27410.39,30681.49619,849415594.0472504,1210397
2023-10-06,27410.39,28295.0,27175.94,27931.09,37983.24277,1052864393.8176135,1326700
2023-10-07,27931.1,28029.67,27842.08,27956.67,13348.83825,372820279.523143,641623
2023-10-08,27956.67,28095.14,27687.5,27917.05,19693.56921,549839951.4800811,822730
2023-10-09,27917.06,27987.93,27260.0,27590.12,31534.74639,870014634.3621609,1156525
2023-10-10,27590.12,27735.0,27298.0,27390.12,22776.84383,626258724.2775784,1002272
2023-10-11,27390.12,27477.39,26538.66,26875.52,37349.44706,1007065585.9346406,1336479
2023-10-12,26875.52,26947.04,26555.0,26759.63,23428.64112,626909068.3868717,1066082
2023-10-13,26759.63,27130.0,26685.0,26862.0,24115.76499,647553796.3580662,1035322
2023-10-14,26862.0,26989.58,26789.0,26852.48,10417.25576,280059019.0534013,517837
2023-10-15,26852.48,27293.33,26808.25,27154.15,15274.6917,412673965.3439348,682942
2023-10-16,27154.14,30000.0,27112.66,28500.78,78399.22445,2210785548.2360964,2289339
2023-10-17,28500.77,28613.65,28069.32,28395.91,38428.44532,1090741746.4830873,1345810
2023-10-18,28395.91,28982.36,28142.87,28320.0,32162.47591,914773525.1527581,1215235
2023-10-19,28320.0,28916.89,28100.66,28713.71,35895.50179,1023984017.0322788,1330256
2023-10-20,28713.71,30207.55,28578.29,29669.04,59422.0992,1753411192.551091,1915748
2023-10-21,29669.05,30379.99,29464.77,29909.8,27517.51897,821964508.4353629,1152137
2023-10-22,29909.8,30248.0,29640.0,29992.46,22852.54563,683854827.8969322,1008299
2023-10-23,29992.46,34741.91,29883.6,33069.99,93513.64246,2941620022.8651876,2839938
2023-10-24,33069.99,35280.0,32832.34,33922.73,115265.02418,3933194868.161196,2850160
2023-10-25,33922.73,35132.85,33679.05,34496.05,54887.02529,1888210825.6063828,1643976
2023-10-26,34496.05,34824.13,33751.0,34151.66,39744.66255,1363077907.10912,1382785
2023-10-27,34151.66,34245.0,33390.95,33892.02,32330.40106,1096889423.419842,1112240
2023-10-28,33892.01,34493.33,33860.0,34081.0,16880.13144,575936523.347353,607438
2023-10-29,34081.01,34750.11,33930.0,34525.89,20685.52176,711652985.1790963,717480
2023-10-30,34525.88,34856.0,34062.84,34474.73,33657.95976,1159771907.6421053,1117727
2023-10-31,34474.74,34720.49,34025.0,34639.77,32737.89822,1125442444.4884882,1179053
2023-11-01,34639.78,35582.0,34097.39,35421.43,53473.28165,1856348820.4794536,1624635
2023-11-02,35421.43,35984.99,34300.0,34941.59,48015.57732,1686141698.092171,1450837
2023-11-03,34941.58,34946.5,34120.0,34716.78,39071.20644,1347962831.5658624,1237373
2023-11-04,34716.78,35255.0,34585.18,35062.07,18377.55545,639958598.4198353,794787
2023-11-05,35062.06,35380.0,34448.0,35011.88,24528.73376,859350974.0014893,1038468
2023-11-06,35011.89,35276.33,34725.9,35046.09,22346.47086,782427702.2653205,988246
2023-11-07,35046.09,35888.0,34523.06,35399.12,38688.73692,1358031361.1978526,1352796
2023-11-08,35399.13,36106.0,35100.0,35624.72,33401.34137,1185492160.4927278,1132568
2023-11-09,35624.72,37972.24,35534.05,36701.09,82537.88885,3033417922.7826815,2138765
2023-11-10,36701.1,37526.0,36324.71,37301.63,43414.04898,1605069174.5241032,1297729
2023-11-11,37301.63,37408.26,36666.93,37130.0,22984.97235,851924612.7339427,923300
2023-11-12,37129.99,37222.22,36731.1,37064.13,17687.18874,655570813.1382711,810885
2023-11-13,37064.13,37417.99,36333.0,36462.93,32798.18252,1208037462.3041444,1217191
2023-11-14,36462.93,36744.0,34800.0,35551.19,45503.68416,1639130785.08681,1404428
2023-11-15,35551.2,37980.0,35360.0,37858.2,53569.13385,1963249656.5094738,1545427
2023-11-16,37858.2,37929.54,35500.0,36163.51,47490.39566,1744503339.0151725,1542446
2023-11-17,36163.51,36800.0,35861.1,36613.92,38283.61112,1391225051.1923273,1349322
2023-11-18,36613.91,36845.49,36178.58,36568.1,17102.24186,624434069.5256634,784498
2023-11-19,36568.11,37500.0,36384.02,37359.86,21246.34648,781531839.4371592,862400
2023-11-20,37359.85,37750.0,36677.0,37448.78,36022.70291,1343722642.386475,1485050
2023-11-21,37448.79,37649.44,35735.0,35741.65,47646.54804,1756747495.9818547,1936895
2023-11-22,35741.65,37861.1,35632.01,37408.34,45051.30697,1657141022.427348,1648374
2023-11-23,37408.35,37653.44,36870.0,37294.28,23827.92882,888826648.8541473,992284
2023-11-24,37294.27,38414.0,37251.51,37713.57,44680.80646,1688715728.079148,1379414
2023-11-25,37713.57,37888.0,37591.1,37780.67,11396.14464,430165251.7609749,569448
2023-11-26,37780.67,37814.63,37150.0,37447.43,21264.53723,797321193.5893991,848020
2023-11-27,37447.42,37569.23,36707.0,37242.7,30001.07376,1112557435.2767923,1238017
2023-11-28,37242.7,38377.0,36868.41,37818.87,37544.46667,1414360251.6823456,1272779
2023-11-29,37818.88,38450.0,37570.0,37854.64,32994.19107,1252586505.66259,1131353
2023-11-30,37854.65,38145.85,37500.0,37723.96,24740.29147,934491058.9608141,1007791
2023-12-01,37723.97,38999.0,37615.86,38682.52,43415.66324,1669750777.6239815,1523417
2023-12-02,38682.51,39717.14,38641.61,39450.35,26696.92161,1043421976.7660652,1034690
2023-12-03,39450.35,40250.0,39274.86,39972.26,26710.65335,1059860641.0494444,1151524
2023-12-04,39972.26,42420.0,39972.26,41991.1,79272.33059,3285736844.1408806,2112219
2023-12-05,41991.1,44488.0,41414.0,44073.32,67490.74644,2890205389.4901266,2072700
2023-12-06,44073.82,44297.21,43335.28,43762.69,51431.10492,2256979505.594805,1876282
2023-12-07,43762.69,44047.33,42821.1,43273.14,47103.26845,2046945851.8836446,1414759
2023-12-08,43273.15,44700.0,43081.1,44170.99,42900.37556,1875581755.4469104,1311268
2023-12-09,44171.0,44358.02,43584.51,43713.6,24925.97008,1096487106.5648339,987352
2023-12-10,43713.59,44049.0,43563.0,43789.51,18956.61758,830485162.5569535,830667
2023-12-11,43789.5,43804.5,40222.0,41253.4,76663.89804,3205540835.511434,2087142
2023-12-12,41253.41,42104.12,40680.0,41492.39,42722.69773,1773961284.3375635,1526411
2023-12-13,41492.38,43475.2,40555.0,42869.03,45865.99773,1919703389.4848804,1724659
2023-12-14,42869.03,43420.0,41400.0,43022.26,42047.05709,1798740625.30166,1599536
2023-12-15,43022.26,43080.81,41666.0,41940.3,33421.7932,1416898938.509979,1323628
2023-12-16,41940.29,42724.43,41605.0,42278.03,24118.85747,1020469627.8857331,1180886
2023-12-17,42278.02,42424.07,41252.0,41374.65,27722.11452,1161963642.9627964,1227634
2023-12-18,41374.64,42757.81,40542.93,42657.8,46734.0925,1936003306.0825727,1741647
2023-12-19,42657.8,43497.0,41811.1,42275.99,40927.86444,1747830242.4615936,1609188
2023-12-20,42275.99,44283.0,42206.0,43668.93,48710.2947,2115813869.779619,1934588
2023-12-21,43668.92,44242.35,43286.72,43861.8,34624.29384,1514529919.1877797,1500702
2023-12-22,43861.79,44398.26,43412.54,43969.04,32783.19638,1436074497.5128598,1404109
2023-12-23,43969.04,43988.68,43291.1,43702.16,16557.1293,722943825.3332176,849658
2023-12-24,43702.15,43946.0,42500.0,42991.5,25144.33496,1093460634.8894227,1137678
2023-12-25,42991.5,43802.32,42720.43,43576.13,27021.23992,1172053386.5109816,1168428
2023-12-26,43576.12,43592.68,41637.6,42508.93,41010.04282,1746333612.304945,1475816
2023-12-27,42508.93,43677.0,42098.69,43428.85,36191.21136,1554082990.052276,1439770
2023-12-28,43428.86,43787.57,42241.79,42563.76,35150.52485,1508408742.378081,1391826
2023-12-29,42563.76,43111.0,41300.0,42066.95,42597.18912,1803086285.2465775,1571137
2023-12-30,42066.94,42612.32,41520.3,42140.28,22906.57818,964875790.984935,936545
2023-12-31,42140.29,42899.0,41965.84,42283.58,23585.91603,1001519241.5559053,1016484
2024-01-01,42283.58,44184.1,42180.77,44179.55,27174.29903,1169995682.0280013,1114623
2024-01-02,44179.55,45879.63,44148.34,44946.91,65146.40661,2944331821.8230762,2247532
2024-01-03,44946.91,45500.0,40750.0,42845.23,81194.55173,3507104563.744232,2658041
2024-01-04,42845.23,44729.58,42613.77,44151.1,48038.06334,2095095359.4936347,1819944
2024-01-05,44151.1,44357.46,42450.0,44145.11,48075.25327,2100953924.3687155,2064845
2024-01-06,44145.12,44214.42,43397.05,43968.32,17835.06144,781212883.4916061,956642
2024-01-07,43968.32,44480.59,43572.09,43929.02,23023.8508,1014635096.1241482,1109259
2024-01-08,43929.01,47248.99,43175.0,46951.04,72814.57589,3298772150.6815076,2364464
2024-01-09,46951.04,47972.0,44748.67,46110.0,69927.66617,3251442072.8083963,2637745
2024-01-10,46110.0,47695.93,44300.36,46653.99,89911.41203,4123809481.712767,3133588
2024-01-11,46654.0,48969.48,45606.06,46339.16,87470.3296,4105139605.028302,2998451
2024-01-12,46339.16,46515.53,41500.0,42782.73,86327.93707,3827483735.576057,2809192
2024-01-13,42782.74,43257.0,42436.12,42847.99,36118.47464,1547370611.5531662,1434243
2024-01-14,42847.99,43079.0,41720.0,41732.35,28228.40894,1202212782.257693,1235727
2024-01-15,41732.35,43400.43,41718.05,42511.1,40269.89303,1718982911.1081028,1657611
2024-01-16,42511.1,43578.01,42050.0,43137.95,45045.74589,1931947150.05907,1716580
2024-01-17,43137.94,43198.0,42200.69,42776.1,33266.21388,1419888430.9228892,1438172
2024-01-18,42776.09,42930.0,40683.28,41327.5,43907.51641,1839426541.263579,1466087
2024-01-19,41327.51,42196.86,40280.0,41659.03,48342.74559,1993846466.5387518,1641428
2024-01-20,41659.03,41872.56,41456.3,41696.04,15923.99493,662768008.1509343,807324
2024-01-21,41696.05,41881.39,41500.98,41580.33,11730.16301,489151571.0309043,657817
2024-01-22,41580.32,41689.65,39431.58,39568.02,55426.19911,2247452153.7954326,2147250
2024-01-23,39568.02,40176.74,38555.0,39897.6,57956.63351,2275851990.6468267,2043925
2024-01-24,39897.59,40555.0,39484.19,40084.88,39293.82861,1569704923.8307493,1675615
2024-01-25,40084.89,40300.24,39550.0,39961.09,31022.11853,1238813296.1526136,1291233
2024-01-26,39961.09,42246.82,39822.52,41823.51,47384.96726,1951700659.289807,1624861
2024-01-27,41823.51,42200.0,41394.34,42120.63,16224.41667,678418702.3509445,751148
2024-01-28,42120.63,42842.68,41620.81,42031.06,27294.99838,1154365891.6682587,1032493
2024-01-29,42031.05,43333.0,41804.88,43302.7,31542.74207,1343462280.3618684,1197856
2024-01-30,43302.71,43882.36,42683.99,42941.1,37619.24546,1633251085.6713595,1316610
2024-01-31,42941.1,43745.11,42276.84,42580.0,39871.13688,1711665577.0530825,1499559
2024-02-01,42580.0,43285.13,41884.28,43082.94,35231.04664,1497121440.6440022,1392269
2024-02-02,43082.95,43488.0,42546.79,43200.0,29672.14418,1277919437.2905612,1086342
2024-02-03,43199.99,43380.01,42880.0,43011.09,12033.40998,518775350.0336009,609962
2024-02-04,43011.1,43119.04,42222.0,42582.88,17066.89404,730999557.7083682,931235
2024-02-05,42582.88,43569.76,42258.1,42708.7,29467.75905,1262620640.5407174,1317397
2024-02-06,42708.7,43399.98,42574.0,43098.95,24675.85433,1061049582.6002767,1120760
2024-02-07,43098.96,44396.5,42788.0,44349.6,34392.59915,1496013692.382922,1378809
2024-02-08,44349.6,45614.3,44331.1,45288.65,45439.62231,2042912128.1517665,1863650
2024-02-09,45288.66,48200.0,45242.12,47132.77,73503.481,3453043306.4209757,2323884
2024-02-10,47132.78,48170.0,46800.0,47751.09,24802.35936,1176079377.6922762,1323421
2024-02-11,47751.08,48592.66,47557.16,48299.99,29958.80837,1443314885.7714052,1407270
2024-02-12,48300.0,50334.82,47710.01,49917.27,59009.96705,2898220863.0181804,1939394
2024-02-13,49917.28,50368.61,48300.95,49699.59,55551.56706,2745025370.067447,1741811
2024-02-14,49699.6,52043.71,49225.01,51795.17,57046.37401,2919604456.723313,1859392
2024-02-15,51795.17,52816.62,51314.0,51880.0,53816.03055,2802825737.9920154,1786569
2024-02-16,51880.01,52572.08,51566.0,52124.11,37772.25318,1965003863.9713342,1583711
2024-02-17,52124.1,52162.82,50625.0,51642.64,25674.00622,1319908544.979089,1427773
2024-02-18,51642.64,52377.0,51163.28,52137.67,21992.10363,1139209588.4334626,1375422
2024-02-19,52137.68,52488.77,51677.0,51774.73,29534.99432,1539600521.6007729,1542990
2024-02-20,51774.74,52985.0,50760.37,52258.82,49614.47318,2574874999.3787174,1971912
2024-02-21,52258.82,52366.8,50625.0,51849.39,43079.40049,2210278288.725095,1824860
2024-02-22,51849.38,52065.78,50940.78,51288.42,35309.44574,1820949707.158534,1688184
2024-02-23,51288.42,51548.54,50521.0,50744.15,30545.79544,1559143576.8296163,1487039
2024-02-24,50744.15,51698.0,50585.0,51568.22,16560.4211,847793393.571868,855015
2024-02-25,51568.21,51958.55,51279.8,51728.85,18721.63159,966951114.4504629,923992
2024-02-26,51728.85,54910.0,50901.44,54476.47,51256.72199,2710403072.980595,1808909
2024-02-27,54476.48,57588.15,54450.13,57037.34,67194.98562,3795949115.2249317,2414285
2024-02-28,57037.35,64000.0,56691.85,62432.1,118763.46984,7162581994.48574,3895062
2024-02-29,62432.11,63676.35,60364.7,61130.98,78425.07603,4872212871.27608,3169405
2024-03-01,61130.99,63114.23,60777.0,62387.9,47737.93473,2956537377.9660296,1947444
2024-03-02,62387.9,62433.19,61561.12,61987.28,25534.73659,1582566973.834093,1641808
2024-03-03,61987.28,63231.88,61320.0,63113.97,28994.90903,1804536272.9443457,1992011
2024-03-04,63113.97,68499.0,62300.0,68245.71,84835.16005,5568877537.081252,3887853
2024-03-05,68245.71,69000.0,59005.0,63724.01,132696.7813,8674526591.287142,5310706
2024-03-06,63724.01,67641.1,62779.14,66074.04,78738.85491,5197743036.597276,3302981
2024-03-07,66074.04,67980.0,65551.0,66823.17,53059.8869,3548088039.2736087,2428227
2024-03-08,66823.18,69990.0,66082.66,68124.19,74261.932842,5044395324.399055,2943927
2024-03-09,68124.2,68541.1,67861.1,68313.27,19872.89743,1355964036.9092987,1345341
2024-03-10,68313.28,69887.61,68094.75,68955.88,38404.66835,2659307501.0945783,2139518
2024-03-11,68955.88,72800.0,67024.96,72078.1,75292.825726,5352704377.618805,3043414
2024-03-12,72078.1,73000.0,68620.82,71452.01,68783.546691,4909667978.559339,3047890
2024-03-13,71452.0,73650.25,71333.31,73072.41,52659.711647,3829764501.253793,2501197
2024-03-14,73072.4,73777.0,68555.0,71388.94,71757.628746,5132189849.096632,2994869
2024-03-15,71388.94,72419.71,65600.0,69499.85,103334.03546,7065279917.872112,3904445
2024-03-16,69499.84,70043.0,64780.0,65300.63,55926.95336,3788544202.8848557,2729019
2024-03-17,65300.64,68904.4,64533.0,68393.48,49742.21589,3322963634.2425127,2449156
2024-03-18,68393.47,68956.0,66565.2,67609.99,55691.08088,3768277912.418918,2464515
2024-03-19,67610.0,68124.11,61555.0,61937.4,101005.32487,6484805948.535393,3593832
2024-03-20,61937.41,68100.0,60775.0,67840.51,90420.58592,5769770052.062583,3549793
2024-03-21,67840.51,68240.47,64529.01,65501.27,53357.48002,3551223142.964417,2388390
2024-03-22,65501.28,66649.62,62260.0,63796.64,51482.37821,3310481978.1076455,2492881
2024-03-23,63796.64,65999.0,63000.0,63990.01,26410.11409,1706152172.6316135,1753566
2024-03-24,63990.02,67628.69,63772.29,67209.99,31395.78015,2059312948.6486874,1880774
2024-03-25,67210.0,71150.0,66385.06,69880.01,53431.14486,3679964073.8112125,2632220
2024-03-26,69880.0,71561.1,69280.0,69988.0,38934.38417,2738537345.33588,2176807
2024-03-27,69987.99,71769.54,68359.18,69469.99,49119.35685,3426458581.943343,2453366
2024-03-28,69469.99,71552.06,68903.62,70780.6,35439.03239,2500571208.0026274,1799897
2024-03-29,70780.6,70916.16,69009.0,69850.54,25445.08353,1779608477.3224537,1522607
2024-03-30,69850.53,70321.1,69540.0,69582.18,13644.61142,954555919.6855745,1110488
2024-03-31,69582.17,71366.0,69562.99,71280.01,19396.34433,1367523707.261245,1181926
2024-04-01,71280.0,71288.23,68062.86,69649.8,41445.32039,2876486469.465523,1893438
2024-04-02,69649.81,69674.23,64550.0,65463.99,71799.82793,4750030717.922425,2662410
2024-04-03,65463.99,66903.63,64493.07,65963.28,39887.21778,2630556596.1359286,2172096
2024-04-04,65963.27,69309.91,65064.52,68487.79,41510.48453,2795469450.572386,2000945
2024-04-05,68487.8,68756.67,65952.56,67820.62,37915.23073,2555458935.236009,1901980
2024-04-06,67820.63,69692.0,67447.83,68896.0,20134.28919,1373131967.7648187,1171460
2024-04-07,68896.0,70326.29,68824.0,69360.39,21534.74433,1496213373.1855776,1269048
2024-04-08,69360.38,72797.99,69043.24,71620.0,45723.87624,3270853309.6629424,2037025
2024-04-09,71620.0,71758.19,68210.0,69146.0,39293.90242,2749007421.6421075,1804157
2024-04-10,69146.0,71172.08,67518.0,70631.08,42006.02377,2901564970.815804,1852170
2024-04-11,70631.08,71305.89,69567.21,70006.23,31917.25595,2247473274.6162577,1658995
2024-04-12,70006.22,71227.46,65086.86,67116.52,56072.86229,3843551585.3212748,2496617
2024-04-13,67116.52,67929.0,60660.57,63924.51,71395.22019,4614468627.809045,3341340
2024-04-14,63924.52,65840.0,62134.0,65661.84,61599.17818,3946124834.6970353,2657953
2024-04-15,65661.85,66867.07,62274.4,63419.99,52389.53069,3398072231.5612235,2539048
2024-04-16,63419.99,64365.0,61600.0,63793.39,53435.29331,3355338198.4469132,2604354
2024-04-17,63793.4,64499.0,59678.16,61277.37,50610.54509,3128625247.4738536,2458327
2024-04-18,61277.38,64117.09,60803.35,63470.08,43601.60918,2726741448.886802,2142511
2024-04-19,63470.09,65450.0,59600.01,63818.01,69774.30271,4419893235.183288,2828284
2024-04-20,63818.01,65419.0,63090.07,64940.59,23137.42975,1486949581.439479,1376712
2024-04-21,64940.58,65695.56,64237.5,64941.15,19316.42152,1254396628.1531765,1390153
2024-04-22,64941.15,67232.35,64500.0,66819.32,31397.99371,2071690434.976552,1816591
2024-04-23,66819.32,67183.01,65765.81,66414.0,22599.90004,1502139968.7198818,1433915
2024-04-24,66414.0,67070.43,63606.06,64289.59,33595.69637,2195714861.6576557,1784897
2024-04-25,64289.58,65297.94,62794.0,64498.34,31341.46338,2007704069.2622728,1375324
2024-04-26,64498.33,64820.01,63297.48,63770.01,27085.19346,1736631357.3537388,1025561
2024-04-27,63770.0,63923.41,62391.24,63461.98,20933.06052,1320337707.7871158,912422
2024-04-28,63461.98,64370.0,62781.0,63118.62,16949.20005,1078450016.4732296,790652
2024-04-29,63118.62,64228.35,61765.53,63866.0,28150.22947,1765038324.6837213,1152296
2024-04-30,63866.0,64734.0,59191.6,60672.0,54947.65535,3372142467.4322524,1985671
2024-05-01,60672.01,60841.63,56552.82,58364.97,81166.46823,4705572361.7402,2401089
2024-05-02,58364.97,59625.0,56911.84,59060.61,47583.81961,2778840305.0505786,1572898
2024-05-03,59060.6,63333.0,58811.32,62882.01,43628.40143,2658193708.347904,1558661
2024-05-04,62882.01,64540.0,62541.03,63892.04,24368.69282,1547468697.8765798,1113509
2024-05-05,63892.03,64646.0,62822.17,64012.0,18526.75029,1182572239.5306182,992921
2024-05-06,64012.0,65500.0,62700.0,63165.19,34674.91949,2218131198.4661326,1392557
2024-05-07,63165.18,64422.41,62261.0,62312.08,25598.79472,1624531631.592377,1272898
2024-05-08,62312.07,63020.22,60888.0,61193.03,26121.19004,1623561041.1255188,1415152
2024-05-09,61193.03,63429.03,60630.0,63074.01,30660.8061,1895849912.7734754,1381957
2024-05-10,63074.0,63469.13,60187.12,60799.99,36529.34025,2255550468.413852,1500643
2024-05-11,60799.99,61515.0,60487.09,60825.99,13374.56936,814928013.4573288,753281
2024-05-12,60825.99,61888.0,60610.0,61483.99,12753.13236,781041632.4623835,727113
2024-05-13,61484.0,63450.0,60749.21,62940.08,32733.41839,2041896626.6108148,1371433
2024-05-14,62940.09,63118.36,61142.77,61577.49,29088.72041,1800171876.1676655,1127939
2024-05-15,61577.49,66444.16,61319.47,66206.5,43559.74719,2794259631.8910465,1729454
2024-05-16,66206.51,66752.01,64602.77,65235.21,31106.3671,2045507646.8293848,1269793
2024-05-17,65235.21,67451.2,65106.38,67024.0,26292.23409,1745971822.3447454,1117254
2024-05-18,67024.0,67400.01,66600.0,66915.2,14441.25774,967145944.6835316,734067
2024-05-19,66915.2,67700.0,65857.25,66274.01,18025.30409,1204989222.8768685,823729
2024-05-20,66274.0,71515.56,66060.31,71446.62,50816.7011,3485474763.752294,1930939
2024-05-21,71446.62,71979.0,69162.94,70148.34,49607.4336,3509345769.233608,2137448
2024-05-22,70148.34,70666.0,68842.19,69166.62,27673.18026,1931700812.3032143,1371973
2024-05-23,69166.62,70096.12,66312.16,67969.65,40513.17374,2766790260.7886024,1827855
2024-05-24,67969.66,69250.0,66600.12,68549.99,28095.83664,1906438696.7156012,1165907
2024-05-25,68549.99,69610.0,68500.0,69290.57,12130.39418,837339788.9838961,703803
2024-05-26,69290.56,69562.23,68128.01,68507.67,11872.11797,818914878.9908898,722849
2024-05-27,68507.67,70687.56,68250.0,69436.43,23136.92737,1604722197.8374028,1219341
2024-05-28,69436.43,69591.81,67277.91,68398.39,32622.97042,2224860225.7992225,1459351
2024-05-29,68398.4,68935.68,67124.65,67652.42,23159.83149,1573095221.6483984,1221044
2024-05-30,67652.41,69500.0,67128.0,68352.17,28478.2184,1945001081.5215867,1272851
2024-05-31,68352.17,69044.1,66670.0,67540.01,26690.32184,1812659052.2496767,1177860
2024-06-01,67540.01,67900.0,67428.44,67766.85,8837.66133,598305207.9932046,638484
2024-06-02,67766.84,68460.0,67257.47,67765.63,15426.32529,1046827665.3829314,812348
2024-06-03,67765.62,70288.0,67612.48,68809.9,29633.374,2047757076.2268357,1253789
2024-06-04,68809.89,71063.45,68567.32,70537.84,29619.78489,2069902136.99324,1254515
2024-06-05,70537.83,71758.0,70383.66,71108.0,28703.18082,2040073765.8676395,1055115
2024-06-06,71108.0,71700.0,70117.64,70799.06,21842.00449,1551467659.1542966,900226
2024-06-07,70799.06,71997.02,68420.0,69355.6,35598.45045,2507250591.3329782,1516415
2024-06-08,69355.6,69582.2,69168.02,69310.46,9773.82967,678267390.5310388,714103
2024-06-09,69310.46,69857.14,69130.24,69648.14,9890.56709,687344656.0725566,575583
2024-06-10,69648.15,70195.94,69172.29,69540.0,17122.66941,1192466549.9691226,936731
2024-06-11,69540.0,69590.01,66051.0,67314.24,41436.01588,2793799020.4691243,1782415
2024-06-12,67314.23,69999.0,66905.0,68263.99,37175.32356,2550285139.184372,1670745
2024-06-13,68263.98,68449.3,66251.78,66773.01,29079.55571,1958897960.9172916,1518202
2024-06-14,66773.01,67370.24,65078.0,66043.99,28408.18797,1884451554.428285,1736314
2024-06-15,66043.99,66478.48,65857.1,66228.25,11451.80242,758175888.0283372,700886
2024-06-16,66228.25,66998.7,66034.5,66676.87,9392.52223,624653672.6138575,703295
2024-06-17,66676.86,67298.81,65130.0,66504.33,27386.16851,1812061226.7565656,1542620
2024-06-18,66504.33,66588.23,64060.0,65175.32,42350.10244,2755141806.0310903,2151711
2024-06-19,65175.32,65727.54,64666.0,64974.37,20060.79576,1307731953.9545317,1078458
2024-06-20,64974.37,66482.94,64559.15,64869.99,24265.29031,1584896152.1663702,1282687
2024-06-21,64869.99,65066.66,63379.35,64143.56,25993.56442,1665541539.708616,1362617
2024-06-22,64143.56,64546.81,63943.82,64262.01,7308.95542,470027247.3402083,562832
2024-06-23,64262.01,64521.0,63178.32,63210.01,8224.45447,526848525.0029452,592759
2024-06-24,63210.01,63369.8,58402.0,60293.3,52161.35414,3180853460.924751,2190787
2024-06-25,60293.3,62420.0,60257.06,61806.01,31189.24361,1914901308.84587,1277481
2024-06-26,61806.01,62487.81,60712.0,60864.99,22485.66463,1381716993.3554919,1112152
2024-06-27,60864.98,62389.22,60606.63,61706.47,18344.28631,1126705164.782892,1062176
2024-06-28,61706.46,62225.31,60063.0,60427.84,24821.19255,1519872032.026636,1479626
2024-06-29,60427.84,61224.0,60383.77,60986.68,11509.55904,701345872.4881144,767669
2024-06-30,60986.68,63058.76,60712.21,62772.01,17326.30136,1070250012.5446604,1108912
2024-07-01,62772.01,63861.76,62497.2,62899.99,24547.10538,1550980813.6701345,1461508
2024-07-02,62900.0,63288.83,61806.28,62135.47,18573.11875,1160792332.6175597,1308816
2024-07-03,62135.46,62285.94,59400.0,60208.58,32160.11127,1945901232.9066572,1839372
2024-07-04,60208.57,60498.19,56771.0,57050.01,54568.77276,3168619756.2436485,2523236
2024-07-05,57050.02,57546.0,53485.93,56628.79,81348.24756,4515040083.536515,3749255
2024-07-06,56628.79,58475.0,56018.0,58230.13,21651.31558,1235398733.4357028,1411065
2024-07-07,58230.13,58449.46,55724.37,55857.81,19118.93918,1094135752.452869,1289229
2024-07-08,55857.81,58236.73,54260.16,56714.62,48090.2049,2699942701.375511,2554389
2024-07-09,56714.61,58296.0,56289.45,58050.0,27732.20788,1592351321.655387,1757693
2024-07-10,58050.0,59470.0,57157.79,57725.85,24951.73799,1452293495.6501489,1766696
2024-07-11,57725.85,59650.0,57050.0,57339.89,29761.05735,1728929618.0583844,2157661
2024-07-12,57339.89,58526.68,56542.47,57889.1,23652.4569,1360201319.0761504,1749738
2024-07-13,57889.09,59850.0,57756.63,59204.02,15357.74519,900429281.1482327,1114391
2024-07-14,59204.01,61420.69,59194.01,60797.91,21178.33907,1273562988.611176,1456088
2024-07-15,60797.91,64900.0,60632.3,64724.14,38690.9782,2435540879.0289335,2600425
2024-07-16,64724.06,65388.97,62373.24,65043.99,42530.52915,2725231969.2884507,2484783
2024-07-17,65044.0,66128.63,63854.0,64087.99,29567.52954,1922412273.0882094,1868671
2024-07-18,64087.99,65133.3,63238.48,63987.92,22568.7225,1449872437.6497972,1696742
2024-07-19,63987.92,67386.0,63300.67,66660.0,35634.72739,2331517674.368659,2184889
2024-07-20,66660.01,67598.0,66222.46,67139.96,14386.92434,961878801.8482211,995093
2024-07-21,67139.97,68366.66,65777.0,68165.34,21819.11191,1465757867.9747434,1322942
2024-07-22,68165.35,68474.55,66559.97,67532.01,21451.04303,1448418369.8467097,1558140
2024-07-23,67532.0,67750.98,65441.08,65936.01,31406.15316,2088544473.3235078,1772089
2024-07-24,65936.0,67102.01,65111.0,65376.0,23082.56277,1526490826.4669967,1391053
2024-07-25,65376.01,66175.49,63456.7,65799.95,35126.42934,2266419771.224864,1830360
2024-07-26,65799.95,68200.0,65722.63,67907.99,24244.36023,1630839588.6966548,1406982
2024-07-27,67908.0,69399.99,66650.0,67896.5,31710.21921,2162335067.0234175,1690591
2024-07-28,67896.49,68318.43,67066.66,68249.88,10868.69394,736755676.1377451,821210
2024-07-29,68249.88,70079.99,66428.0,66784.69,36467.29633,2499265962.091455,1952812
2024-07-30,66784.68,67000.0,65302.67,66188.0,23132.25441,1533270724.799421,1622083
2024-07-31,66188.0,66849.24,64530.0,64628.0,22625.43905,1489443332.5960116,1609976
2024-08-01,64628.01,65659.78,62302.0,65354.02,35542.26854,2270877792.65868,2397257
2024-08-02,65354.02,65596.14,61230.01,61498.33,38820.42937,2469588785.6981573,2457735
2024-08-03,61498.34,62198.22,59850.0,60697.99,28034.71567,1711555901.18011,1669555
2024-08-04,60697.99,61117.63,57122.77,58161.0,31616.52003,1874490041.5437353,1886195
2024-08-05,58161.0,58305.59,49000.0,54018.81,162065.59186,8580928177.429901,7568497
2024-08-06,54018.82,57040.99,53950.0,56022.01,55884.77676,3119018848.329888,3433824
2024-08-07,56022.0,57736.05,54558.62,55134.16,44269.37684,2490553853.602583,2397504
2024-08-08,55133.76,62745.14,54730.0,61685.99,48349.52949,2836312292.431818,2603042
2024-08-09,61686.0,61744.37,59535.0,60837.99,30972.48017,1878350555.5122633,1827809
2024-08-10,60837.99,61470.58,60242.0,60923.51,9995.20621,607372221.2460397,800499
2024-08-11,60923.51,61858.0,58286.73,58712.59,19189.84512,1152081498.1567774,1319469
2024-08-12,58712.59,60711.09,57642.21,59346.64,37009.91743,2186851067.316586,2293837
2024-08-13,59346.64,61578.1,58392.88,60587.15,27858.95851,1668247896.8477187,1713485
2024-08-14,60587.16,61800.0,58433.18,58683.39,28422.76326,1705464263.505865,1729342
2024-08-15,58683.39,59849.38,56078.54,57541.06,37686.17622,2194915865.052229,2507858
2024-08-16,57541.05,59817.76,57098.62,58874.6,27610.84344,1614654900.3332715,1999539
2024-08-17,58874.59,59700.0,58785.05,59491.99,7721.72931,457737705.7722839,807159
2024-08-18,59491.99,60284.99,58408.92,58427.35,13634.85717,813166580.7264851,1099730
2024-08-19,58427.35,59617.63,57787.3,59438.5,22809.31251,1336287900.197634,1636295
2024-08-20,59438.5,61400.0,58548.23,59013.8,31477.44548,1890620149.7910202,1904519
2024-08-21,59013.8,61820.93,58783.47,61156.03,27983.6422,1682529555.0960546,1981525
2024-08-22,61156.03,61400.0,59724.87,60375.84,21241.20588,1288544247.9560175,1718280
2024-08-23,60375.83,64955.0,60342.14,64037.24,38118.07089,2375916932.7935486,2555682
2024-08-24,64037.24,64494.5,63531.0,64157.01,15857.15616,1015774255.1740764,1551856
2024-08-25,64157.02,65000.0,63773.27,64220.0,12305.47977,789935122.9930242,1263065
2024-08-26,64219.99,64481.0,62800.0,62834.0,19470.05276,1238341818.4320166,2152841
2024-08-27,62834.0,63212.0,58034.01,59415.0,35135.94178,2158144642.992993,2995281
2024-08-28,59415.0,60234.98,57860.0,59034.9,36868.54275,2183054412.974087,3664134
2024-08-29,59034.9,61166.99,58713.09,59359.01,27020.90743,1617931684.258576,2743900
2024-08-30,59359.0,59944.07,57701.1,59123.99,28519.32195,1680918972.4658496,2845696
2024-08-31,59123.99,59462.38,58744.0,58973.99,8798.409,519849184.8690446,895944
2024-09-01,58974.0,59076.59,57201.0,57301.86,20705.15741,1202176847.3910584,2153180
2024-09-02,57301.77,59425.69,57128.0,59132.13,22895.01461,1333092369.4465685,1966119
2024-09-03,59132.12,59809.65,57415.0,57487.73,22828.18447,1335076815.8599248,2208758
2024-09-04,57487.74,58519.0,55606.0,57970.9,35560.82146,2027630870.1796753,3177549
2024-09-05,57970.9,58327.07,55643.65,56180.0,27806.91413,1577770853.1007974,3368058
2024-09-06,56180.0,57008.0,52550.0,53962.97,54447.76826,2988914918.924334,5287281
2024-09-07,53962.97,54850.0,53745.54,54160.86,16694.04774,905693342.5898322,1920923
2024-09-08,54160.86,55318.0,53629.01,54869.95,16274.14779,885743172.9184759,1796092
2024-09-09,54869.95,58088.0,54591.96,57042.0,32384.51737,1809715390.0493293,3355912
2024-09-10,57042.01,58044.36,56386.4,57635.99,23626.78126,1349365460.0900571,2843148
2024-09-11,57635.99,57981.71,55545.19,57338.0,33026.56757,1875738697.3784153,4045103
2024-09-12,57338.0,58588.0,57324.0,58132.32,31074.40631,1802848638.0757017,3706764
2024-09-13,58132.31,60625.0,57632.62,60498.0,29825.23333,1760671733.5492997,3378012
2024-09-14,60497.99,60610.45,59400.0,59993.03,12137.90901,728527024.3416963,1288784
2024-09-15,59993.02,60395.8,58691.05,59132.0,13757.92361,822410872.3906956,1552950
2024-09-16,59132.0,59210.7,57493.3,58213.99,26477.5642,1543273198.7027452,3145152
2024-09-17,58213.99,61320.0,57610.01,60313.99,33116.25878,1983378424.775704,3918209
2024-09-18,60313.99,61786.24,59174.8,61759.99,36087.02469,2174000496.820776,5167671
2024-09-19,61759.98,63850.0,61555.0,62947.99,34332.52608,2153175931.1738715,4438284
2024-09-20,62948.0,64133.32,62350.0,63201.05,25466.37794,1611195963.9908044,3969296
2024-09-21,63201.05,63559.9,62758.0,63348.96,8375.34608,528657852.3183024,1283611
2024-09-22,63348.97,64000.0,62357.93,63578.76,14242.19892,897477338.3735127,2145736
2024-09-23,63578.76,64745.88,62538.75,63339.99,24078.05287,1531015038.3680267,3999187
2024-09-24,63339.99,64688.0,62700.0,64262.7,23185.04759,1472720338.8562915,3870157
2024-09-25,64262.7,64817.99,62947.08,63152.01,17813.11168,1135250828.2732148,3355531
2024-09-26,63152.01,65839.0,62670.0,65173.99,28373.30593,1831204595.9448967,4361333
2024-09-27,65173.99,66498.0,64819.9,65769.95,22048.80487,1448852210.3602211,3498529
2024-09-28,65769.95,66260.0,65422.23,65858.0,9127.23316,600118483.1222521,1341703
2024-09-29,65858.0,66076.12,65432.0,65602.01,8337.74111,547980013.7152303,1413449
2024-09-30,65602.01,65618.8,62856.3,63327.59,30011.08752,1920250261.7442162,3978584
2024-10-01,63327.6,64130.63,60164.0,60805.78,43671.48108,2723672081.8326254,5607069
2024-10-02,60804.92,62390.31,60000.0,60649.28,31534.70118,1928377637.836784,5313210
2024-10-03,60649.27,61477.19,59828.11,60752.71,26221.43472,1590773866.8074434,5244004
2024-10-04,60752.72,62484.85,60459.9,62086.0,21294.65994,1311145630.5020497,3798631
2024-10-05,62086.0,62370.56,61689.26,62058.0,7807.46141,484588468.3419123,1183175
2024-10-06,62058.01,62975.0,61798.97,62819.91,8906.86177,555669634.4773514,1556553
2024-10-07,62819.91,64478.19,62128.0,62224.0,25966.1852,1646315506.5791945,4809342
2024-10-08,62224.01,63200.0,61860.31,62160.49,19702.22371,1230076253.818657,3798438
2024-10-09,62160.5,62543.75,60301.0,60636.02,20011.15684,1234778807.5932417,3668363
2024-10-10,60636.01,61321.68,58946.0,60326.39,23967.92481,1445604381.9363792,3872577
2024-10-11,60326.4,63417.56,60087.64,62540.0,23641.35209,1462219576.849865,3222180
2024-10-12,62539.99,63480.0,62487.23,63206.22,10911.30116,686978508.9887543,1770837
2024-10-13,63206.23,63285.72,62050.0,62870.02,11909.21995,746564374.2082387,2242529
2024-10-14,62870.02,66500.0,62457.81,66083.99,37669.95222,2450094472.813545,4977577
2024-10-15,66084.0,67950.0,64800.01,67074.14,43683.95423,2894021862.319518,6245619
2024-10-16,67074.14,68424.0,66750.49,67620.01,29938.25544,2024560410.1062675,5109685
2024-10-17,67620.0,67939.4,66666.0,67421.78,25328.22861,1702164439.5654595,3981960
2024-10-18,67421.78,69000.0,67192.36,68428.0,28725.635,1959735899.8769643,4010969
2024-10-19,68427.99,68693.26,68010.0,68378.0,8193.66737,559628628.9613105,1152428
2024-10-20,68377.99,69400.0,68100.0,69031.99,12442.47378,854082429.8105861,1563795
2024-10-21,69032.0,69519.52,66840.67,67377.5,31374.42184,2130833593.5466976,3686777
2024-10-22,67377.5,67836.01,66571.42,67426.0,24598.96268,1654285791.6605556,3669291
2024-10-23,67426.01,67472.83,65260.0,66668.65,25530.2407,1695101430.9187467,3807365
2024-10-24,66668.65,68850.0,66510.0,68198.28,22589.83877,1526736320.912938,3797462
2024-10-25,68198.27,68771.49,65596.29,66698.33,34479.71125,2320667435.293254,5332593
2024-10-26,66698.32,67454.55,66439.9,67092.76,11842.9077,792887047.147892,2373501
2024-10-27,67092.76,68332.05,66913.73,68021.7,8653.19592,585006148.4704809,1771989
2024-10-28,68021.69,70270.0,67618.0,69962.21,29046.75459,2005105729.8174448,4432446
2024-10-29,69962.21,73620.12,69760.0,72736.42,50128.60594,3602465986.8917575,5645430
2024-10-30,72736.41,72961.0,71436.0,72344.74,26885.99056,1941210537.2882867,4040734
2024-10-31,72344.75,72700.0,69685.76,70292.01,29352.10297,2091144977.4946847,4525542
2024-11-01,70292.01,71632.95,68820.14,69496.01,38301.86755,2677358022.00497,4569271
2024-11-02,69496.0,69914.37,69000.14,69374.74,10521.67243,731232427.6311548,1603561
2024-11-03,69374.74,69391.0,67478.73,68775.99,24995.70243,1709666206.4062023,3668029
2024-11-04,68775.99,69500.0,66835.0,67850.01,29800.39187,2033902307.0027761,5377048
2024-11-05,67850.01,70577.91,67476.63,69372.01,33355.06888,2310418908.069922,4955644
2024-11-06,69372.01,76400.0,69298.0,75571.99,104126.994787,7702283270.258009,8434184
2024-11-07,75571.99,76849.99,74416.0,75857.89,44869.422345,3391796661.9719553,5207722
2024-11-08,75857.89,77199.99,75555.0,76509.78,36521.099583,2784449097.5315185,4877489
2024-11-09,76509.78,76900.0,75714.66,76677.46,16942.07915,1294709001.60289,2585264
2024-11-10,76677.46,81500.0,76492.0,80370.01,61830.100435,4905441473.900737,7128598
2024-11-11,80370.01,89530.54,80216.01,88647.99,82323.665776,6944268709.942721,9348890
2024-11-12,88648.0,89940.0,85072.0,87952.01,97299.887911,8540084566.279819,11499058
2024-11-13,87952.0,93265.64,86127.99,90375.2,86763.854127,7790928962.043038,11962100
2024-11-14,90375.21,91790.0,86668.21,87325.59,56729.51086,5073860815.928665,9828858
2024-11-15,87325.59,91850.0,87073.38,91032.07,47927.95068,4276238971.1814294,8009111
2024-11-16,91032.08,91779.66,90056.17,90586.92,22717.87689,2067958511.9048474,4239455
2024-11-17,90587.98,91449.99,88722.0,89855.99,23867.55609,2153871724.810395,4930719
2024-11-18,89855.98,92594.0,89376.9,90464.08,46545.03448,4239909950.661894,7161125
2024-11-19,90464.07,93905.51,90357.0,92310.79,43660.04682,4025108502.849614,5647789
2024-11-20,92310.8,94831.97,91500.0,94286.56,42203.198712,3950932314.646069,7365987
2024-11-21,94286.56,98988.0,94040.0,98317.12,69228.360477,6722807908.325656,9048605
2024-11-22,98317.12,99588.01,97122.11,98892.0,46189.309243,4555536773.363205,7271311
2024-11-23,98892.0,98908.85,97136.0,97672.4,24757.84367,2431609866.3295145,3839138
2024-11-24,97672.4,98564.0,95734.77,97900.04,31200.97838,3034172011.9517884,4964720
2024-11-25,97900.05,98871.8,92600.19,93010.01,50847.45096,4883444806.322193,8289691
2024-11-26,93010.01,94973.37,90791.1,91965.16,57858.73138,5370918648.818167,10225809
2024-11-27,91965.16,97208.21,91792.14,95863.11,41153.42734,3894358511.617565,6648690
2024-11-28,95863.11,96564.0,94640.0,95643.98,28814.54357,2749861591.2596097,4988161
2024-11-29,95643.99,98619.99,95364.99,97460.0,27701.78231,2690451030.6342874,5094070
2024-11-30,97460.0,97463.95,96092.01,96407.99,14503.83306,1402672950.6998208,3354759
2024-12-01,96407.99,97836.0,95693.88,97185.18,16938.60452,1641327626.6062205,3342200
2024-12-02,97185.17,98130.0,94395.0,95840.62,37958.66981,3646639621.737588,7560103
2024-12-03,95840.61,96305.52,93578.17,95849.69,35827.32283,3413995542.0186563,5361712
2024-12-04,95849.69,99000.0,94587.83,98587.32,43850.53728,4241994533.786106,6648724
2024-12-05,98587.32,104088.0,90500.0,96945.63,109921.729662,11048002942.149931,12012364
2024-12-06,96945.63,101898.99,95981.72,99740.84,45049.5331,4456641685.364444,6919102
2024-12-07,99740.84,100439.18,98844.0,99831.99,14931.9459,1487953846.8385458,2634566
2024-12-08,99831.99,101351.0,98657.7,101109.59,14612.99688,1459576946.402151,2994709
2024-12-09,101109.6,101215.93,94150.05,97276.47,53949.11595,5283626995.705648,8445872
2024-12-10,97276.48,98270.0,94256.54,96593.0,51708.68933,4988660195.092428,11556189
2024-12-11,96593.0,101888.0,95658.24,101125.0,37753.78291,3745703763.01845,8250511
2024-12-12,101125.0,102540.0,99311.64,100004.29,29232.08745,2949462583.8661704,8066322
2024-12-13,100004.29,101895.26,99205.0,101424.25,21904.03923,2203903393.0741005,5481660
2024-12-14,101424.24,102650.0,100609.41,101420.0,14191.70326,1441594367.0463192,3374538
2024-12-15,101420.0,105250.0,101237.14,104463.99,22228.921775,2290462903.835791,3638809
2024-12-16,104463.99,107793.07,103333.0,106058.66,41302.40274,4364964400.634553,8048054
2024-12-17,106058.65,108353.0,105321.49,106133.74,29064.936466,3103833327.775107,7212799
2024-12-18,106133.74,106524.98,100000.0,100204.01,50307.99755,5194263316.259236,8762120
2024-12-19,100204.01,102800.11,95700.0,97461.86,55147.398,5487546517.707752,7273941
2024-12-20,97461.86,98233.0,92232.54,97805.44,62884.1357,6022845238.832326,7429007
2024-12-21,97805.44,99540.61,96398.39,97291.99,23483.54143,2296232055.195926,3717638
2024-12-22,97292.0,97448.08,94250.35,95186.27,19353.83036,1857819866.3603997,3633551
2024-12-23,95186.28,96538.92,92520.0,94881.47,32810.76703,3100007213.494563,5464919
2024-12-24,94881.47,99487.99,93569.02,98663.58,23674.22488,2287214424.7064757,3421549
2024-12-25,98663.58,99569.15,97632.02,99429.6,14474.1651,1426143976.0493636,3283028
2024-12-26,99429.61,99963.7,95199.14,95791.6,21192.36727,2049123567.3867724,5203490
2024-12-27,95791.6,97544.58,93500.01,94299.03,26501.26429,2528567849.7794614,5718866
2024-12-28,94299.03,95733.99,94135.66,95300.0,8385.8929,794651624.8349555,2732061
2024-12-29,95300.0,95340.0,93009.52,93738.2,13576.00578,1278370863.9768472,2865838
2024-12-30,93738.19,95024.5,91530.45,92792.05,27619.4225,2573126059.769478,5560563
2024-12-31,92792.05,96250.0,92033.73,93576.0,19612.03389,1845718801.922704,3347847
2025-01-01,93576.0,95151.15,92888.0,94591.79,10373.32613,975444194.1379983,1516556
2025-01-02,94591.78,97839.5,94392.0,96984.79,21970.48948,2118411852.6812794,3569079
2025-01-03,96984.79,98976.91,96100.01,98174.18,15253.82936,1486610768.5907917,2851164
2025-01-04,98174.17,98778.43,97514.79,98220.5,8990.05651,881223751.6353602,1559982
2025-01-05,98220.51,98836.85,97276.79,98363.61,8095.63723,793931715.9546324,1685799
2025-01-06,98363.61,102480.0,97920.0,102235.6,25263.43375,2540561688.7771435,3853702
2025-01-07,102235.6,102724.38,96181.81,96954.61,32059.87537,3170421659.717236,4480562
2025-01-08,96954.6,97268.65,92500.9,95060.61,33704.67894,3205849081.112962,5171208
2025-01-09,95060.61,95382.32,91203.67,92552.49,34544.83685,3217669887.245398,6027161
2025-01-10,92552.49,95836.0,92206.02,94726.11,31482.86424,2962085343.283704,5531444
2025-01-11,94726.1,95050.94,93831.73,94599.99,7047.9043,665685994.93301,1496191
2025-01-12,94599.99,95450.1,93711.19,94545.06,8606.86622,813278829.6583949,1658863
2025-01-13,94545.07,95940.0,89256.69,94536.1,42619.56423,3930666134.3474574,5740963
2025-01-14,94536.11,97371.0,94346.22,96560.86,27846.61753,2676048470.3569503,4532923
2025-01-15,96560.85,100681.94,96500.0,100497.35,30509.99179,3006242382.8867946,3487945
2025-01-16,100497.35,100866.66,97335.13,99987.3,27832.85317,2765162040.639799,3762755
2025-01-17,99987.3,105865.22,99950.77,104077.48,39171.85292,4040993985.4750466,3886907
2025-01-18,104077.47,104988.88,102277.55,104556.23,24307.82998,2521522119.379525,3403162
2025-01-19,104556.23,106422.43,99651.6,101331.57,43397.28298,4513423971.410253,5271920
2025-01-20,101331.57,109588.0,99550.0,102260.01,89529.231732,9398787064.320715,11597937
2025-01-21,102260.0,107240.81,100119.04,106143.82,45941.02002,4768512258.156502,6842980
2025-01-22,106143.82,106394.46,103339.12,103706.66,22248.69254,2331144640.658579,4364035
2025-01-23,103706.66,106850.0,101262.28,103910.34,53953.12031,5610760848.131639,6961383
2025-01-24,103910.35,107120.0,102750.0,104870.5,23609.24017,2483818574.373748,4798886
2025-01-25,104870.51,105286.52,104106.09,104746.85,9068.32377,949511531.3578017,1770765
2025-01-26,104746.86,105500.0,102520.44,102620.0,9812.51238,1024352365.4715523,1813011
2025-01-27,102620.01,103260.0,97777.77,102082.83,50758.1341,5092886322.829244,9368910
2025-01-28,102082.83,103800.0,100272.68,101335.52,22022.05765,2253977324.036209,5428644
2025-01-29,101335.52,104782.68,101328.01,103733.24,23155.35802,2380383694.772136,5189699
2025-01-30,103733.25,106457.44,103278.54,104722.94,19374.07472,2038112603.5126412,3990075
2025-01-31,104722.94,106012.0,101560.0,102429.56,21983.18193,2282174002.1952176,4331904
2025-02-01,102429.56,102783.71,100279.51,100635.65,12290.95747,1250354228.2372296,2588786
2025-02-02,100635.66,101456.6,96150.0,97700.59,34619.49939,3412084312.5836277,7202339
2025-02-03,97700.59,102500.01,91231.0,101328.52,75164.7385,7228589180.711621,10625262
2025-02-04,101328.51,101732.31,96150.0,97763.13,40267.98697,3989698644.2649307,6618911
2025-02-05,97763.14,99149.0,96155.0,96612.43,26233.30444,2562342153.829685,4471763
2025-02-06,96612.44,99120.0,95676.64,96554.35,23515.20405,2289071921.2175603,4242807
2025-02-07,96554.35,100137.99,95620.34,96506.8,31794.22065,3107592434.6738343,5012456
2025-02-08,96506.8,96880.0,95688.0,96444.74,10147.24294,977040267.5158631,1757892
2025-02-09,96444.75,97323.09,94713.0,96462.75,14120.91613,1359495152.3107975,2293192
2025-02-10,96462.75,98345.0,95256.0,97430.82,20572.87537,1999112052.6687863,3475919
2025-02-11,97430.82,98478.42,94876.88,95778.2,18647.76379,1806534846.3863194,3716586
2025-02-12,95778.21,98119.99,94088.23,97869.99,29151.16625,2800142168.3943653,4992737
2025-02-13,97870.0,98083.91,95217.36,96608.14,19921.77616,1916988246.3921187,3909456
2025-02-14,96608.13,98826.0,96252.82,97500.48,18173.02646,1768073218.8690155,3499564
2025-02-15,97500.47,97972.26,97223.58,97569.66,7349.37683,717245393.778092,1694327
2025-02-16,97569.67,97704.47,96046.18,96118.12,8191.4249,794694242.2949733,1596701
2025-02-17,96118.12,97046.59,95205.0,95780.0,16492.0451,1584593526.1754677,2831237
2025-02-18,95780.01,96753.91,93388.09,95671.74,23368.19471,2223994802.892005,4234248
2025-02-19,95671.74,96899.99,95029.99,96644.37,16438.50954,1576817572.1032505,2784225
2025-02-20,96644.37,98711.36,96415.09,98305.0,17057.39177,1663386824.7315507,2386973
2025-02-21,98305.01,99475.0,94871.95,96181.98,32249.2814,3143975917.5734644,4528525
2025-02-22,96181.99,96980.0,95770.49,96551.01,11268.17708,1087077133.8226364,1506418
2025-02-23,96551.01,96650.0,95227.94,96258.0,10884.84913,1044392011.7910241,1457368
2025-02-24,96258.0,96500.0,91349.26,91552.88,31550.10299,2981809595.445377,4972684
2025-02-25,91552.88,92540.69,86050.99,88680.4,78333.11111,6962982500.904474,10289145
2025-02-26,88680.39,89414.15,82256.01,84250.09,56893.54409,4898429925.6364765,8490006
2025-02-27,84250.09,87078.46,82716.49,84708.58,42505.45439,3618738891.2221622,6357581
2025-02-28,84708.57,85120.0,78258.52,84349.94,83648.03969,6806705236.690679,11344216
2025-03-01,84349.95,86558.0,83824.78,86064.53,25785.05464,2194003507.852643,3700728
2025-03-02,86064.54,95000.0,85050.6,94270.0,54889.09045,4972549515.788669,7403218
2025-03-03,94269.99,94416.46,85117.11,86220.61,59171.10218,5321123743.471923,9797860
2025-03-04,86221.16,88967.52,81500.0,87281.98,55609.10706,4704901219.590436,10326631
2025-03-05,87281.98,91000.0,86334.53,90606.01,38264.01163,3400243670.3049755,8070266
2025-03-06,90606.0,92810.64,87836.0,89931.89,34342.44902,3105145628.3993993,7643526
2025-03-07,89931.88,91283.02,84667.03,86801.75,57980.35713,5097554826.613157,9510442
2025-03-08,86801.74,86897.25,85218.47,86222.45,12989.23054,1119358968.6520054,2553974
2025-03-09,86222.46,86500.0,80000.0,80734.37,26115.39345,2173552660.454479,5189138
2025-03-10,80734.48,84123.46,77459.91,78595.86,47633.38405,3834924947.758186,8701538
2025-03-11,78595.86,83617.4,76606.0,82932.99,48770.06853,3927000827.1107917,6983310
2025-03-12,82932.99,84539.85,80607.65,83680.12,31933.986,2638600996.825396,5253577
2025-03-13,83680.12,84336.33,79939.9,81115.78,27546.27412,2260870111.2393894,4367093
2025-03-14,81115.78,85309.71,80818.84,83983.2,26858.52755,2244729595.5411716,3290987
2025-03-15,83983.19,84676.28,83618.0,84338.44,11324.7332,953445671.8337505,1329670
2025-03-16,84338.44,85117.04,81981.12,82574.53,17596.12531,1468056556.2967227,2767947
2025-03-17,82574.52,84756.83,82456.0,84010.03,17214.74358,1437716814.0468738,3014756
2025-03-18,84010.02,84021.74,81134.66,82715.03,17610.89883,1450813055.479726,3126371
2025-03-19,82715.03,87000.0,82547.16,86845.94,28151.05374,2375813941.9437623,3774761
2025-03-20,86845.93,87453.67,83655.23,84223.39,22090.30463,1885241921.1556518,3252595
2025-03-21,84223.38,84850.33,83175.25,84088.79,11956.97443,1005135519.2560017,2360005
2025-03-22,84088.79,84539.17,83625.1,83840.59,5420.22114,456235443.8016522,864481
2025-03-23,83840.59,86129.64,83809.75,86082.5,8461.97813,718692319.1499038,1206533
2025-03-24,86082.5,88765.43,85519.09,87498.16,30115.62111,2636765917.9518433,2916713
2025-03-25,87498.16,88539.63,86310.0,87392.87,22643.25248,1979571590.8982937,2802815
2025-03-26,87392.88,88275.0,85860.0,86909.17,18408.78485,1606406955.5864632,2380154
2025-03-27,86909.17,87756.39,85800.0,87232.01,17098.03897,1487968807.7079022,2376381
2025-03-28,87232.01,87515.67,83585.0,84424.38,27182.73169,2309946560.664114,3236085
2025-03-29,84424.38,84624.73,81644.81,82648.54,11696.39864,970199917.9868716,2172387
2025-03-30,82648.53,83534.64,81565.0,82389.99,9864.49508,816584795.5288126,1907663
2025-03-31,82390.0,83943.08,81278.52,82550.01,20569.13885,1696009191.0809648,3964358
2025-04-01,82550.0,85579.46,82432.74,85158.34,20190.39697,1698895702.5754683,3328693
2025-04-02,85158.35,88500.0,82320.0,82516.29,39931.457,3417279759.830764,5338238
2025-04-03,82516.28,83998.02,81211.24,83213.09,27337.84135,2259299724.8643928,4117486
2025-04-04,83213.09,84720.0,81659.0,83889.87,32915.53976,2739842666.426737,4992586
2025-04-05,83889.87,84266.0,82379.95,83537.99,9360.40468,779626577.9013436,1575750
2025-04-06,83537.99,83817.63,77153.83,78430.0,27942.71436,2239085051.1529646,3948493
2025-04-07,78430.0,81243.58,74508.0,79163.24,78387.53089,6084614024.150647,9736596
2025-04-08,79163.24,80867.99,76239.9,76322.42,35317.32063,2775277777.102461,5512751
2025-04-09,76322.42,83588.0,74620.0,82615.22,75488.28772,5980231256.222496,7741252
2025-04-10,82615.22,82753.21,78464.36,79607.3,33284.80718,2690294353.8478427,4529545
2025-04-11,79607.3,84300.0,78969.58,83423.84,34435.43797,2830363945.1787524,4423157
2025-04-12,83423.83,85905.0,82792.95,85276.9,18470.74437,1557403252.9267516,2501196
2025-04-13,85276.91,86100.0,83034.23,83760.0,24680.04181,2086106375.4392555,3275879
2025-04-14,83760.0,85799.99,83678.0,84591.58,28659.09348,2429132805.0815287,3921522
2025-04-15,84591.58,86496.42,83600.0,83643.99,20910.99528,1780972414.3956008,2910533
2025-04-16,83643.99,85500.0,83111.64,84030.38,20867.24519,1753910031.2009242,3264730
2025-04-17,84030.38,85470.01,83736.26,84947.91,13728.84772,1161659427.386263,2003405
2025-04-18,84947.92,85132.08,84303.96,84474.69,6529.96315,552648483.647487,840009
2025-04-19,84474.7,85677.99,84364.45,85077.01,9666.58153,823222752.2842493,875226
2025-04-20,85077.0,85320.76,83949.52,85179.24,8091.67725,685253644.8918362,944130
2025-04-21,85179.24,88465.99,85144.76,87516.23,31773.37262,2773299591.467066,3041395
2025-04-22,87516.22,93888.0,87076.03,93442.99,43872.74705,3967785064.12817,3268475
2025-04-23,93442.99,94696.05,91935.41,93691.08,27404.16808,2560279933.947952,3016536
2025-04-24,93691.07,94005.0,91660.01,93980.47,19497.06071,1811120137.3146787,2797383
2025-04-25,93980.47,95758.04,92855.96,94638.68,27500.66648,2596877713.640173,3331828
2025-04-26,94638.68,95199.0,93870.69,94628.0,9415.06875,889627361.8414447,1475983
2025-04-27,94628.0,95369.0,93602.58,93749.3,11162.841,1052334792.1866189,1918160
2025-04-28,93749.29,95630.0,92800.01,95011.18,22157.53351,2092532996.5551717,3424740
2025-04-29,95011.18,95461.53,93742.54,94256.82,16955.3402,1607154803.4675477,3020875
2025-04-30,94256.82,95228.45,92910.0,94172.0,17661.2751,1664825670.9831252,3214149
2025-05-01,94172.0,97424.02,94130.43,96489.91,21380.45343,2053857614.2732673,2925716
2025-05-02,96489.9,97895.68,96350.0,96887.14,14905.74811,1446387651.5840576,2698263
2025-05-03,96887.13,96935.67,95753.01,95856.42,9723.34838,935906144.9651498,1181239
2025-05-04,95856.42,96304.48,94151.38,94277.62,11036.38342,1053542403.8531588,1674726
2025-05-05,94277.61,95199.0,93514.1,94733.68,17251.18189,1626999380.1759968,2623300
2025-05-06,94733.68,96920.65,93377.0,96834.02,16122.64513,1526847764.5636683,2512960
2025-05-07,96834.02,97732.0,95784.61,97030.5,16644.83854,1611730124.5924542,2849139
2025-05-08,97030.5,104145.76,96876.29,103261.6,34962.02847,3508645830.5650144,4991147
2025-05-09,103261.61,104361.3,102315.14,102971.99,27617.39907,2847518447.981513,4406929
2025-05-10,102971.99,104984.57,102818.76,104809.53,15324.78611,1588386278.502415,2227845
2025-05-11,104809.53,104972.0,103345.06,104118.0,17987.12197,1873381777.2124255,3100176
2025-05-12,104118.0,105819.45,100718.37,102791.32,31272.77792,3242348937.383069,5298407
2025-05-13,102791.32,104976.25,101429.7,104103.72,21253.42409,2197244118.152367,3703531
2025-05-14,104103.72,104356.95,102602.05,103507.82,16452.9081,1704708279.3884108,3025221
2025-05-15,103507.83,104192.7,101383.07,103763.71,17998.98604,1850183474.5292037,4139477
2025-05-16,103763.71,104550.33,103100.49,103463.9,15683.88024,1628832372.3241482,3237442
2025-05-17,103463.9,103709.86,102612.5,103126.65,11250.89622,1160418362.950618,2568597
2025-05-18,103126.65,106660.0,103105.09,106454.26,21599.98726,2262214972.0749383,3193300
2025-05-19,106454.27,107108.62,102000.0,105573.74,30260.03524,3150324504.5954514,4881371
2025-05-20,105573.73,107320.0,104184.72,106849.99,23705.48275,2509102444.669598,3878351
2025-05-21,106850.0,110797.38,106100.01,109643.99,45531.040345,4914709514.320026,6835279
2025-05-22,109643.99,111980.0,109177.37,111696.21,31630.77313,3509432834.573417,5794216
2025-05-23,111696.22,111800.0,106800.0,107318.3,31737.72309,3469704446.3904047,5251192
2025-05-24,107318.3,109506.03,106875.41,107761.91,16782.53129,1819958819.7748587,2805418
2025-05-25,107761.9,109299.99,106600.64,109004.19,17710.04695,1904366455.425858,3151168
2025-05-26,109004.2,110422.22,108670.58,109434.79,14649.11593,1605578282.107903,2887863
2025-05-27,109434.78,110718.0,107516.57,108938.17,21276.65635,2327603851.119265,3735509
2025-05-28,108938.17,109284.7,106769.43,107781.78,15633.78829,1689136748.5130312,2933262
2025-05-29,107781.78,108891.91,105322.86,105589.75,19834.70116,2128639017.5081618,3774926
2025-05-30,105589.75,106313.12,103621.0,103985.48,23706.49799,2493078549.591861,4307572
2025-05-31,103985.47,104900.0,103068.55,104591.88,11289.35922,1174000801.5070379,2343787
2025-06-01,104591.88,105866.91,103752.49,105642.93,9709.70006,1016188486.9505996,1939359
2025-06-02,105642.93,105935.63,103659.88,105857.99,13453.98813,1409004206.9863732,2997656
2025-06-03,105858.0,106794.67,104872.5,105376.89,13259.52634,1402493746.5993218,2470698
2025-06-04,105376.9,106000.0,104179.0,104696.86,14034.89482,1476928482.3688781,2274464
2025-06-05,104696.86,105909.71,100372.26,101508.68,22321.50154,2301567892.5305448,3963295
2025-06-06,101508.69,105333.0,101095.8,104288.44,15839.07385,1642382404.9355752,2709327
2025-06-07,104288.43,105900.0,103871.09,105552.15,8344.93206,877915380.9548231,1402494
2025-06-08,105552.15,106488.14,104964.14,105734.0,8048.06305,850887129.4282976,1295154
2025-06-09,105734.01,110530.17,105318.37,110263.02,19975.37451,2154922022.221173,2839846
2025-06-10,110263.02,110400.0,108331.03,110274.39,17071.82839,1867620550.192173,3003420
2025-06-11,110274.39,110392.01,108064.0,108645.12,13115.91638,1434884639.7506304,2667014
2025-06-12,108645.13,108813.55,105671.72,105671.73,17778.67218,1908309274.0868344,3517420
2025-06-13,105671.74,106179.53,102664.31,106066.59,26180.81734,2735461890.6929703,5452577
2025-06-14,106066.59,106252.0,104300.0,105414.64,8798.93969,925568614.1784065,1521776
2025-06-15,105414.63,106128.57,104494.53,105594.01,7164.20047,754596887.8748004,1564768
2025-06-16,105594.02,108952.38,104980.37,106794.53,14922.6654,1599849840.7325244,2928998
2025-06-17,106794.53,107771.34,103371.02,104551.17,17866.33025,1883173484.8990998,3723010
2025-06-18,104551.17,105550.27,103500.0,104886.78,13968.64167,1461383024.3622093,3468170
2025-06-19,104886.79,105226.17,103929.27,104658.59,7678.60737,803402575.962045,1718045
2025-06-20,104658.59,106524.65,102345.0,103297.99,16419.06283,1714411911.0114017,3029404
2025-06-21,103297.98,103982.64,100837.9,102120.01,11154.21332,1144829784.7306418,2172578
2025-06-22,102120.02,103399.62,98200.0,100963.87,28746.41072,2892695407.8086877,5121309
2025-06-23,100963.87,106074.2,99613.33,105333.93,27666.50609,2836166831.044449,4944207
2025-06-24,105333.94,106290.0,104622.02,106083.0,14651.69335,1543451113.4563613,2973481
2025-06-25,106083.0,108135.3,105808.03,107340.58,16701.15551,1789545470.94629,2988892
2025-06-26,107340.59,108272.45,106562.5,106947.06,10573.27279,1136093974.6816013,2597742
2025-06-27,106947.06,107735.34,106356.76,107047.59,12232.44042,1308420348.9100094,2304499
2025-06-28,107047.58,107577.75,106811.51,107296.79,3282.17352,352025390.6031135,653305
2025-06-29,107296.79,108528.5,107172.52,108356.93,6831.7364,736708189.9495684,1223202
2025-06-30,108356.93,108789.99,106733.33,107146.5,9754.12491,1050407152.345058,1773485
2025-07-01,107146.51,107540.0,105250.85,105681.14,10505.62437,1117432945.8926365,2013289
2025-07-02,105681.13,109730.0,105100.19,108849.6,17691.89592,1915699005.8772898,2444708
2025-07-03,108849.59,110529.18,108530.4,109584.78,13047.08225,1429459048.6383262,2568944
2025-07-04,109584.77,109767.59,107245.0,107984.24,11793.86615,1276215111.6683652,1975212
2025-07-05,107984.25,108420.56,107756.31,108198.12,3736.9757,403928702.1967476,710020
2025-07-06,108198.12,109700.0,107800.01,109203.84,6447.607,700733299.5112199,1256591
2025-07-07,109203.85,109700.0,107513.2,108262.94,9405.37601,1020848316.0537041,1961940
2025-07-08,108262.94,109216.56,107429.57,108922.98,9216.0208,1000112813.4398943,1723244
2025-07-09,108922.99,111999.79,108324.53,111233.99,17282.2865,1902054744.194924,2328484
2025-07-10,111234.0,116868.0,110500.0,116010.0,24883.450665,2826460280.4452233,3227017
2025-07-11,116010.01,118869.98,115222.22,117527.66,25873.521148,3039521803.027247,3708194
2025-07-12,117527.66,118200.0,116900.05,117420.0,8446.60437,993093353.4068904,1441851
2025-07-13,117420.0,119488.0,117224.79,119086.64,9550.792947,1132096857.0116916,1650283
2025-07-14,119086.65,123218.0,118905.18,119841.18,27269.348877,3299746181.0770736,4076133
2025-07-15,119841.17,119940.83,115736.92,117758.09,32018.46083,3755258445.553272,3805374
2025-07-16,117758.08,120063.84,117017.29,118630.43,17039.90851,2023850383.7234874,2429625
2025-07-17,118630.44,120998.71,117453.57,119177.56,15728.57651,1869114355.1231644,2347985
2025-07-18,119177.56,120820.71,116812.76,117924.84,19924.66266,2367355518.470308,2805236
2025-07-19,117924.84,118499.9,117277.34,117840.0,6635.80306,783327898.4969696,1133382
2025-07-20,117840.01,118856.8,116467.02,117265.12,12962.92889,1528864683.816082,1615935
2025-07-21,117265.11,119676.73,116515.0,117380.36,17107.33128,2020783266.9633648,2509543
2025-07-22,117380.36,120247.8,116128.0,119954.42,20959.12973,2481252763.651911,2778733
2025-07-23,119954.43,120090.0,117301.0,118755.99,14558.75083,1722126986.886661,2101404
2025-07-24,118756.0,119450.0,117103.1,118340.99,15806.89043,1873181653.2018075,2081435
2025-07-25,118340.98,118451.57,114723.16,117614.31,38406.34873,4456778786.620494,3282355
2025-07-26,117614.31,118297.35,117138.38,117919.99,6991.67206,823629079.7493103,790372
2025-07-27,117919.99,119766.65,117825.5,119415.55,9328.30919,1107883542.1607983,1095080
2025-07-28,119415.56,119800.0,117427.5,118062.32,13961.74754,1655882235.896518,1824777
2025-07-29,118062.32,119273.36,116950.75,117950.76,15137.93445,1788682083.6856463,1956694
2025-07-30,117950.75,118792.0,115796.23,117840.3,15586.73631,1832696878.222986,1997369
2025-07-31,117840.29,118922.45,115500.0,115764.08,17010.0073,2002870016.7022426,1859532
2025-08-01,115764.07,116052.0,112722.58,113297.93,24487.10206,2810268577.15137,4160829
2025-08-02,113297.92,114063.49,112003.0,112546.35,11507.33428,1301882737.326722,2165714
2025-08-03,112546.35,114799.97,111920.0,114208.8,7397.76046,841090034.1542541,1419281
2025-08-04,114208.81,115720.0,114107.6,115055.03,9667.67916,1109938874.0629709,1954230
2025-08-05,115055.03,115127.81,112650.0,114129.75,12042.79078,1371861747.1466167,2581052
2025-08-06,114129.75,115716.0,113355.13,114992.27,9761.15318,1118028732.8589184,2026500
2025-08-07,114992.27,117621.0,114259.0,117472.01,13468.56263,1564454297.836927,2314671
2025-08-08,117472.02,117630.0,115878.71,116674.74,10045.31278,1172199778.7242546,2095304
2025-08-09,116674.74,117944.05,116299.13,116462.25,9514.13144,1111837601.7023723,1390951
2025-08-10,116462.25,119311.11,116460.63,119294.01,14322.77073,1694198747.8718708,2317065
2025-08-11,119294.27,122335.16,118050.11,118686.0,26494.33429,3194611530.5410695,4021743
2025-08-12,118686.0,120324.43,118207.47,120134.08,16720.10893,1992762473.5852578,2737841
2025-08-13,120134.09,123667.79,118920.92,123306.43,23210.07102,2811581348.3874574,3712817
2025-08-14,123306.44,124474.0,117180.0,118295.09,27980.947586,3359128391.108524,4350449
2025-08-15,118295.09,119216.82,116803.99,117342.05,13623.33874,1607609329.685101,2895016
2025-08-16,117342.04,117898.99,117143.98,117380.66,6393.68117,751719391.7723638,1179842
2025-08-17,117380.66,118575.0,117172.21,117405.01,5898.64192,695629197.9038073,1177563
2025-08-18,117405.01,117543.75,114640.14,116227.05,17745.93954,2053814085.4717774,3346280
2025-08-19,116227.05,116725.69,112732.58,112872.94,18065.47424,2065010895.8584664,3291182
2025-08-20,112872.95,114615.38,112380.0,114271.24,15636.34194,1776149566.1247735,2998370
2025-08-21,114271.23,114821.76,112015.67,112500.0,10839.69235,1227373788.615563,2357380
2025-08-22,112500.0,117429.05,111684.79,116935.99,23128.09037,2656625122.2777867,3438518
2025-08-23,116936.0,117030.0,114560.0,115438.05,11329.36197,1308825428.0143585,1559569
2025-08-24,115438.06,115666.68,110680.0,113493.59,21175.98462,2411284606.1891766,2573906
2025-08-25,113493.59,113667.28,109274.1,110111.98,25182.79379,2805570653.631023,4695718
2025-08-26,110111.98,112371.0,108666.66,111763.22,18452.43877,2033437347.4999392,4077474
2025-08-27,111763.22,112625.0,110345.42,111262.01,13392.60875,1493774927.190832,3111496
2025-08-28,111262.01,113485.9,110862.42,112566.9,11104.27744,1250788481.9453218,2066780
2025-08-29,112566.9,112638.64,107463.9,108377.4,22580.31045,2475492492.57753,3606959
2025-08-30,108377.4,108926.15,107350.1,108816.33,10708.39159,1160666772.7387524,1411040
2025-08-31,108816.33,109480.02,108076.93,108246.35,9489.51596,1031806894.3513318,1366633
2025-09-01,108246.36,109912.4,107255.0,109237.42,16053.60219,1742516638.781135,2729384
2025-09-02,109237.43,111771.52,108393.39,111240.01,18510.28756,2042681451.9016385,2596328
2025-09-03,111240.01,112575.27,110528.71,111705.71,11773.72084,1313762617.3436644,2214249
2025-09-04,111705.72,112180.0,109329.12,110730.87,12203.13536,1349031325.5320847,2230255
2025-09-05,110730.87,113384.62,110206.96,110659.99,21587.40888,2413132200.623325,2970419
2025-09-06,110660.0,111307.7,109977.0,110187.97,5000.29897,552785936.5434699,795201
2025-09-07,110187.98,111600.0,110180.0,111137.34,5681.29944,630447950.1588689,874961
2025-09-08,111137.35,112924.37,110621.78,112065.23,11582.40211,1295903862.4649603,1744598
2025-09-09,112065.23,113293.29,110766.66,111546.39,15379.28248,1721465997.906366,2143242
2025-09-10,111546.38,114313.13,110917.45,113960.0,17517.41823,1978834750.2223115,2182534
2025-09-11,113960.0,115488.09,113430.0,115482.69,13676.73119,1562241144.956541,2166359
2025-09-12,115482.69,116665.63,114740.99,116029.42,15324.10719,1772122269.5018635,2481491
2025-09-13,116029.41,116298.78,115127.27,115918.29,8269.40394,957724220.6497611,1223635
2025-09-14,115918.29,116165.19,115135.0,115268.01,6707.60197,775762364.9685991,1237218
2025-09-15,115268.01,116757.99,114384.0,115349.71,13212.51149,1522648235.2235153,2857989
2025-09-16,115349.71,116964.27,114737.11,116788.96,10926.9094,1265779287.5169268,2047058
2025-09-17,116788.96,117286.73,114720.81,116447.59,16754.2454,1946083704.6217456,3227418
2025-09-18,116447.6,117900.0,116092.76,117073.53,11657.23365,1367513347.4865093,2252654
2025-09-19,117073.53,117459.99,115100.0,115632.38,8992.09065,1045792401.4532388,1732471
2025-09-20,115632.39,116121.81,115408.47,115685.63,4674.92752,541264273.2416894,740451
2025-09-21,115685.63,115819.06,115188.0,115232.29,4511.52219,521299751.1504096,945965
2025-09-22,115232.29,115379.25,111800.0,112650.99,20781.71356,2348872511.698875,3045876
2025-09-23,112650.99,113290.5,111458.73,111998.8,12301.3203,1383869800.273703,2455729
2025-09-24,111998.8,113940.0,111042.66,113307.0,12369.25967,1394470628.502582,2229837
2025-09-25,113307.01,113510.23,108631.51,108994.49,21231.14957,2356639689.925215,4409953
2025-09-26,108994.49,110300.0,108620.07,109643.46,14243.01591,1557098915.9392595,3257155
2025-09-27,109643.46,109743.91,109064.4,109635.85,5501.78643,601947588.9970765,919594
2025-09-28,109635.85,112350.0,109189.99,112163.95,7542.3316,832254944.3203353,1484866
2025-09-29,112163.96,114400.0,111560.65,114311.96,15541.12005,1755247635.871136,2442653
2025-09-30,114311.97,114792.0,112656.27,114048.93,15044.15633,1710713267.1300955,3018331
2025-10-01,114048.94,118649.1,113966.67,118594.99,20036.39516,2332096981.2659335,3430343
2025-10-02,118594.99,121022.07,118279.31,120529.35,19670.83503,2349861127.3445807,3472073
2025-10-03,120529.35,123894.99,119248.3,122232.0,23936.328,2907381076.6813188,4246820
2025-10-04,122232.21,122800.0,121510.0,122391.0,8208.16678,1002272903.3446472,1703590
2025-10-05,122390.99,125708.42,122136.0,123482.31,22043.097553,2730817470.939564,3690670
2025-10-06,123482.32,126199.63,123084.0,124658.54,19494.628793,2428828952.2653184,4206167
2025-10-07,124658.54,125126.0,120574.94,121332.95,21633.99385,2657405799.8705487,4390785
2025-10-08,121332.96,124197.25,121066.14,123306.0,17012.618,2084842842.441617,4184997
2025-10-09,123306.01,123762.94,119651.47,121662.4,21559.36007,2621438087.566733,4231167
2025-10-10,121662.41,122550.0,102000.0,112774.5,64171.93927,7349750905.041158,11404522
2025-10-11,112774.49,113322.39,109561.59,110644.4,35448.51652,3961069473.2311363,6661929
2025-10-12,110644.4,115770.0,109565.06,114958.8,32255.30272,3638546528.7401557,6048575
2025-10-13,114958.81,115963.81,113616.5,115166.0,22557.24033,2591831660.9857492,5739352
2025-10-14,115166.0,115409.96,109866.0,113028.14,31870.32974,3578140778.808499,7425642
2025-10-15,113028.13,113612.35,110164.0,110763.28,22986.48811,2569639641.3527684,5243141
2025-10-16,110763.28,111982.45,107427.0,108194.28,29857.17252,3277596494.7619195,6127094
2025-10-17,108194.27,109240.0,103528.23,106431.68,37920.66838,4022645635.221202,7570685
2025-10-18,106431.68,107499.0,106322.2,107185.01,11123.18766,1189002999.143113,2105450
2025-10-19,107185.0,109450.07,106103.36,108642.78,15480.66423,1670074079.5802343,3205640
2025-10-20,108642.77,111705.56,107402.52,110532.09,19193.4416,2119912185.5934682,4283542
2025-10-21,110532.09,114000.0,107473.72,108297.67,37228.01659,4114477849.932054,6004063
2025-10-22,108297.66,109163.88,106666.69,107567.44,28610.78451,3090291706.4439816,5547903
2025-10-23,107567.45,111293.61,107500.0,110078.18,17573.09294,1924582289.411394,3721614
2025-10-24,110078.19,112104.98,109700.01,111004.89,15005.16913,1662806764.9533324,3241022
2025-10-25,111004.9,111943.19,110672.86,111646.27,6407.96864,714201332.9751225,1238199
2025-10-26,111646.27,115466.8,111260.45,114559.4,13454.47737,1525108635.874829,2463951
2025-10-27,114559.41,116400.0,113830.01,114107.65,21450.23241,2470872744.5489683,3660488
2025-10-28,114107.65,116086.0,112211.0,112898.45,15523.42257,1772753529.8642743,3829845
2025-10-29,112898.44,113643.73,109200.0,110021.29,21079.71376,2356715986.5335455,4481480
2025-10-30,110021.3,111592.0,106304.34,108322.88,25988.82838,2827221287.4227977,6373451
2025-10-31,108322.87,111190.0,108275.28,109608.01,21518.20439,2361590437.9414105,5256872
2025-11-01,109608.01,110564.49,109394.81,110098.1,7378.50431,812389216.4346797,1994214
2025-11-02,110098.1,111250.01,109471.34,110540.68,12107.00087,1336870531.1415012,2652188
2025-11-03,110540.69,110750.0,105306.56,106583.04,28681.18779,3076006652.0015674,7074546
2025-11-04,106583.05,107299.0,98944.36,101497.22,50534.87376,5197697635.212413,9099609
2025-11-05,101497.23,104534.74,98966.8,103885.16,33778.77571,3454273922.700385,6500368
2025-11-06,103885.16,104200.0,100300.95,101346.04,25814.62139,2641767846.305827,5755001
2025-11-07,101346.04,104096.36,99260.86,103339.08,32059.50942,3251112979.305884,6335759
2025-11-08,103339.09,103406.22,101454.0,102312.94,12390.77985,1267165565.3752701,2743819
2025-11-09,102312.95,105495.62,101400.0,104722.96,16338.97096,1687020822.3668208,3404204
2025-11-10,104722.95,106670.11,104265.02,106011.13,22682.25673,2400141664.389342,4710957
2025-11-11,106011.13,107500.0,102476.09,103058.99,24196.50718,2532279071.0069213,5532149
2025-11-12,103059.0,105333.33,100813.59,101654.37,20457.63906,2108514405.2608771,5314132
2025-11-13,101654.37,104085.01,98000.4,99692.02,36198.50771,3654698026.5403805,8125404
2025-11-14,99692.03,99866.02,94012.45,94594.0,47288.14481,4566085156.747207,9551025
2025-11-15,94594.0,96846.68,94558.49,95596.24,15110.89391,1449074019.0674856,4263558
2025-11-16,95596.23,96635.11,93005.55,94261.44,23889.4051,2261295524.8173394,5141394
2025-11-17,94261.45,96043.0,91220.0,92215.14,39218.59806,3674562070.238606,8134322
2025-11-18,92215.14,93836.01,89253.78,92960.83,39835.14769,3641033186.3004584,8786593
2025-11-19,92960.83,92980.22,88608.0,91554.96,32286.6376,2925773651.255958,6822174
2025-11-20,91554.96,93160.0,86100.0,86637.23,39733.19073,3548950335.0984216,7841395
2025-11-21,86637.22,87498.94,80600.0,85129.43,72256.12679,6061348756.341564,11826480
2025-11-22,85129.42,85620.0,83500.0,84739.74,14193.93263,1197657354.9690385,4697593
2025-11-23,84739.75,88127.64,84667.57,86830.0,19734.46418,1708685030.2798696,5063493
2025-11-24,86830.0,89228.0,85272.0,88300.01,24663.12795,2150393686.920318,6189156
2025-11-25,88300.01,88519.99,86116.0,87369.96,19567.0411,1708989000.038937,4838747
2025-11-26,87369.97,90656.08,86306.77,90484.02,21675.82239,1916851896.6699688,4668280
2025-11-27,90484.01,91950.0,90089.91,91333.95,16833.50932,1535778106.5787077,3920172
2025-11-28,91333.94,93092.0,90180.63,90890.7,18830.86012,1721418035.0795596,4229754
2025-11-29,90890.71,91165.65,90155.47,90802.44,7429.88291,673725652.9787655,1677860
2025-11-30,90802.44,92000.01,90336.9,90360.0,9687.74175,884051773.1655338,2154030
2025-12-01,90360.01,90417.0,83822.76,86286.01,34509.01227,2977024047.2231607,7709685
2025-12-02,86286.01,92307.65,86184.39,91277.88,28210.22732,2519515177.662365,6397299
2025-12-03,91277.88,94150.0,90990.23,93429.95,25712.52585,2386223626.86139,6733182
2025-12-04,93429.95,94080.0,90889.0,92078.06,19803.94059,1836645629.33462,5856049
2025-12-05,92078.06,92692.36,88056.0,89330.04,19792.97218,1788436983.8106546,5520352
2025-12-06,89330.04,90289.97,88908.01,89236.79,8409.50016,753420679.8063259,2482221
2025-12-07,89236.8,91760.0,87719.28,90395.31,13021.11185,1167866486.8455212,3953071
2025-12-08,90395.32,92287.15,89612.0,90634.34,15793.63887,1436920018.8936133,5458731
2025-12-09,90634.35,94588.99,89500.0,92678.8,21240.43014,1956261065.6071732,5940223
2025-12-10,92678.81,94476.0,91563.15,92015.37,18998.68083,1758773276.2478049,6025707
2025-12-11,92015.38,93555.0,89260.63,92513.38,19972.58758,1814322119.0658488,6250438
2025-12-12,92513.38,92754.0,89480.0,90268.42,16679.19169,1521683425.5648005,4956719
2025-12-13,90268.43,90634.55,89766.39,90240.01,5895.70788,532250544.5904015,1363754
2025-12-14,90240.0,90472.4,87577.36,88172.17,9416.94004,839079130.8378651,3115749
2025-12-15,88172.16,90052.64,85146.64,86432.08,19778.6919,1732823429.5017288,6747167
2025-12-16,86432.08,88175.98,85266.0,87863.42,18456.05017,1604673428.6527836,6099692
2025-12-17,87863.43,90365.85,85314.0,86243.22,19834.11729,1733348496.6703594,6058638
2025-12-18,86243.23,89477.61,84450.01,85516.41,25405.41763,2204223872.6696463,6946947
2025-12-19,85516.41,89399.97,85110.24,88136.94,21256.65004,1863236625.932864,6482253
2025-12-20,88136.95,88573.07,87795.76,88360.9,5123.13194,451919022.7277595,1174426
2025-12-21,88360.91,89081.77,87600.04,88658.86,7132.87258,629720971.7866651,2030666
2025-12-22,88658.87,90588.23,87900.0,88620.79,14673.2197,1310235631.747926,4847747
2025-12-23,88620.79,88940.0,86601.9,87486.0,13910.32904,1219899607.2677548,4465080
2025-12-24,87486.0,88049.89,86420.0,87669.45,9140.8432,797460526.4738462,2877239
2025-12-25,87669.44,88592.74,86934.72,87225.27,7096.58235,622970453.6497647,1992172
2025-12-26,87225.27,89567.75,86655.08,87369.56,18344.61505,1616722115.636646,4509482
2025-12-27,87369.56,87984.0,87253.05,87877.01,4469.55156,391274205.274436,957536
2025-12-28,87877.0,88088.75,87435.0,87952.71,4446.29285,390327299.1502763,1241426
2025-12-29,87952.71,90406.08,86806.5,87237.13,19894.98575,1762011993.0377953,4793589
2025-12-30,87237.13,89400.0,86845.66,88485.49,13105.91001,1155016404.4786754,3542176
2025-12-31,88485.5,89200.0,87250.0,87648.22,11558.62047,1019746835.2795268,2897396
2026-01-01,87648.21,88919.45,87550.43,88839.04,6279.57133,552991635.2911001,1449281
2026-01-02,88839.05,90961.81,88379.88,89995.13,17396.97301,1558958860.8870876,5010211
2026-01-03,89995.14,90741.16,89314.01,90628.01,7057.46716,635514773.6093655,1684214
2026-01-04,90628.01,91810.0,90628.0,91529.73,10426.5297,952160980.5212084,2207037
2026-01-05,91529.74,94789.08,91514.81,93859.71,20673.59584,1927455243.548076,5485489
2026-01-06,93859.71,94444.44,91262.94,93747.97,18546.41829,1728045542.298375,5018686
2026-01-07,93747.97,93747.97,90675.52,91364.16,14276.49025,1311906952.9749737,4340252
2026-01-08,91364.16,91687.99,89311.0,91099.99,16132.79117,1460622501.2073882,4923472
2026-01-09,91100.0,92082.55,89694.66,90641.28,15590.27939,1416907180.1870482,4155703
2026-01-10,90641.27,90832.0,90404.0,90504.7,3104.11722,281321375.4802981,766357
2026-01-11,90504.7,91283.89,90236.0,91013.65,5477.13594,497245863.9319499,1282029
2026-01-12,91013.66,92519.95,90128.44,91296.2,16188.08268,1479964862.2693064,4099509
2026-01-13,91296.2,96495.0,91042.66,95414.0,23021.51482,2149770801.117704,5025071
2026-01-14,95413.99,97924.49,94559.28,96951.78,22851.89428,2201535821.648615,5346212
2026-01-15,96951.78,97193.34,95134.48,95604.8,21725.81369,2093008182.8437335,4493095
2026-01-16,95604.81,95871.47,94293.46,95550.94,11167.7146,1064019408.0772514,2971559
2026-01-17,95550.94,95639.45,95021.67,95147.77,4280.80137,408161941.6719079,1020527
2026-01-18,95147.77,95531.12,93615.4,93673.14,6895.17819,654773743.2677118,1488785
2026-01-19,93673.14,93673.14,91910.2,92631.0,14295.52747,1326770336.049047,3359066
2026-01-20,92630.99,92870.0,87895.98,88427.66,22007.3261,1989676668.5941782,6064031
2026-01-21,88427.66,90574.0,87263.53,89454.73,20617.50372,1837708115.3597033,6419053
2026-01-22,89454.73,90359.99,88515.37,89559.67,10825.50492,969910623.3559886,3743412
2026-01-23,89559.68,91224.99,88578.36,89600.26,13918.48919,1248772265.678843,4619907
2026-01-24,89600.26,89957.39,89162.08,89225.34,4226.56737,378464146.0918812,959854
2026-01-25,89225.34,89319.13,86074.72,86670.36,14426.22019,1264233689.841581,3720178
2026-01-26,86670.36,88860.0,86509.63,88347.08,17766.51453,1560135758.989215,4798083
2026-01-27,88347.08,89523.16,87304.33,89250.0,13125.40425,1160026853.5895033,3787336
2026-01-28,89249.99,90600.0,88833.65,89299.99,14332.18502,1283919840.851472,4385791
2026-01-29,89300.0,89348.0,83383.33,84650.16,30431.38201,2610381587.9100037,5598749
2026-01-30,84650.16,84735.75,81118.0,84260.49,35195.84793,2918624066.481832,8998829
2026-01-31,84260.5,84270.02,75719.9,78741.09,39491.89133,3155264093.623044,7384976
2026-02-01,78741.1,79424.0,75700.0,76968.21,25395.48168,1974920557.0473866,8001906
2026-02-02,76968.22,79360.0,74604.0,78738.61,42273.59016,3260752444.4613295,10085578
2026-02-03,78738.6,79186.81,72945.5,75770.21,39120.10889,2986903008.574792,9199445
2026-02-04,75770.21,76971.52,71888.0,73165.83,38375.36,2852834631.5391464,10724002
2026-02-05,73165.84,73341.18,62345.0,62909.86,106298.82899,7198745594.280694,15364010
2026-02-06,62909.87,71751.33,60000.0,70580.26,92539.21531,6134056670.6115055,13228528
2026-02-07,70580.26,71690.07,67300.0,69289.38,44255.48036,3058983879.0691524,7167427
2026-02-08,69289.37,72271.41,68888.0,70330.38,21420.53168,1510003758.652842,4870449
2026-02-09,70330.38,71453.53,68308.0,70138.0,29152.72842,2038959539.4209776,6644769
2026-02-10,70138.0,70527.59,67800.0,68841.29,20373.77072,1408623623.3599253,4558658
2026-02-11,68841.28,69292.88,65756.0,67082.52,28718.24602,1930513947.5441146,6956577
2026-02-12,67082.52,68410.52,65118.0,66272.17,24271.74283,1622162145.3342066,6778280
2026-02-13,66272.17,69482.97,65872.46,68853.96,20244.54955,1371286022.3300548,6450842
2026-02-14,68853.97,70560.01,68730.13,69822.95,18114.78393,1260259314.3600264,3803163
2026-02-15,69822.94,70983.0,68000.0,68832.58,22290.05208,1545094572.1368146,4598633
2026-02-16,68832.59,70126.67,67294.11,68892.43,15515.76534,1062797918.2535971,5233849
2026-02-17,68892.43,69241.5,66621.06,67503.52,16489.06921,1117987651.294812,5994853
2026-02-18,67503.52,68476.22,65870.0,66461.0,15492.43839,1040493524.6521236,4548997
2026-02-19,66461.0,67320.0,65631.83,67003.73,14542.26988,968863572.7821527,4679351
2026-02-20,67003.73,68318.39,66280.2,68020.01,35351.87091,2378079150.5678473,5044912
2026-02-21,68020.0,68698.7,67534.69,67975.93,8032.84131,547592078.8471988,1593539
2026-02-22,67975.93,68245.0,67190.0,67643.4,8175.13484,553613335.5774136,2160900
2026-02-23,67643.39,67684.86,63888.79,64656.02,33075.90923,2158158656.1215167,8268695
2026-02-24,64656.01,65026.75,62510.28,64058.15,23102.83622,1469512159.7199352,7553629
2026-02-25,64058.15,69988.83,63913.27,67988.04,30749.99259,2064089702.844435,7096715
2026-02-26,67988.04,68860.0,66500.0,67485.18,20737.77792,1404774665.564561,5426137
2026-02-27,67485.19,68216.8,64914.46,65872.1,21228.58424,1412033823.5619729,3856064
2026-02-28,65872.09,67760.0,63030.0,66973.26,22548.71649,1462864408.2615664,5268514
2026-03-01,66973.26,68199.99,65056.0,65776.47,23201.85859,1545783742.9062002,5312013
2026-03-02,65776.48,70096.0,65259.21,68830.06,32010.38431,2164578841.845917,8397526
2026-03-03,68830.06,69258.08,66158.0,68338.0,24972.2418,1691848669.9430182,7648119
2026-03-04,68338.01,74050.0,67400.0,72666.77,44919.0761,3202864447.6324606,8618302
2026-03-05,72666.77,73558.15,70645.47,70890.72,26590.51253,1917514690.387834,6709160
2026-03-06,70891.02,71419.98,67744.78,68114.02,22629.88722,1574601198.874888,5302899
2026-03-07,68114.02,68551.04,66915.26,67262.91,12719.54315,861729861.8530488,2067476
2026-03-08,67262.91,68200.0,65618.49,65971.2,21593.63901,1447522160.3154545,3028392
2026-03-09,65971.2,69516.65,65821.97,68432.16,28896.7213,1967622051.44968,5093667
2026-03-10,68432.16,71777.0,68391.41,69948.63,32602.57726,2292525621.4405203,5176064
2026-03-11,69948.64,71321.0,68977.91,70191.86,27249.27542,1911300596.2341678,4759855
2026-03-12,70191.86,70800.0,69205.91,70541.34,21997.1605,1540745224.510106,4344059
2026-03-13,70541.34,73913.74,70386.01,70930.0,35996.61678,2591768526.296147,5312490
2026-03-14,70930.01,71307.92,70317.0,71211.95,13017.24737,921308630.9462769,1661739
2026-03-15,71211.95,73199.0,70858.82,72815.24,14037.30704,1007334955.2436514,2509013
2026-03-16,72815.25,74909.08,72270.41,74884.67,28409.53019,2095859511.5648637,5396482
2026-03-17,74884.67,76000.0,73399.19,73909.36,24521.26636,1825976731.3326733,4863187
2026-03-18,73909.37,74672.34,70500.0,71246.54,23392.88093,1692949838.9777424,4733897
2026-03-19,71246.55,71613.79,68793.35,69930.0,22364.81819,1566573949.8604124,4972526
2026-03-20,69930.01,71367.0,69388.0,70510.73,18121.16745,1273812840.6886704,4369971
2026-03-21,70510.73,71100.94,68571.42,68918.12,13397.1675,942693882.026424,1640086
2026-03-22,68918.12,69588.79,67360.66,67859.0,14843.78682,1018926475.3196974,3269152
2026-03-23,67859.0,71817.09,67445.18,70906.45,28335.09119,1980755169.231694,6509730
2026-03-24,70906.45,71400.0,68923.07,70556.74,20702.42244,1455361229.2099645,4191328
2026-03-25,70556.74,72026.09,70408.0,71336.53,17719.50066,1261017988.5394323,3298902
2026-03-26,71336.53,71436.82,68153.0,68820.31,20820.45768,1447699734.339839,3597702
2026-03-27,68820.31,69179.05,65548.25,66407.28,28603.69557,1917318222.709913,4159306
2026-03-28,66407.28,67288.94,65932.09,66377.03,11462.39847,762676255.4470605,1687368
2026-03-29,66377.04,67130.5,65000.0,66010.93,10052.85584,667003517.605987,2146177
2026-03-30,66010.93,68169.65,65800.59,66797.37,18353.38975,1234617690.8920753,3902849
2026-03-31,66797.38,68589.49,65998.05,68284.48,22105.40662,1490168487.4548745,4846820
2026-04-01,68284.49,69310.0,67578.75,68113.92,19020.1899,1301708227.0745244,3741910
2026-04-02,68113.92,68653.38,65712.12,66901.99,20203.47916,1349223461.5270572,4189133
2026-04-03,66901.99,67370.42,66282.0,66964.3,11429.13131,763535606.9777881,2023104
2026-04-04,66964.29,67562.93,66775.91,67300.42,7373.51613,494932017.4232442,1356179
2026-04-05,67300.42,69136.2,66611.66,69034.18,11733.46752,791661977.3234503,2106257
2026-04-06,69034.18,70351.46,68300.0,68853.66,20281.61044,1408020173.0961628,4695523
2026-04-07,68853.66,72761.0,67732.01,71924.22,23750.49661,1649637855.842697,4871706
2026-04-08,71924.22,72857.0,70707.23,71069.93,19802.68627,1418484188.0521238,3843988
2026-04-09,71069.93,73145.0,70466.0,71787.97,18158.42159,1300323816.009336,3773025
2026-04-10,71787.98,73434.0,71426.15,72962.7,17372.63288,1259195636.055663,3176308
2026-04-11,72962.71,73790.0,72513.09,73043.16,9070.94374,662437113.7096702,1472041
2026-04-12,73043.16,73137.24,70505.88,70740.98,13472.46801,962825891.8165911,2068779
2026-04-13,70741.56,74900.0,70566.99,74417.99,24230.21625,1753370318.184166,3673539
2026-04-14,74418.0,76038.0,73795.47,74131.55,26532.94456,1982728989.60722,4033448
2026-04-15,74131.55,75425.0,73514.0,74809.99,14425.04167,1071448612.5370219,3187792
2026-04-16,74809.99,75534.76,73309.85,75154.29,17088.68777,1274894123.7496114,3581890
2026-04-17,75154.28,78333.0,74529.4,77072.0,25941.36694,1987343208.84067,4931167
2026-04-18,77072.01,77420.08,75445.16,75691.76,9141.84456,698008567.9340073,1941112
2026-04-19,75691.76,76240.66,73762.9,73801.79,11369.82232,854915370.4407915,2739751
2026-04-20,73801.8,76558.62,73724.31,75840.97,16993.41034,1280503914.3710752,3563591
2026-04-21,75840.97,76927.57,74821.57,76336.15,14912.57132,1132118272.558311,3616213
2026-04-22,76336.14,79472.82,76132.95,78178.23,19737.51225,1543732085.5463338,3757077
2026-04-23,78178.22,78662.5,76960.0,78257.48,16970.79501,1321349698.3542461,3571796
2026-04-24,78257.48,78581.93,77264.08,77437.13,12675.14315,986932564.6001965,2581973
2026-04-25,77437.13,77885.35,77140.23,77625.0,5685.1142,440684004.3451535,806542
2026-04-26,77625.0,78961.0,77326.51,78657.55,7963.56162,621991973.4848,1476971
2026-04-27,78657.55,79485.66,76459.64,77371.32,16046.92418,1247833550.0841923,2982889
2026-04-28,77371.32,77478.0,75666.6,76342.77,13210.72383,1010412673.5550212,2352446
2026-04-29,76342.78,77904.93,74937.52,75780.0,18279.93022,1399735858.3455281,3032890
2026-04-30,75780.0,76669.14,75323.65,76346.57,10381.81607,790584591.689154,2569480
2026-05-01,76346.58,78914.12,76320.42,78231.13,17315.46502,1347837835.9195642,2388458
2026-05-02,78231.13,79199.48,78040.0,78686.85,6150.87642,482238389.4494098,936143
2026-05-03,78686.84,79447.0,78084.08,78568.57,7425.7929,584294330.4516286,1352474
2026-05-04,78568.58,80776.99,78202.0,79861.01,26042.96135,2074174850.511439,3734604
2026-05-05,79861.01,81791.48,79808.72,80905.52,16947.17995,1374319029.230936,2490930
2026-05-06,80905.53,82850.0,80731.14,81447.01,18798.77396,1535650624.7612484,2794707
2026-05-07,81447.01,81708.32,79500.0,80006.0,16154.80338,1300766382.1023338,2540329
2026-05-08,80006.0,80500.0,79181.48,80193.17,16001.31009,1278566045.4172618,2265372
2026-05-09,80193.18,81080.0,80129.85,80678.4,7548.42177,607596225.9864202,1002373
2026-05-10,80678.41,82479.32,80279.77,82210.07,12034.31882,977223714.2634745,1801608
2026-05-11,82210.07,82380.0,80462.97,81745.65,12951.76056,1053193670.8757555,2576396
2026-05-12,81745.66,81788.0,79843.59,80504.47,12386.25676,1000180167.440677,2345137
2026-05-13,80504.47,81324.64,78754.65,79313.61,14810.05643,1184929842.8688235,2350570
2026-05-14,79313.61,82048.13,78922.0,81089.99,19727.86807,1590656475.018797,3101046
2026-05-15,81090.0,81664.45,78659.0,79113.21,17351.27079,1387152674.368868,3184114
2026-05-16,79113.2,79227.77,77640.0,78148.05,12132.86192,949890656.658851,1597661
2026-05-17,78148.05,78599.99,76735.16,77457.67,8442.7022,658061481.644852,1570433
2026-05-18,77457.67,77800.0,76051.0,77001.87,18745.51678,1439862031.891971,3529328
2026-05-19,77001.88,77414.62,76144.71,76834.36,11024.85978,846904378.3078035,2315121
2026-05-20,76834.36,77853.04,76516.74,77552.23,11296.26307,873091271.4716351,2437754
2026-05-21,77552.24,78200.0,76719.47,77615.52,11318.25841,878168697.2277492,2473146
2026-05-22,77615.52,77900.0,75359.18,75539.5,11272.36134,866200460.9104595,2370783
2026-05-23,75539.5,77404.18,74289.6,76752.01,15086.88814,1138996605.773816,2103536
2026-05-24,76752.0,77543.15,76108.0,77064.96,8398.00156,644925517.611316,1612969
2026-05-25,77064.96,77905.52,76914.25,77322.01,7672.32197,593868004.9975973,1778509
2026-05-26,77322.01,78080.0,75677.97,75930.01,16953.47629,1299609317.6975918,3360745
2026-05-27,75930.01,76174.15,74243.99,74449.3,16877.77483,1270680262.9088242,3367068
2026-05-28,74449.31,74590.77,72582.82,73617.51,21274.02026,1560808525.5072746,3799713
2026-05-29,73617.52,74514.1,72512.49,73460.78,18686.74141,1376106492.906427,2897318
2026-05-30,73460.78,74143.76,73216.0,73884.38,7515.40909,553989386.1115206,1124406
2026-05-31,73884.38,74275.66,73400.0,73674.39,6986.45707,515907532.5891972,1363437
2026-06-01,73674.39,74092.0,70686.68,71408.9,23921.09184,1723958338.6828775,4237773
2026-06-02,71408.9,71408.9,66193.0,66760.83,32858.19586,2253348577.983128,6250677
2026-06-03,66760.84,67516.0,64092.49,64142.75,30138.3065,1998349981.8929439,6676358
2026-06-04,64142.75,64764.32,61383.56,63885.99,43577.17571,2759349733.489383,9057976
2026-06-05,63885.99,63978.0,59130.91,61056.47,55027.28807,3379021750.503328,11658856
2026-06-06,61056.47,61530.05,59500.0,60884.62,19795.58877,1202325958.4682336,5000874
2026-06-07,60884.62,64234.68,60746.0,63332.01,26612.10443,1656650772.813708,4752461
2026-06-08,63332.01,64200.0,62408.0,63085.99,23053.38624,1462563286.7512202,4887564
2026-06-09,63086.0,63526.01,60780.0,61730.0,21636.21959,1347322049.1623404,4347332
2026-06-10,61730.0,62857.99,60755.0,61510.99,15998.71652,986710883.5893747,4655686
2026-06-11,61510.99,63933.02,61510.99,63625.99,17380.94642,1093211866.433885,3446803
2026-06-12,63626.0,64394.44,62829.81,63580.01,16397.0524,1042661512.6796039,3154052
2026-06-13,63580.0,64762.77,63418.66,64458.01,9960.74163,637302050.4867933,1489009
2026-06-14,64458.01,65800.0,63678.83,65746.45,13203.03375,853654539.2638302,2060901
2026-06-15,65746.45,67292.15,65354.0,66328.74,18559.80102,1230675240.537974,3140494
2026-06-16,66328.74,66992.0,65360.92,65675.01,14302.05801,945125184.2518406,2964629
2026-06-17,65675.02,66445.93,63915.77,64509.4,19048.65409,1242898548.0822353,3933123
2026-06-18,64509.4,64806.0,62272.07,62958.01,16935.59661,1076015381.1924088,3573931
2026-06-19,62958.01,63666.0,62316.44,63543.91,14247.424,896102952.7753174,2671918
2026-06-20,63543.9,64388.0,63184.21,64298.01,9522.10324,607077211.7557423,1970081
2026-06-21,64298.01,64588.0,63270.0,63311.99,8034.66333,514862175.7362123,1768294
2026-06-22,63312.0,65622.83,63312.0,64020.01,15423.10851,995034557.1563458,3521337
2026-06-23,64020.01,64275.38,61938.0,62734.57,20222.99292,1268093221.2502334,3626190
2026-06-24,62734.57,63239.06,59102.7,61077.99,30678.28543,1871885814.3078947,5367531
2026-06-25,61078.0,61962.4,58115.01,59794.0,30386.00694,1822854100.0700867,5683275
2026-06-26,59794.64,60759.99,58337.0,60097.27,27403.55723,1636102058.3778124,6019134
2026-06-27,60097.27,60941.17,59855.16,60029.0,9587.22916,578765263.0698456,1763416
2026-06-28,60029.01,60545.01,58905.0,59577.01,8907.13796,533333220.8111167,2299232
2026-06-29,59577.01,60780.57,58900.01,60260.21,20203.14178,1210648237.7440155,4884336
2026-06-30,60260.2,60276.54,58201.0,58624.71,19639.82787,1157911191.4893565,3804809
2026-07-01,58624.71,61334.0,57800.19,60024.0,25093.44662,1491051306.8189511,4166849
2026-07-02,60024.0,62200.0,59588.0,61560.0,21382.14163,1308156569.7200918,3883096
2026-07-03,61560.0,62979.86,61248.86,62583.26,14048.98627,870359931.5832849,2571531
2026-07-04,62583.26,63461.99,62328.24,63144.01,9139.8274,574233846.0826051,1643288
2026-07-05,63144.01,63999.0,62436.59,63650.0,9172.07758,577866444.607444,1790183
2026-07-06,63650.01,64700.0,61306.84,64042.02,21435.28437,1347956046.4032269,3777895
2026-07-07,64042.93,64314.0,62671.39,63363.99,16834.20823,1069267686.8886092,3282102
2026-07-08,63364.0,63761.99,61544.56,62290.0,18620.09796,1160087170.620036,3598487
2026-07-09,62290.01,63500.0,61705.29,63230.0,16742.80672,1050849813.269484,3176050
2026-07-10,63230.01,64692.83,62926.01,64161.72,17589.00122,1126097961.002051,2927425
2026-07-11,64161.72,64504.11,63819.0,63819.0,9151.97432,587469874.5668087,1406178
2026-07-12,63819.01,64290.11,63640.83,63780.0,13914.83703,889938572.3679433,1919605
2026-07-13,63780.0,64425.0,61824.97,62334.52,21682.50204,1361096729.9510434,3349712
2026-07-14,62334.52,65100.0,62272.2,65043.98,20552.41384,1310854500.6805303,3080945
2026-07-15,65043.99,65600.0,64485.0,64756.28,18401.89741,1195648323.7685184,2668919
2026-07-16,64756.28,64997.52,63748.74,63830.2,18764.52679,1206498386.3771937,2813481
2026-07-17,63830.2,64387.99,62537.56,63931.67,18189.89389,1152546029.3402514,3239296
2026-07-18,63931.67,64865.0,63886.65,64834.22,8031.18012,515954648.6863699,1088701
2026-07-19,64834.21,64967.25,64280.0,64722.54,8379.91474,541559101.9129946,1464337
2026-07-20,64722.55,65799.0,63100.0,65255.51,21323.48702,1379182710.2630444,3606847
2026-07-21,65255.51,66956.15,65148.75,66556.16,18618.28087,1232802690.07422,3005241
2026-07-22,66556.15,66739.89,65553.67,66114.49,18074.86602,1193958918.306832,3381825
2026-07-23,66114.5,66313.14,64650.0,65098.97,14698.22673,959991207.460394,2557299
2026-07-24,65098.98,65808.59,63739.75,64139.99,16821.2718,1086879409.1640515,2467691
2026-07-25,64140.0,64475.28,63810.0,64375.0,8863.0503,568282056.0835841,1005338
2026-07-26,64375.01,65577.0,64293.81,65399.99,7933.06089,513834097.4623594,1138023
2026-07-27,65400.0,65744.6,63605.56,63755.86,14791.90543,961311197.9853868,2921636
2026-07-28,63755.86,64100.0,62742.47,63915.0,13889.82996,881901504.4936239,2679943
2026-07-29,63915.0,64744.81,63267.34,63984.28,16780.11912,1075624907.649938,3615294
2026-07-30,63984.29,65176.6,63603.92,64780.02,17131.58486,1104856756.9244137,3246691
2026-07-31,64780.03,65409.56,62466.0,62887.88,20475.60686,1302023180.8966825,2740238
2026-08-01,62887.88,63150.0,62275.0,62823.64,7563.08904,475812069.762356,831983
2026-08-02,62823.65,63796.33,62806.58,63570.0,8387.01154,531238376.4212737,1286064
2026-08-03,63570.01,64080.0,62300.0,63520.0,15543.29743,983698515.9557792,2494364
2026-08-04,63520.0,64549.16,63322.01,64106.56,13690.47909,875057683.2964723,2388039
2026-08-05,64106.55,65025.22,63880.0,64665.23,12742.85528,820929974.2552497,2402227
2026-08-06,64665.24,64999.0,64172.0,64323.61,9864.43284,637366646.7167077,2087951
2026-08-07,64323.61,65390.99,64166.0,64923.19,11807.40403,765604113.5355588,2283383
2026-08-08,64923.2,65192.54,64784.19,64962.6,5760.14298,374451358.8306199,540447
2026-08-09,64962.6,65474.46,64730.08,64901.59,7031.23606,457366207.4042235,803981
2026-08-10,64901.59,65391.14,63806.27,63970.01,13638.40877,880502559.6531125,2054347
2026-08-11,63970.01,64515.43,63238.0,63600.0,12891.63248,823992195.6659181,1660517
2026-08-12,63600.01,64500.0,63310.34,63479.99,13627.06822,868963134.2285606,1990499
2026-08-13,63479.99,64010.0,62802.27,63490.86,10793.85853,685844694.2494848,2078777
2026-08-14,63490.86,63617.45,62535.24,63043.56,12340.82899,777408844.7057977,2184530
2026-08-15,63043.56,63187.98,62920.0,63086.01,5405.16038,340890632.3578836,540313
2026-08-16,63086.01,63390.0,62716.0,62900.0,4737.23135,298698048.5551315,640294
2026-08-17,62900.0,64610.01,62751.1,64532.1,14255.64713,909366051.0685227,2111256
2026-08-18,64532.11,65058.81,64027.85,64725.42,11789.91312,759405329.8294215,1608019
2026-08-19,64725.42,70000.0,64166.0,69334.79,29054.29976,1954769139.093191,4160596
2026-08-20,69334.78,73400.0,68902.22,73025.15,35904.79287,2562053707.6099834,6249114
2026-08-21,73027.02,79500.0,73027.02,78338.03,44339.56568,3401672760.033361,8928944
2026-08-22,78338.03,78828.15,76500.0,77074.93,18524.50847,1433768388.597238,3950045
2026-08-23,77074.94,78052.85,75545.67,77734.0,15367.23185,1182628276.059433,3627829
2026-08-24,77734.0,80000.0,76670.01,78992.75,30179.29391,2367960844.302849,6334409
2026-08-25,78992.76,81272.62,77851.0,78539.14,24772.51394,1972170530.2745976,6360202
2026-08-26,78539.13,79251.6,77632.58,79023.75,14613.75887,1148236055.8792386,4284527
2026-08-27,79023.75,80848.74,78546.13,80249.58,16265.53695,1297370375.4734786,4932285
2026-08-28,80249.59,81478.87,76888.0,77845.87,19756.43646,1560927602.2789407,4822157
2026-08-29,77845.88,78330.0,77382.37,78230.0,7016.30257,545867984.8485777,1519886
2026-08-30,78230.0,79400.0,77000.0,77682.0,9085.42405,712506539.5644648,2404922
2026-08-31,77682.0,79250.0,77392.0,78581.29,15303.90602,1198158182.2374198,4354737
2026-09-01,78581.3,79220.61,76420.0,77439.0,14130.63949,1101387276.6513293,3662805
2026-09-02,77439.01,77792.0,76264.0,77340.01,13070.9782,1008333112.5875233,3312492
2026-09-03,77340.01,82300.0,76968.0,81270.37,19806.42247,1579639079.8471653,4460645
2026-09-04,81270.37,81427.75,78660.0,79660.77,19198.62549,1538393292.4845457,3417900
2026-09-05,79660.77,80200.0,79442.0,79831.75,9117.2402,727162100.1671113,1276050
2026-09-06,79831.75,80559.99,79233.0,80341.83,8854.81827,707422224.4650549,1658245
2026-09-07,80341.83,80443.99,78680.0,79112.01,10572.45495,839882674.5423373,2464603
2026-09-08,79112.0,79485.0,77620.01,78455.8,19235.06605,1510077235.7348557,4339646
2026-09-09,78455.8,79760.0,77770.0,78306.43,14129.92027,1114730666.1522026,3338369
2026-09-10,78306.43,78564.39,76464.0,76568.72,15320.36904,1188117943.7720196,3080707
2026-09-11,76568.73,79890.0,76046.58,77225.7,19713.27729,1528809492.0993094,3614263
2026-09-12,77225.71,77505.67,77059.75,77278.73,8060.44455,622849159.587739,748574
2026-09-13,77278.73,77450.0,76500.0,76842.01,6959.68366,536092213.4014395,1275503
2026-09-14,76842.01,79600.0,76388.72,78189.21,15413.48971,1204563026.1329377,3225517
2026-09-15,78189.2,78250.46,74967.97,75644.48,21682.71734,1658732238.399597,3419940
2026-09-16,75644.48,76560.76,75064.82,76206.01,14887.98431,1129239634.1136029,3057694
2026-09-17,76206.0,77179.47,76000.0,76417.01,10925.02219,836425871.0388924,2014558
2026-09-18,76417.01,81400.0,76296.0,80883.87,23907.77962,1897722787.4099941,3193109
2026-09-19,80883.86,81951.0,80844.58,81249.99,10663.76706,867621845.5839787,1648389
2026-09-20,81249.99,81497.33,80126.04,81178.0,10993.68293,887777953.2912456,1941278
2026-09-21,81178.01,87395.67,80850.22,86620.0,31963.17872,2702559883.822699,4461004
2026-09-22,86620.01,86717.6,85114.0,86208.56,21328.45813,1834036114.8607607,3386775
2026-09-23,86208.57,87278.54,83500.01,84397.6,22150.93277,1887736866.156798,3301896
2026-09-24,84397.6,84942.45,82874.93,84410.24,18703.61971,1572042147.6733966,3293051
2026-09-25,84410.24,85255.0,83183.0,84099.99,18056.26519,1520256978.6934962,2848596
2026-09-26,84100.0,84473.58,83798.0,84433.1,8058.06465,677578219.0470139,946697
2026-09-27,84433.11,85159.03,84132.0,84472.0,9615.12963,813976178.3611975,1358160
2026-09-28,84472.01,84999.0,82563.0,83500.01,20960.72462,1746910498.4279687,3568162
2026-09-29,83500.01,84563.99,82775.94,83663.66,13461.55331,1126045075.038149,2908693
2026-09-30,83663.66,85649.95,82956.11,83623.6,18522.82001,1557658297.3238585,3218097
2026-10-01,83623.59,85273.65,83186.0,84880.05,16766.05675,1409485416.762407,3018436
2026-10-02,84880.05,87220.0,83888.0,84518.01,26497.91954,2268231876.268694,3801781
2026-10-03,84518.0,85037.63,84456.02,84753.56,6889.63623,583778209.308663,668698
2026-10-04,84753.57,84877.09,84719.99,84802.17,855.51037,72550359.3171347,68610
