date,open,high,low,close,volume,quote_volume,trades
2019-07-05,0.00449,0.0046,0.00355,0.0038701,1928297660.0,7506289.3981729,18589
2019-07-06,0.0038741,0.0039426,0.0033652,0.0035,1010744287.0,3692804.0887838,17250
2019-07-07,0.003504,0.00365,0.0034,0.0035377,530613992.0,1860353.0716839,9394
2019-07-08,0.0035378,0.0035618,0.0034,0.003458,308445688.0,1078072.0056618,4958
2019-07-09,0.003462,0.003582,0.0033564,0.0034545,253375582.0,878528.3337763,5690
2019-07-10,0.0034576,0.0035294,0.003251,0.0033421,241274866.0,824623.2566485,4797
2019-07-11,0.0033358,0.0033395,0.0030909,0.003209,202811394.0,648510.3219133,3721
2019-07-12,0.0032105,0.0033598,0.0031562,0.0032622,228622573.0,747823.3548409,3638
2019-07-13,0.0032626,0.0032653,0.0031358,0.0032532,110731940.0,354130.9919463,2494
2019-07-14,0.0032474,0.0032788,0.0029008,0.0029175,216658454.0,671776.7078685,3994
2019-07-15,0.0029175,0.0031354,0.0028011,0.0030712,220027648.0,648584.7204098,4003
2019-07-16,0.0030624,0.0031009,0.0027323,0.0027994,159080438.0,461906.8700423,2878
2019-07-17,0.0027995,0.002986,0.0027063,0.0028822,320691294.0,919480.3057747,4607
2019-07-18,0.0028663,0.0031251,0.0027797,0.0030979,263423204.0,774480.1838155,4024
2019-07-19,0.0031008,0.0031068,0.0029202,0.0030232,101195703.0,304506.8227047,2002
2019-07-20,0.0030131,0.0031528,0.003,0.0030787,106012025.0,326290.2279813,2009
2019-07-21,0.0030701,0.0031272,0.0029872,0.0030468,59882988.0,182107.796684,1259
2019-07-22,0.0030533,0.0030816,0.00292,0.0029567,92581872.0,278105.8869385,1458
2019-07-23,0.0029567,0.0029567,0.002816,0.0028192,161810410.0,464551.6009363,2183
2019-07-24,0.0028195,0.0028819,0.0027629,0.0028741,68490381.0,192993.7931772,1510
2019-07-25,0.0028555,0.0029487,0.0028476,0.0028656,149944114.0,432899.4548801,1845
2019-07-26,0.0028656,0.0029033,0.0028177,0.0028798,29517748.0,84631.765541,921
2019-07-27,0.00289,0.00296,0.0027551,0.0028047,86758314.0,246314.3610014,1669
2019-07-28,0.0027973,0.0028137,0.002726,0.0027932,49225120.0,137249.2673918,1132
2019-07-29,0.0027884,0.002884,0.0027637,0.0027663,65013586.0,182414.3384964,1331
2019-07-30,0.0027663,0.00288,0.0027457,0.0027885,60008976.0,166683.8136127,1134
2019-07-31,0.0027949,0.0028761,0.0027889,0.0028583,58120004.0,164406.1593939,1227
2019-08-01,0.0028571,0.0030617,0.0028248,0.0029004,85256838.0,244823.4964215,1721
2019-08-02,0.0029004,0.0029272,0.002861,0.0028996,64329108.0,186215.9253597,1269
2019-08-03,0.0028951,0.002949,0.0028768,0.0028994,54942112.0,160178.9665178,1042
2019-08-04,0.0028999,0.0029985,0.0028424,0.0029222,88247046.0,256618.2061217,1636
2019-08-05,0.0029196,0.0031998,0.0029196,0.0030428,213937390.0,653683.4162101,3709
2019-08-06,0.0030443,0.003084,0.0029124,0.0029557,128970146.0,386490.7698691,2161
2019-08-07,0.0029569,0.0030399,0.0028759,0.0029856,116634874.0,344429.3492764,2185
2019-08-08,0.0029972,0.0029972,0.0028544,0.0029635,72936578.0,212916.7999943,1388
2019-08-09,0.0029725,0.0029725,0.0028375,0.002913,53069425.0,153392.1416535,1265
2019-08-10,0.0029211,0.0029432,0.0028085,0.00285,40358430.0,115277.3644961,1086
2019-08-11,0.00285,0.0028995,0.0028281,0.0028874,48121732.0,138096.3126889,985
2019-08-12,0.0028893,0.0028999,0.0028455,0.0028516,37974663.0,108677.3690065,672
2019-08-13,0.0028527,0.0028643,0.0027802,0.0028339,47685418.0,134777.4417494,925
2019-08-14,0.0028343,0.0028399,0.0027,0.0027161,89470204.0,247232.6691252,1687
2019-08-15,0.002723,0.0027695,0.0025578,0.0025916,83406275.0,220382.7517671,1354
2019-08-16,0.0025813,0.002718,0.0025112,0.002651,71483283.0,186165.5802512,1375
2019-08-17,0.002648,0.0026632,0.0025778,0.0026251,48842468.0,128498.7044777,925
2019-08-18,0.0026254,0.0027214,0.002587,0.002695,101432503.0,269985.3732027,1432
2019-08-19,0.0026922,0.0028146,0.0026676,0.0027816,111202618.0,307142.0015209,1670
2019-08-20,0.0027787,0.002785,0.0026798,0.002712,29889824.0,81475.615874,753
2019-08-21,0.002712,0.0027153,0.0025633,0.0026398,67428707.0,176725.5390195,1134
2019-08-22,0.0026404,0.0027165,0.0025527,0.0026458,70942538.0,185986.4321207,1186
2019-08-23,0.0026486,0.002693,0.0026153,0.0026668,49673949.0,131663.6106386,979
2019-08-24,0.0026644,0.0026785,0.0025647,0.0026222,61164375.0,159646.9680027,1084
2019-08-25,0.0026274,0.002666,0.002582,0.0026237,59937736.0,157023.8600297,1005
2019-08-26,0.0026192,0.0027048,0.0025931,0.0026409,75309430.0,199016.8301209,1363
2019-08-27,0.002637,0.00264,0.0025763,0.0025993,57813268.0,150603.5090185,1029
2019-08-28,0.0026014,0.0026014,0.0024772,0.0024965,73252773.0,185903.6828395,1271
2019-08-29,0.0024956,0.0024958,0.002339,0.0024244,101148551.0,244083.9718115,1554
2019-08-30,0.0024421,0.0024939,0.0023879,0.0024449,37512207.0,91452.165737,661
2019-08-31,0.0024517,0.0024878,0.0024118,0.0024528,36338319.0,88910.901217,759
2019-09-01,0.002452,0.0024851,0.0024109,0.0024603,35956148.0,87955.0629917,624
2019-09-02,0.0024635,0.0026167,0.0024377,0.0025882,53572010.0,134993.7509008,784
2019-09-03,0.002591,0.0026054,0.0025313,0.0025593,64679806.0,165657.4630955,676
2019-09-04,0.0025647,0.0025711,0.0025,0.0025097,32789886.0,83028.1243305,623
2019-09-05,0.0025221,0.0025221,0.0024589,0.0024909,44318276.0,110317.6478277,610
2019-09-06,0.0024897,0.0025054,0.0024,0.00247,81836503.0,201290.7073895,1064
2019-09-07,0.0024504,0.002507,0.0024029,0.0024542,79415288.0,194294.9956682,1016
2019-09-08,0.002465,0.0025306,0.0024,0.0024585,89538969.0,221365.3086316,1243
2019-09-09,0.0024453,0.0024692,0.0024,0.0024351,61000344.0,148246.672559,749
2019-09-10,0.0024351,0.0024612,0.0023849,0.0024185,33219768.0,80278.7880638,576
2019-09-11,0.0024193,0.0024386,0.0023601,0.0023892,52887165.0,126276.4375278,822
2019-09-12,0.0023912,0.002431,0.0023265,0.0023928,48542765.0,114902.0050849,836
2019-09-13,0.0023906,0.0024128,0.00236,0.002399,35317492.0,84321.8782152,489
2019-09-14,0.0024089,0.002437,0.0023701,0.0024192,33725888.0,80951.362747,592
2019-09-15,0.0024233,0.0024851,0.00239,0.002426,68647235.0,168207.4389437,959
2019-09-16,0.0024249,0.0024765,0.0023978,0.0024309,53894420.0,131496.9055907,794
2019-09-17,0.0024316,0.00262,0.00241,0.002594,135069011.0,340342.5003018,2007
2019-09-18,0.0025972,0.0028103,0.0025527,0.0027015,344364326.0,939384.6812023,4313
2019-09-19,0.0027028,0.0027322,0.00254,0.0027083,161540615.0,424854.3858168,3053
2019-09-20,0.0027062,0.0027062,0.0026147,0.0026497,70347331.0,186885.2290101,1070
2019-09-21,0.0026497,0.0026619,0.002539,0.0025772,76693753.0,198082.9465368,1410
2019-09-22,0.00257,0.002599,0.0025173,0.002562,92043003.0,234727.5137176,1153
2019-09-23,0.0025697,0.0025719,0.0024474,0.0024474,76897524.0,192843.4630472,1293
2019-09-24,0.0024474,0.0024731,0.0019317,0.00219,155910476.0,355810.893788,2672
2019-09-25,0.0021893,0.0022241,0.0020665,0.0021757,110825983.0,238611.5297814,1228
2019-09-26,0.0021693,0.0022375,0.0020185,0.0021396,204393624.0,440500.0095894,3252
2019-09-27,0.0021348,0.002199,0.0020985,0.0021723,88331166.0,189407.8158865,1024
2019-09-28,0.002176,0.002232,0.0021401,0.0021974,75661286.0,164946.4913098,806
2019-09-29,0.0022033,0.0022399,0.0021235,0.0021854,79511131.0,173236.9316626,1077
2019-09-30,0.002203,0.0024733,0.0021264,0.0023747,263988602.0,611055.3974284,2920
2019-10-01,0.0023791,0.0025001,0.0023473,0.0023503,151860063.0,366404.8683536,1975
2019-10-02,0.0023561,0.0023692,0.0022809,0.002323,88034436.0,203689.2773743,1232
2019-10-03,0.002323,0.002325,0.0022353,0.0022977,81022529.0,184522.7664885,1075
2019-10-04,0.002298,0.002325,0.0022398,0.0022893,52314904.0,119067.2010393,1186
2019-10-05,0.0022882,0.0023051,0.0022614,0.0022922,53899895.0,123029.7429155,933
2019-10-06,0.0022993,0.0023048,0.0022275,0.0022677,72718151.0,165193.8709228,1056
2019-10-07,0.0022659,0.0023654,0.0022368,0.002331,69936960.0,161417.5445744,1166
2019-10-08,0.0023298,0.0023649,0.0022783,0.0023096,89953557.0,207768.8431194,1304
2019-10-09,0.0023096,0.0023652,0.0022467,0.0023522,128533706.0,298466.548583,1676
2019-10-10,0.002346,0.0023512,0.0022927,0.0023,74485978.0,172919.975521,1201
2019-10-11,0.002297,0.0023411,0.002225,0.0022909,61631506.0,140068.5202548,1152
2019-10-12,0.002288,0.002331,0.0022751,0.0023196,70374904.0,162044.5857652,1085
2019-10-13,0.002319,0.0026349,0.0023096,0.0024317,506106744.0,1269755.040071,5970
2019-10-14,0.0024312,0.00275,0.0024067,0.0025415,1281613616.0,3277165.7663431,7451
2019-10-15,0.0025482,0.00258,0.0024652,0.0024964,142270876.0,359498.2938966,2048
2019-10-16,0.0024957,0.0026228,0.0024851,0.0026162,271043906.0,694195.3357253,3538
2019-10-17,0.0026117,0.002974,0.0025778,0.0027405,673256287.0,1866457.9199916,9098
2019-10-18,0.002735,0.0028665,0.0026311,0.0026952,262101555.0,719205.8273501,3979
2019-10-19,0.0026944,0.0027949,0.0026467,0.0027176,103435078.0,282136.0536796,1978
2019-10-20,0.0027179,0.0027575,0.0026407,0.0027151,113305480.0,305690.1649745,2079
2019-10-21,0.0027079,0.00295,0.0025758,0.0026879,287285773.0,759359.4142949,4533
2019-10-22,0.0026884,0.0027297,0.0025085,0.0025311,948366683.0,2480669.5558579,6894
2019-10-23,0.0025386,0.002565,0.0021,0.0024746,399964920.0,973322.7552559,4450
2019-10-24,0.0024805,0.00255,0.0024,0.0025183,176236372.0,437753.4574939,2560
2019-10-25,0.0025183,0.0027799,0.0024652,0.0026694,330206126.0,868998.1752594,5006
2019-10-26,0.0026694,0.002898,0.0025577,0.0025925,327792551.0,888681.3213306,6416
2019-10-27,0.0026061,0.0029542,0.00256,0.00264,203666784.0,543525.1141082,4041
2019-10-28,0.00264,0.00275,0.0026234,0.0026265,179647401.0,479667.3773259,2826
2019-10-29,0.0026379,0.0026952,0.002615,0.002625,136659517.0,363775.995419,2059
2019-10-30,0.002625,0.0026649,0.0025584,0.0025936,202095484.0,527918.3331954,3272
2019-10-31,0.0025891,0.0026357,0.0025473,0.0025844,93293235.0,241478.350839,1735
2019-11-01,0.0025811,0.002675,0.0025522,0.0025932,48308176.0,124717.2067407,1051
2019-11-02,0.0025994,0.0026114,0.0025463,0.0025773,136199748.0,350689.0206989,1623
2019-11-03,0.0025966,0.0026369,0.0025427,0.0025861,94348909.0,242668.8448301,1684
2019-11-04,0.0025803,0.0026,0.002538,0.0025751,89131455.0,229169.3569459,1509
2019-11-05,0.0025751,0.0026045,0.0025501,0.0025927,89896615.0,232074.105944,1408
2019-11-06,0.0025881,0.00261,0.00255,0.0025952,78525806.0,203331.1711664,1246
2019-11-07,0.0025942,0.0027449,0.0025694,0.0026982,389579342.0,1036428.7445475,4923
2019-11-08,0.002704,0.0027096,0.002535,0.0026381,140343464.0,369370.7242137,2342
2019-11-09,0.0026442,0.0027351,0.0026079,0.0027126,355378242.0,952818.4790796,4385
2019-11-10,0.0027078,0.0027849,0.0026647,0.0027565,305203814.0,832966.0225998,3994
2019-11-11,0.0027653,0.0027687,0.002646,0.002705,145629942.0,392033.9468769,2111
2019-11-12,0.0027042,0.0027244,0.0026456,0.0027078,116799812.0,315123.3743982,1946
2019-11-13,0.0027078,0.0027078,0.0026316,0.0026821,140516822.0,374483.9162879,1735
2019-11-14,0.0026751,0.0026862,0.0025991,0.002662,99444648.0,263406.6324299,1271
2019-11-15,0.002665,0.00271,0.0025767,0.002658,196496664.0,518197.3872271,2630
2019-11-16,0.0026504,0.0027,0.0026164,0.0026606,184465713.0,487015.1983086,1694
2019-11-17,0.0026517,0.0026619,0.0025893,0.0026258,81768446.0,214911.4953511,2029
2019-11-18,0.0026159,0.0026299,0.0025002,0.0025395,72203979.0,184812.4387132,1361
2019-11-19,0.0025351,0.0025381,0.0024883,0.0025165,60867796.0,152878.5207749,1082
2019-11-20,0.0025206,0.00259,0.0025065,0.0025225,51326120.0,129835.1923574,929
2019-11-21,0.0025209,0.0025302,0.0023,0.0024063,139844659.0,338044.3620159,2384
2019-11-22,0.0024059,0.0024426,0.0021733,0.0023524,165526781.0,381962.221009,2959
2019-11-23,0.0023528,0.0024,0.0022612,0.0023994,172491867.0,404092.1891281,2226
2019-11-24,0.0023892,0.0023892,0.0022323,0.002233,116673800.0,268427.1344049,2037
2019-11-25,0.0022368,0.0023206,0.002081,0.0022539,150700812.0,331627.6040853,2489
2019-11-26,0.0022474,0.0023128,0.0022267,0.0022663,46658505.0,105199.0760522,962
2019-11-27,0.0022663,0.00236,0.0021866,0.0023208,98287760.0,224926.865487,1829
2019-11-28,0.0023153,0.00236,0.0022614,0.002272,98429449.0,227564.266978,1370
2019-11-29,0.0022735,0.0023733,0.0022722,0.0023593,98438924.0,228861.4707533,1704
2019-11-30,0.0023593,0.0023607,0.0022711,0.0022918,59323424.0,137880.7716394,1208
2019-12-01,0.002292,0.0023041,0.0022323,0.0022648,71868565.0,162403.8794169,1197
2019-12-02,0.0022708,0.0022708,0.0021588,0.0022194,163746405.0,359449.3427011,2008
2019-12-03,0.0022209,0.0022366,0.0021504,0.0021782,189360213.0,413673.081481,1729
2019-12-04,0.0021731,0.002245,0.0021123,0.0021682,259311714.0,558513.7885279,2651
2019-12-05,0.0021717,0.0022199,0.0021406,0.0021755,75250597.0,163409.8635672,1366
2019-12-06,0.0021705,0.0022416,0.0021001,0.0021944,132923213.0,285321.6160095,1932
2019-12-07,0.0021894,0.0022504,0.0021601,0.002184,61735171.0,135374.7733582,1149
2019-12-08,0.0021834,0.0022499,0.00215,0.0021971,56793315.0,123777.9293823,927
2019-12-09,0.0021968,0.0022182,0.0021624,0.0021699,56493155.0,123320.3295068,1079
2019-12-10,0.0021635,0.002215,0.0020903,0.0021368,116186991.0,250651.549806,1939
2019-12-11,0.0021402,0.002174,0.0021079,0.0021379,86454061.0,185263.8907547,1437
2019-12-12,0.0021515,0.0021688,0.0021166,0.0021344,55721062.0,119010.2052586,1215
2019-12-13,0.0021348,0.0022245,0.0021051,0.0021321,105233189.0,225284.5446188,1649
2019-12-14,0.0021274,0.0022933,0.002048,0.0021127,97345597.0,207398.5168396,1957
2019-12-15,0.0021127,0.0022,0.0020938,0.0021363,61190730.0,130328.0996293,1147
2019-12-16,0.0021363,0.002177,0.0020705,0.002087,99814375.0,211390.3050799,1807
2019-12-17,0.0020835,0.0021318,0.0019349,0.0019772,209772941.0,424578.7954269,3011
2019-12-18,0.0019772,0.0020868,0.0019,0.0020483,444442268.0,870348.0472402,4342
2019-12-19,0.0020541,0.00218,0.0019819,0.0020205,91905080.0,186094.5631342,1918
2019-12-20,0.0020241,0.002065,0.0019933,0.0020273,58972845.0,119422.2809564,1333
2019-12-21,0.0020275,0.0020676,0.0020091,0.00204,83070907.0,168837.0797789,988
2019-12-22,0.00204,0.0020859,0.00202,0.0020808,97517875.0,200685.0407088,1293
2019-12-23,0.0020848,0.0021261,0.0020276,0.002051,187366372.0,387064.5566676,2449
2019-12-24,0.002047,0.0020546,0.002002,0.0020184,61042421.0,124019.5488345,828
2019-12-25,0.002017,0.0020591,0.0019938,0.00204,108851438.0,219272.8519508,1431
2019-12-26,0.0020331,0.0020545,0.0020013,0.0020245,81831506.0,166144.9421372,1315
2019-12-27,0.0020172,0.0020426,0.0019901,0.0020277,145246366.0,292897.111266,2662
2019-12-28,0.0020277,0.0020624,0.0020277,0.0020458,48401004.0,98985.7019813,840
2019-12-29,0.0020458,0.0020609,0.0020259,0.0020329,50528679.0,103109.251072,1206
2019-12-30,0.0020391,0.0020585,0.0020123,0.0020264,76749919.0,155865.050563,1253
2019-12-31,0.002019,0.0020299,0.0019862,0.0020135,131083309.0,263669.5438729,1701
2020-01-01,0.0020136,0.002039,0.0020001,0.0020245,31462868.0,63641.7243588,594
2020-01-02,0.0020245,0.00204,0.0019485,0.0019951,191887309.0,383678.683621,3047
2020-01-03,0.0019986,0.0020359,0.0019675,0.0020236,109005714.0,219205.8720154,1585
2020-01-04,0.0020185,0.0021035,0.002015,0.0020579,123468609.0,252973.4196484,1739
2020-01-05,0.0020589,0.0020922,0.0020361,0.0020696,66437147.0,137479.8748634,1381
2020-01-06,0.0020722,0.0021345,0.0020692,0.0021344,108507039.0,228574.117152,2069
2020-01-07,0.0021333,0.0021847,0.0020777,0.002175,121470207.0,260701.1627782,2594
2020-01-08,0.0021687,0.0022263,0.0020701,0.0020886,205791636.0,445699.4791268,3049
2020-01-09,0.0020934,0.0021633,0.0020642,0.0021282,80515080.0,170069.0357442,1607
2020-01-10,0.0021323,0.0022024,0.0020983,0.0021973,222205607.0,479342.4052965,2424
2020-01-11,0.0022007,0.002225,0.0021651,0.0021754,94223943.0,206824.576257,1601
2020-01-12,0.0021671,0.0022133,0.002155,0.0021963,49775170.0,109076.8642685,959
2020-01-13,0.0022026,0.0022049,0.0021652,0.0021704,66668055.0,145441.6378037,1120
2020-01-14,0.0021656,0.0023955,0.0021653,0.0023581,297610208.0,673174.5182545,6853
2020-01-15,0.0023493,0.0024913,0.0023204,0.0023669,262905054.0,629428.8752113,5310
2020-01-16,0.002376,0.0023768,0.0022871,0.0023276,98583989.0,229189.4602076,2232
2020-01-17,0.0023343,0.0025035,0.0023159,0.0024868,280388650.0,674329.9143101,6904
2020-01-18,0.0024855,0.0025225,0.0024441,0.0025115,191378707.0,476043.3281316,3616
2020-01-19,0.0025137,0.0025833,0.0023269,0.0023982,161012185.0,396644.3206246,3300
2020-01-20,0.0023999,0.002427,0.0023468,0.002376,95126694.0,226674.7070272,1602
2020-01-21,0.002376,0.0023952,0.0023206,0.0023673,130661575.0,309571.9669503,1817
2020-01-22,0.0023583,0.0023904,0.0023353,0.0023434,72204081.0,170050.3534049,1239
2020-01-23,0.002343,0.0023478,0.002225,0.0022514,120187526.0,274071.6614037,1882
2020-01-24,0.002255,0.0022885,0.0021968,0.0022698,72913429.0,164349.3331685,1288
2020-01-25,0.0022706,0.0022708,0.0022265,0.002251,74227952.0,166763.0941735,1107
2020-01-26,0.0022497,0.0023091,0.0022364,0.0022854,62787676.0,142883.1090959,978
2020-01-27,0.002291,0.0024271,0.002256,0.0023594,189983953.0,448297.5406082,3060
2020-01-28,0.0023594,0.0024437,0.00235,0.0024412,132996335.0,318112.7270321,2589
2020-01-29,0.0024427,0.0024477,0.002371,0.0023865,113185519.0,273563.7715825,1949
2020-01-30,0.0023865,0.0024243,0.0023544,0.002414,78294104.0,187151.2974131,1711
2020-01-31,0.0024164,0.002445,0.002362,0.0023776,106455643.0,255257.4029701,2084
2020-02-01,0.0023776,0.002417,0.002373,0.002417,69780779.0,167435.213174,1349
2020-02-02,0.0024118,0.0025018,0.0023985,0.0024406,140214787.0,343316.6552992,2226
2020-02-03,0.0024397,0.0024999,0.0024133,0.0024156,147181393.0,359020.9142825,1896
2020-02-04,0.0024167,0.0025178,0.002398,0.0025169,243323349.0,597908.7975405,3153
2020-02-05,0.0025169,0.0026334,0.0024723,0.0025826,456737744.0,1176603.1873283,5776
2020-02-06,0.0025823,0.0026896,0.0025696,0.0026654,245310854.0,647962.0531427,3356
2020-02-07,0.0026642,0.0028,0.00265,0.0027888,266969073.0,727141.7084975,3890
2020-02-08,0.0027997,0.0032674,0.0027214,0.003171,1122954168.0,3427065.4437997,14093
2020-02-09,0.0031745,0.00489,0.003078,0.0032235,1307461248.0,4387183.3386601,16911
2020-02-10,0.0032155,0.0032819,0.0028417,0.0029663,810781064.0,2442801.1223181,11186
2020-02-11,0.0029618,0.0030946,0.0028388,0.00303,584824864.0,1735903.9708484,7190
2020-02-12,0.00303,0.0031568,0.003,0.0030589,621222834.0,1921241.1247386,8907
2020-02-13,0.0030599,0.00321,0.0029443,0.0030132,570152846.0,1746493.5171208,8474
2020-02-14,0.0030098,0.0031383,0.0029756,0.0031067,305515579.0,936964.8970276,4295
2020-02-15,0.0031099,0.0031769,0.00284,0.0029031,320372009.0,962924.255486,5427
2020-02-16,0.0028981,0.0029621,0.0026023,0.0027522,417846263.0,1166207.4591773,5864
2020-02-17,0.0027475,0.0027561,0.0025241,0.0026999,273787797.0,722781.1652419,4589
2020-02-18,0.0026819,0.0028656,0.0026538,0.0028286,344021674.0,952560.353294,4662
2020-02-19,0.0028349,0.0028615,0.0025623,0.0026085,156007562.0,431022.9693632,2608
2020-02-20,0.002603,0.0029909,0.0025415,0.002653,268076623.0,701142.8013234,4598
2020-02-21,0.00265,0.002712,0.0025891,0.0026481,153113913.0,405653.1389199,2756
2020-02-22,0.0026469,0.0026533,0.0025719,0.0025887,107733066.0,280373.3504366,1609
2020-02-23,0.0025905,0.00268,0.0025905,0.0026772,85158189.0,226037.1647182,1835
2020-02-24,0.0026744,0.0026822,0.0025436,0.0025769,123771852.0,322457.2711818,2154
2020-02-25,0.0025831,0.0025831,0.0023977,0.0024734,256619298.0,640168.5477847,3161
2020-02-26,0.0024733,0.0024864,0.0021862,0.0023439,305716693.0,716963.186265,4029
2020-02-27,0.0023406,0.0024164,0.0023,0.0023255,164177168.0,385248.6092808,2746
2020-02-28,0.0023255,0.00237,0.0022161,0.0022823,99076087.0,227185.2019179,1865
2020-02-29,0.0022823,0.0023197,0.0022112,0.0022153,84399218.0,192113.0657465,1606
2020-03-01,0.0022202,0.00231,0.0022004,0.0022794,116810334.0,261897.3306336,1557
2020-03-02,0.0022688,0.0023792,0.0022205,0.0023471,96449244.0,222718.1405257,1415
2020-03-03,0.002358,0.0025355,0.0023082,0.0024985,276081118.0,671112.0769997,3421
2020-03-04,0.0025031,0.0025033,0.00237,0.0024187,201587827.0,489659.1410787,2916
2020-03-05,0.0024251,0.00253,0.0024222,0.0024771,122219349.0,303298.6443776,1845
2020-03-06,0.0024773,0.0024999,0.0024374,0.0024862,63303104.0,156581.8282267,1067
2020-03-07,0.0024862,0.002494,0.0023922,0.0024066,112331024.0,274065.4933689,1874
2020-03-08,0.0024029,0.0024039,0.00215,0.0021671,181080658.0,409495.1145693,2318
2020-03-09,0.0021714,0.0022269,0.00208,0.0022203,229780847.0,495505.1597539,3073
2020-03-10,0.0022261,0.0022641,0.0021533,0.0022053,225779527.0,497417.6637588,2034
2020-03-11,0.0022021,0.0022181,0.0020911,0.0021716,128060172.0,276757.0683378,1922
2020-03-12,0.0021759,0.0021805,0.0014003,0.0015996,770809996.0,1371747.4750542,8233
2020-03-13,0.0014971,0.0017957,0.0011345,0.001746,372647948.0,576891.4279804,5736
2020-03-14,0.0017226,0.0017771,0.001633,0.0016632,224230347.0,383070.6883629,2570
2020-03-15,0.0016603,0.0018329,0.0016295,0.0016932,183272920.0,312321.6671357,2228
2020-03-16,0.0016903,0.0017,0.0013478,0.0015817,232810549.0,363940.060302,3201
2020-03-17,0.0015927,0.0016873,0.001546,0.0016219,120269653.0,195460.5793496,2139
2020-03-18,0.0016219,0.0016428,0.0015442,0.0016002,153194705.0,243416.0466868,1861
2020-03-19,0.0016002,0.0018395,0.001565,0.00177,315677300.0,542036.5792307,4300
2020-03-20,0.00176,0.0019361,0.0016412,0.0017802,301406598.0,549712.7336175,3612
2020-03-21,0.0017758,0.0018533,0.0016964,0.0017849,120948576.0,214116.8143742,1811
2020-03-22,0.0017897,0.0018447,0.0017155,0.0017264,156027627.0,276867.3134478,2134
2020-03-23,0.0017222,0.0018576,0.0016843,0.0018192,180308460.0,317423.7698743,2691
2020-03-24,0.001826,0.001916,0.0018047,0.0018641,283137113.0,528507.2082652,3263
2020-03-25,0.0018511,0.0018947,0.00179,0.0018296,170824524.0,311397.448818,2213
2020-03-26,0.0018296,0.0018673,0.0018111,0.0018519,151160373.0,278189.0635489,2052
2020-03-27,0.001847,0.00187,0.0017408,0.0017766,195811269.0,357772.1882257,2423
2020-03-28,0.0017754,0.001809,0.0016981,0.001783,314932329.0,551695.2037164,2993
2020-03-29,0.001793,0.0018001,0.0017018,0.0017099,156054263.0,274235.5002347,1521
2020-03-30,0.0017202,0.0019,0.001709,0.0017957,116199882.0,209005.1621196,1781
2020-03-31,0.0017994,0.0018286,0.001792,0.0018041,67786701.0,122640.6495089,1031
2020-04-01,0.0018,0.0018743,0.0017659,0.0018631,152034474.0,275018.0521159,2214
2020-04-02,0.0018637,0.00195,0.0018405,0.0018777,146749302.0,275878.2067717,2664
2020-04-03,0.0018701,0.0019048,0.0018205,0.0018467,97617758.0,182682.9173681,1707
2020-04-04,0.0018467,0.0019085,0.001828,0.0018697,92364705.0,171975.0423738,1878
2020-04-05,0.0018745,0.0018817,0.0018381,0.00185,55344996.0,102948.0755909,1117
2020-04-06,0.0018469,0.0019901,0.0018443,0.0019896,210552139.0,404969.9438537,2889
2020-04-07,0.0019894,0.0020209,0.0019501,0.0019943,202961221.0,404348.0515124,3286
2020-04-08,0.0019966,0.0020426,0.001967,0.0020038,90384907.0,181433.6588447,1875
2020-04-09,0.0020037,0.0020454,0.0019852,0.0020151,89094012.0,178788.6917034,1581
2020-04-10,0.0020226,0.0020356,0.001873,0.001965,212989247.0,415612.1065842,2868
2020-04-11,0.0019654,0.00201,0.0019349,0.0019645,76732837.0,150870.2622808,1405
2020-04-12,0.001968,0.002012,0.0019392,0.0019673,114627907.0,227211.0937112,1606
2020-04-13,0.0019641,0.001976,0.0018598,0.0019533,185252284.0,353876.4873966,1979
2020-04-14,0.0019533,0.001977,0.0019315,0.0019656,67401911.0,131813.2255334,1039
2020-04-15,0.0019646,0.0019731,0.00189,0.0019061,143735234.0,276627.8513691,1612
2020-04-16,0.001903,0.00203,0.0018722,0.001995,151063706.0,298010.705173,2639
2020-04-17,0.0020002,0.0020047,0.001974,0.001983,55401970.0,110154.4382993,991
2020-04-18,0.0019886,0.0020962,0.00198,0.0020445,92775767.0,187867.640744,1569
2020-04-19,0.0020463,0.0020722,0.0019977,0.0020313,70450538.0,142682.7817103,1323
2020-04-20,0.0020311,0.0020499,0.0019354,0.0019787,180876115.0,359046.4892506,2253
2020-04-21,0.0019688,0.002,0.00193,0.00195,85730979.0,168119.8724752,1413
2020-04-22,0.0019497,0.00205,0.0019425,0.0019957,72581197.0,144374.9979777,1422
2020-04-23,0.002,0.0021612,0.0019886,0.0020512,243115927.0,503945.5755465,3169
2020-04-24,0.0020449,0.0021075,0.0020431,0.0020832,75266362.0,156359.207153,1643
2020-04-25,0.002083,0.0021533,0.0020682,0.0021245,173120551.0,365457.6335329,2340
2020-04-26,0.0021303,0.0024479,0.0021283,0.0024076,804586311.0,1862979.6169068,8348
2020-04-27,0.0024032,0.0024137,0.0022821,0.0023456,475335023.0,1116917.3411549,5459
2020-04-28,0.0023459,0.0023565,0.0023,0.002327,168260399.0,392514.4222182,2497
2020-04-29,0.0023178,0.002542,0.0023066,0.0024912,354821868.0,862062.2319087,5628
2020-04-30,0.0024912,0.0026904,0.0023585,0.002433,551825570.0,1385867.5402929,7570
2020-05-01,0.0024225,0.0025466,0.0024176,0.0024749,220229951.0,546004.6852572,3070
2020-05-02,0.0024782,0.0025574,0.0024501,0.002542,148558121.0,370503.1706736,2607
2020-05-03,0.0025393,0.00258,0.00246,0.0025001,167590125.0,420950.8543186,2798
2020-05-04,0.0025011,0.0025094,0.0023375,0.0024605,151515338.0,368279.2105878,2903
2020-05-05,0.0024717,0.0025183,0.0024266,0.0024738,83336304.0,205477.6291481,1966
2020-05-06,0.0024776,0.0025623,0.0024572,0.0024801,180927494.0,453917.8332488,3001
2020-05-07,0.00248,0.0026975,0.002459,0.0026627,366483103.0,948174.8280381,4978
2020-05-08,0.0026632,0.0026894,0.00257,0.0026052,259386572.0,677557.1479049,3922
2020-05-09,0.0026157,0.0026453,0.00251,0.0026075,216543474.0,562426.0916558,3182
2020-05-10,0.0025986,0.0025986,0.0022425,0.0024602,321215093.0,783225.2741246,5494
2020-05-11,0.0024432,0.0025373,0.0022957,0.0024125,192928752.0,468213.1042754,3659
2020-05-12,0.0024045,0.0025132,0.0023993,0.0024606,107312600.0,264048.687036,2209
2020-05-13,0.0024605,0.0025425,0.0024433,0.0025245,168041623.0,418515.0146847,2559
2020-05-14,0.0025191,0.00265,0.0025,0.0025813,315454837.0,811373.9757881,3986
2020-05-15,0.0025727,0.0025828,0.00246,0.0024888,126538135.0,318661.5576809,2278
2020-05-16,0.0025005,0.0025345,0.0024728,0.0025098,82487862.0,206933.3920906,1624
2020-05-17,0.0025084,0.00258,0.002502,0.0025331,103697263.0,264196.2481452,1773
2020-05-18,0.002525,0.0025899,0.0024987,0.0025379,93527053.0,237501.3709998,1726
2020-05-19,0.00254,0.0025775,0.0024903,0.0025487,90146889.0,227798.7734264,1954
2020-05-20,0.0025394,0.002566,0.0024588,0.0025002,152417725.0,383866.5324658,2223
2020-05-21,0.0025012,0.0025514,0.0024215,0.0024774,205051270.0,511507.0032261,3300
2020-05-22,0.002477,0.00255,0.0024627,0.0025175,107093984.0,269970.584408,2059
2020-05-23,0.0025199,0.0025631,0.0024936,0.0025271,160030526.0,405837.2017885,2278
2020-05-24,0.0025356,0.002563,0.002435,0.0024461,160499199.0,403733.5330536,2733
2020-05-25,0.0024379,0.002548,0.00242,0.0025324,280489252.0,702077.5953126,3411
2020-05-26,0.0025251,0.0025329,0.0024571,0.0024781,186936703.0,466997.7642974,2897
2020-05-27,0.002478,0.0025186,0.0024499,0.0024998,176177359.0,437824.3907332,2777
2020-05-28,0.0024998,0.0025599,0.0024816,0.002523,256317241.0,645907.8753635,4064
2020-05-29,0.0025265,0.0025533,0.0024995,0.0025303,142622163.0,359681.1037209,2714
2020-05-30,0.0025302,0.0026299,0.002526,0.002618,217499962.0,560631.0386615,3622
2020-05-31,0.0026181,0.0026822,0.002543,0.0025599,164715811.0,425526.4192976,2690
2020-06-01,0.0025492,0.0027,0.0024997,0.0026452,291813951.0,756638.4100097,3732
2020-06-02,0.0026565,0.0026647,0.0024696,0.0025666,325981114.0,841648.8315524,4088
2020-06-03,0.002561,0.002596,0.0025177,0.0025867,130101538.0,333715.9715711,2049
2020-06-04,0.0025805,0.0026679,0.0025656,0.002623,326193437.0,853836.6994264,4436
2020-06-05,0.002623,0.0026288,0.00258,0.0025907,114071897.0,296241.1084868,1687
2020-06-06,0.0025834,0.0025999,0.0025507,0.0025926,101549796.0,261860.9801569,1585
2020-06-07,0.0025899,0.0026135,0.00255,0.0025987,132911616.0,342257.8998906,2050
2020-06-08,0.0025912,0.0026038,0.0025505,0.0025786,121989865.0,314335.926134,1793
2020-06-09,0.0025848,0.0025888,0.00249,0.0025586,116938419.0,298457.6589451,1995
2020-06-10,0.0025586,0.0025953,0.0025409,0.0025761,113128228.0,289821.6848484,1804
2020-06-11,0.00258,0.0025938,0.0023801,0.0024463,169023974.0,421840.1084492,3029
2020-06-12,0.0024463,0.002525,0.0024351,0.0025,133287436.0,331958.4995403,1833
2020-06-13,0.002514,0.0025338,0.0024869,0.0025241,93631744.0,235195.5829396,1318
2020-06-14,0.0025135,0.0025319,0.002482,0.0024972,65658290.0,164610.2118627,1324
2020-06-15,0.0024886,0.0024941,0.0023963,0.0024743,147058752.0,357761.1497187,2370
2020-06-16,0.0024701,0.0024999,0.0024087,0.0024855,219496367.0,539262.6337821,2327
2020-06-17,0.0024856,0.0025024,0.0024445,0.0024806,136091681.0,336718.9780542,1868
2020-06-18,0.0024788,0.0024919,0.0024322,0.0024575,59137982.0,146070.5429987,1973
2020-06-19,0.002457,0.002468,0.0024256,0.0024399,84566591.0,206576.6209316,1773
2020-06-20,0.0024399,0.0024516,0.0023921,0.0024419,59266072.0,144330.9942659,1049
2020-06-21,0.0024466,0.0024658,0.0024277,0.0024295,84555177.0,207128.3528245,1193
2020-06-22,0.0024357,0.0025001,0.002432,0.0024731,118270150.0,291759.9292755,1709
2020-06-23,0.0024828,0.0024909,0.0024615,0.0024686,96686433.0,239484.9837968,1508
2020-06-24,0.0024775,0.0024867,0.0023772,0.0024193,124832546.0,303149.3226385,1852
2020-06-25,0.0024247,0.0024288,0.002378,0.0024081,73502899.0,176637.5662861,1271
2020-06-26,0.0024111,0.002417,0.0023465,0.0023593,69665977.0,164907.9763022,1377
2020-06-27,0.0023515,0.0023635,0.00227,0.0023045,94867690.0,219390.5136092,1775
2020-06-28,0.0023041,0.0023459,0.0022784,0.0023142,116394661.0,269144.6225921,1378
2020-06-29,0.0023194,0.00233,0.0022908,0.0023077,85385099.0,197138.5829113,1278
2020-06-30,0.002303,0.0023257,0.0022821,0.0023185,58330225.0,134528.6093107,1307
2020-07-01,0.0023101,0.0023709,0.0023,0.0023203,120676078.0,279624.2740791,1728
2020-07-02,0.0023251,0.0023498,0.0022839,0.002322,97986311.0,227145.1767734,1569
2020-07-03,0.0023172,0.0023345,0.0022882,0.0023139,76387879.0,176631.6846083,1385
2020-07-04,0.0023155,0.0023312,0.0022993,0.0023012,60368775.0,139621.3407288,1682
2020-07-05,0.0023033,0.002319,0.0022787,0.0023029,88706470.0,203511.940083,1812
2020-07-06,0.0022988,0.002622,0.002293,0.0026193,461294907.0,1145683.7076717,5806
2020-07-07,0.0026191,0.0032953,0.0025999,0.003136,3965388549.0,11296654.2796901,38231
2020-07-08,0.003136,0.0055999,0.00291,0.0047657,23657008079.0,101506480.1454668,249147
2020-07-09,0.0047626,0.0050594,0.00405,0.0043214,8645375967.0,39396921.9196507,101738
2020-07-10,0.0043225,0.0043334,0.0034001,0.0035313,7536784753.0,28616762.4320576,78683
2020-07-11,0.0035313,0.0039634,0.0034555,0.0038041,3661361202.0,13597638.0074029,43223
2020-07-12,0.0038109,0.0038501,0.0035799,0.0036358,1546255634.0,5732308.1072014,22147
2020-07-13,0.0036357,0.0036408,0.0029767,0.0031677,4007164536.0,13240577.8039092,44346
2020-07-14,0.0031587,0.00339,0.0030302,0.0032888,2316802022.0,7460255.248298,25055
2020-07-15,0.0032911,0.0032911,0.003056,0.0030868,1386310052.0,4373658.419156,14159
2020-07-16,0.0030954,0.003096,0.0028525,0.0029808,2070197756.0,6142528.434345,22399
2020-07-17,0.0029808,0.00309,0.0029169,0.0030528,1885382230.0,5696096.9511496,20631
2020-07-18,0.0030528,0.00368,0.003013,0.003449,8332776850.0,28742129.4304675,78567
2020-07-19,0.0034488,0.0037789,0.0033104,0.0033811,3659586603.0,12865942.9511564,39495
2020-07-20,0.0033811,0.0034315,0.00314,0.0032201,1636615889.0,5349671.3886051,20224
2020-07-21,0.0032192,0.0033659,0.0031377,0.0032979,1188848956.0,3864934.8707007,16473
2020-07-22,0.0032978,0.003305,0.0032089,0.0032868,591711751.0,1919262.4792835,8618
2020-07-23,0.0032917,0.003337,0.0032598,0.0032997,792908063.0,2614505.8742008,10427
2020-07-24,0.0033035,0.0033114,0.0031465,0.0032113,824558980.0,2649236.9666265,11301
2020-07-25,0.0032173,0.0033433,0.0031761,0.0032475,867588133.0,2807891.5361998,13236
2020-07-26,0.003249,0.0032898,0.0031728,0.0032323,888157925.0,2862719.2834422,11216
2020-07-27,0.0032374,0.0032441,0.0030019,0.0031694,1339892681.0,4208685.6063935,19472
2020-07-28,0.00317,0.003225,0.0031238,0.003188,649930752.0,2058669.3336146,9254
2020-07-29,0.0031886,0.0033,0.0031542,0.0031663,675383829.0,2172422.1423591,9617
2020-07-30,0.0031707,0.00325,0.0031334,0.0032281,523325865.0,1672086.1434204,7163
2020-07-31,0.0032304,0.0032412,0.0031713,0.003224,632319202.0,2028272.1757877,8136
2020-08-01,0.0032204,0.0039,0.0032001,0.0037144,4298724372.0,15649896.4345169,54095
2020-08-02,0.0037096,0.0037754,0.0031,0.0033312,2337347018.0,8071547.8496419,31924
2020-08-03,0.0033351,0.0034468,0.0032995,0.0033818,859800460.0,2913667.2908861,11674
2020-08-04,0.0033828,0.0035746,0.0033608,0.0035458,1247440791.0,4314999.3460969,18131
2020-08-05,0.0035459,0.0035871,0.003449,0.0035028,1099317757.0,3870838.1560359,11922
2020-08-06,0.0035024,0.00365,0.00345,0.00356,908946142.0,3214795.5584259,11915
2020-08-07,0.0035602,0.003617,0.003317,0.003496,886076044.0,3111647.7448727,12418
2020-08-08,0.0034961,0.0035249,0.0033981,0.0035134,624969060.0,2177104.3180651,8728
2020-08-09,0.0035179,0.00353,0.0034103,0.0034664,587442093.0,2034641.8548864,7965
2020-08-10,0.0034677,0.0035559,0.0034089,0.0034952,826540351.0,2884467.9623053,12588
2020-08-11,0.0034947,0.0035778,0.0033168,0.0033906,1215986149.0,4194766.145394,16427
2020-08-12,0.0033873,0.0034965,0.0033165,0.0034606,829060692.0,2848256.4723717,12181
2020-08-13,0.0034599,0.0035208,0.003335,0.0034877,1141424689.0,3933847.5470325,15982
2020-08-14,0.0034877,0.00359,0.0034334,0.0035731,852114289.0,2975855.6089809,12567
2020-08-15,0.0035736,0.0036243,0.0034617,0.0035328,1065565878.0,3787913.7584651,14904
2020-08-16,0.0035319,0.0035583,0.0034382,0.0035302,756283319.0,2651576.1684257,9673
2020-08-17,0.003526,0.0037238,0.0034927,0.0035877,1596549440.0,5773809.2790098,28754
2020-08-18,0.0035821,0.0037165,0.0034297,0.003476,1122350625.0,4004406.767029,22262
2020-08-19,0.0034795,0.0035374,0.0033341,0.0034196,865075768.0,2954690.3556467,20199
2020-08-20,0.0034197,0.0035043,0.0033711,0.0034399,483184322.0,1662882.312253,8666
2020-08-21,0.0034386,0.0035651,0.0033622,0.0033776,1082335183.0,3757250.4948844,16479
2020-08-22,0.0033808,0.0034605,0.0033201,0.0034331,663901289.0,2251536.3415581,9515
2020-08-23,0.003431,0.0034562,0.0033607,0.0033955,449353268.0,1532571.0136298,7322
2020-08-24,0.0033977,0.0034689,0.0033715,0.0034116,697239432.0,2378653.7568736,11380
2020-08-25,0.003407,0.0034261,0.0032092,0.0032907,804352786.0,2676804.7130931,12375
2020-08-26,0.0032896,0.0033461,0.0032323,0.0032939,573094887.0,1888107.7696452,9453
2020-08-27,0.0032916,0.0033078,0.0031427,0.0031997,811879341.0,2609215.1911322,11821
2020-08-28,0.0032017,0.0032687,0.0031678,0.0032637,414648220.0,1338117.1540403,6087
2020-08-29,0.0032636,0.0032973,0.0032285,0.0032749,443081651.0,1447550.3207351,6459
2020-08-30,0.0032751,0.003348,0.003261,0.0032981,456619299.0,1504546.8232153,7491
2020-08-31,0.0032981,0.0033054,0.0031841,0.0032073,792397030.0,2573557.4867629,11098
2020-09-01,0.0032061,0.0032784,0.0031519,0.0032411,728992095.0,2356677.4557427,11798
2020-09-02,0.0032398,0.0032626,0.0030101,0.0031161,758139570.0,2369224.2622862,13948
2020-09-03,0.0031185,0.0031265,0.0027,0.0027692,1202524192.0,3562917.9593444,20893
2020-09-04,0.0027704,0.0029632,0.0027006,0.0028797,1128781264.0,3174925.3487933,17045
2020-09-05,0.0028789,0.0029269,0.0026786,0.002764,1058743832.0,2978479.7580831,16157
2020-09-06,0.0027505,0.0028068,0.0026875,0.0027859,1165434272.0,3204635.2102014,14684
2020-09-07,0.0027814,0.0028373,0.002688,0.0028151,930536034.0,2567211.936954,14173
2020-09-08,0.0028188,0.0028386,0.0026742,0.002747,602845165.0,1655447.6132549,11497
2020-09-09,0.0027455,0.002805,0.0026863,0.002779,603901405.0,1663114.6217744,9284
2020-09-10,0.0027779,0.002848,0.0027522,0.0028077,589054621.0,1648875.7554617,10331
2020-09-11,0.002806,0.00282,0.0027364,0.0027956,633511688.0,1758441.8354963,8993
2020-09-12,0.0027952,0.0028321,0.00276,0.0028141,538072324.0,1501887.9754189,8718
2020-09-13,0.002814,0.0028199,0.0027403,0.002783,736932793.0,2049607.0627069,11723
2020-09-14,0.0027836,0.0028143,0.0027334,0.0027851,622069203.0,1725639.7525465,10167
2020-09-15,0.0027876,0.0028699,0.0027751,0.0028278,837946931.0,2365715.4890741,15850
2020-09-16,0.002827,0.00285,0.00278,0.0028053,718768350.0,2026840.4931084,11484
2020-09-17,0.0028079,0.0028577,0.0027625,0.0028078,708422584.0,1984643.6543185,10988
2020-09-18,0.0028047,0.002815,0.0027468,0.0027892,596841059.0,1665094.3326415,9387
2020-09-19,0.0027876,0.0028099,0.0027635,0.0027901,896333697.0,2499702.9878142,9964
2020-09-20,0.0027918,0.0028009,0.0027234,0.0027729,893231406.0,2473479.8999428,11573
2020-09-21,0.0027732,0.0028035,0.0025688,0.0025972,1374012637.0,3696051.3004661,17357
2020-09-22,0.0025946,0.0026588,0.0025802,0.0026432,695672800.0,1823237.6238216,9391
2020-09-23,0.002641,0.0026493,0.0025364,0.0025444,499113155.0,1296563.690616,9153
2020-09-24,0.0025403,0.0026612,0.0025277,0.0026297,388768314.0,1012883.2684491,7154
2020-09-25,0.0026297,0.0027192,0.0026146,0.0027015,513362397.0,1371685.0867377,8468
2020-09-26,0.0027044,0.002761,0.0026724,0.0026972,311169397.0,843037.9304019,5603
2020-09-27,0.0026973,0.0027351,0.0026581,0.0026954,236020657.0,636286.326072,4693
2020-09-28,0.0026989,0.002744,0.0026183,0.0026504,360127848.0,971226.4224299,6506
2020-09-29,0.0026474,0.0027049,0.0026307,0.0026727,412130695.0,1103937.3813013,6981
2020-09-30,0.0026726,0.0026767,0.0026158,0.002635,347857639.0,919617.4751447,5485
2020-10-01,0.0026361,0.002682,0.0025575,0.0026246,647138169.0,1709785.0826221,9569
2020-10-02,0.0026272,0.0026273,0.0025307,0.0025902,1051902545.0,2716587.3480998,13793
2020-10-03,0.0025902,0.002637,0.0025737,0.0025955,344780813.0,897849.0769505,5473
2020-10-04,0.0025964,0.00268,0.0025893,0.002633,362664249.0,954724.2166042,6657
2020-10-05,0.0026328,0.0026577,0.0025983,0.0026182,293823603.0,771803.6410384,5473
2020-10-06,0.00262,0.0026285,0.0025687,0.002597,535191865.0,1390631.5272547,9155
2020-10-07,0.0025969,0.0026111,0.002556,0.0025895,748742886.0,1938349.3577428,10946
2020-10-08,0.0025881,0.00263,0.002541,0.0026098,612786395.0,1587798.9064013,10179
2020-10-09,0.0026097,0.0026701,0.0025891,0.0026556,497901615.0,1315405.2347598,8899
2020-10-10,0.002657,0.0027291,0.0026472,0.0026621,445615862.0,1195729.5499949,8741
2020-10-11,0.0026583,0.0027065,0.0026499,0.0026701,251041495.0,671745.7768219,4919
2020-10-12,0.0026711,0.0027069,0.0026251,0.002667,421633283.0,1128703.3337628,6897
2020-10-13,0.0026669,0.0026745,0.0026285,0.0026385,283366623.0,751356.3028867,5795
2020-10-14,0.0026353,0.0026609,0.0026173,0.002639,216681797.0,571355.9811264,4306
2020-10-15,0.002639,0.0026391,0.0025648,0.0025953,311443948.0,810766.7631847,5706
2020-10-16,0.0025953,0.0026243,0.0025511,0.002604,445955018.0,1149309.2557391,6545
2020-10-17,0.0026029,0.0026091,0.0025733,0.0025834,142653202.0,368781.5176136,3261
2020-10-18,0.0025842,0.0026055,0.00258,0.0025874,159785875.0,414026.9375506,3822
2020-10-19,0.0025884,0.002622,0.002569,0.0025921,477390409.0,1238983.092381,7043
2020-10-20,0.002592,0.0026252,0.0025792,0.0025944,417212777.0,1083832.2759072,6829
2020-10-21,0.0025956,0.00266,0.002593,0.002623,436248066.0,1144267.6216778,6863
2020-10-22,0.002623,0.002693,0.0026159,0.002646,323059048.0,859245.8045868,6050
2020-10-23,0.0026453,0.0026889,0.0026225,0.0026423,242563993.0,644441.2320783,4709
2020-10-24,0.0026423,0.002647,0.00261,0.0026365,212440872.0,558952.5186044,4210
2020-10-25,0.0026354,0.0026749,0.002617,0.0026528,297054117.0,787423.5357913,4718
2020-10-26,0.0026529,0.0029115,0.002632,0.002665,1878752405.0,5215509.5535593,22872
2020-10-27,0.0026658,0.0027076,0.002615,0.0026702,577987198.0,1544514.2414427,7294
2020-10-28,0.0026719,0.0026907,0.0025628,0.0025801,437955580.0,1149211.1849274,6161
2020-10-29,0.00258,0.0026117,0.0025061,0.0025733,289596529.0,744454.4179578,4905
2020-10-30,0.0025726,0.0026002,0.002501,0.0025833,440794399.0,1129277.3757226,7284
2020-10-31,0.0025833,0.0026004,0.00255,0.0025666,260150933.0,668851.5578158,3460
2020-11-01,0.0025676,0.002586,0.0025521,0.0025745,132635410.0,340878.567419,2266
2020-11-02,0.0025765,0.0025887,0.0025065,0.0025162,291742975.0,741026.4434721,4825
2020-11-03,0.0025164,0.002531,0.0024519,0.0025141,332644991.0,830857.8961369,7479
2020-11-04,0.0025189,0.002565,0.002486,0.002546,279402291.0,705809.1219687,3942
2020-11-05,0.0025467,0.0026769,0.0025467,0.0026347,341107854.0,889799.9919871,5755
2020-11-06,0.002635,0.0028201,0.0026298,0.002757,922020782.0,2531149.7647877,14796
2020-11-07,0.0027578,0.0028424,0.002592,0.00267,748360033.0,2045744.3230889,9852
2020-11-08,0.0026724,0.002739,0.0026513,0.002707,244213598.0,662169.1675075,3867
2020-11-09,0.002707,0.0028095,0.002657,0.002672,438097273.0,1189760.976234,6048
2020-11-10,0.0026671,0.0029198,0.0026536,0.002761,807091404.0,2248327.0777726,11410
2020-11-11,0.0027601,0.00295,0.0027419,0.002758,560505263.0,1574204.4922901,8478
2020-11-12,0.00276,0.002802,0.0027253,0.0027788,209777176.0,580208.5179924,3772
2020-11-13,0.0027791,0.0028483,0.0027666,0.0028114,373289403.0,1049225.8315283,5922
2020-11-14,0.0028156,0.0028239,0.002708,0.0027689,308002702.0,851733.6880383,4813
2020-11-15,0.0027731,0.0028285,0.0027221,0.0027718,323892550.0,900636.2102863,6298
2020-11-16,0.0027715,0.0030452,0.0027522,0.00289,1345726687.0,3903185.7132453,23554
2020-11-17,0.0028936,0.0030094,0.0028832,0.0029398,920887323.0,2698140.6671777,19852
2020-11-18,0.0029385,0.003021,0.00281,0.0029085,1015668627.0,2954140.2190957,18163
2020-11-19,0.002909,0.0029689,0.0028549,0.0029068,567308685.0,1653221.39565,12913
2020-11-20,0.0029096,0.0030245,0.0029005,0.002987,880383945.0,2617077.0284611,18511
2020-11-21,0.0029872,0.0036062,0.0029796,0.0035132,3288496045.0,11006146.2801592,60568
2020-11-22,0.0035091,0.00369,0.0031507,0.0033415,2121938713.0,7138244.4298618,38353
2020-11-23,0.0033416,0.0037,0.0032201,0.0036845,1981374929.0,6753129.0998743,34157
2020-11-24,0.0036894,0.0042925,0.0035,0.0042592,5893223305.0,23011987.5302894,115442
2020-11-25,0.0042589,0.0042978,0.003581,0.0037081,2828578294.0,11278180.0588712,58223
2020-11-26,0.0037139,0.0037979,0.0029395,0.0032492,3248357755.0,10590441.9014754,46115
2020-11-27,0.003256,0.0033656,0.0030763,0.0032752,1019204144.0,3282279.3653502,18204
2020-11-28,0.0032752,0.0034841,0.003236,0.0033945,715333106.0,2417430.2704767,15261
2020-11-29,0.0033946,0.0035384,0.00335,0.0034365,577062454.0,1979919.1431838,12154
2020-11-30,0.0034427,0.0035955,0.0034001,0.003561,847539304.0,2978863.9840838,18732
2020-12-01,0.0035597,0.00358,0.0032276,0.0033211,1033683299.0,3545536.2363682,20048
2020-12-02,0.003324,0.0034423,0.0032642,0.0033624,591501037.0,1993771.4788427,13106
2020-12-03,0.003365,0.0035481,0.003345,0.003429,662685216.0,2274893.6327512,14034
2020-12-04,0.003423,0.0034484,0.0032705,0.003283,572169239.0,1921422.6848918,11419
2020-12-05,0.0032821,0.0034153,0.00325,0.0033917,369424898.0,1243315.4757197,8991
2020-12-06,0.003392,0.0034424,0.0033461,0.0033857,285729554.0,970035.6821282,6171
2020-12-07,0.0033881,0.0033985,0.0033,0.003336,312605787.0,1050370.5842075,5219
2020-12-08,0.003336,0.0033624,0.0031105,0.0031723,521543481.0,1702244.3932971,10283
2020-12-09,0.0031725,0.0031851,0.0030037,0.0031562,441109948.0,1371090.639347,9896
2020-12-10,0.0031563,0.003171,0.003059,0.0031043,268351654.0,836396.8087449,6062
2020-12-11,0.0031091,0.0031171,0.0029969,0.0030732,328458778.0,1006490.9199472,7686
2020-12-12,0.0030732,0.00319,0.0030732,0.0031609,334526072.0,1054074.1138627,8454
2020-12-13,0.0031631,0.0032776,0.0031479,0.00326,374401350.0,1207816.4046646,8436
2020-12-14,0.0032604,0.0032888,0.003191,0.003226,297347285.0,962123.5860644,6963
2020-12-15,0.003225,0.0032516,0.0031611,0.0032078,273863826.0,878035.503007,6308
2020-12-16,0.0032073,0.0034448,0.00318,0.0034183,547786094.0,1820044.2953071,14800
2020-12-17,0.0034179,0.0041458,0.003404,0.003722,3421588199.0,13046556.4240671,61767
2020-12-18,0.0037182,0.0039976,0.0035975,0.0038675,1409796634.0,5351454.9660891,30266
2020-12-19,0.0038646,0.0040379,0.0037952,0.0039291,1386297504.0,5456686.0715572,31624
2020-12-20,0.0039264,0.0047496,0.0038,0.0046381,10007395897.0,44638544.3293774,134886
2020-12-21,0.0046405,0.0055,0.004255,0.0047784,10363901378.0,51044439.2345119,167843
2020-12-22,0.0047747,0.0048479,0.00433,0.0045159,2679851524.0,12270905.8322511,56233
2020-12-23,0.0045168,0.0048,0.003623,0.0037449,2674249457.0,11341737.6570571,59869
2020-12-24,0.0037561,0.0045999,0.0036599,0.0045731,1978566747.0,8233700.6830007,42872
2020-12-25,0.0045753,0.004643,0.0043661,0.0045549,1664864616.0,7504258.8529868,31374
2020-12-26,0.0045607,0.0046879,0.0043963,0.0045131,1701026447.0,7677355.8645102,31044
2020-12-27,0.004513,0.0048231,0.0044,0.004547,1843249775.0,8501548.8874443,35193
2020-12-28,0.0045472,0.0047355,0.0045,0.0046015,1074600031.0,4973800.0254177,21180
2020-12-29,0.0046015,0.0046295,0.0042412,0.0045012,1071755865.0,4763180.3150028,23645
2020-12-30,0.0044901,0.00474,0.0044165,0.0046251,1118987751.0,5119055.3377256,22116
2020-12-31,0.0046251,0.0047593,0.00452,0.0046709,929996060.0,4313519.6518959,19833
2021-01-01,0.0046716,0.005697,0.004601,0.00568,3019717963.0,15572484.0552546,64119
2021-01-02,0.0056783,0.013988,0.005524,0.0105264,46333347255.0,431242829.9358908,852634
2021-01-03,0.0105245,0.01405,0.0092693,0.0098209,29648808916.0,341440834.3669245,731105
2021-01-04,0.0098188,0.0115198,0.0076,0.0097613,14328029441.0,136732888.6335106,356510
2021-01-05,0.0097721,0.0102822,0.0088501,0.00997,5427135672.0,51895031.4792406,147886
2021-01-06,0.0099771,0.011,0.0095521,0.01042,6108894506.0,62484629.7756072,167592
2021-01-07,0.0104187,0.0105735,0.0087999,0.0097439,3523998014.0,35331222.2150858,108126
2021-01-08,0.0097517,0.010318,0.0088047,0.00974,2971766597.0,28396997.9331221,88342
2021-01-09,0.0097475,0.01079,0.0096486,0.0101789,3706408260.0,37738955.057632,110343
2021-01-10,0.010189,0.0109155,0.0089534,0.00982,3113405972.0,31586520.5036338,109466
2021-01-11,0.0098162,0.0098455,0.0067094,0.0088326,5840909392.0,48037285.4082227,144828
2021-01-12,0.0088104,0.0091394,0.0078217,0.0080807,2526092815.0,21200652.2527321,69536
2021-01-13,0.0080806,0.0087,0.00777,0.0086738,1818357046.0,14838553.6293008,51263
2021-01-14,0.008679,0.0101,0.0083105,0.0093907,4000190243.0,37038378.339407,101607
2021-01-15,0.0093931,0.0098443,0.0083123,0.0093525,3236586057.0,30023112.3881896,94536
2021-01-16,0.0093568,0.0095675,0.0090727,0.0092374,1640096206.0,15250091.0413073,51617
2021-01-17,0.0092374,0.0093957,0.008779,0.0090987,1438377582.0,13119003.3142249,50359
2021-01-18,0.0090987,0.00932,0.008935,0.0091782,1156154741.0,10552816.6173754,49935
2021-01-19,0.0091782,0.0096757,0.00896,0.0090428,1749440421.0,16244066.2843052,58040
2021-01-20,0.0090428,0.009144,0.0085,0.0090487,1162054114.0,10341390.2182261,43447
2021-01-21,0.0090589,0.0091,0.0080301,0.0081581,1258982248.0,10686955.2096273,42626
2021-01-22,0.0081581,0.0087708,0.0075639,0.0085075,1152693965.0,9567366.9519378,40557
2021-01-23,0.0085092,0.0088324,0.00835,0.0085779,718712164.0,6183251.8110549,27661
2021-01-24,0.0085822,0.0089672,0.0085,0.0087135,901503263.0,7849064.0023121,32121
2021-01-25,0.0087206,0.0089172,0.0081795,0.0083509,998144121.0,8601352.0169376,37248
2021-01-26,0.0083341,0.0084615,0.0079523,0.0082472,719489035.0,5925180.4140416,27103
2021-01-27,0.0082472,0.0082482,0.007257,0.0074124,1121405247.0,8553151.6891376,41353
2021-01-28,0.0074104,0.0374849,0.007288,0.0364995,102989795103.0,1938869679.5635493,2652895
2021-01-29,0.036442,0.0875,0.0313,0.0459059,109073693231.0,5748142275.432065,6250186
2021-01-30,0.0459059,0.0508804,0.0222001,0.02826,54559388569.0,1751521301.144739,2662492
2021-01-31,0.0282428,0.0494843,0.0267661,0.037,44577797729.0,1572475064.0149822,2293658
2021-02-01,0.0369623,0.0438268,0.0328615,0.0348173,23868437622.0,922559206.5573556,1467462
2021-02-02,0.0348233,0.035294,0.02877,0.0313489,11550248752.0,370671609.4593134,693054
2021-02-03,0.0313489,0.0397836,0.0307918,0.0372597,12960787222.0,451012972.0003796,748334
2021-02-04,0.0372327,0.0598,0.0358367,0.0529081,48795642519.0,2387322857.39773,2832253
2021-02-05,0.0528149,0.05434,0.0431516,0.0467193,16560079172.0,779694455.1143,1061483
2021-02-06,0.0467527,0.0588683,0.0444191,0.0576559,17252485844.0,886595382.8653998,1072831
2021-02-07,0.0576579,0.087297,0.0531446,0.0779247,38837846298.0,2612686246.9613566,2995593
2021-02-08,0.0779851,0.0853555,0.0622214,0.0787,26387019347.0,1990495067.3870273,2431050
2021-02-09,0.0787384,0.0838001,0.063,0.0700121,14602698981.0,1089211456.7688608,1444133
2021-02-10,0.0700122,0.0816496,0.066,0.0725527,14156312430.0,1050071778.7741121,1275440
2021-02-11,0.0725523,0.0755622,0.068,0.069583,6327153991.0,453685536.5096476,634870
2021-02-12,0.0695853,0.07298,0.0608,0.0697675,7517732599.0,507077180.7427374,701278
2021-02-13,0.069778,0.071709,0.0656,0.0662405,3844449349.0,263584986.3452668,417138
2021-02-14,0.0662372,0.0664663,0.055558,0.0626783,8229158262.0,505104220.6268614,728150
2021-02-15,0.0626878,0.0642,0.0474935,0.0565,11321001492.0,643507499.5968802,934597
2021-02-16,0.0564643,0.0598452,0.0506003,0.053476,6643077510.0,371098231.8313603,588680
2021-02-17,0.0535231,0.055109,0.0478,0.0495187,6168131231.0,320372512.8496111,489256
2021-02-18,0.0494987,0.0645617,0.0489,0.0587991,13034098004.0,731591169.6860939,911899
2021-02-19,0.0587991,0.059719,0.0536581,0.055033,6405564988.0,359792909.7944324,533751
2021-02-20,0.055033,0.0607,0.051,0.0541708,7359009281.0,413584686.0256424,658599
2021-02-21,0.0541567,0.06,0.05325,0.0560183,5548376495.0,311455781.124786,513479
2021-02-22,0.0559921,0.0608037,0.0461003,0.0535557,8420498923.0,466845349.9560186,703059
2021-02-23,0.0536093,0.0538776,0.0413332,0.0476562,5958874372.0,282213611.3365493,490261
2021-02-24,0.047692,0.060586,0.0459034,0.0567911,11172353520.0,621730728.0181977,831386
2021-02-25,0.0567907,0.0581,0.0495002,0.0499138,4913047375.0,267223961.0244736,505765
2021-02-26,0.0499157,0.0526032,0.0484,0.0504768,3147923785.0,158841435.8437252,314233
2021-02-27,0.0504727,0.0521,0.0491,0.0500725,2268877377.0,114596093.3163827,235269
2021-02-28,0.0500705,0.0502426,0.0446561,0.0481582,2384823456.0,113697423.678798,247197
2021-03-01,0.0481447,0.052505,0.0478589,0.0505933,2752580452.0,137616113.3882762,256074
2021-03-02,0.0505754,0.05249,0.0491004,0.050364,2378364146.0,121080500.8885478,229304
2021-03-03,0.0504021,0.0521972,0.0499556,0.0504146,1841086026.0,94065344.1068412,211662
2021-03-04,0.0504337,0.0511539,0.04765,0.0499865,1943532071.0,96941941.9915692,200317
2021-03-05,0.0499866,0.051079,0.0479661,0.0495285,1714962753.0,84868540.6945717,157317
2021-03-06,0.0495247,0.0525801,0.049084,0.0509588,2749264710.0,140483759.2302573,247431
2021-03-07,0.0509242,0.0524716,0.0504286,0.0519871,1494562661.0,76760646.0087566,149443
2021-03-08,0.0519481,0.063075,0.0515505,0.0629738,7572972187.0,427497381.641505,625336
2021-03-09,0.0629582,0.0630025,0.056,0.0579117,4412560062.0,258124645.045454,399139
2021-03-10,0.0579432,0.0587592,0.0545,0.0558692,2390746818.0,134539050.8313732,243374
2021-03-11,0.0558831,0.05698,0.0542647,0.0559286,1647182774.0,91430790.3438152,173149
2021-03-12,0.0559117,0.057,0.054051,0.0552731,1821925239.0,100981130.2117094,174808
2021-03-13,0.0552769,0.063,0.0546635,0.0627892,3660176589.0,213962931.7660573,343175
2021-03-14,0.0627887,0.0636789,0.05817,0.058221,5115194076.0,312606153.2823332,486183
2021-03-15,0.058221,0.0597745,0.055,0.0569691,2409422648.0,137448374.3726104,252909
2021-03-16,0.0570152,0.0591427,0.0552668,0.0586507,2003574159.0,115129471.6074091,231483
2021-03-17,0.0586389,0.0589584,0.0565314,0.057892,1162146770.0,67133708.7247826,144497
2021-03-18,0.0578925,0.0592896,0.0568896,0.0573485,1338098958.0,77716103.9318458,161709
2021-03-19,0.0573629,0.0599,0.0563741,0.0582472,1691688848.0,98776358.3043535,189338
2021-03-20,0.0582624,0.060625,0.05797,0.0588186,1939829246.0,115208115.0275983,219094
2021-03-21,0.0588396,0.0595555,0.0567,0.0574781,1204263965.0,69728332.4730059,139742
2021-03-22,0.0574888,0.0579777,0.0544234,0.054888,1270766976.0,72099418.1852098,148484
2021-03-23,0.0548901,0.0561052,0.0525963,0.0533532,1437944729.0,78273619.9837251,152031
2021-03-24,0.0534234,0.0567995,0.05075,0.0514996,1666398121.0,90593325.8599657,184895
2021-03-25,0.0514996,0.0524498,0.0495798,0.051266,1665397693.0,85124881.9756103,165838
2021-03-26,0.051266,0.054038,0.051232,0.053931,873797527.0,46115820.1782318,98925
2021-03-27,0.0539203,0.05545,0.053386,0.054436,1176365221.0,64055028.989443,127735
2021-03-28,0.054422,0.0549,0.0529496,0.0536656,675382127.0,36449896.8217207,76244
2021-03-29,0.0536634,0.0547123,0.053202,0.054124,977387405.0,52812128.3322573,108929
2021-03-30,0.054124,0.0556267,0.053328,0.0540003,1399307591.0,76243721.2844334,149471
2021-03-31,0.0540014,0.0545,0.0513424,0.0537699,1085164149.0,57976066.9450801,130375
2021-04-01,0.0537835,0.07135,0.0534999,0.062151,15242021778.0,950503156.7964711,1319823
2021-04-02,0.0621509,0.062905,0.0572,0.0575849,3415466916.0,201997465.3962734,340187
2021-04-03,0.0575887,0.0595516,0.0555,0.0555113,2066362739.0,120193448.1379378,222342
2021-04-04,0.0555,0.0582181,0.0550864,0.0573943,1563798693.0,88757335.8049424,163617
2021-04-05,0.0573806,0.0607069,0.0562315,0.0599992,2638868932.0,153310198.8425072,276465
2021-04-06,0.0599779,0.066,0.0579904,0.0644047,4762148739.0,291318993.8499413,471431
2021-04-07,0.0644047,0.06744,0.0571267,0.0587769,4840051853.0,300318590.6799273,495207
2021-04-08,0.058777,0.062324,0.0586319,0.0617838,1745571706.0,106529561.8225929,197168
2021-04-09,0.0617837,0.0642733,0.0604712,0.0615878,2149603024.0,133399414.8241929,257855
2021-04-10,0.0616103,0.0657518,0.0609445,0.0637167,2780510108.0,176163810.5132709,350422
2021-04-11,0.0637167,0.08,0.0633959,0.07433,14967931146.0,1086957189.926594,1469552
2021-04-12,0.0743335,0.0754791,0.0685,0.0707343,4300356226.0,308153107.9320194,501854
2021-04-13,0.0707001,0.0962255,0.0706409,0.094402,13605840277.0,1150528560.8092735,1480741
2021-04-14,0.0944011,0.1453955,0.092118,0.1214329,36680989724.0,4533760110.148283,4752126
2021-04-15,0.1214319,0.1918922,0.1197878,0.1823599,24615971220.0,3798354274.6583285,4100775
2021-04-16,0.1825003,0.45,0.1791,0.3654434,57510545356.0,17598561857.08493,15330777
2021-04-17,0.3653855,0.38125,0.231,0.2822532,24857057931.0,7340151088.863383,7061910
2021-04-18,0.2824945,0.351,0.2397,0.3223299,18379866877.0,5649877858.710049,5357605
2021-04-19,0.3225953,0.435546,0.308,0.408903,20873394140.0,7979055252.120005,7253139
2021-04-20,0.4088997,0.4246216,0.27,0.3173205,20969142688.0,7496151720.012265,6620082
2021-04-21,0.3173205,0.347661,0.2960052,0.3058251,9460395395.0,3001086851.0056615,3222391
2021-04-22,0.3058074,0.3093988,0.253,0.2606615,11199121834.0,3143644626.2063494,3082633
2021-04-23,0.2606616,0.2695,0.1597278,0.2498155,17170003022.0,3793899186.9896297,3543795
2021-04-24,0.2499997,0.28999,0.2278,0.27,10626242110.0,2815368838.4189563,2850151
2021-04-25,0.2700802,0.289296,0.224,0.25159,5726007353.4,1494606069.759707,1766875
2021-04-26,0.25159,0.28077,0.247,0.27161,4881379028.6,1300919365.7131891,1510469
2021-04-27,0.27161,0.27994,0.2644,0.27232,3367212939.4,915557060.9827,1161483
2021-04-28,0.27227,0.348,0.25511,0.32311,13418044375.1,4127506947.0437675,4369045
2021-04-29,0.32321,0.32604,0.2955,0.30479,4149329330.8,1288996523.47688,1590953
2021-04-30,0.30479,0.34,0.30213,0.33746,4042637011.8,1300700805.621522,1545398
2021-05-01,0.33746,0.3975,0.32756,0.39087,7062340392.2,2565562030.783488,2859785
2021-05-02,0.39086,0.39999,0.362,0.37397,5092764030.1,1945860025.3982823,2146577
2021-05-03,0.37459,0.4479,0.37386,0.44142,6428014853.9,2634576988.6366687,2767515
2021-05-04,0.44142,0.61186,0.3979,0.53854,21282557921.9,10991175995.065878,9356151
2021-05-05,0.53854,0.69663,0.51668,0.654,19076895175.7,12015346384.69828,9882092
2021-05-06,0.654,0.665,0.54,0.58106,8546432048.7,5141600296.098981,4677603
2021-05-07,0.58099,0.733,0.51717,0.68982,12586268621.3,7913188757.076493,6994765
2021-05-08,0.68982,0.73995,0.6,0.63708,11387955620.8,7747900489.935061,6792303
2021-05-09,0.63708,0.70009,0.416,0.57063,26072068896.0,13700746154.471422,11885014
2021-05-10,0.57082,0.5726,0.41844,0.45074,9677354634.4,4835708631.584843,4752157
2021-05-11,0.4505,0.5485,0.4429,0.49326,7553577270.2,3754742638.307908,3915491
2021-05-12,0.49353,0.522,0.38203,0.3916,5372061299.6,2528938533.379784,2732855
2021-05-13,0.39142,0.52,0.3516,0.48945,10449387293.9,4439890149.835361,4375843
2021-05-14,0.48927,0.59,0.46412,0.55971,10623296337.0,5673675115.225913,5532162
2021-05-15,0.5599,0.56405,0.49009,0.50855,5232752313.5,2726061153.795944,2720094
2021-05-16,0.50838,0.5489,0.45,0.5137,5377121653.3,2771252995.852487,2642957
2021-05-17,0.51371,0.5162,0.45555,0.4875,4268994077.1,2090450149.300317,2076288
2021-05-18,0.48745,0.51536,0.46783,0.47574,3039758659.2,1484173045.552554,1508863
2021-05-19,0.47574,0.4794,0.21111,0.32945,11489907654.4,4257937939.407248,4364035
2021-05-20,0.32972,0.435,0.29402,0.39758,8529470589.6,3228872934.525454,3500199
2021-05-21,0.39747,0.41198,0.31357,0.35778,5243254333.5,1919714241.455755,2152582
2021-05-22,0.35778,0.364,0.31672,0.34199,3793145642.7,1296677856.109511,1580773
2021-05-23,0.34199,0.35094,0.24782,0.30633,5634274411.3,1694353083.695992,2225617
2021-05-24,0.30623,0.375,0.29511,0.36589,4854625486.1,1622543381.111066,2115478
2021-05-25,0.36589,0.38,0.32141,0.34598,3709319825.9,1290339194.015137,1728572
2021-05-26,0.34597,0.36671,0.33632,0.35284,2385684153.7,836823564.893542,1143462
2021-05-27,0.35291,0.35309,0.327,0.33403,1794158136.6,606077540.315929,880120
2021-05-28,0.33404,0.34754,0.30052,0.31123,2620384686.8,835028567.128456,1285560
2021-05-29,0.31122,0.31794,0.28,0.3028,2016681043.4,604028126.912555,951711
2021-05-30,0.30273,0.31079,0.28653,0.30179,1514854219.6,456904273.28267,762600
2021-05-31,0.30179,0.32991,0.29386,0.32557,1897905257.4,590220155.779447,956702
2021-06-01,0.32558,0.38476,0.31121,0.37006,4488851727.4,1539365573.587394,2062609
2021-06-02,0.37007,0.44834,0.3511,0.42338,8351828077.5,3391548375.979291,4089764
2021-06-03,0.42344,0.442,0.37722,0.40078,5070741840.7,2081980882.664896,2376407
2021-06-04,0.40078,0.40249,0.35,0.37628,4035854544.9,1511197709.619608,1967784
2021-06-05,0.37628,0.395,0.35974,0.3713,2396911157.1,906142939.806796,1160376
2021-06-06,0.3713,0.37703,0.36634,0.37143,1194622756.0,443275634.885209,526215
2021-06-07,0.37143,0.37999,0.3275,0.33146,2064211543.4,738436804.027521,931913
2021-06-08,0.3315,0.34183,0.29526,0.32586,2908803652.9,937981423.706459,1202588
2021-06-09,0.32592,0.3548,0.31227,0.34318,2068160059.0,686262143.62793,1006828
2021-06-10,0.34323,0.34515,0.3225,0.32606,1348789846.5,450294287.047062,638851
2021-06-11,0.32613,0.3338,0.31069,0.3187,1204137023.4,387381244.039598,596213
2021-06-12,0.31874,0.31932,0.3,0.31216,1217468360.1,376935028.779552,567919
2021-06-13,0.31221,0.33,0.30744,0.32394,1042596039.8,330077979.841595,463552
2021-06-14,0.32392,0.33777,0.32,0.32767,1310349921.9,427464905.683143,573977
2021-06-15,0.32769,0.33069,0.31642,0.32028,1015598512.1,328973312.222017,451937
2021-06-16,0.32025,0.32146,0.30505,0.30775,888434880.9,278178346.025103,427203
2021-06-17,0.30774,0.31413,0.3026,0.30619,680701230.2,209708643.760903,638720
2021-06-18,0.30619,0.30766,0.28,0.29328,1314700190.7,387111436.640776,610268
2021-06-19,0.29321,0.29791,0.28558,0.28567,624846001.4,182075119.813571,299882
2021-06-20,0.28563,0.28988,0.2551,0.28054,1528605029.5,417251181.030502,599650
2021-06-21,0.28054,0.28138,0.1649,0.17873,7023706752.6,1512324576.062972,2208676
2021-06-22,0.17873,0.2174,0.16322,0.19072,7520083611.8,1415591893.187838,2191025
2021-06-23,0.19075,0.2485,0.18046,0.23468,5839514040.0,1294917735.360637,1747926
2021-06-24,0.23475,0.26953,0.222,0.26377,3579998951.2,867149608.017858,1121990
2021-06-25,0.26374,0.28959,0.22886,0.23745,5942192455.5,1530052695.03206,2011394
2021-06-26,0.23748,0.2554,0.23057,0.24583,2653188955.6,638512739.709672,832962
2021-06-27,0.24583,0.26753,0.24002,0.2645,1968559379.6,488208471.524009,648905
2021-06-28,0.26462,0.26735,0.2505,0.25707,1734504424.8,445938066.672712,582036
2021-06-29,0.25709,0.27573,0.25248,0.26349,1927372368.1,508993341.640565,708135
2021-06-30,0.26349,0.26391,0.23778,0.25391,1610075649.0,404216370.608146,580217
2021-07-01,0.2539,0.2614,0.23817,0.24381,2253058516.9,563323804.093321,882860
2021-07-02,0.2438,0.24916,0.23839,0.24505,1081847381.6,262656840.602636,384814
2021-07-03,0.24498,0.25039,0.242,0.24636,759251070.1,187380352.28658,282977
2021-07-04,0.24634,0.253,0.24324,0.24643,823044174.7,204457205.01117,300227
2021-07-05,0.24636,0.249,0.22547,0.2311,1181584860.3,279530327.169704,405908
2021-07-06,0.23117,0.2423,0.22931,0.23417,981368400.5,230653732.357931,354214
2021-07-07,0.23418,0.23862,0.22084,0.22386,952129896.6,220956362.021876,324605
2021-07-08,0.22386,0.22481,0.20148,0.2069,1487061330.1,317654933.33246,468220
2021-07-09,0.20708,0.22986,0.19521,0.21963,2291127903.5,494599179.108639,738815
2021-07-10,0.21966,0.22812,0.2097,0.21375,919482894.5,199891824.799821,318346
2021-07-11,0.21376,0.21917,0.21061,0.21597,551263176.4,118250421.311816,192606
2021-07-12,0.21597,0.219,0.20394,0.20775,805441341.2,170528117.522791,266418
2021-07-13,0.20776,0.20893,0.19749,0.19997,916221269.9,185691879.132141,283012
2021-07-14,0.19995,0.20479,0.18725,0.19761,1247947078.4,244169787.718541,400372
2021-07-15,0.19759,0.20089,0.18051,0.18534,966797093.3,183033118.154018,334500
2021-07-16,0.18534,0.18833,0.17118,0.17202,1185633674.2,213123708.47093,359394
2021-07-17,0.17203,0.2053,0.16884,0.18734,2572720766.9,476953686.134632,826391
2021-07-18,0.18738,0.19605,0.18019,0.18157,1344894101.6,252407070.042161,726039
2021-07-19,0.18156,0.18429,0.17025,0.17362,1079953391.4,189731806.229248,316141
2021-07-20,0.17362,0.17997,0.15988,0.17047,1865041957.2,314175778.978752,616158
2021-07-21,0.17048,0.21442,0.16836,0.19046,4505979384.2,868579035.199899,1556914
2021-07-22,0.19045,0.19646,0.18632,0.19123,1393922167.5,266620497.729589,500806
2021-07-23,0.19119,0.19977,0.18292,0.19489,1352326692.4,258932536.475054,398516
2021-07-24,0.1949,0.2045,0.19117,0.19688,1627615706.2,318970652.714052,496570
2021-07-25,0.19689,0.20076,0.19105,0.19793,1122436168.6,220142764.721492,357958
2021-07-26,0.19788,0.23314,0.19679,0.20362,4546455511.8,986674155.365353,1485286
2021-07-27,0.20363,0.2095,0.19506,0.20585,2030159664.4,409976210.815394,587233
2021-07-28,0.20586,0.21386,0.20161,0.20574,1698684418.6,351384949.013336,499045
2021-07-29,0.20571,0.20664,0.2003,0.20502,875707720.8,178588860.479987,263435
2021-07-30,0.20503,0.21065,0.19587,0.20873,1260492016.3,257289553.34457,382098
2021-07-31,0.20872,0.2145,0.20476,0.20765,1177482439.7,245268650.460207,356965
2021-08-01,0.20764,0.21799,0.20082,0.20424,1550637730.2,327413782.117151,478322
2021-08-02,0.2042,0.20998,0.2018,0.20327,896401081.3,183847136.445562,276220
2021-08-03,0.20325,0.2051,0.1931,0.19626,977103235.1,193410947.608331,297960
2021-08-04,0.19626,0.20326,0.19416,0.20153,873261017.4,173866598.174591,264451
2021-08-05,0.20152,0.20258,0.1943,0.20095,946707300.6,188155415.653537,284653
2021-08-06,0.20094,0.212,0.19841,0.20482,1263420290.4,257269083.174165,362869
2021-08-07,0.20482,0.2628,0.20358,0.26189,5158338816.2,1201706313.606018,1965825
2021-08-08,0.26184,0.28377,0.235,0.23996,5791158603.5,1496730706.919715,2487438
2021-08-09,0.23996,0.26666,0.23048,0.25609,3702865258.6,928109307.89706,1327292
2021-08-10,0.2561,0.26321,0.24513,0.25732,2588076619.6,659012619.404047,1065587
2021-08-11,0.25734,0.28295,0.25626,0.26445,3712761104.7,1004804670.805948,1252602
2021-08-12,0.26448,0.2949,0.25165,0.26401,3923287429.8,1064711859.986252,1310291
2021-08-13,0.26405,0.28756,0.26121,0.28667,2142420241.3,592227760.814491,708956
2021-08-14,0.2867,0.29864,0.2757,0.29402,3131790645.4,901636552.542844,1111559
2021-08-15,0.29399,0.3495,0.2862,0.33984,4964816125.0,1544241159.194859,2093790
2021-08-16,0.33996,0.3517,0.31001,0.31956,4130699106.8,1377064266.900456,2015571
2021-08-17,0.31946,0.34021,0.29452,0.29933,3520234606.5,1129087958.006729,1480283
2021-08-18,0.2993,0.325,0.2775,0.3032,4089557667.2,1232998199.510053,1342922
2021-08-19,0.30321,0.31943,0.29355,0.31778,2386616242.5,727935173.079268,851309
2021-08-20,0.31777,0.3364,0.31373,0.32733,2177517962.3,703117739.037877,881561
2021-08-21,0.32733,0.33,0.31313,0.31662,1751965697.2,564595301.081642,656408
2021-08-22,0.31666,0.32159,0.305,0.31467,1401118643.8,439943524.686623,490785
2021-08-23,0.31467,0.328,0.3128,0.31783,1842154214.4,589609143.608936,683664
2021-08-24,0.31775,0.31968,0.27433,0.28864,2336380653.8,699766438.968671,796722
2021-08-25,0.28862,0.29789,0.27948,0.29255,1658742148.8,479310656.428245,559436
2021-08-26,0.29254,0.29645,0.2641,0.2684,1401204832.1,387132430.935584,427306
2021-08-27,0.2684,0.2951,0.265,0.2944,1345067751.7,375916392.105231,381840
2021-08-28,0.2944,0.2995,0.283,0.286,813242385.1,235148683.902022,267926
2021-08-29,0.286,0.2918,0.2764,0.2809,758831427.0,214101374.1037,229161
2021-08-30,0.2809,0.2905,0.2698,0.272,994923907.0,277765719.4784,311173
2021-08-31,0.2719,0.286,0.2696,0.2781,994391602.0,275796352.7792,326296
2021-09-01,0.2782,0.295,0.2728,0.2943,1077645215.0,306153073.6131,377442
2021-09-02,0.2944,0.31,0.2917,0.2947,1859879704.7,559826638.10634,664845
2021-09-03,0.2946,0.3047,0.287,0.2961,1248795134.0,370327334.0621,412188
2021-09-04,0.2961,0.3087,0.2929,0.2992,1170386591.0,351086766.7671,409866
2021-09-05,0.2993,0.3155,0.296,0.3143,1273101183.7,388890887.956927,446100
2021-09-06,0.3144,0.3199,0.2997,0.309,1327741283.1,411842890.431976,484314
2021-09-07,0.3091,0.3114,0.2145,0.2552,4143609594.1,1093324011.936163,1155610
2021-09-08,0.2553,0.2635,0.2332,0.2567,2036725778.0,510772656.434,532364
2021-09-09,0.2566,0.2597,0.2486,0.2525,972908690.0,247597398.9575,280534
2021-09-10,0.2525,0.262,0.2353,0.2397,1039971873.0,256488140.4472,288292
2021-09-11,0.2398,0.2479,0.2376,0.241,574961334.0,139714407.491,157807
2021-09-12,0.241,0.2551,0.2387,0.2502,824439503.0,203304943.3593,225601
2021-09-13,0.2504,0.2523,0.2281,0.2358,1194502511.0,283614884.6006,292444
2021-09-14,0.2359,0.2417,0.2335,0.2406,600777341.0,142920878.2602,161582
2021-09-15,0.2406,0.2484,0.2388,0.2476,624731884.0,151898288.6084,184628
2021-09-16,0.2477,0.2479,0.2329,0.2418,767085717.0,185504087.1676,205861
2021-09-17,0.2419,0.2599,0.2373,0.2401,1532347235.0,379559281.6859,423427
2021-09-18,0.2401,0.2474,0.2379,0.2413,532008968.0,129164187.2491,140898
2021-09-19,0.2414,0.2415,0.2307,0.2331,486273037.0,115252029.3655,127437
2021-09-20,0.2331,0.2335,0.1988,0.2086,1842218251.9,394048468.11675,405118
2021-09-21,0.2086,0.2185,0.1976,0.2009,1475472637.8,304987868.418026,303144
2021-09-22,0.2008,0.2304,0.1999,0.2245,1505717159.7,322392479.6739,344339
2021-09-23,0.2244,0.2273,0.2175,0.2246,809134784.0,180164367.1764,186777
2021-09-24,0.2245,0.2291,0.1965,0.2091,1446332143.9,303553065.915496,326750
2021-09-25,0.2092,0.214,0.2043,0.2083,648108334.0,135245750.1268,179510
2021-09-26,0.2084,0.2089,0.194,0.205,778024870.7,157519709.582092,174384
2021-09-27,0.205,0.2093,0.1996,0.1997,447272392.0,91574177.3443,114509
2021-09-28,0.1998,0.2027,0.196,0.1965,478010126.0,95483638.9411,106109
2021-09-29,0.1966,0.2043,0.1946,0.1987,508197881.0,101260063.7077,111893
2021-09-30,0.1987,0.206,0.1976,0.2042,525345573.0,106147967.7293,143533
2021-10-01,0.2043,0.2253,0.2018,0.2226,1029403020.0,219547713.5179,310097
2021-10-02,0.2227,0.225,0.2151,0.2185,726979560.0,160184235.4605,193514
2021-10-03,0.2186,0.2266,0.2155,0.2218,697996641.0,154246564.9132,193891
2021-10-04,0.2218,0.249,0.2119,0.2414,3281218340.0,758280391.1533,878495
2021-10-05,0.2415,0.268,0.2325,0.2516,3796153741.0,952019073.9664,1140858
2021-10-06,0.2517,0.2719,0.2422,0.2541,3681509190.0,937240922.1354,1031825
2021-10-07,0.2542,0.257,0.2357,0.2428,2142393485.0,526371407.1848,684345
2021-10-08,0.2429,0.2549,0.2414,0.2441,1381822126.0,341183059.2546,439671
2021-10-09,0.2442,0.2527,0.2407,0.2467,1073585552.0,265083202.339,302173
2021-10-10,0.2467,0.2487,0.226,0.2288,977648960.0,235428475.557,301360
2021-10-11,0.2287,0.2394,0.2249,0.2312,1072711057.0,250141411.2954,298401
2021-10-12,0.2312,0.2318,0.216,0.2261,1030470079.0,230081402.5814,292420
2021-10-13,0.226,0.2342,0.2203,0.2326,1044380785.0,236627812.1845,274739
2021-10-14,0.2325,0.2403,0.2311,0.2325,1098049682.0,258753618.1737,309024
2021-10-15,0.2325,0.2436,0.2239,0.234,1457540715.0,339393961.8634,448040
2021-10-16,0.2341,0.2459,0.2337,0.2372,1224144433.0,292786694.9621,397218
2021-10-17,0.2373,0.2421,0.2252,0.2378,1210409235.0,285692592.6714,321995
2021-10-18,0.2377,0.273,0.237,0.2474,4909224967.0,1256772812.2268,1657639
2021-10-19,0.2474,0.255,0.2399,0.2454,1415459318.0,348466072.2453,424087
2021-10-20,0.2454,0.262,0.2421,0.2548,1638568849.0,412204555.7587,488016
2021-10-21,0.2548,0.2584,0.2382,0.2424,1573673715.0,393363316.2761,432968
2021-10-22,0.2425,0.2549,0.2352,0.2446,1553243637.0,380298925.4511,498045
2021-10-23,0.2446,0.254,0.24,0.2511,1258672648.0,311513097.8664,408341
2021-10-24,0.2511,0.2832,0.2457,0.2756,4887922846.0,1279675115.8172,1832059
2021-10-25,0.2757,0.2805,0.2585,0.2651,2939692178.0,786761841.7586,954998
2021-10-26,0.2651,0.2743,0.252,0.2559,2132162373.0,566841835.4023,727385
2021-10-27,0.2558,0.2636,0.2169,0.2379,5223432326.0,1272871769.4095,1531106
2021-10-28,0.2379,0.34,0.2324,0.2997,17320109431.0,5219930976.425217,7627669
2021-10-29,0.2997,0.307,0.2752,0.2882,4977184874.0,1449528504.8189,1689593
2021-10-30,0.2882,0.295,0.258,0.269,3441001301.0,956948768.8788,994098
2021-10-31,0.269,0.2852,0.252,0.28,3857354566.0,1037320524.5614,1238053
2021-11-01,0.28,0.2866,0.2631,0.2716,2497093967.0,681411474.9541,891801
2021-11-02,0.2716,0.281,0.2666,0.2739,1912493294.0,523498212.0015,647160
2021-11-03,0.2739,0.2776,0.262,0.2689,1607498166.0,434655291.645,571605
2021-11-04,0.2689,0.2709,0.2539,0.263,1446957670.0,379245534.2193,508172
2021-11-05,0.263,0.2709,0.2547,0.2609,1282376452.0,335836842.645,430630
2021-11-06,0.2608,0.2676,0.25,0.2618,1135857725.0,294677203.5243,382989
2021-11-07,0.2618,0.2698,0.2584,0.2664,912146975.0,240830810.9384,325685
2021-11-08,0.2664,0.2973,0.2644,0.2819,3420674489.0,962706185.2348,1371770
2021-11-09,0.282,0.2905,0.2708,0.2736,1854893482.0,518094770.8618,646406
2021-11-10,0.2737,0.2775,0.235,0.2553,2600272877.0,684007226.3518,852520
2021-11-11,0.2553,0.2716,0.2529,0.2605,1356541795.0,354517007.4081,438607
2021-11-12,0.2604,0.2686,0.2484,0.2593,1227134455.0,315947740.7727,372462
2021-11-13,0.2594,0.2624,0.2542,0.2613,730909452.0,188926935.4335,225638
2021-11-14,0.2612,0.2719,0.2597,0.2628,1109308026.0,292076559.7848,353541
2021-11-15,0.2628,0.2654,0.2553,0.2566,784663988.0,204474518.9287,269404
2021-11-16,0.2567,0.2567,0.2225,0.2365,1931306150.0,464932527.1623,608934
2021-11-17,0.2364,0.2413,0.2293,0.2374,1016537117.0,239701999.6177,388896
2021-11-18,0.2373,0.2413,0.215,0.2208,1424059825.0,323967645.2554,406185
2021-11-19,0.2209,0.2369,0.2155,0.2329,1011256982.0,229179438.9675,331987
2021-11-20,0.2328,0.2357,0.2249,0.233,638393250.0,147517458.1282,237113
2021-11-21,0.233,0.2334,0.225,0.2255,584498069.0,133720139.5311,212559
2021-11-22,0.2256,0.2273,0.2163,0.2195,715429215.0,158579701.9328,276869
2021-11-23,0.2194,0.2369,0.2132,0.2266,1648276631.0,373654997.7593,581401
2021-11-24,0.2267,0.2304,0.2106,0.217,1150989995.0,251378365.1216,365117
2021-11-25,0.217,0.2289,0.2138,0.2209,1097415948.0,241902116.9485,364136
2021-11-26,0.221,0.2217,0.186,0.2016,2305030656.3,466544938.321943,638750
2021-11-27,0.2016,0.21,0.2005,0.2049,908852823.0,187032695.7527,242164
2021-11-28,0.2049,0.2074,0.1907,0.2073,858901257.0,171491689.5437,248262
2021-11-29,0.2072,0.227,0.2025,0.215,1857437869.0,398639243.043,529452
2021-11-30,0.2149,0.2275,0.2125,0.2147,1617695220.0,355085720.0633,525493
2021-12-01,0.2147,0.2189,0.2058,0.2093,803902283.0,171402297.5238,253469
2021-12-02,0.2093,0.2233,0.2011,0.2095,1689895075.0,361735596.985,503109
2021-12-03,0.2095,0.2122,0.1902,0.1999,1011968037.0,205650078.4186,327994
2021-12-04,0.1998,0.2004,0.131,0.1781,5303849448.2,875284516.1417612,1244383
2021-12-05,0.1781,0.1812,0.1617,0.1712,1381389600.0,237176316.5858,331601
2021-12-06,0.1712,0.1804,0.1591,0.1776,1661970370.0,280449023.3629,378696
2021-12-07,0.1775,0.1839,0.1746,0.1762,1069148248.0,191634274.3707,288209
2021-12-08,0.1762,0.1821,0.172,0.179,870067110.0,154635859.7141,224241
2021-12-09,0.1791,0.1833,0.1685,0.1691,974195305.0,171167695.3426,261310
2021-12-10,0.1691,0.1748,0.1632,0.1641,743981315.0,125683654.8777,210728
2021-12-11,0.1641,0.17,0.1612,0.1689,654792769.0,109062931.8055,151183
2021-12-12,0.1689,0.1738,0.1656,0.1697,499912432.0,84602890.4418,138604
2021-12-13,0.1696,0.1704,0.1514,0.1573,972416861.0,155604545.4369,239379
2021-12-14,0.1574,0.2204,0.1549,0.1909,7338444571.0,1422980144.51515,2081987
2021-12-15,0.1909,0.1912,0.1703,0.1808,2177343912.0,391861093.2135,611631
2021-12-16,0.1808,0.1853,0.1723,0.1732,1077785070.0,193396915.8299,286034
2021-12-17,0.1732,0.1766,0.1614,0.1685,1033871332.0,175363100.3527,269528
2021-12-18,0.1684,0.1757,0.1659,0.1723,594262965.0,101910893.0598,153484
2021-12-19,0.1723,0.1746,0.1691,0.1694,479149291.0,82264945.656,119876
2021-12-20,0.1695,0.1708,0.161,0.1671,823398873.0,136335890.5978,204021
2021-12-21,0.1671,0.1724,0.1657,0.1707,514233887.0,87347665.2781,145562
2021-12-22,0.1708,0.1799,0.1697,0.173,885691231.0,154399902.6538,237658
2021-12-23,0.173,0.1851,0.1712,0.185,1027458506.0,183498382.2527,277776
2021-12-24,0.1851,0.1955,0.1791,0.1862,1245909390.0,232926613.8257,384568
2021-12-25,0.1862,0.1957,0.1847,0.1908,883688963.0,168076719.3973,266869
2021-12-26,0.1908,0.1925,0.1849,0.1898,537153520.0,101438456.6451,177174
2021-12-27,0.1898,0.1928,0.1863,0.1879,613113643.0,116693300.0426,168273
2021-12-28,0.1879,0.188,0.1716,0.1739,979781920.0,175401657.4792,269089
2021-12-29,0.1738,0.1773,0.1661,0.168,716005365.0,123220165.937,212435
2021-12-30,0.168,0.1758,0.1651,0.1711,524275170.0,89910272.5192,153194
2021-12-31,0.171,0.1758,0.1661,0.1703,572705101.0,98370383.9899,152444
2022-01-01,0.1703,0.1737,0.1697,0.1732,297504077.0,51118607.6971,78125
2022-01-02,0.1731,0.1763,0.1705,0.1745,312955886.0,54232018.27,103674
2022-01-03,0.1745,0.1745,0.1674,0.1703,460985351.0,78769279.941,139249
2022-01-04,0.1703,0.1726,0.1665,0.1684,496439208.0,84445791.1798,127545
2022-01-05,0.1685,0.171,0.1472,0.159,1084632258.0,175586840.1573,307998
2022-01-06,0.1591,0.1621,0.1539,0.1599,705767171.0,111252225.6206,163053
2022-01-07,0.16,0.1604,0.1489,0.155,1079690606.0,165985187.7182,238457
2022-01-08,0.1551,0.1579,0.1451,0.1509,582238373.0,88691615.3809,145534
2022-01-09,0.1509,0.1539,0.1486,0.1505,381170543.0,57712544.2089,92096
2022-01-10,0.1505,0.1522,0.1368,0.1431,845047878.0,121825858.8591,195011
2022-01-11,0.143,0.167,0.1417,0.1538,1691718365.0,261232755.9332,414265
2022-01-12,0.1538,0.1636,0.1511,0.1628,911010585.0,143396864.3384,216889
2022-01-13,0.1627,0.1781,0.1613,0.1717,2116971492.0,358114424.2763,608901
2022-01-14,0.1716,0.2148,0.1703,0.1832,5406672589.0,1034712134.3893,1616626
2022-01-15,0.1832,0.1948,0.1815,0.1845,1633943311.0,308140647.2091,433639
2022-01-16,0.1845,0.1847,0.1734,0.1766,1069094552.0,191535560.1624,295928
2022-01-17,0.1766,0.1784,0.1656,0.1708,1091483397.0,185872598.3903,294432
2022-01-18,0.1708,0.1743,0.1616,0.1651,945110452.0,157263745.6347,261221
2022-01-19,0.1651,0.1696,0.1589,0.1615,867134554.0,142010625.8198,228221
2022-01-20,0.1616,0.1693,0.1536,0.1553,763530515.0,123916671.2321,209516
2022-01-21,0.1553,0.1576,0.1399,0.1419,1503858051.0,224735013.2596,364233
2022-01-22,0.142,0.1453,0.12,0.1332,2241546261.6,295060612.1658983,463517
2022-01-23,0.1333,0.1447,0.132,0.1418,1196841624.0,165845229.2333,264793
2022-01-24,0.1417,0.1418,0.1256,0.1373,1607720454.0,212415108.1292,315848
2022-01-25,0.1373,0.1506,0.1325,0.1427,1316136672.0,185529039.4845,329252
2022-01-26,0.1427,0.1534,0.1409,0.1431,1324673854.0,195069981.4125,323716
2022-01-27,0.1431,0.1459,0.1362,0.1414,677890025.0,95591229.4124,178577
2022-01-28,0.1415,0.1426,0.1377,0.1414,464231063.0,65093571.55,134663
2022-01-29,0.1415,0.1442,0.1403,0.143,339117872.0,48327531.0195,100888
2022-01-30,0.1429,0.1438,0.138,0.1391,341622629.0,48248673.1056,100186
2022-01-31,0.1392,0.1426,0.1363,0.1415,365107026.0,50863765.1392,104382
2022-02-01,0.1416,0.1444,0.1408,0.1423,374440012.0,53367321.6631,113926
2022-02-02,0.1423,0.1466,0.135,0.137,491750010.0,69462097.1151,153061
2022-02-03,0.1369,0.1389,0.1346,0.1379,384297073.0,52515119.2962,102345
2022-02-04,0.138,0.1481,0.1369,0.1478,562305646.0,79672789.3674,144888
2022-02-05,0.1479,0.1507,0.1447,0.1469,526695035.0,78083669.3031,157132
2022-02-06,0.1468,0.1559,0.1445,0.1539,705984242.0,106084049.9773,191837
2022-02-07,0.154,0.1731,0.1513,0.1653,1810847856.0,293541596.5885,464947
2022-02-08,0.1653,0.1711,0.1529,0.1581,1273034951.0,204348469.3536,312226
2022-02-09,0.1582,0.1624,0.1542,0.1594,691842118.0,109484358.685,163418
2022-02-10,0.1594,0.1607,0.15,0.1514,921972005.0,143685718.0366,208286
2022-02-11,0.1515,0.1543,0.1419,0.1446,706523003.0,105560457.2996,154473
2022-02-12,0.1446,0.1475,0.1402,0.1444,573672346.0,82327832.1591,117786
2022-02-13,0.1443,0.158,0.1437,0.148,1586345314.0,241312989.5697,296082
2022-02-14,0.1481,0.1506,0.1427,0.1457,901483820.0,131524397.0247,158846
2022-02-15,0.1458,0.1524,0.1448,0.1517,600243216.0,89684396.7507,125329
2022-02-16,0.1517,0.1517,0.1462,0.1487,432478291.0,64397688.0138,98490
2022-02-17,0.1487,0.15,0.1368,0.1383,740203412.0,106248232.2278,141390
2022-02-18,0.1383,0.1422,0.136,0.1386,619882904.0,86323668.0815,100190
2022-02-19,0.1386,0.1465,0.1384,0.1409,677612304.0,96251390.2328,119164
2022-02-20,0.1409,0.1411,0.135,0.1366,508576015.0,69748594.557,82037
2022-02-21,0.1367,0.1419,0.1271,0.1282,1003925366.0,136174984.9356,144334
2022-02-22,0.1283,0.1318,0.1238,0.1313,711049048.0,91140316.2741,105668
2022-02-23,0.1313,0.1356,0.1272,0.1273,608946632.0,80213055.0623,88771
2022-02-24,0.1273,0.1277,0.1065,0.1241,2457565179.9,285892016.455516,340480
2022-02-25,0.1241,0.1284,0.1205,0.1276,799509758.0,99339704.0152,131729
2022-02-26,0.1276,0.1306,0.1257,0.1276,531223949.0,67936605.6052,87364
2022-02-27,0.1276,0.1284,0.1209,0.1229,635411701.0,79466421.6328,98850
2022-02-28,0.123,0.1349,0.1213,0.1335,734786347.0,93226670.4512,122865
2022-03-01,0.1334,0.139,0.1297,0.134,925222290.0,123564983.0935,158151
2022-03-02,0.134,0.1373,0.1306,0.133,672511452.0,89853516.1337,116521
2022-03-03,0.133,0.1339,0.1271,0.1297,523496191.0,68490030.5126,100557
2022-03-04,0.1297,0.1302,0.12,0.1226,660309989.0,83001834.0509,115814
2022-03-05,0.1226,0.1256,0.1209,0.125,323924728.0,39959043.8724,58768
2022-03-06,0.1249,0.1256,0.1193,0.1207,386679370.0,47420631.5594,75202
2022-03-07,0.1207,0.1226,0.1132,0.1167,511547343.0,60797673.3187,96499
2022-03-08,0.1168,0.12,0.1152,0.117,545435466.0,64282780.3031,94497
2022-03-09,0.117,0.1245,0.1164,0.1215,538317389.0,65487819.9602,100324
2022-03-10,0.1215,0.1219,0.1145,0.1169,558495794.0,65399400.457,94268
2022-03-11,0.1169,0.1186,0.1137,0.1155,407557724.0,47332538.5095,70497
2022-03-12,0.1154,0.1173,0.1146,0.1147,214689375.0,24944582.4179,42957
2022-03-13,0.1147,0.1164,0.1099,0.1114,401940015.0,45696820.4437,76195
2022-03-14,0.1114,0.122,0.1102,0.1139,948724536.0,109293070.661,142648
2022-03-15,0.1139,0.1143,0.1101,0.1126,417039779.0,46852675.1383,67179
2022-03-16,0.1126,0.1171,0.1121,0.1171,548022368.0,62626458.849,95577
2022-03-17,0.117,0.1194,0.1158,0.1163,444108919.0,52079343.9242,70463
2022-03-18,0.1164,0.1196,0.1142,0.1191,431655767.0,50225238.4235,72814
2022-03-19,0.1192,0.1251,0.1183,0.1236,678711412.0,82752666.0781,125676
2022-03-20,0.1235,0.1241,0.1174,0.1191,425713425.0,51233957.8634,72191
2022-03-21,0.1191,0.1217,0.1176,0.1192,403696503.0,48265946.8891,75027
2022-03-22,0.1193,0.1257,0.1186,0.1224,640695818.0,78763665.2956,108852
2022-03-23,0.1224,0.1314,0.121,0.1298,1136679760.0,143902569.424,188709
2022-03-24,0.1299,0.1413,0.1277,0.1368,2168603367.0,295002518.0014,388811
2022-03-25,0.1368,0.1377,0.1274,0.1308,1191949148.0,159055133.6597,181034
2022-03-26,0.1308,0.1369,0.1289,0.136,780328909.0,103966571.1626,125845
2022-03-27,0.1361,0.1456,0.1354,0.1448,1864810242.0,262487760.1338,330309
2022-03-28,0.1447,0.1537,0.1406,0.1425,1905719594.0,283833893.9669,350602
2022-03-29,0.1424,0.1489,0.1404,0.1444,1173218699.0,170284471.0566,187360
2022-03-30,0.1444,0.1456,0.1379,0.1432,1131014248.0,161160202.4198,170897
2022-03-31,0.1431,0.148,0.1359,0.1381,1464999405.0,208348718.7568,198636
2022-04-01,0.1381,0.143,0.132,0.1413,1030256213.0,141710757.4801,167265
2022-04-02,0.1414,0.1445,0.1378,0.1387,804996467.0,114155659.6984,132416
2022-04-03,0.1387,0.1496,0.1362,0.1466,1229288569.0,177342644.6458,227999
2022-04-04,0.1465,0.1567,0.1412,0.1485,2703058960.0,400091044.5882,508873
2022-04-05,0.1485,0.1796,0.1471,0.1727,6454340799.0,1051143328.0815,1285123
2022-04-06,0.1727,0.1748,0.141,0.1433,5121714785.0,798394034.0751,885187
2022-04-07,0.1432,0.1483,0.14,0.1459,1901323940.0,274657540.8829,268958
2022-04-08,0.1459,0.1534,0.1404,0.1424,2219140122.0,327404865.7738,316228
2022-04-09,0.1423,0.1446,0.1405,0.1442,598706994.0,85533936.6791,104463
2022-04-10,0.1442,0.1578,0.1435,0.1482,2653381549.0,402339087.5243,440083
2022-04-11,0.1482,0.1515,0.1329,0.1341,2077944539.0,295551510.5921,336976
2022-04-12,0.134,0.1446,0.1332,0.138,1432968065.0,198763674.2482,239645
2022-04-13,0.138,0.1435,0.1362,0.1399,982887318.0,137393251.8626,166895
2022-04-14,0.14,0.1478,0.1368,0.1441,2218098250.0,316371897.4894,347004
2022-04-15,0.1442,0.1498,0.1418,0.1458,1414074566.0,206421725.1436,242481
2022-04-16,0.1458,0.148,0.1414,0.1435,747201976.0,107920654.559,126459
2022-04-17,0.1435,0.145,0.1383,0.1392,693196715.0,98798237.2005,118303
2022-04-18,0.1392,0.1405,0.1327,0.1402,1219207335.0,166631673.4024,172568
2022-04-19,0.1401,0.1446,0.1391,0.1425,811386437.0,114731377.7582,121222
2022-04-20,0.1425,0.1468,0.1389,0.1407,1387121991.0,198712438.6518,183954
2022-04-21,0.1407,0.143,0.134,0.1362,873720271.0,121931727.0683,134778
2022-04-22,0.1362,0.1382,0.1346,0.1363,572175737.0,78050873.8321,82694
2022-04-23,0.1363,0.1368,0.1331,0.1339,337691149.0,45561190.4933,56187
2022-04-24,0.1338,0.1348,0.1309,0.1317,521764787.0,69350563.4178,71201
2022-04-25,0.1318,0.1711,0.1224,0.1581,7687212862.0,1147372432.2386,1341383
2022-04-26,0.1582,0.1668,0.1354,0.1376,6993892003.0,1069301464.5069,1199816
2022-04-27,0.1376,0.1456,0.135,0.14,2395315272.0,336123088.5247,373346
2022-04-28,0.1399,0.1433,0.1352,0.1375,1507644481.0,209786452.3578,222069
2022-04-29,0.1375,0.1451,0.1331,0.1349,2002962085.0,277934350.0211,327678
2022-04-30,0.135,0.1368,0.1238,0.1274,1256533034.0,164757599.6811,242872
2022-05-01,0.1273,0.1366,0.126,0.1327,1208220038.0,158692847.4427,186400
2022-05-02,0.1327,0.134,0.1276,0.1308,791121203.0,103670354.2818,119984
2022-05-03,0.1308,0.132,0.1264,0.1295,602983927.0,78261051.8947,86809
2022-05-04,0.1294,0.1363,0.129,0.1359,999925457.0,131931283.3135,143213
2022-05-05,0.136,0.1378,0.125,0.1282,1663729207.0,218173969.8404,239158
2022-05-06,0.1281,0.1299,0.1234,0.1278,919219399.0,116682459.5988,146685
2022-05-07,0.1277,0.1324,0.1245,0.1275,913433603.0,117146687.0366,152856
2022-05-08,0.1274,0.1283,0.1226,0.1241,770287457.0,96542930.9894,124742
2022-05-09,0.1241,0.1253,0.1001,0.1019,2102771008.3,239113759.3231294,312051
2022-05-10,0.1018,0.1184,0.0992,0.108,1929997320.5,210771372.329382,307346
2022-05-11,0.108,0.1109,0.0711,0.0853,4698607567.9,440124665.1290712,639261
2022-05-12,0.0852,0.0899,0.0689,0.0826,4099690301.0,324180510.4073929,612330
2022-05-13,0.0826,0.0964,0.082,0.0881,2571346706.0,232985182.6653,342187
2022-05-14,0.0881,0.092,0.0836,0.0894,1212363074.0,106875054.287,179875
2022-05-15,0.0895,0.0933,0.0864,0.0932,799028070.0,71273603.9508,117569
2022-05-16,0.0932,0.0932,0.0858,0.088,674846170.0,59593088.4111,108447
2022-05-17,0.088,0.0914,0.0869,0.0903,632579482.0,56518959.3183,105455
2022-05-18,0.0903,0.091,0.0831,0.0833,552003943.0,47920803.8084,91933
2022-05-19,0.0834,0.0876,0.0814,0.0866,537654022.0,45628823.8841,101250
2022-05-20,0.0866,0.088,0.0825,0.084,494642225.0,42242911.2553,125585
2022-05-21,0.084,0.0855,0.0824,0.0845,200173227.0,16839511.2088,41884
2022-05-22,0.0844,0.0867,0.0838,0.0859,212040160.0,18116210.7432,42904
2022-05-23,0.0859,0.0884,0.0821,0.0833,491119625.0,42231960.2234,77802
2022-05-24,0.0833,0.0844,0.0801,0.0837,359716178.0,29793056.7447,51015
2022-05-25,0.0837,0.0845,0.0821,0.083,417147590.0,34683533.0139,49561
2022-05-26,0.0829,0.0837,0.075,0.0779,863761845.0,68207421.01,99973
2022-05-27,0.0779,0.09,0.076,0.0816,1955445636.0,161102847.6199,254240
2022-05-28,0.0815,0.0834,0.0808,0.0818,539169761.0,44147605.091,70892
2022-05-29,0.0818,0.0833,0.0798,0.0827,368598200.0,30139562.1843,53700
2022-05-30,0.0827,0.08857,0.0821,0.088,1210365782.0,103736341.96524,175361
2022-05-31,0.088,0.0885,0.08308,0.08591,1380975219.0,118883517.63877,198304
2022-06-01,0.0859,0.08952,0.07872,0.08105,2111914425.0,179173789.19822,273373
2022-06-02,0.08106,0.08313,0.08001,0.08277,950935239.0,77422479.03407,138166
2022-06-03,0.08279,0.08296,0.07936,0.08029,719704158.0,58286787.39083,112202
2022-06-04,0.08033,0.08252,0.07932,0.08187,508858133.0,41312175.35615,78651
2022-06-05,0.08188,0.08225,0.0806,0.08107,372318514.0,30371072.32997,63142
2022-06-06,0.08108,0.08473,0.08089,0.0825,810064865.0,67215049.35909,122162
2022-06-07,0.0825,0.08258,0.07769,0.08039,733934095.0,58834598.51563,123942
2022-06-08,0.08039,0.0816,0.0788,0.07927,536757669.0,42979808.21191,95641
2022-06-09,0.07927,0.08105,0.07893,0.07937,322805496.0,25765458.37242,64815
2022-06-10,0.07937,0.07974,0.07423,0.07539,584554571.0,45010854.55354,105310
2022-06-11,0.07538,0.07649,0.06793,0.06993,750865386.0,53683178.03036,131409
2022-06-12,0.06994,0.07037,0.06344,0.06353,1339377069.7,88779563.9790248,214387
2022-06-13,0.06352,0.06627,0.05234,0.0542,3222482666.2,183236473.6661945,519889
2022-06-14,0.05418,0.05842,0.04978,0.05555,2292552206.0,125432740.9097084,353154
2022-06-15,0.05556,0.06394,0.05041,0.06285,2340963490.0,128648902.12516,391699
2022-06-16,0.06285,0.06285,0.05421,0.05523,1635504912.0,94401491.76816,258302
2022-06-17,0.05523,0.05814,0.05463,0.05689,694665887.0,39400049.44512,120789
2022-06-18,0.0569,0.05787,0.04914,0.0529,1478029999.0,78653187.16525,234084
2022-06-19,0.05289,0.0629,0.05116,0.06047,2339917678.0,133346502.12006,397192
2022-06-20,0.06046,0.06152,0.05744,0.06002,963247514.0,57195844.19724,184453
2022-06-21,0.06002,0.06993,0.05896,0.06581,2221434344.0,144904487.74883,386924
2022-06-22,0.06583,0.06583,0.06105,0.0617,1245199586.0,78422432.89696,232702
2022-06-23,0.06172,0.06476,0.06155,0.06398,826794075.0,52477537.64891,131736
2022-06-24,0.06398,0.06854,0.06391,0.06694,897806951.0,59396860.79661,155576
2022-06-25,0.06694,0.06934,0.0651,0.06852,767798491.0,51757596.91645,134228
2022-06-26,0.06852,0.07759,0.06719,0.07296,1762543405.0,127948048.33162,327553
2022-06-27,0.07297,0.0788,0.0705,0.07216,1823287836.0,136307639.09611,350225
2022-06-28,0.07218,0.0734,0.0654,0.0661,1134861583.0,79223772.7859,205405
2022-06-29,0.0661,0.07159,0.06409,0.06956,1112315068.0,75029965.78287,216150
2022-06-30,0.06958,0.06973,0.06227,0.06644,1057005992.0,68718354.41226,218258
2022-07-01,0.06642,0.06846,0.06386,0.06644,872749922.0,57629359.70038,173602
2022-07-02,0.06645,0.068,0.0655,0.06667,618971181.0,41350431.9297,127773
2022-07-03,0.06667,0.0675,0.06482,0.06721,437895956.0,28974235.9598,85450
2022-07-04,0.06721,0.06981,0.06566,0.06938,647421086.0,43855197.21635,119132
2022-07-05,0.06937,0.07002,0.0655,0.06716,634033746.0,42994496.94514,128561
2022-07-06,0.06716,0.0693,0.06616,0.06844,643845555.0,43652824.59127,120657
2022-07-07,0.06843,0.07122,0.06786,0.07055,698711394.0,48639931.15523,117622
2022-07-08,0.07056,0.0735,0.06823,0.06906,767634396.0,53866869.99886,144875
2022-07-09,0.06906,0.07019,0.06881,0.06947,356555177.0,24788969.66587,65425
2022-07-10,0.06947,0.0695,0.06626,0.06728,500345310.0,33772694.86866,76057
2022-07-11,0.06728,0.06729,0.06119,0.06175,567740257.0,36619245.03575,99063
2022-07-12,0.06175,0.06316,0.05972,0.05982,490698646.0,30143407.77588,91247
2022-07-13,0.05981,0.06235,0.05754,0.06194,765623144.0,46058378.1556,135523
2022-07-14,0.06194,0.06282,0.05946,0.06246,619370560.0,37889836.80867,100279
2022-07-15,0.06247,0.06443,0.06162,0.06294,651264714.0,41111678.24732,119396
2022-07-16,0.06293,0.06484,0.06176,0.06439,450542104.0,28598349.07682,86274
2022-07-17,0.06437,0.06552,0.06289,0.06306,413264543.0,26531191.9023,80443
2022-07-18,0.06306,0.06897,0.06299,0.06756,1153131436.0,76698811.25945,211722
2022-07-19,0.06755,0.07025,0.06539,0.06901,1049353576.0,71280807.39764,211211
2022-07-20,0.06902,0.07695,0.06769,0.07014,1879167633.0,136124920.87375,393791
2022-07-21,0.07012,0.07091,0.06691,0.06998,831525229.0,57296862.70056,167881
2022-07-22,0.06997,0.07141,0.0667,0.06743,698239065.0,48427831.55123,140701
2022-07-23,0.06743,0.0695,0.06594,0.06804,574830361.0,38863079.68434,115180
2022-07-24,0.06802,0.06893,0.06721,0.06755,422181889.0,28833198.0095,81519
2022-07-25,0.06755,0.06799,0.06175,0.06193,699294463.0,45313108.85976,136385
2022-07-26,0.06194,0.06267,0.06011,0.06252,598070119.0,36715804.47835,108008
2022-07-27,0.06253,0.06722,0.06178,0.06721,722135201.0,46414228.10884,120098
2022-07-28,0.06722,0.07089,0.06518,0.06909,947954323.0,64139627.45806,173112
2022-07-29,0.06912,0.07244,0.06723,0.06877,1006131726.0,70028114.06012,208331
2022-07-30,0.06879,0.07454,0.06788,0.06965,1305533142.0,93038892.43579,252675
2022-07-31,0.06966,0.07225,0.06771,0.06807,789967033.0,55406419.32442,150464
2022-08-01,0.06809,0.07128,0.06682,0.06845,770509779.0,52890145.22155,148817
2022-08-02,0.06845,0.06913,0.06546,0.06652,571786789.0,38263225.02652,122520
2022-08-03,0.06652,0.06842,0.06509,0.06621,475501306.0,31901099.46224,97042
2022-08-04,0.06621,0.06767,0.06574,0.06725,417953599.0,27891714.90145,85584
2022-08-05,0.06725,0.07028,0.06717,0.06981,655343802.0,45187095.79871,117930
2022-08-06,0.06981,0.07133,0.0684,0.06863,515275101.0,35996342.73437,84616
2022-08-07,0.06863,0.07,0.06735,0.06897,334443472.0,23010367.80449,62626
2022-08-08,0.06896,0.07258,0.06881,0.07011,791973876.0,55880993.42293,120684
2022-08-09,0.07009,0.075,0.06743,0.06904,1319171735.0,93675515.65975,209593
2022-08-10,0.06902,0.07147,0.06649,0.07126,864532997.0,60269762.27526,141421
2022-08-11,0.07126,0.0755,0.07042,0.07084,1244652711.0,90027449.51609,193542
2022-08-12,0.07085,0.07275,0.06966,0.0723,558720656.0,39743070.26094,89846
2022-08-13,0.07232,0.07517,0.0718,0.07293,814196356.0,59835990.93462,129095
2022-08-14,0.07292,0.08494,0.07262,0.08168,3169284659.0,250618168.79897,532696
2022-08-15,0.08168,0.08203,0.07467,0.07662,1760099314.0,136804167.31093,277498
2022-08-16,0.07663,0.08962,0.07615,0.08677,4011386761.0,340605368.97791,752568
2022-08-17,0.08677,0.08897,0.07933,0.08021,2056226341.0,172611549.57315,405868
2022-08-18,0.08021,0.08229,0.07347,0.07474,1299546363.0,102929979.46226,259237
2022-08-19,0.07474,0.07529,0.06702,0.06776,2379477045.0,168029925.32561,401666
2022-08-20,0.06777,0.07118,0.06764,0.06933,1258894600.0,87443532.84146,204560
2022-08-21,0.06934,0.0708,0.06739,0.06932,1013563879.0,70057646.24807,155807
2022-08-22,0.06933,0.06942,0.06518,0.0684,884457833.0,59378487.97607,145254
2022-08-23,0.06841,0.06923,0.06687,0.06884,498322188.0,34066084.81716,94894
2022-08-24,0.06884,0.06967,0.06703,0.06791,536623127.0,36591184.20362,92822
2022-08-25,0.06791,0.07185,0.06761,0.06898,904268436.0,62766250.38044,137328
2022-08-26,0.06898,0.06957,0.06273,0.06351,1220146376.0,81314351.02837,197815
2022-08-27,0.06351,0.06412,0.06225,0.06351,713605775.0,45229400.8519,108895
2022-08-28,0.06353,0.06432,0.06129,0.06178,533481708.0,33846104.97716,86127
2022-08-29,0.06177,0.06409,0.06088,0.06384,599200371.0,37465302.10047,98535
2022-08-30,0.06383,0.06448,0.06007,0.06154,611034766.0,38167405.14211,97424
2022-08-31,0.06155,0.06346,0.06072,0.06135,550957335.0,34364230.04412,86619
2022-09-01,0.06134,0.06263,0.05988,0.06239,567020740.0,34684316.50633,93637
2022-09-02,0.06238,0.06288,0.06068,0.06165,436731244.0,27026922.44934,71654
2022-09-03,0.06164,0.06403,0.06112,0.06271,506474868.0,31647515.43153,76020
2022-09-04,0.06272,0.06391,0.06187,0.06323,426054692.0,26853885.68057,67731
2022-09-05,0.06323,0.06374,0.06092,0.06275,394413001.0,24517576.85927,63748
2022-09-06,0.06275,0.06531,0.058,0.05889,1030694821.0,63514276.34207,170358
2022-09-07,0.05888,0.06155,0.05737,0.06097,572781904.0,34165531.24651,89347
2022-09-08,0.06098,0.06142,0.05965,0.06096,474879318.0,28768305.85779,72624
2022-09-09,0.06099,0.06489,0.0609,0.06385,1042646377.0,65998539.36936,151533
2022-09-10,0.06386,0.06557,0.06315,0.06466,860544762.0,55200771.29684,123083
2022-09-11,0.06467,0.06531,0.06261,0.06369,712921351.0,45630590.89664,90750
2022-09-12,0.06369,0.06545,0.06261,0.06393,676230761.0,43219555.3989,108736
2022-09-13,0.06395,0.06419,0.05921,0.05964,1028728701.0,63391262.45387,150257
2022-09-14,0.05965,0.0615,0.05914,0.06115,689192149.0,41798988.64929,97112
2022-09-15,0.06114,0.06121,0.05847,0.0586,674751292.0,40347892.64479,96278
2022-09-16,0.05862,0.0605,0.05807,0.06046,481393122.0,28607431.91937,70575
2022-09-17,0.06045,0.06241,0.0602,0.0622,440603174.0,27041972.67826,61471
2022-09-18,0.0622,0.06225,0.05628,0.05743,600769480.0,35863959.74632,100983
2022-09-19,0.05744,0.05881,0.05588,0.05853,624550093.0,35716492.84438,94666
2022-09-20,0.05852,0.06064,0.05759,0.05839,518174761.0,30492514.28728,81153
2022-09-21,0.0584,0.06091,0.05606,0.05715,802984616.0,47073505.85546,139420
2022-09-22,0.05715,0.06007,0.05682,0.05958,485039595.0,28483271.56462,70300
2022-09-23,0.05959,0.06431,0.05912,0.06337,1396167433.0,86371325.55363,259047
2022-09-24,0.06337,0.06831,0.06239,0.0631,2594470223.0,170902713.06413,349390
2022-09-25,0.0631,0.06388,0.06004,0.06117,773373679.0,48276106.40898,110041
2022-09-26,0.06117,0.06188,0.05972,0.06113,586568692.0,35756992.15055,91888
2022-09-27,0.06112,0.06307,0.05973,0.06048,580177161.0,35773053.65668,95709
2022-09-28,0.0605,0.06113,0.05848,0.06051,501123807.0,30036516.5545,79377
2022-09-29,0.06051,0.06108,0.05927,0.06086,399104883.0,24049395.58313,54785
2022-09-30,0.06088,0.06228,0.05954,0.06167,685383674.0,41664780.96731,102479
2022-10-01,0.06168,0.06316,0.06025,0.06059,716678180.0,44059482.24182,98562
2022-10-02,0.0606,0.06096,0.0588,0.05927,337873392.0,20272146.94784,51539
2022-10-03,0.05926,0.06058,0.05879,0.06034,317408954.0,19020021.38669,53939
2022-10-04,0.06033,0.06645,0.05994,0.06584,1976517731.0,126403288.6458,255886
2022-10-05,0.06584,0.06687,0.06262,0.06478,1259186373.0,81341592.85263,204016
2022-10-06,0.06479,0.06686,0.06279,0.06345,685939526.0,44477017.14141,123088
2022-10-07,0.06345,0.06383,0.06124,0.06235,500880550.0,31312992.836,82519
2022-10-08,0.06237,0.06268,0.06118,0.06165,230874372.0,14343832.54382,40902
2022-10-09,0.06164,0.0624,0.06116,0.06212,226968934.0,14029368.68017,36649
2022-10-10,0.0621,0.0625,0.0592,0.05938,386782574.0,23509791.67939,69301
2022-10-11,0.05938,0.06099,0.0575,0.06025,478062235.0,28383618.84857,98457
2022-10-12,0.06025,0.06099,0.05927,0.05981,252208137.0,15156606.6674,56777
2022-10-13,0.05979,0.06024,0.05509,0.05965,761866013.0,44151859.8439,152393
2022-10-14,0.05964,0.06103,0.05809,0.05866,327532810.0,19607691.71104,68949
2022-10-15,0.05865,0.05978,0.05797,0.05857,249335168.0,14666740.85068,46626
2022-10-16,0.05857,0.05946,0.05847,0.05891,160481253.0,9462727.56161,36500
2022-10-17,0.0589,0.06017,0.05854,0.05998,194737870.0,11577811.77047,42910
2022-10-18,0.05997,0.06116,0.05854,0.05976,351446283.0,20960813.99784,67255
2022-10-19,0.05975,0.0608,0.05821,0.05868,458718503.0,27312151.22634,89851
2022-10-20,0.05868,0.06037,0.05823,0.05942,340532633.0,20302196.85916,69988
2022-10-21,0.05942,0.05951,0.05709,0.05933,287377970.0,16820454.62145,63406
2022-10-22,0.05933,0.0599,0.0591,0.05968,198858373.0,11826382.24416,37146
2022-10-23,0.05969,0.0605,0.05865,0.06038,249563654.0,14889542.95298,48364
2022-10-24,0.06038,0.06092,0.05866,0.05945,344276898.0,20517881.69431,61518
2022-10-25,0.05944,0.06428,0.05913,0.06305,1024580884.0,63512078.12967,188566
2022-10-26,0.06304,0.07361,0.0626,0.07265,2893785380.0,198449308.69507,541272
2022-10-27,0.07265,0.08552,0.07172,0.07689,5263995288.0,410779648.60063,1100604
2022-10-28,0.07686,0.08849,0.0725,0.08387,6297011393.0,510559448.88093,1194899
2022-10-29,0.08387,0.1515,0.08285,0.12176,15308814618.0,1798336067.34029,3566595
2022-10-30,0.12176,0.1435,0.11122,0.11773,9155956957.0,1141170407.6575,2261840
2022-10-31,0.11774,0.1318,0.11373,0.12686,7416828751.0,911376670.59762,1775888
2022-11-01,0.12685,0.15893,0.12448,0.14211,9951558350.0,1411667775.59788,2491954
2022-11-02,0.14211,0.148,0.122,0.12765,6438544218.0,867245133.93269,1769568
2022-11-03,0.12766,0.13699,0.12,0.12262,3814668576.0,496730355.76447,906771
2022-11-04,0.12262,0.12915,0.11552,0.12613,4491405373.0,548496239.72487,1005024
2022-11-05,0.12612,0.136,0.12013,0.12445,2575911841.0,331281649.24698,695074
2022-11-06,0.12444,0.1277,0.11183,0.11477,1828089235.0,221758203.0087,485972
2022-11-07,0.11477,0.11908,0.10717,0.11123,1960584662.0,225174032.74715,500514
2022-11-08,0.11124,0.113,0.0777,0.08827,6869827495.0,670413319.38954,1370546
2022-11-09,0.08827,0.09219,0.07053,0.0745,5778334733.0,480982925.20811,1239937
2022-11-10,0.07452,0.09461,0.07306,0.08978,4922943119.0,417803493.34345,999408
2022-11-11,0.08976,0.09355,0.08001,0.08509,2597129664.0,221816642.55829,588140
2022-11-12,0.08511,0.0952,0.07845,0.08815,3871215593.0,343823332.72233,847178
2022-11-13,0.08814,0.09157,0.08269,0.08495,2193482956.0,191097547.85205,512861
2022-11-14,0.08496,0.0915,0.07917,0.08595,2525683803.0,215477469.71021,607486
2022-11-15,0.08594,0.0895,0.0847,0.08706,1318756115.0,114993655.98584,338530
2022-11-16,0.08705,0.09121,0.08338,0.08548,1621532204.0,141081880.99413,389739
2022-11-17,0.08549,0.08729,0.08233,0.08467,1133495442.0,96129101.7608,273758
2022-11-18,0.08467,0.08679,0.08363,0.08474,818587592.0,69702485.03383,167670
2022-11-19,0.08474,0.085,0.08303,0.08455,489697622.0,41155367.50098,104289
2022-11-20,0.08455,0.08584,0.07633,0.07703,1168377788.0,95094290.32851,237688
2022-11-21,0.07705,0.07738,0.07131,0.07466,1869844515.0,140422752.99603,339519
2022-11-22,0.07466,0.0797,0.07307,0.07876,1448103545.0,110246289.20831,272164
2022-11-23,0.07877,0.08354,0.07779,0.08197,1258795497.0,101965278.21921,254198
2022-11-24,0.08197,0.08434,0.08013,0.08146,739233520.0,60581917.57296,157812
2022-11-25,0.08146,0.09191,0.08053,0.0895,2497331251.0,217699207.77863,517261
2022-11-26,0.0895,0.09558,0.08712,0.08893,1914481802.0,176393357.21232,429225
2022-11-27,0.08892,0.108,0.0888,0.09868,4273685671.0,430213172.47513,892938
2022-11-28,0.0987,0.09975,0.09056,0.09513,3340654160.0,317224474.07536,736970
2022-11-29,0.09512,0.10524,0.0936,0.10146,2909789625.0,296193400.37081,588058
2022-11-30,0.10146,0.11,0.09937,0.10677,2791151929.0,294206244.43044,569550
2022-12-01,0.10676,0.10777,0.10025,0.10175,1927610473.0,199176726.01191,380551
2022-12-02,0.10175,0.1036,0.09665,0.1021,1560905751.0,155121388.51512,320252
2022-12-03,0.1021,0.10319,0.09808,0.0997,1356635083.0,136598012.62243,251447
2022-12-04,0.0997,0.10575,0.09954,0.10406,1609965913.0,166423671.45887,322634
2022-12-05,0.10405,0.11192,0.09922,0.10149,2106903673.0,221556898.96696,409620
2022-12-06,0.10149,0.10276,0.09802,0.10019,1145270821.0,114900368.09738,211910
2022-12-07,0.1002,0.1012,0.09269,0.09575,1404880230.0,135777757.3463,253839
2022-12-08,0.09575,0.09918,0.09459,0.09847,1031574520.0,99729660.18012,182457
2022-12-09,0.09847,0.09945,0.09561,0.0967,956187442.0,93229229.67496,184953
2022-12-10,0.0967,0.09743,0.09603,0.09632,429034730.0,41524436.31136,84147
2022-12-11,0.09632,0.09715,0.09161,0.09266,627479341.0,59688866.9125,104937
2022-12-12,0.09266,0.093,0.08471,0.09029,1940139927.0,171806896.99201,328609
2022-12-13,0.09029,0.09555,0.08691,0.09105,1698390609.0,154313618.19646,297723
2022-12-14,0.09105,0.09247,0.087,0.08824,1247687146.0,112504453.05171,227095
2022-12-15,0.08825,0.0888,0.08402,0.08485,899180340.0,77891926.4349,157299
2022-12-16,0.08483,0.08682,0.07391,0.07569,1755203327.0,141133921.67248,314905
2022-12-17,0.07569,0.07949,0.07552,0.07919,1337164978.0,103394811.7583,208157
2022-12-18,0.07918,0.08005,0.07759,0.07847,630900319.0,49712793.28122,114069
2022-12-19,0.07846,0.07951,0.06997,0.07133,1529698798.0,114327112.53758,238169
2022-12-20,0.07133,0.07566,0.07101,0.07483,1127168971.0,83335354.79225,171660
2022-12-21,0.07483,0.07502,0.07131,0.07374,912809062.0,66736940.20681,130731
2022-12-22,0.07369,0.07783,0.07327,0.07685,1485392938.0,112352367.36552,222912
2022-12-23,0.07687,0.07904,0.07616,0.07721,1022963248.0,79365850.01985,159935
2022-12-24,0.07721,0.07814,0.07661,0.07752,360306517.0,27873485.87155,61232
2022-12-25,0.07751,0.07765,0.0732,0.07598,1157436298.0,87372540.41167,167059
2022-12-26,0.07599,0.07664,0.07421,0.07568,648289873.0,48977931.09659,97223
2022-12-27,0.07569,0.07616,0.07256,0.07372,706850540.0,52536508.22954,98102
2022-12-28,0.07372,0.07391,0.06921,0.0704,1500166937.0,106932054.13658,190302
2022-12-29,0.07039,0.07162,0.06925,0.07094,772145313.0,54482042.05149,101804
2022-12-30,0.07093,0.07145,0.06581,0.0684,1196523595.0,81700730.80863,149611
2022-12-31,0.0684,0.07137,0.06796,0.07025,731983708.0,51145861.98305,94848
2023-01-01,0.07024,0.07087,0.06906,0.07024,446408160.0,31186485.64412,63270
2023-01-02,0.07023,0.07374,0.06906,0.0714,1115176285.0,79799258.83904,132252
2023-01-03,0.07138,0.07231,0.06943,0.07049,732706343.0,51978935.55988,96280
2023-01-04,0.07049,0.07362,0.07019,0.07311,790550617.0,57052787.85042,126570
2023-01-05,0.0731,0.07529,0.07035,0.07152,1201528327.0,87922505.89879,150659
2023-01-06,0.07151,0.07281,0.0695,0.07241,906514550.0,64536126.24467,118294
2023-01-07,0.07242,0.07305,0.07167,0.07219,438575312.0,31694590.38024,64499
2023-01-08,0.07219,0.07399,0.07121,0.07363,699742440.0,50605705.69885,95982
2023-01-09,0.07362,0.07963,0.07293,0.07566,2439547755.0,186972351.65935,302486
2023-01-10,0.07565,0.0779,0.07372,0.07782,1467632421.0,112062301.6517,176903
2023-01-11,0.07782,0.07856,0.07468,0.07814,1121053232.0,85960944.22423,154947
2023-01-12,0.07816,0.08127,0.07514,0.08025,1968905283.0,155346645.66129,273803
2023-01-13,0.08025,0.0852,0.07854,0.0845,1429185415.0,115752595.68956,221980
2023-01-14,0.08449,0.09267,0.0825,0.08729,2545072024.0,222512084.13494,449936
2023-01-15,0.08729,0.08794,0.08281,0.08608,1138888071.0,96754312.05574,198124
2023-01-16,0.08607,0.08833,0.08155,0.08368,1287934489.0,109522663.45943,233644
2023-01-17,0.08369,0.08505,0.08194,0.08285,756342910.0,63352297.83481,146304
2023-01-18,0.08286,0.08976,0.0778,0.08,2493642731.0,211395207.84248,456990
2023-01-19,0.08,0.08218,0.07971,0.08161,691282040.0,55964579.6094,125843
2023-01-20,0.08159,0.087,0.0806,0.08617,918640712.0,76449430.40969,164321
2023-01-21,0.08616,0.08913,0.0837,0.08467,1633128413.0,141751024.85559,285263
2023-01-22,0.08468,0.09343,0.08432,0.08824,1738503746.0,154544824.96444,292651
2023-01-23,0.08822,0.09151,0.08621,0.08851,1434286413.0,127519821.96884,230236
2023-01-24,0.08851,0.0908,0.0821,0.08392,1125073702.0,98857383.52138,209960
2023-01-25,0.08392,0.08818,0.08165,0.08654,1051938532.0,89023124.93685,210375
2023-01-26,0.08655,0.08771,0.08451,0.08633,798277511.0,68849219.36763,152823
2023-01-27,0.08634,0.088,0.08352,0.08723,754008754.0,64748605.57932,143243
2023-01-28,0.08723,0.09381,0.08671,0.08773,1403207343.0,125749168.1936,241025
2023-01-29,0.08773,0.09102,0.08725,0.09009,1040667224.0,93296963.54751,173837
2023-01-30,0.09009,0.09286,0.0845,0.08837,1972615630.0,173498545.0761,328676
2023-01-31,0.08833,0.09867,0.08822,0.09612,3424868562.0,320351628.1616,601040
2023-02-01,0.09613,0.09717,0.08812,0.09403,2518388790.0,232047408.39588,452304
2023-02-02,0.09403,0.09594,0.09006,0.09099,1627338143.0,151906573.29594,263896
2023-02-03,0.09099,0.09334,0.09025,0.09293,1151670924.0,105797231.01273,190593
2023-02-04,0.09293,0.0998,0.0925,0.09567,2334550634.0,224027690.67981,357687
2023-02-05,0.09567,0.097,0.09042,0.09203,1602924250.0,149908407.08889,289517
2023-02-06,0.09203,0.09329,0.0885,0.08955,969968684.0,88589762.69373,158301
2023-02-07,0.08956,0.09274,0.0894,0.09253,846234202.0,77109347.86988,141463
2023-02-08,0.09252,0.09339,0.08842,0.09018,817449844.0,74379602.36862,137022
2023-02-09,0.09017,0.09093,0.07878,0.08144,1673139025.0,142361404.06135,311212
2023-02-10,0.08144,0.08305,0.07922,0.08089,1054839195.0,86212843.91808,185526
2023-02-11,0.08087,0.08259,0.08063,0.08225,409857675.0,33503674.85925,83803
2023-02-12,0.08226,0.08582,0.08115,0.08215,932273677.0,77945701.92521,175891
2023-02-13,0.08217,0.08648,0.07936,0.08209,1742593714.0,143487770.81344,279187
2023-02-14,0.08209,0.08371,0.08002,0.0836,785765214.0,64655649.89362,143143
2023-02-15,0.0836,0.08961,0.08265,0.08928,1906740485.0,164949294.3783,292835
2023-02-16,0.08927,0.09199,0.08468,0.08489,1730290902.0,153466131.89796,300626
2023-02-17,0.08489,0.08851,0.0843,0.08771,778220031.0,67464093.70005,147847
2023-02-18,0.08771,0.09049,0.08675,0.08882,741187928.0,65484108.61835,124096
2023-02-19,0.08882,0.09,0.08559,0.08697,933849140.0,82306169.70701,172888
2023-02-20,0.08698,0.08875,0.08513,0.08829,774767125.0,68018886.37176,141122
2023-02-21,0.08829,0.08884,0.08429,0.08546,984199238.0,85232827.50392,159862
2023-02-22,0.08546,0.08882,0.08286,0.0855,1754704513.0,149908952.30165,285275
2023-02-23,0.0855,0.08642,0.0835,0.08425,708234194.0,60199078.9712,134706
2023-02-24,0.08424,0.08499,0.07922,0.08092,1006076322.0,82530619.10414,193843
2023-02-25,0.08091,0.08216,0.07836,0.08075,671481093.0,54081162.09407,130910
2023-02-26,0.08075,0.08264,0.08041,0.08216,375150914.0,30560244.62016,74380
2023-02-27,0.08217,0.08231,0.07992,0.08136,535217985.0,43460355.71943,88650
2023-02-28,0.08136,0.08312,0.0799,0.08085,782956200.0,63984919.93669,124371
2023-03-01,0.08085,0.08284,0.08023,0.08193,449680442.0,36808992.52678,89117
2023-03-02,0.08193,0.08226,0.07959,0.08056,396580116.0,31970325.35816,72829
2023-03-03,0.08057,0.08062,0.0732,0.07684,1391618480.0,105146374.86489,239119
2023-03-04,0.07684,0.07727,0.07255,0.07462,646573785.0,48320706.02664,113220
2023-03-05,0.07462,0.07612,0.07429,0.07474,473247429.0,35616591.62325,82040
2023-03-06,0.07475,0.07515,0.07316,0.07479,601290505.0,44598491.06599,105247
2023-03-07,0.0748,0.07597,0.07234,0.07407,715751875.0,53134764.75956,118313
2023-03-08,0.07407,0.07432,0.07,0.07112,710430111.0,51578068.01431,130177
2023-03-09,0.07112,0.0723,0.06393,0.06595,1514038685.0,102992131.90937,268553
2023-03-10,0.06597,0.06618,0.06253,0.06572,1320901834.0,85635534.72495,212149
2023-03-11,0.06572,0.06821,0.06324,0.06604,1096354085.0,71739394.07497,207015
2023-03-12,0.06604,0.07082,0.06516,0.07051,950190978.0,64281816.91018,191700
2023-03-13,0.07051,0.07353,0.06814,0.07279,1285142360.0,91287481.56805,246217
2023-03-14,0.07279,0.07762,0.07108,0.07456,1507610170.0,112334812.11679,282007
2023-03-15,0.07455,0.07589,0.06735,0.06963,1326712138.0,94694707.61349,257636
2023-03-16,0.06964,0.07407,0.06868,0.07256,842159396.0,59454354.64497,170220
2023-03-17,0.07256,0.07724,0.07143,0.07642,1234974838.0,92021094.02443,232164
2023-03-18,0.07642,0.0789,0.07234,0.07295,1383588746.0,105320529.73824,272138
2023-03-19,0.07296,0.07652,0.07295,0.0745,818390779.0,61245154.46238,154719
2023-03-20,0.07451,0.07557,0.07035,0.07137,1079402871.0,78945442.3721,210799
2023-03-21,0.07136,0.07788,0.07031,0.0766,1544655030.0,115386368.45879,296122
2023-03-22,0.07661,0.0781,0.07137,0.07385,1912919819.0,144018154.80185,356966
2023-03-23,0.07385,0.07922,0.07294,0.07736,1770056622.0,135718021.44322,294875
2023-03-24,0.07736,0.07749,0.07295,0.07453,836571352.0,62827175.58121,155743
2023-03-25,0.07453,0.07597,0.07244,0.07402,658593695.0,48943134.82286,129045
2023-03-26,0.07401,0.07558,0.07334,0.07436,480451959.0,35759913.97781,85987
2023-03-27,0.07436,0.07639,0.07124,0.07287,1127427328.0,83039932.30309,189712
2023-03-28,0.07289,0.07404,0.07165,0.07381,644358903.0,46885848.93685,109919
2023-03-29,0.07381,0.07692,0.07351,0.07557,1004337728.0,76025066.02587,160165
2023-03-30,0.07557,0.07685,0.07327,0.07422,827561063.0,61952613.90326,139394
2023-03-31,0.07421,0.07789,0.0734,0.07695,838503016.0,63548707.33059,136729
2023-04-01,0.07695,0.085,0.07586,0.08181,1854882421.0,147661797.9769,322648
2023-04-02,0.08181,0.08559,0.07724,0.07903,2199172283.0,180272715.73546,422957
2023-04-03,0.07903,0.105,0.076,0.096,8818532284.0,821481103.77787,1705069
2023-04-04,0.09601,0.1035,0.09219,0.09512,7327021779.0,716578007.53248,1278802
2023-04-05,0.0951,0.09917,0.09055,0.09267,3340986573.0,319834428.25492,603428
2023-04-06,0.09268,0.09275,0.08415,0.08541,3278113280.0,292046353.99595,568729
2023-04-07,0.08541,0.0862,0.08113,0.08222,2228211181.0,185239007.69662,383356
2023-04-08,0.08222,0.08383,0.08035,0.08134,1218517909.0,100545723.08015,209441
2023-04-09,0.08135,0.08393,0.08107,0.08318,922447755.0,76124495.14707,178859
2023-04-10,0.08318,0.08541,0.08225,0.08473,948759612.0,79305135.84204,172420
2023-04-11,0.08474,0.08607,0.08359,0.08408,1001623427.0,84939344.79105,168258
2023-04-12,0.08409,0.0851,0.08036,0.08346,1733885327.0,142830877.84801,269293
2023-04-13,0.08346,0.08886,0.08279,0.08729,1824584606.0,157357744.60448,286227
2023-04-14,0.08729,0.09138,0.08527,0.08866,2129880806.0,189231712.15334,372467
2023-04-15,0.08866,0.09057,0.08714,0.08888,873116413.0,77655204.38557,157443
2023-04-16,0.08889,0.09183,0.0875,0.09043,1204599668.0,108253908.88845,215121
2023-04-17,0.09043,0.09488,0.08807,0.09137,2941097287.0,271006609.15772,501953
2023-04-18,0.09137,0.095,0.08974,0.09411,1670819556.0,155092708.65906,290077
2023-04-19,0.09412,0.09413,0.0842,0.08788,2757696460.0,246110718.74936,493596
2023-04-20,0.08787,0.0935,0.08251,0.08389,4572088496.0,405243878.00491,788998
2023-04-21,0.0839,0.0847,0.0762,0.07842,2208532603.0,180073455.19149,364961
2023-04-22,0.07842,0.08101,0.07817,0.08028,807742799.0,64238303.35178,134440
2023-04-23,0.08029,0.08083,0.07651,0.07878,776127337.0,61336770.23922,130904
2023-04-24,0.07876,0.08,0.07715,0.07873,835608693.0,65856879.7429,132203
2023-04-25,0.07875,0.07996,0.07752,0.07976,649768816.0,51142344.77902,109714
2023-04-26,0.07976,0.08358,0.0748,0.07859,1881668380.0,149998083.45042,305395
2023-04-27,0.07859,0.081,0.07837,0.08014,1030067337.0,82262796.38021,149076
2023-04-28,0.08013,0.08074,0.07892,0.08033,490310858.0,39253517.41812,82755
2023-04-29,0.08033,0.08197,0.08019,0.08157,590694438.0,47944031.70227,93474
2023-04-30,0.08157,0.08174,0.07923,0.07951,585421236.0,47268607.64167,96527
2023-05-01,0.0795,0.08003,0.07733,0.07882,687515788.0,53952152.51666,106334
2023-05-02,0.07882,0.0791,0.07754,0.07876,429294264.0,33714938.36088,68314
2023-05-03,0.07876,0.08072,0.07711,0.07962,666847319.0,52320813.83607,111458
2023-05-04,0.07961,0.0797,0.07794,0.07838,521626133.0,41092883.63729,76795
2023-05-05,0.07837,0.08147,0.07705,0.08017,751560591.0,59529191.18827,114228
2023-05-06,0.08017,0.08049,0.07566,0.07672,866161917.0,67227701.04909,125573
2023-05-07,0.07672,0.07756,0.07617,0.07652,440286253.0,33891198.22708,59889
2023-05-08,0.07652,0.07711,0.06982,0.07239,1086840054.0,79628457.60321,176749
2023-05-09,0.07239,0.07333,0.07206,0.0731,581336500.0,42258155.60482,95352
2023-05-10,0.0731,0.0747,0.07033,0.07312,830157442.0,60522277.66061,149261
2023-05-11,0.07312,0.07317,0.06908,0.07193,786571281.0,55998376.11246,126581
2023-05-12,0.07193,0.07275,0.06933,0.07235,977393789.0,69458052.04665,162677
2023-05-13,0.07235,0.0724,0.0713,0.07167,331390133.0,23815893.30418,61747
2023-05-14,0.07168,0.07265,0.07111,0.07196,239907331.0,17259594.14006,52968
2023-05-15,0.07195,0.07368,0.07084,0.07191,501437549.0,36358595.30732,91791
2023-05-16,0.0719,0.07325,0.07087,0.07275,356844405.0,25692401.03431,73596
2023-05-17,0.07276,0.07547,0.07228,0.07483,763341382.0,56280535.56051,133875
2023-05-18,0.07484,0.07492,0.07161,0.07344,792415671.0,58380360.04293,135432
2023-05-19,0.07344,0.07406,0.073,0.0735,335992593.0,24709136.40663,59222
2023-05-20,0.07351,0.07389,0.07306,0.07361,203083357.0,14909334.15031,36743
2023-05-21,0.07362,0.074,0.07198,0.07212,313624488.0,22822477.394,52293
2023-05-22,0.07212,0.07402,0.07071,0.07291,461513189.0,33490951.20569,87588
2023-05-23,0.07292,0.07396,0.07241,0.07289,334965527.0,24472118.15259,59718
2023-05-24,0.07288,0.07289,0.06931,0.07064,630159786.0,44692285.89208,100648
2023-05-25,0.07065,0.07116,0.06856,0.07088,486062691.0,34138191.19772,79015
2023-05-26,0.07087,0.07137,0.0703,0.07097,408192832.0,28910532.88862,57237
2023-05-27,0.07097,0.07344,0.0707,0.07255,369096577.0,26550948.20374,60361
2023-05-28,0.07255,0.07396,0.07186,0.07352,434942386.0,31668628.89389,70429
2023-05-29,0.07353,0.074,0.07261,0.07313,310287767.0,22734577.5598,50455
2023-05-30,0.07313,0.07346,0.07198,0.07231,465392836.0,33825735.03435,70527
2023-05-31,0.07231,0.07268,0.07051,0.07165,377200792.0,26991707.23201,63894
2023-06-01,0.07165,0.07219,0.07071,0.07142,337422502.0,24166514.24753,56544
2023-06-02,0.07143,0.07331,0.0709,0.07256,386392712.0,27887432.7709,67073
2023-06-03,0.07257,0.07298,0.07217,0.0727,213922814.0,15515563.86423,37449
2023-06-04,0.07271,0.07334,0.07232,0.07249,273284700.0,19897118.0819,43912
2023-06-05,0.07249,0.07269,0.06311,0.0664,1393290604.0,93957296.05613,218006
2023-06-06,0.0664,0.07199,0.06585,0.07025,1170265603.0,80278280.52343,184942
2023-06-07,0.07025,0.07032,0.06668,0.06728,687833819.0,46875925.6902,114747
2023-06-08,0.06728,0.0685,0.06698,0.06796,366934419.0,24883849.00859,67036
2023-06-09,0.06796,0.07119,0.06729,0.06947,664528733.0,46007799.06456,118881
2023-06-10,0.06947,0.07196,0.053,0.06175,2781711103.0,171561454.57232,448360
2023-06-11,0.06175,0.06289,0.06092,0.06151,580462318.0,35906374.71752,84690
2023-06-12,0.06152,0.0617,0.05975,0.06143,485251023.0,29613143.7058,78388
2023-06-13,0.06144,0.06284,0.06006,0.06175,469560125.0,28919978.69953,73245
2023-06-14,0.06174,0.06219,0.05811,0.06038,642700404.0,38884225.34061,98050
2023-06-15,0.06038,0.062,0.05975,0.06153,534409612.0,32540254.9184,78903
2023-06-16,0.06154,0.06282,0.06069,0.06219,501181424.0,30939222.82953,71805
2023-06-17,0.06219,0.06297,0.06166,0.0622,358515676.0,22354492.32997,49618
2023-06-18,0.0622,0.06399,0.06107,0.06212,616148520.0,38439286.52508,92314
2023-06-19,0.06212,0.06285,0.06151,0.06245,313699473.0,19469370.97016,48514
2023-06-20,0.06244,0.06314,0.06074,0.06313,438420606.0,27230997.25707,64889
2023-06-21,0.06314,0.06677,0.06284,0.06561,948481988.0,61394849.38643,144569
2023-06-22,0.06562,0.06938,0.06502,0.06555,998222870.0,66966814.32449,167076
2023-06-23,0.06556,0.07013,0.06525,0.06823,780327080.0,52684721.70418,138016
2023-06-24,0.06823,0.06843,0.06505,0.06669,638939181.0,42945397.7126,106535
2023-06-25,0.06669,0.068,0.06635,0.06672,378779847.0,25456715.53541,68512
2023-06-26,0.06672,0.06681,0.06319,0.06474,710375009.0,46417573.76788,113763
2023-06-27,0.06474,0.06579,0.06433,0.06556,477097877.0,31114201.05517,72674
2023-06-28,0.06557,0.06596,0.06013,0.06257,700025590.0,44443036.70018,114022
2023-06-29,0.06257,0.0641,0.06241,0.06342,450376389.0,28450957.38809,73138
2023-06-30,0.06342,0.06698,0.06101,0.06646,1114226909.0,72688463.48364,198253
2023-07-01,0.06646,0.0728,0.06641,0.06851,1480878387.0,101954533.09148,243539
2023-07-02,0.06851,0.0692,0.066,0.06801,945225786.0,63910497.52448,127013
2023-07-03,0.06801,0.06878,0.06721,0.06845,566630919.0,38549024.24769,91890
2023-07-04,0.06845,0.07186,0.06764,0.0689,1051878193.0,73023095.2265,173986
2023-07-05,0.06891,0.06936,0.06558,0.06701,592363243.0,39862578.36768,98485
2023-07-06,0.06697,0.06858,0.06466,0.06485,620315296.0,41310812.25522,102278
2023-07-07,0.06484,0.06587,0.0641,0.0654,410024265.0,26781021.84796,66351
2023-07-08,0.0654,0.06608,0.06474,0.06573,278674788.0,18218680.63466,44169
2023-07-09,0.06573,0.06636,0.0651,0.06536,279080489.0,18358802.15212,41654
2023-07-10,0.06537,0.06656,0.06326,0.06523,616363367.0,39955694.54037,92601
2023-07-11,0.06523,0.06551,0.06437,0.06528,313014382.0,20328586.42436,53178
2023-07-12,0.06529,0.0657,0.06365,0.06503,312404127.0,20289741.40216,53198
2023-07-13,0.06504,0.07168,0.06455,0.07042,1572353798.0,107974602.3465,252484
2023-07-14,0.07042,0.07311,0.06612,0.06849,1501930500.0,105437639.04108,242751
2023-07-15,0.06848,0.07522,0.06769,0.07197,2333412778.0,169555438.69357,348582
2023-07-16,0.07196,0.07221,0.06891,0.06952,930666895.0,65785219.4842,139841
2023-07-17,0.06951,0.07325,0.06752,0.06982,1103083153.0,77313205.64979,184680
2023-07-18,0.06982,0.07032,0.06703,0.06866,588900425.0,40400764.8532,105637
2023-07-19,0.06867,0.07235,0.06823,0.07003,941079033.0,65896478.84647,159532
2023-07-20,0.07004,0.0739,0.06926,0.07062,1394548088.0,99770589.80378,206797
2023-07-21,0.07061,0.07688,0.07026,0.07322,1714323052.0,125872266.19518,278831
2023-07-22,0.07322,0.0733,0.06963,0.07047,817196460.0,58570412.04585,121175
2023-07-23,0.07047,0.07295,0.06997,0.0718,636160266.0,45717792.76659,95828
2023-07-24,0.07179,0.0779,0.07018,0.0742,3734795178.0,279829292.46351,616800
2023-07-25,0.0742,0.0838,0.07361,0.08185,3974103246.0,313632445.0117,670567
2023-07-26,0.08185,0.08229,0.07647,0.07793,2421416701.0,191653652.84432,385966
2023-07-27,0.07794,0.07996,0.07666,0.07761,1390657420.0,108963531.77816,203672
2023-07-28,0.07761,0.07791,0.07586,0.07717,845464658.0,65109003.88713,126780
2023-07-29,0.07717,0.08243,0.07683,0.08023,1189212485.0,94327162.57102,187694
2023-07-30,0.08024,0.08057,0.07622,0.07802,1058535152.0,83772145.22556,176189
2023-07-31,0.07802,0.0798,0.07672,0.07786,845233630.0,66206001.13514,141657
2023-08-01,0.07786,0.07828,0.07517,0.07815,873111968.0,67040145.5697,129965
2023-08-02,0.07815,0.07833,0.07369,0.07422,804142710.0,60836505.04171,124670
2023-08-03,0.07422,0.07501,0.07253,0.07358,693788058.0,51326141.31088,107325
2023-08-04,0.07358,0.07492,0.0725,0.07347,610889682.0,45185318.55173,98193
2023-08-05,0.07346,0.07708,0.07292,0.07571,1062980193.0,80361897.6085,156317
2023-08-06,0.07572,0.07649,0.07407,0.07427,667225173.0,50167367.34445,101876
2023-08-07,0.07427,0.07573,0.0717,0.07354,686024165.0,50661657.39198,113898
2023-08-08,0.07354,0.07548,0.07321,0.07496,573574471.0,42649913.08335,91886
2023-08-09,0.07497,0.07622,0.07419,0.07541,494836584.0,37220409.3012,80476
2023-08-10,0.07542,0.07695,0.07514,0.07588,614532410.0,46647469.9491,101988
2023-08-11,0.07587,0.07611,0.07484,0.07574,303787779.0,22955077.04023,51419
2023-08-12,0.07574,0.07745,0.07561,0.0767,588060644.0,45058875.63219,84459
2023-08-13,0.0767,0.07689,0.0743,0.07479,468528019.0,35488657.73304,71384
2023-08-14,0.07479,0.07711,0.07365,0.07469,779632649.0,58473264.94941,121040
2023-08-15,0.0747,0.07499,0.06831,0.07093,1006789294.0,72662457.6909,151306
2023-08-16,0.07092,0.07125,0.06602,0.06717,1176873403.0,80984467.18602,153290
2023-08-17,0.06718,0.06843,0.0556,0.06102,1947998543.0,123620746.9089,274854
2023-08-18,0.06102,0.06385,0.05988,0.06326,1284697455.0,79908012.67898,154599
2023-08-19,0.06326,0.0645,0.0631,0.06379,427274791.0,27183051.36486,58264
2023-08-20,0.06379,0.06473,0.06338,0.06384,302086371.0,19333802.2943,42959
2023-08-21,0.06384,0.06411,0.06035,0.06252,577388884.0,36081815.5837,80239
2023-08-22,0.06253,0.06327,0.06023,0.06259,615086529.0,38272420.59631,82850
2023-08-23,0.06258,0.06546,0.06246,0.06379,663722826.0,42264317.01664,87859
2023-08-24,0.06379,0.06404,0.06183,0.06308,386270949.0,24385523.38063,53369
2023-08-25,0.06308,0.06315,0.06169,0.06312,388436589.0,24229741.33631,52115
2023-08-26,0.06312,0.06338,0.06262,0.06289,133469006.0,8407844.39497,21072
2023-08-27,0.06289,0.06379,0.06269,0.06318,195920692.0,12381193.30033,27727
2023-08-28,0.06317,0.0637,0.06186,0.06345,347134881.0,21789078.48691,47595
2023-08-29,0.06345,0.06858,0.0624,0.0664,1205214048.0,79300388.72117,176412
2023-08-30,0.0664,0.06647,0.06434,0.06588,652816294.0,42683148.76782,81674
2023-08-31,0.06588,0.06701,0.0628,0.06376,987255423.0,64328075.3132,118287
2023-09-01,0.06379,0.06426,0.0623,0.06388,594834321.0,37771556.70096,73889
2023-09-02,0.06386,0.06497,0.0626,0.06348,445474474.0,28368708.40871,63130
2023-09-03,0.06348,0.06377,0.06276,0.06317,221836401.0,14044413.14013,33591
2023-09-04,0.06317,0.06385,0.06209,0.06326,414229595.0,26156361.23442,52937
2023-09-05,0.06326,0.06443,0.06288,0.06402,613206067.0,39129437.05314,69058
2023-09-06,0.06403,0.06464,0.06248,0.06365,638467834.0,40689983.83105,63236
2023-09-07,0.06364,0.06384,0.06279,0.06365,418433542.0,26519402.81803,44350
2023-09-08,0.06366,0.06402,0.06237,0.06371,364461321.0,23061583.38435,48400
2023-09-09,0.0637,0.06391,0.06319,0.06339,196653596.0,12495666.85681,27685
2023-09-10,0.06338,0.0634,0.05938,0.0613,741903006.0,45598221.69036,100945
2023-09-11,0.0613,0.06199,0.05919,0.06049,815364934.0,49357251.80128,98174
2023-09-12,0.06047,0.06247,0.06043,0.0609,590184825.0,36260714.94387,73991
2023-09-13,0.0609,0.06181,0.0605,0.06126,502274759.0,30683513.26435,57085
2023-09-14,0.06125,0.06255,0.06108,0.06208,475512544.0,29324721.20968,54765
2023-09-15,0.06207,0.06296,0.06138,0.0625,305546937.0,18972451.48935,40802
2023-09-16,0.0625,0.06297,0.06176,0.06214,255280771.0,15905929.03412,35590
2023-09-17,0.06213,0.06254,0.06097,0.06147,383318697.0,23678403.5212,50405
2023-09-18,0.06146,0.06281,0.06096,0.06198,477979505.0,29612579.22875,58989
2023-09-19,0.06196,0.06323,0.06189,0.06268,428581236.0,26809249.60093,50181
2023-09-20,0.06269,0.06303,0.06144,0.06262,351126474.0,21875623.51895,46395
2023-09-21,0.06263,0.06348,0.06103,0.06131,461733879.0,28682859.05613,59848
2023-09-22,0.0613,0.06187,0.06058,0.06152,243141704.0,14940382.18452,34856
2023-09-23,0.06153,0.06199,0.06127,0.06152,171390790.0,10551532.80734,26595
2023-09-24,0.06152,0.06175,0.06028,0.06069,187668551.0,11492548.05825,29624
2023-09-25,0.06068,0.06124,0.06009,0.06094,185313210.0,11269114.08089,29360
2023-09-26,0.06095,0.06114,0.05933,0.06062,247803396.0,14971987.50562,37490
2023-09-27,0.06062,0.06142,0.06016,0.06053,322389750.0,19592884.73029,43461
2023-09-28,0.06052,0.06168,0.06038,0.0615,330092922.0,20174936.15723,44627
2023-09-29,0.06151,0.06249,0.06131,0.06213,388098719.0,24008259.14787,50682
2023-09-30,0.06213,0.06276,0.06173,0.06207,353992527.0,22015585.97923,42003
2023-10-01,0.06207,0.06358,0.06169,0.06319,426685075.0,26690722.24152,55959
2023-10-02,0.0632,0.0642,0.06093,0.062,626702154.0,39391905.23778,85372
2023-10-03,0.06201,0.06232,0.06107,0.06137,285220585.0,17603805.51431,40004
2023-10-04,0.06138,0.06159,0.06001,0.06147,335531290.0,20428970.39124,43652
2023-10-05,0.06146,0.06165,0.06059,0.06086,252901933.0,15443219.89739,31539
2023-10-06,0.06087,0.06162,0.06071,0.06137,299784369.0,18338128.23727,35843
2023-10-07,0.06136,0.06166,0.06105,0.06143,279174721.0,17141192.6657,26462
2023-10-08,0.06143,0.0616,0.06065,0.06096,202221066.0,12375190.40245,25087
2023-10-09,0.06095,0.061,0.05678,0.05873,806444033.0,47628376.32,92599
2023-10-10,0.05872,0.05923,0.05846,0.05913,254040040.0,14947507.45563,36453
2023-10-11,0.05914,0.05948,0.05764,0.05851,356464937.0,20867859.46762,49943
2023-10-12,0.05851,0.05852,0.05722,0.05788,241613425.0,13992832.68488,36751
2023-10-13,0.05789,0.0591,0.05777,0.05839,340601297.0,19868943.50442,40017
2023-10-14,0.05839,0.05998,0.05833,0.05984,258485303.0,15306116.07218,38073
2023-10-15,0.05984,0.05986,0.05901,0.05931,187751427.0,11152991.95888,30905
2023-10-16,0.0593,0.06176,0.05909,0.06,685936360.0,41294868.55518,83863
2023-10-17,0.06,0.06016,0.05812,0.05904,328504417.0,19474198.00777,49141
2023-10-18,0.05903,0.05936,0.05827,0.05858,259892423.0,15276595.01294,40637
2023-10-19,0.05859,0.05899,0.05738,0.05887,268646752.0,15670050.9032,40963
2023-10-20,0.05887,0.06049,0.05862,0.0599,380263308.0,22731498.03425,53037
2023-10-21,0.0599,0.06147,0.05942,0.06119,419977032.0,25519096.90125,53376
2023-10-22,0.06119,0.06173,0.05979,0.0617,431537666.0,26312254.20039,64341
2023-10-23,0.06169,0.0679,0.06131,0.06742,1809514093.0,116349908.04166,264652
2023-10-24,0.06742,0.07012,0.06418,0.0666,1893961402.0,127544825.43812,283177
2023-10-25,0.0666,0.06978,0.0646,0.06832,1473029982.0,99228256.80723,224723
2023-10-26,0.06832,0.07516,0.06782,0.07185,3074465230.0,220766668.23004,445511
2023-10-27,0.07184,0.07243,0.06716,0.06776,1256624746.0,87743155.98292,185111
2023-10-28,0.06776,0.06982,0.0675,0.069,643644405.0,44244090.02932,109985
2023-10-29,0.069,0.0702,0.06722,0.06935,485266012.0,33473402.46875,89276
2023-10-30,0.06936,0.0704,0.06771,0.06959,739649062.0,51162371.28524,110464
2023-10-31,0.06958,0.07085,0.06578,0.06827,1281215492.0,87801026.75191,167979
2023-11-01,0.06827,0.06967,0.06548,0.06894,1322729238.0,89187337.49734,161653
2023-11-02,0.06893,0.07089,0.0666,0.0679,1597197975.0,109939113.03404,168866
2023-11-03,0.0679,0.06823,0.06621,0.06807,793772413.0,53465914.56396,95327
2023-11-04,0.06808,0.06927,0.0679,0.06908,544148824.0,37335756.33993,66484
2023-11-05,0.06908,0.07175,0.0688,0.07108,1366786320.0,96125652.72491,152588
2023-11-06,0.07108,0.07653,0.07025,0.07637,1891295555.0,139294113.76902,260874
2023-11-07,0.07637,0.07648,0.0715,0.07338,2426713501.0,179245598.05852,249400
2023-11-08,0.07338,0.0772,0.07277,0.07534,1394687206.0,104243754.25747,160281
2023-11-09,0.07535,0.07791,0.06779,0.07357,2758797891.0,203970342.66265,358155
2023-11-10,0.07357,0.07559,0.07241,0.07539,1754786161.0,130057016.18724,194362
2023-11-11,0.07539,0.08189,0.07445,0.07849,3940449595.0,310285550.04576,462112
2023-11-12,0.0785,0.08038,0.07503,0.07795,2187569963.0,170782020.32108,229510
2023-11-13,0.07795,0.07954,0.07341,0.07456,2695984716.0,206919438.97998,289927
2023-11-14,0.07456,0.07555,0.0688,0.07244,2213664109.0,162615567.505,243270
2023-11-15,0.07244,0.07654,0.07227,0.07623,1242373327.0,92173316.68071,160674
2023-11-16,0.07623,0.084,0.07593,0.07947,4624288827.0,365641577.38689,655958
2023-11-17,0.07946,0.0876,0.07907,0.08641,5715620063.0,474488946.30238,759077
2023-11-18,0.08642,0.08663,0.079,0.08028,3816113600.0,315083578.88686,471831
2023-11-19,0.08027,0.08066,0.07734,0.08046,1736599079.0,137007341.97654,213013
2023-11-20,0.08045,0.08219,0.07666,0.07768,1894821627.0,151566343.06216,231711
2023-11-21,0.07768,0.07875,0.07063,0.07176,2807234921.0,211300189.39713,378131
2023-11-22,0.07175,0.0766,0.07153,0.07575,1119488422.0,83580017.26174,133173
2023-11-23,0.07576,0.07638,0.07494,0.0762,613659850.0,46543101.60671,78604
2023-11-24,0.07621,0.07866,0.07605,0.07818,883650952.0,68478819.9583,107945
2023-11-25,0.07818,0.07916,0.07753,0.07894,651722335.0,51176418.12649,81889
2023-11-26,0.07894,0.07899,0.0755,0.07868,785924906.0,60952055.85693,103691
2023-11-27,0.07867,0.0817,0.0768,0.07884,2139460195.0,169353426.66961,261805
2023-11-28,0.07883,0.08121,0.07671,0.08083,1710141271.0,135496791.44933,206525
2023-11-29,0.08083,0.08317,0.07959,0.08047,1518465698.0,123175366.24291,195922
2023-11-30,0.08045,0.08443,0.08039,0.08343,1474563719.0,121471815.67515,190111
2023-12-01,0.08344,0.0851,0.0823,0.08385,1075587047.0,90073150.12766,153166
2023-12-02,0.08384,0.08663,0.08327,0.08617,1047224679.0,88820270.26934,149952
2023-12-03,0.08617,0.08738,0.0836,0.08571,1233031851.0,105070170.07289,172238
2023-12-04,0.08571,0.0926,0.085,0.09188,2933769955.0,260449580.87759,433480
2023-12-05,0.09188,0.0958,0.08746,0.09435,2544186116.0,232092568.92358,380284
2023-12-06,0.09436,0.10645,0.09338,0.09493,5278501455.0,529155108.63456,948176
2023-12-07,0.09493,0.09828,0.09269,0.09593,2842604920.0,271534378.26471,424890
2023-12-08,0.09594,0.10385,0.09556,0.10164,2247014999.0,221624227.34803,329281
2023-12-09,0.10165,0.1051,0.0975,0.09846,2400778713.0,244004075.71668,372697
2023-12-10,0.09846,0.10275,0.09665,0.10186,1337401762.0,133811827.50554,224632
2023-12-11,0.10186,0.1073,0.09106,0.09413,3926452012.0,383703034.40585,670104
2023-12-12,0.09412,0.09802,0.09122,0.09381,2003591978.0,189982703.73185,295622
2023-12-13,0.09381,0.09759,0.0898,0.09642,1654708893.0,154070288.91372,261177
2023-12-14,0.09643,0.09878,0.09327,0.0983,1405821668.0,135886229.87469,213794
2023-12-15,0.0983,0.09879,0.09232,0.09303,1313568767.0,125558212.82158,183455
2023-12-16,0.09302,0.09728,0.09152,0.09713,1016225212.0,95995125.3446,153789
2023-12-17,0.09713,0.09784,0.09238,0.09295,986491713.0,93584238.22971,162093
2023-12-18,0.09295,0.09378,0.08638,0.09213,1479114802.0,133063803.10646,225263
2023-12-19,0.09212,0.0935,0.08926,0.09023,884237508.0,81106107.33288,143335
2023-12-20,0.09023,0.09334,0.08942,0.0915,1223678648.0,111626346.00808,180521
2023-12-21,0.09151,0.098,0.09063,0.09499,1726958198.0,162540116.75855,277356
2023-12-22,0.095,0.09559,0.09195,0.09499,1258416466.0,117980916.01579,199405
2023-12-23,0.09498,0.095,0.09204,0.09346,649710275.0,60513659.70097,107984
2023-12-24,0.09346,0.09492,0.09026,0.09171,1078125456.0,100751515.50742,187946
2023-12-25,0.09172,0.09544,0.09124,0.09435,794322702.0,74189206.09987,136914
2023-12-26,0.09436,0.09445,0.087,0.09135,1045263091.0,95772725.87688,190662
2023-12-27,0.09135,0.09386,0.08956,0.09365,697904313.0,64377495.45571,137851
2023-12-28,0.09365,0.09493,0.09107,0.09174,896005552.0,83376381.12298,158395
2023-12-29,0.09174,0.093,0.08843,0.09097,676368690.0,61781686.94874,141745
2023-12-30,0.09096,0.0914,0.0892,0.09,348435520.0,31486570.85449,69213
2023-12-31,0.09,0.09089,0.08808,0.08955,385427628.0,34692853.38567,69321
2024-01-01,0.08956,0.09207,0.08847,0.09199,506560988.0,45856152.14607,81285
2024-01-02,0.092,0.09438,0.09035,0.0911,881934936.0,81620263.86776,144162
2024-01-03,0.09109,0.09213,0.075,0.08201,1959750401.0,164033163.66787,331170
2024-01-04,0.082,0.08467,0.08093,0.08401,1144911613.0,94958162.03245,153450
2024-01-05,0.08401,0.08483,0.08046,0.08267,1109914047.0,91546774.14758,163743
2024-01-06,0.08267,0.08268,0.07833,0.08058,979471694.0,78819192.75806,169538
2024-01-07,0.08058,0.08148,0.07701,0.07824,927733107.0,74015800.99796,222250
2024-01-08,0.07822,0.08177,0.07412,0.0813,1392075761.0,108620233.77995,200289
2024-01-09,0.0813,0.08399,0.07642,0.07923,2205553399.0,175210044.35441,343943
2024-01-10,0.07922,0.08501,0.07579,0.08307,1240032433.0,98980901.8188,221942
2024-01-11,0.08307,0.088,0.08197,0.08456,1520441570.0,129003894.10794,262023
2024-01-12,0.08456,0.08544,0.0778,0.08007,1117173897.0,92082844.95305,199721
2024-01-13,0.08007,0.08138,0.07861,0.08092,451114051.0,36291118.60026,83428
2024-01-14,0.08094,0.08396,0.07964,0.08003,923333159.0,75582443.56972,139892
2024-01-15,0.08002,0.08178,0.07987,0.08108,423589779.0,34300152.08223,80854
2024-01-16,0.08108,0.08258,0.07986,0.08134,582449257.0,47369892.27231,90582
2024-01-17,0.08134,0.0816,0.07935,0.08059,478700611.0,38583229.48141,68754
2024-01-18,0.0806,0.08081,0.0769,0.07808,621337144.0,49214806.5753,86646
2024-01-19,0.07808,0.07884,0.07484,0.07857,766708753.0,59204180.85016,107340
2024-01-20,0.07856,0.09058,0.07821,0.08777,1655077344.0,138866010.33485,276523
2024-01-21,0.08777,0.09046,0.08468,0.08546,2294800965.0,200633911.77286,404970
2024-01-22,0.08547,0.08559,0.08012,0.08057,1591848689.0,132268389.42305,268782
2024-01-23,0.08057,0.08189,0.076,0.07821,1285716152.0,100492938.5102,215547
2024-01-24,0.07821,0.08066,0.07754,0.07904,688387053.0,54447832.72829,121180
2024-01-25,0.07905,0.07925,0.07711,0.07795,487927595.0,38061922.12705,86423
2024-01-26,0.07795,0.08035,0.07753,0.07985,438354293.0,34722428.42862,83960
2024-01-27,0.07985,0.0807,0.07902,0.08014,330227896.0,26367307.9665,59129
2024-01-28,0.08014,0.08149,0.07818,0.07882,405942847.0,32446105.53783,76925
2024-01-29,0.07883,0.08306,0.07816,0.08135,1259643662.0,102222096.05264,190917
2024-01-30,0.08137,0.08219,0.07939,0.07972,609381172.0,49472217.60913,101054
2024-01-31,0.07971,0.08028,0.078,0.07875,492930215.0,39115347.30535,98410
2024-02-01,0.07874,0.07986,0.07728,0.07937,423161080.0,33395733.01891,78316
2024-02-02,0.07937,0.07996,0.07858,0.07928,338158394.0,26849623.02363,58101
2024-02-03,0.07928,0.07951,0.07853,0.07874,181709999.0,14369151.85233,34991
2024-02-04,0.07874,0.07998,0.07775,0.07831,263166434.0,20770189.49683,48749
2024-02-05,0.07831,0.08031,0.07735,0.07835,432182668.0,34091489.0786,74931
2024-02-06,0.07835,0.07923,0.07773,0.07849,294603685.0,23132778.21818,53812
2024-02-07,0.07848,0.08032,0.07816,0.08013,389072392.0,30858397.35495,70931
2024-02-08,0.08013,0.08087,0.07935,0.07987,447795104.0,35878029.09784,84642
2024-02-09,0.07986,0.08222,0.07986,0.08155,665001847.0,54073200.59692,111570
2024-02-10,0.08154,0.08214,0.0803,0.08142,367774924.0,29882540.10703,55220
2024-02-11,0.08141,0.08358,0.08075,0.08123,639653927.0,52555183.74082,95242
2024-02-12,0.08123,0.08287,0.07946,0.08223,797306560.0,64715262.07532,117714
2024-02-13,0.08223,0.08297,0.07968,0.08105,738029583.0,60257483.6886,115928
2024-02-14,0.08105,0.087,0.08047,0.0855,1497064357.0,126203446.28327,223991
2024-02-15,0.08549,0.08824,0.08392,0.08528,1428000130.0,122809328.84948,227247
2024-02-16,0.08527,0.08799,0.08392,0.08591,807216742.0,69277895.36793,163668
2024-02-17,0.08591,0.08606,0.08192,0.08356,647757981.0,54377792.41231,114937
2024-02-18,0.08355,0.08572,0.08282,0.08517,526443268.0,44324227.51339,104204
2024-02-19,0.08516,0.09084,0.08502,0.08942,1424055062.0,124764301.38545,224622
2024-02-20,0.08942,0.09155,0.0826,0.08615,1744290957.0,151671841.83121,273655
2024-02-21,0.08615,0.08627,0.08196,0.08457,757871134.0,63437307.85026,156728
2024-02-22,0.08457,0.08551,0.08302,0.0841,645334349.0,54592707.14756,132340
2024-02-23,0.08409,0.08553,0.08285,0.08451,791686167.0,66625671.87575,132958
2024-02-24,0.08451,0.08637,0.08386,0.08615,657921980.0,56141634.84861,111109
2024-02-25,0.08616,0.08682,0.08521,0.08612,493056846.0,42505674.05449,100161
2024-02-26,0.08613,0.09,0.08415,0.08923,1088385979.0,94663047.9985,189872
2024-02-27,0.08923,0.10066,0.08844,0.09758,4473045916.0,427761141.98753,694327
2024-02-28,0.09759,0.12333,0.09417,0.11585,8260903846.0,892737375.10265,1596270
2024-02-29,0.11585,0.135,0.11132,0.11732,8825589402.0,1110023130.06987,2004818
2024-03-01,0.11732,0.14561,0.11704,0.13934,6695199430.0,868436005.86647,1372756
2024-03-02,0.13934,0.151,0.13579,0.14196,5215907888.0,744261090.4536,1406218
2024-03-03,0.14195,0.15629,0.12356,0.15347,6113745846.0,871192026.54759,1562172
2024-03-04,0.15346,0.18518,0.14424,0.18196,8109722728.0,1361351555.86197,2692599
2024-03-05,0.18197,0.20637,0.126,0.15304,12530493898.0,2136677249.79085,3882945
2024-03-06,0.15304,0.17981,0.1461,0.15784,5625446879.0,906498711.38404,1721284
2024-03-07,0.15784,0.1623,0.14637,0.15764,4138356351.0,638668441.95381,1112846
2024-03-08,0.15762,0.176,0.155,0.16457,4842302475.0,805786080.2804,1461244
2024-03-09,0.16456,0.18486,0.16288,0.17875,3903293224.0,680877140.14926,1119960
2024-03-10,0.17875,0.17965,0.16526,0.16997,2311878295.0,400990729.05179,709213
2024-03-11,0.16998,0.18315,0.15986,0.182,3021515629.0,524855474.59918,925881
2024-03-12,0.182,0.1835,0.155,0.16816,2760068984.0,467458112.0153,875431
2024-03-13,0.16817,0.17444,0.16481,0.16897,2005346358.0,341061408.30969,645331
2024-03-14,0.16895,0.19289,0.165,0.17719,7417977435.0,1338861261.39876,2175526
2024-03-15,0.1772,0.18142,0.151,0.16357,4217464611.0,694066606.94409,1222093
2024-03-16,0.16358,0.16524,0.138,0.14253,3166192692.0,479794035.14473,924978
2024-03-17,0.14253,0.15936,0.1366,0.15428,2846386007.0,423073349.3024,769279
2024-03-18,0.15428,0.15432,0.14,0.14353,2116020884.0,309818787.96325,573866
2024-03-19,0.14352,0.14517,0.1252,0.12881,4709278496.0,622247889.21888,986666
2024-03-20,0.12879,0.15327,0.12253,0.15209,4788948000.0,653058271.04096,1153108
2024-03-21,0.15209,0.15998,0.14649,0.15537,3475754499.0,530745097.35974,967524
2024-03-22,0.15536,0.165,0.14528,0.15292,3644351433.0,565007320.34351,1170989
2024-03-23,0.15294,0.175,0.15164,0.1619,3445544497.0,565949747.26452,1112195
2024-03-24,0.16191,0.18,0.16097,0.17651,3007181093.0,517410318.40108,1063261
2024-03-25,0.17651,0.18726,0.17,0.17526,2860835588.0,507424181.59366,1125367
2024-03-26,0.17526,0.18707,0.174,0.1823,2942951273.0,530892951.1292,901925
2024-03-27,0.18231,0.19185,0.1787,0.19047,4365126606.0,811271224.15878,1444152
2024-03-28,0.19048,0.22888,0.1892,0.22001,6581610023.0,1384358491.92239,2058607
2024-03-29,0.22002,0.22494,0.20636,0.213,3515455224.0,753643505.7411,1071131
2024-03-30,0.213,0.21692,0.19611,0.19912,2521998974.0,521308817.81194,683683
2024-03-31,0.19913,0.2243,0.19908,0.22,2325500500.0,491406986.34412,642419
2024-04-01,0.22,0.22003,0.19709,0.20503,3456154163.0,711845259.72304,964182
2024-04-02,0.20502,0.20517,0.18,0.18248,3974417546.0,743801282.07327,1108518
2024-04-03,0.18249,0.1875,0.17002,0.17522,3549429233.0,639816295.62313,917664
2024-04-04,0.17521,0.18837,0.17189,0.17998,2343983176.0,423232996.32977,648057
2024-04-05,0.17997,0.18076,0.16733,0.1772,2083599146.0,362983842.63259,515630
2024-04-06,0.17719,0.18785,0.1764,0.18577,1865317107.0,340472822.4611,424865
2024-04-07,0.18576,0.2052,0.18544,0.19887,3025519000.0,594773979.19285,705962
2024-04-08,0.19887,0.21,0.19551,0.2026,1955830692.0,397654411.49565,581889
2024-04-09,0.20261,0.20346,0.18496,0.18912,2177727783.0,421920343.68893,591577
2024-04-10,0.18915,0.2028,0.18006,0.19971,2910595316.0,558720085.52841,706114
2024-04-11,0.19971,0.20358,0.18974,0.1938,2177813466.0,425999469.67154,589221
2024-04-12,0.19382,0.2013,0.16059,0.17403,3925158745.0,717114157.42598,1200551
2024-04-13,0.17403,0.17586,0.13024,0.15254,5355470940.0,833658424.26219,1814449
2024-04-14,0.15254,0.16505,0.14369,0.16212,4301028374.0,659668465.09762,1285212
2024-04-15,0.1621,0.169,0.15027,0.16123,4241463339.0,673817942.02785,1203179
2024-04-16,0.16123,0.16247,0.14628,0.156,2835718778.0,436478797.49955,797305
2024-04-17,0.156,0.15873,0.14431,0.14756,2144894019.0,324188311.75474,606260
2024-04-18,0.14755,0.15381,0.14083,0.15221,2200135595.0,325738822.50211,585773
2024-04-19,0.15222,0.15722,0.139,0.15633,2707121648.0,404711685.04601,687019
2024-04-20,0.15632,0.165,0.1502,0.1626,1817384243.0,286217552.51206,455864
2024-04-21,0.16259,0.16586,0.15505,0.15825,1328449014.0,212957711.02825,356666
2024-04-22,0.15823,0.16343,0.15647,0.1612,1361190385.0,217888008.0941,352893
2024-04-23,0.16121,0.163,0.15682,0.15979,1070377335.0,171103589.8731,264679
2024-04-24,0.15979,0.1645,0.14934,0.15139,1835449856.0,289588763.8671,452498
2024-04-25,0.15139,0.15446,0.14743,0.15127,1163088346.0,175327979.29081,273758
2024-04-26,0.15126,0.15178,0.14683,0.148,899940448.0,134572742.07411,208809
2024-04-27,0.14802,0.14972,0.14233,0.14776,894496218.0,130624304.14441,203389
2024-04-28,0.14776,0.15109,0.146,0.1467,568872733.0,84900914.38082,130351
2024-04-29,0.14671,0.14809,0.13959,0.14342,1220801011.0,173784307.42444,253851
2024-04-30,0.14343,0.14601,0.12916,0.13339,1665323124.0,226462615.54536,348464
2024-05-01,0.13337,0.13395,0.1201,0.13021,3172868480.0,401702081.01785,585682
2024-05-02,0.13021,0.13446,0.12407,0.13189,1666903290.0,217111398.40765,319827
2024-05-03,0.13189,0.14799,0.13113,0.14604,1484934698.0,204543149.52891,335600
2024-05-04,0.14604,0.17,0.14572,0.16012,3320985724.0,528166000.31926,853499
2024-05-05,0.16012,0.16349,0.15454,0.16098,1670385631.0,267566324.26834,443653
2024-05-06,0.161,0.16915,0.15399,0.15648,2267601007.0,365384347.22044,563145
2024-05-07,0.15649,0.15992,0.14924,0.14999,1298799353.0,202357234.98377,351398
2024-05-08,0.14999,0.152,0.14206,0.14324,1301147548.0,192373389.97604,338951
2024-05-09,0.14323,0.15423,0.14311,0.1522,1204735659.0,178207301.8168,320888
2024-05-10,0.1522,0.15387,0.14224,0.14389,1163562851.0,171568373.49688,314036
2024-05-11,0.14389,0.14626,0.14247,0.14306,461844106.0,66590421.52222,137048
2024-05-12,0.14305,0.14446,0.13899,0.14123,789804071.0,112157152.08293,173259
2024-05-13,0.14122,0.15765,0.13579,0.14864,2524431949.0,372442393.77644,636127
2024-05-14,0.14863,0.15516,0.14429,0.14552,1854848426.0,276791984.81885,500100
2024-05-15,0.14552,0.157,0.14525,0.15534,1845492157.0,278760254.22299,480191
2024-05-16,0.15533,0.15931,0.14825,0.14972,1316060414.0,201994418.66608,328452
2024-05-17,0.14971,0.15692,0.14922,0.15555,1076157319.0,165013960.20192,269807
2024-05-18,0.15555,0.1569,0.15123,0.15302,698372016.0,107685865.54796,178658
2024-05-19,0.15302,0.15604,0.1474,0.14908,734215105.0,111273142.17642,203288
2024-05-20,0.14908,0.16636,0.14767,0.16573,1539763324.0,240732662.20448,421917
2024-05-21,0.16573,0.1733,0.16071,0.17024,2403419353.0,400724082.17254,642267
2024-05-22,0.17023,0.17461,0.16174,0.16628,1812336614.0,304346865.87839,494288
2024-05-23,0.16628,0.16941,0.15171,0.15973,2098823634.0,339110158.78243,549338
2024-05-24,0.15973,0.17328,0.155,0.16386,2918289583.0,478364559.67902,807561
2024-05-25,0.16386,0.17438,0.1627,0.17402,1286560263.0,215741470.81624,357528
2024-05-26,0.17402,0.175,0.16551,0.16621,1223858574.0,208207872.31911,346955
2024-05-27,0.16621,0.1735,0.16416,0.16908,1347104309.0,227393890.15431,372056
2024-05-28,0.16908,0.16982,0.16157,0.16497,1230843968.0,203098726.60837,347539
2024-05-29,0.16496,0.17087,0.16208,0.16386,1395564391.0,232308157.24159,375705
2024-05-30,0.16386,0.1657,0.15642,0.15946,1456479032.0,234609576.71235,398573
2024-05-31,0.15945,0.16261,0.15431,0.15898,801814565.0,127452828.85606,244118
2024-06-01,0.15898,0.16199,0.1584,0.16031,367195745.0,58767449.01978,128541
2024-06-02,0.16031,0.16137,0.15469,0.1571,493754241.0,78013261.13908,157306
2024-06-03,0.1571,0.16346,0.15579,0.15835,823747427.0,132312187.58669,216477
2024-06-04,0.15834,0.16194,0.15706,0.16136,639124799.0,101779149.95704,157290
2024-06-05,0.16136,0.16486,0.16117,0.16326,670049829.0,109232785.22191,177171
2024-06-06,0.16327,0.16579,0.15831,0.16016,805127872.0,130521582.92572,191860
2024-06-07,0.16015,0.16213,0.14,0.1482,1486678159.0,225242188.54144,418279
2024-06-08,0.1482,0.14879,0.1435,0.14588,726829388.0,106728570.42129,184620
2024-06-09,0.1459,0.14916,0.14492,0.14679,428167441.0,62723566.38682,113694
2024-06-10,0.14679,0.14795,0.14325,0.14478,445950423.0,64752242.76975,128498
2024-06-11,0.14478,0.14519,0.13364,0.13806,1247090910.0,173678325.32941,304983
2024-06-12,0.13806,0.15096,0.13458,0.14621,1335443938.0,193764006.51246,418185
2024-06-13,0.14621,0.1465,0.14009,0.1411,722950347.0,103382654.34969,240083
2024-06-14,0.1411,0.14343,0.13189,0.13499,913514559.0,125775547.5125,322549
2024-06-15,0.13499,0.13785,0.13361,0.13677,464938828.0,63339739.49288,143641
2024-06-16,0.13678,0.13768,0.13467,0.13713,307161114.0,41867088.41757,96156
2024-06-17,0.13713,0.13822,0.12601,0.12879,1132086823.0,149469832.25221,317150
2024-06-18,0.12879,0.12929,0.11338,0.12225,2070645660.0,249577381.11982,567945
2024-06-19,0.12224,0.12679,0.12141,0.12247,742608455.0,92108303.62394,209805
2024-06-20,0.12247,0.129,0.12134,0.12455,880387309.0,109547828.55656,238680
2024-06-21,0.12455,0.12574,0.12138,0.12418,675836837.0,83619978.37806,230692
2024-06-22,0.12418,0.12556,0.1229,0.12375,341304465.0,42428576.88868,105820
2024-06-23,0.12376,0.1264,0.1209,0.12222,506605755.0,62795886.82449,157031
2024-06-24,0.12222,0.12395,0.11354,0.11902,1238016703.0,146356838.01654,401774
2024-06-25,0.11901,0.12862,0.11882,0.12615,904499973.0,112243456.78113,281109
2024-06-26,0.12616,0.12865,0.1218,0.12276,569477357.0,70968841.73311,200269
2024-06-27,0.12277,0.12846,0.12061,0.12711,727482679.0,90162542.24209,215467
2024-06-28,0.12711,0.12851,0.12217,0.12306,705909915.0,88642470.9991,264047
2024-06-29,0.12306,0.1244,0.12138,0.1219,241340466.0,29759663.54821,106001
2024-06-30,0.1219,0.12564,0.1205,0.12448,335643611.0,41159318.02876,167430
2024-07-01,0.12449,0.1275,0.12322,0.12352,428296949.0,53672635.06681,222017
2024-07-02,0.12352,0.12544,0.12247,0.1253,314273229.0,38883883.14413,173609
2024-07-03,0.1253,0.12555,0.11683,0.11849,562730261.0,67561388.04917,300783
2024-07-04,0.11849,0.11914,0.10385,0.10502,1541593699.0,169999028.00986,471267
2024-07-05,0.10503,0.10652,0.09136,0.10547,2608167044.0,257779899.34478,912278
2024-07-06,0.10548,0.11416,0.10468,0.11343,997717793.0,108681671.70384,390895
2024-07-07,0.11343,0.1135,0.1036,0.10415,749813872.0,81391092.08759,324355
2024-07-08,0.10415,0.1114,0.09874,0.10758,1314220494.0,138570346.14081,621045
2024-07-09,0.10757,0.10954,0.10579,0.10756,559621670.0,60370239.10143,195199
2024-07-10,0.10756,0.11053,0.10572,0.108,521002616.0,56646967.26629,203089
2024-07-11,0.108,0.11247,0.10615,0.10664,558914156.0,60769049.93542,271104
2024-07-12,0.10664,0.10831,0.10477,0.10769,467602106.0,49751385.86083,221839
2024-07-13,0.10769,0.113,0.10728,0.11231,547626740.0,60533417.24991,213218
2024-07-14,0.11231,0.11698,0.1111,0.11535,646475898.0,73504222.62151,230772
2024-07-15,0.11535,0.12555,0.11457,0.1249,1010690868.0,120645044.08575,453915
2024-07-16,0.1249,0.12784,0.11891,0.12478,1054095685.0,130516815.19708,618871
2024-07-17,0.12479,0.12769,0.12032,0.12178,687859592.0,85519514.29072,406661
2024-07-18,0.12179,0.12397,0.11715,0.11956,786606248.0,94997980.31047,422520
2024-07-19,0.11955,0.12604,0.11742,0.12543,811589334.0,99256123.12423,386140
2024-07-20,0.12543,0.13582,0.1243,0.13424,1436351183.0,188080794.50771,587881
2024-07-21,0.13423,0.14373,0.12576,0.14026,1539907160.0,207976344.73544,698132
2024-07-22,0.14027,0.1427,0.13581,0.13776,1602038139.0,222958433.77163,725593
2024-07-23,0.13777,0.13923,0.12807,0.13031,1099223304.0,146392278.72737,624277
2024-07-24,0.1303,0.13482,0.12688,0.12795,692696080.0,91095985.62744,446766
2024-07-25,0.12793,0.12873,0.1201,0.12526,916741676.0,113465711.70683,578895
2024-07-26,0.12525,0.13496,0.12504,0.13419,661205710.0,86144454.22625,380059
2024-07-27,0.13419,0.13878,0.13011,0.13144,1329095559.0,178571350.48624,714087
2024-07-28,0.13143,0.13186,0.12809,0.13004,689009904.0,89723568.02783,287239
2024-07-29,0.13005,0.13509,0.12755,0.12843,764786376.0,100954068.95636,450397
2024-07-30,0.12844,0.1307,0.1232,0.12551,536194715.0,68460175.73361,375831
2024-07-31,0.12551,0.12736,0.1212,0.12192,523776745.0,65392665.39016,379509
2024-08-01,0.12192,0.12312,0.11211,0.11899,929497327.0,109208704.87834,556166
2024-08-02,0.11899,0.11975,0.11017,0.11154,829416403.0,94945628.5812,559517
2024-08-03,0.11154,0.11475,0.10518,0.10811,1009072658.0,111018578.74527,480440
2024-08-04,0.10812,0.10944,0.099,0.10375,1010011668.0,105271005.82374,625513
2024-08-05,0.10375,0.1043,0.0805,0.09436,6003336977.0,537522393.87426,1696835
2024-08-06,0.09437,0.10151,0.09405,0.09645,1261946874.0,123319749.01462,745004
2024-08-07,0.09646,0.10208,0.09428,0.09558,1198829409.0,117779985.26624,746558
2024-08-08,0.09561,0.108,0.09354,0.10748,968675456.0,98318876.49421,576608
2024-08-09,0.10747,0.10782,0.1016,0.10386,542344314.0,56594088.53386,445330
2024-08-10,0.10386,0.10592,0.10288,0.10518,257631810.0,26909223.89134,208610
2024-08-11,0.10519,0.11099,0.10004,0.10059,769443790.0,81624595.2026,479379
2024-08-12,0.10059,0.10872,0.1001,0.10791,841806045.0,88279367.60385,551269
2024-08-13,0.10791,0.10904,0.10336,0.10636,488350832.0,51679739.74192,326297
2024-08-14,0.10637,0.10694,0.10136,0.1024,525436131.0,54741912.57012,357306
2024-08-15,0.1024,0.10495,0.09789,0.10021,610036012.0,61743946.99471,442205
2024-08-16,0.10021,0.10207,0.09745,0.10035,557705388.0,55915149.33112,423975
2024-08-17,0.10034,0.10372,0.10001,0.10275,244243848.0,24887653.61712,171133
2024-08-18,0.10275,0.10446,0.1,0.10004,350840535.0,36013643.20609,221120
2024-08-19,0.10005,0.10193,0.09857,0.10133,461658956.0,46197008.08576,307586
2024-08-20,0.10132,0.10581,0.10107,0.10289,800320196.0,83185135.20944,534265
2024-08-21,0.10289,0.10797,0.10212,0.10615,525554349.0,55038107.41332,594335
2024-08-22,0.10615,0.10689,0.104,0.10525,380546631.0,40162620.88359,482016
2024-08-23,0.10526,0.11546,0.10522,0.11293,1135703108.0,125020087.40763,981643
2024-08-24,0.11292,0.115,0.11074,0.11258,956116504.0,107738950.14372,687271
2024-08-25,0.11258,0.11287,0.10778,0.10959,568249607.0,62528803.30086,676343
2024-08-26,0.1096,0.11032,0.10442,0.1052,554048723.0,59463845.26189,758597
2024-08-27,0.1052,0.10653,0.09633,0.09891,703657118.0,72128435.6029,782887
2024-08-28,0.0989,0.1019,0.09682,0.09964,749119048.0,74497378.33899,985531
2024-08-29,0.09965,0.10259,0.09827,0.10037,415351459.0,41760251.96411,549751
2024-08-30,0.10037,0.10315,0.09697,0.10177,628171409.0,63066117.10324,724856
2024-08-31,0.10177,0.10239,0.10035,0.10128,261630981.0,26541141.43605,265357
2024-09-01,0.10128,0.10153,0.09388,0.09509,440544625.0,43141963.18179,410442
2024-09-02,0.09508,0.09992,0.09409,0.09912,456484773.0,44163449.3587,410485
2024-09-03,0.09912,0.10081,0.09639,0.09677,353919096.0,34949263.97791,393552
2024-09-04,0.09678,0.09951,0.09184,0.098,657720121.0,63124016.10158,603719
2024-09-05,0.09799,0.09917,0.096,0.09842,407742111.0,39817468.55545,426403
2024-09-06,0.09842,0.09944,0.08893,0.09254,1019311885.0,95537335.22151,821230
2024-09-07,0.09255,0.0957,0.09175,0.09539,436400943.0,41131030.76044,286780
2024-09-08,0.0954,0.09699,0.09383,0.09616,376614257.0,35963631.79481,322174
2024-09-09,0.09616,0.10495,0.09571,0.10376,896750540.0,90404722.45116,677653
2024-09-10,0.10375,0.1046,0.10153,0.1028,451668592.0,46505363.27843,505535
2024-09-11,0.10279,0.10305,0.09785,0.10131,496147874.0,49880864.80675,662703
2024-09-12,0.10132,0.10334,0.10044,0.10269,469727509.0,47930481.9785,495463
2024-09-13,0.10269,0.10857,0.10179,0.10696,885331769.0,93547072.98777,628467
2024-09-14,0.10695,0.1077,0.1043,0.1054,588837803.0,62571172.41102,357193
2024-09-15,0.1054,0.10642,0.10212,0.10281,454265265.0,47731552.69332,415932
2024-09-16,0.1028,0.10324,0.09834,0.09964,543744800.0,54774557.29848,547734
2024-09-17,0.09965,0.10266,0.0987,0.10112,488721301.0,49349894.87522,462126
2024-09-18,0.10111,0.10388,0.09932,0.10385,549809619.0,55689043.33511,641242
2024-09-19,0.10384,0.10713,0.10343,0.10499,676116886.0,70952774.98708,610383
2024-09-20,0.10498,0.10749,0.1036,0.10555,633811834.0,66923521.21183,600794
2024-09-21,0.10555,0.11049,0.10404,0.10993,543908991.0,58384918.488,421809
2024-09-22,0.10994,0.10998,0.10378,0.10633,432001443.0,46169285.85295,444259
2024-09-23,0.10632,0.10919,0.1041,0.10807,646437650.0,69295249.6263,652168
2024-09-24,0.10807,0.11066,0.10676,0.10979,747792653.0,81130709.17684,661879
2024-09-25,0.10977,0.11115,0.10801,0.10849,722241605.0,79089490.80738,611197
2024-09-26,0.10851,0.1207,0.10698,0.11818,1639288337.0,188552421.41087,1135145
2024-09-27,0.11817,0.12873,0.11698,0.12351,1623183646.0,200490248.60687,1322769
2024-09-28,0.12352,0.1321,0.1201,0.12806,1709881942.0,217079366.19034,1303246
2024-09-29,0.12807,0.13044,0.12435,0.12438,919118406.0,116820746.38565,955008
2024-09-30,0.12438,0.12466,0.11325,0.11421,1091853755.0,131049952.02245,856460
2024-10-01,0.11421,0.11935,0.1026,0.10685,1779737388.0,196843323.55122,801553
2024-10-02,0.10686,0.10951,0.10223,0.10462,1041484705.0,110503318.6661,406965
2024-10-03,0.10462,0.1068,0.10108,0.10507,990157071.0,102861284.1027,377607
2024-10-04,0.10506,0.11059,0.10475,0.10924,814968617.0,88200223.83915,269050
2024-10-05,0.10924,0.11025,0.10747,0.1094,398463760.0,43444855.41382,156882
2024-10-06,0.10941,0.11291,0.10839,0.11159,470748830.0,52075342.22264,211012
2024-10-07,0.11159,0.11547,0.10823,0.10841,1181346500.0,132719098.40515,475322
2024-10-08,0.10841,0.10986,0.10523,0.10709,680791688.0,73260279.94915,305731
2024-10-09,0.10709,0.11153,0.10608,0.10794,791794301.0,86440098.29864,321227
2024-10-10,0.10795,0.10865,0.10311,0.10603,713401352.0,75480373.87441,308053
2024-10-11,0.10603,0.11144,0.10566,0.11077,595969049.0,65149605.3794,235788
2024-10-12,0.11077,0.11219,0.10933,0.11138,415506248.0,46198872.11619,190256
2024-10-13,0.11138,0.11211,0.10864,0.1114,478777808.0,53079710.16742,226723
2024-10-14,0.1114,0.11771,0.10931,0.11669,1252447368.0,142573579.35614,413972
2024-10-15,0.11669,0.11932,0.11016,0.11748,1635590225.0,188363244.84756,643091
2024-10-16,0.11748,0.12999,0.1158,0.12573,3073408118.0,382348743.03303,865497
2024-10-17,0.12574,0.131,0.12048,0.12967,1921830268.0,239921133.28091,571717
2024-10-18,0.12967,0.14083,0.12952,0.13716,2574606384.0,349018617.59602,848719
2024-10-19,0.13718,0.147,0.13702,0.14407,2065754362.0,296534963.34745,831963
2024-10-20,0.14408,0.14573,0.13721,0.14214,1498968992.0,211362523.71777,610104
2024-10-21,0.14214,0.14975,0.13816,0.14367,2235756592.0,322665885.51296,851332
2024-10-22,0.14364,0.14849,0.1365,0.1397,1689968224.0,239902168.82068,662113
2024-10-23,0.1397,0.14101,0.13312,0.13997,1447606402.0,199800409.13528,608693
2024-10-24,0.13998,0.14384,0.1363,0.14188,1212204102.0,170359693.92653,593185
2024-10-25,0.14189,0.14277,0.12779,0.13161,1516604558.0,206543501.50519,640628
2024-10-26,0.13161,0.13822,0.13071,0.13747,766435162.0,102990800.16027,293589
2024-10-27,0.13747,0.14631,0.13607,0.14426,1098602934.0,155134439.17154,421268
2024-10-28,0.14427,0.16261,0.14115,0.16146,3223861267.0,487125057.18603,1296722
2024-10-29,0.16145,0.1798,0.16054,0.17586,3867989341.0,657231936.56628,1550603
2024-10-30,0.17586,0.17789,0.16447,0.16828,2167415553.0,371056091.93016,937927
2024-10-31,0.16828,0.17364,0.15646,0.16164,2005209273.0,334554241.94658,900997
2024-11-01,0.16164,0.169,0.15415,0.15916,2339768574.0,376768880.38946,1062629
2024-11-02,0.15917,0.16372,0.15546,0.15955,1264695204.0,201789654.01145,486760
2024-11-03,0.15955,0.15993,0.14219,0.15139,2202139186.0,328826221.34581,828078
2024-11-04,0.15139,0.16034,0.14817,0.15822,2550505871.0,397394845.98352,1144424
2024-11-05,0.15822,0.17956,0.15796,0.16999,3885888575.0,660058812.20594,1484219
2024-11-06,0.16999,0.21936,0.16901,0.19646,10672110565.0,2114193426.96117,3746509
2024-11-07,0.19646,0.20435,0.18535,0.19324,3704240102.0,718407541.42712,1149440
2024-11-08,0.19325,0.20699,0.19052,0.20197,3233648867.0,638780904.93637,1061566
2024-11-09,0.20197,0.22,0.19737,0.2189,3534294056.0,735140504.62374,1158463
2024-11-10,0.21891,0.29784,0.21659,0.27778,10387872726.0,2646663254.96577,4510947
2024-11-11,0.27781,0.3515,0.27244,0.35136,11217134512.1,3419122695.104413,5920930
2024-11-12,0.35135,0.43858,0.327,0.37985,17192779834.8,6566757221.704137,9756504
2024-11-13,0.37995,0.4341,0.35121,0.39903,12474507223.0,4902798028.02757,6729196
2024-11-14,0.39899,0.41672,0.35229,0.36254,6885684747.0,2695597636.72341,3619806
2024-11-15,0.36258,0.385,0.35261,0.3815,6002216840.0,2210627800.83513,2478301
2024-11-16,0.3815,0.39148,0.35982,0.36421,3538931801.0,1326519976.69615,1893767
2024-11-17,0.36421,0.3758,0.34,0.36704,3780910238.0,1357261707.2671,3384220
2024-11-18,0.36704,0.3808,0.3574,0.37113,4010630836.0,1486951498.00098,3432596
2024-11-19,0.37113,0.42,0.36601,0.39067,6174029423.0,2421330863.4667,4538437
2024-11-20,0.39067,0.39668,0.36464,0.37778,3737616522.0,1435431994.86896,3159629
2024-11-21,0.37778,0.39564,0.36883,0.38664,3942916685.0,1515354957.66809,3138314
2024-11-22,0.38664,0.42043,0.3808,0.41277,6068746988.0,2427461914.2625,4621779
2024-11-23,0.41277,0.48,0.40404,0.43015,8608702376.3,3841387804.780048,7187481
2024-11-24,0.43016,0.4536,0.39811,0.43023,4932729870.0,2087009350.75786,5263893
2024-11-25,0.43026,0.4377,0.38085,0.39264,4149065549.0,1711917426.77504,4336828
2024-11-26,0.39263,0.4088,0.365,0.38705,3934214992.0,1517428377.73407,4616368
2024-11-27,0.38705,0.40777,0.38025,0.40093,2930851837.0,1158680737.18236,2982561
2024-11-28,0.40093,0.42877,0.39111,0.4016,2624936834.0,1062183702.5957,3394433
2024-11-29,0.4016,0.43744,0.39945,0.42636,3088512232.0,1291657609.36031,3372737
2024-11-30,0.42635,0.43569,0.41378,0.4216,2293217212.0,973901486.517,2954505
2024-12-01,0.4216,0.44977,0.41622,0.44045,3414080563.0,1476298154.74837,3653644
2024-12-02,0.44045,0.46357,0.4003,0.42457,5661242625.0,2422074970.98563,6243322
2024-12-03,0.42457,0.42966,0.388,0.40632,4297871410.0,1762743086.33872,4294246
2024-12-04,0.40632,0.43656,0.4,0.43274,3719414028.0,1553350029.06576,3729427
2024-12-05,0.43274,0.4655,0.40675,0.42682,6428185957.0,2822339374.04718,5851219
2024-12-06,0.42683,0.44147,0.41976,0.43467,2736325757.0,1183271299.71256,3014286
2024-12-07,0.43468,0.46625,0.43057,0.45281,3482207276.0,1569075699.65341,3422600
2024-12-08,0.45283,0.48434,0.446,0.46635,3415660534.4,1583884025.100411,3422795
2024-12-09,0.46635,0.46739,0.38,0.41403,5584093802.0,2396779879.85935,5918892
2024-12-10,0.41403,0.42302,0.36537,0.39392,5317180501.0,2096830723.95796,5696279
2024-12-11,0.39391,0.41909,0.3751,0.41402,2982323311.0,1195264275.4288,3276431
2024-12-12,0.41402,0.42495,0.40116,0.40611,2544752744.0,1051051694.59888,3237823
2024-12-13,0.40611,0.41228,0.39906,0.40901,1560217848.0,632483795.30037,2214204
2024-12-14,0.40901,0.414,0.38734,0.39828,1406442149.0,561853226.2644,1881631
2024-12-15,0.39827,0.41131,0.3924,0.40659,1093200858.0,438210921.06645,1585780
2024-12-16,0.40659,0.415,0.39239,0.40195,1637008922.0,662336396.65115,2410415
2024-12-17,0.40195,0.41032,0.39104,0.39415,1486814080.0,596025766.01319,2255938
2024-12-18,0.39415,0.39639,0.35105,0.35824,2778577477.0,1044353650.62209,2647672
2024-12-19,0.35825,0.36734,0.30001,0.31431,5544908636.0,1834889200.87388,3472404
2024-12-20,0.31431,0.32907,0.26216,0.31793,6899043983.0,2051715365.98822,4283234
2024-12-21,0.31792,0.35,0.31395,0.32042,3747409658.0,1236432999.73927,2408904
2024-12-22,0.32042,0.3246,0.3051,0.31262,2191716587.0,690937802.44318,1312161
2024-12-23,0.31263,0.32882,0.3028,0.32497,2130359688.0,669749778.67626,1339174
2024-12-24,0.32497,0.34053,0.3162,0.3371,1468454936.0,482863387.29462,1104133
2024-12-25,0.3371,0.34221,0.32549,0.33433,1176142542.0,391656942.49944,1231717
2024-12-26,0.33434,0.338,0.30837,0.31274,1143051080.0,365121660.13497,1431521
2024-12-27,0.31274,0.32488,0.30873,0.31186,1010676000.0,318915633.21444,1297345
2024-12-28,0.31187,0.32758,0.31133,0.32439,626267458.0,199450953.15139,770254
2024-12-29,0.32439,0.3297,0.31192,0.31435,838842516.0,269189331.65709,801538
2024-12-30,0.31435,0.32326,0.30666,0.31396,1242292430.0,393281735.59825,1418260
2024-12-31,0.31396,0.3291,0.3093,0.316,1024184412.0,326747585.02847,1214119
2025-01-01,0.316,0.32749,0.31195,0.32513,705437154.0,225584886.81993,780419
2025-01-02,0.32513,0.345,0.3246,0.33893,1564674333.0,526926487.28007,1466860
2025-01-03,0.33894,0.38944,0.33599,0.37989,2152130037.0,781351607.02203,2132210
2025-01-04,0.37989,0.39876,0.37642,0.39483,1857777267.0,720008733.87459,2098380
2025-01-05,0.39482,0.39788,0.37516,0.3823,1058790866.0,407589082.4909,1334766
2025-01-06,0.38231,0.39555,0.376,0.38782,1121833276.0,433882739.78581,1543481
2025-01-07,0.38782,0.39831,0.34713,0.348,2539411771.0,941837524.37431,2896678
2025-01-08,0.348,0.35558,0.32444,0.3423,2126726199.0,729506270.65314,2980936
2025-01-09,0.3423,0.34686,0.3143,0.321,1860743903.0,609426648.77337,2586130
2025-01-10,0.32099,0.33983,0.32091,0.33388,1488638174.0,492051412.80003,2036447
2025-01-11,0.33388,0.34817,0.32956,0.3412,604720851.0,203958287.51324,919110
2025-01-12,0.3412,0.34355,0.33168,0.33591,648565559.0,219549254.34156,854659
2025-01-13,0.33591,0.34628,0.30969,0.33807,1782621475.0,580111787.90483,2642054
2025-01-14,0.33808,0.3622,0.33585,0.35591,1629282050.0,568333941.85917,1874736
2025-01-15,0.35591,0.38777,0.3483,0.38537,2004221988.0,733657688.16085,2620129
2025-01-16,0.38537,0.39021,0.36761,0.37649,1998516270.0,756622622.08561,2844992
2025-01-17,0.37649,0.42215,0.37549,0.41525,2738492069.0,1115256408.68302,3545433
2025-01-18,0.41525,0.43408,0.38355,0.39641,3421181167.0,1378958336.93383,4737964
2025-01-19,0.39641,0.40998,0.34684,0.3584,4843917387.0,1834764391.95838,6649024
2025-01-20,0.35839,0.38663,0.34486,0.35456,4008416908.0,1464688334.34397,7506636
2025-01-21,0.35456,0.40382,0.33572,0.37177,4627964135.0,1720373097.05309,6395162
2025-01-22,0.37178,0.3738,0.35506,0.36291,1430956457.0,521463661.03813,2232684
2025-01-23,0.36291,0.36457,0.34143,0.35206,1388750799.0,488786738.85996,2719447
2025-01-24,0.35207,0.36471,0.34278,0.35085,908457597.0,323433754.28481,1712854
2025-01-25,0.35086,0.36165,0.34543,0.35352,696981516.0,245965750.81184,1303677
2025-01-26,0.35351,0.35743,0.335,0.33605,543676770.0,189206567.43011,955459
2025-01-27,0.33604,0.33714,0.3051,0.33397,2468006517.0,792878121.42206,3456162
2025-01-28,0.33398,0.33914,0.315,0.31871,935060400.0,308598829.88704,1551034
2025-01-29,0.31872,0.33488,0.3167,0.32404,927314997.0,303080605.41825,1635560
2025-01-30,0.32405,0.33881,0.32201,0.33153,612408768.0,203642549.97294,1007477
2025-01-31,0.33154,0.34177,0.32346,0.3289,840256101.0,278915569.21348,1397346
2025-02-01,0.3289,0.33227,0.30328,0.30792,904981799.0,286548424.72673,1293829
2025-02-02,0.30793,0.31487,0.25001,0.26808,3690220690.0,1035985614.18053,4776744
2025-02-03,0.26809,0.29295,0.20178,0.28485,7185937771.0,1790559906.3133,8508859
2025-02-04,0.28484,0.289,0.25525,0.26345,2848033074.0,762527135.23667,4063289
2025-02-05,0.26346,0.26914,0.25333,0.25619,965551362.0,253215056.83768,1484319
2025-02-06,0.25617,0.26596,0.24274,0.24789,1180387671.0,299603577.32641,1702316
2025-02-07,0.24788,0.26178,0.23866,0.24651,1308847334.0,329594919.37527,1725717
2025-02-08,0.24652,0.25417,0.24447,0.25288,619823663.0,154225681.50542,889830
2025-02-09,0.25287,0.26,0.23975,0.2489,814554626.0,204746891.86216,1006698
2025-02-10,0.2489,0.25647,0.24158,0.25542,766688250.0,192149527.0483,1251119
2025-02-11,0.25541,0.27034,0.24839,0.25305,1078655896.0,280051924.36632,1534316
2025-02-12,0.25305,0.26734,0.24661,0.26418,1235432211.0,316487762.9135,1657623
2025-02-13,0.26419,0.26718,0.25333,0.26245,899065089.0,233401153.68192,1157657
2025-02-14,0.26245,0.28676,0.26078,0.2718,1492854024.0,405911662.16891,1921677
2025-02-15,0.2718,0.28328,0.26823,0.27174,960758429.0,264922493.24647,1372170
2025-02-16,0.27174,0.2742,0.26346,0.26555,509986721.0,136965303.16754,803591
2025-02-17,0.26555,0.26885,0.25369,0.25819,800682158.0,209432963.93397,1279968
2025-02-18,0.25819,0.25987,0.24214,0.25137,904147379.0,226036491.78067,1422615
2025-02-19,0.25137,0.2555,0.2489,0.2548,540323612.0,136588746.5362,815491
2025-02-20,0.2548,0.25758,0.24988,0.25474,679347075.0,172639962.73133,891302
2025-02-21,0.25473,0.26134,0.23439,0.23966,1257218843.0,312916477.17762,1532224
2025-02-22,0.23966,0.2478,0.23806,0.24656,493482343.0,120403319.34912,658932
2025-02-23,0.24657,0.24758,0.2404,0.24285,377565511.0,92063225.93679,468711
2025-02-24,0.24285,0.24397,0.206,0.21043,1789959320.0,402419622.00668,2206809
2025-02-25,0.21044,0.21465,0.19557,0.21158,2713765035.0,557728589.31699,4091381
2025-02-26,0.21158,0.21409,0.1961,0.20355,1645652604.0,338946527.90127,2148453
2025-02-27,0.20355,0.21159,0.20101,0.20687,905293602.0,187430418.19945,1113295
2025-02-28,0.20688,0.20727,0.18154,0.20184,2176234758.0,418255945.48392,2525619
2025-03-01,0.20184,0.209,0.19934,0.20673,741434272.0,151130808.81296,834588
2025-03-02,0.20673,0.24218,0.20169,0.23931,2584480057.0,575943320.09639,3017121
2025-03-03,0.2393,0.24062,0.19328,0.19913,2207270171.0,473572136.893,3161763
2025-03-04,0.19914,0.20232,0.18279,0.19905,1930511197.0,372416258.08618,3218523
2025-03-05,0.19905,0.20664,0.1961,0.20471,1025047570.0,206280059.3308,1439299
2025-03-06,0.20471,0.22,0.19901,0.20153,1332609712.0,276990269.33018,1552965
2025-03-07,0.20152,0.2087,0.1902,0.19844,1260515564.0,253054936.29338,2031165
2025-03-08,0.19843,0.20086,0.19109,0.19234,525825118.0,102751180.065,856648
2025-03-09,0.19234,0.19423,0.16534,0.16809,1725095342.0,305365901.8388,1936561
2025-03-10,0.1681,0.18095,0.1504,0.15408,2079541710.0,344603237.2889,2585765
2025-03-11,0.15409,0.16862,0.1428,0.16454,2330429547.0,365802872.0605,2117562
2025-03-12,0.16453,0.17418,0.15954,0.17244,1301915088.0,217031959.50415,1472990
2025-03-13,0.17244,0.17296,0.16172,0.16523,1183113846.0,199119513.85898,1194197
2025-03-14,0.16523,0.17626,0.16462,0.17194,662459642.0,113072127.66524,697453
2025-03-15,0.17194,0.17786,0.17121,0.17594,510568333.0,89180082.01333,517896
2025-03-16,0.17593,0.17685,0.1657,0.16817,713266750.0,121532099.82696,858141
2025-03-17,0.16818,0.17622,0.16801,0.17332,802099247.0,138758047.85654,593054
2025-03-18,0.17333,0.17349,0.16275,0.16802,825836400.0,137745675.32134,574462
2025-03-19,0.16803,0.1788,0.16678,0.17799,913703807.0,156837287.20563,889688
2025-03-20,0.178,0.17919,0.16661,0.16949,657314712.0,113375464.18784,678606
2025-03-21,0.16948,0.17158,0.16468,0.16727,465398702.0,78109015.3732,519233
2025-03-22,0.16727,0.16979,0.16658,0.16737,237045465.0,39937400.01828,235988
2025-03-23,0.16737,0.17261,0.16705,0.1726,381282237.0,64986644.36938,301925
2025-03-24,0.17261,0.18908,0.17068,0.183,1264505768.0,228765436.83401,814428
2025-03-25,0.18299,0.19362,0.18084,0.19062,1233894825.0,232144371.84345,960307
2025-03-26,0.19063,0.20585,0.18932,0.1949,1885520558.0,373021387.09353,1148262
2025-03-27,0.1949,0.2006,0.18771,0.19046,903542797.0,175284907.64808,811855
2025-03-28,0.19047,0.1929,0.17721,0.18024,975276199.0,177993539.25269,762040
2025-03-29,0.18024,0.18273,0.16584,0.16957,857181238.0,147711573.37524,639587
2025-03-30,0.16958,0.17241,0.16443,0.16652,607090738.0,102847875.99843,504964
2025-03-31,0.16653,0.16839,0.16005,0.16666,929917187.0,153349575.96826,801913
2025-04-01,0.16666,0.17576,0.16601,0.17398,716923564.0,122918945.3479,682903
2025-04-02,0.17399,0.18012,0.16194,0.16383,1414422439.0,243698923.91399,1242303
2025-04-03,0.16383,0.16745,0.15536,0.16231,922293098.0,148396648.65448,783268
2025-04-04,0.16232,0.17282,0.15998,0.17128,1132035281.0,188335416.79289,912418
2025-04-05,0.17128,0.17169,0.16609,0.16898,353029433.0,59632560.02452,317278
2025-04-06,0.16898,0.17004,0.14582,0.14927,1124972687.0,175419363.24291,867457
2025-04-07,0.14927,0.15407,0.12986,0.14958,3431459634.0,489839433.65626,1859057
2025-04-08,0.14958,0.15707,0.1411,0.14225,1470208676.0,219641089.43977,957767
2025-04-09,0.14225,0.16428,0.13651,0.16031,2200425502.0,330222223.64164,1381538
2025-04-10,0.1603,0.16047,0.14884,0.15357,1151531192.0,178515344.46839,756623
2025-04-11,0.15356,0.16246,0.15327,0.16004,744302757.0,117782396.21245,623868
2025-04-12,0.16003,0.16948,0.15772,0.16763,752366796.0,123796610.52834,852389
2025-04-13,0.16764,0.16868,0.16101,0.1626,748287850.0,123262111.91038,999608
2025-04-14,0.1626,0.16964,0.15731,0.15854,858750230.0,140456563.03223,1188723
2025-04-15,0.15854,0.16132,0.15305,0.15356,667877689.0,105530057.45472,921935
2025-04-16,0.15356,0.1574,0.15019,0.15471,719893202.0,110970892.05195,962540
2025-04-17,0.15472,0.15946,0.15298,0.15588,426813393.0,66706865.11146,737204
2025-04-18,0.15589,0.15895,0.15357,0.15759,321695365.0,50220942.2659,505102
2025-04-19,0.15758,0.16091,0.15631,0.15735,321661103.0,50921660.67406,422081
2025-04-20,0.15735,0.15959,0.15247,0.15526,453228413.0,70486891.29549,557237
2025-04-21,0.15527,0.16358,0.15501,0.15939,905017272.0,144847784.49215,1028975
2025-04-22,0.15939,0.18,0.15721,0.17863,1468003087.0,249065930.86757,1356193
2025-04-23,0.17864,0.18545,0.17491,0.17864,1570151007.0,283388554.41348,1480796
2025-04-24,0.17864,0.18329,0.16979,0.18254,1206412265.0,212939719.81706,1257694
2025-04-25,0.18254,0.18626,0.17751,0.18159,1241346217.0,226049623.92777,1280054
2025-04-26,0.18159,0.193,0.18015,0.18192,1134910916.0,210164197.56414,1141739
2025-04-27,0.18193,0.1835,0.1765,0.17933,766716256.0,138184667.45927,908225
2025-04-28,0.17932,0.18276,0.17377,0.17907,971304947.0,173100497.11445,1101235
2025-04-29,0.17908,0.18076,0.17242,0.17466,772423589.0,137288434.53688,843406
2025-04-30,0.17465,0.17665,0.16675,0.17224,784175476.0,135038835.29398,904507
2025-05-01,0.17224,0.18339,0.17205,0.18065,779064123.0,139327843.64545,876652
2025-05-02,0.18065,0.18447,0.17919,0.18151,638500248.0,115947565.79662,852140
2025-05-03,0.18151,0.1822,0.17526,0.17564,468278461.0,83718326.78156,491262
2025-05-04,0.17565,0.17744,0.1699,0.17049,487770520.0,84650392.55413,562162
2025-05-05,0.17048,0.17465,0.16827,0.17062,487205270.0,83343024.00357,721858
2025-05-06,0.17062,0.1726,0.16426,0.17219,596670817.0,100200602.33929,825007
2025-05-07,0.1722,0.17445,0.16901,0.17202,528808392.0,90937705.63149,742530
2025-05-08,0.17201,0.19842,0.17173,0.19817,1741876403.0,324738527.3421,1838580
2025-05-09,0.19818,0.2145,0.19299,0.2053,2079031356.0,423507376.21799,2179148
2025-05-10,0.2053,0.25098,0.20336,0.25063,2356324644.0,536013762.92766,2091831
2025-05-11,0.25062,0.2597,0.22211,0.23181,2657615086.0,630967755.05094,2226011
2025-05-12,0.23181,0.25341,0.22011,0.23101,3356354027.0,801909719.27557,3663635
2025-05-13,0.23102,0.24309,0.21736,0.24078,1894212060.0,435202800.36901,1643148
2025-05-14,0.24078,0.24759,0.22813,0.23278,1349205954.0,319738849.6961,1221499
2025-05-15,0.23279,0.23676,0.21374,0.21939,1613975945.0,362767842.00985,1355315
2025-05-16,0.2194,0.23095,0.21797,0.22111,991509008.0,223536369.09258,845856
2025-05-17,0.22111,0.22225,0.21074,0.21457,867614251.0,187308735.24686,849009
2025-05-18,0.21458,0.23779,0.21402,0.23304,1589243100.0,360024073.27071,1373019
2025-05-19,0.23309,0.23581,0.21388,0.22445,1467077135.0,324304109.90827,1089047
2025-05-20,0.22446,0.2308,0.21768,0.22625,1188057201.0,265615543.04725,1075439
2025-05-21,0.22626,0.23813,0.22266,0.23404,1894442857.0,435133856.51108,2074400
2025-05-22,0.23404,0.24579,0.23383,0.24558,1616956272.0,389242417.98554,1792018
2025-05-23,0.24559,0.25441,0.22304,0.22521,2250495384.0,538713663.32888,2073439
2025-05-24,0.22521,0.23041,0.22355,0.22512,689220139.0,156871983.8191,987169
2025-05-25,0.22512,0.22645,0.21567,0.22491,909550724.0,200536737.97606,998489
2025-05-26,0.22491,0.23036,0.2225,0.22596,641865425.0,145306388.11551,824833
2025-05-27,0.22596,0.23216,0.21965,0.22598,805405021.0,182829286.90899,954287
2025-05-28,0.22599,0.22785,0.21678,0.22096,681513510.0,151211286.12714,777705
2025-05-29,0.22096,0.22798,0.21402,0.21487,903435947.0,200334712.13194,931110
2025-05-30,0.21487,0.21648,0.19061,0.19357,1863217282.0,378088955.39609,1647719
2025-05-31,0.19358,0.19551,0.18555,0.19251,1086259533.0,206757211.71244,1278908
2025-06-01,0.19251,0.19485,0.1864,0.19363,544186058.0,103797947.05727,732704
2025-06-02,0.19364,0.19642,0.18846,0.19507,602359395.0,115481800.96922,772763
2025-06-03,0.19507,0.20051,0.19141,0.19311,712519938.0,139828681.17278,774951
2025-06-04,0.19311,0.19705,0.18703,0.18812,462365003.0,89135081.41012,616007
2025-06-05,0.18811,0.19248,0.168,0.17105,1346305437.0,240663393.60467,1179336
2025-06-06,0.17106,0.18446,0.16943,0.17878,1096946331.0,194045010.43752,1055698
2025-06-07,0.17878,0.1887,0.17776,0.18511,579947806.0,106791753.356,652441
2025-06-08,0.1851,0.18699,0.18046,0.18418,475018993.0,87349714.24146,540355
2025-06-09,0.18417,0.19612,0.18022,0.1949,861702676.0,161089652.22207,882811
2025-06-10,0.1949,0.19876,0.1888,0.1985,982365029.0,190270395.55173,1088920
2025-06-11,0.19851,0.20672,0.19125,0.19294,1122709648.0,223875578.80856,1240200
2025-06-12,0.19294,0.19368,0.18,0.1811,932640491.0,174841531.94321,946392
2025-06-13,0.18111,0.18148,0.16987,0.1804,1429961655.0,249668927.40139,1339133
2025-06-14,0.18041,0.18044,0.17459,0.17824,541713685.0,96124075.57769,526423
2025-06-15,0.17825,0.17871,0.17142,0.17553,569564407.0,99974979.73445,514942
2025-06-16,0.17554,0.18115,0.17209,0.17272,899995493.0,159364978.81491,799500
2025-06-17,0.17271,0.17612,0.16392,0.16936,902753834.0,153673765.57628,915047
2025-06-18,0.16936,0.17222,0.16405,0.17068,679592519.0,114472417.50859,698726
2025-06-19,0.17069,0.17204,0.16773,0.17092,338033103.0,57431118.9557,366382
2025-06-20,0.17091,0.17197,0.15839,0.16234,952028188.0,157797955.46659,795644
2025-06-21,0.16235,0.16436,0.15025,0.15448,693909616.0,109095337.87256,637337
2025-06-22,0.15448,0.15769,0.1427,0.15129,1801536004.0,269882943.13846,1283994
2025-06-23,0.15128,0.16525,0.14861,0.16376,1060150458.0,164783738.40813,929449
2025-06-24,0.16377,0.16767,0.16167,0.16571,889346979.0,145959726.9428,707835
2025-06-25,0.16572,0.1677,0.16253,0.16459,678023426.0,112029950.75805,599099
2025-06-26,0.16458,0.16809,0.15792,0.16001,764621210.0,123832331.85516,634090
2025-06-27,0.16002,0.16307,0.15704,0.16104,436840031.0,70141716.92711,491220
2025-06-28,0.16105,0.165,0.1604,0.16363,289205475.0,47034141.95458,258428
2025-06-29,0.16362,0.17006,0.16259,0.16944,417646869.0,69213297.78465,362849
2025-06-30,0.16945,0.16993,0.16222,0.16518,654158261.0,108362081.89976,568225
2025-07-01,0.16518,0.16632,0.15674,0.15778,506350958.0,81428337.38272,469441
2025-07-02,0.15779,0.17268,0.15655,0.16869,848237954.0,141531663.38009,720234
2025-07-03,0.16868,0.17542,0.1674,0.17201,1014473641.0,174700056.05308,780009
2025-07-04,0.17201,0.17296,0.16128,0.16288,756939150.0,125718537.37578,639270
2025-07-05,0.16289,0.16507,0.1619,0.16421,292791372.0,47934203.04523,278827
2025-07-06,0.16422,0.17524,0.16313,0.17196,879979321.0,149398052.76918,630424
2025-07-07,0.17196,0.17719,0.16569,0.16792,859968572.0,146923845.8867,761246
2025-07-08,0.16793,0.172,0.16589,0.17094,560967350.0,94974536.73373,525701
2025-07-09,0.17094,0.18661,0.16991,0.18053,1188196945.0,209208452.04026,956099
2025-07-10,0.18053,0.19641,0.17874,0.19507,1146142109.0,212625646.90915,1040881
2025-07-11,0.19508,0.21366,0.19115,0.20103,2460231517.0,498563890.68926,2282243
2025-07-12,0.20103,0.20654,0.1919,0.19742,940327860.0,186848469.34616,1096622
2025-07-13,0.19741,0.20412,0.19576,0.19855,820805906.0,163802067.0844,986034
2025-07-14,0.19855,0.21097,0.19464,0.19749,1622802447.0,330347085.43806,1600771
2025-07-15,0.19748,0.19934,0.18842,0.19919,1313854511.0,253628308.24066,1435520
2025-07-16,0.1992,0.22073,0.19553,0.2127,1785566132.0,368001986.87784,1641646
2025-07-17,0.21269,0.22236,0.2066,0.21826,2133077927.0,455996121.20446,2766474
2025-07-18,0.21826,0.2542,0.21618,0.2358,4213195060.0,1003528632.67305,5075861
2025-07-19,0.2358,0.25777,0.23558,0.24143,2332570036.0,576656743.32139,3395448
2025-07-20,0.24142,0.2783,0.23998,0.27375,3391965164.0,882595774.69651,4360513
2025-07-21,0.27375,0.2875,0.26428,0.27142,3119210733.0,856718613.92868,4117679
2025-07-22,0.27142,0.27492,0.25735,0.27093,2192290786.0,582380262.79653,3292199
2025-07-23,0.27094,0.27108,0.2305,0.24083,2256299182.0,561110090.39725,3087294
2025-07-24,0.24078,0.24665,0.22176,0.23218,2290016087.0,540995396.21605,2737843
2025-07-25,0.23219,0.23697,0.22085,0.23673,1957938127.0,446832437.42233,1817403
2025-07-26,0.23673,0.24029,0.23296,0.23543,733863730.0,174064427.82114,917292
2025-07-27,0.23544,0.24372,0.23432,0.24071,1038317435.0,247866861.56982,1168179
2025-07-28,0.24071,0.24859,0.22426,0.22615,1620312126.0,384585889.28529,1626873
2025-07-29,0.22616,0.23276,0.21744,0.22392,1192564427.0,268659829.49662,1379363
2025-07-30,0.22392,0.22655,0.209,0.21999,1217881143.0,266285612.51686,1324787
2025-07-31,0.21998,0.22566,0.20814,0.20974,843884315.0,183965767.27791,1003149
2025-08-01,0.20975,0.2125,0.19583,0.20097,1936437804.0,397578220.30481,1612569
2025-08-02,0.20098,0.20352,0.18944,0.19098,1340154059.0,262590864.62308,1318455
2025-08-03,0.19098,0.20047,0.18845,0.19876,743628957.0,145995992.51874,822856
2025-08-04,0.19875,0.21127,0.1985,0.21039,1016575695.0,207193074.34464,969213
2025-08-05,0.21038,0.21106,0.19602,0.19981,844023791.0,171261936.42343,1012835
2025-08-06,0.19982,0.20716,0.1956,0.20524,624926690.0,125769302.51841,724785
2025-08-07,0.20525,0.22304,0.20331,0.22228,1122885382.0,238459586.04281,934938
2025-08-08,0.22228,0.23254,0.21953,0.23039,1206447226.0,270909957.44395,1291917
2025-08-09,0.23039,0.24676,0.22972,0.23995,1460081482.0,348718501.41256,1525089
2025-08-10,0.23995,0.24348,0.22941,0.23385,1100909731.0,259095647.38236,967778
2025-08-11,0.23385,0.24179,0.22117,0.22207,1438550271.0,334164812.68073,1352563
2025-08-12,0.22208,0.23835,0.21865,0.23582,1379181817.0,314305490.77185,1389484
2025-08-13,0.23582,0.25058,0.23132,0.24482,2104113623.0,509995375.47661,1847383
2025-08-14,0.24483,0.25574,0.21578,0.22382,3238378909.0,756542920.91445,2623172
2025-08-15,0.22381,0.23299,0.22006,0.22886,1696292315.0,385423338.94535,1920983
2025-08-16,0.22885,0.23622,0.22522,0.23115,1061437464.0,245340768.57232,1285014
2025-08-17,0.23115,0.24259,0.22835,0.23456,1209978791.0,284394057.5692,1348556
2025-08-18,0.23457,0.23553,0.21992,0.22262,1827107692.0,408916113.87339,1970079
2025-08-19,0.22262,0.22567,0.20869,0.20943,1798094261.0,389054666.70365,2248123
2025-08-20,0.20944,0.22287,0.20747,0.22169,2102107149.0,450073909.23134,1783951
2025-08-21,0.22168,0.2245,0.21388,0.21473,983634414.0,215301640.49663,997564
2025-08-22,0.21473,0.24222,0.20828,0.24054,2470614941.0,560893726.16404,1880029
2025-08-23,0.24054,0.2409,0.22902,0.23631,1383693143.0,326140492.77971,967764
2025-08-24,0.23631,0.24496,0.22761,0.23182,1758616432.0,411239251.64081,1404492
2025-08-25,0.23182,0.23459,0.20585,0.20965,2157373271.0,471504088.95554,1714738
2025-08-26,0.20965,0.21999,0.20711,0.21839,1261490195.0,267962242.60181,1136069
2025-08-27,0.21839,0.22388,0.21606,0.21892,1293545133.0,285219670.68846,1043076
2025-08-28,0.21891,0.22597,0.21668,0.22437,958072860.0,213147433.77123,851792
2025-08-29,0.22438,0.22539,0.20977,0.21391,1424776798.0,307430560.88607,972672
2025-08-30,0.21391,0.21885,0.21126,0.21595,538763691.0,116090587.04342,472818
2025-08-31,0.21595,0.22134,0.21327,0.21371,490963065.0,106889059.29161,486900
2025-09-01,0.21371,0.21988,0.20476,0.21073,1522561758.0,323216732.96328,1214090
2025-09-02,0.21074,0.21557,0.20658,0.21489,1031360496.0,218454942.67994,922930
2025-09-03,0.21489,0.22351,0.21249,0.2203,824904593.0,179440183.471,699534
2025-09-04,0.2203,0.22111,0.21047,0.21241,689472854.0,148219588.38683,591177
2025-09-05,0.21241,0.22097,0.21182,0.21788,1176623712.0,255141089.22739,799000
2025-09-06,0.21788,0.21888,0.21225,0.21595,482954635.0,103997609.16899,360232
2025-09-07,0.21595,0.22926,0.21568,0.22877,882527071.0,196435261.83628,535216
2025-09-08,0.22876,0.24413,0.22653,0.24164,1683689246.0,396211227.9766,1155660
2025-09-09,0.24165,0.24952,0.23359,0.24063,1932725888.0,466290114.3566,1492602
2025-09-10,0.24063,0.24868,0.23618,0.24536,1344178632.0,325747007.8931,1027231
2025-09-11,0.24535,0.25699,0.24228,0.25603,1760794865.0,440156880.2398,1458157
2025-09-12,0.25604,0.2786,0.25481,0.2755,2082678041.0,553334736.42513,1832176
2025-09-13,0.2755,0.30684,0.27266,0.28938,4015592199.0,1167713347.86586,3392820
2025-09-14,0.28937,0.2951,0.2727,0.27796,2428234193.0,688582622.28456,2171509
2025-09-15,0.27795,0.28205,0.25862,0.26831,2516149434.0,672793645.18847,2112096
2025-09-16,0.2683,0.27204,0.257,0.26995,1849895166.0,491815282.79188,1720821
2025-09-17,0.26994,0.28384,0.26045,0.28256,2009871469.0,541864114.6387,2073070
2025-09-18,0.28257,0.28879,0.27559,0.27857,1751271695.0,493411319.02706,1762586
2025-09-19,0.27856,0.28492,0.26312,0.26527,1436428172.0,390484196.42366,1400662
2025-09-20,0.26526,0.26947,0.263,0.26759,710812856.0,189155698.1073,794706
2025-09-21,0.26758,0.26965,0.26031,0.26074,710044749.0,188307837.94746,805968
2025-09-22,0.26074,0.26239,0.23067,0.24122,2981639624.0,724740626.96639,2237838
2025-09-23,0.24123,0.24389,0.23402,0.23709,1428526604.0,342759368.19628,1347302
2025-09-24,0.23709,0.25057,0.23098,0.24107,1685738370.0,405814680.39375,1469745
2025-09-25,0.24107,0.24197,0.22046,0.22292,2241106701.0,515218699.01015,1933925
2025-09-26,0.22292,0.23331,0.22134,0.23244,1426204065.0,323547021.81998,1374518
2025-09-27,0.23244,0.23431,0.2278,0.23077,566664585.0,130738857.58556,604913
2025-09-28,0.23077,0.23768,0.225,0.23735,630215145.0,145083386.61014,718014
2025-09-29,0.23735,0.23896,0.22862,0.23478,968604652.0,226412299.55434,1043096
2025-09-30,0.23478,0.23592,0.2263,0.23293,761018697.0,176002119.97493,1038031
2025-10-01,0.23294,0.24921,0.23034,0.24906,1175210733.0,284146170.38218,1196321
2025-10-02,0.24906,0.26414,0.2467,0.262,1386592793.0,354337073.29459,1631413
2025-10-03,0.26201,0.26534,0.25274,0.25819,1381551315.0,356895475.20819,1588814
2025-10-04,0.25819,0.25979,0.2467,0.25084,885524209.0,223172746.5259,956054
2025-10-05,0.25085,0.26518,0.24953,0.25284,1454155392.0,375343385.06292,1501952
2025-10-06,0.25283,0.27044,0.25057,0.26603,1517510251.0,398221535.62705,1650855
2025-10-07,0.26604,0.26831,0.24622,0.24682,1838407762.0,472158118.28653,1792338
2025-10-08,0.24681,0.2611,0.24291,0.25564,1276623512.0,321688079.17086,1378571
2025-10-09,0.25565,0.25593,0.24099,0.24849,1415402413.0,349529058.8239,1410249
2025-10-10,0.2485,0.25403,0.095,0.19349,6030550997.0,1219139327.47886,5176557
2025-10-11,0.19348,0.20048,0.17816,0.18527,4960779079.0,950618505.36174,3794087
2025-10-12,0.18527,0.21421,0.18072,0.20717,3290490159.0,656520684.11004,2515164
2025-10-13,0.20717,0.2183,0.20188,0.2138,2645862967.0,554840730.14391,2290327
2025-10-14,0.2138,0.21565,0.1933,0.20437,2781575747.0,561157934.54856,2922946
2025-10-15,0.20436,0.20853,0.1942,0.19621,1356303348.0,272550379.38898,1773407
2025-10-16,0.19621,0.2015,0.18469,0.1885,1903922965.0,368375709.42337,2360389
2025-10-17,0.1885,0.19114,0.17555,0.1847,1800990961.0,328520532.36343,2384521
2025-10-18,0.18471,0.19057,0.18426,0.18962,586500546.0,110030658.32596,734133
2025-10-19,0.18961,0.19861,0.186,0.19535,1044321198.0,201455017.39781,1165044
2025-10-20,0.19534,0.20249,0.19168,0.2,1140819006.0,227058568.27568,1289248
2025-10-21,0.2,0.20563,0.19201,0.19427,1456441398.0,288958818.2335,1699566
2025-10-22,0.19427,0.19544,0.18467,0.18993,1335843365.0,254789363.78925,1665330
2025-10-23,0.18993,0.19745,0.18959,0.19493,940124512.0,182467433.02111,960482
2025-10-24,0.19492,0.20095,0.19391,0.19775,762978840.0,150122766.36847,777606
2025-10-25,0.19774,0.19985,0.19595,0.19652,680294016.0,134628322.50121,457707
2025-10-26,0.19651,0.20742,0.19465,0.20577,909622908.0,183148344.98835,770417
2025-10-27,0.20577,0.20953,0.19887,0.20038,1010297382.0,206851053.0037,1036931
2025-10-28,0.20038,0.20311,0.19006,0.19362,1128616251.0,223153868.71805,1271442
2025-10-29,0.19362,0.19728,0.1871,0.19237,1276743754.0,246724528.94368,1433067
2025-10-30,0.19237,0.1946,0.17642,0.18268,1657462065.0,305638364.9249,1956543
2025-10-31,0.18268,0.18816,0.18228,0.18644,693564340.0,128531571.40372,880427
2025-11-01,0.18644,0.18837,0.18512,0.18736,381304623.0,71209659.96216,422093
2025-11-02,0.18736,0.18884,0.18172,0.18638,422142934.0,78224426.82371,544434
2025-11-03,0.18639,0.18666,0.16017,0.16741,2233966267.0,381967727.8722,2350318
2025-11-04,0.16741,0.1711,0.15159,0.16223,3239546286.0,523039971.28713,4022396
2025-11-05,0.16224,0.16886,0.15456,0.16719,1450649552.0,237866129.35671,1995705
2025-11-06,0.16718,0.1678,0.15693,0.16164,991019158.0,160882419.0731,1587215
2025-11-07,0.16164,0.18166,0.1596,0.17877,1612295661.0,274447812.14544,2514764
2025-11-08,0.17877,0.18332,0.173,0.17605,1232860279.0,220196788.27929,1809853
2025-11-09,0.17605,0.18158,0.17123,0.1793,824680933.0,145583477.48335,1263036
2025-11-10,0.1793,0.18575,0.17722,0.18179,1123195034.0,203326142.68801,1766819
2025-11-11,0.18178,0.1864,0.17154,0.17206,1194191122.0,212793476.02652,1736558
2025-11-12,0.17207,0.17855,0.16721,0.17018,974860769.0,168173143.30219,1465940
2025-11-13,0.17018,0.17766,0.16,0.16384,1568645541.0,265963501.79588,2233294
2025-11-14,0.16383,0.16628,0.15472,0.15765,1838238578.0,297423027.04033,2502044
2025-11-15,0.15765,0.16482,0.15721,0.16316,673862028.0,109410937.29115,903438
2025-11-16,0.16316,0.16563,0.1536,0.15857,1032632939.0,164446278.80501,1460110
2025-11-17,0.15856,0.1651,0.15066,0.15214,1608346754.0,253950192.51438,2145355
2025-11-18,0.15214,0.16294,0.14943,0.16173,1453866633.0,227011193.46541,1803750
2025-11-19,0.16172,0.1625,0.14712,0.1546,1411295703.0,218131668.74551,1806737
2025-11-20,0.15459,0.15972,0.14623,0.14892,1600374682.0,245907244.87903,2008160
2025-11-21,0.14892,0.15109,0.13321,0.14029,2835442265.0,397756816.83951,3499278
2025-11-22,0.14029,0.1424,0.13549,0.14027,978144036.0,135288111.48891,1479305
2025-11-23,0.14027,0.14775,0.13966,0.145,846522905.0,122133108.03203,1053125
2025-11-24,0.145,0.15397,0.14279,0.15181,1133652374.0,167653300.62482,1600326
2025-11-25,0.1518,0.15504,0.14585,0.15301,936141701.0,140700452.77329,1174781
2025-11-26,0.15301,0.15681,0.14862,0.15474,858785986.0,131087713.76661,1018475
2025-11-27,0.15473,0.15559,0.1521,0.15264,442592040.0,68040858.20601,581336
2025-11-28,0.15264,0.15554,0.14825,0.15017,708146301.0,107095802.04868,926224
2025-11-29,0.15016,0.15095,0.14725,0.14837,301506106.0,44925679.58414,409185
2025-11-30,0.14837,0.15059,0.14588,0.14599,359178345.0,53548691.72101,457849
2025-12-01,0.14599,0.14637,0.13177,0.13547,1194651951.0,163990841.14855,1472485
2025-12-02,0.13546,0.14783,0.13443,0.14577,805736367.0,114537885.31766,1069841
2025-12-03,0.14578,0.1534,0.1452,0.15166,900651276.0,134838064.56002,1035539
2025-12-04,0.15167,0.1532,0.14557,0.14739,637362886.0,95182658.60535,842424
2025-12-05,0.14739,0.14838,0.13722,0.13956,719213185.0,102375567.22146,938298
2025-12-06,0.13956,0.14076,0.13836,0.13975,312444302.0,43631044.40816,412351
2025-12-07,0.13976,0.14291,0.13486,0.13867,638350242.0,88448350.64566,849601
2025-12-08,0.13868,0.14505,0.13799,0.14259,637568327.0,90888154.74413,919954
2025-12-09,0.1426,0.15319,0.13942,0.14797,993044372.0,145567168.96872,1235272
2025-12-10,0.14796,0.15031,0.14235,0.14332,770619026.0,112877219.37327,1243644
2025-12-11,0.14332,0.1436,0.13623,0.14033,829996639.0,115122620.90269,1074716
2025-12-12,0.14034,0.14155,0.13428,0.13692,532296809.0,73478361.65309,805252
2025-12-13,0.13692,0.14002,0.13691,0.13905,215402184.0,29842107.606,362734
2025-12-14,0.13906,0.13925,0.13261,0.13408,446980516.0,60561975.03456,616398
2025-12-15,0.13407,0.13845,0.12661,0.12975,784404436.0,103760387.9744,1310628
2025-12-16,0.12975,0.13305,0.12716,0.13179,537676555.0,70278117.09634,1047737
2025-12-17,0.13179,0.13631,0.12481,0.12633,818900138.0,106165185.1301,1429160
2025-12-18,0.12633,0.13072,0.11993,0.12207,1170003699.0,146269162.40867,1639224
2025-12-19,0.12207,0.13353,0.12056,0.13222,886504087.0,113723980.36218,1297588
2025-12-20,0.13222,0.13261,0.13069,0.13194,256897701.0,33842068.50028,345971
2025-12-21,0.13193,0.13342,0.12871,0.13112,315017725.0,41161056.1624,561601
2025-12-22,0.13113,0.1354,0.12952,0.13258,578553795.0,76773375.92192,1098065
2025-12-23,0.13258,0.13369,0.12789,0.12928,507414870.0,66083836.7402,832612
2025-12-24,0.12929,0.13038,0.12651,0.12856,335694754.0,43001950.02828,584106
2025-12-25,0.12855,0.12909,0.123,0.12365,418798463.0,52978871.95817,535964
2025-12-26,0.12364,0.12752,0.12064,0.12211,719882140.0,89239314.19039,881797
2025-12-27,0.12211,0.12492,0.12193,0.12435,242221247.0,29801690.22024,300811
2025-12-28,0.12435,0.1249,0.12277,0.12393,221394199.0,27434653.703,296777
2025-12-29,0.12394,0.12805,0.12228,0.12288,673526124.0,84263156.10882,819860
2025-12-30,0.12288,0.12537,0.1224,0.12336,627500697.0,77819799.98121,536882
2025-12-31,0.12335,0.12381,0.11612,0.11747,670335608.0,80135267.84825,564325
2026-01-01,0.11747,0.1275,0.11742,0.12683,886565713.0,109222807.65797,732788
2026-01-02,0.12682,0.14498,0.12592,0.14188,2240031844.0,301880200.6481,2227286
2026-01-03,0.14187,0.14451,0.13914,0.14315,1027895793.0,146034233.39091,1049478
2026-01-04,0.14314,0.15418,0.14278,0.14953,1371022860.0,206060792.29788,1852562
2026-01-05,0.14952,0.1545,0.14581,0.15171,1115045910.0,167321227.9625,1820724
2026-01-06,0.15171,0.15656,0.14352,0.15055,1272318747.0,190733595.84774,1981622
2026-01-07,0.15055,0.15405,0.14487,0.14642,797102416.0,118316149.7839,1389926
2026-01-08,0.14642,0.14777,0.138,0.14194,959509517.0,136352793.37517,1484439
2026-01-09,0.14195,0.14462,0.13825,0.14071,703610941.0,99368656.28199,1199113
2026-01-10,0.1407,0.14072,0.13904,0.13965,219649749.0,30755979.35387,328469
2026-01-11,0.13965,0.1412,0.13585,0.13801,419409403.0,58090364.37931,625549
2026-01-12,0.13801,0.14237,0.13492,0.13662,721042880.0,99590291.64411,1330250
2026-01-13,0.13661,0.15095,0.13626,0.14828,962128224.0,137700404.73251,1316054
2026-01-14,0.14828,0.15133,0.14562,0.14718,873212059.0,129478917.44994,1283982
2026-01-15,0.14719,0.14721,0.13881,0.14004,785586188.0,111954090.23683,1089532
2026-01-16,0.14005,0.14045,0.1351,0.13813,990841345.0,136644568.9314,840282
2026-01-17,0.13813,0.14003,0.13682,0.13788,343127679.0,47431412.01649,404198
2026-01-18,0.13788,0.13835,0.13133,0.13164,479039950.0,65010668.85132,617973
2026-01-19,0.13163,0.13163,0.12,0.12916,1347363841.0,171112347.27312,1306614
2026-01-20,0.12917,0.12934,0.12178,0.12336,794330118.0,99645234.24613,1091120
2026-01-21,0.12336,0.12884,0.12029,0.12654,942674775.0,117620449.73392,1389867
2026-01-22,0.12653,0.12794,0.12322,0.12437,424956417.0,53357861.9913,696418
2026-01-23,0.12437,0.12788,0.12203,0.12477,533582852.0,66655838.82565,843058
2026-01-24,0.12478,0.12494,0.12291,0.12423,168690655.0,20957716.10475,221239
2026-01-25,0.12422,0.12435,0.11764,0.11945,644477476.0,77738981.03316,764548
2026-01-26,0.11945,0.12381,0.11924,0.12236,708086997.0,86361407.30227,785399
2026-01-27,0.12236,0.12666,0.12139,0.12619,704522307.0,87039828.82422,761291
2026-01-28,0.1262,0.12775,0.12372,0.125,651222550.0,81771631.94224,792974
2026-01-29,0.125,0.12525,0.1144,0.11728,1189313828.0,140656491.76514,1152266
2026-01-30,0.11729,0.11871,0.11217,0.11581,1164836231.0,134166968.39185,1513685
2026-01-31,0.11582,0.11593,0.09461,0.10426,2462959641.0,258114346.50166,2351739
2026-02-01,0.10426,0.10685,0.10103,0.10426,1128141338.0,117912128.72529,1526153
2026-02-02,0.10427,0.11056,0.09955,0.10792,1604582722.0,167945160.16619,2198095
2026-02-03,0.10791,0.11053,0.10226,0.10602,1614342566.0,172598524.73871,1830028
2026-02-04,0.10602,0.10947,0.10127,0.10383,1322881491.0,139066982.2845,1728093
2026-02-05,0.10383,0.10477,0.08675,0.08849,3166815594.0,300880029.8884,3783582
2026-02-06,0.08848,0.10211,0.08001,0.09848,2894496776.0,264062397.69446,3200222
2026-02-07,0.09847,0.09948,0.09472,0.09823,1448690461.0,140960623.39996,1419343
2026-02-08,0.09823,0.09902,0.0951,0.09663,616525440.0,60038530.16109,843738
2026-02-09,0.09663,0.09748,0.09243,0.09611,682487562.0,65036532.79777,916460
2026-02-10,0.09612,0.09657,0.09182,0.09277,497491627.0,46577224.48477,731248
2026-02-11,0.09277,0.09362,0.0879,0.09112,788143970.0,71416512.93377,1056084
2026-02-12,0.09113,0.09455,0.09069,0.093,647408732.0,59886781.13044,847022
2026-02-13,0.09299,0.09764,0.09179,0.09667,727434615.0,69152340.90265,701710
2026-02-14,0.09668,0.11383,0.0963,0.11104,1350008258.0,142481721.99147,1232085
2026-02-15,0.11104,0.11757,0.10155,0.10269,2260569216.0,251358678.60656,2210913
2026-02-16,0.10268,0.1036,0.0985,0.10102,1011576182.0,102601192.71794,1158131
2026-02-17,0.10103,0.1036,0.09836,0.10066,813594093.0,81791588.56452,992675
2026-02-18,0.10067,0.1023,0.09749,0.09855,540244921.0,54061793.2844,780323
2026-02-19,0.09855,0.09924,0.09551,0.09837,628133019.0,61364130.36333,775293
2026-02-20,0.09836,0.10244,0.09566,0.10011,879726429.0,87475574.71295,1052097
2026-02-21,0.10011,0.10098,0.0984,0.09841,366330724.0,36546500.94811,433431
2026-02-22,0.09842,0.09855,0.09457,0.09558,393579573.0,37913900.94865,450697
2026-02-23,0.09559,0.0976,0.09145,0.09266,885845121.0,83326543.64038,1079495
2026-02-24,0.09267,0.0936,0.08996,0.09137,690018269.0,63291370.41416,841983
2026-02-25,0.09138,0.10618,0.0909,0.10095,1467184174.0,145945867.17479,1622695
2026-02-26,0.10095,0.1017,0.0954,0.09701,796682755.0,78678758.50825,1088677
2026-02-27,0.09702,0.09911,0.09198,0.09337,688625162.0,65836479.6197,882478
2026-02-28,0.09337,0.095,0.08771,0.09405,1263091942.0,114525214.80442,1296760
2026-03-01,0.09406,0.09788,0.09056,0.0919,1025310501.0,96619318.75648,1108289
2026-03-02,0.0919,0.09771,0.0908,0.09356,939663669.0,88600859.84502,1169244
2026-03-03,0.09356,0.09385,0.08847,0.08997,1057244496.0,95698611.05617,1190127
2026-03-04,0.08998,0.10434,0.08859,0.09893,2260563245.0,218706278.43243,2097069
2026-03-05,0.09893,0.09924,0.09275,0.09356,1069888791.0,102466483.54141,1128319
2026-03-06,0.09356,0.09441,0.09,0.09129,871355799.0,80056712.30538,681217
2026-03-07,0.09129,0.09213,0.08927,0.08993,443785459.0,40126795.51676,311150
2026-03-08,0.08993,0.09133,0.08666,0.08915,834121407.0,74195726.86505,624797
2026-03-09,0.08914,0.09283,0.089,0.09049,996650758.0,90618107.25605,796926
2026-03-10,0.09048,0.10046,0.09033,0.09452,1835766129.0,176216399.29186,1347361
2026-03-11,0.09452,0.09509,0.0912,0.09288,1179985494.0,109772578.96679,821484
2026-03-12,0.09289,0.09586,0.0918,0.09475,829896186.0,77947460.63539,736588
2026-03-13,0.09474,0.10199,0.09454,0.09596,1677294975.0,164706201.27397,1250525
2026-03-14,0.09596,0.09643,0.094,0.09604,645440544.0,61431547.30614,377156
2026-03-15,0.09605,0.09809,0.09445,0.09738,811760787.0,77968888.08746,555193
2026-03-16,0.09738,0.10375,0.09704,0.10304,2122489632.0,214102653.72698,1430274
2026-03-17,0.10304,0.10449,0.0983,0.10015,1140650949.0,115188171.54234,871019
2026-03-18,0.10015,0.10185,0.09328,0.09526,1318080266.0,127138507.76042,900412
2026-03-19,0.09526,0.09609,0.09177,0.09354,734075989.0,68874087.18295,579114
2026-03-20,0.09353,0.09541,0.09287,0.09416,514985689.0,48460656.90013,468079
2026-03-21,0.09417,0.09499,0.09061,0.09135,403560564.0,37682102.27571,275786
2026-03-22,0.09133,0.09287,0.08916,0.09015,726682148.0,66191312.50356,527107
2026-03-23,0.09015,0.09578,0.08925,0.09415,1021392653.0,95162738.04752,902311
2026-03-24,0.09416,0.09562,0.09245,0.0951,602456245.0,56638900.40693,551196
2026-03-25,0.09511,0.09796,0.09441,0.09618,801581697.0,77341717.65324,547461
2026-03-26,0.09618,0.09627,0.09056,0.09205,847613271.0,78254414.59101,554824
2026-03-27,0.09205,0.09271,0.0893,0.09011,534311702.0,48343465.70778,439905
2026-03-28,0.0901,0.09533,0.08969,0.091,662603823.0,61277477.10663,447079
2026-03-29,0.09099,0.09169,0.088,0.09045,432289764.0,39061544.70514,388856
2026-03-30,0.09046,0.09394,0.09026,0.09083,808515385.0,74693442.8929,594298
2026-03-31,0.09084,0.09284,0.08937,0.09232,727310486.0,66417355.37075,612790
2026-04-01,0.09232,0.09453,0.0916,0.09219,641844567.0,59649716.61121,544213
2026-04-02,0.09218,0.09273,0.08899,0.0904,672578495.0,60736275.7905,622542
2026-04-03,0.0904,0.09259,0.08992,0.09156,390119550.0,35666042.1285,336481
2026-04-04,0.09155,0.09312,0.09073,0.09207,294338905.0,27008020.37718,218160
2026-04-05,0.09206,0.09244,0.08971,0.09238,446283605.0,40490382.22638,307330
2026-04-06,0.09239,0.09362,0.08993,0.09061,786154494.0,72475376.24702,580348
2026-04-07,0.0906,0.09606,0.09005,0.09492,1070228638.0,99035215.43523,627510
2026-04-08,0.09492,0.0956,0.09213,0.0924,827978693.0,77973313.82005,569201
2026-04-09,0.0924,0.09499,0.09091,0.0926,802899034.0,74101271.16613,551882
2026-04-10,0.09259,0.09529,0.09192,0.09368,701107655.0,65618644.96664,519067
2026-04-11,0.09369,0.09489,0.09224,0.09309,526565984.0,49167820.48518,355709
2026-04-12,0.09309,0.09326,0.09028,0.09084,762424475.0,69548173.35383,412404
2026-04-13,0.09085,0.09437,0.09069,0.09411,907826579.0,83838639.83903,492570
2026-04-14,0.09411,0.09805,0.09239,0.09297,1316956334.0,124757682.64605,840570
2026-04-15,0.09297,0.09679,0.09257,0.09488,643749772.0,60629234.04494,521461
2026-04-16,0.09489,0.09988,0.09449,0.09921,1593856365.0,155091554.66684,986725
2026-04-17,0.09921,0.10218,0.09671,0.09941,1377548839.0,137323312.14745,951714
2026-04-18,0.0994,0.09976,0.0941,0.09479,904717066.0,87582285.44545,534498
2026-04-19,0.0948,0.09643,0.09255,0.09302,1088500058.0,102887224.53967,614169
2026-04-20,0.09303,0.09609,0.0929,0.09521,741757963.0,70244453.18055,487866
2026-04-21,0.09521,0.096,0.09356,0.09518,511817527.0,48642184.57973,409404
2026-04-22,0.09519,0.0986,0.09487,0.09565,856611555.0,83252827.38061,534855
2026-04-23,0.09564,0.09803,0.09516,0.09714,913044373.0,88045741.52634,528922
2026-04-24,0.09714,0.09957,0.09682,0.09843,980704980.0,96061390.59027,522455
2026-04-25,0.09842,0.0991,0.09738,0.098,495014209.0,48659362.72102,292249
2026-04-26,0.09799,0.09994,0.09748,0.09922,571675655.0,56421478.13645,348327
2026-04-27,0.09922,0.10086,0.09694,0.09895,877426665.0,86520853.44241,564277
2026-04-28,0.09894,0.10103,0.09806,0.09935,1086723968.0,108069697.51631,598040
2026-04-29,0.09934,0.112,0.09924,0.10408,2813781661.0,295279733.1968,1861994
2026-04-30,0.10407,0.10841,0.10397,0.1065,1455486372.0,154830765.54775,1200862
2026-05-01,0.1065,0.11055,0.10641,0.10853,1132037099.0,123195114.15324,837703
2026-05-02,0.10853,0.10936,0.10714,0.10851,560055038.0,60676972.12805,396905
2026-05-03,0.10851,0.10966,0.10715,0.1083,438082060.0,47447560.16786,352260
2026-05-04,0.10829,0.11383,0.10765,0.1101,1439454344.0,159762285.7269,1123336
2026-05-05,0.11011,0.11651,0.10996,0.11484,926194501.0,104613470.94501,688205
2026-05-06,0.11485,0.11706,0.11133,0.11245,1240583624.0,141944439.95265,990118
2026-05-07,0.11245,0.113,0.1067,0.10783,1201358248.0,132126320.07908,810316
2026-05-08,0.10784,0.10968,0.1056,0.10952,948389168.0,101758140.34851,650955
2026-05-09,0.10953,0.11139,0.10809,0.10874,508440229.0,55916008.08328,455362
2026-05-10,0.10874,0.11286,0.10643,0.11246,984615271.0,108131083.6619,767277
2026-05-11,0.11246,0.11276,0.10839,0.11132,1032275387.0,113945040.66166,1009232
2026-05-12,0.11131,0.1116,0.10752,0.11015,802321163.0,88041214.20006,709143
2026-05-13,0.11016,0.11472,0.10965,0.11269,1489300612.0,167470309.48134,1030159
2026-05-14,0.11269,0.11861,0.11197,0.11546,2332580424.0,267889917.81362,1507052
2026-05-15,0.11545,0.11749,0.11072,0.11336,1333730327.0,151913659.41462,1100735
2026-05-16,0.11335,0.11348,0.10775,0.10937,759047957.0,83524548.07839,601009
2026-05-17,0.10937,0.11281,0.10562,0.10899,673710336.0,73919613.27787,631779
2026-05-18,0.10899,0.1091,0.10252,0.10477,1219654280.0,128448497.09726,1004422
2026-05-19,0.10477,0.10554,0.10266,0.103,423915585.0,44138899.65225,482581
2026-05-20,0.10299,0.10497,0.1019,0.10371,455852701.0,47193870.41005,462611
2026-05-21,0.10372,0.10652,0.10367,0.10568,605897147.0,63756280.16563,570796
2026-05-22,0.10567,0.10682,0.10152,0.10234,547931305.0,57459133.1559,542878
2026-05-23,0.10234,0.1051,0.09736,0.10307,924406103.0,93473064.46678,636451
2026-05-24,0.10308,0.10394,0.10055,0.10227,357856031.0,36691971.50934,350149
2026-05-25,0.10228,0.1038,0.10165,0.10214,330994207.0,34002701.27051,337072
2026-05-26,0.10214,0.10386,0.10028,0.10105,507086642.0,51611599.06424,483479
2026-05-27,0.10104,0.10339,0.0993,0.10049,554489214.0,56297666.09902,566312
2026-05-28,0.10049,0.10084,0.09646,0.09957,727919690.0,71783482.38605,812635
2026-05-29,0.09956,0.1012,0.09744,0.0997,475502201.0,47355476.24623,551807
2026-05-30,0.09971,0.10183,0.09949,0.10061,382974258.0,38695157.87433,376507
2026-05-31,0.10061,0.10144,0.09909,0.10041,344396404.0,34572356.84987,470822
2026-06-01,0.10042,0.10158,0.0978,0.1011,844219508.0,84393984.60759,915218
2026-06-02,0.1011,0.10129,0.09117,0.09275,1320706697.0,127301947.73349,1157492
2026-06-03,0.09275,0.09454,0.09057,0.09139,765862550.0,71092951.43885,778880
2026-06-04,0.09139,0.09188,0.08579,0.08858,1344505491.0,119402551.59174,1390849
2026-06-05,0.08857,0.0888,0.079,0.08148,2086387933.0,173654430.12854,2047064
2026-06-06,0.08149,0.08304,0.07766,0.08192,920383836.0,74373411.37337,1062369
2026-06-07,0.08192,0.08756,0.08165,0.08628,798462700.0,67549025.894,813524
2026-06-08,0.08627,0.08754,0.08436,0.08634,579300457.0,49887987.22242,669455
2026-06-09,0.08635,0.08675,0.08316,0.08479,751462433.0,64007037.71402,715711
2026-06-10,0.08479,0.08547,0.08183,0.08294,544153044.0,45580893.90549,659937
2026-06-11,0.08295,0.08708,0.08295,0.08608,572443022.0,48852769.51371,519077
2026-06-12,0.08608,0.09247,0.08505,0.08598,1192652821.0,105071030.74693,979394
2026-06-13,0.08599,0.08883,0.0858,0.08788,472710981.0,41329482.80186,362309
2026-06-14,0.08787,0.08913,0.08568,0.08889,435300445.0,38009571.87175,403857
2026-06-15,0.08889,0.09092,0.0878,0.08814,908797015.0,81198447.43131,770545
2026-06-16,0.08814,0.08909,0.08622,0.08717,611917694.0,53563337.58718,522068
2026-06-17,0.08717,0.08812,0.08464,0.08593,442139446.0,38242164.73199,547912
2026-06-18,0.08592,0.08657,0.08184,0.08352,397361030.0,33252569.17197,463987
2026-06-19,0.08351,0.08396,0.08188,0.08357,236070733.0,19563593.82388,314886
2026-06-20,0.08356,0.08434,0.08262,0.0837,226228321.0,18923599.27979,243974
2026-06-21,0.08371,0.08387,0.08214,0.08224,185654593.0,15449889.2339,195206
2026-06-22,0.08223,0.08509,0.08188,0.08247,333771656.0,27852045.51534,386312
2026-06-23,0.08248,0.08271,0.0783,0.07889,607222855.0,48451712.05443,510909
2026-06-24,0.07889,0.07981,0.0728,0.07612,868902397.0,66076013.44924,751886
2026-06-25,0.07613,0.0775,0.07145,0.07491,694712534.0,51837704.61694,725725
2026-06-26,0.0749,0.07614,0.07212,0.0758,667660680.0,49696091.00843,627773
2026-06-27,0.0758,0.07644,0.07408,0.0745,278936304.0,21061535.89219,244171
2026-06-28,0.0745,0.0747,0.07216,0.0732,332456869.0,24504883.58297,324909
2026-06-29,0.0732,0.07429,0.07196,0.07344,443343754.0,32393131.47522,573214
2026-06-30,0.07344,0.07358,0.06952,0.07208,726037488.0,51831808.52303,518360
2026-07-01,0.07208,0.07399,0.0705,0.07222,466300009.0,33681738.00916,477214
2026-07-02,0.07222,0.07556,0.07168,0.07418,574486768.0,42385080.69291,466822
2026-07-03,0.07418,0.07848,0.07393,0.07754,536616675.0,40772434.54032,474009
2026-07-04,0.07754,0.07938,0.07652,0.07766,473877176.0,36748525.84681,375170
2026-07-05,0.07766,0.07883,0.07531,0.07787,388692032.0,29867509.25653,346873
2026-07-06,0.07788,0.07835,0.07437,0.07666,629235388.0,48105859.20866,598947
2026-07-07,0.07666,0.07702,0.0736,0.07418,429575107.0,32222195.14335,442438
2026-07-08,0.07419,0.07448,0.07101,0.07243,460956654.0,33315216.05907,458942
2026-07-09,0.07242,0.07357,0.07198,0.07289,309017476.0,22467457.73138,305826
2026-07-10,0.0729,0.07468,0.07266,0.07412,292452275.0,21640425.93451,286708
2026-07-11,0.07411,0.0756,0.07319,0.07321,256812815.0,19173272.38343,203736
2026-07-12,0.0732,0.07389,0.07228,0.07272,257601710.0,18842607.6392,220766
2026-07-13,0.07272,0.07417,0.07092,0.07197,306017434.0,22080547.85037,353601
2026-07-14,0.07198,0.07538,0.07144,0.07445,483802404.0,35664572.1102,337146
2026-07-15,0.07444,0.07525,0.07336,0.07409,552650320.0,40972169.56957,333094
2026-07-16,0.07409,0.0745,0.07212,0.07236,305474948.0,22415866.7143,262943
2026-07-17,0.07236,0.07298,0.071,0.07256,328210716.0,23641776.81526,293484
2026-07-18,0.07256,0.07281,0.07194,0.07253,135501700.0,9804091.41618,107003
2026-07-19,0.07254,0.07285,0.07169,0.07243,161071995.0,11659097.04118,151825
2026-07-20,0.07243,0.07359,0.07109,0.07219,540533970.0,39133492.92697,376238
2026-07-21,0.07218,0.07384,0.07191,0.07339,416248681.0,30487448.57767,266131
2026-07-22,0.07339,0.0739,0.07209,0.07299,429889870.0,31327482.96045,275815
2026-07-23,0.073,0.07324,0.06839,0.0692,860224459.0,60585976.10537,384012
2026-07-24,0.06921,0.07016,0.0682,0.06957,589505023.0,40806469.43531,293655
2026-07-25,0.06957,0.07368,0.06916,0.07172,609428822.0,43504476.77617,327625
2026-07-26,0.07172,0.07404,0.0716,0.07338,498633848.0,36427356.7745,337590
2026-07-27,0.07339,0.07355,0.07011,0.07038,442613304.0,31897395.24428,367786
2026-07-28,0.07037,0.07144,0.06923,0.07089,452272258.0,31781932.63513,317674
2026-07-29,0.07089,0.07123,0.06882,0.07014,467781816.0,32929801.92501,346871
2026-07-30,0.07015,0.07104,0.06963,0.07059,358529919.0,25209207.83438,238107
2026-07-31,0.0706,0.07101,0.06846,0.06962,399868806.0,27865420.54597,289994
2026-08-01,0.06962,0.07032,0.06766,0.06914,277265653.0,19226049.6184,185114
2026-08-02,0.06915,0.07147,0.06913,0.07081,275865277.0,19418062.53664,173770
2026-08-03,0.07082,0.07095,0.069,0.07023,324544536.0,22688310.37542,207111
2026-08-04,0.07022,0.07071,0.06978,0.07007,211371708.0,14856096.05789,159066
2026-08-05,0.07006,0.07056,0.06928,0.07004,250077956.0,17504101.38018,182062
2026-08-06,0.07005,0.07018,0.06822,0.06909,249420076.0,17253389.88875,196832
2026-08-07,0.06909,0.07034,0.06873,0.06965,352362631.0,24467478.52994,195795
2026-08-08,0.06964,0.07157,0.06956,0.07043,251548479.0,17789478.01623,148556
2026-08-09,0.07042,0.07096,0.06923,0.06935,233143006.0,16364268.91759,122096
2026-08-10,0.06934,0.07024,0.06906,0.0697,234397307.0,16355903.47848,193270
2026-08-11,0.0697,0.07315,0.06961,0.0719,538371542.0,38240358.58079,329722
2026-08-12,0.0719,0.07254,0.06889,0.06969,504433955.0,35804364.17536,312083
2026-08-13,0.06969,0.07085,0.06951,0.07019,281005317.0,19717106.52125,169056
2026-08-14,0.07018,0.07038,0.06921,0.07007,208161794.0,14519310.36054,129701
2026-08-15,0.07008,0.07055,0.06951,0.06961,135464878.0,9490158.62177,75992
2026-08-16,0.06961,0.07018,0.06904,0.0696,166384201.0,11608479.17686,88905
2026-08-17,0.0696,0.0706,0.06947,0.07041,272659554.0,19148121.91435,135085
2026-08-18,0.07042,0.07055,0.06961,0.07026,259293157.0,18174349.18613,135146
2026-08-19,0.07027,0.0764,0.06987,0.07504,957193763.0,70024408.29802,520777
2026-08-20,0.07504,0.08355,0.07445,0.08047,1531623566.0,120043502.61924,1068927
2026-08-21,0.08046,0.09472,0.08029,0.09155,1956029005.0,167919744.94275,1917577
2026-08-22,0.09155,0.1008,0.083,0.09188,2571977086.0,237285702.72974,2681620
2026-08-23,0.09187,0.09454,0.08873,0.09342,1059113610.0,97424964.72299,973530
2026-08-24,0.09342,0.09364,0.088,0.09011,1142610267.0,104113222.17941,1040266
2026-08-25,0.09011,0.09309,0.08483,0.0857,949673213.0,85136102.36504,1001851
2026-08-26,0.08569,0.08783,0.08385,0.0877,608118981.0,52248197.59576,667151
2026-08-27,0.08769,0.09,0.08622,0.08914,690821674.0,61015807.24427,729464
2026-08-28,0.08914,0.09033,0.08381,0.08524,723847996.0,62786545.23634,760114
2026-08-29,0.08525,0.08571,0.08418,0.08529,278519008.0,23655995.94542,221953
2026-08-30,0.0853,0.0865,0.08081,0.08205,605824305.0,51170293.92498,469048
2026-08-31,0.08205,0.08398,0.08142,0.08285,450812194.0,37276394.95823,462196
2026-09-01,0.08285,0.08396,0.0807,0.08167,543052897.0,44792022.9776,457046
2026-09-02,0.08168,0.08211,0.08013,0.08176,611965866.0,49732627.97762,459719
2026-09-03,0.08176,0.08999,0.08116,0.08782,1150372230.0,99368187.962,884395
2026-09-04,0.08782,0.08836,0.08378,0.08477,964991378.0,82921449.15517,645599
2026-09-05,0.08478,0.09515,0.08402,0.08969,1309951167.0,116943810.69465,812717
2026-09-06,0.08969,0.09203,0.0877,0.09092,971109911.0,87583315.46342,573427
2026-09-07,0.09092,0.09188,0.08855,0.09051,794197819.0,71576877.91049,696127
2026-09-08,0.09051,0.0917,0.088,0.09005,887314635.0,79820145.06435,751438
2026-09-09,0.09004,0.09159,0.08481,0.08616,862306550.0,76824550.65639,735101
2026-09-10,0.08617,0.08628,0.08229,0.08291,798455668.0,67499946.06778,615799
2026-09-11,0.08291,0.0883,0.0823,0.0843,765989052.0,64922149.56737,762928
2026-09-12,0.08431,0.08538,0.08409,0.08483,270087269.0,22896923.93304,180630
2026-09-13,0.08482,0.08521,0.08209,0.0824,337258301.0,28254156.00968,295856
2026-09-14,0.0824,0.08616,0.08191,0.08366,572877444.0,48221927.62403,504956
2026-09-15,0.08365,0.08399,0.07841,0.08008,833539138.0,67922184.99442,601422
2026-09-16,0.08009,0.08103,0.07831,0.08091,665234907.0,53050841.38608,490651
2026-09-17,0.08091,0.08255,0.08045,0.08172,496331726.0,40384092.44723,326663
2026-09-18,0.08172,0.0887,0.08138,0.08747,1272989435.0,109636711.54569,612760
2026-09-19,0.08747,0.09135,0.08649,0.08772,1007618917.0,89269635.2232,569206
2026-09-20,0.08773,0.08795,0.08434,0.0873,789022390.0,67914405.71838,489112
2026-09-21,0.0873,0.10211,0.08722,0.09986,2743282312.0,261132883.34748,1797749
2026-09-22,0.09987,0.10589,0.09716,0.10044,2247772946.0,225481255.8087,1576536
2026-09-23,0.10044,0.10438,0.09113,0.09272,1973352444.0,192205481.17435,1283889
2026-09-24,0.09273,0.0975,0.09141,0.09579,1038301219.0,98207104.29953,843541
2026-09-25,0.09578,0.09984,0.09456,0.09897,1070344623.0,104142521.4922,921783
2026-09-26,0.09896,0.09971,0.0953,0.09673,519278704.0,50746561.78344,439524
2026-09-27,0.09674,0.09893,0.09526,0.0969,708339640.0,68807221.60588,528102
2026-09-28,0.09689,0.09784,0.09153,0.09396,1118713339.0,105119995.1064,932780
2026-09-29,0.09395,0.09638,0.09178,0.09389,681304254.0,64180754.30915,630578
2026-09-30,0.0939,0.09819,0.09287,0.09456,864327480.0,82317736.86043,642419
2026-10-01,0.09456,0.09612,0.0935,0.09437,543350350.0,51416954.06312,444108
2026-10-02,0.09436,0.09796,0.09031,0.09293,1127007223.0,106607464.22099,640808
2026-10-03,0.09294,0.09364,0.09243,0.09282,300100980.0,27911884.49271,155435
2026-10-04,0.09282,0.09314,0.09267,0.09267,42023125.0,3901859.45377,16744
