date,open,high,low,close,volume,quote_volume,trades
2017-08-17,301.13,312.18,298.0,302.0,7030.71034,2154655.3003566,4522
2017-08-18,302.0,311.79,283.94,293.96,9537.84646,2858946.5093539,5658
2017-08-19,293.31,299.9,278.0,290.91,2146.19773,620022.5898617,1795
2017-08-20,289.41,300.53,282.85,299.1,2510.13871,742847.8945599,2038
2017-08-21,299.1,346.52,294.6,323.29,5219.44542,1689472.341214,3925
2017-08-22,321.04,330.41,144.21,309.8,7956.35088,2454425.8033137,6577
2017-08-23,312.25,324.99,309.41,315.74,8665.72569,2753464.9450408,8540
2017-08-24,315.74,328.04,314.01,323.42,6753.27192,2159417.1141537,6495
2017-08-25,323.42,338.28,323.42,327.24,7125.96962,2354162.038294,7452
2017-08-26,327.24,335.44,323.41,330.79,4877.68521,1601994.3773166,4400
2017-08-27,332.18,348.13,330.73,348.13,4635.43715,1554477.3581603,4973
2017-08-28,348.11,351.0,331.95,346.0,4279.1817,1463758.1691041,4526
2017-08-29,347.0,377.6,346.0,374.7,3032.13425,1102069.6205809,3265
2017-08-30,374.7,393.71,362.05,385.93,4446.59608,1679526.2125115,4812
2017-08-31,384.64,389.36,377.78,384.79,4435.86855,1704441.3942666,4574
2017-09-01,386.44,394.39,383.18,388.46,4198.68434,1635227.6137661,4124
2017-09-02,388.58,394.32,320.08,343.14,8240.32724,2904008.4613861,8217
2017-09-03,343.56,367.28,320.08,341.77,5253.62211,1801702.6178029,6153
2017-09-04,339.29,344.55,267.94,283.77,6737.81061,2002446.181802,7403
2017-09-05,286.81,321.52,235.55,312.09,8344.41924,2397490.9178386,8999
2017-09-06,313.29,336.34,312.09,335.0,5486.30988,1793962.8584994,7089
2017-09-07,335.01,342.5,320.17,334.49,3103.89745,1027135.6869524,2635
2017-09-08,334.49,335.1,272.0,302.99,4915.75693,1494309.8866163,3227
2017-09-09,300.01,307.0,281.66,296.74,2740.58822,813750.3589359,1956
2017-09-10,296.72,302.78,261.03,293.5,4156.45099,1181903.7721999,2494
2017-09-11,293.51,304.98,285.21,297.3,4829.64647,1436811.8161569,3490
2017-09-12,297.78,316.46,286.01,293.96,5176.31402,1573452.4124519,5279
2017-09-13,293.93,294.5,257.05,276.91,6451.22836,1761080.8976069,4527
2017-09-14,275.76,283.77,215.0,215.21,12601.95676,3110767.7805647,8166
2017-09-15,217.0,270.93,192.0,253.0,14223.8953,3319311.826735,9198
2017-09-16,255.99,271.81,235.51,249.31,10362.06011,2647152.3723708,8859
2017-09-17,249.32,264.39,239.02,257.55,4614.53337,1149704.2949294,5277
2017-09-18,257.53,306.22,257.11,294.57,4125.97051,1182937.633574,3440
2017-09-19,296.0,300.0,277.41,284.0,1869.90852,535773.5652001,1896
2017-09-20,284.01,294.0,275.91,282.0,1060.56734,302739.7337531,1431
2017-09-21,285.1,287.0,252.1,257.0,1912.55583,516193.1970608,2751
2017-09-22,258.0,272.97,253.01,264.0,1464.5125,382962.217943,2144
2017-09-23,259.99,286.23,255.11,285.93,2824.33572,788810.3244239,3901
2017-09-24,286.5,294.61,275.0,282.0,5575.54422,1582877.4871329,8022
2017-09-25,282.0,299.0,281.34,294.42,5870.48035,1705551.9921018,9165
2017-09-26,294.42,296.81,286.24,287.9,4566.92804,1332125.1654396,7329
2017-09-27,289.91,313.0,286.13,309.74,5518.10382,1641896.8743651,8208
2017-09-28,309.81,311.81,296.89,302.44,6600.90922,2009233.8887105,10534
2017-09-29,302.44,303.0,274.0,292.22,11089.19902,3213725.0903979,13098
2017-09-30,292.62,307.49,292.22,304.36,4020.60795,1214456.8380462,8168
2017-10-01,305.13,306.0,294.0,303.95,5060.05758,1518988.30299,8900
2017-10-02,303.94,305.0,295.0,296.5,3710.83747,1116501.2248122,7454
2017-10-03,298.15,301.99,283.18,292.48,5546.85702,1622460.7267746,9327
2017-10-04,292.47,297.97,288.0,291.99,4014.88792,1176260.2171869,7233
2017-10-05,290.0,297.44,285.53,294.81,3412.39016,994768.4954065,6125
2017-10-06,294.78,310.8,293.78,310.8,3541.02359,1063779.3539251,6064
2017-10-07,309.9,318.5,303.6,311.01,2165.79076,672026.6685328,4289
2017-10-08,311.08,317.07,309.0,311.07,2960.93198,923989.787554,6247
2017-10-09,311.13,312.13,286.65,297.19,4885.37863,1462524.6249531,8680
2017-10-10,297.35,308.56,293.0,298.64,6749.27468,2028540.4729273,9392
2017-10-11,300.88,305.5,298.02,304.01,3724.6863,1125331.5033572,4079
2017-10-12,304.01,310.0,302.71,303.99,7827.75596,2397065.1633671,4956
2017-10-13,303.52,353.96,297.0,337.96,17925.36585,5832987.2559101,9898
2017-10-14,337.96,349.8,335.0,342.0,7731.96469,2655702.1145455,5703
2017-10-15,342.0,348.0,316.17,337.96,10011.34708,3326752.5971166,6822
2017-10-16,337.5,354.0,332.78,335.19,8663.47097,2956522.0417874,6586
2017-10-17,335.18,336.58,312.65,315.19,8146.74356,2638150.8892904,6837
2017-10-18,315.19,318.0,284.68,309.7,12908.0454,3915770.1544675,9801
2017-10-19,311.52,315.0,300.0,308.66,8678.74739,2675399.8602425,6769
2017-10-20,308.66,311.18,302.0,304.51,8739.31764,2667391.8997551,6812
2017-10-21,304.51,305.34,290.0,298.94,8591.63121,2558677.4115428,6343
2017-10-22,298.99,306.99,290.0,293.79,7173.06893,2120546.5470225,5828
2017-10-23,293.78,294.6,272.2,281.09,9658.78404,2743010.9877028,6524
2017-10-24,282.27,310.0,275.5,297.38,14066.67924,4253110.3195806,8026
2017-10-25,295.43,300.0,281.0,294.49,9703.09261,2840747.3846263,6796
2017-10-26,294.1,299.76,291.03,294.71,7813.02717,2306446.3337328,6557
2017-10-27,294.72,298.1,292.03,296.33,6272.14802,1852704.4161056,5899
2017-10-28,296.14,297.0,290.1,291.87,5848.86589,1715796.7941936,5589
2017-10-29,291.86,309.4,291.86,305.0,9019.13315,2716332.8153886,6947
2017-10-30,305.0,316.0,302.1,307.25,8946.12026,2751568.6365363,6421
2017-10-31,305.95,309.99,304.01,304.9,7640.41182,2347542.8648317,7744
2017-11-01,304.89,305.9,286.34,287.01,9843.1666,2948801.7063006,12038
2017-11-02,287.3,293.0,274.73,283.12,13423.8572,3810829.6596733,13600
2017-11-03,283.12,307.0,282.0,304.08,8194.03465,2400297.6347816,8973
2017-11-04,304.09,304.99,292.11,298.04,7828.41744,2333944.7608054,9036
2017-11-05,298.1,302.14,293.13,295.53,6638.42119,1974433.013513,7513
2017-11-06,295.19,305.58,290.11,297.97,7515.50103,2233482.6122626,7898
2017-11-07,297.25,303.52,287.0,291.78,9418.57881,2765345.5827772,8788
2017-11-08,291.31,320.0,290.02,303.02,15961.85772,4839176.806813,14402
2017-11-09,303.6,329.0,299.5,317.87,11151.29946,3527294.7503346,8208
2017-11-10,318.5,322.65,285.82,293.5,15597.16557,4762536.5850516,9253
2017-11-11,293.52,318.0,291.91,310.02,10850.16279,3282643.0277861,8646
2017-11-12,310.87,316.99,281.01,305.24,21123.15319,6345603.7706789,13661
2017-11-13,304.0,318.88,303.7,312.99,15551.67434,4852265.3955649,9066
2017-11-14,313.0,337.54,312.94,335.61,17709.2227,5756893.4527936,11711
2017-11-15,335.6,339.0,324.0,331.33,15597.16131,5178507.4572747,10036
2017-11-16,330.98,334.75,321.41,331.49,14145.71696,4638262.2625835,9493
2017-11-17,331.49,334.6,323.84,331.23,18042.02544,5954175.9400211,11548
2017-11-18,331.2,349.9,326.01,346.66,14361.4973,4780354.335408,10690
2017-11-19,346.66,373.56,343.07,354.15,19397.74898,6895884.0624029,10509
2017-11-20,355.15,372.5,353.9,367.42,18277.0194,6600961.958264,11553
2017-11-21,367.42,375.5,350.02,362.12,26237.64398,9556690.2312402,14762
2017-11-22,362.12,384.84,359.0,380.65,18121.58484,6654403.0898495,10386
2017-11-23,380.63,425.0,370.02,405.0,25409.00111,10084943.0895568,12731
2017-11-24,405.03,475.0,392.8,469.0,30398.35831,13089282.2114721,15706
2017-11-25,467.57,484.47,450.0,461.82,21428.63117,9958206.2564553,13282
2017-11-26,461.0,465.0,436.14,462.84,21691.11759,9854650.9432016,13955
2017-11-27,462.84,486.94,453.0,472.31,23761.11416,11199192.4016095,15797
2017-11-28,472.32,477.5,453.5,466.17,23967.24816,11224970.9334287,12944
2017-11-29,466.17,515.0,385.0,421.7,51313.49571,23657537.251193,23835
2017-11-30,421.92,460.0,387.01,427.43,45184.22265,19125706.0007665,22805
2017-12-01,428.05,465.97,413.74,457.51,33072.21995,14471054.869735,19944
2017-12-02,457.53,471.91,445.0,457.63,25796.14,11883272.7996642,18388
2017-12-03,457.31,485.9,440.11,460.3,24490.05997,11436416.9241977,21404
2017-12-04,460.3,470.98,445.0,466.67,23182.65949,10662508.8497644,20049
2017-12-05,466.66,468.67,445.21,452.26,25387.11695,11663673.2864895,19373
2017-12-06,452.26,455.1,400.0,411.01,38638.76036,16767914.2566097,24522
2017-12-07,413.5,427.61,375.01,406.33,41343.73269,16842079.0919012,30163
2017-12-08,406.52,456.78,390.0,442.56,41064.60305,17430991.9590521,42348
2017-12-09,442.56,488.0,426.4,460.0,41918.34044,19341744.4130386,35517
2017-12-10,460.0,460.05,403.2,427.35,34919.25938,15125760.6157025,32416
2017-12-11,427.35,512.0,427.35,508.7,29763.16644,13776239.5826501,28773
2017-12-12,508.44,639.27,494.89,620.0,59387.02259,33241867.0335295,66420
2017-12-13,622.0,705.69,539.93,683.99,57694.18773,36344921.4647994,55759
2017-12-14,683.98,747.6,630.5,679.76,60919.26902,41882857.095261,51279
2017-12-15,679.76,689.0,594.6,674.95,39778.16165,25891535.6969439,38469
2017-12-16,673.75,712.0,669.22,682.81,26866.0533,18466770.7325109,25236
2017-12-17,681.8,728.0,680.33,707.64,31398.4476,22242667.2153362,36094
2017-12-18,707.62,798.88,638.0,784.0,45673.70777,32799947.5744694,40460
2017-12-19,784.0,864.9,729.01,798.0,69423.62125,55123972.0160901,57020
2017-12-20,798.0,828.0,661.0,790.21,72526.28416,55604509.7531012,58344
2017-12-21,794.62,845.99,705.98,782.41,78222.53998,62052521.6509025,57627
2017-12-22,784.0,796.0,504.99,635.97,154630.49482,98661808.4822484,113138
2017-12-23,635.15,714.99,627.97,640.34,79001.05634,53738833.8806143,79260
2017-12-24,640.33,667.64,563.49,658.0,95431.94156,59101715.1506293,108808
2017-12-25,659.4,744.0,599.99,714.95,78544.84102,55108579.6840084,86060
2017-12-26,713.12,750.0,712.56,750.0,60052.47905,44216631.9019637,78690
2017-12-27,750.0,766.05,693.18,739.89,51339.2782,38102246.9866603,72364
2017-12-28,739.89,744.93,645.88,707.89,72679.61288,50030889.1110455,94413
2017-12-29,709.5,757.87,703.0,733.99,64028.12647,46838775.8175808,89024
2017-12-30,732.9,735.0,635.82,681.06,89879.99994,61752153.6610781,123765
2017-12-31,680.01,740.0,672.86,733.98,62628.24458,44570894.7990617,92610
2018-01-01,733.01,763.55,716.8,754.99,53909.25885,40049370.5949261,75314
2018-01-02,754.99,899.5,749.06,855.28,113257.78355,95749946.0604656,142511
2018-01-03,855.13,950.01,810.0,934.03,89041.45688,78173093.7121992,118866
2018-01-04,934.03,1009.72,890.01,940.0,102894.47384,97740086.5903057,132633
2018-01-05,940.0,1045.0,930.0,959.3,97374.0163,95739901.4760194,124438
2018-01-06,958.0,1017.56,950.0,1004.11,71954.27895,71196052.3406679,91685
2018-01-07,1003.71,1125.0,999.9,1123.09,65278.81957,70126945.1735654,89192
2018-01-08,1123.09,1239.18,910.0,1133.18,158831.54798,176599793.2112688,171664
2018-01-09,1133.18,1326.5,1104.85,1291.0,118702.88684,143246762.0845697,152628
2018-01-10,1291.0,1440.0,1201.1,1247.0,160185.0129,210902815.468832,191352
2018-01-11,1249.03,1332.49,1021.0,1138.93,194546.29387,230792205.8753742,210914
2018-01-12,1136.45,1288.5,1069.01,1253.87,93763.47261,113367281.7651159,117851
2018-01-13,1253.87,1427.01,1252.0,1388.02,75893.43201,101824625.2584041,115872
2018-01-14,1388.1,1391.89,1220.89,1347.0,98391.19585,128517479.7160451,124920
2018-01-15,1347.99,1383.13,1258.12,1271.0,69236.70476,90732886.2410553,105410
2018-01-16,1268.67,1275.01,780.0,1000.0,343889.36509,355819297.4570526,304696
2018-01-17,999.99,1075.51,755.0,1000.0,436333.67326,398063123.6629532,391331
2018-01-18,1000.0,1075.2,924.21,994.0,294545.71207,296964713.7063301,278162
2018-01-19,993.3,1079.0,941.0,1032.5,167954.11253,171217738.3162249,171662
2018-01-20,1032.5,1165.4,1031.0,1152.75,123352.58362,137333158.1283754,139129
2018-01-21,1150.37,1152.69,998.0,1049.0,175031.00789,186353755.5731615,189013
2018-01-22,1049.0,1090.15,908.0,993.0,185212.52002,185276703.3811457,200594
2018-01-23,993.0,1030.0,909.0,980.0,160159.63958,156053774.3099319,188114
2018-01-24,981.2,1074.0,953.09,1061.0,134257.7947,135793371.3035906,164024
2018-01-25,1060.34,1115.0,1030.26,1056.52,119415.93495,127855243.1699191,140455
2018-01-26,1055.29,1082.0,986.0,1051.03,145113.638,150237011.3005197,168271
2018-01-27,1051.03,1127.99,1032.2,1118.99,96894.33839,105043056.376824,130125
2018-01-28,1118.99,1277.0,1112.0,1251.96,143510.73586,173283524.8751675,191653
2018-01-29,1251.96,1258.89,1161.65,1177.01,105292.76808,126282956.2386049,172601
2018-01-30,1177.01,1186.85,1051.0,1085.5,155278.55404,173857602.7647266,257484
2018-01-31,1084.63,1135.0,1029.0,1124.81,100372.03783,109226169.403087,191394
2018-02-01,1125.96,1164.99,981.0,1041.94,203355.29052,220810878.7313509,343466
2018-02-02,1041.89,1047.2,783.67,922.3,377375.22874,348077470.8172215,501434
2018-02-03,923.67,998.0,851.0,971.0,160037.88129,150132852.1698307,277958
2018-02-04,971.0,975.0,789.0,823.56,186446.0316,163419119.0113931,291397
2018-02-05,821.6,862.47,634.94,697.92,365516.52899,270801309.654192,430516
2018-02-06,697.93,798.0,570.1,779.25,648944.4204,435291131.0454776,685832
2018-02-07,779.99,849.0,714.18,754.0,356403.4441,282259408.6878273,394597
2018-02-08,753.19,786.93,751.0,781.66,10516.2619,8110366.5479331,8507
2018-02-09,781.66,882.2,781.66,877.0,95447.67289,81316368.0204354,196544
2018-02-10,876.3,911.2,800.0,851.15,214818.06768,184921264.9754071,342039
2018-02-11,851.15,857.0,768.28,808.99,189323.408,154647315.018998,318895
2018-02-12,808.58,877.56,807.46,866.66,143586.93121,122610007.8569921,300970
2018-02-13,866.39,871.0,820.0,841.57,110305.93537,92966057.3765568,234604
2018-02-14,841.57,924.99,841.3,919.09,150342.85558,133514830.8970484,297425
2018-02-15,919.09,946.66,895.59,924.55,155637.78524,143817533.1415603,308893
2018-02-16,924.55,948.48,901.36,938.67,115540.16349,107292023.6432389,247188
2018-02-17,938.6,974.0,933.48,969.99,110091.03618,105637458.5323033,224139
2018-02-18,969.99,978.5,897.0,911.0,160129.79518,149501060.8539962,287445
2018-02-19,911.0,956.22,906.04,938.11,80099.49534,75083849.3754466,188985
2018-02-20,939.17,961.0,873.0,882.99,120056.67502,111258169.9826999,225795
2018-02-21,882.99,908.88,812.87,835.89,176200.55151,151739402.984687,324214
2018-02-22,836.35,871.96,786.6,801.49,137561.85113,112939926.7169096,265430
2018-02-23,801.47,885.0,785.99,851.6,154507.41338,130147658.0064479,283445
2018-02-24,851.59,875.0,805.0,833.94,89311.5794,75082869.2722153,180745
2018-02-25,833.92,849.5,813.18,841.19,59431.26474,49520472.1940726,134040
2018-02-26,841.46,882.0,833.0,867.98,74911.4656,64498089.203572,135463
2018-02-27,867.98,897.49,860.69,870.11,63487.68425,55793476.980172,113151
2018-02-28,871.84,891.0,850.3,853.5,53620.45209,46744924.419776,102553
2018-03-01,853.5,879.96,848.65,870.63,43785.00503,37976139.7517369,89476
2018-03-02,870.63,876.22,850.0,856.28,39436.26006,34068626.3832595,77178
2018-03-03,856.27,870.78,852.3,856.02,34170.2942,29487108.37488,65375
2018-03-04,856.51,868.0,836.24,866.66,29735.01829,25364732.8643644,64562
2018-03-05,866.61,871.75,847.2,849.84,30567.79813,26391332.1546758,61568
2018-03-06,849.81,853.18,803.01,813.11,48658.06883,40340972.8329127,90220
2018-03-07,813.31,826.2,718.4,749.9,109013.2838,83030975.9043689,157657
2018-03-08,749.02,772.07,684.0,695.46,76312.77819,55751521.7845615,124325
2018-03-09,695.48,727.92,640.0,723.71,116545.37303,79262060.7540076,174238
2018-03-10,723.65,745.0,673.06,680.58,63012.67972,45345997.5042329,98429
2018-03-11,680.58,735.0,659.15,720.85,73967.35869,51773437.8671232,108011
2018-03-12,721.0,740.5,676.31,697.11,67732.85988,48042091.346384,107566
2018-03-13,696.52,713.76,680.0,689.94,55735.18315,38651705.8540196,110481
2018-03-14,690.16,703.54,585.0,610.1,89904.25415,57785217.4853055,139296
2018-03-15,610.1,621.12,570.0,608.83,94426.72453,56487242.0087846,139923
2018-03-16,608.83,625.3,584.15,599.05,64720.20994,39356556.4721097,84631
2018-03-17,599.03,609.26,544.0,546.95,68022.4592,39167671.2478979,85603
2018-03-18,547.98,560.0,450.0,537.0,248817.226,125170992.0632535,273110
2018-03-19,537.39,560.0,515.8,556.88,184798.77062,99812549.6389014,190236
2018-03-20,556.88,567.87,515.0,557.0,135426.91549,73696454.5594795,141920
2018-03-21,557.0,590.52,545.11,559.17,117019.17321,66572210.6709511,139151
2018-03-22,559.15,578.6,516.0,539.92,111106.19916,60459505.6065908,123941
2018-03-23,539.78,544.72,506.71,543.03,106416.06746,55542669.0430983,122067
2018-03-24,543.2,545.99,518.63,520.22,87710.78945,46963103.4507316,104841
2018-03-25,521.17,536.0,512.0,523.74,71903.1713,37482165.1820822,90242
2018-03-26,523.95,527.67,465.56,485.0,151084.23688,74104022.1300024,144216
2018-03-27,485.0,491.55,446.0,448.5,138188.76042,63816245.4274086,139179
2018-03-28,448.5,466.0,440.14,446.67,89895.47885,40547475.9536683,90706
2018-03-29,446.07,449.43,380.0,384.0,225341.94316,91719449.9304218,176576
2018-03-30,383.87,412.04,366.0,392.43,292254.79437,112316125.3267166,232555
2018-03-31,392.4,419.4,388.52,393.92,167833.59399,67461541.5886628,134396
2018-04-01,393.93,399.91,356.9,378.58,150493.99422,56620178.3543407,119329
2018-04-02,378.58,394.87,375.0,385.05,113242.14191,43596858.5024712,95810
2018-04-03,385.0,419.08,380.13,415.01,137897.55565,55385110.1548381,118778
2018-04-04,415.0,416.5,370.0,378.16,140598.39668,54594624.7569424,132792
2018-04-05,378.15,387.03,365.61,381.22,120314.05875,45411126.8956174,103370
2018-04-06,381.56,385.91,362.54,368.89,74458.69141,27645272.516507,69396
2018-04-07,368.89,394.75,368.28,384.51,71463.42848,27442723.6552181,65341
2018-04-08,384.51,404.05,384.0,400.4,57395.52936,22720923.5470005,61290
2018-04-09,400.4,431.99,387.1,399.44,151653.50413,61605245.8672748,122647
2018-04-10,399.25,418.68,391.4,416.07,81394.29605,32805764.1019723,73634
2018-04-11,415.53,433.54,410.38,429.52,86706.68627,36371404.2251047,76885
2018-04-12,429.9,499.0,412.88,495.67,249766.38316,113968625.2863396,202769
2018-04-13,494.3,530.0,480.22,495.11,251752.08782,127274585.0424597,206506
2018-04-14,494.69,515.0,485.58,502.68,121283.3338,60727364.2740579,98631
2018-04-15,502.68,535.0,502.51,533.88,108739.15395,56506254.9725316,93171
2018-04-16,533.88,538.0,497.31,511.46,130359.52549,66652300.8067962,103147
2018-04-17,512.09,521.2,500.02,502.56,96541.96382,49273622.8530706,91563
2018-04-18,502.56,526.99,501.12,526.09,73161.95251,37673780.8368876,68912
2018-04-19,526.49,571.61,521.03,568.14,112235.77328,61044208.3175114,100508
2018-04-20,568.14,622.17,556.5,617.09,160209.03951,93907683.4773283,153184
2018-04-21,616.8,624.5,570.23,604.87,159364.95353,95664939.9408183,159407
2018-04-22,604.87,643.49,589.0,620.92,120127.3728,74788729.8493192,122258
2018-04-23,620.67,649.11,618.02,645.09,77475.70793,49473079.4449478,88353
2018-04-24,644.58,712.99,643.76,701.58,171437.66972,118180314.7165787,159888
2018-04-25,701.16,703.3,593.83,618.0,341439.50428,218497368.193498,309129
2018-04-26,617.73,666.19,600.0,661.51,155754.00815,98084636.5776993,150017
2018-04-27,661.51,686.82,635.73,643.46,134803.48389,89621495.4179006,132051
2018-04-28,643.41,694.9,638.76,682.86,113128.36337,76596615.4329475,114761
2018-04-29,683.5,700.49,665.28,690.85,110020.23869,75235079.3018448,121177
2018-04-30,690.85,695.3,662.2,670.78,112494.9172,76654028.9797539,109155
2018-05-01,670.78,675.6,627.58,672.0,133123.66675,87065924.8511483,120421
2018-05-02,671.99,691.99,663.0,688.56,86185.5033,58547697.5057035,97534
2018-05-03,688.55,792.08,685.39,779.0,229419.209,169982888.3383364,210459
2018-05-04,779.0,810.0,756.91,785.99,179924.40215,141283262.9241322,161690
2018-05-05,785.8,832.66,781.56,819.5,128631.18764,104594301.6093639,121136
2018-05-06,819.5,839.99,752.49,794.3,166871.16002,132187629.450689,154829
2018-05-07,794.3,799.14,701.0,752.49,284237.06328,210066185.2861295,232411
2018-05-08,753.0,777.0,720.02,748.99,135106.19621,101156197.2573318,126971
2018-05-09,748.99,760.74,710.26,751.75,112353.37758,82933836.454514,104593
2018-05-10,752.4,769.88,720.0,722.52,102019.29933,76658823.4630308,99850
2018-05-11,722.52,737.23,663.0,676.96,216953.54991,150336847.8280685,192008
2018-05-12,676.96,690.2,633.2,684.11,166801.07487,111101666.3239263,159177
2018-05-13,684.56,742.0,666.31,729.08,136022.39207,96516164.9841859,116733
2018-05-14,729.08,743.9,686.0,727.49,183466.9224,131397089.1149141,152787
2018-05-15,727.49,740.0,695.0,704.91,127191.21863,91869541.8424722,115906
2018-05-16,704.91,712.84,673.52,706.29,118902.46895,82315246.5132033,121956
2018-05-17,706.8,719.25,662.0,667.62,106723.38375,74320001.2537688,109610
2018-05-18,667.62,694.9,656.0,692.6,106541.66307,72118376.5238014,114419
2018-05-19,693.26,717.8,682.31,697.0,88828.85641,62026599.8097705,99860
2018-05-20,697.0,729.88,688.4,716.16,86004.7409,61227466.2924883,91685
2018-05-21,716.16,720.46,688.0,696.7,96085.15451,67799023.5499843,89438
2018-05-22,697.1,699.6,637.32,640.99,107059.5769,72112726.836348,110915
2018-05-23,640.86,669.0,560.0,577.19,257099.77096,155638543.7608657,203100
2018-05-24,577.19,612.1,550.0,602.18,195854.62497,114324332.2609641,159755
2018-05-25,602.08,617.46,568.7,585.55,118076.26273,70118224.9343135,115243
2018-05-26,585.56,607.62,578.32,586.0,77654.12532,46205282.6853549,76446
2018-05-27,586.03,592.0,557.43,570.4,97097.26713,55737244.5191023,90855
2018-05-28,570.81,576.2,506.11,511.5,153197.83278,81950608.3901462,136137
2018-05-29,511.5,573.43,510.0,567.36,189082.83788,103113233.70003,128067
2018-05-30,567.09,585.83,541.2,557.19,122132.2701,68698935.1823503,94311
2018-05-31,557.87,586.73,552.98,577.81,100101.52276,57312700.8700542,88463
2018-06-01,577.81,590.26,564.93,579.0,83840.84162,48334174.7645864,85475
2018-06-02,579.0,599.17,572.9,590.85,80258.14719,47346968.1318188,81067
2018-06-03,590.85,628.81,590.1,619.66,84123.33235,51660963.9070336,83803
2018-06-04,619.66,625.47,580.15,591.02,96339.44507,57791317.7268969,86009
2018-06-05,591.02,614.0,570.36,609.05,89053.74351,52918830.2092289,86957
2018-06-06,609.29,613.35,593.4,607.4,70152.92117,42406036.3359788,71275
2018-06-07,606.68,618.0,598.24,605.16,60174.1888,36622061.3957984,61247
2018-06-08,605.2,608.45,593.33,598.68,49228.00755,29570758.3831474,49881
2018-06-09,599.29,608.97,591.0,592.87,38908.0653,23425391.9800099,40208
2018-06-10,592.44,592.87,501.13,524.11,190350.58429,103749727.2406178,145196
2018-06-11,524.64,535.51,508.66,531.69,145813.07819,76462994.8697018,117598
2018-06-12,531.08,538.88,482.0,493.0,158223.14812,81341580.8232696,121424
2018-06-13,493.0,501.97,449.06,475.47,181842.19417,86416386.6308936,134718
2018-06-14,475.47,529.0,460.0,519.29,206093.0733,102374389.9984429,156597
2018-06-15,519.3,521.0,481.62,487.48,160532.53607,80145974.8516328,122246
2018-06-16,487.47,503.28,483.72,496.74,131095.45173,64919187.0546742,96076
2018-06-17,496.45,507.6,492.7,497.14,117316.93221,58745118.7144018,92111
2018-06-18,497.15,524.48,487.27,517.95,143826.68272,72402471.3508738,119818
2018-06-19,517.77,548.2,510.01,537.97,148148.38064,78382588.5359899,130777
2018-06-20,537.68,542.02,515.08,536.49,123892.0424,65285793.6546276,99322
2018-06-21,536.34,544.98,521.11,526.18,79862.90544,42586318.499719,77470
2018-06-22,526.32,526.44,450.0,462.09,212659.53437,102306774.8175146,166517
2018-06-23,462.4,481.0,455.0,473.41,94465.26834,44316379.4652718,85397
2018-06-24,473.4,475.81,419.53,454.41,198264.10079,88505534.6557815,152764
2018-06-25,454.29,474.47,444.37,458.7,122942.1165,56436062.4475766,113720
2018-06-26,459.04,460.81,429.0,429.34,84003.09976,37307967.112198,64251
2018-06-27,429.81,445.95,420.19,441.64,99156.36437,42947280.7164346,73853
2018-06-28,441.36,443.96,416.45,420.22,112309.56714,48557224.7656124,120860
2018-06-29,420.48,442.0,404.48,434.77,159495.30942,66573394.2822851,114615
2018-06-30,434.77,463.15,434.51,454.09,157169.20242,70748384.8544428,105384
2018-07-01,454.2,457.77,443.73,452.1,111226.62846,50173671.4201597,78500
2018-07-02,452.14,481.83,444.16,476.25,182585.11018,84408714.7116776,135295
2018-07-03,476.32,486.98,457.0,461.82,186954.55478,88130206.0472561,139942
2018-07-04,461.78,482.7,458.02,467.38,101886.20199,48042056.081608,81396
2018-07-05,467.19,480.0,458.8,467.87,125806.0083,59119270.51983,113667
2018-07-06,467.79,476.0,451.29,470.47,100428.64802,46633547.1690795,94081
2018-07-07,470.48,487.99,461.5,485.57,83629.95382,39311721.8603625,75732
2018-07-08,485.57,495.98,482.05,486.77,144703.13626,70523945.9889119,104195
2018-07-09,486.55,488.98,468.2,471.71,89532.14109,42954426.8383044,75974
2018-07-10,471.73,473.23,427.69,432.48,173640.9762,77742521.1309495,121085
2018-07-11,432.55,452.69,424.2,444.99,159022.59726,69570597.6650943,112252
2018-07-12,444.99,445.36,416.94,431.14,181877.07924,78631113.0291977,111503
2018-07-13,431.14,442.47,424.62,432.46,150320.32532,65466673.8049196,99117
2018-07-14,432.43,440.0,428.26,433.19,122253.69397,53029892.4031811,79509
2018-07-15,433.2,455.0,430.52,449.78,140415.27048,62248916.0599489,78257
2018-07-16,449.79,480.57,444.03,478.49,172440.71343,80398354.4633206,116672
2018-07-17,478.49,512.0,465.29,498.76,215318.06761,104290230.1617882,144066
2018-07-18,498.89,515.47,468.01,479.41,236137.8071,116671540.5152884,173309
2018-07-19,479.4,484.15,462.57,468.57,171308.06705,81153216.4910145,121771
2018-07-20,468.7,471.02,440.0,449.04,160873.38244,73878492.4425278,123785
2018-07-21,449.04,468.97,441.18,460.23,74259.64067,34051603.360423,66636
2018-07-22,460.23,472.2,454.19,457.47,60684.89595,28129475.2138308,53867
2018-07-23,457.47,469.82,447.11,450.05,106561.46081,49054903.2813891,86295
2018-07-24,450.05,484.27,448.47,479.28,158286.759,74269738.417834,112642
2018-07-25,479.24,485.77,464.0,472.1,170475.54936,80868121.1125076,118086
2018-07-26,472.11,485.0,460.0,462.64,173976.2192,82819272.573007,107846
2018-07-27,462.17,474.0,455.84,470.09,198304.79211,92234746.4567679,108861
2018-07-28,470.09,472.0,460.82,469.29,156862.59361,73310723.7766784,81561
2018-07-29,468.44,472.0,461.6,466.4,138747.56334,64627164.9226595,79843
2018-07-30,466.4,469.79,446.1,456.23,179581.79415,82428123.8069293,103093
2018-07-31,456.19,457.3,427.0,432.22,214913.57229,94399725.7513435,117935
2018-08-01,432.2,434.99,406.55,420.41,209570.0844,88066594.0085525,122508
2018-08-02,420.37,425.52,407.43,410.62,178421.10672,74102793.6254267,103504
2018-08-03,410.62,420.01,396.61,417.52,201156.61154,82442762.712497,122785
2018-08-04,417.58,419.53,401.86,407.21,179498.57515,73796154.8038684,102597
2018-08-05,407.21,413.24,400.16,408.79,158913.77206,64593904.8362998,78475
2018-08-06,408.77,413.28,397.08,405.28,166496.42465,67757484.9446498,98135
2018-08-07,405.19,412.76,369.19,378.21,207706.11078,83083795.0458217,123346
2018-08-08,378.2,380.42,347.25,355.48,275047.10788,100391980.194899,170291
2018-08-09,355.48,369.9,350.51,363.3,244268.20567,88131409.5395446,137786
2018-08-10,363.21,365.87,325.95,331.81,264274.13378,93178451.140294,165093
2018-08-11,331.88,332.98,304.45,317.69,335634.67243,106734997.232087,167715
2018-08-12,317.49,327.13,313.42,317.89,135524.79994,43466733.7459554,77747
2018-08-13,317.96,321.99,280.68,283.81,307713.22214,94158006.4889456,141534
2018-08-14,283.81,283.81,250.0,278.41,485174.37541,127753385.0091796,221194
2018-08-15,278.47,304.45,276.3,281.12,438620.64156,126037140.7260448,198830
2018-08-16,281.46,298.6,277.55,287.17,235665.2551,67837020.5066396,116200
2018-08-17,286.84,318.0,285.0,317.51,342556.46068,103050444.6195969,169216
2018-08-18,317.51,321.33,281.79,294.11,384021.38829,115559326.5701996,170896
2018-08-19,294.1,307.4,288.2,299.42,288483.44841,85661942.2884703,118166
2018-08-20,299.3,304.04,269.5,270.51,219153.78936,63253937.4194838,122863
2018-08-21,270.51,285.9,269.7,281.21,224701.57671,62384768.4079815,113749
2018-08-22,281.09,298.89,259.5,270.8,403936.78303,113458567.7931297,177686
2018-08-23,270.68,280.3,267.55,275.99,277304.60909,75819913.1999267,127845
2018-08-24,276.06,283.1,270.22,281.19,271850.21373,75029435.4282871,124399
2018-08-25,281.05,282.71,275.99,277.55,253375.49477,70728357.0054838,107965
2018-08-26,277.54,277.91,268.69,274.29,232525.9497,63548492.8381071,113465
2018-08-27,274.17,288.15,271.59,287.71,281020.64727,77863316.0042758,134261
2018-08-28,287.71,298.0,282.66,295.44,318323.28971,91895213.4638033,171500
2018-08-29,295.44,297.0,283.55,288.4,324275.47324,94515756.4158804,141609
2018-08-30,288.35,291.0,271.88,283.89,336993.14413,94748097.3749351,149454
2018-08-31,283.9,289.0,276.59,281.41,302663.37038,84967488.7108621,124162
2018-09-01,281.46,302.0,281.34,295.71,294944.4401,86146416.3680798,134032
2018-09-02,295.8,299.33,288.87,295.41,153300.06112,45141040.5627157,76484
2018-09-03,295.51,296.62,285.99,289.09,274753.70062,79640131.706311,115284
2018-09-04,289.09,292.64,283.0,285.3,330102.19,94920949.9921153,128936
2018-09-05,285.18,287.62,227.0,228.53,528734.3196,136620123.9591297,218243
2018-09-06,228.28,233.19,212.0,229.7,552996.86567,124860778.3771237,241166
2018-09-07,229.73,234.69,213.5,215.22,398379.81741,88670418.8238684,162430
2018-09-08,215.19,220.2,190.01,196.71,318859.84904,65385376.7893882,111890
2018-09-09,196.87,208.6,185.02,195.81,429255.02592,84861381.2832979,144803
2018-09-10,196.13,203.42,187.1,197.15,418489.86663,81950595.0164879,146713
2018-09-11,197.22,200.2,176.16,185.18,476745.79216,89920137.1965744,163958
2018-09-12,185.14,185.22,167.32,183.12,504047.79165,88384821.0111754,150831
2018-09-13,183.17,215.0,183.15,210.68,739503.34051,147281547.1668909,222128
2018-09-14,210.91,224.2,202.6,208.82,833945.82573,177613712.1035491,249947
2018-09-15,208.55,227.42,207.64,221.29,441046.52933,96594593.5603322,125321
2018-09-16,221.62,223.5,208.1,220.17,425538.57709,92372399.9553208,130886
2018-09-17,220.24,225.0,192.4,196.16,825020.77445,173019109.8734984,224178
2018-09-18,196.25,215.47,193.47,208.17,584366.15014,118777847.5744647,167048
2018-09-19,208.42,214.84,197.58,209.79,496100.46639,103133667.4105173,128769
2018-09-20,209.79,226.68,205.56,224.0,573632.24236,121706784.8174097,172813
2018-09-21,224.0,252.11,220.66,247.73,841029.12948,195225669.8238866,257566
2018-09-22,247.67,255.13,232.7,241.01,423740.7403,102510891.9345569,127522
2018-09-23,241.01,249.73,237.0,244.5,235214.14917,57084614.9280021,86877
2018-09-24,244.54,246.2,225.3,228.06,350139.1505,82504630.5176478,122214
2018-09-25,228.06,228.1,203.61,219.62,710650.7097,151991600.882084,241874
2018-09-26,219.5,223.6,207.5,214.42,613754.27743,132187818.9010536,200388
2018-09-27,214.38,234.0,205.01,229.13,582274.44087,128104933.3932339,185910
2018-09-28,229.1,234.42,215.53,221.84,618434.62488,139637602.098122,196556
2018-09-29,221.89,237.77,214.18,231.62,604000.95586,137238908.3763711,193800
2018-09-30,231.62,239.0,226.5,232.94,432195.44084,100778882.0307922,164400
2018-10-01,233.04,235.88,224.46,231.61,322900.46128,74363466.5209959,120621
2018-10-02,231.62,232.51,223.37,225.69,401305.32707,91706335.3382373,148279
2018-10-03,225.7,226.43,216.51,220.77,275609.26221,60784387.6960889,112473
2018-10-04,220.67,227.16,219.49,222.66,158137.42967,35468959.258357,64786
2018-10-05,222.66,231.75,219.35,228.37,137730.35786,30900558.884435,54454
2018-10-06,228.36,228.86,223.15,225.4,100257.5697,22656352.8166308,35875
2018-10-07,225.39,227.75,221.48,226.14,74733.67253,16774573.6880058,29693
2018-10-08,226.26,232.7,224.21,230.01,210989.42202,48017160.0630845,77786
2018-10-09,230.01,231.02,226.56,228.4,100246.1843,22933859.7906438,42266
2018-10-10,228.4,228.78,224.05,226.74,122748.21412,27773272.1574484,54578
2018-10-11,226.7,226.91,189.01,191.58,497258.82871,101069066.8272607,189200
2018-10-12,191.55,201.87,190.04,196.96,216448.3922,42627353.0764674,90790
2018-10-13,196.96,202.78,196.27,201.3,107215.5262,21498264.311397,45954
2018-10-14,201.39,203.56,194.33,197.01,110554.19361,22180535.0688399,37339
2018-10-15,196.84,239.0,194.6,214.39,973857.7477,212166629.5950726,298845
2018-10-16,214.39,219.95,211.55,215.09,145980.09837,31315676.3229606,83944
2018-10-17,215.2,216.99,210.0,212.85,153768.85024,32834161.5160167,75663
2018-10-18,212.9,215.3,203.53,206.24,150229.60097,31567845.7180902,85942
2018-10-19,206.25,208.0,204.21,205.0,254660.48637,52458006.5146688,84457
2018-10-20,205.1,209.69,203.57,207.91,62376.6968,12936322.3431964,34666
2018-10-21,207.91,211.99,206.74,207.49,83277.36128,17462109.6899969,40862
2018-10-22,207.46,209.3,205.0,206.67,206046.89963,42711588.9238288,72089
2018-10-23,206.67,207.8,202.14,205.85,112753.0414,23146110.0040041,50937
2018-10-24,205.85,207.95,204.73,205.35,97128.82698,20049428.2046269,47453
2018-10-25,205.35,205.94,202.88,203.93,77411.57217,15820355.2048038,37923
2018-10-26,203.84,209.0,203.0,204.92,91143.83291,18707018.7840062,49864
2018-10-27,204.92,206.15,203.09,204.45,50235.68329,10280846.4145438,52419
2018-10-28,204.45,205.94,203.62,204.99,44394.83357,9084565.9157548,37134
2018-10-29,204.99,205.49,195.28,196.96,118281.82272,23671711.3937594,70893
2018-10-30,196.95,198.6,195.91,197.27,83633.81463,16501372.8633176,56433
2018-10-31,197.24,201.45,193.01,198.73,114739.70424,22632315.2602598,68261
2018-11-01,198.7,200.95,197.88,199.96,86097.98629,17116621.5351845,53873
2018-11-02,199.93,203.74,199.34,202.35,97123.22813,19559214.4192249,61401
2018-11-03,202.31,202.69,198.59,200.31,72084.92932,14456528.3775608,46801
2018-11-04,200.27,218.76,199.0,212.11,182534.6216,37959621.568273,112393
2018-11-05,212.13,213.39,207.62,210.66,141432.1406,29714567.4106342,81531
2018-11-06,210.64,221.25,209.11,220.74,197797.49527,42534535.8639938,110906
2018-11-07,220.77,224.8,217.01,219.07,204931.0342,45252424.0852285,105883
2018-11-08,219.06,220.78,212.49,212.79,189828.4945,40931506.148422,93113
2018-11-09,212.79,215.51,209.1,210.77,152215.94686,32309082.1975887,72814
2018-11-10,210.78,215.55,209.02,213.25,131384.47893,28019225.0100827,66005
2018-11-11,213.27,213.99,209.0,212.54,136268.81156,28875079.8849474,66072
2018-11-12,212.6,214.22,210.9,212.89,99963.97203,21271725.1845819,52826
2018-11-13,212.91,213.8,209.2,209.84,114466.36708,24176049.6062305,65826
2018-11-14,209.84,210.3,176.16,187.43,434676.16832,82531353.9766622,187653
2018-11-15,187.43,190.0,170.99,184.35,452416.10784,81674273.8857771,212442
2018-11-16,184.35,185.0,173.0,176.89,241710.34763,43450649.948378,120635
2018-11-17,176.93,177.91,173.94,176.2,144804.70986,25452515.6364988,77570
2018-11-18,176.2,182.94,176.1,178.97,141736.32263,25261184.0928033,68702
2018-11-19,179.04,179.33,146.47,150.81,596789.83916,94639227.0313713,224184
2018-11-20,150.76,154.7,126.95,133.82,996552.28721,139191208.4550928,357568
2018-11-21,133.68,142.01,127.15,138.23,718957.78552,97819681.4905397,246564
2018-11-22,138.36,140.4,125.64,126.63,334674.07185,44837388.4512714,117670
2018-11-23,126.58,128.9,118.56,125.02,504352.24386,62657024.0486937,166040
2018-11-24,125.0,130.81,112.32,114.89,471321.56764,57264800.0665808,153585
2018-11-25,114.83,122.35,102.95,118.67,836233.31252,93723314.1234466,264902
2018-11-26,118.65,121.5,106.41,110.68,679491.73871,77211447.3176539,224345
2018-11-27,110.66,114.31,102.36,111.43,524024.40616,56638056.0091172,179214
2018-11-28,111.38,126.8,111.37,122.9,578552.74124,68485222.4434163,195923
2018-11-29,122.88,124.0,114.78,117.98,478777.39614,57140533.5732648,180848
2018-11-30,117.99,120.26,111.09,113.73,418593.63529,48362085.7818422,153866
2018-12-01,113.71,120.8,111.35,118.1,330159.06742,38614493.6264599,122161
2018-12-02,118.09,120.73,116.0,116.57,273657.6215,32184013.7601348,102151
2018-12-03,116.63,116.96,106.7,108.76,324446.03324,36185196.1948889,115448
2018-12-04,108.76,113.2,106.0,109.94,275321.0063,30365546.7521367,111872
2018-12-05,109.92,110.58,102.38,102.71,354071.53241,37519336.0718317,111602
2018-12-06,102.73,104.68,90.2,91.0,586138.59043,58114721.7510634,188007
2018-12-07,91.18,96.9,82.07,93.05,1030073.58467,90499447.337842,307599
2018-12-08,93.06,98.0,84.55,90.38,698217.12529,63224518.5473893,228982
2018-12-09,90.39,98.7,88.63,93.26,520519.36023,48533111.8520108,158700
2018-12-10,93.26,95.21,88.11,89.91,408573.02929,37180525.4573109,119278
2018-12-11,89.88,91.65,85.83,87.76,339991.84246,30055007.219609,104079
2018-12-12,87.77,91.31,86.63,89.41,285436.04029,25500398.9286536,86407
2018-12-13,89.39,90.71,84.71,86.34,331218.30083,29089359.8313012,94842
2018-12-14,86.35,87.25,82.2,83.82,318003.73427,27041687.8001072,102917
2018-12-15,83.82,85.0,81.79,83.76,217360.65775,18169124.0002302,83696
2018-12-16,83.75,87.64,83.73,84.67,241366.76305,20783723.6930707,78098
2018-12-17,84.68,97.0,84.4,94.02,472252.23388,42965553.4158694,156319
2018-12-18,94.03,101.3,91.34,100.39,529946.79175,50202945.7917017,173951
2018-12-19,100.39,107.55,97.75,98.74,827748.59096,84862730.2333679,258340
2018-12-20,98.73,116.0,97.88,114.05,859612.57205,93128082.5480073,272100
2018-12-21,113.71,118.0,104.76,107.69,666048.71786,74510414.5879752,242389
2018-12-22,107.67,115.5,105.38,115.2,405672.83117,44814571.6096925,159158
2018-12-23,115.18,131.94,114.91,129.03,936094.1049,118250392.5550972,302293
2018-12-24,129.03,157.67,128.8,138.03,1319609.8165,190137361.0658773,426763
2018-12-25,138.01,139.26,119.68,127.6,1076164.12809,136600862.0426763,328349
2018-12-26,127.61,135.32,122.51,129.35,794834.05601,102196717.3950557,258222
2018-12-27,129.35,131.09,111.22,113.8,752177.90111,90456912.8883521,230428
2018-12-28,113.75,136.66,111.87,135.3,894454.19051,111865576.4977578,248671
2018-12-29,135.3,145.42,128.5,132.89,1006654.49844,136479145.9423473,291165
2018-12-30,133.0,139.0,127.03,137.77,704259.41614,94804050.4933616,232606
2018-12-31,137.81,138.66,128.7,131.45,484604.83962,64763118.1166383,157669
2019-01-01,131.45,140.67,130.0,139.1,401776.88797,54280385.598127,125799
2019-01-02,139.1,155.37,137.76,152.01,941486.31524,138801471.1186518,253070
2019-01-03,152.01,153.64,143.11,146.3,708091.31714,104953535.1485126,206600
2019-01-04,146.3,154.8,143.54,151.97,805248.93821,120827141.5442279,224385
2019-01-05,152.08,159.26,151.2,152.83,773169.13736,120238339.7822187,231172
2019-01-06,152.83,157.4,147.51,153.86,627908.47366,95681339.4600648,204337
2019-01-07,153.89,155.48,147.86,149.34,424765.30258,64310962.9190328,157568
2019-01-08,149.29,151.65,145.2,147.6,441661.06778,65535529.7557393,170585
2019-01-09,147.62,151.5,146.77,148.1,299443.563,44673066.391582,125358
2019-01-10,148.11,149.45,121.0,124.95,871751.75038,114437025.2827277,290765
2019-01-11,124.96,127.36,120.08,124.65,545293.98369,67782816.3375987,197047
2019-01-12,124.67,126.19,122.0,123.35,300262.13404,37295866.3538343,122024
2019-01-13,123.35,124.25,111.87,114.16,422561.96777,49521201.2764662,137005
2019-01-14,114.17,130.05,113.94,126.95,546420.40854,66801543.3050366,181074
2019-01-15,126.95,129.4,116.0,118.95,649020.5297,79985529.5587708,200989
2019-01-16,118.93,126.88,118.52,121.48,513486.65472,62314225.9960432,192912
2019-01-17,121.49,122.99,116.8,121.54,447535.22716,53854069.2105117,169098
2019-01-18,121.56,121.98,117.66,119.17,235646.684,28305971.6688854,112833
2019-01-19,119.16,125.29,119.14,122.6,323303.79296,39715159.1649606,117187
2019-01-20,122.61,123.32,115.68,117.47,451792.85352,53833668.9066349,164941
2019-01-21,117.56,118.5,113.61,115.63,303632.93463,35258073.4282649,119538
2019-01-22,115.62,119.49,111.39,117.81,359542.63873,41777737.4704705,134797
2019-01-23,117.8,118.95,114.8,116.44,230247.61578,26975386.3924584,102993
2019-01-24,116.4,117.15,113.61,116.39,216242.29829,25044265.7542041,90622
2019-01-25,116.4,117.5,114.3,115.11,198617.08108,22977175.9541193,85660
2019-01-26,115.13,118.0,115.0,115.34,146216.82819,16978386.1972377,68368
2019-01-27,115.32,116.15,111.04,112.05,247369.60555,28158012.7304768,97152
2019-01-28,112.04,112.87,100.91,105.5,566205.78288,60050129.3863579,177547
2019-01-29,105.49,106.61,102.22,104.45,319768.91348,33427469.3450618,129221
2019-01-30,104.41,109.8,103.45,108.29,330968.19265,35368520.135571,118866
2019-01-31,108.29,110.61,105.46,106.44,290679.61935,31234353.515393,102532
2019-02-01,106.47,108.35,103.77,106.73,243149.88435,25791535.1460238,86314
2019-02-02,106.71,111.15,106.07,110.42,186908.7573,20153872.302919,67351
2019-02-03,110.41,111.11,105.82,107.36,227211.54064,24605892.2887283,78309
2019-02-04,107.33,109.3,106.57,107.68,160850.10293,17312736.6001502,65698
2019-02-05,107.65,108.18,106.47,107.27,159730.1886,17137008.2478395,68422
2019-02-06,107.28,107.83,101.21,104.5,337204.30254,34984364.2970212,113955
2019-02-07,104.49,106.18,103.82,104.48,147942.07683,15530160.6471066,68959
2019-02-08,104.48,123.0,103.41,119.25,589950.64925,67027886.9398639,177364
2019-02-09,119.32,121.99,117.64,119.19,328067.9574,39061582.3914826,118457
2019-02-10,119.19,126.49,115.81,125.12,385819.09619,45929459.1290131,146060
2019-02-11,125.12,125.28,119.24,120.89,389405.30404,47197595.845191,129000
2019-02-12,120.88,123.89,118.18,122.41,343765.66987,41603632.811699,114396
2019-02-13,122.4,126.47,120.7,121.86,317827.31956,39073077.8391656,122122
2019-02-14,121.86,124.5,120.1,120.42,297205.78738,36278326.0774455,101574
2019-02-15,120.47,124.25,120.19,121.67,255296.0814,31111280.2093057,100464
2019-02-16,121.66,124.99,121.54,122.67,215320.70134,26462034.6125396,84959
2019-02-17,122.67,135.61,122.43,133.75,614788.60078,78958054.9589805,162769
2019-02-18,133.77,148.3,132.42,145.69,1079830.1502,152756654.6454775,299772
2019-02-19,145.69,150.0,142.36,143.44,747968.90445,109645050.4660972,232384
2019-02-20,143.45,149.52,139.6,148.44,614303.61007,89136482.3716519,191505
2019-02-21,148.42,149.61,142.7,145.69,447364.40873,65199779.5124385,148898
2019-02-22,145.68,148.85,143.85,147.36,366251.18542,53771600.8025665,129247
2019-02-23,147.4,159.6,145.78,157.79,588183.72896,89997516.9234365,172084
2019-02-24,157.75,166.0,131.7,132.1,1260506.80672,186688063.414179,351943
2019-02-25,132.1,141.55,131.89,137.87,801147.09543,110348892.9700245,243536
2019-02-26,137.88,138.41,133.72,136.22,432944.17033,58979934.7160016,145787
2019-02-27,136.22,140.29,126.84,135.02,567202.61035,76519497.9080148,158709
2019-02-28,135.03,139.0,132.1,135.34,579327.31749,78861797.5593921,183737
2019-03-01,135.32,137.95,134.9,135.32,302632.02831,41198722.5798789,103403
2019-03-02,135.32,136.12,130.03,132.56,297005.28093,39467507.6857296,113241
2019-03-03,132.54,134.6,128.01,130.6,222453.2859,29447917.2382588,86648
2019-03-04,130.6,131.11,122.6,125.65,403947.79445,51060349.7665833,140132
2019-03-05,125.68,137.84,125.19,136.72,512631.23178,67740644.3311417,155818
2019-03-06,136.71,140.29,133.33,137.4,428826.87415,58701328.649431,136000
2019-03-07,137.37,140.2,135.2,136.81,307336.4931,42271691.2428617,114687
2019-03-08,136.82,139.34,130.62,133.52,330283.58233,44879637.3870354,113160
2019-03-09,133.51,138.65,132.93,137.27,279861.12049,38220614.005662,111544
2019-03-10,137.27,137.5,134.0,135.37,203965.16815,27650702.3793393,90905
2019-03-11,135.37,136.15,131.0,132.67,264587.00683,35285847.7482702,101371
2019-03-12,132.67,135.3,130.77,133.57,194905.96843,25981446.1033466,74222
2019-03-13,133.62,133.65,130.58,131.65,209456.09848,27670734.4309227,87617
2019-03-14,131.69,135.11,128.52,132.2,258413.81868,34099414.8055834,99000
2019-03-15,132.24,137.62,132.18,136.56,295832.26562,39928522.3372778,103920
2019-03-16,136.6,144.47,136.51,140.92,474664.10197,66878173.4518186,149612
2019-03-17,140.94,141.07,137.2,138.67,252697.08148,35051209.9303395,88617
2019-03-18,138.67,142.01,136.1,137.59,281718.96195,39017864.9224565,94109
2019-03-19,137.62,139.38,136.97,138.55,218577.45208,30175322.0784989,82348
2019-03-20,138.56,139.66,136.01,139.01,222883.51754,30757997.8115518,83814
2019-03-21,139.04,139.55,131.21,134.85,312531.39368,42635937.4891712,113797
2019-03-22,134.85,137.2,134.29,135.98,186119.74745,25309122.7264498,79782
2019-03-23,135.92,138.21,135.6,137.28,174710.43059,23922572.3588934,73884
2019-03-24,137.28,137.37,134.75,136.09,198490.45124,27042322.6952009,82361
2019-03-25,136.12,136.83,131.6,133.98,230880.285,31082445.5932449,98246
2019-03-26,133.97,134.74,132.27,134.18,183139.11426,24490323.0607397,86841
2019-03-27,134.14,140.14,133.84,139.45,317167.45325,43635238.4289265,119271
2019-03-28,139.46,139.57,137.3,137.86,163185.6991,22543474.6122913,73225
2019-03-29,137.85,143.6,137.62,143.25,235853.0454,33098245.9556135,94717
2019-03-30,143.25,145.89,140.06,142.46,254798.70067,36382647.2268952,97751
2019-03-31,142.44,142.5,140.42,141.38,142469.21171,20131931.6990724,65047
2019-04-01,141.41,143.08,139.57,141.24,234310.19161,33234998.6438733,90705
2019-04-02,141.24,165.6,141.0,163.31,906868.8586,138094679.3020432,289637
2019-04-03,163.26,177.81,149.23,159.96,1345344.53845,225523896.2014656,423036
2019-04-04,159.96,164.0,152.8,157.36,686080.95248,109082183.5877348,242989
2019-04-05,157.33,167.83,155.94,164.77,516070.34553,84123101.326904,175261
2019-04-06,164.84,172.77,159.2,165.5,528168.33297,87657058.1149817,163384
2019-04-07,165.56,175.43,164.06,174.21,465507.52497,78876773.2967177,161529
2019-04-08,174.29,185.87,170.9,178.72,873410.07285,156417981.3021178,272413
2019-04-09,178.71,179.17,171.05,174.6,431986.36108,75745619.5720787,156659
2019-04-10,174.58,183.77,168.0,177.12,523943.20498,93283836.587114,171960
2019-04-11,177.12,177.48,158.27,164.07,661305.30321,110201659.9478763,224876
2019-04-12,164.06,166.5,158.11,163.19,316337.87823,51556919.1461367,124732
2019-04-13,163.2,165.37,160.74,162.99,179237.74574,29247030.1526373,75202
2019-04-14,162.99,168.11,161.2,167.23,186977.66211,30640985.0609499,72468
2019-04-15,167.21,168.81,155.7,159.95,351548.9079,57215098.1117043,113590
2019-04-16,159.91,166.73,159.41,165.37,240370.50441,39245823.494595,82937
2019-04-17,165.41,167.28,163.78,165.75,227841.54981,37678036.5964673,85475
2019-04-18,165.75,175.2,165.04,173.33,396118.94407,68031293.2325779,114728
2019-04-19,173.34,173.55,168.59,172.64,320541.72166,54991300.1097207,104551
2019-04-20,172.66,176.97,169.87,172.88,253596.48407,43939979.0160537,94403
2019-04-21,172.89,173.48,164.82,168.59,283450.43943,47781349.4020958,108394
2019-04-22,168.59,172.3,167.0,170.52,269868.39876,45832751.057015,96396
2019-04-23,170.52,175.83,167.78,169.16,363523.34531,62784241.170476,126520
2019-04-24,169.15,169.87,159.26,164.78,426497.04153,70076178.2845027,154469
2019-04-25,164.78,165.49,150.35,154.72,422657.03239,67326464.6484704,139927
2019-04-26,154.7,162.56,151.4,157.95,500355.86283,78334214.8744062,162730
2019-04-27,157.93,166.24,156.35,159.31,215918.63842,34294277.9954465,89809
2019-04-28,159.32,160.24,156.92,157.85,152976.30181,24304182.1410825,72048
2019-04-29,157.86,159.05,152.0,155.11,243591.94898,37892463.2904875,98779
2019-04-30,155.14,162.89,155.11,161.83,305056.24653,48352308.3471109,109233
2019-05-01,161.85,163.88,158.36,160.19,192517.62763,30965351.6968463,88509
2019-05-02,160.2,163.48,158.5,161.81,289519.02025,46716417.0127823,97201
2019-05-03,161.82,170.86,160.99,168.06,416357.52123,69185162.5971677,136042
2019-05-04,168.1,171.3,159.76,163.7,312928.58349,51596174.4008955,115264
2019-05-05,163.71,165.36,159.18,163.05,176029.10445,28659516.7862457,79825
2019-05-06,163.05,178.05,157.55,173.0,506528.14278,86112232.475863,151543
2019-05-07,172.98,182.76,167.89,169.18,732496.87861,129206700.1276838,208268
2019-05-08,169.07,173.17,164.8,170.85,296436.29384,50312349.784776,108814
2019-05-09,170.88,173.88,166.57,170.9,284663.99456,48482365.5414184,111190
2019-05-10,170.96,176.7,168.46,172.91,425543.74021,73717438.6539584,142024
2019-05-11,172.92,205.23,172.92,190.2,885292.38389,167180496.7623297,246217
2019-05-12,190.2,204.32,181.0,188.11,823372.28148,157611011.7252508,228585
2019-05-13,188.07,206.87,185.32,195.84,669265.46524,131102303.1385697,190439
2019-05-14,195.83,219.81,194.19,216.4,864211.00603,179717430.3107268,248577
2019-05-15,216.4,250.27,216.21,248.1,574697.29927,135054369.6175697,176272
2019-05-16,248.06,279.76,241.76,264.25,1733360.8936,452410350.051738,553635
2019-05-17,264.35,268.74,223.43,244.3,1529892.56898,366429299.2028029,517016
2019-05-18,244.31,248.0,230.62,233.6,673218.09982,160450040.8069193,236314
2019-05-19,233.57,264.0,231.77,259.51,823859.06342,207383027.8264837,285496
2019-05-20,259.37,259.49,238.0,250.37,666889.82241,165783106.0770302,246484
2019-05-21,250.48,262.0,246.06,253.43,580249.69753,146749988.2737374,229662
2019-05-22,253.35,260.18,239.63,243.64,592848.95605,149006735.6421766,208482
2019-05-23,243.68,247.34,231.1,244.56,600193.89368,144051488.877393,198869
2019-05-24,244.63,254.35,241.54,248.87,447066.92596,111294049.3667149,171482
2019-05-25,248.84,257.33,247.22,250.22,332544.38731,83665127.8436946,125719
2019-05-26,250.17,269.4,245.11,264.45,450090.22324,115089467.7879579,159525
2019-05-27,264.35,279.59,260.0,270.53,635463.50204,170250734.8917526,246768
2019-05-28,270.7,275.95,264.45,271.03,409443.69364,110617403.6892461,181468
2019-05-29,271.08,274.04,260.05,268.83,383412.45769,102868997.4320186,173915
2019-05-30,268.92,288.62,240.14,254.56,1066279.49387,289930479.3621191,368300
2019-05-31,254.59,268.72,245.21,267.9,602153.87244,154783065.7707739,253604
2019-06-01,267.9,275.5,260.68,264.33,455676.98613,121851235.7591843,182844
2019-06-02,264.33,273.2,263.2,268.88,301536.15062,80960737.4054672,138349
2019-06-03,268.87,270.0,248.0,249.91,397360.65275,103602836.6837421,193998
2019-06-04,250.02,251.67,234.39,241.39,633822.71246,154709331.2941874,270568
2019-06-05,241.46,250.41,237.37,245.63,335953.37927,81839286.6165841,173428
2019-06-06,245.62,250.66,235.01,248.76,297579.14734,72417630.0041218,146839
2019-06-07,248.77,253.28,243.46,248.77,353378.6568,87644279.2486556,149700
2019-06-08,248.78,250.53,240.37,243.25,188448.27748,46293916.7909609,108260
2019-06-09,243.33,244.53,226.56,230.98,316931.85638,74594101.4163109,147025
2019-06-10,231.02,247.45,227.03,246.51,314662.52637,75090336.6626488,162704
2019-06-11,246.61,247.8,236.49,244.29,237508.42798,57549753.7376492,133083
2019-06-12,244.36,261.87,242.2,261.15,336499.3016,84660448.5685657,171468
2019-06-13,261.13,262.98,253.69,254.67,291757.21635,75447391.0373403,159838
2019-06-14,254.67,264.26,251.75,262.47,327383.28236,84045849.5425799,175229
2019-06-15,262.48,272.27,260.61,267.82,286594.98029,76053046.5533358,146902
2019-06-16,267.78,277.06,263.31,267.73,458176.54236,123848161.4689518,206212
2019-06-17,267.73,276.0,266.81,273.16,339277.66707,91807270.7108816,185899
2019-06-18,273.14,273.58,261.45,264.66,319941.55156,85335852.9315235,184954
2019-06-19,264.68,270.0,263.59,268.14,208375.68381,55665919.1543959,111358
2019-06-20,268.16,273.63,265.71,271.22,200717.7737,53998507.956007,130438
2019-06-21,271.27,295.94,271.22,294.35,519818.06907,148641528.5342657,240649
2019-06-22,294.25,314.39,289.69,310.79,726254.67061,222036096.3352611,336414
2019-06-23,310.7,321.7,305.58,308.52,418812.02747,131252843.5293641,241819
2019-06-24,308.42,314.41,298.0,311.64,352791.26964,108439071.6445221,185588
2019-06-25,311.65,318.99,307.0,318.26,345559.65047,108143161.2256218,183415
2019-06-26,318.29,366.8,315.57,339.39,1008551.28721,341534154.5328709,477973
2019-06-27,339.53,347.0,280.01,298.35,1016826.449,315174509.7084831,449424
2019-06-28,298.35,313.58,295.22,311.05,529174.47722,161838706.7872334,260039
2019-06-29,310.95,324.74,295.18,317.62,425555.16264,130425514.0458484,233883
2019-06-30,317.64,323.5,290.12,292.7,489028.56835,149527443.5798294,265958
2019-07-01,292.89,303.49,280.13,295.07,489769.27421,142871936.7587887,247035
2019-07-02,295.03,297.57,272.65,291.48,493772.96579,140020251.9277511,255019
2019-07-03,291.47,302.89,285.0,301.14,370521.96637,109262202.2252374,203286
2019-07-04,301.11,302.74,280.53,282.73,270791.36878,79507234.7409,155911
2019-07-05,282.86,294.89,280.78,287.47,261139.28341,75165110.6986579,151476
2019-07-06,287.32,296.71,285.28,288.29,196064.64705,57137782.5984704,122419
2019-07-07,288.29,309.69,284.25,304.72,246111.36595,73170809.7629514,146592
2019-07-08,304.72,313.74,300.78,311.97,289607.34177,88890021.7460584,156865
2019-07-09,311.96,318.19,302.69,307.46,309447.34927,96199378.5403265,183056
2019-07-10,307.46,314.18,281.04,289.23,457080.94063,135779813.6086586,241966
2019-07-11,289.23,289.23,262.12,268.63,501592.75211,136450969.6452713,278211
2019-07-12,268.67,278.99,266.21,274.62,266734.54213,72743548.0414527,150653
2019-07-13,274.53,275.04,262.2,268.79,205959.26849,55323572.09371,132115
2019-07-14,268.8,269.74,222.81,225.85,540052.58421,130785858.9998518,260313
2019-07-15,225.83,235.58,203.08,228.2,715991.20688,159784811.6372373,320571
2019-07-16,228.2,234.5,192.25,198.88,715604.83198,151473621.6451511,315783
2019-07-17,198.94,219.86,191.84,210.81,694854.10132,143020071.9619188,306708
2019-07-18,210.8,229.65,205.71,225.73,609081.49094,132637638.7901553,264573
2019-07-19,225.75,226.23,212.52,220.73,371622.21865,81600507.572648,178357
2019-07-20,220.84,235.09,219.78,228.2,325393.97225,74182517.2396253,158590
2019-07-21,228.25,229.66,216.99,225.38,270046.1519,60421739.0469762,149561
2019-07-22,225.49,228.34,212.25,217.51,271310.40446,59602149.0419698,155651
2019-07-23,217.59,219.55,208.36,212.48,317876.48242,67930201.6731321,169515
2019-07-24,212.55,218.28,202.0,216.31,331162.6484,69281797.0165171,188919
2019-07-25,216.31,225.12,215.23,219.14,280370.29627,62017449.3573358,167223
2019-07-26,219.14,220.0,212.71,218.81,197781.98653,42839496.5355307,133271
2019-07-27,218.81,223.3,203.0,207.3,301209.41113,63931823.1551626,180170
2019-07-28,207.3,213.52,198.24,211.62,218801.16693,45414505.7900188,132599
2019-07-29,211.58,215.83,206.59,210.89,226941.28,47853275.1272464,133256
2019-07-30,210.84,214.36,204.4,209.58,222683.79393,46627086.4841072,129043
2019-07-31,209.57,218.79,209.2,218.42,207213.55658,44416634.9002688,122971
2019-08-01,218.42,219.39,210.54,216.84,186806.18844,40054998.6824046,116919
2019-08-02,216.8,222.18,214.31,217.61,206867.03039,45116694.8592759,123571
2019-08-03,217.69,224.51,216.62,222.14,181591.95296,40285734.5319214,110659
2019-08-04,222.14,223.34,216.9,221.79,135622.0258,29836777.6913328,90502
2019-08-05,221.79,236.25,221.79,233.54,307956.27211,70962003.8432999,173092
2019-08-06,233.53,239.15,223.03,226.28,341279.08159,78590684.0215889,172932
2019-08-07,226.31,231.25,220.95,226.1,279104.7037,63135096.4855769,159413
2019-08-08,226.11,228.5,215.51,221.39,236886.35423,52730777.0692849,132568
2019-08-09,221.38,221.79,207.3,210.53,232062.12757,49415315.754676,140538
2019-08-10,210.52,215.0,202.6,206.48,252614.02389,52534644.5700389,142706
2019-08-11,206.48,216.94,206.14,216.42,188474.09048,39875149.5480282,112904
2019-08-12,216.41,216.81,209.75,211.41,122760.94619,26091487.959004,85543
2019-08-13,211.58,214.3,204.0,209.3,166922.48201,34861802.3965168,102967
2019-08-14,209.31,209.9,183.49,187.1,325228.98931,63597043.1885792,171181
2019-08-15,187.08,189.95,181.23,188.03,237953.09426,44183760.7061055,119008
2019-08-16,187.98,188.39,178.04,184.88,282177.01584,51945182.4708607,150695
2019-08-17,184.83,187.0,181.83,185.59,138799.61508,25599796.9046516,101721
2019-08-18,185.67,197.91,183.35,194.33,175363.5062,33655229.0922308,102057
2019-08-19,194.32,203.59,192.7,202.28,239541.5978,47675347.062822,116606
2019-08-20,202.24,202.75,194.45,196.6,189297.75494,37412398.975662,109559
2019-08-21,196.55,197.2,179.53,187.45,284973.64194,53434048.9529292,150215
2019-08-22,187.45,195.14,182.8,190.35,245575.98772,46426395.0486722,160105
2019-08-23,190.36,196.19,188.16,194.02,192548.51552,37022930.5704567,128090
2019-08-24,194.02,194.09,185.63,190.6,167806.34294,31786227.8626633,104191
2019-08-25,190.6,192.4,182.8,186.54,169862.91522,31935951.290364,103115
2019-08-26,186.54,193.7,186.0,188.67,254397.79472,48298621.3154217,130551
2019-08-27,188.61,189.49,184.75,187.24,157898.563,29513243.50055,96138
2019-08-28,187.3,188.25,166.48,173.03,334480.61761,59498959.9665215,146334
2019-08-29,173.03,173.5,163.61,169.01,295241.216,49838097.1661885,142645
2019-08-30,169.03,170.77,165.55,168.5,238616.68868,40216956.5994906,114316
2019-08-31,168.48,174.98,165.63,171.57,194999.19583,32983642.8432588,101425
2019-09-01,171.52,173.42,167.61,170.74,191140.52368,32627380.9318131,93036
2019-09-02,170.73,181.0,170.02,178.05,294627.31247,51446380.4485707,116596
2019-09-03,178.0,183.0,174.09,178.75,327857.85447,58621819.3554533,147758
2019-09-04,178.79,180.14,173.0,174.72,286226.25171,50629395.4918831,140298
2019-09-05,174.7,176.19,168.1,173.75,232753.83596,40247496.5629039,123424
2019-09-06,173.74,177.87,165.0,169.08,315822.37984,54567316.6059573,146974
2019-09-07,169.11,180.8,168.3,177.62,253831.23169,44282963.3065402,134155
2019-09-08,177.58,184.18,176.13,181.19,290083.47501,52424648.7184664,143793
2019-09-09,181.18,185.38,176.01,180.54,273729.94868,49340881.2345897,140362
2019-09-10,180.52,184.36,177.0,179.81,238387.50999,43067898.9051214,116866
2019-09-11,179.87,182.8,173.0,178.28,278555.46708,49657474.9751696,130317
2019-09-12,178.3,182.38,176.62,180.72,203543.13663,36419973.2297372,102872
2019-09-13,180.71,181.38,177.54,180.95,264422.54059,47382425.1919217,109752
2019-09-14,180.96,188.79,179.75,188.13,279371.83423,51424561.3917001,113052
2019-09-15,188.14,190.45,185.76,189.03,288928.60827,54373471.3852245,106052
2019-09-16,189.05,199.44,188.3,197.22,551006.81686,106449156.0300247,166031
2019-09-17,197.23,215.13,195.74,207.84,715863.2262,145945114.8695818,214041
2019-09-18,207.85,217.27,207.66,210.21,539028.51013,114703107.2717186,182943
2019-09-19,210.27,223.94,202.3,220.24,844358.82155,179595728.8138375,230867
2019-09-20,220.26,221.54,212.05,218.03,437804.12669,95069640.6241525,133129
2019-09-21,218.01,221.5,213.2,215.05,417891.5242,90638548.2352924,105391
2019-09-22,215.04,215.61,206.1,211.2,445388.94787,93662351.5045333,108397
2019-09-23,211.2,211.68,198.65,201.29,392437.07084,80922890.4608859,121866
2019-09-24,201.25,202.98,150.03,165.81,1478218.82714,263412071.5312026,383778
2019-09-25,165.72,174.85,161.88,169.96,879001.46213,147619414.1358966,251456
2019-09-26,169.96,171.01,152.11,165.92,779942.17148,127948136.2708905,202020
2019-09-27,165.92,176.72,161.03,173.79,634932.96707,106461443.899721,183611
2019-09-28,173.83,175.49,168.0,173.49,521775.46593,90120971.1669136,159337
2019-09-29,173.5,174.5,164.12,169.24,410855.12176,69327213.6474489,136438
2019-09-30,169.26,181.24,165.01,180.85,580295.3997,100443187.7716862,175354
2019-10-01,180.89,185.53,173.19,175.66,609972.52717,109365005.3617921,168529
2019-10-02,175.65,181.29,173.65,180.24,348268.1162,61530973.8042317,96660
2019-10-03,180.24,180.72,169.55,174.69,354756.78478,62001237.4817829,101114
2019-10-04,174.71,178.98,170.74,175.55,333897.63876,58470302.1445434,89655
2019-10-05,175.55,176.71,172.02,176.25,278488.61771,48647162.438982,90341
2019-10-06,176.23,177.04,167.68,170.1,314932.39629,54241930.1254795,114662
2019-10-07,170.08,182.32,168.68,179.85,496523.48038,87617964.5675863,159802
2019-10-08,179.88,184.87,177.0,180.6,400832.37828,72432729.9845929,139925
2019-10-09,180.61,195.53,178.96,192.62,562506.82189,105551736.4844096,182290
2019-10-10,192.61,194.2,186.88,191.14,436588.58452,83367952.3933486,150166
2019-10-11,191.18,196.65,179.41,180.72,621693.63125,115872479.7661273,181427
2019-10-12,180.65,184.64,177.59,179.68,290415.22038,52895345.3826257,118775
2019-10-13,179.65,184.95,178.52,180.99,247589.23231,45067340.4221513,113448
2019-10-14,180.98,187.54,180.43,186.72,279732.84612,51494870.2773636,123915
2019-10-15,186.7,188.37,175.96,180.49,405466.38109,73998014.4472151,155734
2019-10-16,180.52,181.44,171.81,174.47,347764.93459,61180262.7759032,151051
2019-10-17,174.52,178.96,172.61,177.16,298795.8198,52578052.9440327,133295
2019-10-18,177.17,177.44,168.66,172.74,319602.48508,55285684.61343,139612
2019-10-19,172.78,174.98,169.44,171.79,296918.73026,51269466.0425387,127763
2019-10-20,171.84,176.88,169.21,175.22,299141.07152,51654250.0652548,125469
2019-10-21,175.18,177.9,171.59,173.98,270608.51385,47204344.2406268,128045
2019-10-22,174.0,175.04,170.3,171.2,255429.41624,44176123.2085981,123180
2019-10-23,171.19,171.49,153.45,162.35,746955.09806,121126428.2285973,238790
2019-10-24,162.35,163.72,158.72,160.38,387310.83766,62419095.1068171,159778
2019-10-25,160.39,187.78,160.25,181.5,904832.86059,157496890.7226022,267143
2019-10-26,181.53,197.74,173.8,179.49,1211737.43684,222906937.7909978,373782
2019-10-27,179.42,188.7,176.22,183.75,724423.40525,132329593.3936198,262415
2019-10-28,183.84,189.48,180.35,181.72,582179.44545,106933716.670613,225343
2019-10-29,181.67,192.74,181.26,190.46,529964.5054,99024969.8434844,212841
2019-10-30,190.45,191.71,179.28,183.13,537770.43056,99508269.890319,194946
2019-10-31,183.14,185.27,177.66,182.18,410969.86104,74696032.7315675,167038
2019-11-01,182.19,184.5,177.02,182.85,331519.76963,60092727.1391759,154534
2019-11-02,182.86,186.0,181.53,182.91,179864.39739,32936676.7082053,107048
2019-11-03,182.9,184.7,178.95,181.54,232621.52147,42260620.3770286,109861
2019-11-04,181.53,188.64,180.36,185.71,321175.29134,59357371.3141338,147624
2019-11-05,185.71,192.51,182.22,188.68,389668.6472,73036074.7809727,184562
2019-11-06,188.65,195.09,187.72,191.16,343219.9224,65471595.2070074,160110
2019-11-07,191.16,192.27,184.59,186.68,309882.08206,58150631.2768295,152881
2019-11-08,186.67,188.26,181.41,183.74,365029.75027,67305417.4050575,167904
2019-11-09,183.71,185.79,182.63,184.89,192073.38044,35441967.7656995,112521
2019-11-10,184.86,191.58,183.3,188.96,274940.53448,51648623.2863399,133008
2019-11-11,188.96,190.19,184.06,184.98,255579.93429,47746876.4565624,128079
2019-11-12,184.98,187.65,182.41,187.09,256782.63119,47636043.3528847,124488
2019-11-13,187.09,189.66,185.3,188.11,197273.84001,36936429.9359435,89631
2019-11-14,188.07,188.72,183.34,184.92,245505.29971,45523714.0985551,114266
2019-11-15,184.93,186.7,177.67,180.0,407466.78964,74217250.1727187,156868
2019-11-16,179.99,183.46,179.3,182.37,172801.52576,31378510.0153897,89596
2019-11-17,182.37,186.09,180.0,183.82,198892.4372,36509968.6991013,93753
2019-11-18,183.82,184.06,175.01,178.2,293551.23632,52985734.2807839,131823
2019-11-19,178.2,178.52,172.65,175.94,275886.6411,48414106.9569336,125824
2019-11-20,175.93,177.41,173.5,174.72,216315.93309,38001672.1930986,106534
2019-11-21,174.75,175.85,157.26,161.01,473895.92992,78641896.2303806,178521
2019-11-22,161.02,162.79,138.0,149.56,977977.23794,147595324.5643929,324167
2019-11-23,149.55,154.33,146.11,151.84,369721.0996,55595157.5640424,177816
2019-11-24,151.84,152.86,138.62,139.96,352319.21558,51503705.1777392,158774
2019-11-25,139.99,151.5,131.45,145.69,749675.41303,106186791.3371651,238649
2019-11-26,145.81,149.97,143.37,147.47,354023.04298,51873405.0392909,132207
2019-11-27,147.47,155.54,140.84,152.62,564796.4284,83505998.0548896,192325
2019-11-28,152.61,154.63,149.09,150.72,317714.56326,48324220.6205619,124573
2019-11-29,150.69,157.6,150.23,154.57,328712.25558,50649319.1209473,129774
2019-11-30,154.54,155.25,149.7,151.37,226863.41299,34617912.1786886,96632
2019-12-01,151.43,152.49,145.79,150.73,344178.14088,51148792.0829982,125550
2019-12-02,150.72,151.42,146.71,148.65,233839.0973,34768563.4718647,107070
2019-12-03,148.66,149.93,145.77,147.17,196329.22503,29061161.1017757,87660
2019-12-04,147.19,151.98,143.15,145.38,434490.46521,63849308.2935722,149685
2019-12-05,145.45,149.02,143.64,148.1,299073.53972,43777241.5908236,111694
2019-12-06,148.11,149.77,145.74,148.45,220674.68581,32549526.3995979,90076
2019-12-07,148.46,149.49,146.85,147.14,140471.68588,20799551.3456956,70677
2019-12-08,147.16,151.62,146.11,150.44,205301.6026,30606289.2853915,79766
2019-12-09,150.44,151.19,146.56,147.38,243775.99249,36345702.3480885,92204
2019-12-10,147.4,148.57,143.81,145.56,203215.84937,29746845.4324287,85725
2019-12-11,145.53,146.34,142.12,143.39,157843.10484,22772651.1681289,69834
2019-12-12,143.41,145.85,139.24,144.87,261615.30437,37425277.0381235,99231
2019-12-13,144.87,146.0,142.8,144.8,160695.18556,23203419.9616187,90805
2019-12-14,144.8,145.07,141.18,141.79,126232.59201,18027581.3595459,76951
2019-12-15,141.79,144.12,139.92,142.46,151189.65877,21495196.818885,77131
2019-12-16,142.46,142.72,127.93,132.73,471018.85942,63632055.5849407,153717
2019-12-17,132.72,132.98,119.11,121.88,563257.36001,71709329.2689193,178977
2019-12-18,121.88,134.87,116.26,132.78,884960.91334,110566290.5693325,252627
2019-12-19,132.8,134.0,125.69,128.1,420674.8172,53766864.1851899,154222
2019-12-20,128.1,129.39,125.84,128.19,213897.4673,27266605.4848642,90922
2019-12-21,128.19,128.4,126.5,126.99,135196.11641,17199278.7946842,64847
2019-12-22,127.0,133.07,126.82,132.09,253140.72413,32938501.021757,91028
2019-12-23,132.12,135.1,126.0,127.8,421600.75655,55501305.920123,145867
2019-12-24,127.8,129.69,126.61,127.75,200637.10098,25667665.1420103,87657
2019-12-25,127.7,127.84,123.07,125.09,225004.4909,28144469.160729,93397
2019-12-26,125.09,132.26,124.32,125.58,274986.52097,34943780.9092039,103034
2019-12-27,125.58,127.1,121.91,126.29,240012.37451,30020098.8891311,102142
2019-12-28,126.28,129.68,125.84,128.11,196893.52277,25177121.1470641,82441
2019-12-29,128.11,138.07,127.52,134.36,316347.26666,41893078.3622121,115498
2019-12-30,134.36,136.24,130.3,131.59,320347.21956,42636559.3824152,101293
2019-12-31,131.61,133.68,128.17,129.16,264933.98418,34678632.1795937,95085
2020-01-01,129.16,133.05,128.68,130.77,144770.52197,18952318.5320643,75888
2020-01-02,130.72,130.78,126.38,127.19,213757.05806,27486853.3948215,96193
2020-01-03,127.19,135.14,125.88,134.35,413055.18895,54139288.2165768,162310
2020-01-04,134.37,135.85,132.5,134.2,184276.17102,24641135.568953,95488
2020-01-05,134.2,138.19,134.19,135.37,254120.45343,34593687.6032748,115106
2020-01-06,135.37,144.41,134.86,144.15,408020.27375,57400544.487257,159866
2020-01-07,144.14,145.31,138.76,142.8,447762.17281,63861666.4047594,188444
2020-01-08,142.8,147.77,137.03,140.72,570465.57764,81184999.7319576,229912
2020-01-09,140.76,141.5,135.3,137.74,366076.06569,50611452.5846448,152241
2020-01-10,137.73,145.17,135.32,144.84,409403.59507,57377525.5626822,167313
2020-01-11,144.83,148.05,142.09,142.38,368350.57939,53149360.5617478,156488
2020-01-12,142.4,146.6,141.76,146.54,229541.86137,33112850.8222346,110842
2020-01-13,146.56,147.0,142.27,143.58,207996.61865,29888095.3670508,102544
2020-01-14,143.58,171.7,143.51,165.64,1108476.31186,173492006.2482075,321408
2020-01-15,165.6,171.98,159.2,166.4,721687.80381,119239937.9299424,251183
2020-01-16,166.4,167.4,157.8,164.21,456170.86719,74038650.829131,179108
2020-01-17,164.24,174.81,162.14,169.85,767180.67853,129909265.2561568,273867
2020-01-18,169.92,179.5,164.92,174.14,688783.17982,119388338.7524942,240660
2020-01-19,174.1,178.05,161.66,166.79,624681.28604,105691368.8196623,203953
2020-01-20,166.79,169.33,161.24,166.87,358092.8841,59292534.7174649,130615
2020-01-21,166.86,170.32,164.8,169.49,308007.6353,51615232.5669897,125609
2020-01-22,169.48,171.47,166.03,168.07,272240.90286,45903134.1629132,111017
2020-01-23,168.07,168.2,159.21,162.81,373414.34985,60971659.7745824,150875
2020-01-24,162.85,164.45,155.55,162.54,430013.19902,68980724.0604947,145668
2020-01-25,162.51,162.79,157.61,160.35,219921.65197,35196608.3063368,95448
2020-01-26,160.36,168.08,159.41,167.86,251582.55758,41239031.3379062,116628
2020-01-27,167.91,172.56,165.22,170.08,365894.81917,61846624.6145389,157072
2020-01-28,170.04,176.2,170.03,175.64,473433.89609,81649497.4929489,178990
2020-01-29,175.58,178.45,173.33,173.72,317382.90161,55988230.2743514,145062
2020-01-30,173.68,187.0,170.93,184.69,477721.6609,85164074.082316,189458
2020-01-31,184.71,185.82,175.22,179.99,385596.53365,69633052.2826392,157597
2020-02-01,179.94,184.28,179.23,183.6,259370.12902,47263178.0667823,124149
2020-02-02,183.63,193.43,179.1,188.44,552621.13619,104105613.5587851,222425
2020-02-03,188.48,195.19,186.62,189.69,417175.95781,79336312.5246923,181726
2020-02-04,189.74,191.6,184.69,188.91,366389.69686,68720832.6152937,173353
2020-02-05,188.91,207.61,188.19,203.78,550942.11417,108659358.5359186,241415
2020-02-06,203.78,216.33,201.02,213.19,608240.2233,127874220.8146868,276196
2020-02-07,213.16,225.0,213.14,223.33,629361.15466,138524804.2175759,268274
2020-02-08,223.36,227.75,213.22,223.05,548551.87465,122069507.6551116,257281
2020-02-09,223.01,230.65,222.86,228.49,350336.24399,79674647.0001999,183735
2020-02-10,228.53,229.4,216.37,222.89,510415.49949,113385288.9503017,232617
2020-02-11,222.89,239.15,218.17,236.69,595576.90276,135863928.6243058,250241
2020-02-12,236.69,275.34,236.69,265.74,1038073.74782,266734296.5502973,415316
2020-02-13,265.74,277.69,256.08,268.32,1089679.1537,291533156.0916954,422008
2020-02-14,268.34,287.15,260.28,285.15,734944.32266,201120424.5832201,309022
2020-02-15,285.11,288.41,261.86,264.88,860813.14274,236287101.0986771,348934
2020-02-16,264.91,274.0,237.41,258.85,1110118.46395,286269166.2814369,416082
2020-02-17,258.89,268.77,242.0,267.85,1110371.39094,280371301.7549917,417529
2020-02-18,267.9,285.88,258.0,282.61,1115523.43992,304162263.306139,431799
2020-02-19,282.64,285.0,251.56,258.45,705973.72988,191887955.7583483,298048
2020-02-20,258.44,264.33,245.34,256.96,972969.71691,249383114.0110113,373551
2020-02-21,256.97,268.24,253.61,265.27,525827.8734,137848242.4279305,214306
2020-02-22,265.32,266.81,256.0,261.57,313062.52133,81781388.3193534,136810
2020-02-23,261.55,275.68,261.02,274.48,444740.82883,120024058.9719663,178464
2020-02-24,274.5,277.2,257.09,265.52,696591.72983,185949182.7085807,263161
2020-02-25,265.47,266.22,244.44,246.67,774791.01027,197442911.5447317,277457
2020-02-26,246.67,250.32,215.66,223.93,1395879.41507,324229460.6211602,454355
2020-02-27,223.98,238.3,210.0,227.79,1273793.11658,287322727.2967257,415969
2020-02-28,227.73,234.67,214.01,226.76,1054994.92397,236064804.3345943,347125
2020-02-29,226.76,233.0,217.0,217.21,546866.6851,123635801.0178253,211771
2020-03-01,217.29,227.89,212.36,217.81,715016.01941,157064953.8422779,265577
2020-03-02,217.81,234.4,216.07,231.97,810051.4833,182948651.6764531,258680
2020-03-03,232.1,232.46,219.57,223.91,741498.54825,168090325.5387924,253103
2020-03-04,223.84,228.85,220.23,224.26,443780.33772,99650220.5416208,167247
2020-03-05,224.26,234.09,224.23,228.38,601479.87587,138081898.2866681,227242
2020-03-06,228.38,245.16,227.33,244.88,628147.3257,148563741.8329924,234091
2020-03-07,244.93,251.93,236.0,237.23,633748.89662,154037325.6113068,238113
2020-03-08,237.23,237.23,195.5,199.43,1278973.53741,277970187.8682601,412787
2020-03-09,199.43,208.62,190.0,202.81,1661331.83553,332570408.5351529,473504
2020-03-10,202.79,206.2,195.54,200.7,1020260.107,205536190.1939392,332398
2020-03-11,200.74,203.18,181.73,194.61,1079824.90167,208232375.1862015,344156
2020-03-12,194.61,195.55,101.2,107.82,3814533.14046,548668262.2347234,937284
2020-03-13,107.67,139.68,86.0,134.06,4663239.92861,560710331.8421754,1199923
2020-03-14,134.06,134.68,120.0,122.54,1237674.88642,159192895.5526197,398146
2020-03-15,122.54,133.5,120.16,123.78,1312950.90137,163436235.2690902,346579
2020-03-16,123.82,124.33,101.1,111.02,2442064.14448,270353891.8050036,663277
2020-03-17,111.02,120.8,109.38,115.67,1295108.4848,150800664.0719546,378258
2020-03-18,115.67,118.5,109.86,118.11,1201850.31275,137550912.0855171,346312
2020-03-19,118.11,143.13,115.46,136.3,1801071.18816,231626928.1607049,489147
2020-03-20,136.3,152.55,116.74,133.48,2504057.63799,345856006.7477989,707216
2020-03-21,133.49,137.49,125.69,132.66,1231842.11121,162468451.7723149,401288
2020-03-22,132.63,137.13,121.1,122.32,1055699.86532,135927941.0795197,337273
2020-03-23,122.31,137.5,119.5,135.92,1436796.12449,184851609.124269,416820
2020-03-24,135.89,143.36,132.2,138.42,1244377.16334,171156363.6923024,381573
2020-03-25,138.42,142.33,132.54,136.1,1034248.74369,141795323.026871,317580
2020-03-26,136.11,139.74,133.26,138.4,751060.63102,101918769.6722933,248508
2020-03-27,138.4,141.27,129.68,131.33,706948.54559,96581886.8789469,224835
2020-03-28,131.33,132.97,124.88,130.98,896032.10594,115166651.9700742,274768
2020-03-29,130.94,131.84,123.81,124.5,543997.0,69434202.2054717,182914
2020-03-30,124.47,135.42,124.06,132.06,764831.92747,100271145.862563,241576
2020-03-31,132.09,135.0,130.38,132.72,547669.27789,72618183.4805954,172692
2020-04-01,132.72,136.99,128.62,135.69,680922.24747,90063924.2303974,199637
2020-04-02,135.65,149.76,135.01,141.28,1138977.66114,159989506.6049454,314519
2020-04-03,141.27,146.72,137.26,141.31,797546.11446,113731706.7149998,239800
2020-04-04,141.3,146.28,138.88,144.1,573508.14086,81640622.8284323,178768
2020-04-05,144.1,145.58,140.68,142.68,414987.45246,59383946.1274414,134223
2020-04-06,142.69,172.0,142.6,171.32,1636338.7311,257097597.7838753,432858
2020-04-07,171.32,176.22,162.22,164.63,1717962.82538,292710722.5822484,446557
2020-04-08,164.62,174.48,163.59,173.11,1023575.92076,173916484.7861551,287799
2020-04-09,173.15,173.38,165.19,169.52,719837.24423,122531131.9559583,212541
2020-04-10,169.56,170.1,152.11,157.81,1314841.362,209535613.3236714,323430
2020-04-11,157.81,161.37,153.91,158.33,621599.61289,98275533.0626367,168046
2020-04-12,158.33,164.78,155.0,158.59,809100.24594,129919934.4437653,223429
2020-04-13,158.56,158.97,150.0,156.29,1042091.03622,160423270.303715,255965
2020-04-14,156.28,161.85,155.23,158.45,698030.65089,110710086.104009,178490
2020-04-15,158.46,161.29,152.0,152.73,729119.66505,114640840.1155165,186226
2020-04-16,152.74,174.79,148.33,172.29,1647207.59991,273639160.0693875,389854
2020-04-17,172.31,174.96,168.31,170.69,723537.75591,123553456.3196786,191289
2020-04-18,170.61,189.54,170.48,187.4,1127296.36979,203132211.9564091,286172
2020-04-19,187.4,188.35,175.75,180.03,995759.5775,181415813.5026948,270668
2020-04-20,180.02,186.46,166.7,170.2,1547821.52737,273854539.803801,365589
2020-04-21,170.21,174.7,168.0,170.74,906381.65398,155292048.4357902,228262
2020-04-22,170.73,184.0,169.78,182.7,988698.39076,176079076.9274995,246896
2020-04-23,182.7,193.63,178.16,185.51,1457867.08713,270862911.3685654,363772
2020-04-24,185.57,189.8,184.72,187.59,780904.21257,146419748.0816482,222074
2020-04-25,187.6,198.36,185.76,194.21,866478.04928,167703202.4250513,244755
2020-04-26,194.21,200.0,192.3,197.38,758525.81533,148433709.7771867,228826
2020-04-27,197.39,199.05,189.29,196.34,896627.37271,174775637.9272757,238341
2020-04-28,196.33,198.5,192.36,196.24,636829.89397,124476041.8893834,183819
2020-04-29,196.24,218.77,196.22,215.36,1620422.72431,338324593.6372917,445147
2020-04-30,215.4,227.3,202.0,206.08,1749691.00151,374893029.7743084,557268
2020-05-01,206.07,217.14,205.91,212.02,794913.95828,168339123.3579139,291365
2020-05-02,212.01,215.37,210.36,213.9,443494.67248,94389501.5178164,185802
2020-05-03,213.89,219.3,203.92,209.86,748383.91311,158874887.0783411,268841
2020-05-04,209.86,210.65,194.88,206.48,1114249.32658,225451167.6553683,349701
2020-05-05,206.47,211.68,201.0,205.29,640644.66268,131906204.907813,246124
2020-05-06,205.3,210.77,197.71,198.97,862700.67849,178157452.6008412,271299
2020-05-07,198.92,215.1,196.43,212.0,1305778.73764,271197927.6650278,380313
2020-05-08,212.01,216.61,206.9,211.31,917908.1944,194579529.4277633,262122
2020-05-09,211.32,214.6,208.4,210.07,587871.98073,124626471.4270353,194059
2020-05-10,210.09,210.18,179.59,187.54,1473226.05475,278394290.7597346,426358
2020-05-11,187.62,193.5,176.0,185.73,1093299.81927,203391530.2061739,303669
2020-05-12,185.8,192.24,185.48,189.76,669755.79567,126810812.1681708,193978
2020-05-13,189.77,201.0,188.35,199.58,806143.00704,156637596.3649246,212710
2020-05-14,199.61,206.02,195.67,203.29,1114700.24937,224233786.1267099,285245
2020-05-15,203.29,204.08,191.66,194.86,904749.6357,179634085.6227692,230721
2020-05-16,194.87,203.5,193.21,200.45,669900.03754,134060788.4941839,174447
2020-05-17,200.44,209.85,199.68,207.0,708711.89315,145341278.6813549,180088
2020-05-18,207.02,217.07,207.0,214.91,1064139.2485,226789027.1500804,249528
2020-05-19,214.92,215.95,209.45,214.58,643702.98849,136846948.5568056,186027
2020-05-20,214.6,215.75,204.27,209.98,679532.61037,143704806.1752408,195172
2020-05-21,209.99,211.64,191.71,198.74,1003923.4342,203445710.9628449,258415
2020-05-22,198.72,209.19,196.24,207.36,787672.36081,159972608.5341661,217659
2020-05-23,207.36,211.2,204.55,206.6,478559.92006,99461068.1046647,150729
2020-05-24,206.6,210.55,199.5,199.9,673535.05784,138917619.2336207,204534
2020-05-25,199.9,205.67,198.01,204.15,469931.62492,95411610.7976347,171792
2020-05-26,204.22,205.0,196.9,200.89,477176.7353,96116808.8580913,167702
2020-05-27,200.92,208.44,200.76,208.29,494816.72727,101445351.0256632,167619
2020-05-28,208.29,220.5,204.67,220.21,643945.97769,136361627.3464155,219160
2020-05-29,220.24,224.79,217.57,220.67,603058.0759,133220045.4954706,217959
2020-05-30,220.63,247.0,218.8,243.66,1019550.75146,238678839.8093044,341862
2020-05-31,243.71,245.39,229.58,231.57,821608.68884,194867426.2941862,320066
2020-06-01,231.56,250.68,230.66,248.23,823816.69936,198791911.8470442,318497
2020-06-02,248.23,253.8,225.0,237.71,955520.91863,230680327.3092915,355417
2020-06-03,237.71,245.0,232.71,244.52,502928.13371,120179301.1789864,213792
2020-06-04,244.54,246.6,236.0,243.21,669369.3392,162460397.6276741,253226
2020-06-05,243.22,247.87,239.14,240.03,502547.41103,122084004.5169755,205337
2020-06-06,240.04,244.7,237.83,241.94,389423.07798,93979350.8126339,161709
2020-06-07,241.94,245.37,234.6,244.56,571102.55515,137165732.6476166,226478
2020-06-08,244.57,247.7,240.59,246.4,383116.54719,93355224.9683087,159981
2020-06-09,246.37,249.82,238.0,243.8,420327.17133,102374504.5738972,185974
2020-06-10,243.79,250.28,242.0,247.78,431285.61715,105797248.2474257,185330
2020-06-11,247.78,250.09,226.2,230.51,816456.89161,195063781.2764491,312655
2020-06-12,230.46,239.38,228.19,237.55,446515.34124,105069425.0901067,181977
2020-06-13,237.55,238.73,234.66,238.11,253797.7809,60087772.6524653,134555
2020-06-14,238.13,238.59,229.83,231.77,304943.21188,71575514.0802726,158093
2020-06-15,231.74,233.55,218.27,230.86,875026.92057,197907504.7787736,308126
2020-06-16,230.86,236.0,228.7,235.3,499194.66758,116456364.2312683,188136
2020-06-17,235.31,237.3,227.65,233.82,478187.2917,111415059.0562623,189653
2020-06-18,233.82,234.65,227.93,231.27,334347.79917,77542070.3332709,145815
2020-06-19,231.26,231.95,226.74,229.0,397284.59808,91117706.1551394,160682
2020-06-20,229.0,230.85,225.62,228.89,303704.98826,69343699.9095483,129778
2020-06-21,228.88,231.49,227.11,228.04,256305.23734,58868166.5061044,109238
2020-06-22,228.03,246.89,227.51,243.13,749030.11114,178707156.1893139,256688
2020-06-23,243.11,244.87,240.75,243.14,442296.31477,107457002.5246246,172649
2020-06-24,243.15,249.24,231.07,234.58,921634.0534,220763040.4337494,289888
2020-06-25,234.57,235.39,227.56,232.5,613748.59348,142697463.3801044,192323
2020-06-26,232.49,233.61,227.75,229.64,628340.07007,144805505.1915824,192182
2020-06-27,229.66,231.42,216.0,220.94,645950.61438,145264632.2638192,207051
2020-06-28,220.94,227.96,218.32,224.93,444766.56881,99423540.1393194,144728
2020-06-29,224.89,229.96,221.26,227.93,597915.52242,134510531.1976673,183558
2020-06-30,227.98,228.7,222.91,225.6,415036.02977,93802207.2735736,143612
2020-07-01,225.59,232.71,224.16,230.99,517351.58865,118322932.8549573,176455
2020-07-02,230.99,232.01,222.87,226.46,592485.91115,134976975.123197,210294
2020-07-03,226.46,228.13,223.97,224.87,314578.5004,71286978.5035675,139167
2020-07-04,224.86,230.71,224.43,229.17,307726.46593,69899468.2799188,134338
2020-07-05,229.24,229.85,223.05,227.56,355747.12006,80528660.6191943,152077
2020-07-06,227.54,242.0,226.93,241.6,864817.507,203334727.8501395,268187
2020-07-07,241.6,243.77,234.4,239.39,600424.97209,143122828.3751188,213589
2020-07-08,239.39,248.88,237.78,246.95,958185.83708,233460700.7551814,309582
2020-07-09,246.94,247.9,237.88,241.98,647641.58291,157541370.0048182,243580
2020-07-10,241.97,242.16,235.72,241.26,455025.12385,108806462.4650965,181124
2020-07-11,241.27,241.67,237.54,239.19,294476.00626,70548557.6778391,140265
2020-07-12,239.19,244.0,236.52,242.79,469315.1172,112487552.4340124,201729
2020-07-13,242.76,245.33,237.33,239.5,604093.04245,146193291.9106761,240032
2020-07-14,239.5,242.09,237.0,240.44,426320.89188,102105027.1319308,172704
2020-07-15,240.45,241.45,236.83,238.61,368350.66518,88059682.4834364,154984
2020-07-16,238.59,239.39,230.02,233.57,587161.73894,137208323.2015733,222138
2020-07-17,233.58,234.84,231.65,232.67,325600.21444,75931058.422653,149088
2020-07-18,232.66,236.8,232.32,235.67,341356.6182,80046747.8322333,136494
2020-07-19,235.67,239.92,233.28,239.11,348803.52073,82120072.993628,144896
2020-07-20,239.12,239.72,234.05,236.01,396657.91938,94314378.9381991,164435
2020-07-21,236.0,246.66,235.57,245.59,637462.08074,154502240.9411989,240019
2020-07-22,245.53,269.61,241.51,263.74,718417.68296,180692677.2139563,273546
2020-07-23,263.75,279.98,259.7,275.3,1068774.57879,287217202.7201216,378573
2020-07-24,275.31,287.34,266.0,279.15,926033.06692,256347245.548149,362608
2020-07-25,279.15,308.94,279.09,305.26,1058927.30554,308799629.3611433,424683
2020-07-26,305.31,318.75,299.0,311.0,1270368.753,392346895.3226708,486058
2020-07-27,311.02,333.31,310.78,321.93,1636122.34727,527292799.2879138,645395
2020-07-28,321.95,326.8,305.86,316.77,1093231.55578,346187853.275929,458451
2020-07-29,316.77,325.0,312.38,317.71,792802.32148,254201662.1334094,347597
2020-07-30,317.76,342.0,314.05,334.87,1008827.56698,328286452.5182911,410721
2020-07-31,334.82,349.45,328.4,346.33,948088.44982,323282981.0159196,461788
2020-08-01,346.32,392.67,343.07,387.0,1440843.34203,527543444.8628841,598900
2020-08-02,387.01,415.85,325.0,372.42,2324909.09616,878397036.2975191,960835
2020-08-03,372.45,398.0,366.5,385.94,1191565.09389,462170587.4785027,534803
2020-08-04,385.91,402.98,380.77,389.61,1180792.42379,461794422.2048685,503335
2020-08-05,389.59,407.0,384.11,400.72,1124119.0672,444335097.149393,459722
2020-08-06,400.72,403.66,390.51,394.77,821379.08397,325718417.7160069,388529
2020-08-07,394.77,398.26,362.85,379.34,1041207.35946,398625567.063912,466548
2020-08-08,379.34,397.05,375.79,397.03,623029.78053,240999198.0242852,300577
2020-08-09,397.05,400.0,383.36,390.14,594900.58133,233057462.9273968,319111
2020-08-10,390.14,399.18,385.13,395.44,826969.90633,326372434.8970591,395123
2020-08-11,395.43,398.21,367.0,379.0,992412.6023,381981614.6216723,459623
2020-08-12,378.99,389.23,365.85,387.18,751848.7983,285872467.6440937,349082
2020-08-13,387.18,431.49,376.59,424.54,1511330.7732,604810975.131857,634978
2020-08-14,424.54,444.71,417.05,438.11,1109670.94324,477180580.0618325,502635
2020-08-15,438.12,442.94,427.02,432.32,681698.5971,296652970.4823194,351377
2020-08-16,432.3,436.99,412.47,433.62,716666.25258,305445885.81667,371807
2020-08-17,433.61,446.0,420.37,430.89,868870.64996,375038999.5075165,443560
2020-08-18,430.89,433.81,415.0,421.95,743254.57018,316635286.9929217,374074
2020-08-19,421.92,426.75,393.25,407.46,978339.69221,400208683.3467271,455992
2020-08-20,407.46,418.98,402.07,415.94,663555.73445,273292342.1903448,322537
2020-08-21,415.94,418.68,385.1,387.97,860998.7256,347455883.4533063,414222
2020-08-22,387.93,397.04,379.92,395.24,643235.76543,250069873.3972314,305450
2020-08-23,395.23,396.95,383.15,390.71,445317.81989,173799978.0351114,222729
2020-08-24,390.72,410.42,387.44,407.68,717403.81877,287991794.2205841,307676
2020-08-25,407.68,409.06,370.0,382.93,970445.38395,375681480.186943,411636
2020-08-26,382.91,392.91,377.37,385.81,738690.7794,284504413.0936192,351141
2020-08-27,385.81,397.1,371.48,383.27,877763.73658,336647752.2942245,392116
2020-08-28,383.31,398.0,379.75,395.11,732601.46905,286555001.9941838,311832
2020-08-29,395.1,405.69,391.88,398.65,659802.63344,263787683.0280837,300090
2020-08-30,398.65,429.89,398.3,428.94,894979.71788,370467271.0990347,395838
2020-08-31,428.94,439.0,418.04,433.79,1040748.68881,447866996.1851148,456201
2020-09-01,433.8,488.84,429.03,475.4,1751354.57719,813662129.650488,763508
2020-09-02,475.4,481.39,420.0,439.5,1880642.46853,844475154.7160805,825133
2020-09-03,439.5,450.7,372.0,381.4,2408569.34151,995567239.0084027,903066
2020-09-04,381.35,400.21,357.0,385.26,1806488.22474,696658932.1154275,744610
2020-09-05,385.3,395.0,308.42,335.01,2777166.51389,967730464.9055164,1074986
2020-09-06,335.04,360.0,316.1,352.8,2017811.14721,691925087.3968109,852597
2020-09-07,352.85,358.51,323.0,353.59,1740618.42462,596754172.7008404,708066
2020-09-08,353.59,356.58,325.38,337.39,1400246.82962,476444912.544635,554846
2020-09-09,337.41,359.0,330.51,350.85,879760.56255,304910633.8008896,381038
2020-09-10,350.85,377.25,349.91,367.93,1134287.61137,416598205.666048,512819
2020-09-11,367.93,375.27,355.49,373.63,844017.59966,308822715.1336563,367615
2020-09-12,373.62,388.57,364.73,387.78,766542.31635,287133871.2472908,318774
2020-09-13,387.78,390.43,350.0,366.42,989195.69047,367969518.5134887,430236
2020-09-14,366.43,384.64,355.73,377.12,1042059.62265,387238794.6809715,476828
2020-09-15,377.12,382.47,362.34,364.06,883856.33005,328317009.5683461,405048
2020-09-16,364.05,373.45,355.0,365.11,841709.98939,306622238.0715521,371665
2020-09-17,365.04,394.14,363.3,389.36,1256300.411,479026710.8966147,505247
2020-09-18,389.35,392.58,375.33,384.39,804194.47219,308748579.8160324,323159
2020-09-19,384.4,388.72,377.0,385.25,570908.33553,218785730.1401785,230924
2020-09-20,385.25,385.45,365.0,371.04,693164.40144,259700927.4782103,275295
2020-09-21,371.04,376.8,331.0,340.36,1283946.03098,452134893.6340581,472560
2020-09-22,340.31,346.91,335.34,344.21,842731.12878,288166815.515037,286593
2020-09-23,344.18,344.65,313.29,320.72,940904.49756,313808761.0904388,323226
2020-09-24,320.72,353.1,316.67,348.97,1071705.09721,360708689.4043797,371450
2020-09-25,348.97,358.0,337.58,351.92,860643.77924,298266918.8006485,310536
2020-09-26,351.93,356.4,345.88,353.92,530879.20755,186812160.3754369,217834
2020-09-27,353.95,362.14,347.24,357.49,569568.55041,202411362.6832329,230526
2020-09-28,357.58,368.2,351.7,353.96,757758.4304,273063157.7899911,261317
2020-09-29,353.91,360.63,350.45,359.79,585143.16892,208028826.4871165,214988
2020-09-30,359.78,361.5,351.56,359.83,498943.23226,177784824.5178192,173910
2020-10-01,359.83,370.45,345.51,352.85,758349.31959,271468849.7985116,288354
2020-10-02,352.83,354.55,334.24,345.6,733571.84211,251829017.5194802,286023
2020-10-03,345.6,351.0,343.7,345.95,303595.71901,105401893.3573436,136755
2020-10-04,345.94,354.45,343.81,352.37,343932.91712,119961274.7006572,138736
2020-10-05,352.34,356.1,348.54,353.62,376740.30692,132656713.0440939,145787
2020-10-06,353.63,355.1,336.8,340.75,640063.26951,221765553.5868091,240812
2020-10-07,340.8,342.85,332.18,341.58,541928.86376,183873686.3904315,195112
2020-10-08,341.58,353.32,334.21,350.95,631794.8756,217322066.9780238,220053
2020-10-09,350.94,368.33,347.32,365.02,650478.19338,232878561.8852136,241168
2020-10-10,365.01,378.4,364.71,370.52,591005.32129,220607973.0122731,253825
2020-10-11,370.51,377.6,368.87,374.16,373318.23779,139329772.5403167,164475
2020-10-12,374.17,394.8,365.58,386.51,844422.65444,320587055.5297957,309500
2020-10-13,386.51,387.75,374.51,381.04,645141.91394,246276552.0090227,239460
2020-10-14,381.05,387.41,373.13,378.69,569557.82936,216288026.9592086,214375
2020-10-15,378.69,381.79,369.85,377.64,634038.09453,238396852.7839282,228454
2020-10-16,377.63,379.83,361.18,365.5,654029.36404,241127894.7024508,255775
2020-10-17,365.5,370.46,363.36,368.32,285578.24537,104838880.4561034,126045
2020-10-18,368.31,378.64,367.1,378.11,323468.47095,120818450.6211803,133043
2020-10-19,378.12,384.32,372.5,379.3,577252.90265,218372639.9570232,224887
2020-10-20,379.3,380.73,365.27,368.52,617309.81677,229928443.79691,251051
2020-10-21,368.53,401.49,367.74,390.38,1221663.63784,472488832.7162745,450963
2020-10-22,390.31,420.73,390.21,413.98,1095897.20667,447211002.5012588,412013
2020-10-23,413.94,419.33,401.3,409.11,727832.3224,299943190.9306372,293671
2020-10-24,409.19,416.66,407.0,412.14,419236.87106,172799824.648682,182680
2020-10-25,412.14,417.4,402.5,405.86,415586.9761,170054743.3187452,177854
2020-10-26,405.85,411.11,382.3,392.52,895142.67266,356208480.5857119,329493
2020-10-27,392.52,410.25,389.9,403.45,754261.74114,302529716.8760417,286241
2020-10-28,403.41,409.2,380.52,388.23,855275.46882,335751199.3037473,348661
2020-10-29,388.22,393.72,380.52,387.13,573096.01416,222669504.875317,248649
2020-10-30,387.12,391.97,373.29,382.49,771750.74746,294342545.9808745,289735
2020-10-31,382.59,394.88,379.9,386.46,467453.8105,181136851.4537413,218528
2020-11-01,386.44,398.29,384.61,396.67,438952.95565,171238317.7003239,181369
2020-11-02,396.68,404.5,377.92,383.02,779968.57957,304223545.8920344,290370
2020-11-03,383.01,390.0,370.23,387.88,752954.37114,286291773.9684845,280412
2020-11-04,387.88,408.39,376.47,402.49,1157064.35076,454481208.4020098,392310
2020-11-05,402.5,420.4,396.14,416.69,1475139.77342,601591250.401249,513574
2020-11-06,416.73,458.27,414.76,455.91,1682440.96026,736015135.6272103,666505
2020-11-07,455.91,468.28,424.14,435.21,1653416.5961,743871175.7821234,674858
2020-11-08,435.2,460.1,431.99,454.3,840908.46841,375679148.2350396,354341
2020-11-09,454.29,459.1,433.09,444.32,1099213.24641,491928164.9812434,469947
2020-11-10,444.32,455.0,438.7,450.34,866872.41108,388190148.2078951,384228
2020-11-11,450.34,476.25,449.28,463.09,1205782.84262,559228791.8903509,560360
2020-11-12,463.09,470.0,451.2,462.39,990776.62912,455971309.2168546,411840
2020-11-13,462.48,478.01,457.12,476.43,976665.09752,456232937.2061303,427363
2020-11-14,476.42,477.47,452.0,460.89,735252.7854,340142257.1936976,350772
2020-11-15,460.9,462.89,440.19,448.08,665217.56671,301406126.4593118,311451
2020-11-16,448.07,466.0,445.45,460.55,812060.44638,370889706.6992328,328762
2020-11-17,460.51,484.88,459.8,482.15,1151573.37456,544239665.3817517,464336
2020-11-18,482.11,495.31,456.6,478.41,1477696.29116,706704397.4108689,637641
2020-11-19,478.43,480.75,464.86,471.25,817418.52685,387199111.3794474,404737
2020-11-20,471.26,514.4,470.65,510.12,1516361.90736,756660192.8607566,607663
2020-11-21,510.12,553.32,502.82,552.35,1548851.29067,815402228.5228121,649077
2020-11-22,552.42,580.88,511.28,560.03,1850317.93581,1014064539.0881493,768900
2020-11-23,560.03,610.85,550.12,608.58,2076008.84846,1218150934.3114774,896026
2020-11-24,608.58,623.0,585.0,604.97,1606450.49193,976376501.3114749,838352
2020-11-25,604.98,606.0,553.83,569.5,1219440.02727,716972340.6745203,657386
2020-11-26,569.38,577.14,481.0,519.83,2683460.74171,1386030255.168072,1259051
2020-11-27,519.83,530.62,493.72,518.68,1088064.28114,558985308.9023646,578800
2020-11-28,518.59,547.94,506.59,537.52,900508.61431,475169074.6903887,456028
2020-11-29,537.5,576.9,530.32,576.3,855276.46664,471629262.2432986,454026
2020-11-30,576.32,616.85,570.07,616.66,1501989.45408,895373784.8300442,717837
2020-12-01,616.65,635.7,560.0,585.26,2163875.81376,1300668283.3196802,1018862
2020-12-02,585.26,604.93,575.0,596.89,1069538.65619,632858653.2050232,604591
2020-12-03,596.88,623.44,585.82,615.85,935687.91723,568024618.941039,513555
2020-12-04,615.84,620.0,565.82,567.24,1052452.78666,624543865.9008652,556641
2020-12-05,567.24,597.11,560.88,596.8,701567.95564,410382624.7425348,389600
2020-12-06,596.82,607.5,583.0,601.54,602496.96339,359236400.2949933,363661
2020-12-07,601.59,603.15,584.22,591.28,498329.37589,295598087.027998,347036
2020-12-08,591.27,595.0,549.22,554.94,804443.00717,461781203.1617209,422868
2020-12-09,554.92,578.08,530.43,573.09,997192.16738,555142155.8826528,535975
2020-12-10,573.2,575.7,548.11,558.99,608414.51466,341352126.267061,376548
2020-12-11,558.99,560.8,535.5,544.43,768921.78317,419607430.4473458,400545
2020-12-12,544.46,574.0,543.1,568.04,573913.95311,320867352.4615561,321104
2020-12-13,568.09,595.0,563.22,590.7,657794.46158,383072560.34673,359525
2020-12-14,590.81,591.48,575.6,586.29,493012.02706,288110223.9524879,272746
2020-12-15,586.29,597.2,578.58,588.64,569270.52011,334543178.3693921,329161
2020-12-16,588.78,640.0,580.71,637.18,1185588.05078,725009244.4077353,589563
2020-12-17,637.18,676.25,625.76,642.7,2006130.01975,1307445033.121825,974504
2020-12-18,642.71,664.61,629.4,653.85,1000012.98018,646217791.2296861,554335
2020-12-19,653.76,669.95,645.42,658.03,858803.88459,564029933.2588522,562281
2020-12-20,658.05,661.39,621.01,638.18,823958.22843,533109285.6519477,505181
2020-12-21,638.1,648.0,595.9,607.58,843251.16565,524208673.9086238,521589
2020-12-22,607.68,637.73,588.0,636.45,918851.25654,563872004.6334918,522945
2020-12-23,636.41,638.44,551.28,585.56,1208807.36518,733443630.3656118,733896
2020-12-24,585.48,615.02,565.43,612.31,886335.86333,519843556.9816631,571510
2020-12-25,612.31,634.24,604.28,626.82,798009.62915,494089140.8572327,468979
2020-12-26,626.78,652.91,615.26,637.44,958585.50647,607664782.0108947,541191
2020-12-27,637.44,717.13,625.0,685.11,1859968.15029,1247547956.8239436,1047001
2020-12-28,685.1,748.09,681.04,730.41,1627154.39266,1180438285.4884064,961277
2020-12-29,730.4,740.78,689.2,732.0,1106876.35855,794643540.4901237,820504
2020-12-30,732.0,758.74,716.62,752.17,1008574.09906,743546676.7544626,692405
2020-12-31,752.17,755.74,722.0,736.42,863375.57981,638503822.3940645,623216
2021-01-01,736.42,749.0,714.29,728.91,675114.09329,496072043.7774074,483671
2021-01-02,728.91,787.69,714.91,774.56,1352618.57668,1024472182.612087,824134
2021-01-03,774.44,1011.07,768.71,978.28,2813603.88615,2522411859.73161,1636501
2021-01-04,978.33,1162.97,890.0,1041.43,4245010.94004,4303634203.219599,2477862
2021-01-05,1041.45,1134.6,974.45,1099.56,2706995.67525,2857050280.0081425,1960503
2021-01-06,1100.16,1213.0,1057.26,1208.42,2390136.59334,2725262121.288513,1600888
2021-01-07,1208.75,1289.0,1131.0,1224.87,1972922.82059,2406219891.368534,1402699
2021-01-08,1224.86,1273.75,1065.0,1216.93,2131172.92341,2543427452.5801253,1718817
2021-01-09,1216.72,1304.37,1171.36,1276.0,1448871.11514,1780137376.4164696,1131871
2021-01-10,1276.0,1348.33,1170.0,1254.25,1951179.35003,2517791852.407762,1437486
2021-01-11,1254.24,1260.0,915.0,1087.01,4099450.90046,4323564508.699637,2577496
2021-01-12,1087.0,1150.02,1006.33,1050.16,2302645.34052,2491067092.510127,1516625
2021-01-13,1050.36,1137.65,987.48,1129.89,1564202.39081,1664178969.0738044,1123983
2021-01-14,1129.79,1247.55,1086.7,1231.62,1555737.38556,1825860914.1737955,1255769
2021-01-15,1231.89,1256.98,1069.42,1168.53,1944038.83738,2302781118.9587393,1519266
2021-01-16,1168.48,1298.0,1151.77,1227.83,1575384.43797,1927453174.611793,1252473
2021-01-17,1227.83,1269.02,1165.0,1232.45,1317285.00579,1606424364.4970417,1121278
2021-01-18,1232.5,1260.75,1182.58,1258.45,998050.11073,1223628040.7372608,940604
2021-01-19,1258.52,1438.3,1251.49,1365.36,2278852.55758,3120980923.930309,1840481
2021-01-20,1365.36,1407.93,1235.42,1376.99,2219137.62144,2931656296.4670005,1852253
2021-01-21,1376.72,1390.0,1086.0,1110.96,2310208.57298,2857288905.5771327,1864620
2021-01-22,1111.98,1273.79,1042.31,1232.62,2020593.21673,2360267831.3175545,1652010
2021-01-23,1232.61,1272.44,1195.9,1233.6,1009545.08258,1250575691.7627306,932871
2021-01-24,1233.46,1398.83,1220.0,1392.51,1510879.53817,1996765627.5405192,1313986
2021-01-25,1392.19,1475.0,1293.69,1317.88,1885441.31289,2644267236.8971877,1661512
2021-01-26,1317.6,1378.49,1244.56,1365.97,1682923.65799,2216751668.3927126,1423178
2021-01-27,1366.54,1373.9,1207.0,1239.03,2009772.08358,2554649901.074845,1737296
2021-01-28,1238.93,1360.0,1217.23,1329.69,1365269.71962,1790490878.1937943,1275024
2021-01-29,1329.44,1436.9,1285.35,1379.5,2253963.18682,3077996801.2317657,1714076
2021-01-30,1379.56,1406.0,1326.41,1378.05,1040042.2363,1414231402.5438833,1013174
2021-01-31,1378.04,1380.74,1281.12,1312.55,958704.85571,1276842259.9713488,828176
2021-02-01,1312.45,1377.99,1269.99,1374.17,1096397.91862,1449463766.7237952,915584
2021-02-02,1374.09,1547.9,1360.28,1511.87,1944227.99878,2821617332.399785,1614541
2021-02-03,1511.93,1669.35,1508.39,1664.49,1535869.88801,2418887041.5875616,1384979
2021-02-04,1664.67,1695.2,1554.44,1595.67,1646502.32962,2693099602.275608,1507993
2021-02-05,1595.53,1760.49,1591.0,1719.19,1194123.29946,2011685911.1668868,1326415
2021-02-06,1718.95,1743.67,1642.94,1676.35,1149808.33101,1940057857.9438982,1152167
2021-02-07,1676.35,1693.0,1490.46,1611.62,1281734.86814,2044371589.0232763,1263737
2021-02-08,1611.46,1775.57,1563.89,1750.15,1339777.09536,2255426926.0199776,1372788
2021-02-09,1749.68,1821.88,1708.49,1769.13,1185071.89593,2080818891.698905,1173421
2021-02-10,1769.14,1837.86,1680.0,1740.78,1219932.25474,2149076144.4076576,1279140
2021-02-11,1740.76,1819.0,1703.44,1785.62,735079.82699,1301681871.563269,935602
2021-02-12,1785.83,1864.88,1739.88,1840.26,909600.20653,1635426867.7740927,996495
2021-02-13,1840.24,1871.72,1765.0,1814.96,767589.07285,1395594093.2839975,853189
2021-02-14,1815.25,1850.0,1784.11,1800.42,675261.77873,1230043295.0342839,714827
2021-02-15,1800.03,1835.72,1655.67,1779.25,1053474.57879,1860338371.8974078,1086589
2021-02-16,1779.33,1827.28,1724.0,1781.99,817493.47513,1455884891.92438,826125
2021-02-17,1781.99,1855.0,1733.01,1849.88,795711.63311,1437546812.9718318,862461
2021-02-18,1849.7,1950.5,1849.69,1939.61,937227.10191,1787383532.102376,1053661
2021-02-19,1938.91,1972.82,1891.0,1955.0,793404.4115,1533991632.1295462,988320
2021-02-20,1955.46,2042.34,1803.14,1913.0,1261315.81279,2493836246.4871454,1329067
2021-02-21,1912.9,1976.31,1883.01,1933.53,756568.19743,1467970937.2850726,895138
2021-02-22,1933.54,1936.29,1551.0,1777.58,1807244.98099,3200483176.9795847,1799926
2021-02-23,1777.42,1782.39,1355.0,1577.89,2547837.82068,3931407907.5342765,2396626
2021-02-24,1577.79,1712.7,1500.2,1623.39,1384388.81727,2261264845.4650745,1319936
2021-02-25,1623.16,1671.59,1459.16,1481.75,1032670.79409,1650582276.8718638,1110019
2021-02-26,1482.08,1562.25,1400.0,1444.59,1355973.29378,2004016547.111193,1298739
2021-02-27,1444.56,1529.0,1425.0,1458.13,927423.0475,1375946816.3325431,954919
2021-02-28,1458.27,1468.75,1293.18,1419.18,1410207.56284,1929140046.6462586,1190546
2021-03-01,1418.67,1572.0,1409.91,1569.86,1094695.17839,1642627276.3105588,989006
2021-03-02,1570.0,1602.9,1455.52,1486.78,1061142.38743,1627312282.623529,966176
2021-03-03,1486.79,1656.94,1475.47,1567.69,1054846.31471,1676300215.0458324,1237215
2021-03-04,1567.68,1624.87,1506.36,1539.23,946365.67088,1476463517.9864872,1125118
2021-03-05,1539.22,1548.96,1441.66,1528.31,910786.28976,1355798089.272699,1000913
2021-03-06,1528.08,1671.58,1513.03,1650.35,1013300.93928,1611851701.8240168,1188531
2021-03-07,1650.68,1734.16,1630.35,1726.16,848470.78136,1414988218.19354,1166072
2021-03-08,1726.46,1843.59,1664.96,1833.18,1149711.39987,1995142128.6481345,1407402
2021-03-09,1833.22,1870.77,1798.2,1870.51,857229.47855,1570286249.4509006,1196670
2021-03-10,1870.5,1877.69,1757.0,1795.12,937230.62831,1706230875.2676637,1098051
2021-03-11,1795.28,1846.7,1725.0,1825.78,909011.4961,1627027458.0887964,1023958
2021-03-12,1825.78,1841.88,1719.72,1766.1,869564.6361,1542873062.4201016,1126153
2021-03-13,1766.13,1944.3,1727.75,1922.35,926283.22642,1718553131.9614732,1265904
2021-03-14,1922.35,1933.1,1836.0,1848.1,637963.63627,1200354205.603357,963564
2021-03-15,1848.1,1891.76,1730.0,1793.48,1025326.79658,1842608872.76306,1496415
2021-03-16,1793.99,1819.5,1711.68,1805.12,764993.40147,1360127229.789916,987906
2021-03-17,1805.01,1838.88,1741.18,1823.58,658349.44843,1177718486.9646137,872416
2021-03-18,1823.58,1850.0,1759.04,1776.08,603721.61056,1092346826.5536902,783517
2021-03-19,1775.92,1840.61,1733.47,1809.1,500258.42875,901801564.202326,703977
2021-03-20,1809.01,1868.83,1800.86,1806.1,451556.10639,828404987.6527742,743672
2021-03-21,1806.57,1817.16,1747.0,1782.98,465953.98749,830951276.5130765,748800
2021-03-22,1783.23,1807.51,1655.15,1680.97,582727.49081,1019780398.7821894,879976
2021-03-23,1681.17,1721.17,1650.0,1668.08,577213.99589,975522491.0640426,654415
2021-03-24,1668.2,1740.86,1536.92,1581.84,753834.52393,1251031751.1563811,994542
2021-03-25,1581.88,1622.0,1549.4,1585.74,701697.00258,1115502879.6291516,778215
2021-03-26,1585.83,1699.93,1585.79,1698.84,515470.92907,844707873.9147714,650812
2021-03-27,1698.84,1732.67,1666.41,1712.63,443845.49957,753555521.6446562,516929
2021-03-28,1712.52,1725.66,1661.4,1687.01,348895.51314,592836644.5993392,512231
2021-03-29,1687.16,1841.0,1677.85,1816.74,647724.46387,1148231088.8115873,846836
2021-03-30,1816.76,1859.13,1786.3,1840.46,568842.00526,1039262033.3867556,856093
2021-03-31,1840.41,1947.29,1768.15,1919.37,746995.8591,1387448329.8618677,1040362
2021-04-01,1919.37,1984.77,1885.02,1968.05,741585.07266,1438751530.7872293,994836
2021-04-02,1968.05,2146.0,1948.48,2133.69,846197.93215,1719752062.5167284,1218698
2021-04-03,2133.69,2138.12,1996.3,2008.52,770176.32192,1601516390.597115,1107620
2021-04-04,2008.59,2091.83,1975.24,2075.69,514345.76554,1050448906.4424022,818926
2021-04-05,2075.7,2130.64,2002.15,2107.38,684923.61494,1419084945.8137891,947978
2021-04-06,2107.43,2151.0,2044.65,2112.21,673386.05575,1420490813.0390558,1106761
2021-04-07,2112.22,2129.01,1930.01,1963.47,892984.90422,1798606574.0535572,1229155
2021-04-08,1963.46,2084.61,1947.35,2080.46,501355.998,1015796231.0118822,911403
2021-04-09,2080.39,2100.0,2047.57,2066.87,426387.4379,885134116.0229065,645172
2021-04-10,2067.19,2200.0,2058.0,2133.49,655458.20894,1405364881.8583133,1175161
2021-04-11,2133.49,2165.02,2113.4,2151.36,392265.50773,839653140.9405915,830771
2021-04-12,2151.42,2203.46,2102.0,2137.69,579093.35694,1244982956.770031,914567
2021-04-13,2137.86,2318.0,2135.53,2299.19,782608.6209,1745821661.496614,1288668
2021-04-14,2299.19,2447.29,2281.33,2432.6,972931.60866,2294753430.627407,1554097
2021-04-15,2432.59,2543.47,2400.0,2514.04,681950.96645,1680063463.6011207,1462768
2021-04-16,2514.04,2548.29,2300.0,2422.67,999163.75205,2418566593.0473747,1679215
2021-04-17,2422.38,2495.0,2310.0,2317.6,624232.25568,1504895144.9122343,1242299
2021-04-18,2317.65,2340.0,1946.8,2235.64,1475383.69204,3190809322.5104613,2113566
2021-04-19,2235.65,2300.0,2080.0,2161.12,820592.26555,1800575928.1074944,1411498
2021-04-20,2161.12,2346.62,2055.0,2330.03,992240.809,2181209665.225936,1478664
2021-04-21,2330.26,2469.54,2235.16,2357.06,1177885.8617,2771995884.0361485,1905822
2021-04-22,2357.06,2644.47,2303.44,2397.94,2220753.09746,5508778905.781418,3110597
2021-04-23,2397.94,2442.89,2107.0,2367.39,2532242.44185,5719925451.745558,2790382
2021-04-24,2367.39,2368.74,2154.8,2213.35,997688.94623,2246912953.2717814,1275474
2021-04-25,2214.08,2356.64,2168.0,2320.49,857517.38218,1948978895.4651551,1307545
2021-04-26,2320.44,2542.8,2303.64,2532.6,1076469.01367,2652330344.6620235,1852607
2021-04-27,2532.06,2680.0,2480.29,2666.13,771728.46451,1995139023.6148367,1255607
2021-04-28,2666.13,2760.0,2559.44,2748.24,999383.1852,2673547154.2008715,1587100
2021-04-29,2748.23,2798.0,2668.0,2757.04,863890.01069,2366133509.254801,1379738
2021-04-30,2757.04,2798.3,2723.09,2772.42,695339.20482,1917297701.0995226,1382521
2021-05-01,2772.42,2954.28,2743.41,2944.77,690260.07741,1979833188.0652046,1437394
2021-05-02,2944.83,2985.0,2852.26,2949.56,571982.5445,1672310882.2447007,1132280
2021-05-03,2949.33,3454.0,2949.32,3431.04,1329088.0628,4243786480.415151,2502746
2021-05-04,3431.04,3527.0,3160.0,3239.01,1826039.38558,6103102520.709462,3634236
2021-05-05,3239.01,3549.34,3200.23,3524.26,1174816.73588,3955994776.901158,2224441
2021-05-06,3524.33,3605.4,3376.47,3489.73,920592.57706,3213427394.7772655,1703109
2021-05-07,3489.74,3587.0,3353.23,3479.53,760544.64781,2641740668.4696465,1382532
2021-05-08,3479.79,3958.33,3449.27,3910.26,1130467.54852,4170897763.922394,2146967
2021-05-09,3910.26,3983.65,3726.08,3923.95,1000401.0082,3885039042.6637073,2289303
2021-05-10,3923.95,4208.0,3650.0,3945.88,1505897.92612,6079977785.411387,3033133
2021-05-11,3946.63,4180.22,3771.64,4173.45,1095927.10403,4350260231.588787,2290977
2021-05-12,4173.46,4372.72,3701.58,3823.21,1601842.74017,6673102683.974241,3188941
2021-05-13,3810.15,4034.77,3500.0,3717.91,2068708.17427,7846531159.419687,3943562
2021-05-14,3717.92,4173.28,3691.35,4075.01,1153390.42631,4569415542.247888,2227244
2021-05-15,4075.02,4134.05,3632.0,3646.68,1039174.88082,4030586492.9649377,2055345
2021-05-16,3646.24,3879.0,3343.06,3582.1,1324065.65875,4788918304.497996,2532983
2021-05-17,3581.81,3587.06,3102.0,3282.51,1904012.43998,6401071580.734826,2885352
2021-05-18,3282.25,3565.71,3240.0,3375.07,1287110.84143,4392873871.822427,2143887
2021-05-19,3375.08,3441.73,1888.0,2438.92,4309836.31939,11641524166.98746,5548968
2021-05-20,2438.92,2990.05,2155.0,2768.62,2942777.9301,7750201898.667441,4243052
2021-05-21,2767.87,2938.54,2101.0,2430.98,2727031.93514,6898701128.841128,3676164
2021-05-22,2430.98,2485.0,2145.0,2294.87,1684318.01157,3934313840.470727,2484734
2021-05-23,2295.45,2381.57,1728.74,2096.39,2914548.73125,5907260139.54496,3761018
2021-05-24,2096.63,2675.0,2079.94,2648.43,2186632.92245,5180244966.7212305,3299296
2021-05-25,2647.92,2750.0,2378.54,2705.11,2115349.50445,5442737549.401259,2976859
2021-05-26,2705.1,2910.0,2643.0,2884.94,1583799.59251,4416389128.58148,2726537
2021-05-27,2884.82,2889.74,2633.68,2742.23,1099029.91206,3033719144.340213,1732113
2021-05-28,2742.23,2762.45,2327.38,2412.1,1554584.61362,3934662309.0444226,2184249
2021-05-29,2412.34,2574.27,2204.1,2278.74,1379427.18851,3288804154.831871,1887733
2021-05-30,2278.74,2476.42,2180.53,2385.98,1151113.19883,2726606138.631717,1519005
2021-05-31,2385.82,2720.0,2271.44,2706.15,1307958.04068,3277131772.1340704,1849177
2021-06-01,2706.15,2740.0,2523.74,2634.57,1179577.10806,3081355010.9534516,1790186
2021-06-02,2634.31,2802.99,2550.0,2706.22,970070.53563,2616566301.6287875,1349232
2021-06-03,2706.21,2891.95,2662.4,2857.25,1024290.89423,2874856613.490244,1620340
2021-06-04,2857.25,2860.0,2552.0,2689.51,1188314.11191,3175186750.490876,1775946
2021-06-05,2689.54,2816.87,2552.23,2627.73,961824.12413,2575726370.430859,1670498
2021-06-06,2627.63,2745.0,2614.0,2711.92,673792.69369,1814112037.5335102,1336460
2021-06-07,2711.92,2847.55,2570.0,2592.05,1152128.07856,3149245176.9112635,1926275
2021-06-08,2592.05,2620.99,2304.91,2507.23,1693747.42759,4201646662.8817344,2128256
2021-06-09,2507.43,2626.63,2405.28,2610.18,1276718.24011,3223323188.070379,1763686
2021-06-10,2610.2,2624.46,2425.11,2471.09,741237.49926,1874571746.4354444,978237
2021-06-11,2471.01,2497.99,2321.37,2354.01,587364.27358,1424975261.8077207,885172
2021-06-12,2354.09,2454.53,2256.22,2370.74,767439.4984,1807036943.9986246,1127302
2021-06-13,2370.64,2548.41,2308.41,2509.33,715948.75986,1724097564.334307,1217504
2021-06-14,2509.33,2609.17,2461.0,2580.77,684183.55622,1730260219.1338103,1118498
2021-06-15,2580.58,2640.0,2507.7,2543.54,599826.64933,1548303436.0627651,1044834
2021-06-16,2543.55,2556.19,2351.18,2367.89,624741.78358,1533734359.4130068,896073
2021-06-17,2368.02,2460.5,2306.0,2373.28,560667.58566,1338389545.0014825,961448
2021-06-18,2373.28,2378.0,2139.0,2234.09,778905.20197,1758827532.8833418,1067542
2021-06-19,2234.09,2278.82,2161.67,2164.67,496872.24997,1104923869.4185991,763820
2021-06-20,2165.34,2280.01,2040.68,2243.47,743883.64741,1599009750.5269032,1035537
2021-06-21,2243.49,2260.16,1865.54,1885.49,1629819.66576,3252129521.677504,2014010
2021-06-22,1885.27,1998.0,1700.48,1879.28,1695338.08052,3158928001.1311445,1856357
2021-06-23,1879.29,2045.0,1821.95,1968.14,918612.30494,1817518228.910071,1141790
2021-06-24,1967.95,2036.61,1884.79,1989.52,701231.67478,1377799766.499455,833337
2021-06-25,1989.53,2019.99,1791.22,1808.82,858808.54767,1612556879.1072812,1041338
2021-06-26,1808.97,1852.8,1717.32,1829.64,832315.14904,1478550576.564645,923226
2021-06-27,1829.84,1984.5,1804.26,1982.28,696055.79307,1299521992.0717993,1091206
2021-06-28,1982.27,2145.0,1960.52,2084.41,1044244.68308,2138998047.8776278,1657087
2021-06-29,2084.42,2245.0,2073.57,2165.33,831257.23277,1804733069.9829893,1536044
2021-06-30,2165.46,2287.78,2087.99,2275.68,910583.6032,1973676680.873127,1464112
2021-07-01,2275.68,2275.93,2073.12,2106.41,787865.25137,1688043308.127257,1414518
2021-07-02,2106.41,2160.0,2018.5,2154.13,672282.37476,1397269246.2664564,862561
2021-07-03,2153.95,2240.0,2112.01,2226.99,569264.801,1248888441.2531536,922576
2021-07-04,2226.99,2389.93,2189.58,2322.69,590656.25069,1365904900.349907,1204553
2021-07-05,2322.69,2324.64,2157.32,2196.53,781806.31605,1753862827.3791046,1264204
2021-07-06,2196.85,2350.0,2193.0,2322.5,785330.17152,1803108194.4684093,1326163
2021-07-07,2322.51,2409.0,2291.9,2316.57,666501.35572,1570553094.6375713,1113578
2021-07-08,2316.25,2325.6,2084.79,2116.33,880265.04124,1926184139.309848,1234614
2021-07-09,2116.32,2189.4,2046.51,2146.99,738611.36304,1568646237.310995,867603
2021-07-10,2146.99,2194.82,2074.16,2110.69,499071.85904,1058023794.511424,646476
2021-07-11,2110.68,2174.0,2081.02,2140.45,342294.40302,727911535.268998,479138
2021-07-12,2140.54,2167.83,2006.68,2031.58,540630.10742,1126108847.3713691,725803
2021-07-13,2031.57,2047.35,1918.0,1940.15,647388.24969,1287490852.461495,902810
2021-07-14,1940.44,2019.18,1865.0,1994.58,690505.60937,1342931974.3496466,936438
2021-07-15,1994.41,2042.88,1881.0,1919.51,645271.32563,1251834409.941772,865033
2021-07-16,1919.54,1965.0,1850.0,1876.26,577068.89724,1097832472.3221335,721120
2021-07-17,1876.47,1919.19,1844.45,1899.59,430300.51578,810628641.2579023,576008
2021-07-18,1899.5,1993.79,1877.1,1891.64,534837.63654,1038104997.5220178,768528
2021-07-19,1891.65,1919.0,1805.0,1818.73,547419.93771,1011627398.9238826,641063
2021-07-20,1818.73,1841.34,1706.0,1786.03,786257.272,1386498470.3401668,943640
2021-07-21,1786.03,2035.23,1747.55,1995.5,1115949.82033,2138345813.7854452,1304423
2021-07-22,1995.5,2046.0,1947.62,2024.56,768854.3659,1536669128.5204518,1074800
2021-07-23,2024.27,2130.9,1993.22,2124.25,708160.91322,1455496732.0516536,1035643
2021-07-24,2124.26,2199.5,2105.58,2184.75,633075.18592,1360667031.9830072,1056670
2021-07-25,2184.9,2197.41,2105.93,2189.79,535630.27,1154562327.653945,941623
2021-07-26,2189.82,2433.65,2171.57,2228.08,1393738.163,3222622416.2567244,2252910
2021-07-27,2227.81,2319.26,2150.5,2299.49,906359.23478,2025582065.4137945,1502763
2021-07-28,2299.47,2345.0,2243.15,2300.9,718202.57727,1649860557.2934496,1287050
2021-07-29,2300.9,2400.0,2266.12,2382.92,499364.83496,1157988358.946293,1036449
2021-07-30,2382.93,2471.7,2315.92,2461.81,762577.28797,1824191451.558631,1428312
2021-07-31,2461.77,2553.86,2420.68,2531.05,507601.05026,1253810139.1383708,1007386
2021-08-01,2531.1,2697.61,2511.24,2555.69,853495.94078,2217485596.778454,1810440
2021-08-02,2555.5,2666.0,2507.0,2606.93,726701.84952,1887684672.4710493,1596914
2021-08-03,2606.92,2632.44,2442.32,2509.04,792960.84375,1986976146.0041504,1701919
2021-08-04,2508.51,2772.71,2457.68,2724.78,954590.7536,2498364633.894655,1839302
2021-08-05,2724.55,2843.98,2529.91,2826.99,1307720.20654,3553456266.77197,2690052
2021-08-06,2827.01,2946.75,2720.06,2891.58,825399.48637,2334160884.1259294,1873337
2021-08-07,2891.54,3171.0,2865.5,3160.31,1205277.10095,3673732670.317354,2318608
2021-08-08,3160.48,3189.99,2949.03,3011.85,966349.70579,2979960615.1300263,1771162
2021-08-09,3011.84,3186.0,2893.23,3160.52,1129584.61614,3453771928.0603356,2114151
2021-08-10,3160.51,3233.0,3051.22,3141.66,880675.74443,2763516346.6677885,1824522
2021-08-11,3141.14,3274.0,3120.27,3160.5,732546.60433,2351996141.79722,1786853
2021-08-12,3160.4,3239.0,2979.29,3045.96,737628.45808,2283938414.771762,1587719
2021-08-13,3046.11,3327.83,3033.8,3322.32,579333.40323,1867199038.7077763,1311322
2021-08-14,3322.33,3330.98,3200.0,3263.16,486102.53787,1587713825.6861787,1014420
2021-08-15,3263.16,3320.0,3111.13,3307.09,565579.67765,1813755247.625386,1224556
2021-08-16,3307.35,3335.0,3135.22,3146.53,635667.05422,2062860388.3954494,1940766
2021-08-17,3147.18,3290.0,2991.89,3011.72,804996.06971,2535149204.5375986,1644472
2021-08-18,3011.73,3125.81,2950.0,3014.55,625103.25568,1902429362.9636242,1093813
2021-08-19,3014.18,3188.0,2958.33,3184.12,634769.92174,1931520693.610396,1297759
2021-08-20,3184.11,3300.0,3177.16,3284.82,558127.4554,1809283029.2179065,1137843
2021-08-21,3284.81,3309.16,3207.0,3223.43,421156.09084,1375973641.1631632,777622
2021-08-22,3223.36,3272.0,3126.42,3238.0,406479.07654,1304347038.5713573,803263
2021-08-23,3238.0,3377.89,3230.02,3321.28,602103.44614,2000534992.1483486,1520784
2021-08-24,3321.28,3357.85,3147.31,3170.62,540480.07853,1758604481.5998473,984324
2021-08-25,3170.63,3248.0,3080.0,3226.87,483697.69444,1534476278.2531996,1031704
2021-08-26,3226.88,3250.0,3053.3,3093.2,442298.47372,1382397989.4504704,959232
2021-08-27,3093.06,3280.0,3060.18,3273.45,451027.80711,1434311977.245256,802187
2021-08-28,3273.89,3287.0,3210.31,3244.48,262360.34921,850631439.0532795,539377
2021-08-29,3244.75,3285.0,3152.34,3223.47,335806.7827,1078681950.902087,661232
2021-08-30,3223.47,3347.95,3143.0,3229.64,625347.27541,2027490192.4973872,1228525
2021-08-31,3229.14,3476.0,3188.77,3429.2,863071.13092,2895209449.707765,1772849
2021-09-01,3429.19,3842.0,3382.22,3826.82,845759.95868,3038498667.85424,2022132
2021-09-02,3826.82,3836.8,3717.04,3785.82,525165.7996,1981758437.085756,1402190
2021-09-03,3785.82,4027.88,3705.05,3938.11,655903.75739,2557662974.330016,1678132
2021-09-04,3938.11,3970.0,3832.5,3885.52,364478.1193,1422981232.233712,996623
2021-09-05,3885.61,3980.0,3830.0,3950.29,365759.8597,1432553302.476841,1083584
2021-09-06,3950.28,3970.0,3864.3,3926.77,397768.5783,1562560096.37577,865160
2021-09-07,3926.67,3947.15,3005.0,3434.57,1203536.00209,4298119218.282754,2359100
2021-09-08,3434.84,3560.0,3215.16,3499.0,780611.7657,2665272033.980108,1783652
2021-09-09,3499.01,3567.06,3390.4,3424.93,628553.8831,2194182935.338638,1147283
2021-09-10,3424.94,3514.11,3150.0,3208.86,633026.2659,2107283581.30531,1128069
2021-09-11,3208.85,3348.37,3200.0,3267.21,413524.1761,1355587141.453793,833958
2021-09-12,3267.1,3474.16,3231.1,3404.21,408858.9595,1379322044.697631,1089138
2021-09-13,3404.3,3430.3,3108.49,3285.35,647855.7199,2103663103.067748,1363198
2021-09-14,3285.09,3437.05,3269.95,3434.37,373634.9026,1249733657.132103,894664
2021-09-15,3434.37,3616.16,3357.78,3613.55,428507.5278,1486156273.791875,977023
2021-09-16,3613.55,3676.28,3481.14,3567.98,467985.4919,1680487713.224465,1081868
2021-09-17,3567.97,3594.17,3350.07,3399.81,398888.3705,1383268101.517886,867583
2021-09-18,3399.89,3541.96,3368.88,3435.64,315162.7627,1090387917.429689,692204
2021-09-19,3435.64,3456.53,3277.74,3328.62,312948.0013,1052980779.84908,687285
2021-09-20,3328.57,3347.82,2913.39,2977.28,917939.57849,2834781758.8926153,1708278
2021-09-21,2977.32,3105.83,2652.0,2765.9,971519.88941,2827179157.4349656,1754962
2021-09-22,2766.72,3088.88,2737.54,3076.92,677457.64825,1993084668.614384,1200519
2021-09-23,3076.92,3174.5,3033.85,3152.5,459293.8858,1428616217.718121,885568
2021-09-24,3152.41,3158.52,2733.0,2928.53,932090.8856,2715718192.370976,1607374
2021-09-25,2928.22,2967.52,2801.57,2921.73,491974.0226,1428143403.478111,934301
2021-09-26,2921.84,3115.51,2738.17,3059.37,703594.478,2062409598.894876,1347301
2021-09-27,3059.36,3164.94,2922.71,2925.59,510130.7319,1564096695.372967,1043885
2021-09-28,2924.76,2970.82,2789.0,2804.91,511325.4643,1477983245.669702,928494
2021-09-29,2805.15,2950.0,2782.0,2850.45,411305.0893,1180681056.162314,748804
2021-09-30,2850.45,3048.42,2837.19,3000.61,506896.7612,1514341937.307116,992243
2021-10-01,3000.62,3330.0,2969.07,3309.91,648714.6151,2063112280.667791,1446386
2021-10-02,3309.91,3469.0,3257.0,3387.76,422551.1811,1417055615.816637,1046194
2021-10-03,3387.77,3488.0,3342.51,3417.73,360586.8905,1231536168.315363,816339
2021-10-04,3417.73,3437.19,3270.0,3386.31,485204.642,1631562261.554976,1090407
2021-10-05,3386.31,3545.0,3363.78,3515.27,393900.8818,1355905889.610947,1025512
2021-10-06,3515.48,3632.11,3342.0,3574.89,618265.5402,2172519696.562985,1444856
2021-10-07,3574.88,3653.98,3470.8,3587.47,486102.3591,1736906584.27609,1252503
2021-10-08,3587.47,3695.0,3532.0,3563.13,403597.1437,1455713871.288283,1084792
2021-10-09,3563.13,3635.0,3538.07,3574.82,361906.7514,1299757023.499163,1175683
2021-10-10,3574.83,3604.0,3405.0,3414.22,580223.6302,2049128230.344259,1765439
2021-10-11,3414.22,3623.8,3371.0,3542.12,493521.882,1743391083.658808,1110340
2021-10-12,3542.12,3547.11,3403.21,3491.46,409377.1918,1425455761.406618,925699
2021-10-13,3491.43,3613.0,3412.7,3607.42,393463.1222,1376610269.516408,902525
2021-10-14,3607.41,3824.0,3586.04,3790.82,481894.1473,1792792932.944189,1430307
2021-10-15,3790.82,3907.77,3734.1,3868.99,504321.732,1924965953.858499,1399937
2021-10-16,3868.38,3971.0,3803.56,3829.96,373727.8549,1452752901.397648,1037769
2021-10-17,3829.96,3919.19,3640.0,3846.85,368898.9831,1406207658.840768,1025324
2021-10-18,3847.0,3893.14,3676.0,3744.96,401819.9734,1520728621.310328,994548
2021-10-19,3744.96,3886.89,3732.0,3877.03,341268.3723,1300066269.933142,925015
2021-10-20,3876.98,4169.0,3828.05,4161.15,537383.09732,2149449047.3673105,1766454
2021-10-21,4161.37,4375.0,4013.13,4052.99,798566.55805,3335123440.9982123,2380751
2021-10-22,4053.0,4167.41,3888.0,3972.2,463222.5428,1872218697.851097,1133846
2021-10-23,3972.19,4172.0,3937.51,4167.12,326576.9601,1323345505.757517,940891
2021-10-24,4167.13,4186.57,3961.5,4082.33,350115.8386,1421627004.334803,917969
2021-10-25,4082.33,4236.0,4067.71,4220.37,347438.6534,1445430078.54488,939963
2021-10-26,4220.36,4297.0,4090.21,4131.52,414498.1599,1739912498.469915,1285913
2021-10-27,4131.52,4307.0,3909.0,3922.0,704604.25,2874313313.398058,1872190
2021-10-28,3921.99,4295.0,3890.17,4286.02,626378.5055,2587268364.261439,1711575
2021-10-29,4286.01,4460.47,4265.97,4418.89,559231.07691,2440933126.0486555,1799386
2021-10-30,4418.89,4434.06,4232.2,4322.68,340223.069,1469664811.936835,1035476
2021-10-31,4322.68,4399.14,4164.35,4287.21,412856.2893,1764886607.687624,1303438
2021-11-01,4287.48,4386.58,4146.3,4319.43,417620.7073,1794319887.30236,1134036
2021-11-02,4319.43,4599.6,4284.43,4589.89,468184.79301,2083371519.8068273,1657233
2021-11-03,4589.68,4665.87,4455.0,4603.35,448658.35125,2051737308.012625,1580640
2021-11-04,4603.35,4606.65,4420.08,4532.32,368218.25695,1663942873.793036,1019675
2021-11-05,4532.31,4570.05,4438.8,4474.24,305651.7244,1375503505.227947,893068
2021-11-06,4474.24,4530.0,4326.17,4518.0,322154.0973,1429791261.319524,868676
2021-11-07,4518.0,4637.98,4502.37,4612.59,243596.5952,1115635571.36518,834745
2021-11-08,4612.59,4822.97,4612.0,4807.98,391102.31806,1850800839.6928575,1344244
2021-11-09,4807.98,4838.28,4713.89,4732.33,311267.57998,1489567265.6696913,995668
2021-11-10,4732.33,4868.0,4461.93,4628.78,553596.99163,2600175501.1604886,1492374
2021-11-11,4628.68,4779.0,4576.47,4719.0,303688.9765,1425610198.742417,909164
2021-11-12,4719.0,4809.71,4507.85,4665.46,461580.0415,2146130116.871767,1206412
2021-11-13,4665.47,4707.6,4584.08,4644.28,220720.6611,1026142451.546252,731125
2021-11-14,4644.27,4696.05,4514.12,4626.5,245309.0674,1126786539.405778,623491
2021-11-15,4626.5,4772.01,4540.0,4563.78,375421.6601,1752738875.791921,1061676
2021-11-16,4563.77,4563.77,4103.0,4209.76,735857.063,3163788841.066021,1741259
2021-11-17,4209.59,4299.91,4063.48,4287.8,472852.1842,1980248927.711231,1146593
2021-11-18,4288.07,4344.81,3956.44,3996.9,576945.1837,2387588164.850108,1319866
2021-11-19,3996.9,4308.97,3973.01,4294.76,420045.0897,1740904041.283998,984517
2021-11-20,4294.75,4435.88,4199.86,4412.17,365584.578,1577172914.216076,888090
2021-11-21,4412.17,4451.0,4242.41,4258.31,340206.3203,1479842945.950397,836925
2021-11-22,4259.7,4320.0,4022.74,4085.97,518501.3338,2167112891.865733,1162581
2021-11-23,4086.28,4385.59,4059.62,4339.44,502811.7902,2125825553.222323,1098270
2021-11-24,4339.45,4373.94,4167.65,4269.36,448727.0306,1913428104.737214,990018
2021-11-25,4270.1,4550.0,4248.27,4524.85,445868.2434,1962939107.447745,1123629
2021-11-26,4524.48,4551.0,3913.0,4041.2,720245.1612,2994490664.021844,1654553
2021-11-27,4041.2,4183.66,4028.34,4095.29,275326.5202,1133169071.35039,723831
2021-11-28,4095.29,4298.51,3964.0,4294.78,346471.3551,1421535999.752079,842343
2021-11-29,4294.77,4458.92,4276.89,4444.53,406881.2284,1772611136.392454,947503
2021-11-30,4444.54,4753.0,4346.36,4630.26,743024.4662,3391424543.472383,1808789
2021-12-01,4630.25,4778.75,4523.99,4582.95,508198.3105,2382156066.737272,1367302
2021-12-02,4582.95,4634.83,4433.0,4511.21,451861.9545,2047468326.802657,1062149
2021-12-03,4511.35,4654.88,4032.5,4215.73,677974.8659,2972156867.637412,1516700
2021-12-04,4215.01,4238.59,3503.68,4117.25,1111773.1451,4370074804.513231,2264288
2021-12-05,4117.25,4248.19,4031.39,4196.44,536325.4413,2224220852.279197,1088546
2021-12-06,4196.44,4376.15,3921.0,4347.59,726742.9638,2991267298.82173,1447061
2021-12-07,4347.57,4425.0,4255.92,4306.4,420749.751,1830621575.426944,986492
2021-12-08,4306.4,4450.49,4222.95,4436.91,429403.9351,1868281437.565388,991178
2021-12-09,4436.91,4488.0,4076.16,4105.64,462173.711,1970732612.694487,1038790
2021-12-10,4105.64,4231.08,3887.37,3897.94,563236.5671,2287155262.156313,1098758
2021-12-11,3898.31,4097.08,3828.22,4089.37,427853.4343,1711893271.974861,831899
2021-12-12,4089.68,4173.63,3986.25,4130.0,260535.5157,1061361793.041272,591319
2021-12-13,4130.0,4142.75,3671.45,3781.93,533467.2307,2068534029.551105,1144882
2021-12-14,3781.92,3882.74,3685.0,3858.99,395145.7462,1499985094.813692,915721
2021-12-15,3858.99,4092.22,3643.73,4019.08,542068.0573,2102151850.114585,1238234
2021-12-16,4019.54,4113.43,3942.11,3958.11,368780.031,1489983161.888796,848885
2021-12-17,3959.11,3994.1,3700.0,3875.42,463370.9225,1789265513.242975,1052871
2021-12-18,3875.43,3996.93,3767.01,3959.93,339593.2543,1326617546.276588,740899
2021-12-19,3959.93,4032.43,3884.0,3924.14,306006.323,1208752533.595065,688078
2021-12-20,3924.14,3983.37,3753.0,3944.73,366916.4771,1416566980.691001,844070
2021-12-21,3944.72,4063.0,3913.21,4014.15,340826.3553,1364232642.488108,799127
2021-12-22,4014.41,4074.87,3933.4,3979.51,303191.8076,1215914916.525937,675826
2021-12-23,3979.51,4150.0,3893.23,4111.41,380207.8166,1525274496.506047,911905
2021-12-24,4111.41,4134.84,4017.17,4046.36,230833.1661,943702137.854923,593513
2021-12-25,4046.35,4137.91,4018.62,4094.83,208126.8805,846912042.129082,515115
2021-12-26,4094.36,4105.0,4000.0,4063.56,189309.255,767315615.268866,496076
2021-12-27,4063.57,4127.46,4031.0,4037.23,222225.3761,905682624.776776,557367
2021-12-28,4037.22,4037.23,3759.36,3792.75,358064.7163,1393962041.501678,846780
2021-12-29,3792.75,3827.78,3604.2,3630.19,302753.6375,1136202240.431213,719559
2021-12-30,3630.18,3769.1,3585.0,3709.27,249263.7305,921537785.386881,583361
2021-12-31,3709.27,3815.0,3622.29,3676.23,268014.2942,1001765030.138141,617370
2022-01-01,3676.22,3776.45,3673.46,3765.54,154143.8968,574718328.452744,408666
2022-01-02,3765.54,3857.44,3717.3,3828.27,154791.4263,585374957.73046,450610
2022-01-03,3828.11,3853.09,3680.0,3765.89,236245.8586,892944105.552994,594541
2022-01-04,3765.89,3900.73,3713.11,3785.11,288258.5549,1098182607.925726,676651
2022-01-05,3785.1,3848.0,3415.0,3540.63,397942.0363,1464819255.093511,962670
2022-01-06,3539.82,3550.43,3300.0,3406.81,496745.7413,1698727637.365026,1006279
2022-01-07,3406.81,3416.76,3064.42,3199.24,669631.7262,2149562773.329257,1307591
2022-01-08,3198.68,3250.0,3000.0,3080.95,400692.1061,1252795163.486269,814600
2022-01-09,3080.98,3211.72,3057.35,3151.97,275874.1643,864505480.881738,591523
2022-01-10,3151.97,3185.0,2928.83,3082.68,529818.3866,1616550523.097201,935157
2022-01-11,3082.87,3263.54,3051.8,3239.72,362446.7087,1145852583.62298,668961
2022-01-12,3239.73,3411.43,3206.2,3371.26,370465.8015,1226038697.472902,737196
2022-01-13,3371.6,3410.0,3233.43,3240.61,336234.8799,1116293607.687924,666486
2022-01-14,3240.61,3342.79,3188.0,3307.42,285326.3505,931347172.762881,572125
2022-01-15,3307.42,3371.64,3261.0,3326.04,203100.3778,675484534.656949,444485
2022-01-16,3326.51,3393.6,3269.62,3346.88,210782.2277,701885138.83374,495317
2022-01-17,3346.89,3357.57,3141.1,3209.67,284063.6548,922568646.923763,646419
2022-01-18,3209.68,3243.87,3082.0,3159.85,299134.2728,943140782.389924,579484
2022-01-19,3159.85,3174.87,3000.0,3084.02,332996.5703,1035249881.473593,647383
2022-01-20,3084.02,3273.37,2987.15,3001.48,357596.7062,1124982397.810134,718946
2022-01-21,3001.48,3034.12,2403.0,2568.15,1022021.70024,2828122722.883165,1723216
2022-01-22,2567.47,2626.0,2300.0,2412.18,1081357.54893,2652383041.9991856,1994513
2022-01-23,2412.18,2556.78,2370.8,2539.01,580497.7613,1431696375.615066,1053655
2022-01-24,2539.0,2539.75,2159.0,2439.29,1123134.70389,2592832133.2002006,1848889
2022-01-25,2439.56,2506.55,2348.96,2458.83,510152.954,1237051148.4309,946366
2022-01-26,2459.04,2722.0,2402.03,2462.99,806441.62289,2058599145.3419724,1384921
2022-01-27,2463.0,2521.0,2316.43,2424.25,599481.7159,1448742950.458556,1029204
2022-01-28,2424.02,2558.98,2357.88,2544.99,485149.8065,1183543182.408244,884305
2022-01-29,2544.99,2636.66,2520.01,2601.43,376666.8246,966725225.782995,656017
2022-01-30,2601.43,2640.0,2542.5,2601.68,290770.0859,755039834.565121,564478
2022-01-31,2601.67,2706.77,2476.07,2686.94,444584.851,1154488527.579429,814997
2022-02-01,2686.94,2813.0,2673.52,2787.23,390034.27362,1075341490.803359,790343
2022-02-02,2787.48,2810.88,2612.72,2680.67,447852.1228,1215958780.122614,819863
2022-02-03,2680.25,2726.64,2576.05,2695.46,405043.3931,1068724165.621823,726013
2022-02-04,2695.21,2995.0,2671.4,2994.99,664002.9328,1889746043.715049,1235215
2022-02-05,2994.99,3060.47,2958.01,3012.65,356803.3071,1073972573.348673,730502
2022-02-06,3012.64,3074.56,2950.21,3054.99,249394.5966,749957614.968609,522276
2022-02-07,3055.0,3186.0,2991.8,3139.77,455070.2529,1410603197.756882,898923
2022-02-08,3139.77,3232.87,3025.21,3116.69,514773.5837,1602652876.881495,910882
2022-02-09,3116.69,3269.7,3055.0,3243.94,370267.8913,1171445663.964222,738015
2022-02-10,3243.6,3283.66,3056.74,3072.49,578212.8383,1839815885.635639,1039160
2022-02-11,3072.36,3138.62,2879.0,2927.54,462025.8751,1404238408.517842,912879
2022-02-12,2927.54,2985.98,2858.3,2918.88,336250.3131,981432045.703354,608416
2022-02-13,2918.58,2954.4,2836.7,2871.13,242751.3547,705260941.483037,444540
2022-02-14,2871.14,2964.97,2829.01,2929.75,381778.238,1107566192.889658,607853
2022-02-15,2929.75,3196.19,2912.06,3183.52,448971.754,1381094746.210811,795924
2022-02-16,3183.53,3186.77,3044.03,3122.3,319997.6244,999219896.168787,633447
2022-02-17,3122.31,3160.0,2851.55,2891.87,488693.2624,1467352492.887897,840552
2022-02-18,2891.88,2943.97,2750.0,2779.48,502977.4069,1428246802.953186,742459
2022-02-19,2779.3,2830.96,2694.45,2763.63,293838.0025,812399991.55453,474447
2022-02-20,2763.63,2764.64,2576.0,2621.99,386384.904,1023095361.857724,615990
2022-02-21,2621.99,2759.51,2558.0,2568.02,761838.9858,2030019705.147237,1116485
2022-02-22,2568.03,2665.74,2500.0,2636.29,692639.4942,1787436157.608267,1047915
2022-02-23,2636.28,2753.55,2575.83,2579.71,504470.1412,1347740672.085344,839481
2022-02-24,2579.7,2740.0,2300.0,2596.2,1395732.7753,3417715584.187025,1774038
2022-02-25,2596.26,2834.97,2571.72,2768.49,679394.1762,1818778014.603611,1102014
2022-02-26,2768.05,2878.0,2727.5,2779.47,418485.2529,1169315477.8095,781683
2022-02-27,2779.47,2836.33,2557.98,2616.79,650198.7785,1757950720.803781,1149184
2022-02-28,2616.79,2951.6,2568.62,2920.95,733794.4488,2004492152.838274,1203874
2022-03-01,2920.83,3037.94,2854.09,2976.33,673901.6976,1983738648.091627,1237486
2022-03-02,2976.33,3043.91,2914.21,2947.3,614623.7461,1828572588.461256,1050193
2022-03-03,2947.31,2970.97,2785.0,2833.99,446192.2353,1282099960.458349,770738
2022-03-04,2834.0,2836.17,2573.0,2622.1,556178.7588,1499282207.482794,934846
2022-03-05,2622.11,2685.12,2589.38,2665.15,268730.3036,709708518.862464,531829
2022-03-06,2665.16,2676.29,2535.0,2551.29,336487.9099,881200532.285509,528787
2022-03-07,2551.3,2649.0,2445.0,2491.12,620171.6787,1575658962.135642,870430
2022-03-08,2491.12,2624.0,2480.15,2575.97,561659.7421,1438848034.008704,812094
2022-03-09,2575.98,2775.85,2567.7,2726.98,562771.7403,1524779168.022153,840331
2022-03-10,2726.98,2733.25,2550.27,2606.7,559029.9377,1460470256.475736,740676
2022-03-11,2606.69,2676.78,2522.57,2556.86,494583.6568,1281060913.835518,684407
2022-03-12,2556.86,2616.79,2553.39,2568.8,219236.5711,567134036.896676,327122
2022-03-13,2568.8,2603.32,2493.0,2515.65,316942.1601,811775081.557994,444352
2022-03-14,2515.66,2609.6,2498.67,2589.41,386630.1912,991479973.091494,609122
2022-03-15,2589.42,2669.0,2507.0,2617.73,461202.3014,1189436494.535537,686797
2022-03-16,2617.74,2788.0,2603.38,2773.81,666224.7217,1792497068.36131,1055171
2022-03-17,2773.8,2836.0,2746.42,2811.92,379312.541,1058301299.033757,597885
2022-03-18,2811.91,2984.0,2765.59,2938.92,556535.7966,1590887965.76135,794774
2022-03-19,2938.84,2987.7,2890.86,2950.84,325971.5398,961244629.511118,556406
2022-03-20,2950.85,2964.17,2817.21,2861.38,377608.8214,1089196046.052685,651827
2022-03-21,2861.39,2960.57,2829.81,2890.03,450223.9073,1305282353.585495,690648
2022-03-22,2890.03,3052.85,2886.43,2969.64,564868.9839,1692559175.066055,920670
2022-03-23,2969.64,3045.2,2920.65,3036.0,453962.7298,1350911495.416662,813052
2022-03-24,3035.99,3129.11,2999.11,3110.76,577171.5239,1768485489.446136,853822
2022-03-25,3110.75,3193.28,3076.0,3102.14,489099.5572,1532535177.917052,745999
2022-03-26,3102.13,3153.2,3084.9,3145.0,207134.847,646551585.682247,403089
2022-03-27,3145.01,3299.37,3126.02,3295.65,335467.4145,1072163952.322084,645675
2022-03-28,3295.65,3431.15,3275.01,3332.92,527237.1133,1766636914.051384,964079
2022-03-29,3332.91,3481.87,3329.68,3400.51,465899.8226,1590016971.388558,884317
2022-03-30,3400.51,3446.9,3331.84,3385.79,356082.5231,1206555998.567904,675015
2022-03-31,3385.8,3444.83,3261.35,3281.51,455091.2395,1526047563.602515,770564
2022-04-01,3281.51,3481.29,3210.68,3455.21,532169.2392,1780259682.532936,883079
2022-04-02,3455.2,3532.2,3433.14,3443.77,499893.29,1740311567.806437,763785
2022-04-03,3443.77,3580.34,3412.11,3521.91,381581.7683,1334671716.892238,619758
2022-04-04,3521.9,3547.0,3405.97,3519.5,449984.1586,1564866359.686716,810677
2022-04-05,3519.5,3555.0,3400.0,3406.99,397782.7437,1383264215.874245,674184
2022-04-06,3407.0,3407.5,3162.39,3168.51,736273.1047,2411228209.986985,1098773
2022-04-07,3168.52,3268.98,3143.15,3227.19,458179.3272,1470465124.58207,706382
2022-04-08,3227.2,3314.02,3173.52,3192.39,502422.5048,1634901495.645322,810752
2022-04-09,3192.39,3268.4,3181.28,3258.57,212444.2566,683630508.159035,386154
2022-04-10,3258.57,3307.22,3193.0,3203.04,232303.2326,756032282.614135,439811
2022-04-11,3203.04,3213.63,2950.0,2979.74,693394.2912,2127486125.62208,969832
2022-04-12,2979.75,3085.0,2950.0,3027.66,579522.9505,1750871209.720005,742214
2022-04-13,3027.65,3128.97,2996.86,3118.28,419101.494,1285303924.978813,623328
2022-04-14,3118.28,3145.0,2976.3,3021.98,408382.5572,1249759777.271426,540399
2022-04-15,3021.98,3060.92,2993.13,3040.56,249626.2981,755644733.734266,388136
2022-04-16,3040.57,3086.1,3010.03,3059.3,176352.4165,536234354.297344,298000
2022-04-17,3059.3,3083.0,2981.7,2988.06,243772.074,742151590.621933,389959
2022-04-18,2988.07,3069.6,2883.22,3055.56,510251.6536,1508168472.867298,703622
2022-04-19,3055.56,3131.0,3030.34,3101.77,359375.0038,1106468538.117098,521060
2022-04-20,3101.74,3166.5,3036.45,3076.04,415000.0685,1285353922.303612,571292
2022-04-21,3076.03,3180.0,2942.31,2983.58,562699.697,1736496193.473973,719659
2022-04-22,2983.57,3034.32,2930.35,2962.39,452433.082,1350044345.250315,604084
2022-04-23,2962.39,2978.03,2913.89,2933.03,187576.7324,554261385.85153,348435
2022-04-24,2933.04,2967.06,2912.09,2921.0,218957.0222,643702920.89106,354013
2022-04-25,2920.99,3025.65,2797.01,3006.62,619198.3616,1789151245.676505,804935
2022-04-26,3006.63,3039.54,2767.0,2809.67,531184.3504,1544470478.04639,775652
2022-04-27,2809.68,2919.87,2794.46,2888.96,488951.2416,1401317315.552324,669916
2022-04-28,2888.95,2980.0,2853.83,2936.93,537392.9978,1567476627.908683,736818
2022-04-29,2936.92,2946.46,2776.63,2817.13,525978.147,1503869186.333024,678273
2022-04-30,2817.13,2841.63,2709.26,2726.66,367757.2469,1028113961.632706,577285
2022-05-01,2726.67,2849.9,2716.13,2824.81,442544.8792,1230927404.406151,539462
2022-05-02,2824.81,2894.22,2778.78,2856.54,521706.8567,1476062750.216177,625431
2022-05-03,2856.54,2861.47,2755.19,2781.7,371331.1796,1046307600.938906,490176
2022-05-04,2781.7,2965.85,2771.74,2940.64,548738.0668,1572901182.250391,742950
2022-05-05,2940.65,2954.65,2683.0,2747.97,734845.3194,2055752498.216567,935371
2022-05-06,2747.96,2758.18,2632.95,2692.85,711449.3234,1918267933.165302,813458
2022-05-07,2692.86,2704.36,2584.75,2635.34,371271.4532,987464053.430564,505005
2022-05-08,2635.35,2642.0,2484.0,2519.71,757615.3415,1930282594.659069,867730
2022-05-09,2519.71,2530.78,2225.0,2228.55,1574924.9793,3725676633.136297,1758980
2022-05-10,2229.0,2457.34,2200.0,2342.05,1550626.1387,3650912006.062748,1851225
2022-05-11,2342.04,2451.37,2005.0,2084.99,2022864.83806,4605757119.998099,2825340
2022-05-12,2084.99,2195.0,1800.0,1960.22,2305192.90836,4485518775.573885,2958830
2022-05-13,1960.22,2147.54,1940.23,2009.69,1134042.3387,2355144482.314068,1380079
2022-05-14,2009.69,2070.06,1951.21,2056.48,563788.3078,1136170835.745817,794510
2022-05-15,2056.47,2167.0,2000.68,2145.29,514398.2587,1067795595.552432,677163
2022-05-16,2145.29,2145.29,1979.12,2023.66,822070.8531,1672324751.612644,1046115
2022-05-17,2023.66,2122.42,2008.0,2090.72,568249.0448,1175068276.038261,820184
2022-05-18,2090.72,2110.72,1908.0,1915.11,631577.2341,1262292139.414203,803676
2022-05-19,1915.11,2040.39,1903.18,2019.55,741476.9794,1461787984.391026,946509
2022-05-20,2019.55,2064.0,1923.0,1959.08,576981.5371,1151839844.607967,840589
2022-05-21,1959.08,1990.86,1937.36,1975.07,238869.7632,470714672.584742,417873
2022-05-22,1975.06,2056.41,1966.33,2043.19,355735.1927,715445185.627839,540257
2022-05-23,2043.19,2088.5,1957.12,1973.32,636085.0224,1296599784.113311,809254
2022-05-24,1973.33,1993.83,1913.02,1979.41,534096.972,1047864199.932369,598082
2022-05-25,1979.4,2022.34,1934.61,1942.63,524786.3091,1034922798.422685,600224
2022-05-26,1942.64,1966.01,1735.0,1792.23,1168740.57514,2157585473.515414,1124028
2022-05-27,1792.24,1822.26,1703.0,1727.27,1296693.28537,2284866824.037575,1226454
2022-05-28,1727.26,1808.98,1722.26,1792.22,558271.1818,988074924.551089,645423
2022-05-29,1792.21,1827.4,1759.96,1813.64,432430.611,776046677.057929,447003
2022-05-30,1813.64,2013.0,1803.18,1998.78,814922.8359,1557925971.047644,848129
2022-05-31,1998.78,2016.45,1925.0,1941.9,751103.4226,1477853073.767754,791367
2022-06-01,1941.9,1972.58,1763.75,1817.95,1037841.2706,1954005475.230421,973159
2022-06-02,1817.96,1853.05,1782.42,1834.08,788784.4017,1434781730.184754,793304
2022-06-03,1834.09,1843.91,1737.0,1775.12,741282.5346,1319239612.462907,807046
2022-06-04,1775.13,1816.0,1748.43,1804.58,388279.4579,689062742.981284,402734
2022-06-05,1804.58,1830.17,1773.05,1806.23,371974.5061,670583716.956391,403935
2022-06-06,1806.22,1920.0,1804.35,1859.84,804250.3567,1509754495.64725,817039
2022-06-07,1859.84,1874.98,1725.13,1813.33,1397598.2288,2491786694.534087,1225296
2022-06-08,1813.33,1838.77,1765.28,1791.88,941510.1373,1696874614.384348,820627
2022-06-09,1791.88,1833.0,1777.33,1788.81,535310.9618,963245550.843159,528098
2022-06-10,1788.8,1804.32,1655.93,1662.91,955035.79239,1648304410.4463153,990969
2022-06-11,1662.91,1682.21,1496.74,1532.89,1220325.2542,1914818053.8337584,1030360
2022-06-12,1532.89,1547.0,1423.0,1434.84,1563225.37018,2311178755.269472,1192382
2022-06-13,1434.84,1455.0,1165.45,1209.82,3626351.66536,4611744120.817471,3047112
2022-06-14,1209.35,1268.45,1075.8,1208.9,2716493.80131,3217818700.1241937,2225812
2022-06-15,1208.9,1250.0,1014.4,1237.52,3114823.13621,3493040697.137657,2868796
2022-06-16,1237.53,1257.85,1051.55,1068.5,1447386.8304,1649596819.734239,1443117
2022-06-17,1068.5,1118.0,1051.11,1086.94,1220677.9491,1329091114.650089,1118997
2022-06-18,1086.93,1097.58,881.56,995.13,2308983.5187,2263399396.7537208,1911260
2022-06-19,995.12,1158.62,936.15,1128.53,2018599.4499,2092850317.951397,1796154
2022-06-20,1128.53,1170.0,1053.0,1128.24,1721772.9132,1910020862.813687,1585055
2022-06-21,1128.24,1194.0,1109.23,1125.85,1306095.3757,1500605189.572539,1295971
2022-06-22,1125.86,1127.33,1043.65,1050.19,1306959.8593,1420433701.91995,1132300
2022-06-23,1050.19,1155.0,1045.3,1144.72,1278257.0899,1415452039.241517,1031001
2022-06-24,1144.71,1245.43,1132.0,1225.02,1337137.483,1589113478.228719,1232149
2022-06-25,1225.02,1256.77,1180.0,1242.36,861986.6177,1048516642.219459,824872
2022-06-26,1242.31,1280.0,1194.6,1197.79,884184.273,1094067725.453475,812743
2022-06-27,1197.79,1238.93,1172.49,1192.51,868734.2061,1047407117.877672,794157
2022-06-28,1192.51,1237.99,1136.32,1144.05,1104065.2211,1314982778.267405,952584
2022-06-29,1144.05,1156.8,1087.42,1100.21,1295517.796,1449586742.872254,1145867
2022-06-30,1100.21,1106.62,998.0,1071.01,1420670.3656,1481000138.963289,1180758
2022-07-01,1071.02,1117.0,1033.44,1059.73,1562255.1439,1669000120.550048,1218279
2022-07-02,1059.73,1078.88,1028.29,1067.01,714812.0804,752813687.02771,608900
2022-07-03,1067.01,1088.34,1040.78,1074.26,644746.3337,686056543.195206,562962
2022-07-04,1074.26,1160.9,1045.37,1151.0,1150108.9861,1266934953.326424,842895
2022-07-05,1151.01,1174.9,1076.34,1132.5,1398961.4495,1578654373.510018,1130646
2022-07-06,1132.51,1205.0,1111.44,1186.57,1211768.0757,1388074909.874991,1040498
2022-07-07,1186.57,1254.29,1163.18,1237.49,1001316.079,1208160386.338313,877397
2022-07-08,1237.49,1276.46,1193.15,1214.04,1189518.3631,1466331923.650613,1233964
2022-07-09,1214.03,1235.4,1204.67,1217.02,576337.1809,702039918.546905,716361
2022-07-10,1217.02,1219.95,1153.0,1168.36,1018038.6506,1200593502.215751,680105
2022-07-11,1168.37,1171.29,1091.71,1096.4,1201652.3048,1370709630.79611,1165044
2022-07-12,1096.37,1098.26,1033.46,1038.58,1261349.6321,1347752238.274621,1142194
2022-07-13,1038.58,1119.18,1006.32,1115.0,2035605.8299,2158672347.758078,1423956
2022-07-14,1115.01,1214.65,1072.11,1193.42,1605101.9262,1816929082.732882,1611421
2022-07-15,1193.42,1287.82,1181.05,1231.25,1466037.2584,1794058728.784521,1170632
2022-07-16,1231.25,1422.91,1191.23,1355.85,1493809.9226,1936527899.325491,1678529
2022-07-17,1355.84,1387.0,1319.04,1338.65,1246202.8795,1687064377.69842,1163593
2022-07-18,1338.65,1597.47,1336.07,1581.04,2029918.76521,2980357374.792685,1750043
2022-07-19,1581.03,1631.0,1493.11,1542.32,1846048.6816,2856463586.860909,1818358
2022-07-20,1542.33,1620.4,1484.23,1521.58,1351177.4247,2109332407.426856,1506300
2022-07-21,1521.63,1605.98,1463.56,1575.45,1247327.4963,1897833300.997763,1282430
2022-07-22,1575.45,1650.05,1516.11,1535.27,1170723.0873,1865036182.28467,1295899
2022-07-23,1535.27,1596.51,1488.0,1548.67,851284.7339,1310964570.189478,950665
2022-07-24,1548.66,1664.34,1545.67,1597.7,1009935.8997,1616289077.628875,1238522
2022-07-25,1597.7,1609.55,1435.58,1440.79,1418390.9809,2151224738.816661,1407648
2022-07-26,1440.79,1454.11,1356.17,1449.12,1199643.7408,1684928509.399578,1175787
2022-07-27,1449.12,1644.44,1420.83,1635.74,1513426.0413,2305847817.810582,1547390
2022-07-28,1635.74,1784.79,1593.27,1724.52,1578145.07555,2644280824.310781,1719118
2022-07-29,1724.52,1765.99,1655.02,1721.68,1205266.5703,2061258807.226787,1439533
2022-07-30,1721.68,1744.85,1673.01,1697.0,735132.5286,1257726968.665854,1028313
2022-07-31,1697.0,1754.69,1666.0,1678.12,696326.8079,1186613538.121665,886708
2022-08-01,1678.12,1704.68,1606.12,1630.28,801566.5648,1328136208.959454,1029570
2022-08-02,1630.28,1678.0,1559.28,1630.91,1081964.5104,1745550410.998945,1458878
2022-08-03,1630.91,1685.03,1589.71,1618.16,777724.7413,1276328467.022254,1112406
2022-08-04,1618.16,1662.79,1580.39,1607.96,735552.181,1190650505.148946,1051634
2022-08-05,1607.97,1742.07,1605.64,1736.81,1005846.4712,1688798692.307331,1404516
2022-08-06,1736.81,1749.93,1685.26,1690.6,523314.6444,899479880.987209,752873
2022-08-07,1690.6,1729.79,1668.0,1700.19,439904.764,745750151.382087,692491
2022-08-08,1700.2,1818.0,1693.87,1777.05,781620.5443,1379905145.703021,987727
2022-08-09,1777.05,1790.83,1667.93,1702.76,818171.1019,1406671817.085673,1062267
2022-08-10,1702.76,1885.0,1656.78,1853.57,1317767.5127,2346974815.067056,1590681
2022-08-11,1853.58,1942.0,1850.32,1880.19,1105261.9009,2093718964.800632,1324999
2022-08-12,1880.19,1964.71,1853.06,1958.28,717628.1015,1363895150.810113,1027178
2022-08-13,1958.28,2020.0,1946.5,1983.55,695876.0293,1382235354.292491,940869
2022-08-14,1983.55,2030.0,1906.0,1935.31,569583.4852,1122186881.223951,856767
2022-08-15,1935.32,2012.47,1872.31,1899.06,949162.3305,1824203091.995667,1295615
2022-08-16,1899.05,1915.0,1853.0,1876.67,622729.1499,1173013843.338048,908578
2022-08-17,1876.67,1959.43,1818.74,1834.25,951824.8975,1781033503.423426,1179058
2022-08-18,1834.24,1882.37,1821.25,1846.39,606254.024,1126844899.607746,848806
2022-08-19,1846.39,1848.0,1602.37,1609.01,1419826.9515,2447147973.005891,1681256
2022-08-20,1609.0,1657.08,1523.67,1576.04,914615.9226,1468671141.090122,1130991
2022-08-21,1576.03,1646.52,1562.34,1618.13,780662.6062,1255041865.224435,1000876
2022-08-22,1618.13,1629.72,1529.92,1624.66,941192.8954,1483442567.236265,1193059
2022-08-23,1624.65,1676.07,1563.76,1665.41,940246.932,1528222432.851831,1195279
2022-08-24,1665.4,1694.13,1604.92,1656.56,744667.6078,1228169659.887394,993324
2022-08-25,1656.56,1722.0,1653.68,1695.11,603090.713,1023691864.190439,869479
2022-08-26,1695.11,1706.45,1486.85,1508.18,1149912.8292,1862598061.318201,1488212
2022-08-27,1508.18,1518.42,1447.52,1491.06,756136.6768,1125859038.154537,1015752
2022-08-28,1491.06,1511.0,1424.0,1426.76,544846.4486,805616000.739226,756843
2022-08-29,1426.76,1559.99,1422.08,1551.8,826252.0831,1230281044.880169,1099487
2022-08-30,1551.79,1606.13,1473.61,1524.59,1003075.0172,1551625838.938324,1292499
2022-08-31,1524.59,1619.78,1524.59,1554.1,949227.6775,1497596316.300993,1471691
2022-09-01,1554.11,1599.0,1512.77,1586.16,728710.482,1133222116.032772,1195229
2022-09-02,1586.17,1650.0,1546.41,1575.35,919009.6598,1471855448.359926,1160858
2022-09-03,1575.35,1582.71,1534.28,1557.46,321397.2189,500057144.518217,562893
2022-09-04,1557.45,1583.66,1540.66,1579.28,296591.1166,463177013.875988,520856
2022-09-05,1579.29,1631.99,1556.56,1617.8,503492.937,797702531.399046,718867
2022-09-06,1617.8,1687.4,1555.0,1559.01,1010722.8578,1650513284.852848,1294086
2022-09-07,1559.01,1657.5,1490.66,1630.0,850991.4243,1326011621.853752,1132986
2022-09-08,1630.0,1663.56,1595.06,1635.37,645124.0085,1050551822.40818,1015658
2022-09-09,1635.37,1746.13,1630.51,1718.23,837458.2126,1425281242.15555,1066278
2022-09-10,1718.24,1789.0,1706.03,1774.12,411046.2466,713890164.182501,687951
2022-09-11,1774.12,1789.0,1720.1,1766.11,409287.7263,720937620.963401,645729
2022-09-12,1766.12,1783.0,1693.0,1716.37,630774.6032,1093457780.4845,979874
2022-09-13,1716.37,1760.51,1560.54,1574.4,1134549.7256,1871967439.649553,1337439
2022-09-14,1574.4,1647.01,1552.38,1638.39,764562.5393,1222499363.046366,1088561
2022-09-15,1638.4,1655.2,1458.0,1472.75,1335499.8047,2095367507.332334,1748683
2022-09-16,1472.76,1483.35,1405.52,1433.9,693597.2425,1006033555.197481,1111984
2022-09-17,1433.9,1476.13,1409.12,1468.83,421391.3743,608805593.714315,694945
2022-09-18,1468.82,1469.63,1325.55,1334.51,804113.468,1118416540.560697,990605
2022-09-19,1334.51,1393.35,1280.0,1375.98,974855.198,1293086590.941432,1235360
2022-09-20,1375.98,1384.78,1312.71,1322.93,658027.1465,889324871.236183,981235
2022-09-21,1322.94,1408.9,1220.0,1245.78,1192266.7379,1582450799.937471,1445950
2022-09-22,1245.79,1350.08,1237.32,1326.46,904282.2725,1165151398.830096,1094636
2022-09-23,1326.47,1360.0,1262.15,1327.25,974052.3644,1273403019.692522,1233506
2022-09-24,1327.24,1349.33,1306.52,1317.13,517557.3497,687931980.008602,616390
2022-09-25,1317.13,1337.0,1269.27,1294.63,515533.8409,674560079.182339,640687
2022-09-26,1294.62,1340.42,1277.85,1336.17,799166.4333,1048795559.358857,934159
2022-09-27,1336.17,1400.0,1303.75,1328.02,860584.8944,1170630640.626625,1055212
2022-09-28,1328.01,1355.7,1253.2,1337.2,919314.9131,1199743172.385301,1075441
2022-09-29,1337.2,1352.02,1288.52,1335.7,770591.6895,1022673511.086711,950476
2022-09-30,1335.69,1373.19,1313.35,1328.72,740753.611,991505362.265307,926935
2022-10-01,1328.71,1333.69,1302.68,1311.79,252081.9056,332930112.025412,347396
2022-10-02,1311.79,1317.93,1270.0,1276.72,371740.0407,482595051.281717,462476
2022-10-03,1276.72,1329.9,1263.04,1323.09,483775.2435,631178676.535611,598748
2022-10-04,1323.1,1369.55,1318.66,1361.49,476207.6702,641511283.398288,771766
2022-10-05,1361.5,1364.77,1316.29,1352.2,483508.7782,649745323.368146,695638
2022-10-06,1352.2,1383.99,1345.01,1352.06,573975.324,783638743.155702,789673
2022-10-07,1352.07,1361.75,1317.26,1331.1,491999.8776,659508723.354053,679464
2022-10-08,1331.1,1337.35,1303.51,1315.48,203391.6612,269448439.339348,383251
2022-10-09,1315.48,1329.0,1307.26,1323.13,186201.9185,245547831.320531,328378
2022-10-10,1323.13,1338.0,1288.0,1290.03,393663.0114,515800751.338415,587314
2022-10-11,1290.03,1298.0,1267.01,1280.11,429430.3941,550448836.809297,583107
2022-10-12,1280.11,1306.87,1275.25,1294.44,369712.5759,478797824.541982,477911
2022-10-13,1294.44,1301.58,1190.0,1287.08,945618.3163,1183462907.930145,1135833
2022-10-14,1287.08,1343.12,1283.39,1296.27,669742.8093,883059208.714464,788710
2022-10-15,1296.26,1301.69,1263.64,1274.92,287100.9529,368914560.658213,396464
2022-10-16,1274.93,1315.35,1274.67,1305.95,293321.3632,379290237.639458,397092
2022-10-17,1305.96,1338.57,1295.64,1331.4,459848.4941,606979972.119024,553275
2022-10-18,1331.39,1341.73,1286.72,1310.71,572728.9189,755297911.29191,603600
2022-10-19,1310.71,1313.5,1280.31,1285.09,368637.5105,478516630.187023,472022
2022-10-20,1285.09,1310.87,1270.36,1282.57,428531.6103,552593958.212735,558080
2022-10-21,1282.57,1306.97,1252.65,1299.75,468076.7986,600999941.106533,572819
2022-10-22,1299.76,1320.2,1294.32,1313.61,221776.7007,290111447.628081,323066
2022-10-23,1313.62,1371.55,1299.44,1364.2,432269.46,576212623.600304,496386
2022-10-24,1364.19,1370.6,1324.17,1343.61,611830.797,822740466.673396,698241
2022-10-25,1343.61,1525.16,1334.94,1459.74,1127932.9012,1612140846.305157,1205998
2022-10-26,1459.74,1594.99,1457.44,1566.1,1236044.7023,1896388070.249785,1357864
2022-10-27,1566.11,1578.58,1503.2,1514.05,869454.4851,1345399838.037334,1122874
2022-10-28,1514.04,1574.9,1479.82,1554.41,858954.4425,1309517416.241141,999855
2022-10-29,1554.4,1663.06,1547.66,1619.55,914161.0846,1477815830.639173,1094332
2022-10-30,1619.55,1640.06,1576.56,1590.44,476036.4243,762732547.091583,705583
2022-10-31,1590.45,1635.8,1545.43,1572.69,810334.2414,1283098004.765737,1024808
2022-11-01,1572.69,1612.92,1563.69,1578.48,527539.2965,836251567.424643,702747
2022-11-02,1578.47,1621.68,1502.32,1518.34,981395.3648,1534786415.439207,1171091
2022-11-03,1518.33,1559.01,1515.17,1531.01,560202.8813,863253444.76684,678608
2022-11-04,1531.01,1680.0,1528.4,1644.78,935531.4781,1503427052.720768,1072186
2022-11-05,1644.78,1666.97,1621.42,1626.98,351385.5362,577061606.733728,480888
2022-11-06,1626.98,1639.02,1564.39,1568.29,414863.9525,668569491.577513,545053
2022-11-07,1568.25,1608.04,1545.03,1568.1,642409.4494,1013046543.980439,851962
2022-11-08,1568.09,1579.98,1233.0,1334.77,2339916.5089,3356475001.545905,2874276
2022-11-09,1334.78,1337.16,1073.53,1102.73,2494797.9357,3021176147.396161,3172468
2022-11-10,1102.73,1350.0,1085.93,1299.28,1975955.6767,2443394252.530366,2800795
2022-11-11,1299.28,1310.0,1201.26,1289.28,1308087.1498,1652414528.520891,2118330
2022-11-12,1289.35,1292.16,1238.7,1257.25,547772.9172,693031301.598889,933438
2022-11-13,1257.25,1274.23,1200.66,1221.49,547410.5304,676891239.244159,896665
2022-11-14,1221.5,1291.2,1171.13,1243.28,934742.0059,1152982945.602032,1471485
2022-11-15,1243.29,1291.0,1234.01,1253.23,632825.568,798023541.208052,961779
2022-11-16,1253.22,1268.67,1187.06,1216.17,673339.7215,826025937.836291,969295
2022-11-17,1216.16,1228.22,1181.05,1200.43,530537.3488,638342419.855931,719509
2022-11-18,1200.42,1234.0,1199.18,1212.58,360218.5337,437658373.674359,493436
2022-11-19,1212.58,1235.0,1197.67,1217.67,209789.5888,254211466.151609,330573
2022-11-20,1217.67,1227.07,1132.65,1142.21,531108.7607,625008081.79912,693003
2022-11-21,1142.21,1146.99,1079.76,1107.34,922647.9454,1031424505.498328,1063296
2022-11-22,1107.34,1146.13,1075.0,1139.6,748884.5791,831782462.696527,899796
2022-11-23,1139.59,1190.0,1127.75,1184.52,636927.1594,741271142.430098,767861
2022-11-24,1184.52,1217.71,1180.6,1203.73,486080.6123,583303022.423642,616769
2022-11-25,1203.72,1207.77,1171.2,1199.3,391430.1658,465159072.757305,581961
2022-11-26,1199.29,1235.66,1196.2,1205.6,379840.8116,461938380.004201,566155
2022-11-27,1205.61,1223.33,1188.65,1193.88,286386.7986,347218857.867976,458378
2022-11-28,1193.88,1199.25,1151.02,1167.77,478795.6093,560568777.560251,708380
2022-11-29,1167.77,1228.37,1158.27,1216.49,512143.5861,617963786.601915,789552
2022-11-30,1216.49,1309.77,1212.5,1294.46,815679.2717,1038748742.503758,985173
2022-12-01,1294.46,1299.9,1262.77,1276.41,430018.7391,550769676.044084,587711
2022-12-02,1276.4,1297.18,1265.24,1295.59,371559.585,475691291.455063,547512
2022-12-03,1295.58,1309.0,1236.26,1240.51,347148.2588,441457418.331919,594082
2022-12-04,1240.5,1287.19,1240.1,1279.41,324129.5466,409404653.048475,498321
2022-12-05,1279.4,1305.11,1246.61,1259.41,391628.5166,501560285.699509,612914
2022-12-06,1259.41,1274.76,1241.56,1271.32,301631.839,379095106.355305,471097
2022-12-07,1271.31,1278.69,1218.01,1231.18,398559.5166,492706380.526734,530298
2022-12-08,1231.18,1292.58,1222.01,1280.18,406653.5447,509776313.423839,559884
2022-12-09,1280.18,1296.64,1250.0,1263.1,406008.0032,518804946.771469,540078
2022-12-10,1263.11,1283.61,1259.6,1266.35,182278.6396,231301933.590191,322453
2022-12-11,1266.35,1284.75,1255.85,1263.01,180494.902,229443304.733031,314531
2022-12-12,1263.0,1278.9,1240.03,1275.4,363750.5481,456347758.277843,489887
2022-12-13,1275.41,1349.0,1255.1,1320.69,659393.8825,859595295.378895,813791
2022-12-14,1320.69,1352.72,1301.0,1307.44,554465.5717,734778540.993996,548806
2022-12-15,1307.45,1311.14,1259.27,1266.54,390051.2447,499233719.985679,445162
2022-12-16,1266.53,1280.06,1155.32,1166.83,751422.2779,907833696.288013,883071
2022-12-17,1166.82,1190.03,1161.92,1187.16,328881.6281,387145994.352974,443309
2022-12-18,1187.16,1199.54,1170.32,1183.06,252260.144,298608427.352787,385205
2022-12-19,1183.06,1195.0,1150.51,1167.82,296832.7228,349312990.374414,443756
2022-12-20,1167.82,1230.47,1163.12,1216.94,465184.1943,561079146.680025,624202
2022-12-21,1216.95,1223.39,1203.02,1213.78,245723.8377,297776619.126343,413931
2022-12-22,1213.78,1237.99,1182.54,1217.71,336761.6598,406520096.766709,488758
2022-12-23,1217.72,1231.99,1210.0,1219.99,278604.2882,340146608.67751,439410
2022-12-24,1219.98,1227.99,1214.69,1220.41,123701.5301,150864338.673479,296993
2022-12-25,1220.42,1225.0,1193.18,1218.51,231652.0612,280833354.711449,379422
2022-12-26,1218.52,1231.09,1211.67,1228.11,162723.0857,198389481.179895,308520
2022-12-27,1228.12,1233.73,1200.58,1211.55,262437.6398,319100139.542709,372190
2022-12-28,1211.55,1215.78,1181.06,1190.15,367828.8914,439875906.992195,474792
2022-12-29,1190.15,1206.57,1186.77,1200.49,249130.4869,298245107.21298,377201
2022-12-30,1200.48,1202.15,1181.08,1199.99,266014.2115,317524824.577787,364383
2022-12-31,1199.98,1208.46,1191.66,1196.13,139379.2811,167161720.78087,261569
2023-01-01,1196.13,1204.67,1190.57,1200.34,117762.0685,141014996.655708,233151
2023-01-02,1200.33,1224.29,1193.0,1214.0,252794.14,306657437.527479,330000
2023-01-03,1213.99,1219.89,1204.93,1214.55,205519.4944,249325343.252245,296709
2023-01-04,1214.56,1272.6,1212.71,1256.9,457799.6648,571805761.158055,526420
2023-01-05,1256.91,1259.95,1242.81,1251.24,272805.33,341379819.27811,339445
2023-01-06,1251.25,1276.7,1236.0,1269.14,342344.2023,429648347.112603,444840
2023-01-07,1269.13,1271.09,1261.3,1264.07,129474.2884,163760550.011656,242794
2023-01-08,1264.06,1296.0,1257.77,1290.16,213636.7848,271373377.530058,341498
2023-01-09,1290.15,1344.91,1285.44,1320.39,581727.6968,766640085.930397,667559
2023-01-10,1320.4,1347.69,1316.8,1335.62,459660.2307,611680590.741332,467419
2023-01-11,1335.63,1398.0,1321.04,1389.39,472465.9556,635118946.429521,534745
2023-01-12,1389.4,1438.0,1361.92,1415.92,877712.4492,1231660847.868249,873540
2023-01-13,1415.91,1464.0,1401.03,1451.2,499377.8649,709963291.541629,670535
2023-01-14,1451.21,1599.98,1449.14,1549.9,940691.7774,1444283818.189171,1187799
2023-01-15,1549.91,1566.66,1516.03,1552.52,387832.7138,596626752.297843,590180
2023-01-16,1552.52,1604.5,1521.31,1576.94,574622.8953,897953752.929984,802443
2023-01-17,1576.94,1609.0,1541.15,1565.57,506771.7219,797552620.187337,703325
2023-01-18,1565.56,1610.0,1501.39,1511.43,752534.8857,1172243167.729863,913587
2023-01-19,1511.44,1564.43,1509.15,1551.09,308679.4645,473220810.93493,477203
2023-01-20,1551.09,1669.9,1542.02,1658.52,440570.9974,702227917.870663,710633
2023-01-21,1658.53,1679.26,1616.21,1626.66,494248.6009,815990095.346851,648695
2023-01-22,1626.65,1663.89,1604.0,1627.44,431729.6909,703883818.617405,550009
2023-01-23,1627.43,1648.09,1585.29,1626.29,407267.1156,662442276.006642,602844
2023-01-24,1626.28,1641.46,1535.0,1555.97,462275.3243,742483248.778448,664260
2023-01-25,1555.97,1641.0,1518.0,1611.94,646474.9166,1010958308.523259,832576
2023-01-26,1611.95,1632.84,1577.43,1601.09,532777.8466,856294452.549072,661710
2023-01-27,1601.08,1621.0,1552.54,1597.62,512093.3875,810894459.592812,721339
2023-01-28,1597.61,1606.83,1555.99,1572.1,313675.6574,496009423.632769,461988
2023-01-29,1572.1,1660.0,1566.33,1644.72,551767.9134,892135111.02851,747055
2023-01-30,1644.73,1647.53,1535.0,1566.2,595055.3281,945663093.918117,783703
2023-01-31,1566.21,1605.18,1561.63,1585.33,348856.6751,550862274.147693,565125
2023-02-01,1585.32,1647.77,1555.18,1641.68,474617.1709,757974339.888151,795274
2023-02-02,1641.67,1714.68,1626.85,1643.12,629188.8874,1052104526.872657,939545
2023-02-03,1643.12,1676.0,1625.93,1663.52,464815.032,766949169.430422,714675
2023-02-04,1663.52,1695.29,1645.43,1666.38,308227.1295,514857995.985798,559308
2023-02-05,1666.39,1673.81,1609.3,1629.02,413579.6748,680127291.926744,680427
2023-02-06,1629.01,1658.56,1605.01,1614.29,384119.4197,626831152.687586,636588
2023-02-07,1614.28,1678.37,1613.14,1671.03,451922.4,743635216.728552,746572
2023-02-08,1671.03,1697.91,1630.47,1650.43,417966.2539,695793337.577435,671033
2023-02-09,1650.42,1656.17,1524.4,1545.35,658011.6964,1054014372.583392,973879
2023-02-10,1545.35,1555.01,1490.0,1513.06,484654.2199,743164643.511499,682215
2023-02-11,1513.05,1543.0,1505.0,1538.51,289691.5708,440657107.728338,440506
2023-02-12,1538.5,1548.02,1493.08,1514.83,286758.374,438014692.308034,490609
2023-02-13,1514.82,1526.1,1461.93,1505.24,643152.3904,959644223.335073,788402
2023-02-14,1505.25,1569.0,1482.66,1555.71,668964.3768,1021642935.313975,861338
2023-02-15,1555.7,1680.0,1542.55,1674.92,581207.8586,928452953.945049,852734
2023-02-16,1674.92,1742.97,1633.72,1637.84,832723.6731,1408096156.866216,1220762
2023-02-17,1637.83,1722.0,1630.51,1693.87,579934.663,970891863.058295,940022
2023-02-18,1693.81,1713.13,1679.77,1691.62,267305.7813,452969773.61025,457982
2023-02-19,1691.62,1726.59,1666.14,1679.75,401023.0477,680092027.331298,634114
2023-02-20,1679.74,1719.89,1650.56,1703.27,451314.8335,765198951.963577,752116
2023-02-21,1703.27,1716.66,1636.3,1659.76,520354.4688,874136698.284591,837901
2023-02-22,1659.77,1666.95,1595.07,1643.14,528875.4809,861982489.016571,887617
2023-02-23,1643.15,1679.0,1628.75,1650.53,501305.9717,829754759.565515,849095
2023-02-24,1650.52,1664.66,1575.64,1607.8,512515.4982,831164574.11824,829249
2023-02-25,1607.8,1608.98,1557.33,1594.58,290188.0391,462128193.104393,532834
2023-02-26,1594.58,1651.26,1587.76,1641.36,308607.9941,499002379.520129,544008
2023-02-27,1641.37,1665.22,1608.0,1633.45,431861.4129,707841123.057607,679771
2023-02-28,1633.45,1647.52,1596.66,1605.23,393523.1647,640150766.311205,626287
2023-03-01,1605.24,1669.72,1595.0,1665.22,474456.8235,780632253.606366,725546
2023-03-02,1665.23,1677.86,1619.18,1647.86,423023.8082,694364877.504408,644400
2023-03-03,1647.86,1649.25,1544.39,1569.45,742816.5976,1166573996.744236,1008133
2023-03-04,1569.45,1577.53,1549.12,1566.73,237640.2606,371865636.794456,442158
2023-03-05,1566.74,1588.77,1553.05,1564.58,299240.7415,469729098.462738,505034
2023-03-06,1564.57,1583.49,1554.44,1565.84,307709.3011,482146763.966397,495130
2023-03-07,1565.84,1584.49,1536.14,1561.96,437947.9032,682865640.744412,601157
2023-03-08,1561.95,1570.89,1523.61,1532.38,460101.7658,714552395.993279,647197
2023-03-09,1532.38,1546.45,1408.0,1437.32,718485.1364,1072396877.907578,914935
2023-03-10,1437.32,1439.43,1368.39,1426.44,960262.4509,1353741388.827259,1155209
2023-03-11,1426.43,1478.07,1408.4,1471.97,1374859.6201,1987926852.348374,1467256
2023-03-12,1471.93,1594.19,1448.3,1580.33,1002355.0929,1506839740.469654,1253899
2023-03-13,1580.33,1693.49,1565.0,1673.45,1228063.6053,1992277884.796341,1671283
2023-03-14,1673.44,1780.02,1655.24,1699.4,1283321.2355,2195733827.910122,1750035
2023-03-15,1699.41,1716.9,1611.0,1649.96,963142.4833,1602460705.895695,1388384
2023-03-16,1649.95,1691.42,1632.18,1673.73,627985.6119,1040043241.140285,1004406
2023-03-17,1673.73,1800.0,1662.65,1789.27,907528.2825,1569265196.452905,1293055
2023-03-18,1789.26,1841.0,1747.47,1758.84,711614.731,1280189359.424549,1115890
2023-03-19,1758.84,1841.36,1757.92,1780.68,541131.8908,972006261.580209,919093
2023-03-20,1780.67,1803.05,1722.0,1732.78,682848.1248,1205036446.951221,1083767
2023-03-21,1732.77,1835.0,1717.01,1801.23,742348.4999,1324018564.211035,1166036
2023-03-22,1801.23,1819.98,1710.12,1734.33,891287.6009,1581074700.20938,1286030
2023-03-23,1734.34,1857.16,1729.35,1813.79,732061.103,1312199315.577505,1074713
2023-03-24,1813.78,1818.99,1726.4,1749.57,564770.1417,1001546184.532135,855600
2023-03-25,1749.57,1763.23,1713.09,1741.88,355679.3743,620341997.183512,620651
2023-03-26,1741.88,1801.0,1739.31,1773.88,354933.2372,627660488.27267,592618
2023-03-27,1773.88,1780.48,1686.13,1715.22,570563.5023,987197970.21984,810253
2023-03-28,1715.21,1795.73,1701.13,1772.99,536511.3973,935507384.149678,766887
2023-03-29,1773.0,1827.99,1772.48,1793.07,536865.5972,967342311.082234,810500
2023-03-30,1793.06,1829.69,1763.0,1793.61,579690.0394,1039397383.7804,876484
2023-03-31,1793.6,1847.28,1777.91,1821.52,554525.4762,1006896937.025254,902956
2023-04-01,1821.52,1842.83,1807.81,1820.79,272904.9674,497460628.076191,579259
2023-04-02,1820.8,1824.81,1771.7,1794.51,322122.9385,580909276.164171,637705
2023-04-03,1794.51,1839.99,1762.77,1810.51,628503.6619,1131436800.437073,1098681
2023-04-04,1810.51,1891.91,1802.01,1870.37,622208.6411,1151551698.653268,1087425
2023-04-05,1870.38,1942.98,1864.58,1908.69,548595.5155,1045846831.791563,1077031
2023-04-06,1908.68,1909.91,1853.7,1872.41,396241.4352,743618300.024,916688
2023-04-07,1872.41,1882.61,1841.46,1863.72,284256.4873,528718750.378566,829061
2023-04-08,1863.73,1879.38,1847.0,1848.82,197905.5407,368792680.929658,902787
2023-04-09,1848.82,1873.99,1824.01,1858.92,287131.3079,529878494.840373,953458
2023-04-10,1858.91,1918.79,1846.4,1910.2,434739.7984,816212712.862947,586284
2023-04-11,1910.21,1937.37,1881.11,1889.86,405203.4892,774389695.845932,590527
2023-04-12,1889.86,1933.0,1852.65,1917.39,630844.4186,1195663632.078732,801456
2023-04-13,1917.4,2023.0,1899.55,2012.01,676164.5188,1333377092.124591,911569
2023-04-14,2012.0,2128.76,2009.22,2099.99,896307.3934,1877719501.123732,1182309
2023-04-15,2099.99,2111.85,2071.13,2090.6,321823.7851,674260851.49151,505299
2023-04-16,2090.61,2141.54,2072.72,2118.67,319880.4393,673034613.415835,529231
2023-04-17,2118.66,2120.51,2056.25,2074.0,426972.7071,889433328.786508,674817
2023-04-18,2073.99,2125.0,2051.0,2103.5,414244.6135,867291463.569828,636801
2023-04-19,2103.51,2104.6,1923.03,1933.73,775389.0602,1547934187.85902,1116849
2023-04-20,1933.74,1982.99,1914.43,1942.98,625336.2495,1218184973.299396,869619
2023-04-21,1942.98,1957.27,1825.0,1848.78,688876.6186,1306179482.091942,868887
2023-04-22,1848.77,1887.31,1841.64,1874.16,331007.5879,616579601.311765,451499
2023-04-23,1874.17,1882.01,1836.37,1862.0,344514.3444,641362428.689366,463928
2023-04-24,1862.01,1890.0,1806.0,1841.84,447864.0517,826968889.241232,682824
2023-04-25,1841.84,1877.86,1801.66,1866.1,457870.6047,839226421.378246,631766
2023-04-26,1866.1,1964.72,1785.0,1866.01,897709.7298,1695903568.960903,1182620
2023-04-27,1866.01,1940.96,1861.19,1908.68,727472.9466,1383094120.67767,959609
2023-04-28,1908.68,1923.88,1873.94,1890.94,387630.7791,736203306.614156,574483
2023-04-29,1890.93,1918.0,1883.05,1907.8,182046.1406,346028241.295737,335962
2023-04-30,1907.79,1939.0,1866.16,1870.09,355336.4888,677913240.814662,552933
2023-05-01,1870.08,1886.49,1806.12,1830.73,445519.1779,818821593.694849,647788
2023-05-02,1830.73,1881.87,1822.94,1870.08,373753.2027,690907892.110455,563768
2023-05-03,1870.09,1916.52,1842.64,1905.12,465185.2501,871222153.959792,751579
2023-05-04,1905.12,1918.26,1866.71,1877.07,354528.6144,670584503.659619,525802
2023-05-05,1877.07,1998.36,1875.65,1993.3,546608.875,1061183389.068112,803612
2023-05-06,1993.3,2019.0,1860.0,1896.33,608106.9915,1169939393.312777,868626
2023-05-07,1896.33,1933.33,1867.59,1870.4,413268.8357,787566158.198456,625667
2023-05-08,1870.41,1883.97,1810.73,1847.56,625316.6168,1157603209.761854,885693
2023-05-09,1847.55,1861.88,1830.99,1846.52,304396.186,561440259.790895,517737
2023-05-10,1846.53,1887.47,1790.51,1840.84,639933.3855,1182254717.032215,802140
2023-05-11,1840.83,1842.02,1772.68,1794.3,522096.0725,944525427.027942,679625
2023-05-12,1794.31,1818.63,1740.0,1807.45,565539.8309,1002104362.594411,696930
2023-05-13,1807.45,1817.03,1785.23,1795.11,212895.4373,383397322.744781,342566
2023-05-14,1795.12,1824.0,1789.82,1799.21,218101.0977,393557662.80186,348092
2023-05-15,1799.2,1846.7,1785.05,1816.2,388171.9261,708011632.174709,503728
2023-05-16,1816.21,1832.64,1796.2,1824.21,311238.6786,565367254.106777,466058
2023-05-17,1824.21,1837.5,1783.68,1822.12,352097.9913,637776970.833855,524718
2023-05-18,1822.12,1831.92,1771.12,1800.56,293755.311,531357170.827152,480171
2023-05-19,1800.56,1829.54,1796.81,1812.32,243116.4676,440291732.350879,390917
2023-05-20,1812.31,1828.87,1807.06,1819.42,127754.4349,232010582.306628,272744
2023-05-21,1819.42,1828.98,1797.21,1804.91,161517.8053,292535613.878124,308391
2023-05-22,1804.91,1828.27,1792.01,1817.35,237498.9423,430673377.916653,411867
2023-05-23,1817.36,1872.5,1815.24,1854.05,396869.6097,734581474.722466,548587
2023-05-24,1854.06,1854.09,1777.6,1799.89,420846.1445,761360360.597887,554307
2023-05-25,1799.89,1818.81,1761.41,1805.6,350633.0089,628769352.442571,482899
2023-05-26,1805.61,1838.2,1796.99,1827.79,275690.6854,501773973.879937,375854
2023-05-27,1827.8,1836.12,1812.18,1829.89,138824.9406,253710138.250563,276383
2023-05-28,1829.89,1918.65,1823.6,1908.64,378392.4371,705699886.229488,549727
2023-05-29,1908.64,1927.62,1873.65,1892.6,313593.4942,596236148.909885,445895
2023-05-30,1892.6,1917.0,1881.19,1900.59,272665.8402,519059196.247416,422249
2023-05-31,1900.58,1907.13,1846.95,1873.63,319255.5681,597360395.544034,451133
2023-06-01,1873.63,1889.2,1840.0,1861.78,270496.6097,504448237.27338,422899
2023-06-02,1861.78,1910.0,1847.51,1906.68,313004.0658,591169483.099447,456788
2023-06-03,1906.69,1907.92,1881.6,1892.06,148818.2427,282550389.946688,292512
2023-06-04,1892.05,1914.63,1884.22,1890.01,172683.0119,328166899.062354,289973
2023-06-05,1890.0,1890.63,1778.0,1810.5,555361.2683,1017689609.362256,688879
2023-06-06,1810.49,1898.29,1797.18,1884.64,491407.2174,907660359.425966,616201
2023-06-07,1884.65,1897.8,1821.18,1832.13,429196.7064,796856688.866713,594071
2023-06-08,1832.12,1861.28,1828.31,1845.64,189270.4853,349160385.10498,347990
2023-06-09,1845.65,1855.0,1827.0,1840.37,198324.3252,365037779.742887,354623
2023-06-10,1840.37,1844.99,1715.03,1751.53,652324.6695,1148312156.525596,877410
2023-06-11,1751.52,1778.25,1738.72,1752.76,219956.2434,385656545.950238,378921
2023-06-12,1752.77,1759.33,1720.0,1742.57,302132.4819,525467514.619609,467392
2023-06-13,1742.57,1770.13,1724.22,1740.12,284268.0018,495907901.668493,498880
2023-06-14,1740.12,1750.03,1630.43,1650.95,415847.327,705586390.233981,572996
2023-06-15,1650.95,1680.91,1626.01,1666.96,370774.7696,611499814.542176,458568
2023-06-16,1666.96,1729.5,1649.86,1717.92,311734.5904,525393264.962201,408176
2023-06-17,1717.91,1770.0,1714.26,1727.76,210914.9216,366944179.320637,359758
2023-06-18,1727.75,1747.84,1712.0,1720.95,156535.0128,270948973.417484,273858
2023-06-19,1720.95,1752.19,1698.0,1737.11,245162.7589,422827205.775489,366143
2023-06-20,1737.1,1796.99,1714.72,1791.99,328855.6846,577529266.789217,459724
2023-06-21,1791.99,1901.0,1787.38,1889.11,613755.8869,1132377905.488902,699689
2023-06-22,1889.1,1933.17,1865.98,1872.01,416714.5719,791056016.146176,536410
2023-06-23,1872.0,1936.42,1861.01,1892.63,401147.9324,760352485.336681,531784
2023-06-24,1892.63,1906.0,1864.77,1874.96,226910.2941,427721477.76198,356654
2023-06-25,1874.95,1930.0,1868.83,1898.8,338757.6158,644415530.040616,482753
2023-06-26,1898.8,1909.1,1837.18,1858.97,458743.861,859537162.355614,518009
2023-06-27,1858.97,1912.53,1855.19,1889.58,366634.5707,690855987.041332,437184
2023-06-28,1889.58,1890.19,1816.56,1828.02,337836.5792,626358502.58848,437585
2023-06-29,1828.03,1880.0,1827.84,1851.99,241844.8281,448678322.176822,350823
2023-06-30,1851.99,1948.6,1825.01,1933.79,716538.1035,1353630452.615445,824889
2023-07-01,1933.8,1944.56,1909.44,1924.5,178373.3688,343093755.612736,307019
2023-07-02,1924.5,1959.2,1885.75,1937.48,255852.7832,491981842.960139,381133
2023-07-03,1937.49,1976.16,1933.55,1955.54,322102.4295,631158998.811416,404084
2023-07-04,1955.55,1967.08,1931.58,1936.2,205525.0984,401186997.249838,307691
2023-07-05,1936.19,1942.5,1894.51,1910.36,267633.4783,512774138.218949,362985
2023-07-06,1910.35,1958.0,1846.0,1846.17,456362.741,868009586.22327,519031
2023-07-07,1846.17,1878.0,1826.0,1870.91,232944.3466,432733381.054967,355260
2023-07-08,1870.92,1876.0,1842.8,1865.24,125819.8273,234001180.804625,228589
2023-07-09,1865.24,1879.36,1856.15,1862.8,135046.3743,252189550.05161,234925
2023-07-10,1862.81,1905.5,1846.63,1880.4,247868.1494,464186441.163382,338462
2023-07-11,1880.41,1891.99,1862.38,1878.3,177771.6117,333339876.932696,256360
2023-07-12,1878.31,1902.0,1864.37,1871.82,264406.8673,498567734.559133,338468
2023-07-13,1871.82,2012.63,1862.59,2004.49,548861.4207,1069502144.026194,618276
2023-07-14,2004.49,2029.11,1898.39,1937.83,498724.0359,982369872.0199,604687
2023-07-15,1937.82,1946.37,1926.23,1931.41,135181.7663,261553961.167515,242818
2023-07-16,1931.41,1943.55,1914.0,1922.11,148667.1051,286787440.456901,253770
2023-07-17,1922.12,1936.18,1873.26,1911.2,277159.0349,528662412.297658,391391
2023-07-18,1911.21,1917.19,1875.73,1897.21,215780.5006,409583830.876333,315100
2023-07-19,1897.21,1922.04,1882.17,1888.63,218045.0005,415268112.543401,266831
2023-07-20,1888.64,1929.05,1878.0,1891.59,292907.5164,556981450.455301,353180
2023-07-21,1891.59,1905.74,1884.64,1891.73,165554.0428,313414135.895111,260385
2023-07-22,1891.73,1897.35,1851.18,1866.52,131901.6487,247820592.768613,240897
2023-07-23,1866.52,1905.25,1857.82,1888.73,153501.0178,288736391.861338,254227
2023-07-24,1888.74,1890.86,1833.19,1850.0,276504.5547,512402907.457845,336366
2023-07-25,1850.0,1868.71,1845.45,1857.66,152251.21,282696600.921257,248856
2023-07-26,1857.66,1888.0,1848.35,1872.0,272090.5333,507049348.717311,319851
2023-07-27,1871.99,1886.11,1854.84,1861.28,163766.4259,306463587.40202,252294
2023-07-28,1861.29,1883.39,1856.52,1874.19,138695.7147,259228467.502262,219389
2023-07-29,1874.2,1886.58,1869.54,1880.46,72867.0269,136676328.67955,166385
2023-07-30,1880.45,1885.3,1848.17,1861.79,158657.5902,296504225.221497,247858
2023-07-31,1861.79,1877.4,1851.02,1856.14,168204.4534,313517086.161755,246487
2023-08-01,1856.13,1875.62,1813.8,1873.47,358476.0966,659100582.108448,411508
2023-08-02,1873.48,1879.74,1821.21,1839.9,254213.0553,470466371.262786,331270
2023-08-03,1839.9,1859.12,1826.0,1835.81,171148.052,315081750.38648,254918
2023-08-04,1835.81,1851.31,1815.74,1830.23,187699.4552,344687096.602038,256002
2023-08-05,1830.24,1839.0,1827.5,1836.48,93657.3255,171683574.022643,174254
2023-08-06,1836.48,1838.58,1825.86,1830.28,90403.9915,165701947.019345,169928
2023-08-07,1830.28,1847.0,1802.0,1829.1,224092.9059,409166592.891649,289161
2023-08-08,1829.1,1876.51,1826.33,1856.3,236336.03,436891258.634858,322607
2023-08-09,1856.3,1871.99,1846.28,1855.35,191926.8343,356559464.883318,266834
2023-08-10,1855.36,1865.95,1845.38,1852.47,127321.4553,236043286.656351,208017
2023-08-11,1852.47,1857.26,1838.05,1848.84,113209.3103,209237745.63836,197546
2023-08-12,1848.84,1854.01,1846.08,1849.93,63292.6476,117106742.569844,154110
2023-08-13,1849.94,1862.0,1834.51,1840.73,120674.1364,222956657.347428,211874
2023-08-14,1840.73,1856.5,1835.0,1845.5,150196.1203,277387603.677403,244296
2023-08-15,1845.5,1847.36,1814.0,1828.98,186081.6989,341622741.956271,264314
2023-08-16,1828.98,1831.52,1798.17,1807.81,205430.7368,373631455.899558,311372
2023-08-17,1807.81,1809.99,1550.0,1681.49,812138.2159,1390504308.003381,906515
2023-08-18,1681.49,1699.4,1641.02,1661.59,538083.1018,901117750.717323,597838
2023-08-19,1661.6,1696.72,1654.31,1669.67,231919.0485,387407573.3804,312174
2023-08-20,1669.68,1694.75,1662.03,1685.24,195623.5263,327342264.94863,275035
2023-08-21,1685.23,1688.59,1649.4,1667.55,250835.1518,418860905.067397,297843
2023-08-22,1667.56,1669.38,1580.0,1634.99,402012.045,657589420.923018,484314
2023-08-23,1635.0,1702.11,1629.05,1679.61,374761.1088,622717740.76397,472134
2023-08-24,1679.61,1683.37,1635.28,1661.16,231539.7805,383948287.500426,287178
2023-08-25,1661.16,1677.22,1635.51,1653.8,236261.6898,390502520.582296,307211
2023-08-26,1653.79,1655.59,1644.0,1647.04,79175.425,130634757.648333,157980
2023-08-27,1647.03,1660.24,1646.32,1658.33,87789.9196,145109143.683836,163046
2023-08-28,1658.33,1664.34,1621.75,1653.08,214351.0143,352868062.83225,274580
2023-08-29,1653.08,1745.84,1640.0,1729.42,494371.0823,842464924.522092,504683
2023-08-30,1729.41,1730.93,1694.34,1705.23,202841.4402,347291135.28552,308391
2023-08-31,1705.23,1729.0,1630.0,1645.76,330518.2668,554219312.094311,396774
2023-09-01,1645.77,1654.53,1602.33,1629.12,302406.1686,493457144.938849,368740
2023-09-02,1629.13,1645.0,1628.03,1637.03,102145.9476,166937240.933972,208209
2023-09-03,1637.02,1647.5,1625.14,1635.84,116767.2862,190979647.353311,216339
2023-09-04,1635.84,1644.82,1616.32,1630.51,168010.9056,274049115.417922,275381
2023-09-05,1630.52,1648.02,1609.69,1634.45,204365.4907,333010633.963955,299045
2023-09-06,1634.46,1670.0,1609.2,1633.15,219541.0193,358419121.474319,331227
2023-09-07,1633.15,1660.0,1623.4,1648.11,228558.2782,374542954.194732,319517
2023-09-08,1648.11,1658.93,1616.21,1636.44,221570.0458,362938822.785618,312966
2023-09-09,1636.43,1637.52,1629.74,1635.54,58519.6229,95627623.417556,156305
2023-09-10,1635.53,1635.7,1600.0,1617.42,207957.8428,336517904.443572,292581
2023-09-11,1617.42,1619.0,1531.01,1551.85,417424.8189,657137141.34232,470056
2023-09-12,1551.84,1626.0,1549.67,1592.97,329739.9685,525392019.744392,444268
2023-09-13,1592.97,1619.3,1581.88,1607.62,223409.2889,357304191.673901,349327
2023-09-14,1607.61,1644.29,1607.05,1626.47,275301.1505,447913522.75155,414952
2023-09-15,1626.48,1654.08,1611.42,1641.29,181340.024,295616593.107865,313776
2023-09-16,1641.3,1653.17,1631.31,1634.4,99555.4671,163144495.691079,245713
2023-09-17,1634.4,1635.0,1612.0,1622.48,120227.4117,195464805.891003,264713
2023-09-18,1622.48,1669.5,1603.88,1636.66,279041.6978,458235380.246686,453410
2023-09-19,1636.66,1661.04,1626.32,1643.12,184282.4258,302910996.591828,350549
2023-09-20,1643.13,1649.34,1604.51,1622.26,232844.2347,379255954.951705,382581
2023-09-21,1622.27,1625.3,1567.77,1583.94,240627.544,384503484.655841,368163
2023-09-22,1583.94,1602.68,1576.58,1593.08,124886.091,198987470.055888,267398
2023-09-23,1593.07,1598.24,1587.45,1593.86,64537.1341,102806906.083431,217950
2023-09-24,1593.85,1601.12,1570.01,1580.71,137517.8533,218549215.974009,307377
2023-09-25,1580.71,1597.5,1563.01,1588.33,176706.9277,279294486.722661,405042
2023-09-26,1588.34,1599.78,1580.05,1594.01,125583.0161,199551097.289548,317309
2023-09-27,1594.02,1634.1,1583.5,1598.64,274404.4328,440883556.960054,478489
2023-09-28,1598.63,1668.21,1598.14,1652.99,331409.7015,541873730.296698,567825
2023-09-29,1653.0,1688.0,1648.37,1667.45,251975.6728,420335662.096628,494615
2023-09-30,1667.45,1694.32,1666.19,1670.89,136924.9141,229630339.535437,342315
2023-10-01,1670.89,1751.0,1668.0,1733.79,225611.5868,383793846.183488,495195
2023-10-02,1733.8,1744.0,1636.79,1662.4,378575.6898,643680600.092603,773990
2023-10-03,1662.41,1670.65,1643.0,1656.88,198287.1164,328606758.398617,530016
2023-10-04,1656.88,1657.66,1625.0,1646.58,222861.7167,365919693.07999,553269
2023-10-05,1646.58,1655.47,1606.73,1611.79,237378.7449,386770321.772352,545845
2023-10-06,1611.79,1662.0,1611.68,1645.03,220507.9286,360565723.578844,539488
2023-10-07,1645.03,1647.71,1630.03,1633.57,101241.5732,165907550.809013,288695
2023-10-08,1633.56,1641.4,1616.17,1632.84,149424.6635,243516204.388717,372636
2023-10-09,1632.85,1636.0,1546.0,1580.13,340141.0988,540588837.459589,646240
2023-10-10,1580.13,1594.9,1550.55,1567.63,240659.3287,378967575.340083,613660
2023-10-11,1567.62,1578.43,1544.26,1566.87,260253.9671,406667649.144022,605321
2023-10-12,1566.86,1568.56,1521.0,1539.61,237221.4977,366335747.013667,510960
2023-10-13,1539.61,1575.36,1537.76,1552.16,192205.8736,297929349.186925,520123
2023-10-14,1552.16,1561.72,1544.55,1554.94,100314.6754,155648012.907844,281561
2023-10-15,1554.94,1567.62,1547.44,1557.77,120311.2738,187266232.062386,316951
2023-10-16,1557.78,1639.43,1555.06,1599.42,418510.8644,665124956.25364,729569
2023-10-17,1599.41,1600.53,1551.08,1565.01,234817.0699,370032208.156754,475213
2023-10-18,1565.01,1585.42,1555.88,1563.44,177750.2253,279357949.45458,440577
2023-10-19,1563.45,1574.45,1541.61,1566.57,216217.6675,336684246.044496,469598
2023-10-20,1566.57,1630.4,1561.19,1603.89,315995.792,506065182.982314,651738
2023-10-21,1603.88,1644.53,1592.36,1628.94,176419.4092,285546594.56213,463033
2023-10-22,1628.94,1667.8,1621.1,1663.7,228650.9225,374841495.304391,580843
2023-10-23,1663.69,1800.0,1657.07,1765.46,610931.9663,1044121568.099054,1167834
2023-10-24,1765.47,1854.38,1756.21,1784.98,674055.1375,1216867823.899225,1308532
2023-10-25,1784.98,1817.69,1760.0,1787.15,354410.8294,634289515.565779,774777
2023-10-26,1787.15,1865.54,1762.21,1803.38,431169.0453,781481904.959697,901019
2023-10-27,1803.39,1803.91,1744.66,1779.4,274532.6921,488398895.217537,594592
2023-10-28,1779.41,1803.23,1770.0,1776.2,122919.7382,219588597.64105,333711
2023-10-29,1776.21,1811.3,1762.66,1795.14,144110.6508,258015412.931554,371024
2023-10-30,1795.14,1829.84,1777.77,1809.04,277686.192,501228029.317605,560359
2023-10-31,1809.03,1819.41,1780.99,1814.67,258074.5796,464695558.995254,577888
2023-11-01,1814.67,1857.66,1783.19,1846.99,471921.6184,858744655.311508,862416
2023-11-02,1846.99,1875.0,1785.01,1800.8,368738.2193,674522153.765589,790110
2023-11-03,1800.79,1834.58,1777.11,1832.71,315000.2678,568244477.517703,713592
2023-11-04,1832.7,1869.9,1824.03,1855.54,171538.0364,315560482.702516,463794
2023-11-05,1855.54,1912.67,1846.11,1891.71,383106.7628,721508408.943992,780672
2023-11-06,1891.71,1914.23,1868.48,1900.95,328746.2394,622198937.156692,717293
2023-11-07,1900.95,1906.99,1850.32,1885.27,332419.4406,625566317.427045,760921
2023-11-08,1885.26,1904.69,1872.51,1888.12,247881.0997,468144576.741454,514836
2023-11-09,1888.11,2132.0,1882.07,2121.32,1100330.3237,2200484378.92985,1657379
2023-11-10,2121.33,2136.99,2064.61,2077.72,555573.6495,1167220520.828261,880646
2023-11-11,2077.72,2089.6,2030.3,2053.17,370966.0372,763796737.409375,675522
2023-11-12,2053.16,2066.5,2012.1,2044.68,281907.559,577153459.51571,556231
2023-11-13,2044.69,2118.0,2028.49,2053.65,529143.5815,1093862454.321374,1025249
2023-11-14,2053.65,2064.96,1936.6,1979.39,481909.733,972032428.326573,884487
2023-11-15,1979.4,2062.4,1967.01,2058.48,421870.8032,847945999.664,731745
2023-11-16,2058.49,2090.4,1939.1,1961.77,545286.1297,1101174547.308609,991673
2023-11-17,1961.77,1991.5,1904.0,1960.82,401100.5069,783561858.011889,788071
2023-11-18,1960.82,1971.22,1916.0,1962.6,279368.2208,543924395.733028,535494
2023-11-19,1962.59,2015.75,1942.89,2011.47,251132.6192,494600634.891146,506631
2023-11-20,2011.47,2066.4,1990.0,2021.4,421717.679,854002757.451172,751621
2023-11-21,2021.41,2034.6,1931.43,1933.01,490163.9863,974304142.397174,888864
2023-11-22,1933.01,2092.46,1928.41,2063.21,466120.5109,943776525.65738,796700
2023-11-23,2063.22,2088.94,2040.35,2062.2,250960.6958,517482313.452256,527877
2023-11-24,2062.21,2133.02,2059.37,2080.84,426932.5402,894370772.518114,672044
2023-11-25,2080.84,2090.54,2065.3,2083.09,138847.393,288887833.978004,350920
2023-11-26,2083.1,2094.99,2036.42,2062.33,241262.9136,499314260.833915,510922
2023-11-27,2062.34,2071.24,1985.78,2027.5,326073.2298,660673302.74006,622522
2023-11-28,2027.5,2075.0,1995.15,2048.14,283775.9279,578404413.958468,606358
2023-11-29,2048.14,2075.7,2019.31,2028.81,254843.7319,521225853.33225,503614
2023-11-30,2028.8,2054.75,2020.85,2051.96,243680.0921,496360388.666385,458227
2023-12-01,2051.95,2110.87,2045.04,2087.24,372645.586,778670941.03376,598646
2023-12-02,2087.24,2186.6,2086.25,2164.74,320979.9768,684434398.684245,618401
2023-12-03,2164.75,2217.27,2149.0,2192.95,257879.1136,560343820.028509,556948
2023-12-04,2192.96,2274.28,2191.0,2243.37,565307.7134,1263069834.208612,980117
2023-12-05,2243.36,2309.72,2188.33,2293.33,529829.7214,1190597719.193227,1018557
2023-12-06,2293.33,2312.23,2220.0,2232.7,408338.9056,925926168.109342,842212
2023-12-07,2232.7,2382.8,2222.0,2355.73,485190.0609,1115389522.523053,921917
2023-12-08,2355.74,2392.0,2336.34,2358.72,378569.8126,893841920.83732,713431
2023-12-09,2358.71,2403.0,2328.01,2340.49,287771.0664,679437458.931254,648813
2023-12-10,2340.48,2377.47,2320.0,2352.39,200037.2102,469860963.947153,464455
2023-12-11,2352.39,2355.0,2156.62,2225.12,640414.9166,1426910964.96622,1153316
2023-12-12,2225.11,2244.12,2166.0,2203.46,361588.9087,799015127.414974,804062
2023-12-13,2203.47,2284.02,2144.32,2260.16,418916.6154,922420273.947253,897019
2023-12-14,2260.16,2332.11,2228.2,2315.32,409508.0931,934716057.650864,918965
2023-12-15,2315.32,2317.81,2200.0,2220.5,333552.6328,754022987.247722,714102
2023-12-16,2220.51,2263.4,2210.0,2228.96,199285.923,446980227.082835,528692
2023-12-17,2228.96,2248.68,2191.5,2196.52,225925.7675,501306718.242808,531241
2023-12-18,2196.53,2224.0,2116.6,2219.43,364103.1181,789100505.031711,769310
2023-12-19,2219.44,2255.0,2135.55,2177.91,383551.4049,847060839.708398,786067
2023-12-20,2177.9,2266.0,2156.0,2202.17,416841.6272,922794580.703402,867198
2023-12-21,2202.17,2279.31,2182.98,2239.61,453069.7252,1010354340.135799,848508
2023-12-22,2239.6,2343.15,2230.59,2324.54,591357.488,1358322906.958078,1124820
2023-12-23,2324.54,2330.65,2265.0,2308.2,255626.9352,586078143.242079,588229
2023-12-24,2308.2,2326.19,2245.0,2264.05,307951.076,705420988.78504,711200
2023-12-25,2264.04,2304.8,2253.1,2271.35,286277.1616,652158658.258351,613108
2023-12-26,2271.36,2274.99,2178.45,2230.88,410413.1591,916097827.49845,701701
2023-12-27,2230.88,2392.44,2211.88,2378.35,541537.3574,1250873719.550661,978666
2023-12-28,2378.35,2445.8,2335.0,2344.15,580459.982,1385456486.286191,1241094
2023-12-29,2344.15,2385.41,2255.34,2299.2,450201.2069,1049566350.122209,990308
2023-12-30,2299.2,2322.84,2268.0,2291.68,210539.1327,483369913.478846,555932
2023-12-31,2291.68,2321.34,2258.88,2281.87,222175.8779,510046689.187396,548848
2024-01-01,2281.87,2352.37,2265.24,2352.04,216702.6914,500451219.612806,536670
2024-01-02,2352.05,2431.3,2341.0,2355.34,458041.6642,1090922198.049091,1028335
2024-01-03,2355.35,2385.45,2100.0,2209.72,798729.4869,1797597895.179904,1351067
2024-01-04,2209.72,2294.69,2201.91,2267.11,448844.055,1009072619.206773,780771
2024-01-05,2267.11,2277.21,2206.17,2268.78,405568.0006,910367621.181662,758963
2024-01-06,2268.78,2270.0,2216.4,2240.78,194067.8656,434867515.959157,450441
2024-01-07,2240.77,2258.01,2203.46,2221.42,207138.6927,463525159.257429,516569
2024-01-08,2221.42,2358.2,2166.38,2330.44,539407.5547,1221527410.440822,1069027
2024-01-09,2330.43,2371.72,2226.78,2344.29,551454.9931,1267764132.836077,1196445
2024-01-10,2344.3,2643.1,2339.59,2584.38,1038388.666,2536320982.388543,2010707
2024-01-11,2584.37,2689.39,2566.01,2618.01,838712.2577,2194916359.191646,1693755
2024-01-12,2618.01,2717.32,2458.0,2522.54,887457.7627,2318179618.086912,1860636
2024-01-13,2522.55,2590.0,2497.5,2578.19,422061.232,1075466481.72042,898845
2024-01-14,2578.18,2578.69,2470.0,2472.87,306207.7463,774962904.807117,732294
2024-01-15,2472.87,2553.82,2470.92,2511.78,315247.8819,793871974.871601,789378
2024-01-16,2511.79,2614.43,2500.05,2587.4,381077.6247,972060398.7746,1140088
2024-01-17,2587.41,2592.97,2506.75,2530.19,366281.3477,933809190.348208,1140624
2024-01-18,2530.2,2550.0,2428.56,2470.81,452090.1074,1129803152.914788,894355
2024-01-19,2470.81,2504.2,2415.2,2492.0,424209.0029,1047352971.89337,855044
2024-01-20,2491.99,2492.0,2454.2,2472.01,136620.9577,337794603.1476,418938
2024-01-21,2472.02,2482.18,2452.13,2457.05,122572.1687,303022758.728082,360446
2024-01-22,2457.06,2466.1,2303.59,2314.2,526337.6492,1252505758.322904,933793
2024-01-23,2314.19,2352.23,2168.07,2242.6,700105.3314,1568448812.43809,1204183
2024-01-24,2242.6,2264.6,2196.12,2235.02,359851.1496,802477123.108515,801012
2024-01-25,2235.02,2242.89,2171.3,2218.64,330426.6061,731016014.382289,756164
2024-01-26,2218.64,2282.36,2195.84,2267.68,363566.4255,815753832.163171,823603
2024-01-27,2267.67,2282.94,2251.4,2267.94,145109.3836,329102144.459815,416970
2024-01-28,2267.94,2308.24,2239.89,2256.9,209326.9087,476534769.158892,566626
2024-01-29,2256.9,2322.34,2233.8,2317.6,305528.0776,696374288.619473,681798
2024-01-30,2317.61,2391.98,2297.0,2343.01,372879.5791,871148737.166658,770660
2024-01-31,2343.0,2351.6,2263.57,2283.14,397116.1859,920131584.290104,922884
2024-02-01,2283.15,2311.72,2240.0,2304.28,310997.4538,708868445.046755,779472
2024-02-02,2304.28,2324.74,2281.94,2309.06,238230.511,549302201.697642,574621
2024-02-03,2309.07,2329.98,2292.75,2296.49,133232.845,307866239.186442,397464
2024-02-04,2296.5,2311.0,2266.0,2289.79,171232.0444,393039532.452068,506684
2024-02-05,2289.79,2338.41,2269.11,2301.83,236610.412,545576620.002565,730863
2024-02-06,2301.84,2392.4,2299.0,2372.64,368942.7498,864113645.787681,861796
2024-02-07,2372.63,2444.44,2354.0,2425.1,342791.7013,820475884.303521,860357
2024-02-08,2425.09,2463.15,2411.01,2419.55,338040.0539,821961943.652096,894102
2024-02-09,2419.56,2525.0,2419.16,2486.56,492384.385,1222635531.628793,1134276
2024-02-10,2486.56,2516.45,2471.57,2500.24,185099.59,461966177.394756,622723
2024-02-11,2500.24,2539.63,2493.45,2507.21,219975.1471,553430378.325069,711081
2024-02-12,2507.22,2665.58,2472.0,2659.99,449501.776,1152087242.126358,1019390
2024-02-13,2659.99,2686.12,2590.0,2639.99,502447.745,1328138932.929169,1044885
2024-02-14,2639.99,2786.0,2618.4,2774.81,461670.6944,1258639954.547665,1090412
2024-02-15,2774.8,2867.65,2759.25,2822.59,481689.1874,1353587492.514775,1347619
2024-02-16,2822.58,2857.4,2740.0,2801.8,378070.8037,1062271564.48786,1123447
2024-02-17,2801.81,2804.21,2719.01,2785.93,243302.8759,673711593.251713,969157
2024-02-18,2785.92,2895.0,2764.25,2881.2,367987.8833,1037802342.593287,1311570
2024-02-19,2881.2,2984.52,2856.93,2944.8,446451.0401,1302430726.129661,1539410
2024-02-20,2944.8,3033.09,2874.56,3014.81,634681.7471,1868745481.647549,1517960
2024-02-21,3014.81,3017.15,2868.0,2967.9,595955.0033,1746960179.79394,1256455
2024-02-22,2967.91,3036.02,2906.51,2971.4,563525.9936,1676206889.451405,1205856
2024-02-23,2971.4,2993.8,2906.05,2922.24,428826.5787,1261137725.511952,1003464
2024-02-24,2922.25,3007.48,2906.4,2992.62,243854.0783,721993808.566193,718718
2024-02-25,2992.62,3122.0,2983.61,3112.59,412306.2237,1257766106.546299,1085332
2024-02-26,3112.6,3196.0,3036.59,3175.94,546722.7747,1703165045.241492,1391934
2024-02-27,3175.95,3288.14,3160.02,3242.36,625939.1221,2025805516.974933,1676466
2024-02-28,3242.35,3488.0,3176.16,3383.1,947538.766,3153201034.914763,2442603
2024-02-29,3383.11,3522.81,3300.0,3340.09,759698.1123,2608623102.49017,2112875
2024-03-01,3340.1,3450.0,3338.54,3433.43,412788.5773,1405295834.572694,1263130
2024-03-02,3433.42,3460.04,3390.01,3421.4,283984.9448,971756920.451209,926113
2024-03-03,3421.39,3491.8,3360.0,3487.81,341631.531,1172272660.98449,1116823
2024-03-04,3487.8,3640.94,3423.78,3627.76,715360.6361,2526905041.93919,1953764
2024-03-05,3627.75,3822.04,3200.0,3553.65,1392904.864,5043847679.68348,3265582
2024-03-06,3553.66,3900.0,3499.4,3818.59,969494.71,3652250924.277737,2555462
2024-03-07,3818.58,3933.81,3735.0,3868.76,540780.675,2067607917.443709,1636716
2024-03-08,3868.76,3993.75,3820.0,3883.36,646399.2589,2534209920.005565,1657141
2024-03-09,3883.37,3942.0,3870.01,3905.21,254839.1386,995823688.313553,819335
2024-03-10,3905.2,3964.67,3791.26,3878.47,356664.68,1393415653.98342,1195480
2024-03-11,3878.47,4086.23,3722.95,4064.8,721554.5139,2874119154.303359,1894504
2024-03-12,4064.8,4093.92,3828.98,3979.96,632787.3941,2522475873.08181,1878541
2024-03-13,3979.97,4083.0,3932.23,4004.79,482305.7766,1933909390.302124,1536498
2024-03-14,4004.79,4010.98,3723.0,3881.7,648237.5245,2520007951.6912,1919963
2024-03-15,3881.69,3934.02,3570.0,3742.19,947537.4071,3513477459.320449,2487337
2024-03-16,3742.19,3781.12,3468.8,3523.09,548288.1569,1999176881.312615,1798939
2024-03-17,3523.09,3678.68,3412.0,3644.71,517790.9936,1843487764.621314,1721355
2024-03-18,3644.7,3645.02,3454.09,3520.46,570901.2851,2029690613.721462,1906387
2024-03-19,3520.47,3548.09,3150.88,3158.64,1049629.6936,3474307712.276456,2647385
2024-03-20,3158.65,3535.24,3056.56,3516.53,1207322.8201,3957251428.899041,2987953
2024-03-21,3516.53,3587.32,3412.0,3492.85,602755.2072,2114084858.156535,1791989
2024-03-22,3492.84,3542.52,3250.0,3336.35,558848.888,1891771641.019007,1747756
2024-03-23,3336.35,3435.48,3270.08,3329.53,323675.9448,1089778379.601229,1129683
2024-03-24,3329.53,3471.22,3298.76,3454.98,260824.1408,879033073.031454,1090982
2024-03-25,3454.99,3666.0,3420.12,3590.42,548577.6942,1945377748.66027,1610130
2024-03-26,3590.43,3678.86,3542.62,3587.33,499013.8384,1800812035.846224,1373691
2024-03-27,3587.32,3665.84,3460.02,3501.19,443195.3297,1576098628.307976,1436593
2024-03-28,3501.2,3611.78,3465.0,3560.49,404654.0311,1436630524.623043,1158353
2024-03-29,3560.49,3584.37,3445.91,3509.74,323086.179,1138548291.158387,951744
2024-03-30,3509.74,3565.81,3485.0,3505.64,216025.2634,759625521.451892,750249
2024-03-31,3505.65,3655.32,3505.09,3645.29,243464.9877,878141654.345982,722927
2024-04-01,3645.29,3645.95,3413.71,3503.8,408854.1225,1437691729.032314,1115133
2024-04-02,3503.8,3505.6,3212.0,3278.96,623264.6476,2068004456.062823,1581408
2024-04-03,3278.96,3367.4,3202.79,3310.83,410484.1933,1358993604.798615,1113644
2024-04-04,3310.83,3443.93,3250.92,3327.4,356338.5716,1187792289.214371,965695
2024-04-05,3327.39,3350.0,3210.0,3317.85,344556.7983,1132252495.889124,854139
2024-04-06,3317.85,3398.42,3306.68,3351.59,183312.2125,612681489.148954,549985
2024-04-07,3351.59,3459.94,3344.08,3454.2,210459.0752,715174110.573835,748530
2024-04-08,3454.2,3730.71,3406.36,3694.61,496841.3532,1787240600.808657,1333378
2024-04-09,3694.61,3727.34,3450.46,3506.39,457592.252,1643610851.75092,1046479
2024-04-10,3506.4,3562.95,3411.82,3545.64,389404.9055,1361401195.431785,915957
2024-04-11,3545.64,3618.3,3474.52,3502.52,338139.5534,1197654094.446207,890107
2024-04-12,3502.52,3552.4,3100.0,3237.43,697327.1174,2328197177.420495,1423600
2024-04-13,3237.42,3301.9,2852.0,3007.01,994971.2354,3066250202.835826,2037632
2024-04-14,3007.01,3174.23,2906.73,3155.11,737580.4666,2244354713.135616,1680666
2024-04-15,3155.11,3277.85,3023.19,3101.99,605430.8863,1911310147.230663,1540774
2024-04-16,3102.0,3128.01,2986.0,3084.22,526113.855,1610290812.173095,1461779
2024-04-17,3084.21,3123.75,2914.47,2985.41,491897.5661,1483253378.358158,1348404
2024-04-18,2985.41,3094.4,2950.98,3064.4,389060.7133,1177977125.358139,1168254
2024-04-19,3064.4,3128.89,2865.18,3056.46,607850.4019,1843119282.769549,1465901
2024-04-20,3056.45,3171.88,3018.75,3155.79,242577.6371,749727918.396258,812118
2024-04-21,3155.79,3197.18,3116.49,3147.67,219970.5072,694988777.191024,767260
2024-04-22,3147.66,3235.0,3129.15,3200.2,290879.9569,928957385.38023,993579
2024-04-23,3200.19,3263.61,3152.0,3219.46,253914.2263,813798516.320386,844893
2024-04-24,3219.46,3293.56,3104.9,3140.8,393314.3414,1261617674.785295,1130370
2024-04-25,3140.79,3191.64,3072.2,3155.8,352288.5502,1104939534.274997,861077
2024-04-26,3155.81,3167.7,3102.0,3131.3,252522.655,792255507.862558,628635
2024-04-27,3131.3,3285.0,3066.74,3255.56,323811.1919,1027413859.249457,734026
2024-04-28,3255.55,3357.4,3250.45,3263.45,304766.009,1006628332.290045,753239
2024-04-29,3263.44,3286.95,3115.13,3216.73,421831.2912,1345237182.553429,943719
2024-04-30,3216.74,3250.95,2921.0,3014.05,561717.4866,1710124473.495703,1292873
2024-05-01,3014.04,3023.24,2817.0,2972.46,624963.7773,1827523436.860293,1365039
2024-05-02,2972.46,3016.72,2893.26,2986.19,365939.7191,1084862887.847943,880167
2024-05-03,2986.19,3126.99,2958.32,3102.61,355825.8391,1081409861.154123,859542
2024-05-04,3102.61,3168.0,3092.85,3117.23,196263.9488,613297368.100618,575026
2024-05-05,3117.24,3171.93,3072.99,3136.41,218760.2662,684143592.814579,600693
2024-05-06,3136.4,3221.4,3046.35,3062.6,355135.3027,1111315631.576414,873200
2024-05-07,3062.59,3129.85,2998.0,3005.69,298796.6829,917252045.688203,815246
2024-05-08,3005.69,3038.15,2936.48,2974.21,266934.8125,800460076.635667,830635
2024-05-09,2974.2,3059.0,2950.77,3036.23,238561.7462,715090822.076205,686147
2024-05-10,3036.24,3053.89,2878.03,2909.99,327855.8758,972264869.49205,891040
2024-05-11,2909.98,2945.67,2886.46,2912.45,138163.1087,402989065.566229,466357
2024-05-12,2912.45,2955.2,2901.17,2929.29,107670.6323,315212004.622529,367990
2024-05-13,2929.3,2996.4,2864.76,2950.99,368664.7648,1083553488.623212,925017
2024-05-14,2950.99,2960.6,2862.0,2881.93,269675.3037,783471918.254666,617845
2024-05-15,2881.93,3041.36,2863.75,3032.55,350254.3188,1036063008.59966,760817
2024-05-16,3032.55,3041.24,2922.8,2944.7,293874.1513,876706595.658027,575271
2024-05-17,2944.7,3120.0,2933.06,3092.01,357724.7731,1088374622.991193,754274
2024-05-18,3092.0,3146.98,3083.61,3122.94,199976.5456,622730956.337748,527531
2024-05-19,3122.94,3136.64,3053.38,3071.19,166145.0102,513790068.69183,470419
2024-05-20,3071.2,3694.0,3047.67,3661.78,847107.8828,2853349713.672701,2226153
2024-05-21,3661.79,3841.54,3624.28,3789.6,952437.2694,3557244460.363258,2204702
2024-05-22,3789.59,3813.69,3653.15,3737.73,574938.3099,2151256432.12026,1339940
2024-05-23,3737.72,3949.29,3498.0,3783.61,1127866.076,4283549690.441181,2682768
2024-05-24,3783.6,3829.61,3626.1,3728.28,479418.4318,1782983862.212967,1159074
2024-05-25,3728.28,3779.43,3709.03,3749.26,158711.8992,594438275.805137,503711
2024-05-26,3749.25,3884.2,3731.17,3826.47,292208.2937,1115661431.007397,697286
2024-05-27,3826.47,3977.0,3823.37,3894.22,363717.6473,1424169372.465946,971964
2024-05-28,3894.21,3931.09,3773.9,3844.69,416249.8344,1605074794.248354,941338
2024-05-29,3844.69,3888.55,3742.59,3767.43,334759.6348,1274087642.072243,883401
2024-05-30,3767.44,3825.35,3702.58,3747.91,277034.2894,1042146006.39132,765716
2024-05-31,3747.9,3849.94,3723.75,3762.29,273406.766,1032174005.216676,680329
2024-06-01,3762.29,3833.3,3752.67,3815.82,132687.2006,503500622.837856,399377
2024-06-02,3815.82,3838.59,3752.62,3780.91,210295.4407,798100737.663757,579563
2024-06-03,3780.92,3849.99,3758.43,3767.06,248848.702,946239636.296371,648868
2024-06-04,3767.07,3831.65,3730.0,3810.23,232063.7468,878533930.59989,568514
2024-06-05,3810.23,3887.47,3777.33,3865.99,273738.6035,1046373693.422429,645836
2024-06-06,3866.0,3878.6,3760.0,3813.46,237504.1905,910751773.181592,525050
2024-06-07,3813.47,3841.39,3600.0,3678.32,362223.3594,1352307567.238349,894006
2024-06-08,3678.31,3709.5,3660.08,3681.57,140550.8394,518118534.039922,364485
2024-06-09,3681.58,3721.52,3666.36,3706.4,103451.102,381854484.95566,287960
2024-06-10,3706.4,3713.67,3642.74,3667.85,156363.1846,575211243.30527,391165
2024-06-11,3667.85,3673.0,3432.0,3497.33,439568.5978,1552225947.171155,1036229
2024-06-12,3497.33,3659.01,3462.07,3560.12,387043.774,1384558593.85822,850527
2024-06-13,3560.13,3561.65,3428.0,3469.4,300230.8299,1048214494.75108,696369
2024-06-14,3469.4,3532.61,3362.26,3481.8,322316.4214,1116570671.848945,746613
2024-06-15,3481.8,3594.39,3473.1,3568.74,246649.5894,873576137.27908,500773
2024-06-16,3568.75,3653.79,3541.05,3624.41,149839.982,537492821.643428,417858
2024-06-17,3624.41,3638.37,3463.39,3511.46,337805.6402,1196162530.919053,774085
2024-06-18,3511.47,3517.2,3355.0,3483.42,449913.3014,1541798882.411695,1062807
2024-06-19,3483.42,3590.01,3465.65,3560.51,321500.0027,1138419054.652927,712501
2024-06-20,3560.51,3625.96,3486.0,3513.08,329117.8453,1170597741.257869,743896
2024-06-21,3513.08,3547.55,3446.82,3518.5,342155.102,1197095546.233963,746361
2024-06-22,3518.5,3521.19,3475.09,3495.75,115774.6157,405045499.421582,315684
2024-06-23,3495.76,3521.45,3406.38,3420.91,133411.4304,463204539.05644,338679
2024-06-24,3420.91,3435.76,3240.0,3352.73,543370.4229,1807046957.965219,1222789
2024-06-25,3352.74,3430.88,3336.76,3394.91,240036.2236,812730026.8442,654302
2024-06-26,3394.91,3426.75,3325.01,3371.44,206949.3418,699375819.276128,518727
2024-06-27,3371.77,3477.0,3361.74,3450.44,201041.6609,687897292.145414,530697
2024-06-28,3450.44,3487.7,3365.22,3380.15,221634.3435,760116781.029508,934561
2024-06-29,3380.15,3408.32,3371.86,3378.8,88329.7651,299468173.245718,365755
2024-06-30,3378.8,3460.0,3352.66,3438.16,141221.6185,480491273.121482,557070
2024-07-01,3438.16,3524.94,3423.78,3442.2,224273.2122,780112100.208223,854102
2024-07-02,3442.2,3464.12,3402.0,3421.35,137932.7014,473853655.522322,623720
2024-07-03,3421.35,3432.1,3251.0,3295.48,310408.451,1031040642.948245,1378502
2024-07-04,3295.49,3313.45,3050.34,3059.7,450402.5692,1425360058.279399,1898898
2024-07-05,3059.7,3110.0,2810.0,2981.78,886994.3753,2602693094.463384,2967124
2024-07-06,2981.79,3081.78,2955.06,3066.83,214487.9713,646245038.475145,1055462
2024-07-07,3066.83,3073.08,2922.24,2931.0,179892.7612,538755029.459879,878707
2024-07-08,2930.99,3097.06,2822.8,3019.01,500445.0105,1484924133.828654,2222940
2024-07-09,3019.01,3115.2,3004.0,3066.65,280358.1424,859567747.663927,1377129
2024-07-10,3066.65,3151.51,3024.0,3101.05,270827.0844,839730659.372952,1296218
2024-07-11,3101.06,3217.24,3054.76,3099.57,289229.32,907129989.222096,1413031
2024-07-12,3099.57,3157.89,3045.58,3133.88,185745.1825,575599522.850663,1094915
2024-07-13,3133.89,3201.8,3113.37,3175.93,119302.4769,376336968.783293,591291
2024-07-14,3175.93,3268.72,3163.67,3245.08,165430.7716,530204017.169411,792858
2024-07-15,3245.2,3493.63,3233.22,3483.39,314296.8452,1058747637.288266,1617276
2024-07-16,3483.2,3498.59,3346.55,3444.13,376128.7869,1291412549.937766,1636557
2024-07-17,3444.14,3517.0,3376.0,3387.05,297812.5162,1029558208.636794,1285615
2024-07-18,3387.05,3489.98,3367.2,3426.5,241950.3457,829503482.767012,1165443
2024-07-19,3426.49,3540.27,3377.0,3503.53,299511.6422,1034724329.319296,1262244
2024-07-20,3503.53,3539.65,3480.0,3517.5,147510.8165,516504071.765199,667108
2024-07-21,3517.5,3547.0,3411.4,3535.92,218890.9656,764360242.601174,961322
2024-07-22,3535.93,3562.82,3422.34,3439.6,207859.5043,724117324.169122,1069762
2024-07-23,3439.61,3541.0,3389.0,3482.51,500568.7811,1737977523.022786,1617621
2024-07-24,3482.51,3487.82,3300.0,3335.81,275479.0506,940244066.497797,980283
2024-07-25,3335.82,3342.5,3087.53,3175.48,494282.6398,1570457188.18384,2011527
2024-07-26,3175.47,3286.36,3171.0,3274.61,260237.4641,844064770.724818,1169246
2024-07-27,3274.6,3327.59,3191.01,3249.01,231991.9037,757931406.545815,1076809
2024-07-28,3249.0,3284.3,3198.11,3270.16,103529.8329,336422802.722383,682428
2024-07-29,3270.16,3396.77,3258.0,3317.66,318471.5055,1061016180.078098,1484898
2024-07-30,3317.66,3366.4,3233.18,3279.21,197277.1641,652703227.796507,1183239
2024-07-31,3279.2,3350.0,3213.75,3232.74,233711.3352,769347274.945988,1337992
2024-08-01,3232.74,3242.57,3080.02,3203.4,323285.6105,1020921619.452479,1835455
2024-08-02,3203.4,3218.6,2967.0,2989.61,385704.0395,1185594927.514843,2104725
2024-08-03,2989.61,3018.02,2859.0,2903.64,344595.3157,1013020792.752083,1798017
2024-08-04,2903.65,2935.46,2630.0,2688.92,512064.2612,1426784556.442743,2184760
2024-08-05,2688.91,2697.44,2111.0,2419.59,2670604.1003,6243689817.192618,7064159
2024-08-06,2419.76,2556.23,2414.19,2461.33,642283.8038,1601879002.769123,2870150
2024-08-07,2461.33,2551.32,2309.04,2342.8,630115.4228,1537271441.495759,2370148
2024-08-08,2342.79,2724.1,2320.4,2682.5,586502.8754,1474101815.469424,2112663
2024-08-09,2682.5,2707.98,2552.61,2598.78,406739.9611,1069628608.098305,1710060
2024-08-10,2598.79,2644.7,2576.49,2609.92,171012.3619,446695039.692734,758863
2024-08-11,2609.92,2720.0,2540.0,2555.38,297098.9145,780682452.75452,1217650
2024-08-12,2555.38,2750.0,2510.05,2722.3,483414.2506,1275788778.660518,1915621
2024-08-13,2722.3,2738.4,2611.37,2702.44,325668.6964,872886595.988518,1547949
2024-08-14,2702.44,2780.0,2632.2,2661.45,338808.7141,914805683.898244,1503315
2024-08-15,2661.45,2675.6,2515.71,2569.89,356546.8059,927491377.061398,1761529
2024-08-16,2569.9,2630.97,2550.04,2592.73,270684.1373,702631292.534931,1602311
2024-08-17,2592.72,2629.69,2587.5,2614.51,89348.676,232787181.525924,543278
2024-08-18,2614.51,2689.16,2594.53,2612.15,174074.0585,459975824.154323,836384
2024-08-19,2612.15,2648.08,2563.58,2636.36,224867.1336,585578272.443482,1156033
2024-08-20,2636.36,2695.0,2555.0,2572.82,281315.8751,738361057.602134,1303349
2024-08-21,2572.81,2663.74,2536.22,2630.71,245286.6218,638338169.862144,1420421
2024-08-22,2630.71,2644.69,2584.2,2622.88,199063.1196,521285357.086423,1064195
2024-08-23,2622.89,2799.13,2621.4,2762.48,401786.4447,1082989033.023547,1747686
2024-08-24,2762.49,2820.0,2731.26,2768.0,263542.9441,730370481.138122,1133872
2024-08-25,2768.01,2792.28,2733.21,2746.13,154527.2352,426733399.326636,1047985
2024-08-26,2746.12,2762.0,2666.66,2680.49,211708.1247,575695656.477179,1453833
2024-08-27,2680.49,2699.98,2392.96,2457.33,412660.7197,1058769621.892103,1898416
2024-08-28,2457.33,2554.6,2418.8,2528.33,451266.634,1124304892.423795,2272721
2024-08-29,2528.33,2595.4,2505.88,2527.61,237002.9632,603867504.225949,1455668
2024-08-30,2527.6,2552.17,2431.14,2526.0,338379.1941,845015735.149411,1735497
2024-08-31,2525.99,2533.95,2491.92,2513.01,97946.1147,246514334.07653,702529
2024-09-01,2513.0,2516.28,2400.0,2425.72,223127.776,550299930.153449,1357443
2024-09-02,2425.71,2564.83,2423.52,2538.01,262632.8385,654854126.195111,1452334
2024-09-03,2538.0,2553.6,2411.12,2425.29,224793.1299,556674703.352341,1272909
2024-09-04,2425.28,2490.0,2306.65,2450.71,384179.3854,921640300.674654,2002621
2024-09-05,2450.71,2466.0,2348.04,2368.81,278549.0969,667044058.826434,1862353
2024-09-06,2368.81,2408.83,2150.55,2225.23,643027.111,1467265008.063493,2980066
2024-09-07,2225.24,2311.27,2220.98,2273.58,219453.2076,498662894.230975,982698
2024-09-08,2273.58,2333.58,2240.94,2297.3,192775.6493,440447734.826373,976672
2024-09-09,2297.3,2381.41,2272.8,2359.5,321698.99,747001776.046536,1761692
2024-09-10,2359.51,2400.0,2320.41,2388.52,224382.1729,528411566.919702,1210860
2024-09-11,2388.52,2389.32,2277.68,2340.55,282898.3125,659291892.326731,1530070
2024-09-12,2340.54,2391.93,2315.39,2361.76,202611.1308,476749201.764419,1093596
2024-09-13,2361.75,2464.82,2337.35,2439.19,253888.616,607650210.702862,1458878
2024-09-14,2439.19,2440.6,2376.72,2417.79,122931.2302,296990460.130078,754834
2024-09-15,2417.8,2430.32,2283.75,2316.1,174364.1946,413278017.276324,1058493
2024-09-16,2316.09,2335.7,2252.39,2295.68,330555.232,756718235.682234,2102319
2024-09-17,2295.67,2393.63,2263.29,2341.8,274206.2588,640307796.594042,1813524
2024-09-18,2341.79,2376.14,2277.34,2374.75,292917.6008,679856751.171053,2555639
2024-09-19,2374.74,2494.95,2372.6,2465.21,326746.032,794820680.995054,2862096
2024-09-20,2465.21,2571.93,2437.31,2561.4,340754.5912,864016608.115563,3241249
2024-09-21,2561.4,2623.34,2528.97,2612.4,154757.8773,396953470.517631,1425778
2024-09-22,2612.4,2632.57,2524.58,2581.0,214266.3257,553059849.553399,2067811
2024-09-23,2580.99,2702.82,2539.49,2646.97,333282.0149,883518257.199407,3492404
2024-09-24,2646.98,2670.96,2591.56,2653.2,288600.0402,760159619.981534,2730471
2024-09-25,2653.2,2673.5,2554.05,2579.95,220343.4293,576100924.711546,2446589
2024-09-26,2580.09,2666.22,2559.2,2632.26,278686.3573,731881168.916695,2897463
2024-09-27,2632.25,2728.6,2615.21,2694.43,281826.9792,753233859.358672,2599262
2024-09-28,2694.43,2704.35,2650.0,2675.21,137230.0342,367299958.062676,1192804
2024-09-29,2675.21,2683.7,2629.73,2657.62,160554.3146,426486288.276277,1417045
2024-09-30,2657.62,2663.5,2575.0,2602.23,282475.7961,738997897.579085,2684395
2024-10-01,2602.24,2659.0,2414.0,2447.79,502828.6804,1275068045.816548,4525442
2024-10-02,2447.78,2499.0,2352.0,2364.1,317484.735,772815459.366551,4299369
2024-10-03,2364.09,2403.38,2310.0,2349.8,314635.9263,739732809.481887,4096011
2024-10-04,2349.8,2441.64,2339.15,2414.41,239383.017,572627417.105369,2556302
2024-10-05,2414.41,2428.23,2390.05,2414.66,103740.2316,250133597.688322,1147501
2024-10-06,2414.66,2457.8,2407.0,2440.03,105752.7096,257213775.45288,1097106
2024-10-07,2440.02,2521.0,2403.0,2422.71,300459.5407,742163736.966911,3081333
2024-10-08,2422.7,2466.66,2401.18,2440.89,201358.3312,490043095.024962,2240640
2024-10-09,2440.88,2473.61,2351.42,2370.47,242082.2725,586469983.393527,2569883
2024-10-10,2370.47,2421.36,2330.66,2386.49,257862.9619,614182044.949536,2734517
2024-10-11,2386.49,2471.45,2381.86,2439.5,235441.2197,572065403.741898,1913115
2024-10-12,2439.49,2490.51,2434.35,2476.4,139637.5062,343538957.820228,1058123
2024-10-13,2476.4,2484.92,2436.4,2468.91,120022.8179,295322793.084125,1032905
2024-10-14,2468.92,2654.0,2443.39,2629.79,435900.1619,1119084230.807938,2715025
2024-10-15,2629.79,2688.6,2537.36,2607.41,416285.6663,1083630113.139707,3306565
2024-10-16,2607.41,2647.79,2588.67,2611.1,260322.4242,681342662.41857,2813136
2024-10-17,2611.1,2648.37,2575.4,2605.8,221624.5434,579597649.929403,2543113
2024-10-18,2605.79,2675.58,2596.49,2642.17,292444.1153,771232214.935164,2835054
2024-10-19,2642.17,2663.49,2631.02,2648.2,105413.7646,278723129.157894,1145594
2024-10-20,2648.2,2759.0,2635.54,2746.91,256910.7448,692550694.441629,2274845
2024-10-21,2746.91,2769.48,2655.01,2666.7,310674.7232,839718870.967621,2526347
2024-10-22,2666.71,2671.92,2606.56,2622.81,265747.713,699818031.28854,2153796
2024-10-23,2622.81,2628.2,2450.0,2524.61,352647.7086,897683017.740168,2642127
2024-10-24,2524.6,2562.65,2507.31,2535.82,290851.7842,737665762.666147,2252562
2024-10-25,2535.82,2566.33,2382.59,2440.62,514799.8822,1282541014.469803,3741205
2024-10-26,2440.63,2508.0,2430.12,2482.51,248724.8313,612908876.738983,1985542
2024-10-27,2482.51,2527.99,2464.13,2507.8,137580.8836,342704461.298222,1337190
2024-10-28,2507.8,2589.67,2471.67,2567.48,360605.327,910015100.830837,2847523
2024-10-29,2567.49,2681.86,2561.2,2638.8,451915.7025,1187541746.021715,3690029
2024-10-30,2638.8,2722.3,2599.66,2659.19,460627.126,1230352880.142655,3700127
2024-10-31,2659.19,2669.0,2503.0,2518.61,403427.2017,1042550364.390791,3391343
2024-11-01,2518.61,2586.8,2467.67,2511.49,430249.1073,1084316033.711915,3614843
2024-11-02,2511.49,2523.45,2470.0,2494.23,145961.13,364240307.892377,1228028
2024-11-03,2494.23,2496.39,2411.0,2457.73,276009.1197,675516839.246158,2569553
2024-11-04,2457.73,2491.39,2357.59,2398.21,306316.9645,745000696.549594,3066552
2024-11-05,2398.21,2480.0,2380.74,2422.55,331619.2545,807964220.382607,2878817
2024-11-06,2422.6,2744.7,2420.3,2721.87,1002141.3618,2613263657.61569,5557031
2024-11-07,2721.88,2916.11,2699.49,2895.47,730845.9524,2069602523.372077,5380366
2024-11-08,2895.47,2981.69,2886.4,2961.75,568864.435,1664276186.367457,4290252
2024-11-09,2961.75,3157.4,2953.71,3126.21,526719.4212,1602480049.885514,3681905
2024-11-10,3126.2,3248.52,3069.0,3183.21,865536.7322,2751696491.353273,6072418
2024-11-11,3183.2,3387.61,3105.0,3371.59,1000093.9664,3248336095.357834,7802397
2024-11-12,3371.59,3442.5,3207.67,3243.8,973215.7285,3215515065.96685,7073014
2024-11-13,3243.79,3331.0,3116.69,3187.16,919686.3747,2958494366.71914,9753402
2024-11-14,3187.16,3240.4,3028.56,3058.82,605780.6662,1909266330.683718,6204964
2024-11-15,3058.81,3131.06,3014.5,3090.01,519623.6317,1593247701.289049,6118576
2024-11-16,3090.01,3219.97,3072.0,3132.87,423639.1573,1332892680.485038,5079843
2024-11-17,3132.88,3162.11,3034.99,3076.0,449818.9575,1393762559.896065,5832635
2024-11-18,3075.99,3224.94,3050.01,3207.8,640658.4357,2006111259.657586,6541040
2024-11-19,3207.81,3221.2,3065.4,3107.44,500112.0194,1561642778.418154,5163295
2024-11-20,3107.45,3159.2,3029.41,3069.97,503607.8336,1559041767.185464,6338828
2024-11-21,3069.97,3386.73,3032.59,3355.81,974923.3035,3167224819.418769,8227428
2024-11-22,3355.88,3425.92,3257.54,3327.78,603273.7093,2008464564.861674,7141711
2024-11-23,3327.78,3497.51,3312.72,3393.91,721024.0009,2449223191.454517,6790558
2024-11-24,3393.91,3450.0,3281.4,3361.2,479098.0921,1608242778.282872,5919258
2024-11-25,3361.21,3546.66,3300.01,3414.49,949330.37,3272920810.057311,9876856
2024-11-26,3414.49,3462.49,3252.0,3324.73,672367.1503,2252619301.964274,7269605
2024-11-27,3324.74,3684.92,3302.4,3653.28,754573.6485,2640023089.760935,6392173
2024-11-28,3653.27,3661.92,3529.76,3578.79,560976.425,2014252549.702022,5393261
2024-11-29,3578.8,3647.98,3534.28,3592.21,425493.2449,1525999121.819639,4240304
2024-11-30,3592.22,3738.98,3568.4,3703.6,503684.7485,1849683070.29735,4641849
2024-12-01,3703.59,3746.8,3659.2,3707.61,429089.2633,1589850114.025915,3667910
2024-12-02,3707.61,3760.0,3554.32,3643.42,737130.569,2685285591.845365,6825848
2024-12-03,3643.43,3670.0,3500.0,3614.51,678400.2032,2439869839.029021,5200407
2024-12-04,3614.51,3887.24,3614.51,3837.8,968744.0399,3638907449.551761,8222722
2024-12-05,3837.8,3956.0,3677.0,3785.2,946493.276,3653558567.753712,8753645
2024-12-06,3785.21,4087.73,3777.26,3998.87,803855.1146,3174080080.146193,6677199
2024-12-07,3998.87,4024.46,3968.0,3996.22,283920.02,1134418058.866173,2721543
2024-12-08,3996.22,4015.58,3923.5,4004.15,251362.1685,1000371580.638359,2614587
2024-12-09,4004.15,4006.17,3509.0,3712.0,939642.2001,3566495804.128105,8331026
2024-12-10,3712.0,3780.76,3515.89,3628.25,942206.0337,3443114495.273664,10461668
2024-12-11,3628.24,3848.64,3562.34,3831.81,461818.7801,1722223536.878177,6195364
2024-12-12,3831.82,3987.41,3796.8,3881.61,572098.6343,2239803483.576607,7005239
2024-12-13,3881.6,3968.47,3852.94,3906.8,387765.6873,1516942852.285181,5124578
2024-12-14,3906.8,3945.0,3825.03,3870.29,265538.9479,1031595277.387337,3407748
2024-12-15,3870.3,3974.61,3831.5,3959.09,253833.2141,987865003.127543,3637695
2024-12-16,3959.09,4107.8,3884.0,3986.24,673351.0723,2686550997.110245,7117624
2024-12-17,3986.24,4041.82,3847.96,3893.01,450825.9861,1788532842.700757,6874200
2024-12-18,3893.01,3907.19,3617.42,3626.8,722505.0618,2735374632.738641,6584244
2024-12-19,3626.8,3720.0,3326.8,3417.01,1078153.4851,3807975330.681162,6357638
2024-12-20,3417.01,3497.84,3101.9,3472.21,1332783.731,4421584295.580899,7029546
2024-12-21,3472.2,3555.18,3293.11,3338.92,475275.82,1627460721.692153,2732677
2024-12-22,3338.92,3403.0,3221.1,3281.83,361920.2495,1201895225.016952,2546556
2024-12-23,3281.83,3466.99,3216.97,3422.53,488253.41,1627069583.878682,4032824
2024-12-24,3422.53,3539.65,3358.19,3493.18,315723.6763,1087476459.253163,2764397
2024-12-25,3493.17,3547.95,3440.93,3497.0,219846.0452,766349902.713217,2133099
2024-12-26,3497.0,3514.94,3304.63,3335.05,310170.1719,1047464157.032189,2543314
2024-12-27,3335.04,3444.16,3306.6,3333.51,342529.6038,1152635224.265439,3133395
2024-12-28,3333.51,3428.68,3322.23,3404.0,175963.613,592591876.178986,1445334
2024-12-29,3404.01,3413.78,3326.17,3356.48,156256.8819,527250656.145704,1170497
2024-12-30,3356.48,3437.59,3305.0,3361.84,420794.6476,1420731724.372564,2700666
2024-12-31,3361.83,3451.0,3315.59,3337.78,303053.1685,1024862944.046191,2021786
2025-01-01,3337.78,3374.85,3313.88,3360.38,190238.5861,636613395.695965,1182219
2025-01-02,3360.39,3509.99,3354.5,3455.67,338632.8874,1166286232.162882,2373075
2025-01-03,3455.68,3630.0,3423.44,3609.01,334041.0604,1179953901.101814,2293811
2025-01-04,3609.0,3671.6,3572.42,3656.88,229266.3133,829864804.859837,1567855
2025-01-05,3656.88,3675.25,3593.7,3635.99,155444.1741,564147572.800669,1461192
2025-01-06,3636.0,3744.83,3610.63,3687.45,329642.3648,1210642823.302069,2753873
2025-01-07,3687.44,3700.86,3356.31,3381.31,541543.2874,1899318756.158016,3538701
2025-01-08,3381.31,3415.1,3208.2,3327.29,584749.9627,1944382187.656659,3766197
2025-01-09,3327.29,3357.27,3158.0,3219.2,501818.4247,1638958679.714368,3685889
2025-01-10,3219.2,3322.49,3193.97,3267.04,454142.1333,1482940591.671988,3199118
2025-01-11,3267.05,3320.18,3217.56,3282.83,151679.7487,494933295.358262,1208777
2025-01-12,3282.83,3300.0,3224.49,3267.3,164879.9709,538751712.045787,1151908
2025-01-13,3267.3,3339.0,2920.0,3137.51,845907.5669,2614824635.154439,4900248
2025-01-14,3137.51,3256.67,3125.65,3225.63,374308.4517,1197715520.899026,2446285
2025-01-15,3225.63,3473.75,3186.36,3451.52,464188.034,1537407357.366771,2689488
2025-01-16,3451.51,3460.79,3265.44,3308.05,471282.6787,1573512574.074851,2667507
2025-01-17,3308.04,3525.72,3307.5,3473.63,518550.1813,1773013467.309093,3165882
2025-01-18,3473.64,3494.39,3227.0,3307.71,634197.1281,2100633661.764419,3931387
2025-01-19,3307.71,3448.99,3130.48,3215.12,1342301.5217,4408659681.01233,7064813
2025-01-20,3215.2,3453.69,3142.78,3284.0,1158354.7814,3830020315.131607,7137551
2025-01-21,3283.99,3368.0,3204.6,3327.54,548706.0513,1802317579.667659,3752957
2025-01-22,3327.55,3365.99,3222.85,3242.6,349240.7498,1150648371.196559,2187671
2025-01-23,3242.61,3347.97,3185.0,3338.21,605592.7225,1965307923.080547,3255920
2025-01-24,3338.22,3428.0,3275.9,3310.09,451524.2752,1519379297.690963,2793569
2025-01-25,3310.1,3350.68,3268.66,3318.77,208559.0415,690383485.125444,1456638
2025-01-26,3318.76,3362.0,3230.0,3232.61,272165.469,899291017.613374,1416325
2025-01-27,3232.61,3253.91,3020.01,3182.44,753004.7529,2349770569.706611,4888504
2025-01-28,3182.44,3223.01,3040.03,3077.72,350959.7173,1107001736.175005,2936974
2025-01-29,3077.72,3182.52,3054.06,3113.9,409737.2576,1278256645.74957,3277369
2025-01-30,3113.9,3283.43,3091.06,3247.39,350639.4823,1130886606.539682,2410789
2025-01-31,3247.38,3437.31,3213.8,3300.99,648681.6561,2158479814.331743,3802893
2025-02-01,3300.99,3331.98,3101.7,3117.54,354065.2525,1142845926.865901,2900696
2025-02-02,3117.54,3163.2,2750.71,2869.68,1050805.93,3131430738.391756,5974563
2025-02-03,2869.68,2921.0,2125.01,2879.9,2807979.021,7325488963.974643,10550628
2025-02-04,2879.89,2888.5,2632.6,2731.19,1259594.3919,3477670143.18934,4767588
2025-02-05,2731.19,2826.95,2699.13,2788.25,686593.0429,1897054238.490223,3498289
2025-02-06,2788.25,2857.64,2655.28,2686.64,719459.9571,1981674881.322119,3805682
2025-02-07,2686.63,2797.5,2562.51,2622.1,695467.3612,1875060380.334312,3272698
2025-02-08,2622.11,2667.3,2588.8,2632.46,379685.1509,996898803.984915,1865406
2025-02-09,2632.46,2698.9,2520.02,2627.18,387166.7911,1016386052.050485,2319910
2025-02-10,2627.18,2693.79,2559.85,2661.19,398173.2716,1051708232.55688,2736600
2025-02-11,2661.19,2725.04,2558.24,2602.59,484196.1435,1286091770.773805,2776008
2025-02-12,2602.59,2795.45,2546.92,2738.27,646295.8959,1705436939.533127,4190060
2025-02-13,2738.27,2757.28,2612.76,2675.87,443769.2853,1185301387.824423,3213834
2025-02-14,2675.87,2791.78,2664.46,2725.95,419895.7862,1142877818.043903,2645594
2025-02-15,2725.95,2739.0,2662.28,2693.04,202971.4295,548554180.222323,1678502
2025-02-16,2693.04,2727.31,2651.26,2661.41,191231.5314,514482095.174283,1449884
2025-02-17,2661.41,2849.7,2637.71,2744.05,639739.8197,1752388687.805609,3881592
2025-02-18,2744.05,2756.93,2605.44,2671.99,604863.8737,1616153629.018717,3898156
2025-02-19,2672.0,2736.7,2656.03,2715.5,326154.0202,882047186.131933,2376004
2025-02-20,2715.51,2770.59,2707.18,2738.04,336735.2544,921476439.354937,2096063
2025-02-21,2738.04,2845.32,2616.72,2663.0,890440.0604,2429306635.177234,3872201
2025-02-22,2663.0,2798.07,2653.33,2763.22,444989.6669,1214059511.899935,2597168
2025-02-23,2763.23,2857.34,2745.41,2819.69,611002.1222,1711849865.819046,2796506
2025-02-24,2819.7,2839.95,2470.33,2513.52,876876.3707,2334572148.661955,4737903
2025-02-25,2513.52,2533.49,2313.49,2495.7,1322016.8718,3207776114.782463,7076645
2025-02-26,2495.69,2507.5,2253.77,2336.37,863087.2133,2059160287.050773,5495972
2025-02-27,2336.38,2381.6,2230.57,2307.72,637583.9106,1480849324.540646,3906903
2025-02-28,2307.72,2314.18,2076.26,2237.59,1291539.0557,2794546441.726884,5708556
2025-03-01,2237.59,2281.14,2142.73,2217.39,446430.7271,988941461.430361,2511839
2025-03-02,2217.4,2550.58,2172.04,2518.11,1266684.7748,3001215557.603687,4977392
2025-03-03,2518.12,2523.56,2097.91,2149.01,1109565.2003,2529346005.909485,4969357
2025-03-04,2149.02,2221.88,1993.2,2171.51,1257822.3372,2634485208.259771,5856962
2025-03-05,2171.5,2273.51,2155.03,2241.59,687130.7897,1514537132.807393,3480893
2025-03-06,2241.59,2319.99,2176.9,2202.2,596908.3935,1343407922.359188,3304973
2025-03-07,2202.21,2258.47,2101.82,2141.6,782387.2606,1698459492.23933,4452265
2025-03-08,2141.6,2234.93,2105.06,2203.58,328793.0979,714743022.410347,2118806
2025-03-09,2203.57,2212.0,1989.66,2020.41,601671.5882,1249766628.544949,2791079
2025-03-10,2020.43,2152.4,1810.01,1865.1,1248745.3514,2461512870.770777,5261040
2025-03-11,1865.11,1963.2,1754.28,1923.43,1171427.9995,2203451540.611388,4578427
2025-03-12,1923.42,1960.0,1829.72,1908.2,788739.6763,1494384669.01818,3444921
2025-03-13,1908.2,1923.09,1821.81,1864.59,569537.2622,1069629049.44307,2688683
2025-03-14,1864.59,1945.64,1861.31,1911.65,375805.7355,718122712.753679,1728618
2025-03-15,1911.64,1957.19,1903.75,1937.17,209545.8675,404571982.738394,884429
2025-03-16,1937.18,1940.87,1860.38,1887.0,324766.6564,616620264.891675,1466585
2025-03-17,1887.01,1952.4,1879.98,1926.31,334840.4877,641484974.278307,1566024
2025-03-18,1926.3,1936.2,1872.31,1931.54,332896.0155,632109997.551311,1549810
2025-03-19,1931.54,2069.9,1927.58,2056.06,691809.5034,1385193898.481618,2614680
2025-03-20,2056.05,2067.9,1952.17,1983.79,401518.9282,800851703.937569,1885019
2025-03-21,1983.79,1996.73,1937.1,1965.75,262641.659,516587945.858554,1470569
2025-03-22,1965.74,2006.61,1964.34,1980.69,170782.9574,339679365.319319,833146
2025-03-23,1980.68,2020.74,1976.81,2005.99,268707.5233,537810044.752251,973880
2025-03-24,2005.99,2104.11,1977.67,2081.2,477912.8154,985984215.594533,1804046
2025-03-25,2081.2,2097.7,2037.08,2066.15,328765.3292,678919919.780749,1398034
2025-03-26,2066.16,2079.21,1981.6,2009.52,428975.3286,872757205.466645,1468474
2025-03-27,2009.52,2037.38,1987.06,2003.66,360634.8383,726385594.534751,1394730
2025-03-28,2003.67,2015.93,1860.0,1896.9,626167.5832,1197329354.058415,2245087
2025-03-29,1896.9,1913.6,1797.2,1828.08,409769.7555,758545295.871779,1755638
2025-03-30,1828.09,1849.01,1767.69,1807.74,327843.4476,595676639.883548,1523210
2025-03-31,1807.74,1854.22,1776.75,1822.43,497854.9052,904456573.010415,2283021
2025-04-01,1822.43,1927.9,1817.88,1904.98,452989.0974,851190042.273377,2141608
2025-04-02,1904.98,1957.0,1781.53,1795.22,750840.7823,1411539014.562126,3408080
2025-04-03,1795.21,1845.26,1750.0,1817.23,508075.018,912214691.840036,2579520
2025-04-04,1817.23,1835.68,1758.72,1816.87,572734.4702,1030518559.141754,2647730
2025-04-05,1816.88,1827.29,1764.39,1806.01,201716.2696,362822603.997079,861593
2025-04-06,1806.02,1817.0,1537.5,1580.76,979847.0958,1621420911.803542,3251935
2025-04-07,1580.77,1639.0,1411.01,1553.04,2168796.0067,3314200223.327178,5723226
2025-04-08,1553.04,1618.67,1441.3,1473.41,891846.1327,1361139288.977932,3369669
2025-04-09,1473.41,1689.0,1385.05,1669.51,1968530.9138,2995077137.626647,4723847
2025-04-10,1669.51,1669.85,1471.02,1522.25,911855.3934,1425649915.894919,3007121
2025-04-11,1522.24,1591.47,1504.63,1566.85,578484.3183,901210974.608363,2547292
2025-04-12,1566.85,1669.59,1546.06,1644.18,501867.9033,813176435.313973,2177800
2025-04-13,1644.19,1649.75,1562.01,1597.76,580136.6145,931598664.291855,2597350
2025-04-14,1597.76,1691.5,1595.56,1623.77,645930.1419,1062426756.849636,2975844
2025-04-15,1623.78,1661.21,1583.12,1588.78,476178.8915,774210116.710625,2283302
2025-04-16,1588.77,1613.66,1538.07,1577.14,611387.8686,965271509.893183,2645419
2025-04-17,1577.15,1616.96,1563.2,1583.62,449870.3628,716711483.143345,1871114
2025-04-18,1583.63,1600.64,1573.54,1588.6,200409.0359,317931022.839473,889028
2025-04-19,1588.6,1631.81,1585.01,1613.27,223096.3899,358254845.712294,1762563
2025-04-20,1613.26,1619.19,1565.59,1587.36,276052.2306,438377495.975152,1913811
2025-04-21,1587.36,1658.75,1564.07,1579.57,691486.6667,1117358203.868595,4257816
2025-04-22,1579.57,1778.0,1537.26,1756.26,1103036.9586,1833852783.080129,3841594
2025-04-23,1756.25,1834.86,1744.95,1795.07,887545.6316,1590311895.515477,3346263
2025-04-24,1795.08,1802.82,1722.9,1769.65,483465.0385,851507192.04646,2225460
2025-04-25,1769.64,1827.32,1738.6,1784.6,595610.8894,1063192910.339053,2516748
2025-04-26,1784.6,1841.16,1778.94,1820.88,355068.0442,640645562.865216,1907298
2025-04-27,1820.87,1857.47,1781.9,1791.29,340332.6435,616122293.308254,2405764
2025-04-28,1791.29,1827.98,1744.71,1799.88,587269.743,1049690759.152374,2980656
2025-04-29,1799.88,1842.99,1780.47,1797.81,480456.3884,871685371.749142,2590967
2025-04-30,1797.81,1816.8,1731.7,1793.61,473523.9877,843558998.326332,2468998
2025-05-01,1793.62,1873.17,1792.52,1838.11,537198.7291,988206595.824892,2398765
2025-05-02,1838.1,1871.0,1813.0,1842.2,410667.875,755324594.318921,2062923
2025-05-03,1842.2,1848.6,1810.0,1833.52,213751.5979,391267436.332057,1135719
2025-05-04,1833.52,1849.95,1803.0,1808.86,238254.3564,435999576.565349,1443996
2025-05-05,1808.86,1833.55,1781.85,1820.19,342341.0078,619310042.705,1961255
2025-05-06,1820.19,1820.9,1752.0,1817.0,384584.2451,687049952.313885,2333041
2025-05-07,1817.0,1850.0,1787.01,1811.11,456170.0705,831394497.734043,2408512
2025-05-08,1811.11,2226.0,1808.71,2207.39,1473152.686,2976074419.323541,5616063
2025-05-09,2207.39,2490.77,2184.33,2345.04,1667041.0382,3881949928.351723,6885286
2025-05-10,2345.04,2600.0,2317.0,2583.23,979350.1606,2393510879.665205,4862978
2025-05-11,2583.22,2608.13,2435.51,2514.57,831584.3888,2087255708.689512,4340859
2025-05-12,2514.58,2624.0,2406.63,2495.47,1068680.9433,2694150708.642761,5441783
2025-05-13,2495.48,2738.5,2415.3,2679.71,1031355.6465,2653880363.305381,4666012
2025-05-14,2679.71,2725.99,2547.26,2609.74,830047.1122,2183890526.340228,4181188
2025-05-15,2609.75,2647.03,2476.03,2548.69,768954.0332,1963827790.236602,4305508
2025-05-16,2548.7,2649.31,2529.4,2537.12,605953.6919,1568128704.046345,3310498
2025-05-17,2537.13,2538.16,2446.42,2475.08,494333.2782,1227578098.31878,2950197
2025-05-18,2475.09,2587.61,2323.21,2497.78,810103.1851,2001441345.434297,3416878
2025-05-19,2497.78,2547.36,2348.38,2528.14,861747.523,2109843607.573324,4757453
2025-05-20,2528.14,2588.63,2442.4,2524.19,676989.1747,1703522806.130449,3816684
2025-05-21,2524.19,2615.95,2452.2,2550.99,1095890.2902,2780015740.832861,5568312
2025-05-22,2551.0,2692.99,2544.83,2664.82,852555.6669,2246807632.745271,5196535
2025-05-23,2664.83,2734.23,2498.3,2526.5,971442.4532,2537338702.615742,5450420
2025-05-24,2526.49,2575.85,2515.08,2530.4,257544.2344,656038924.220513,2090724
2025-05-25,2530.41,2554.26,2463.0,2551.22,359890.0299,901956598.724874,2556052
2025-05-26,2551.22,2599.0,2525.86,2563.7,362971.1182,929347758.924527,2374458
2025-05-27,2563.7,2712.36,2509.46,2660.81,798430.8862,2101748442.524873,4017588
2025-05-28,2660.81,2689.14,2608.5,2681.6,560095.6833,1480645502.351484,3160462
2025-05-29,2681.61,2788.0,2619.05,2631.39,811567.2545,2189640513.339573,4254669
2025-05-30,2631.39,2649.23,2507.35,2531.34,763045.2564,1976177953.879442,4624552
2025-05-31,2531.35,2550.34,2475.33,2528.06,394537.2521,994330383.170508,2792146
2025-06-01,2528.06,2547.79,2468.56,2539.21,332021.7088,834842712.277541,2210246
2025-06-02,2539.2,2615.0,2475.0,2607.41,468889.9737,1184963591.471666,3239230
2025-06-03,2607.42,2655.38,2575.0,2593.36,454383.0439,1188862077.100825,3098351
2025-06-04,2593.35,2679.88,2583.5,2607.68,502494.8214,1321537606.684948,2754319
2025-06-05,2607.68,2640.86,2391.66,2414.01,808938.0344,2047572739.901186,4181206
2025-06-06,2414.02,2531.36,2381.49,2476.1,578843.4974,1428256037.775954,3246760
2025-06-07,2476.1,2544.36,2457.0,2524.63,264787.6743,662320802.305284,1587509
2025-06-08,2524.64,2548.63,2490.58,2509.83,266474.7139,670516749.059655,1401175
2025-06-09,2509.84,2693.99,2477.73,2680.13,568726.3025,1458505754.33474,2896758
2025-06-10,2680.13,2827.0,2655.61,2816.4,1138405.4775,3115655145.472068,5277581
2025-06-11,2816.41,2879.22,2743.75,2771.61,850210.9324,2388186204.977766,4906906
2025-06-12,2771.6,2784.83,2616.24,2642.65,699593.3757,1905633561.097528,4172997
2025-06-13,2642.66,2645.45,2436.98,2579.19,1202176.2972,3033896895.562154,6026303
2025-06-14,2579.19,2579.43,2488.72,2530.76,331438.9278,838399986.460107,1988958
2025-06-15,2530.77,2559.51,2492.0,2547.61,299701.6624,758742736.767623,1846489
2025-06-16,2547.62,2680.34,2514.85,2544.17,680429.988,1774646762.471706,3434185
2025-06-17,2544.17,2618.6,2453.8,2509.95,715930.4081,1815306987.093816,4017130
2025-06-18,2509.95,2548.42,2465.78,2525.0,504532.1818,1266177014.470926,3243812
2025-06-19,2525.0,2546.91,2485.03,2521.12,252646.059,636251233.010393,1667327
2025-06-20,2521.13,2569.0,2367.36,2406.49,632027.8235,1559837109.182709,3175602
2025-06-21,2406.49,2448.8,2216.0,2295.73,496783.864,1167664698.578644,2825558
2025-06-22,2295.72,2314.48,2111.89,2227.7,840155.8295,1865382440.303028,5203723
2025-06-23,2227.7,2438.68,2188.0,2411.66,744583.8003,1707539521.027113,4477307
2025-06-24,2411.66,2482.04,2376.11,2448.45,516760.6621,1252322606.094842,3133356
2025-06-25,2448.46,2468.69,2389.69,2418.49,414894.7387,1007574107.706431,2776920
2025-06-26,2418.5,2520.92,2394.32,2415.96,463704.0261,1138310757.584065,2978926
2025-06-27,2415.96,2463.54,2382.53,2423.17,381474.766,927024811.54842,2112477
2025-06-28,2423.17,2447.8,2405.81,2435.62,155814.9859,378310903.948948,855656
2025-06-29,2435.62,2525.0,2412.0,2500.09,284291.8057,700329421.976834,1370707
2025-06-30,2500.09,2524.3,2431.0,2485.47,440455.714,1093515997.924797,2333352
2025-07-01,2485.47,2500.8,2386.52,2405.01,351951.0868,858543228.334264,1978858
2025-07-02,2405.01,2619.28,2373.0,2570.41,634967.0337,1599878809.253887,2717139
2025-07-03,2570.41,2635.5,2556.12,2591.25,504943.6592,1308429372.972785,2506227
2025-07-04,2591.26,2603.17,2474.24,2508.04,452593.02,1142275937.968202,1980591
2025-07-05,2508.04,2529.81,2487.95,2516.41,157198.0958,394906375.017766,911950
2025-07-06,2516.42,2605.0,2503.5,2570.35,277593.6319,707971625.070802,1375995
2025-07-07,2570.35,2590.57,2512.0,2542.29,315707.5272,805370144.473485,1985043
2025-07-08,2542.3,2628.21,2523.59,2615.25,370915.7321,957180096.783727,1899797
2025-07-09,2615.25,2795.74,2589.78,2768.74,686119.3772,1844561572.906599,2997546
2025-07-10,2768.74,3000.0,2755.5,2951.29,951896.07,2707997922.265638,4235042
2025-07-11,2951.29,3040.15,2913.75,2958.22,906839.1689,2704484897.471723,4434934
2025-07-12,2958.21,2979.78,2903.85,2943.28,348884.8877,1027324169.831482,1690700
2025-07-13,2943.29,3020.31,2936.49,2972.03,357333.5016,1063507989.977405,1778200
2025-07-14,2972.03,3083.0,2962.81,3013.62,815552.6496,2470137078.017986,3706161
2025-07-15,3013.61,3144.14,2932.46,3137.89,863583.7377,2610352115.953149,4317422
2025-07-16,3137.9,3425.0,3101.0,3371.35,1135950.5831,3699155067.268267,4381562
2025-07-17,3371.35,3523.44,3310.77,3476.87,974065.8264,3331779733.255004,5025581
2025-07-18,3476.88,3673.84,3458.68,3546.92,1163823.3977,4180688128.221824,5566028
2025-07-19,3546.92,3608.3,3506.79,3592.01,381791.9213,1360031951.337076,2217328
2025-07-20,3592.0,3824.56,3579.13,3756.69,852356.5533,3170505338.400095,3794627
2025-07-21,3756.69,3860.0,3701.01,3762.33,812074.0534,3070256408.919716,4156350
2025-07-22,3762.32,3798.65,3616.54,3746.21,870127.3864,3216022611.720179,4455526
2025-07-23,3746.21,3764.2,3527.0,3628.29,800259.4025,2907900644.920295,3761894
2025-07-24,3628.29,3771.0,3502.85,3706.94,749459.495,2743326751.987169,3752613
2025-07-25,3706.95,3747.0,3573.76,3724.96,764606.7261,2799663682.731906,4083119
2025-07-26,3724.97,3793.0,3697.66,3741.1,407259.7024,1525422085.066145,1720495
2025-07-27,3741.11,3879.82,3731.0,3872.1,457352.4605,1744992440.585528,2299384
2025-07-28,3872.11,3941.0,3754.0,3799.0,620994.7463,2387363538.135913,3161770
2025-07-29,3799.0,3886.44,3716.04,3793.79,584210.4393,2218694085.767802,3121489
2025-07-30,3793.79,3834.03,3677.65,3810.0,525424.9003,1984744001.488409,3128399
2025-07-31,3810.0,3878.67,3684.33,3698.39,516088.4503,1961880275.402547,2754480
2025-08-01,3698.39,3724.02,3431.75,3488.2,783869.1517,2826423714.237822,5288678
2025-08-02,3488.21,3537.69,3368.29,3393.94,494195.7094,1709705648.162931,3703627
2025-08-03,3393.94,3521.79,3354.28,3496.74,296347.6758,1026636932.33361,2428479
2025-08-04,3496.75,3736.73,3490.73,3720.99,463349.9861,1677819313.332998,3316870
2025-08-05,3720.99,3722.24,3546.0,3612.0,489070.9589,1772309727.640444,3721006
2025-08-06,3612.01,3698.6,3564.19,3683.31,365309.9205,1326203496.30214,2912356
2025-08-07,3683.31,3927.77,3647.63,3910.31,631678.9872,2402252971.431741,3495451
2025-08-08,3910.3,4071.0,3880.0,4009.5,723300.0109,2868715363.889369,4175115
2025-08-09,4009.51,4326.2,4006.63,4260.62,691932.1048,2897074775.140159,3932997
2025-08-10,4260.63,4332.6,4153.07,4250.57,494843.8105,2091948332.589114,3319102
2025-08-11,4250.58,4366.46,4166.77,4223.22,722664.04,3089081112.554874,5162548
2025-08-12,4223.22,4639.7,4219.04,4590.52,885288.0652,3918279210.053929,5104868
2025-08-13,4590.52,4783.85,4564.33,4749.3,925931.4988,4334944436.910635,5293034
2025-08-14,4749.31,4788.0,4451.33,4546.84,1265449.0453,5853669749.165808,6488264
2025-08-15,4546.84,4672.67,4368.0,4439.47,880409.2591,3978902618.058779,5091385
2025-08-16,4439.47,4490.42,4372.54,4421.99,358676.5884,1587545552.644884,2446573
2025-08-17,4422.0,4576.0,4393.98,4472.33,442461.3829,1990037593.51367,2844829
2025-08-18,4472.34,4481.88,4225.86,4312.99,823188.1269,3561988639.06488,4938429
2025-08-19,4312.99,4355.0,4067.34,4075.59,831222.7951,3499853674.637695,4828050
2025-08-20,4075.58,4378.0,4060.0,4336.16,728324.8933,3077553918.18234,4768196
2025-08-21,4336.16,4340.26,4204.2,4225.3,433836.3992,1854414176.529447,4202357
2025-08-22,4225.3,4887.59,4207.39,4832.07,1277976.63526,5850514269.296542,6440351
2025-08-23,4832.07,4832.07,4659.7,4778.4,512442.0888,2428561923.417837,3011610
2025-08-24,4778.4,4956.78,4711.0,4780.15,780668.77842,3755014998.446702,4316811
2025-08-25,4780.15,4797.97,4334.13,4376.18,1043917.1659,4769033242.728044,6296796
2025-08-26,4376.17,4633.46,4311.04,4600.63,834750.2767,3739773474.021506,5640502
2025-08-27,4600.63,4663.93,4481.53,4506.71,606669.3611,2784659238.301701,3920404
2025-08-28,4506.71,4633.97,4430.0,4511.21,485243.4027,2202472276.64976,3236156
2025-08-29,4511.2,4516.75,4265.0,4360.18,679063.8777,2969120530.274377,4406428
2025-08-30,4360.18,4415.61,4257.2,4373.7,340319.1826,1483613909.749367,2086140
2025-08-31,4373.7,4498.47,4372.63,4391.83,356586.1861,1588952837.432261,2221987
2025-09-01,4391.83,4491.84,4210.61,4314.5,513830.0395,2244610986.86617,4011776
2025-09-02,4314.5,4416.78,4257.85,4326.5,524605.0512,2275752549.704531,4161006
2025-09-03,4326.49,4490.64,4283.23,4450.46,487091.6861,2146232316.546182,3491341
2025-09-04,4450.46,4482.05,4265.33,4297.55,471795.7096,2061920365.306792,4087637
2025-09-05,4297.56,4490.0,4256.03,4307.45,624169.8754,2722930703.949958,4751518
2025-09-06,4307.46,4329.3,4236.0,4273.14,191166.0686,819243725.2123,1711937
2025-09-07,4273.15,4336.02,4270.81,4306.19,169620.8372,729149678.760542,1450115
2025-09-08,4306.19,4384.06,4279.0,4306.37,372882.4355,1611402674.924859,2889398
2025-09-09,4306.36,4381.87,4276.76,4310.09,405485.7821,1751903233.455334,3068397
2025-09-10,4310.08,4453.57,4285.1,4349.32,506633.9098,2207912091.685508,3221192
2025-09-11,4349.33,4481.09,4338.82,4458.82,441259.6649,1949893256.335128,3446340
2025-09-12,4458.83,4748.4,4450.71,4712.16,510777.5402,2337299050.098691,3859691
2025-09-13,4712.16,4769.36,4605.0,4666.53,394393.6869,1850836179.983483,2711137
2025-09-14,4666.54,4692.36,4576.89,4604.49,278244.3205,1287527692.946413,2561665
2025-09-15,4604.48,4670.28,4466.0,4523.74,412291.9687,1874781946.015099,3889905
2025-09-16,4523.74,4538.25,4424.0,4501.29,293307.1099,1315498731.650004,2967454
2025-09-17,4501.3,4616.77,4412.0,4590.53,476981.4561,2149457762.913816,3859374
2025-09-18,4590.54,4644.47,4553.7,4587.66,290660.377,1336761563.704996,2922079
2025-09-19,4587.66,4620.72,4435.7,4468.59,331611.1482,1495953132.099773,2302227
2025-09-20,4468.59,4508.71,4454.45,4480.42,130781.913,585813348.774924,1094083
2025-09-21,4480.41,4498.16,4443.0,4444.97,149349.8262,668077573.112986,1098813
2025-09-22,4444.98,4455.76,4077.0,4199.08,708243.2348,2991392446.130756,4143966
2025-09-23,4199.09,4229.03,4114.39,4164.26,315227.9057,1318382529.127912,3449275
2025-09-24,4164.25,4206.9,4073.74,4152.81,353665.5671,1472276097.667921,3119658
2025-09-25,4152.81,4161.04,3815.0,3874.36,930327.6951,3702962412.917114,7611345
2025-09-26,3874.35,4068.3,3867.65,4032.24,575711.0859,2275867014.046836,5466636
2025-09-27,4032.24,4039.01,3972.98,4018.38,172693.2638,692281857.207582,1940113
2025-09-28,4018.39,4144.88,3966.0,4142.16,240331.8589,972239151.627579,2500609
2025-09-29,4142.16,4235.86,4082.25,4215.07,380728.6784,1580732256.801187,3612246
2025-09-30,4215.07,4245.0,4092.1,4145.15,391126.6172,1625808124.643462,4118784
2025-10-01,4145.15,4355.46,4123.08,4348.03,507026.3822,2165739972.371045,4138481
2025-10-02,4348.03,4516.74,4332.73,4484.35,526411.1571,2322911121.293646,4441183
2025-10-03,4484.35,4591.59,4428.0,4512.87,485684.0267,2184423024.582545,5149648
2025-10-04,4512.88,4517.93,4440.0,4487.15,199732.7088,895195711.881079,2252261
2025-10-05,4487.16,4618.17,4467.05,4514.32,506587.9614,2305062852.191549,3791095
2025-10-06,4514.32,4735.93,4488.25,4684.01,456200.6528,2107882753.614729,4677655
2025-10-07,4684.02,4755.0,4430.43,4447.7,640685.9319,2946435862.400838,6028668
2025-10-08,4447.7,4558.0,4410.08,4525.72,399904.3287,1791815622.635745,4771608
2025-10-09,4525.72,4531.52,4265.06,4368.09,515978.1829,2257574038.66859,5181361
2025-10-10,4368.09,4393.63,3435.0,3829.72,1493971.0244,5954598988.690315,12594514
2025-10-11,3829.72,3878.3,3643.33,3746.79,789885.6582,2994511140.409299,8794145
2025-10-12,3746.8,4197.7,3694.74,4152.29,811308.152,3213401552.274956,8286691
2025-10-13,4152.29,4292.0,4042.29,4240.85,622813.9247,2590697041.479605,8321249
2025-10-14,4240.86,4263.38,3888.74,4125.02,962996.7658,3894019260.946043,10714712
2025-10-15,4125.01,4217.6,3926.74,3985.61,626081.6966,2543782117.973257,7421801
2025-10-16,3985.61,4086.49,3826.04,3894.51,643804.6163,2552218455.018819,8451902
2025-10-17,3894.5,3950.45,3674.5,3831.57,830127.0885,3147006926.52111,9412569
2025-10-18,3831.58,3927.73,3819.07,3889.21,250710.6121,971616631.642943,3174247
2025-10-19,3889.2,4030.94,3827.04,3982.58,408538.2545,1609546719.154199,4377250
2025-10-20,3982.58,4085.3,3908.73,3979.22,511382.3301,2049366257.294899,5803391
2025-10-21,3979.22,4110.0,3840.24,3873.05,590594.1382,2335723187.677247,7015049
2025-10-22,3873.04,3889.27,3710.0,3805.53,593130.0905,2268706650.109904,6834244
2025-10-23,3805.53,3934.86,3796.54,3856.8,477231.0181,1842438997.006866,4206428
2025-10-24,3856.8,4026.39,3845.86,3934.88,425926.9383,1676037250.100214,4291705
2025-10-25,3934.88,3969.22,3912.4,3953.82,138526.3338,545722019.675975,1476147
2025-10-26,3953.81,4178.78,3919.03,4158.46,344698.0918,1396836816.693465,3249487
2025-10-27,4158.46,4253.72,4095.0,4120.15,487131.2291,2035684992.603607,5081784
2025-10-28,4120.16,4175.55,3931.33,3979.2,472965.8377,1926589295.491682,5061999
2025-10-29,3979.19,4036.66,3840.37,3902.99,486452.3127,1925328091.834018,5571627
2025-10-30,3903.0,3948.74,3680.0,3805.09,531455.9923,2028708564.222212,6906431
2025-10-31,3804.95,3906.09,3796.36,3847.99,478636.2995,1843471240.950858,5000695
2025-11-01,3848.0,3909.39,3831.0,3873.77,152998.1626,592459458.761567,1840903
2025-11-02,3873.78,3918.23,3839.12,3906.58,216083.1542,837354910.688628,2433160
2025-11-03,3906.58,3914.29,3558.82,3603.83,877187.3852,3238285047.509506,7464333
2025-11-04,3603.84,3654.54,3057.0,3287.05,1568004.2379,5314450723.763831,10283812
2025-11-05,3287.05,3480.46,3166.66,3424.29,809591.5132,2699190339.152632,6935719
2025-11-06,3424.29,3456.46,3245.45,3315.14,566363.7003,1896818057.207791,6422367
2025-11-07,3315.14,3473.0,3194.2,3436.05,683417.3854,2269770217.236427,7139239
2025-11-08,3436.04,3488.0,3355.58,3401.51,291532.2881,997076516.09053,3661341
2025-11-09,3401.51,3623.25,3358.66,3583.46,464098.052,1616068059.82672,4471232
2025-11-10,3583.46,3658.98,3507.3,3567.85,595273.0298,2130222587.624694,5374965
2025-11-11,3567.85,3648.27,3405.24,3417.76,660283.2747,2334219569.458803,6239855
2025-11-12,3417.76,3588.19,3371.65,3414.92,553101.9368,1913040553.62282,5915987
2025-11-13,3414.91,3565.84,3154.22,3231.54,951989.1347,3206643011.077227,8109562
2025-11-14,3231.55,3256.71,3070.0,3112.4,890446.1491,2825408309.925825,9563602
2025-11-15,3112.4,3230.0,3110.68,3167.88,338463.4782,1076796729.102536,3329279
2025-11-16,3167.87,3249.0,3004.0,3095.29,570633.5809,1779987722.711093,5709385
2025-11-17,3095.29,3223.38,2959.46,3031.44,762500.4289,2363337280.765939,7450569
2025-11-18,3031.44,3169.95,2946.56,3123.66,766640.1058,2340587460.798044,7615241
2025-11-19,3123.65,3125.54,2873.64,3025.48,737926.7146,2216678695.223021,7164222
2025-11-20,3025.48,3063.61,2790.01,2834.22,912524.3718,2661800409.340738,7127439
2025-11-21,2834.21,2886.73,2623.57,2765.85,1180475.4085,3236847819.47923,10064748
2025-11-22,2765.86,2799.01,2704.33,2770.12,264691.3089,726992504.445693,3610746
2025-11-23,2770.12,2858.16,2768.29,2802.16,409808.5734,1154902366.816105,3902263
2025-11-24,2802.16,2987.0,2763.0,2953.38,715279.7551,2052356496.552595,5727108
2025-11-25,2953.38,2980.82,2857.32,2959.36,427686.4528,1246454120.370332,4418266
2025-11-26,2959.36,3045.0,2888.69,3026.56,364535.326,1079536972.459607,3911013
2025-11-27,3026.56,3071.37,2985.78,3015.23,274980.3955,831942752.099709,2917476
2025-11-28,3015.23,3099.0,2994.36,3031.15,346616.0275,1053857760.714809,3662478
2025-11-29,3031.14,3052.64,2961.91,2989.16,217904.1303,654348734.599726,1930588
2025-11-30,2989.17,3053.02,2975.3,2991.26,182722.4253,551904047.432645,1896781
2025-12-01,2991.25,2999.47,2716.04,2799.07,849002.9909,2386884973.982846,7108249
2025-12-02,2799.07,3033.76,2782.19,2996.07,523707.3586,1528447401.324846,5821936
2025-12-03,2996.07,3214.99,2985.58,3188.36,553669.8146,1713587615.132564,6210489
2025-12-04,3188.39,3240.35,3066.37,3133.26,486698.3987,1543790061.952392,6357509
2025-12-05,3133.26,3193.33,2983.08,3021.78,530382.8986,1639255389.987769,6012408
2025-12-06,3021.77,3069.0,3012.58,3038.06,159721.2488,485368537.240031,2244070
2025-12-07,3038.06,3150.0,2907.52,3059.85,391129.675,1186332501.65101,4277667
2025-12-08,3059.86,3180.51,3040.87,3124.16,452820.2207,1415589445.039095,6327207
2025-12-09,3124.16,3397.85,3090.8,3318.04,603859.9458,1962292840.767687,6993282
2025-12-10,3318.04,3447.44,3288.1,3324.14,539585.4535,1810738811.735616,7155428
2025-12-11,3324.14,3327.37,3145.28,3237.39,504114.2391,1619734578.213871,7267153
2025-12-12,3237.38,3265.5,3045.31,3084.86,435686.4435,1371414759.857734,5948483
2025-12-13,3084.86,3135.68,3078.6,3114.64,136465.7567,423920604.038122,1855254
2025-12-14,3114.64,3129.54,3024.44,3063.5,279058.3545,862072488.530014,3511048
2025-12-15,3063.49,3177.5,2894.57,2964.85,520509.9555,1579982448.239563,7417115
2025-12-16,2964.85,2981.87,2876.0,2962.3,378293.1159,1111582164.804332,6669623
2025-12-17,2962.3,3030.92,2791.02,2833.49,497630.4162,1446107029.749676,6532843
2025-12-18,2833.5,2997.4,2775.19,2828.57,595253.7997,1712688363.64049,7801439
2025-12-19,2828.56,3020.0,2808.63,2979.5,531702.5439,1565878519.31718,6948512
2025-12-20,2979.49,2994.41,2964.17,2977.93,91783.7734,273573678.212581,1350111
2025-12-21,2977.93,3013.4,2944.0,3002.02,162244.8067,483780019.527505,2474808
2025-12-22,3002.03,3077.39,2963.43,3009.49,298443.5633,903056984.466161,5452069
2025-12-23,3009.48,3035.79,2900.93,2965.02,386465.747,1143899253.062532,4824322
2025-12-24,2965.03,2978.15,2888.7,2947.47,197035.5598,578209287.858266,3194683
2025-12-25,2947.48,2971.46,2891.2,2903.95,188721.2981,554690625.492779,2183611
2025-12-26,2903.9,2994.38,2894.26,2927.99,314830.9989,928357784.217832,4062164
2025-12-27,2928.0,2960.89,2917.13,2949.05,95040.3956,278706096.334518,1004396
2025-12-28,2949.05,2961.23,2924.54,2950.91,128834.139,379078145.432578,1484510
2025-12-29,2950.91,3057.78,2910.25,2937.9,485959.1824,1447180217.933539,5162535
2025-12-30,2937.91,3009.8,2919.44,2973.69,286583.2879,851498558.489608,3959890
2025-12-31,2973.69,3028.08,2958.91,2971.64,233729.5887,697600045.700212,2935432
2026-01-01,2971.65,3010.0,2971.15,3004.19,136088.5207,406547667.098154,1338212
2026-01-02,3004.19,3150.01,2992.49,3125.45,369891.2449,1137619077.204739,5276480
2026-01-03,3125.46,3136.71,3076.0,3127.11,134405.2258,417746796.512137,1823251
2026-01-04,3127.11,3167.22,3118.75,3144.7,181576.0686,570517585.648554,2261499
2026-01-05,3144.71,3265.66,3135.02,3224.99,382446.6618,1219648843.481487,5401982
2026-01-06,3224.99,3308.86,3183.27,3296.84,412503.5066,1340863819.954255,5310071
2026-01-07,3296.83,3296.84,3125.42,3168.72,321350.1225,1027448724.687839,4839276
2026-01-08,3168.72,3184.39,3054.65,3106.65,343616.1005,1069846020.042703,4982423
2026-01-09,3106.66,3148.41,3058.69,3088.4,274587.4533,851846982.925553,4182570
2026-01-10,3088.4,3104.12,3077.99,3086.72,82341.0546,254495724.002643,881069
2026-01-11,3086.72,3147.27,3084.46,3123.45,149381.2965,465227647.583002,1522502
2026-01-12,3123.46,3171.49,3065.55,3095.75,297373.4681,928024542.296001,4303605
2026-01-13,3095.75,3367.79,3091.96,3325.82,457782.2816,1470983302.124877,4876916
2026-01-14,3325.83,3402.89,3280.48,3354.92,503440.0759,1682648500.339798,5351410
2026-01-15,3354.92,3384.19,3273.72,3318.69,389993.836,1296628250.56622,4766390
2026-01-16,3318.7,3326.79,3253.01,3296.28,223921.7876,737278508.749833,3528248
2026-01-17,3296.28,3330.26,3283.96,3310.56,124325.0303,411508868.39151,1229614
2026-01-18,3310.56,3368.82,3278.86,3284.03,173354.3026,576301516.530256,2227452
2026-01-19,3284.04,3284.58,3165.38,3189.55,442540.5596,1421588263.898261,4406164
2026-01-20,3189.56,3200.5,2920.0,2939.88,518166.4787,1586973026.80606,7228638
2026-01-21,2939.88,3069.07,2866.11,2982.27,577800.2481,1712903183.812053,8064316
2026-01-22,2982.28,3038.33,2906.02,2952.69,291660.7349,867206892.239138,4696521
2026-01-23,2952.7,3019.26,2892.4,2956.41,318415.3317,939757975.669515,5479038
2026-01-24,2956.41,2970.41,2943.84,2953.22,92082.9039,272517275.860426,1185149
2026-01-25,2953.23,2960.29,2787.0,2816.89,380186.5326,1088137895.952771,4637787
2026-01-26,2816.9,2951.21,2812.37,2930.35,485169.3372,1405058143.578595,5933570
2026-01-27,2930.35,3035.08,2899.77,3026.77,478792.3988,1416537368.433361,5278439
2026-01-28,3026.77,3045.78,2983.67,3010.78,296607.6549,894057677.740365,5061029
2026-01-29,3010.78,3013.5,2754.53,2822.59,561288.5979,1601894306.039813,6779608
2026-01-30,2822.6,2828.65,2636.01,2707.38,793279.6252,2161851949.088385,10661631
2026-01-31,2707.37,2714.64,2250.0,2451.95,1113097.7132,2759353621.321312,9305297
2026-02-01,2451.96,2475.98,2222.0,2270.15,1026573.9466,2412828498.627745,11038637
2026-02-02,2270.16,2396.62,2157.14,2347.02,1248535.2114,2842177286.24149,11149156
2026-02-03,2347.01,2359.88,2110.0,2233.72,1321099.3867,2981630480.120865,11643770
2026-02-04,2233.72,2295.74,2076.68,2148.26,1264743.43,2756607838.332894,10912540
2026-02-05,2148.25,2173.77,1818.18,1826.83,1952286.6951,3895174109.785863,13667587
2026-02-06,1826.83,2093.94,1747.8,2063.38,2102311.5573,4099448671.011839,12362731
2026-02-07,2063.37,2121.7,1994.57,2087.08,1142616.4487,2350131251.111509,7938360
2026-02-08,2087.08,2152.03,2064.1,2089.74,482837.2515,1015368967.858894,4379045
2026-02-09,2089.73,2147.73,2008.62,2105.02,625378.5569,1299316807.805279,6331904
2026-02-10,2105.02,2124.71,1989.38,2022.67,574321.6908,1163710989.708572,5159394
2026-02-11,2022.67,2032.31,1903.19,1941.18,529655.8177,1036100476.102876,6450810
2026-02-12,1941.19,2001.42,1897.24,1947.85,427567.1469,833481568.532024,5262808
2026-02-13,1947.85,2073.68,1924.72,2048.72,425649.7698,850907791.20718,4695571
2026-02-14,2048.72,2107.67,2042.37,2086.59,220677.2355,458319230.494356,2720271
2026-02-15,2086.59,2103.32,1928.88,1966.58,834778.0952,1680654508.880478,5864311
2026-02-16,1966.59,2023.51,1937.24,1998.33,351347.9433,694116360.940269,4476026
2026-02-17,1998.34,2015.33,1941.66,1991.66,406246.9427,804961298.709777,6420841
2026-02-18,1991.67,2039.05,1923.78,1955.91,393639.0086,778491630.599568,5176537
2026-02-19,1955.9,1987.55,1907.0,1949.08,300257.0733,583869775.947742,3793608
2026-02-20,1949.08,1981.18,1922.97,1968.88,386253.5557,755968932.473526,3948261
2026-02-21,1968.88,1995.56,1955.62,1973.35,179173.8456,354489354.648235,1362230
2026-02-22,1973.35,1983.13,1935.0,1957.82,155325.6482,304517550.298572,1850073
2026-02-23,1957.82,1958.33,1837.13,1856.3,547359.4869,1031859704.045753,6684753
2026-02-24,1856.3,1869.58,1800.0,1851.94,438064.0284,804280693.829216,6607359
2026-02-25,1851.95,2148.39,1846.74,2057.48,682979.4378,1366356333.151672,9024746
2026-02-26,2057.48,2083.33,1975.35,2027.68,439783.3566,897062353.242189,7142316
2026-02-27,2027.68,2063.52,1887.0,1929.84,428687.234,846919721.884444,5213158
2026-02-28,1929.84,1984.99,1835.36,1964.51,461680.9835,877128283.233712,6186042
2026-03-01,1964.51,2054.8,1907.41,1939.71,529196.8464,1051030823.789445,6616298
2026-03-02,1939.71,2090.0,1920.0,2027.35,577406.3749,1154427554.493893,9343785
2026-03-03,2027.34,2041.48,1929.56,1982.8,509329.8534,1007923347.106694,8311355
2026-03-04,1982.81,2199.0,1945.08,2127.28,737644.8152,1537991054.004056,9527323
2026-03-05,2127.28,2163.66,2054.75,2072.86,432157.8126,909578852.988923,6753565
2026-03-06,2072.86,2093.33,1955.95,1978.68,411597.7569,831917068.631373,5601424
2026-03-07,1978.68,1996.04,1948.09,1969.59,184459.82,364529234.78772,2029543
2026-03-08,1969.6,1979.8,1916.14,1937.1,391189.7317,761435521.244382,4044585
2026-03-09,1937.11,2053.52,1929.65,1992.98,550825.4883,1102883352.283049,6360581
2026-03-10,1992.97,2088.19,1991.0,2036.51,463411.8739,948509257.026159,5226998
2026-03-11,2036.5,2085.58,2007.17,2051.97,350061.256,717032957.206017,4730286
2026-03-12,2051.97,2095.0,2017.59,2073.52,400507.8132,824458252.126678,4757775
2026-03-13,2073.51,2209.03,2070.12,2092.22,599657.0399,1279403180.493586,6138489
2026-03-14,2092.21,2106.09,2061.6,2096.16,152500.5822,317648583.840042,1584458
2026-03-15,2096.16,2202.87,2083.35,2178.3,280825.9377,598811241.300968,3001730
2026-03-16,2178.29,2386.02,2164.73,2352.97,845892.7756,1930037154.480769,7409311
2026-03-17,2352.97,2376.66,2294.15,2317.39,493831.1016,1152094007.668437,5596636
2026-03-18,2317.38,2350.0,2153.21,2203.39,488040.8887,1091022905.103254,5684937
2026-03-19,2203.39,2233.72,2099.38,2137.81,490791.679,1055407061.657721,6142160
2026-03-20,2137.82,2176.84,2116.88,2146.22,300156.1778,642995528.130654,4595372
2026-03-21,2146.21,2168.27,2070.78,2084.87,132559.4646,283144610.716903,1375463
2026-03-22,2084.86,2127.21,2026.0,2053.89,313070.5572,650684776.658794,3577857
2026-03-23,2053.9,2198.57,2023.04,2152.03,614508.4369,1308899803.016499,7349668
2026-03-24,2152.03,2175.16,2103.02,2156.23,316703.4728,678105646.81039,4633093
2026-03-25,2156.22,2199.02,2146.35,2169.02,275641.5255,599018681.167746,3492121
2026-03-26,2169.02,2172.19,2034.54,2060.43,338010.6238,705496760.970934,3890747
2026-03-27,2060.43,2077.19,1970.93,1992.75,394873.5248,794108629.00714,3909237
2026-03-28,1992.76,2047.45,1983.17,1994.74,154831.8055,311328052.147329,1569810
2026-03-29,1994.74,2019.65,1938.82,1984.64,166726.7382,331249654.02983,2049808
2026-03-30,1984.65,2085.0,1980.28,2026.48,338304.4344,691966365.082457,3886546
2026-03-31,2026.48,2124.03,2012.64,2105.43,421897.9023,874387220.206194,5013796
2026-04-01,2105.43,2167.85,2082.08,2140.35,399227.3779,852017259.878771,4211533
2026-04-02,2140.35,2159.37,2017.04,2057.17,346872.8323,716548524.665744,4462923
2026-04-03,2057.18,2081.76,2040.66,2053.83,136266.6393,280140562.112841,1741595
2026-04-04,2053.83,2084.0,2044.63,2065.52,86504.4406,178054333.996784,1246022
2026-04-05,2065.51,2123.49,2021.5,2110.17,157353.3199,324727424.312346,2504865
2026-04-06,2110.17,2174.79,2087.5,2107.16,356054.2894,761391237.671373,5330366
2026-04-07,2107.16,2273.87,2060.24,2240.01,460094.8093,986211206.778875,5189711
2026-04-08,2240.01,2270.55,2179.78,2190.0,404717.6321,902920921.749915,4339985
2026-04-09,2190.0,2246.0,2157.31,2190.2,275317.9503,604408302.665429,3756386
2026-04-10,2190.17,2257.99,2176.1,2245.05,272899.0858,605992300.076126,2929213
2026-04-11,2245.06,2329.93,2229.0,2284.99,214785.4039,488370993.146922,1929651
2026-04-12,2285.0,2288.57,2175.0,2191.65,258156.8821,571520838.841888,2575808
2026-04-13,2191.64,2394.71,2175.68,2369.46,453870.8292,1029253015.586254,4527557
2026-04-14,2369.46,2415.5,2302.9,2322.44,460107.3841,1087699649.074122,3689565
2026-04-15,2322.44,2385.61,2308.5,2359.95,268190.6377,627841344.479089,3232871
2026-04-16,2359.94,2369.59,2285.1,2348.17,328960.9377,767882725.893263,3793210
2026-04-17,2348.16,2464.91,2317.43,2419.0,491731.3615,1182467392.606106,4541654
2026-04-18,2419.0,2427.64,2339.92,2350.32,221741.3888,526019366.775183,2045925
2026-04-19,2350.33,2355.3,2252.72,2263.27,256086.8276,591108513.09305,2728260
2026-04-20,2263.28,2346.78,2259.67,2313.85,301000.0659,694052197.978693,3751621
2026-04-21,2313.84,2338.75,2284.19,2327.14,226645.977,524186949.63958,3398934
2026-04-22,2327.15,2423.75,2312.95,2374.07,379707.1259,906985929.200687,4230243
2026-04-23,2374.08,2382.0,2285.42,2330.26,356645.6923,831612346.681225,4079579
2026-04-24,2330.27,2337.5,2300.22,2314.99,183887.6181,426084826.217819,2413824
2026-04-25,2314.98,2323.21,2300.55,2319.5,68139.2191,157673587.538543,658757
2026-04-26,2319.49,2380.0,2306.72,2369.44,154591.6219,363039217.940693,1508570
2026-04-27,2369.45,2404.37,2266.09,2303.67,300363.8586,697653543.100754,3192282
2026-04-28,2303.66,2310.88,2258.24,2289.42,187932.2201,429094630.508975,2346992
2026-04-29,2289.42,2346.95,2220.36,2252.9,355078.1015,811555243.527633,3588292
2026-04-30,2252.9,2279.0,2231.64,2257.51,167194.2776,377557889.671635,2649837
2026-05-01,2257.51,2325.28,2257.21,2295.63,191082.555,438751255.827916,1805481
2026-05-02,2295.63,2343.6,2292.91,2316.97,85588.4724,197914496.937889,870699
2026-05-03,2316.97,2356.92,2297.59,2322.65,151074.4342,351370000.018079,1374290
2026-05-04,2322.65,2398.93,2309.24,2347.16,453020.7985,1067990750.066591,4137093
2026-05-05,2347.17,2399.5,2344.93,2360.77,286636.7312,681480549.110581,2512190
2026-05-06,2360.76,2423.74,2338.0,2350.84,420667.3161,999441628.415373,3062625
2026-05-07,2350.84,2352.3,2280.1,2291.06,469521.9378,1084720938.606199,3191083
2026-05-08,2291.06,2321.22,2265.61,2307.06,421035.1582,964540001.642085,2568056
2026-05-09,2307.07,2338.37,2300.0,2326.44,230431.157,534441724.095869,1248625
2026-05-10,2326.43,2382.53,2311.83,2371.27,398122.8623,933278254.427879,2272749
2026-05-11,2371.26,2374.92,2304.0,2339.87,236962.0552,553428064.252923,2594593
2026-05-12,2339.88,2340.85,2256.27,2274.96,252981.1082,579204959.797464,2520381
2026-05-13,2274.97,2323.36,2234.13,2258.65,258455.7299,587994702.421878,2145600
2026-05-14,2258.66,2319.33,2238.64,2283.25,256680.8359,585368708.59742,2730407
2026-05-15,2283.26,2300.29,2205.11,2224.66,288536.5507,647433872.912318,2977308
2026-05-16,2224.65,2231.51,2162.55,2180.77,199288.5761,435687947.067346,1541883
2026-05-17,2180.77,2198.14,2091.48,2131.0,175116.8149,378577487.527797,1638605
2026-05-18,2131.0,2157.24,2077.23,2130.08,381878.3932,808389842.464257,3981985
2026-05-19,2130.08,2146.95,2094.47,2111.93,186945.075,396338335.855304,2356965
2026-05-20,2111.93,2149.0,2103.29,2129.44,189088.294,402576774.240436,2256505
2026-05-21,2129.44,2157.5,2105.15,2133.76,232889.1117,496323964.944403,2526150
2026-05-22,2133.77,2141.39,2057.79,2065.85,221783.2548,467017252.54059,2344218
2026-05-23,2065.86,2149.95,2009.3,2117.68,350546.2289,726153698.577792,2641732
2026-05-24,2117.69,2132.14,2063.0,2099.85,197748.7605,416532783.725252,1928016
2026-05-25,2099.86,2141.98,2092.26,2113.01,166428.5979,351916867.992493,1786621
2026-05-26,2113.01,2140.49,2055.06,2073.77,282553.3096,592778366.390053,2963706
2026-05-27,2073.77,2097.4,2016.0,2024.84,267963.1573,552204762.418584,3056962
2026-05-28,2024.83,2030.0,1967.0,2009.9,363834.9211,726105347.82339,3609031
2026-05-29,2009.89,2046.59,1976.48,2014.54,283145.695,570689885.848882,2925370
2026-05-30,2014.54,2032.0,2002.0,2022.44,97977.5349,197997124.860319,969371
2026-05-31,2022.44,2038.0,1993.75,2007.01,163735.4958,329721845.896156,1454319
2026-06-01,2007.02,2021.5,1956.04,2006.73,374428.2839,744774481.266425,3806222
2026-06-02,2006.73,2006.78,1839.02,1859.84,556885.5418,1073808150.121865,5759311
2026-06-03,1859.84,1893.07,1769.62,1813.05,584760.4818,1077611599.898673,6496256
2026-06-04,1813.05,1820.5,1717.28,1770.77,648306.1051,1147661693.341223,8222751
2026-06-05,1770.76,1774.99,1540.19,1583.4,1257013.1608,2055119895.176782,13017779
2026-06-06,1583.4,1601.22,1505.68,1569.69,558458.3672,870946411.100252,6254953
2026-06-07,1569.68,1721.93,1564.1,1690.51,458280.5909,745676201.884023,5095675
2026-06-08,1690.5,1714.5,1645.0,1690.49,480027.3121,807959902.787974,5759621
2026-06-09,1690.48,1696.88,1614.02,1639.52,384147.2349,637600472.421201,4501516
2026-06-10,1639.52,1667.96,1603.44,1621.59,290791.2819,474642198.528458,4680030
2026-06-11,1621.6,1693.59,1621.6,1673.46,278507.7204,462505814.289749,3410263
2026-06-12,1673.46,1691.07,1652.09,1666.41,201888.0102,337258161.658991,2888517
2026-06-13,1666.42,1697.28,1662.2,1681.18,106751.6077,178899182.703387,1222979
2026-06-14,1681.19,1732.28,1654.9,1725.62,178009.9541,301404302.770749,1935991
2026-06-15,1725.63,1849.54,1709.66,1796.13,464135.2553,828105501.975309,3136116
2026-06-16,1796.14,1839.77,1758.0,1792.99,353577.549,632855864.59334,3651200
2026-06-17,1793.0,1810.21,1725.34,1750.6,334498.0575,590352096.342581,4175463
2026-06-18,1750.61,1762.99,1671.79,1711.11,312480.9656,537955499.991036,3404966
2026-06-19,1711.11,1719.51,1679.11,1711.19,165078.1984,280490372.394649,2339768
2026-06-20,1711.18,1749.55,1704.06,1741.08,159791.8211,276212659.052026,1842588
2026-06-21,1741.08,1741.45,1702.0,1706.94,123762.4689,213639585.056525,1658599
2026-06-22,1706.94,1779.9,1706.94,1728.19,262657.182,458500918.789259,3303043
2026-06-23,1728.19,1736.25,1635.65,1667.13,248262.012,415217088.043966,3415279
2026-06-24,1667.13,1693.67,1552.95,1622.17,355728.3403,577866307.945145,5254099
2026-06-25,1622.18,1660.54,1532.9,1567.84,440671.005,701364958.550894,4454580
2026-06-26,1567.86,1594.7,1512.0,1578.68,423691.4393,660970073.850572,4010582
2026-06-27,1578.68,1611.02,1562.86,1573.99,131592.3598,208767639.65273,1281824
2026-06-28,1574.0,1588.82,1548.37,1571.96,140181.1417,220544633.522904,1506628
2026-06-29,1571.96,1637.58,1550.43,1613.07,309968.9748,492867470.537182,2959728
2026-06-30,1613.07,1614.41,1550.2,1572.01,222057.2042,350170280.880226,2013738
2026-07-01,1572.0,1646.26,1552.92,1609.58,306536.311,490560666.672797,2678598
2026-07-02,1609.59,1725.0,1597.22,1700.57,373453.5082,623263881.118627,2999563
2026-07-03,1700.57,1775.78,1694.72,1758.21,244416.868,423991252.446467,2558467
2026-07-04,1758.22,1807.65,1744.09,1780.64,190880.1497,338974331.949686,1984105
2026-07-05,1780.64,1808.0,1748.79,1785.65,389673.4191,688573118.496079,2710301
2026-07-06,1785.65,1833.4,1728.95,1799.56,305879.3304,543793458.050439,2770665
2026-07-07,1799.56,1813.16,1757.57,1771.45,241536.7253,430535778.211598,2520272
2026-07-08,1771.45,1785.0,1713.44,1743.54,225231.2254,392443741.001342,2459826
2026-07-09,1743.55,1762.36,1721.93,1745.16,173705.2572,303099797.645205,1852063
2026-07-10,1745.17,1812.0,1737.68,1796.85,215605.8045,384955634.870697,1885371
2026-07-11,1796.85,1830.0,1786.58,1787.76,178703.4183,323458409.345157,1196630
2026-07-12,1787.76,1826.92,1779.46,1806.8,141072.9835,255198846.993177,1163165
2026-07-13,1806.8,1846.0,1750.2,1776.72,295031.6198,526935050.090302,2649302
2026-07-14,1776.71,1896.14,1773.41,1891.87,368913.772,679973505.269538,3283907
2026-07-15,1891.87,1946.52,1864.38,1917.86,319800.9693,610469249.642727,2766157
2026-07-16,1917.86,1929.48,1857.54,1864.71,271689.0863,513230705.74106,2577028
2026-07-17,1864.71,1871.08,1803.05,1841.93,253027.7556,464360361.596675,2654101
2026-07-18,1841.94,1867.58,1837.58,1862.61,92597.9232,171263880.037902,898148
2026-07-19,1862.61,1879.38,1851.71,1872.23,143922.6662,268830201.625592,1375145
2026-07-20,1872.24,1918.16,1843.14,1904.77,271195.633,510211033.822081,2898762
2026-07-21,1904.77,1953.0,1900.74,1930.09,326965.6779,631388165.106642,2430342
2026-07-22,1930.09,1956.45,1910.68,1934.25,251140.8253,485196087.243415,2535468
2026-07-23,1934.26,1941.5,1869.44,1878.38,219789.0733,418550826.416502,2040809
2026-07-24,1878.38,1909.8,1848.09,1861.44,200795.4361,375704056.481122,2134534
2026-07-25,1861.44,1877.07,1851.22,1874.89,88434.488,164844925.666275,763113
2026-07-26,1874.88,1967.36,1873.85,1954.72,153233.6949,293656775.879026,1515963
2026-07-27,1954.72,1981.24,1882.49,1892.53,342451.48,666112637.138755,3195743
2026-07-28,1892.53,1929.67,1856.88,1922.23,289225.1629,547568647.3626,2505196
2026-07-29,1922.22,1935.68,1872.0,1910.72,298562.344,568933009.690568,3050869
2026-07-30,1910.72,1936.99,1893.99,1918.31,176531.6818,338399761.698949,1937149
2026-07-31,1918.32,1936.15,1848.7,1862.6,242904.7865,456820299.635338,2209134
2026-08-01,1862.6,1875.45,1822.06,1844.94,108886.9878,201892513.804594,880600
2026-08-02,1844.95,1898.5,1843.67,1885.36,123655.0632,231569308.36133,1129827
2026-08-03,1885.36,1885.95,1828.62,1860.5,175607.0099,326076474.967799,1775363
2026-08-04,1860.5,1882.44,1848.38,1869.75,185254.5452,346008910.633185,1809806
2026-08-05,1869.74,1928.0,1855.5,1908.9,238330.3269,449606273.051956,2270605
2026-08-06,1908.91,1920.51,1892.04,1904.1,177529.7135,338698286.226084,1782371
2026-08-07,1904.1,1943.02,1894.35,1914.18,210276.529,402813740.007584,1579936
2026-08-08,1914.19,1926.72,1912.27,1916.74,56872.3931,109167138.294445,433955
2026-08-09,1916.75,1938.22,1907.56,1910.65,87855.3253,168708494.419759,681191
2026-08-10,1910.65,1931.57,1867.96,1873.16,209809.0221,398374618.803099,1866587
2026-08-11,1873.16,1897.8,1853.62,1882.59,193300.5166,362843503.937889,1441139
2026-08-12,1882.58,1925.0,1873.29,1879.81,171255.9975,324722723.541098,1564544
2026-08-13,1879.8,1900.0,1863.67,1886.15,154140.6308,290611294.673272,1514857
2026-08-14,1886.16,1891.3,1864.28,1882.2,108123.7734,203030687.463959,1319228
2026-08-15,1882.2,1886.59,1876.01,1882.64,48197.0909,90746243.221819,409630
2026-08-16,1882.64,1892.31,1869.17,1876.0,68574.4231,129015861.931003,573492
2026-08-17,1876.01,1918.71,1872.46,1913.6,175727.2871,334347864.033372,1441485
2026-08-18,1913.59,1923.27,1885.78,1917.85,144436.9084,275318271.13079,1229278
2026-08-19,1917.85,2333.65,1906.0,2252.8,799553.3447,1679413731.874303,5279678
2026-08-20,2252.81,2360.0,2221.54,2326.82,648620.7228,1485689117.021437,5641127
2026-08-21,2326.83,2546.78,2324.99,2516.3,740662.9146,1786584876.287799,7242698
2026-08-22,2516.31,2529.99,2385.0,2422.6,485164.8901,1187496571.733471,4481778
2026-08-23,2422.6,2484.62,2355.71,2463.41,378847.2022,920394835.650527,3810702
2026-08-24,2463.42,2532.95,2424.73,2482.31,467435.1868,1158450625.387352,4314361
2026-08-25,2482.31,2532.5,2414.64,2442.64,341388.961,845995551.11382,3492228
2026-08-26,2442.65,2515.38,2432.32,2506.78,250583.2707,617837178.987229,2687659
2026-08-27,2506.78,2566.53,2481.74,2510.94,336914.06,846470842.461466,3426529
2026-08-28,2510.94,2535.05,2405.97,2442.8,361082.4672,893198250.567947,3449843
2026-08-29,2442.79,2459.76,2430.45,2457.67,103523.9255,253031211.667946,828389
2026-08-30,2457.67,2534.98,2387.28,2416.88,268297.9503,662649837.786131,2396145
2026-08-31,2416.89,2489.95,2401.35,2467.65,265221.8545,649538839.131974,2904113
2026-09-01,2467.64,2485.5,2383.34,2418.57,276587.6824,674850744.713515,2474291
2026-09-02,2418.58,2429.0,2356.41,2391.92,285609.6463,683778047.01706,2339119
2026-09-03,2391.91,2529.84,2370.14,2507.51,351147.3009,862055004.242445,3098803
2026-09-04,2507.5,2546.66,2431.61,2455.85,412267.7587,1023013584.896617,2876331
2026-09-05,2455.86,2493.57,2444.47,2480.34,130096.5621,320639325.885406,941585
2026-09-06,2480.33,2526.2,2460.92,2514.48,217690.0843,543742216.505237,1673587
2026-09-07,2514.48,2536.64,2466.0,2490.16,256448.183,639764287.956211,2126476
2026-09-08,2490.16,2507.99,2441.68,2485.06,244422.1272,606459598.20984,2434365
2026-09-09,2485.07,2523.3,2442.44,2468.13,301745.8701,751842583.804927,2792573
2026-09-10,2468.14,2484.76,2405.85,2438.27,347434.2123,850334362.788948,2794354
2026-09-11,2438.27,2665.99,2433.77,2516.43,639601.9328,1625504456.889644,4461161
2026-09-12,2516.44,2546.01,2508.64,2525.93,159918.3258,404101046.867107,897690
2026-09-13,2525.92,2527.56,2462.02,2477.1,216470.6683,540073946.975542,1376331
2026-09-14,2477.1,2615.0,2464.71,2515.75,355412.3953,898631029.920546,3140018
2026-09-15,2515.72,2520.0,2358.88,2398.26,442620.7591,1080311533.186052,3412911
2026-09-16,2398.26,2430.64,2369.11,2418.26,321896.138,772662967.109022,2946303
2026-09-17,2418.26,2483.74,2413.56,2447.28,237879.9919,583044840.311829,2085593
2026-09-18,2447.28,2646.0,2436.89,2612.14,507313.0893,1295844010.240057,3823182
2026-09-19,2612.14,2668.0,2602.94,2632.69,181455.3065,478019418.44235,1726786
2026-09-20,2632.7,2649.89,2564.33,2645.21,221401.0223,576321078.310825,2246317
2026-09-21,2645.21,2807.34,2643.71,2776.19,573089.9372,1560312644.561785,4795393
2026-09-22,2776.2,2777.55,2715.91,2753.63,303015.6756,831787685.162451,3009482
2026-09-23,2753.63,2789.0,2635.39,2684.71,331711.1234,898195135.1752,2904883
2026-09-24,2684.7,2706.0,2600.15,2688.05,266808.2617,713406122.987247,2703325
2026-09-25,2688.06,2743.0,2667.33,2691.61,234697.6543,632500185.266342,2481679
2026-09-26,2691.62,2697.79,2664.79,2696.33,86484.0101,232408625.067851,726536
2026-09-27,2696.33,2724.12,2669.78,2688.65,153365.8538,413981188.407887,1157755
2026-09-28,2688.65,2721.42,2635.69,2688.71,291823.7819,779141918.865414,2749736
2026-09-29,2688.71,2748.6,2652.2,2677.98,315936.4377,853836574.439267,2618660
2026-09-30,2677.98,2738.51,2656.92,2686.01,271934.9508,732267196.250156,2555028
2026-10-01,2686.01,2722.0,2673.13,2706.42,263392.0729,709347817.568287,3118217
2026-10-02,2706.43,2777.33,2650.88,2668.59,423663.9677,1151282504.890507,4399004
2026-10-03,2668.59,2690.0,2665.67,2687.23,79160.812,212257992.57391,778997
2026-10-04,2687.24,2696.54,2686.54,2692.47,8326.795,22420264.893477,46535
