date,open,high,low,close,volume,quote_volume,trades
2023-05-05,3.23e-05,5.4e-05,3.23e-05,4.785e-05,895541625011.0,41589308.40122465,206067
2023-05-06,4.784e-05,4.828e-05,3.832e-05,3.999e-05,763748694374.0,33024553.24935944,184125
2023-05-07,4.002e-05,4.2e-05,3.788e-05,3.923e-05,295592733538.0,11769825.2638382,56107
2023-05-08,3.923e-05,3.986e-05,3.181e-05,3.44e-05,341982182985.0,12165755.9773823,59009
2023-05-09,3.439e-05,3.663e-05,3.376e-05,3.587e-05,223960089339.0,7881654.22545688,39670
2023-05-10,3.586e-05,3.815e-05,3.421e-05,3.776e-05,183637675475.0,6652189.43699933,38082
2023-05-11,3.774e-05,3.776e-05,3.305e-05,3.549e-05,178636283060.0,6293910.98373071,38650
2023-05-12,3.549e-05,3.661e-05,3.291e-05,3.634e-05,150704079571.0,5204630.02611122,32395
2023-05-13,3.637e-05,3.725e-05,3.487e-05,3.586e-05,222106493653.0,7997098.24516317,50654
2023-05-14,3.586e-05,3.627e-05,3.49e-05,3.592e-05,95352047455.0,3392333.9581743,24338
2023-05-15,3.592e-05,3.62e-05,3.467e-05,3.525e-05,96825354309.0,3434927.15415264,22141
2023-05-16,3.525e-05,3.574e-05,3.355e-05,3.39e-05,108017905864.0,3716735.62863853,20708
2023-05-17,3.39e-05,3.418e-05,3.186e-05,3.356e-05,171816172315.0,5671276.35288983,26788
2023-05-18,3.358e-05,3.555e-05,3.2e-05,3.26e-05,205347291008.0,6926322.43554869,33651
2023-05-19,3.261e-05,3.286e-05,3.217e-05,3.28e-05,81664369458.0,2653221.60106661,13627
2023-05-20,3.28e-05,3.445e-05,3.222e-05,3.323e-05,161140909481.0,5343018.17175348,23880
2023-05-21,3.32e-05,3.32e-05,3.047e-05,3.099e-05,132318446085.0,4224379.1276205,19844
2023-05-22,3.099e-05,3.149e-05,3.016e-05,3.103e-05,135445704331.0,4178932.85950965,18143
2023-05-23,3.102e-05,3.207e-05,3.084e-05,3.181e-05,131373513376.0,4135760.35807603,20374
2023-05-24,3.182e-05,3.385e-05,2.975e-05,3.127e-05,465066185513.0,14746807.08078488,74517
2023-05-25,3.127e-05,3.304e-05,2.98e-05,3.108e-05,418609687321.0,13099631.42202279,55824
2023-05-26,3.108e-05,3.193e-05,3.036e-05,3.114e-05,189177033984.0,5889716.80042038,30426
2023-05-27,3.117e-05,3.344e-05,3.095e-05,3.311e-05,164661443430.0,5294607.48454799,26217
2023-05-28,3.311e-05,3.718e-05,3.234e-05,3.5e-05,761593046983.0,26556352.03854303,107653
2023-05-29,3.5e-05,3.52e-05,3.291e-05,3.333e-05,203463904667.0,6847745.4232872,32363
2023-05-30,3.333e-05,3.344e-05,3.241e-05,3.295e-05,136787684135.0,4501586.18306733,27243
2023-05-31,3.294e-05,3.329e-05,3.056e-05,3.138e-05,142629796285.0,4517692.2445616,25504
2023-06-01,3.139e-05,3.302e-05,3.07e-05,3.141e-05,156892257336.0,4986732.02916141,28027
2023-06-02,3.141e-05,3.249e-05,3.08e-05,3.211e-05,147918948087.0,4685889.88945234,23766
2023-06-03,3.211e-05,3.266e-05,3.147e-05,3.171e-05,105758109323.0,3373372.45786881,18626
2023-06-04,3.172e-05,3.202e-05,3.124e-05,3.138e-05,76011862695.0,2408023.89060145,13499
2023-06-05,3.136e-05,3.136e-05,2.601e-05,2.785e-05,204534352454.0,5925597.01250539,35637
2023-06-06,2.785e-05,2.918e-05,2.677e-05,2.881e-05,177078146012.0,4991362.12280387,28328
2023-06-07,2.881e-05,2.882e-05,2.631e-05,2.671e-05,118077648962.0,3227273.32723701,19709
2023-06-08,2.672e-05,2.799e-05,2.66e-05,2.709e-05,136310343743.0,3701799.93170643,18924
2023-06-09,2.709e-05,2.735e-05,2.626e-05,2.652e-05,106717756047.0,2858853.69814449,15786
2023-06-10,2.652e-05,2.656e-05,1.801e-05,2.14e-05,391159270531.0,8439501.50503603,56458
2023-06-11,2.14e-05,2.189e-05,2.086e-05,2.122e-05,150086842276.0,3215354.2374936,19504
2023-06-12,2.122e-05,2.196e-05,2.038e-05,2.151e-05,114461593279.0,2445049.5606556,19473
2023-06-13,2.152e-05,2.338e-05,2.136e-05,2.214e-05,180032933947.0,3999080.19738918,27594
2023-06-14,2.213e-05,2.241e-05,2.076e-05,2.141e-05,113296405570.0,2476681.85429405,18056
2023-06-15,2.139e-05,2.179e-05,2.063e-05,2.153e-05,82698759517.0,1747594.56999378,14568
2023-06-16,2.154e-05,2.247e-05,2.088e-05,2.19e-05,107587258856.0,2333090.45165733,17093
2023-06-17,2.191e-05,2.294e-05,2.162e-05,2.245e-05,110356004950.0,2472484.40185126,16647
2023-06-18,2.245e-05,2.265e-05,2.157e-05,2.177e-05,81856776976.0,1815725.99704247,14652
2023-06-19,2.177e-05,2.204e-05,2.137e-05,2.197e-05,73948335961.0,1606011.17919578,13335
2023-06-20,2.199e-05,2.3e-05,2.122e-05,2.289e-05,185257048467.0,4051841.06538274,21804
2023-06-21,2.288e-05,2.955e-05,2.278e-05,2.589e-05,695702402803.0,18089137.8397036,109615
2023-06-22,2.589e-05,2.962e-05,2.559e-05,2.598e-05,1197216493390.0,33145344.13177638,180551
2023-06-23,2.598e-05,2.865e-05,2.587e-05,2.696e-05,457091826482.0,12376168.77544817,75820
2023-06-24,2.698e-05,2.8e-05,2.605e-05,2.713e-05,244117028586.0,6606281.48418914,42447
2023-06-25,2.714e-05,2.78e-05,2.668e-05,2.724e-05,183719376736.0,5016370.76562645,33462
2023-06-26,2.726e-05,2.729e-05,2.551e-05,2.591e-05,149837125676.0,3951224.59988843,27490
2023-06-27,2.592e-05,2.64e-05,2.562e-05,2.617e-05,122990912790.0,3204796.30267824,20816
2023-06-28,2.618e-05,2.619e-05,2.31e-05,2.397e-05,156298987247.0,3845165.88525348,22385
2023-06-29,2.397e-05,2.483e-05,2.377e-05,2.431e-05,109817998153.0,2663585.52025561,14846
2023-06-30,2.431e-05,3.027e-05,2.34e-05,2.844e-05,713731680335.0,19252837.19814747,94463
2023-07-01,2.842e-05,3.063e-05,2.709e-05,2.775e-05,650763046286.0,18474051.91020372,93793
2023-07-02,2.775e-05,2.785e-05,2.603e-05,2.672e-05,144426626847.0,3856797.27606339,23010
2023-07-03,2.672e-05,2.917e-05,2.654e-05,2.782e-05,330219887648.0,9218507.99995435,45691
2023-07-04,2.782e-05,2.803e-05,2.658e-05,2.667e-05,175047375293.0,4762335.69159251,24844
2023-07-05,2.668e-05,2.694e-05,2.491e-05,2.543e-05,153631327891.0,3955020.02391211,22558
2023-07-06,2.543e-05,2.681e-05,2.445e-05,2.448e-05,129690315757.0,3306349.23804199,21321
2023-07-07,2.448e-05,2.528e-05,2.411e-05,2.528e-05,101790673191.0,2523640.64002904,14507
2023-07-08,2.528e-05,2.529e-05,2.459e-05,2.501e-05,70333343336.0,1756632.05596698,9413
2023-07-09,2.5e-05,2.509e-05,2.446e-05,2.46e-05,48718412416.0,1207468.85026532,7433
2023-07-10,2.459e-05,2.547e-05,2.373e-05,2.517e-05,142756223599.0,3527705.6736403,19050
2023-07-11,2.517e-05,2.553e-05,2.46e-05,2.485e-05,104636555386.0,2608772.59150186,17063
2023-07-12,2.485e-05,2.539e-05,2.433e-05,2.475e-05,69991282389.0,1746043.94794973,9825
2023-07-13,2.479e-05,2.662e-05,2.423e-05,2.655e-05,183149866377.0,4713436.37218002,25122
2023-07-14,2.655e-05,2.751e-05,2.483e-05,2.579e-05,203373068702.0,5367208.07927764,29056
2023-07-15,2.577e-05,2.681e-05,2.525e-05,2.587e-05,232923378054.0,6032678.67310983,25493
2023-07-16,2.586e-05,2.59e-05,2.454e-05,2.464e-05,66447608906.0,1678662.56657963,10443
2023-07-17,2.464e-05,2.5e-05,2.376e-05,2.45e-05,90639460072.0,2218944.23761894,13203
2023-07-18,2.449e-05,2.478e-05,2.341e-05,2.391e-05,64800683607.0,1563015.11055829,10950
2023-07-19,2.391e-05,2.431e-05,2.383e-05,2.398e-05,55205417708.0,1329301.63303804,8952
2023-07-20,2.397e-05,2.47e-05,2.372e-05,2.399e-05,75406712948.0,1820363.94760365,10201
2023-07-21,2.4e-05,2.438e-05,2.373e-05,2.406e-05,79258400732.0,1905187.17081263,9341
2023-07-22,2.406e-05,2.426e-05,2.354e-05,2.377e-05,47561022055.0,1142408.109605,7405
2023-07-23,2.378e-05,2.422e-05,2.36e-05,2.394e-05,36201390376.0,867615.4751944,6275
2023-07-24,2.395e-05,2.403e-05,2.13e-05,2.211e-05,114305004051.0,2576138.45892591,16151
2023-07-25,2.21e-05,2.317e-05,2.17e-05,2.261e-05,115033770405.0,2580026.12953941,17511
2023-07-26,2.262e-05,2.271e-05,2.182e-05,2.234e-05,84485812075.0,1875389.55886779,11488
2023-07-27,2.234e-05,2.304e-05,2.202e-05,2.231e-05,76842558087.0,1725613.31916184,11208
2023-07-28,2.231e-05,2.26e-05,2.185e-05,2.235e-05,85462981492.0,1907027.89161478,11093
2023-07-29,2.236e-05,2.34e-05,2.232e-05,2.294e-05,150060266077.0,3421717.75193607,18402
2023-07-30,2.294e-05,2.294e-05,2.16e-05,2.221e-05,74692730705.0,1673287.90289452,9332
2023-07-31,2.222e-05,2.267e-05,2.182e-05,2.211e-05,67692789219.0,1507478.2950031,7992
2023-08-01,2.21e-05,2.294e-05,2.13e-05,2.278e-05,110142155680.0,2453103.99676842,12872
2023-08-02,2.278e-05,2.295e-05,2.18e-05,2.222e-05,71225145004.0,1598952.42104816,8649
2023-08-03,2.221e-05,2.225e-05,2.169e-05,2.181e-05,45148761721.0,991817.41276648,5906
2023-08-04,2.181e-05,2.208e-05,2.14e-05,2.17e-05,59976458066.0,1306049.83412575,7739
2023-08-05,2.169e-05,2.375e-05,2.142e-05,2.277e-05,343432353184.0,7720040.55707765,30947
2023-08-06,2.277e-05,2.399e-05,2.236e-05,2.269e-05,216259623155.0,4955217.0766759,18847
2023-08-07,2.271e-05,2.32e-05,2.159e-05,2.211e-05,137371017012.0,3093016.56128385,12759
2023-08-08,2.212e-05,2.256e-05,2.159e-05,2.224e-05,109564435962.0,2424382.6621435,10394
2023-08-09,2.22e-05,2.29e-05,2.211e-05,2.229e-05,128586510747.0,2887562.03175511,12720
2023-08-10,2.23e-05,2.253e-05,2.208e-05,2.241e-05,62199989945.0,1388524.912083,7019
2023-08-11,2.24e-05,2.29e-05,2.218e-05,2.281e-05,94709101959.0,2138780.57562119,10027
2023-08-12,2.281e-05,2.35e-05,2.273e-05,2.326e-05,172394227072.0,3994443.48574725,14458
2023-08-13,2.327e-05,2.355e-05,2.284e-05,2.297e-05,131919202492.0,3062084.95305706,11711
2023-08-14,2.297e-05,2.478e-05,2.29e-05,2.385e-05,237332231519.0,5670171.84067891,19483
2023-08-15,2.385e-05,2.5e-05,2.162e-05,2.297e-05,436947300568.0,10492520.95834317,36453
2023-08-16,2.296e-05,2.316e-05,2.072e-05,2.128e-05,153041981885.0,3378818.9505154,15106
2023-08-17,2.129e-05,2.197e-05,1.606e-05,1.808e-05,257673684596.0,5097533.80607089,30522
2023-08-18,1.808e-05,1.875e-05,1.759e-05,1.841e-05,253314000736.0,4613469.42658191,25879
2023-08-19,1.841e-05,1.901e-05,1.825e-05,1.875e-05,113394946009.0,2108552.21507805,9459
2023-08-20,1.874e-05,1.912e-05,1.87e-05,1.892e-05,75870301482.0,1433003.10237079,6772
2023-08-21,1.892e-05,1.896e-05,1.793e-05,1.837e-05,85794112793.0,1586487.19372373,7382
2023-08-22,1.839e-05,1.846e-05,1.714e-05,1.807e-05,85421594807.0,1531186.3871497,9297
2023-08-23,1.808e-05,1.88e-05,1.785e-05,1.851e-05,86627696806.0,1586137.17483043,9367
2023-08-24,1.85e-05,1.864e-05,1.773e-05,1.801e-05,90631489212.0,1645714.22698006,9953
2023-08-25,1.803e-05,1.804e-05,1.724e-05,1.752e-05,87243799203.0,1527135.45961456,9548
2023-08-26,1.751e-05,1.784e-05,1.741e-05,1.76e-05,54185390700.0,957037.32547137,6173
2023-08-27,1.759e-05,1.771e-05,1.746e-05,1.766e-05,38181574412.0,671490.70481361,5417
2023-08-28,1.765e-05,1.777e-05,1.707e-05,1.758e-05,45976843987.0,804349.22152643,7226
2023-08-29,1.758e-05,1.888e-05,1.709e-05,1.855e-05,114472950723.0,2065773.88283953,13904
2023-08-30,1.855e-05,1.889e-05,1.788e-05,1.83e-05,99616494422.0,1832069.30689375,10272
2023-08-31,1.829e-05,1.833e-05,1.712e-05,1.743e-05,57882240376.0,1029500.51318202,9069
2023-09-01,1.743e-05,1.75e-05,1.668e-05,1.701e-05,67651826435.0,1157519.2508472,8402
2023-09-02,1.701e-05,1.714e-05,1.679e-05,1.703e-05,51117590383.0,869051.24247323,6701
2023-09-03,1.703e-05,1.715e-05,1.666e-05,1.688e-05,59494627160.0,1004553.61433291,7191
2023-09-04,1.687e-05,1.726e-05,1.67e-05,1.695e-05,79785504217.0,1352234.2180948,9785
2023-09-05,1.695e-05,1.718e-05,1.674e-05,1.701e-05,59546114075.0,1010210.12035133,6851
2023-09-06,1.702e-05,1.716e-05,1.656e-05,1.687e-05,63141307704.0,1064941.44073797,7544
2023-09-07,1.687e-05,1.727e-05,1.67e-05,1.718e-05,53714853263.0,910135.47002071,6638
2023-09-08,1.72e-05,1.99e-05,1.673e-05,1.869e-05,688020028473.0,12841651.81466036,74092
2023-09-09,1.869e-05,1.88e-05,1.718e-05,1.758e-05,338255415696.0,6006929.24316739,29934
2023-09-10,1.759e-05,1.771e-05,1.61e-05,1.672e-05,104696457349.0,1772416.18767152,13379
2023-09-11,1.673e-05,1.686e-05,1.524e-05,1.554e-05,104492658224.0,1661245.21752169,12666
2023-09-12,1.555e-05,1.64e-05,1.555e-05,1.568e-05,88381934993.0,1410004.39545659,10905
2023-09-13,1.568e-05,1.626e-05,1.548e-05,1.596e-05,77755308918.0,1237626.68064756,9591
2023-09-14,1.597e-05,1.621e-05,1.579e-05,1.593e-05,57835812136.0,925478.67021179,6705
2023-09-15,1.595e-05,1.621e-05,1.574e-05,1.611e-05,53538113856.0,852478.15687977,6985
2023-09-16,1.613e-05,1.663e-05,1.61e-05,1.62e-05,82842071396.0,1353418.08014171,8944
2023-09-17,1.62e-05,1.62e-05,1.535e-05,1.557e-05,74527124926.0,1176983.29130659,7228
2023-09-18,1.556e-05,1.612e-05,1.529e-05,1.574e-05,79974158814.0,1262601.91060729,8390
2023-09-19,1.574e-05,1.614e-05,1.564e-05,1.593e-05,51598055711.0,821909.31451067,6242
2023-09-20,1.596e-05,1.604e-05,1.561e-05,1.583e-05,44498273616.0,703143.51362819,6435
2023-09-21,1.583e-05,1.604e-05,1.532e-05,1.545e-05,54988831259.0,861448.4483697,6872
2023-09-22,1.544e-05,1.645e-05,1.531e-05,1.616e-05,174112206922.0,2796537.42348263,16654
2023-09-23,1.62e-05,1.649e-05,1.563e-05,1.589e-05,74733800903.0,1195852.82786261,8630
2023-09-24,1.589e-05,1.589e-05,1.53e-05,1.549e-05,52138260642.0,818727.46897008,5301
2023-09-25,1.55e-05,1.589e-05,1.532e-05,1.575e-05,44083096879.0,692787.57916481,5190
2023-09-26,1.576e-05,1.593e-05,1.542e-05,1.556e-05,42462657105.0,666478.79899246,4819
2023-09-27,1.555e-05,1.612e-05,1.549e-05,1.565e-05,80009292086.0,1257352.92112426,9081
2023-09-28,1.566e-05,1.617e-05,1.557e-05,1.603e-05,93113177240.0,1482041.16754815,8597
2023-09-29,1.603e-05,1.75e-05,1.6e-05,1.647e-05,242444369837.0,4042189.13517291,22972
2023-09-30,1.648e-05,1.984e-05,1.64e-05,1.845e-05,1116291758457.0,20571870.67775358,125860
2023-10-01,1.845e-05,1.98e-05,1.802e-05,1.939e-05,538849007328.0,10125983.0124016,57393
2023-10-02,1.938e-05,2.096e-05,1.88e-05,1.899e-05,418351654501.0,8359993.58060754,44859
2023-10-03,1.899e-05,1.925e-05,1.767e-05,1.773e-05,159076426910.0,2918046.65521901,16221
2023-10-04,1.774e-05,1.788e-05,1.715e-05,1.771e-05,86639695953.0,1523478.19014866,10355
2023-10-05,1.769e-05,1.924e-05,1.757e-05,1.811e-05,362574305062.0,6728309.23300394,40582
2023-10-06,1.812e-05,1.865e-05,1.807e-05,1.835e-05,116842573768.0,2149129.14924803,11591
2023-10-07,1.835e-05,1.868e-05,1.816e-05,1.823e-05,65364201146.0,1200126.0770025,7704
2023-10-08,1.822e-05,1.825e-05,1.751e-05,1.772e-05,63172925756.0,1124378.17083648,7728
2023-10-09,1.772e-05,1.797e-05,1.668e-05,1.698e-05,98207268010.0,1700818.79848927,9805
2023-10-10,1.699e-05,1.795e-05,1.685e-05,1.721e-05,105135322147.0,1814537.83711101,11105
2023-10-11,1.722e-05,1.73e-05,1.632e-05,1.679e-05,71735798235.0,1204028.04579857,9329
2023-10-12,1.679e-05,1.751e-05,1.641e-05,1.734e-05,95259476283.0,1614193.54735915,10730
2023-10-13,1.736e-05,1.865e-05,1.734e-05,1.81e-05,343931945685.0,6230813.56322788,38265
2023-10-14,1.811e-05,1.892e-05,1.795e-05,1.839e-05,155072892496.0,2863795.77270322,15129
2023-10-15,1.838e-05,1.877e-05,1.79e-05,1.81e-05,105612597209.0,1927101.3486471,10324
2023-10-16,1.809e-05,1.911e-05,1.802e-05,1.839e-05,125195659883.0,2308897.18111948,14502
2023-10-17,1.838e-05,1.853e-05,1.708e-05,1.804e-05,168019480536.0,3015772.78576837,21022
2023-10-18,1.804e-05,1.991e-05,1.75e-05,1.838e-05,452235047467.0,8494998.35297562,53768
2023-10-19,1.837e-05,1.893e-05,1.758e-05,1.789e-05,250183220265.0,4539873.63787476,24295
2023-10-20,1.789e-05,2.118e-05,1.765e-05,2.009e-05,377270612041.0,7285794.38756551,32848
2023-10-21,2.011e-05,2.67e-05,1.977e-05,2.392e-05,1845721781608.0,43593646.38552052,210391
2023-10-22,2.391e-05,2.769e-05,2.308e-05,2.485e-05,1415625183934.0,36282963.81192238,159518
2023-10-23,2.485e-05,2.861e-05,2.465e-05,2.763e-05,866217714658.0,22882009.6670121,92698
2023-10-24,2.767e-05,2.856e-05,2.479e-05,2.566e-05,637778078199.0,16867865.3455815,74755
2023-10-25,2.566e-05,3.28e-05,2.445e-05,3.036e-05,1279371400993.0,37378969.46202916,135492
2023-10-26,3.036e-05,3.973e-05,2.952e-05,3.854e-05,2261393565580.0,75690505.42080246,283190
2023-10-27,3.854e-05,4.26e-05,3.35e-05,3.446e-05,2638959289323.0,99649952.0044829,352887
2023-10-28,3.445e-05,3.995e-05,3.408e-05,3.579e-05,971259045500.0,36052398.13517738,136330
2023-10-29,3.579e-05,3.662e-05,3.464e-05,3.479e-05,472970646448.0,16839174.68081254,72446
2023-10-30,3.483e-05,3.789e-05,3.483e-05,3.598e-05,596521197573.0,21576492.65474338,79527
2023-10-31,3.6e-05,3.65e-05,3.14e-05,3.26e-05,527490302291.0,17846902.56251331,75000
2023-11-01,3.26e-05,3.418e-05,3.019e-05,3.3e-05,447179785909.0,14306514.48788731,65540
2023-11-02,3.301e-05,3.364e-05,3.03e-05,3.081e-05,293367066668.0,9372639.93685767,43783
2023-11-03,3.081e-05,3.135e-05,2.913e-05,3.048e-05,352092687465.0,10592234.0255025,47640
2023-11-04,3.048e-05,3.23e-05,3e-05,3.163e-05,242797460934.0,7625059.80461269,32531
2023-11-05,3.165e-05,3.219e-05,2.927e-05,3.107e-05,257214021713.0,7993770.7612628,33636
2023-11-06,3.108e-05,3.187e-05,3.043e-05,3.139e-05,242283360040.0,7523524.98255314,29290
2023-11-07,3.141e-05,3.145e-05,2.881e-05,3.053e-05,227558404476.0,6889905.99697424,30029
2023-11-08,3.051e-05,3.152e-05,3.012e-05,3.084e-05,210557329917.0,6475164.36808705,25404
2023-11-09,3.085e-05,3.544e-05,2.61e-05,3.031e-05,780446443025.0,24663563.72193746,97161
2023-11-10,3.031e-05,3.122e-05,2.907e-05,3.109e-05,307704564164.0,9336337.15519516,42671
2023-11-11,3.109e-05,3.38e-05,3.004e-05,3.135e-05,563772401036.0,18127830.2283363,70485
2023-11-12,3.135e-05,3.164e-05,2.938e-05,3.043e-05,239044069703.0,7353167.54313224,31100
2023-11-13,3.044e-05,3.98e-05,3.01e-05,3.389e-05,1413744937702.0,49281695.5033573,222138
2023-11-14,3.389e-05,3.823e-05,3.121e-05,3.336e-05,1162396759783.0,40618889.39673379,206422
2023-11-15,3.334e-05,3.661e-05,3.314e-05,3.617e-05,421989803530.0,14793488.01261254,67760
2023-11-16,3.615e-05,3.7e-05,3.239e-05,3.329e-05,365420392469.0,12786736.2749031,57905
2023-11-17,3.331e-05,3.465e-05,3.096e-05,3.346e-05,223654885224.0,7359956.20500014,33512
2023-11-18,3.344e-05,3.407e-05,3.107e-05,3.222e-05,189964275901.0,6134693.81113958,28984
2023-11-19,3.22e-05,3.321e-05,3.13e-05,3.287e-05,139985880948.0,4480117.48229551,24892
2023-11-20,3.288e-05,3.353e-05,3.089e-05,3.102e-05,151558853957.0,4887270.32013897,30176
2023-11-21,3.102e-05,3.156e-05,2.811e-05,2.931e-05,233402843604.0,7041726.90319201,60339
2023-11-22,2.926e-05,3.322e-05,2.91e-05,3.263e-05,397593180549.0,12714968.43705511,74729
2023-11-23,3.263e-05,3.325e-05,3.156e-05,3.194e-05,145912297351.0,4697820.82578212,25981
2023-11-24,3.195e-05,3.329e-05,3.178e-05,3.259e-05,179411786009.0,5872441.68698909,27060
2023-11-25,3.259e-05,3.519e-05,3.23e-05,3.379e-05,330798806430.0,11171546.57736579,49281
2023-11-26,3.378e-05,3.396e-05,3.129e-05,3.22e-05,206299343258.0,6735176.89848728,30742
2023-11-27,3.221e-05,3.249e-05,3.044e-05,3.14e-05,192986693013.0,6027289.1204692,30575
2023-11-28,3.144e-05,3.33e-05,3.063e-05,3.205e-05,265094101668.0,8500676.14601183,56310
2023-11-29,3.202e-05,3.254e-05,3.122e-05,3.191e-05,130115092417.0,4152853.27249989,23406
2023-11-30,3.192e-05,3.267e-05,3.156e-05,3.21e-05,114602325811.0,3670595.05640872,20511
2023-12-01,3.212e-05,3.302e-05,3.201e-05,3.277e-05,112191034049.0,3656810.01192622,20258
2023-12-02,3.279e-05,3.443e-05,3.278e-05,3.395e-05,185434522201.0,6227647.49836248,31942
2023-12-03,3.397e-05,3.538e-05,3.308e-05,3.363e-05,272203806896.0,9230182.40006511,46636
2023-12-04,3.363e-05,4.141e-05,3.354e-05,3.737e-05,859771889319.0,31844078.16990465,155161
2023-12-05,3.737e-05,4.75e-05,3.59e-05,4.247e-05,1663587033653.0,69674498.94322222,287747
2023-12-06,4.246e-05,4.365e-05,3.871e-05,3.907e-05,561059633163.0,22835163.74356259,100882
2023-12-07,3.908e-05,4.262e-05,3.851e-05,4.159e-05,359315456886.0,14538824.46801884,61866
2023-12-08,4.16e-05,4.22e-05,3.75e-05,4.118e-05,260438519619.0,10633186.04328924,51665
2023-12-09,4.118e-05,4.336e-05,4e-05,4.031e-05,251327903781.0,10510441.70953923,55285
2023-12-10,4.031e-05,4.124e-05,3.882e-05,4.062e-05,137733070998.0,5530352.53322296,30452
2023-12-11,4.062e-05,4.087e-05,3.528e-05,3.693e-05,239881492531.0,8989972.6511147,46173
2023-12-12,3.691e-05,3.887e-05,3.639e-05,3.823e-05,202271421655.0,7637206.06605577,38057
2023-12-13,3.823e-05,3.933e-05,3.605e-05,3.889e-05,157536226642.0,5943198.83736008,30581
2023-12-14,3.888e-05,4.012e-05,3.725e-05,3.979e-05,163323839792.0,6368289.03700896,35217
2023-12-15,3.976e-05,3.99e-05,3.615e-05,3.64e-05,156288594625.0,5882956.98185814,34206
2023-12-16,3.644e-05,3.944e-05,3.561e-05,3.903e-05,201186273785.0,7656026.58506493,44497
2023-12-17,3.903e-05,3.968e-05,3.591e-05,3.615e-05,147159759142.0,5516879.87961569,31452
2023-12-18,3.615e-05,3.678e-05,3.265e-05,3.528e-05,168060968290.0,5807854.56554508,34810
2023-12-19,3.529e-05,3.596e-05,3.355e-05,3.409e-05,108319156023.0,3785303.33674639,21910
2023-12-20,3.408e-05,3.579e-05,3.355e-05,3.449e-05,136125594879.0,4748332.38946839,40414
2023-12-21,3.453e-05,3.638e-05,3.424e-05,3.599e-05,130502130570.0,4615264.10705586,27683
2023-12-22,3.598e-05,3.802e-05,3.48e-05,3.791e-05,307274572454.0,11263466.94598261,63547
2023-12-23,3.791e-05,3.818e-05,3.571e-05,3.649e-05,114274411222.0,4164986.12007928,23179
2023-12-24,3.649e-05,3.692e-05,3.436e-05,3.513e-05,141280832395.0,5089040.43034778,29306
2023-12-25,3.52e-05,3.774e-05,3.491e-05,3.734e-05,167970541989.0,6159214.097676,33214
2023-12-26,3.737e-05,3.769e-05,3.3e-05,3.558e-05,170149919505.0,6081018.26000205,45306
2023-12-27,3.559e-05,3.8e-05,3.388e-05,3.702e-05,176941058230.0,6414760.24447495,48473
2023-12-28,3.701e-05,3.87e-05,3.491e-05,3.547e-05,163636457480.0,6008878.26791299,44183
2023-12-29,3.547e-05,3.667e-05,3.426e-05,3.522e-05,91905312820.0,3269187.31389637,29939
2023-12-30,3.525e-05,3.585e-05,3.43e-05,3.507e-05,51578743930.0,1805554.46848932,17525
2023-12-31,3.507e-05,3.715e-05,3.425e-05,3.496e-05,103615519853.0,3698161.72259916,31225
2024-01-01,3.495e-05,3.683e-05,3.419e-05,3.664e-05,108933225801.0,3855064.23578727,29367
2024-01-02,3.664e-05,3.764e-05,3.518e-05,3.549e-05,98831404391.0,3617703.59317839,29370
2024-01-03,3.551e-05,3.681e-05,2.772e-05,3.144e-05,283545523907.0,9128379.15546216,75964
2024-01-04,3.142e-05,3.285e-05,3.067e-05,3.241e-05,150749414944.0,4844636.67657597,37231
2024-01-05,3.245e-05,3.276e-05,3.021e-05,3.176e-05,105610079494.0,3300642.06869122,31512
2024-01-06,3.176e-05,3.243e-05,2.918e-05,3.109e-05,110042234743.0,3395191.79825213,32531
2024-01-07,3.109e-05,3.156e-05,2.887e-05,2.918e-05,68895411259.0,2098398.68544876,21031
2024-01-08,2.917e-05,3.072e-05,2.655e-05,3.051e-05,200868283096.0,5730742.1001151,46398
2024-01-09,3.053e-05,3.065e-05,2.794e-05,2.912e-05,121761903586.0,3554743.18696324,38910
2024-01-10,2.907e-05,3.243e-05,2.83e-05,3.155e-05,146394198871.0,4371560.70859023,42805
2024-01-11,3.158e-05,3.33e-05,3.1e-05,3.235e-05,163119090257.0,5261405.36528271,43452
2024-01-12,3.242e-05,3.341e-05,2.919e-05,3.038e-05,157237320565.0,4996108.29409797,40304
2024-01-13,3.04e-05,3.133e-05,2.935e-05,3.095e-05,67956586873.0,2070803.99926927,19848
2024-01-14,3.093e-05,3.14e-05,2.991e-05,3.004e-05,94644148427.0,2918719.63513464,22430
2024-01-15,3.005e-05,3.096e-05,2.996e-05,3.076e-05,65977570362.0,2015019.41345216,15892
2024-01-16,3.079e-05,3.219e-05,3.041e-05,3.146e-05,119785936688.0,3759034.16148899,24835
2024-01-17,3.151e-05,3.181e-05,3.027e-05,3.072e-05,57195548248.0,1777182.52227742,13361
2024-01-18,3.07e-05,3.096e-05,2.86e-05,2.926e-05,67644445663.0,2016465.44517811,18279
2024-01-19,2.925e-05,2.941e-05,2.753e-05,2.925e-05,89342682578.0,2562313.63155358,19644
2024-01-20,2.926e-05,3.547e-05,2.867e-05,3.425e-05,493333406280.0,16244978.80141919,122238
2024-01-21,3.425e-05,3.466e-05,3.1e-05,3.114e-05,361741641883.0,11759344.38883694,72909
2024-01-22,3.114e-05,3.149e-05,2.861e-05,2.886e-05,130170308449.0,3907806.74299805,26095
2024-01-23,2.888e-05,2.984e-05,2.717e-05,2.85e-05,112042390247.0,3172468.65401768,25404
2024-01-24,2.851e-05,2.93e-05,2.814e-05,2.878e-05,70111452942.0,2007182.4605537,14864
2024-01-25,2.879e-05,2.886e-05,2.766e-05,2.831e-05,52531291119.0,1486786.22889276,14738
2024-01-26,2.83e-05,2.946e-05,2.812e-05,2.902e-05,105268008307.0,3046502.3728307,21001
2024-01-27,2.908e-05,2.934e-05,2.864e-05,2.918e-05,62093338173.0,1804291.95292743,13468
2024-01-28,2.916e-05,2.961e-05,2.82e-05,2.848e-05,66609226112.0,1927337.64060412,14670
2024-01-29,2.851e-05,2.932e-05,2.81e-05,2.915e-05,66123984583.0,1905667.07845276,14245
2024-01-30,2.917e-05,2.945e-05,2.842e-05,2.856e-05,65521659029.0,1906012.59433544,14374
2024-01-31,2.857e-05,2.875e-05,2.736e-05,2.756e-05,67260236931.0,1887288.51680444,15465
2024-02-01,2.756e-05,2.82e-05,2.701e-05,2.817e-05,36026551785.0,997044.78496976,9232
2024-02-02,2.82e-05,2.871e-05,2.755e-05,2.803e-05,41741710046.0,1172669.14612542,10282
2024-02-03,2.805e-05,2.834e-05,2.78e-05,2.805e-05,26872769391.0,754462.18728917,7727
2024-02-04,2.806e-05,2.808e-05,2.721e-05,2.735e-05,44215242334.0,1224576.3318481,9227
2024-02-05,2.733e-05,2.82e-05,2.681e-05,2.742e-05,68937805635.0,1899642.65728076,14585
2024-02-06,2.743e-05,2.829e-05,2.725e-05,2.795e-05,58109074723.0,1609638.61029892,11671
2024-02-07,2.796e-05,2.875e-05,2.762e-05,2.855e-05,60937855219.0,1718507.25317737,12311
2024-02-08,2.858e-05,2.936e-05,2.824e-05,2.879e-05,90306764740.0,2592943.56090555,18633
2024-02-09,2.88e-05,3.386e-05,2.87e-05,3.123e-05,384538142828.0,12093726.96583096,90492
2024-02-10,3.121e-05,3.157e-05,3.039e-05,3.089e-05,80339996651.0,2488065.38882693,14626
2024-02-11,3.089e-05,3.15e-05,3.056e-05,3.084e-05,71203975739.0,2213605.30333083,13557
2024-02-12,3.087e-05,3.232e-05,3.038e-05,3.201e-05,94827139544.0,2971468.50577614,19649
2024-02-13,3.204e-05,3.29e-05,3.158e-05,3.213e-05,100591867177.0,3240556.76621038,23314
2024-02-14,3.213e-05,3.422e-05,3.169e-05,3.349e-05,142907611864.0,4735089.96394911,30318
2024-02-15,3.347e-05,3.45e-05,3.294e-05,3.384e-05,117736155932.0,3981951.86331521,31664
2024-02-16,3.387e-05,3.488e-05,3.303e-05,3.358e-05,98332411975.0,3334592.06893171,25364
2024-02-17,3.358e-05,3.38e-05,3.163e-05,3.331e-05,69711216929.0,2287460.86591928,19201
2024-02-18,3.333e-05,3.422e-05,3.328e-05,3.393e-05,71020035092.0,2401052.14877788,18554
2024-02-19,3.395e-05,3.6e-05,3.379e-05,3.53e-05,141043485807.0,4884961.01752849,36333
2024-02-20,3.53e-05,3.637e-05,3.245e-05,3.442e-05,176313158599.0,6106491.3606333,44142
2024-02-21,3.442e-05,3.484e-05,3.166e-05,3.32e-05,99553571828.0,3272850.40800115,25272
2024-02-22,3.321e-05,3.46e-05,3.247e-05,3.362e-05,81237733780.0,2748683.3096065,21596
2024-02-23,3.361e-05,3.656e-05,3.278e-05,3.424e-05,238480255694.0,8250563.29947353,61489
2024-02-24,3.423e-05,3.592e-05,3.337e-05,3.543e-05,106837996051.0,3744203.53397116,26855
2024-02-25,3.542e-05,3.756e-05,3.504e-05,3.672e-05,147547211739.0,5326301.1405935,39392
2024-02-26,3.67e-05,4.533e-05,3.49e-05,4.329e-05,629546512911.0,25503277.72074078,156468
2024-02-27,4.329e-05,5.77e-05,4.136e-05,5.092e-05,2186765494782.0,107411569.4118363,645516
2024-02-28,5.089e-05,6.225e-05,4.856e-05,5.631e-05,1615471891256.0,89933770.95020618,636978
2024-02-29,5.629e-05,6.285e-05,5.217e-05,5.375e-05,845302170222.0,48812022.1464355,391879
2024-03-01,5.375e-05,9.85e-05,5.365e-05,8.76e-05,2468246875529.0,190813088.59686646,1215368
2024-03-02,8.762e-05,0.00014294,8.571e-05,0.00013335,4120476731707.0,473857137.8236926,2954630
2024-03-03,0.00013332,0.000159,0.00010817,0.00014625,2781750370141.0,386366252.2296599,2259826
2024-03-04,0.00014627,0.00017423,0.000138,0.00014438,2717167342623.0,420547839.97362113,2116831
2024-03-05,0.00014431,0.00016583,9.112e-05,0.00011573,2256548944433.0,301326633.55519956,1806072
2024-03-06,0.0001157,0.0001619,0.00011,0.00013059,1742344979036.0,243945430.73036826,1544683
2024-03-07,0.00013061,0.00014941,0.00012,0.0001395,1082146245031.0,145397042.75118965,999607
2024-03-08,0.0001395,0.0002495,0.00013789,0.00023206,4451480798738.0,909052099.2583971,4834387
2024-03-09,0.00023206,0.00028118,0.00022925,0.00023845,2555083675438.0,646579907.6199446,4455748
2024-03-10,0.00023845,0.00029555,0.00021888,0.00027246,2163715902532.0,555313216.3350276,3426743
2024-03-11,0.00027252,0.000299,0.00024469,0.00029796,1872399903340.0,515069097.2562311,3438201
2024-03-12,0.00029798,0.00030656,0.00025642,0.00026973,1357736137704.0,371709083.09818393,2728235
2024-03-13,0.00026975,0.000291,0.00026421,0.00026855,932378648147.0,255702461.61127537,5795770
2024-03-14,0.0002686,0.00031387,0.00025869,0.00027777,1924370286629.0,546498061.074492,12992809
2024-03-15,0.00027779,0.00028749,0.00022626,0.00026672,1255057962278.0,323622683.8006146,14183328
2024-03-16,0.00026672,0.00027115,0.0002037,0.00021405,1177197879382.0,269640380.5243971,13392648
2024-03-17,0.00021407,0.00023753,0.00020177,0.00022328,1031861256099.0,228137060.0508461,12711579
2024-03-18,0.00022324,0.00022333,0.00018287,0.0001928,903934395687.0,181024377.09336218,11891535
2024-03-19,0.0001928,0.00019843,0.00016086,0.00017703,1236674196585.0,222307434.00082088,15637893
2024-03-20,0.00017701,0.0002378,0.00016985,0.00023268,1315866604043.0,264360410.3297678,15080974
2024-03-21,0.00023268,0.0002582,0.00020568,0.00021402,1513954733234.0,354409982.5992828,14455001
2024-03-22,0.00021402,0.00024925,0.00020799,0.00022642,1354017840701.0,307241682.08224225,13604678
2024-03-23,0.00022642,0.00024835,0.00022355,0.00022838,868782345556.0,204646177.44201836,10546400
2024-03-24,0.00022837,0.00024445,0.0002224,0.00023992,572716788278.0,133178581.29989704,8479586
2024-03-25,0.00023989,0.00026627,0.0002274,0.00024076,945207708338.0,231076649.1958133,9685887
2024-03-26,0.00024075,0.00025381,0.00023125,0.00024107,733676604575.0,179343128.58850423,9409697
2024-03-27,0.00024106,0.00024688,0.00022222,0.00022511,551418850760.0,128170931.89117362,8493759
2024-03-28,0.0002251,0.00026723,0.000216,0.00025199,1437420168362.0,357196532.7161201,9844813
2024-03-29,0.000252,0.00025749,0.00023542,0.0002402,523812425070.0,128223395.29682969,7739280
2024-03-30,0.0002402,0.00025973,0.0002347,0.00024322,733517661627.0,181340672.03234807,6748110
2024-03-31,0.00024322,0.00025854,0.00024171,0.00024812,524450899615.0,131338609.43293591,5790448
2024-04-01,0.00024812,0.00024841,0.00022,0.0002333,512421406161.0,120092773.57632175,7665769
2024-04-02,0.0002333,0.00023332,0.00020441,0.00020936,520298953185.0,110858499.58016542,9349916
2024-04-03,0.00020936,0.000215,0.00019421,0.00019861,393735761106.0,81133773.13100846,7800261
2024-04-04,0.00019861,0.00021073,0.00019325,0.00020055,348860694777.0,70804921.57058312,7153083
2024-04-05,0.00020058,0.00020199,0.00018488,0.00018805,266995747112.0,50905554.447119,6372137
2024-04-06,0.00018805,0.00019848,0.00018666,0.00019529,221485657520.0,42925404.84313937,4516488
2024-04-07,0.00019529,0.00021222,0.00019348,0.00020546,358712911227.0,73584555.05097376,5777525
2024-04-08,0.00020546,0.000222,0.00020009,0.00021527,297920613865.0,63693863.74026725,6130890
2024-04-09,0.00021527,0.00021651,0.00019512,0.00019861,253595233812.0,51992252.59787676,6296809
2024-04-10,0.00019857,0.0002002,0.00018306,0.00019754,303114553415.0,58483708.48955474,6988924
2024-04-11,0.00019754,0.00020235,0.00018914,0.00019168,260689471223.0,50771875.9176688,6049283
2024-04-12,0.00019171,0.00019916,0.00012882,0.00015821,552725501069.0,94772898.7328678,7757563
2024-04-13,0.00015821,0.00016129,0.00010989,0.00013366,783569193334.0,108900908.57955249,10747277
2024-04-14,0.00013366,0.00015315,0.00012783,0.00015047,674700673614.0,95964663.07603095,13724843
2024-04-15,0.00015047,0.00015972,0.00013564,0.00014297,494724362576.0,73214160.81985097,10665853
2024-04-16,0.00014297,0.00014498,0.00013326,0.00014192,438438822985.0,61056565.03665869,10932521
2024-04-17,0.00014192,0.00014593,0.00012923,0.00013337,365836441092.0,49819995.84750491,9062598
2024-04-18,0.00013338,0.0001409,0.00012791,0.00013831,314723849432.0,42491812.38519862,9395585
2024-04-19,0.00013831,0.00014624,0.0001255,0.000139,374573703505.0,51817684.99812679,7267895
2024-04-20,0.00013898,0.00017483,0.0001361,0.00016607,476668698665.0,74803595.49430893,6180149
2024-04-21,0.00016607,0.000179,0.00016083,0.00017056,539840571423.0,91598023.8093292,7533276
2024-04-22,0.00017056,0.00018169,0.0001686,0.00017634,419188093600.0,73286711.7114709,7485180
2024-04-23,0.00017633,0.00020467,0.00016863,0.0001935,728924068854.0,137971129.46602055,7365255
2024-04-24,0.00019342,0.00020621,0.0001802,0.00018505,645168374333.0,125177396.25360896,9333021
2024-04-25,0.00018504,0.00019852,0.00017677,0.00018608,547815417212.0,102789084.26688604,7285079
2024-04-26,0.00018602,0.000196,0.00017988,0.0001828,361426981370.0,67079632.93141616,5761852
2024-04-27,0.00018282,0.00018369,0.00016694,0.00017308,267154434867.0,46411069.91465232,4819995
2024-04-28,0.00017307,0.00018268,0.00016893,0.00017029,213226732162.0,37605492.02398679,3784761
2024-04-29,0.00017029,0.00017229,0.00016103,0.00016985,260646814595.0,43230630.28396597,5350201
2024-04-30,0.00016986,0.00017331,0.00014923,0.00015634,315239459915.0,49836457.22414236,7119027
2024-05-01,0.00015631,0.00016753,0.00014303,0.00015878,448658772686.0,68708410.42806168,6269511
2024-05-02,0.00015878,0.000173,0.00015037,0.00016391,389950313681.0,63460476.13593521,5803069
2024-05-03,0.0001639,0.00017755,0.00016152,0.00017505,383678693085.0,64833031.43370176,5146141
2024-05-04,0.00017508,0.00020357,0.00017471,0.00019229,702175070501.0,135843367.77310005,5390511
2024-05-05,0.00019231,0.00019665,0.00018553,0.00018781,342773136734.0,65186576.99707289,4491885
2024-05-06,0.00018782,0.00020051,0.00017854,0.00017936,452390361380.0,85579980.49818285,5835830
2024-05-07,0.00017935,0.00018455,0.00017124,0.00017135,242671660683.0,43475313.02469364,2695947
2024-05-08,0.00017135,0.00017367,0.00016417,0.00017023,275275485844.0,46719713.83097433,4119661
2024-05-09,0.00017022,0.00018549,0.00016715,0.00017933,319546293207.0,56128925.4184287,3776484
2024-05-10,0.00017933,0.00018255,0.00016495,0.00016857,285165362486.0,49573893.96094324,3697045
2024-05-11,0.00016857,0.00017584,0.00016816,0.00016964,150217451979.0,25751603.09912651,2388392
2024-05-12,0.00016962,0.0001733,0.00016771,0.00016935,97598114079.0,16621127.13074622,1547468
2024-05-13,0.00016935,0.00019649,0.000159,0.00018342,760060111923.0,138099073.71184945,5044005
2024-05-14,0.0001834,0.0002071,0.00018224,0.00018903,1110962523115.0,214818760.60767743,6544666
2024-05-15,0.00018902,0.00023,0.00018887,0.00021052,1392077771228.0,297973028.13657445,7277361
2024-05-16,0.0002105,0.00022317,0.00019723,0.00020593,652544530048.0,136869139.63154358,5490105
2024-05-17,0.00020597,0.00022119,0.00020152,0.00021027,496474217299.0,105298018.08189367,5914548
2024-05-18,0.00021027,0.00021481,0.00019827,0.00020366,305709299719.0,62816591.93971722,4164638
2024-05-19,0.00020367,0.00020675,0.00019043,0.00019281,226729200985.0,44974630.06673737,3493463
2024-05-20,0.00019282,0.00021635,0.0001889,0.00021528,406134066362.0,82541061.8111047,5546109
2024-05-21,0.00021527,0.000235,0.00020888,0.00022972,742786526094.0,163199994.9200354,7513494
2024-05-22,0.0002297,0.00024567,0.000217,0.00022325,771302729553.0,178616857.19092777,8687269
2024-05-23,0.00022325,0.0002318,0.00021076,0.0002264,686574811892.0,153911874.17408296,8239556
2024-05-24,0.0002264,0.00023087,0.00021206,0.00022027,367085883099.0,81539724.0127173,6902639
2024-05-25,0.00022028,0.00023391,0.0002185,0.00022563,352560995754.0,80300051.00252524,5077504
2024-05-26,0.00022562,0.0002323,0.00022161,0.0002257,307123057972.0,69600034.96588762,4971145
2024-05-27,0.00022573,0.00029,0.00022571,0.00027782,1314860156723.0,348852166.4628808,10937531
2024-05-28,0.00027784,0.00031456,0.00026001,0.00029466,1197731122997.0,348162554.6090838,11215246
2024-05-29,0.00029466,0.0003095,0.00026401,0.00026794,656692793832.0,187255029.86471075,8817812
2024-05-30,0.00026795,0.00028583,0.00024,0.00024817,752680867060.0,192442162.59914076,8892532
2024-05-31,0.00024816,0.00026861,0.0002436,0.00025486,573045321635.0,146044782.57727197,7965740
2024-06-01,0.00025485,0.0002632,0.0002506,0.0002525,293998591848.0,75630598.09163094,5174103
2024-06-02,0.00025249,0.00025769,0.00023411,0.00024382,333669612234.0,82015599.83137354,5897465
2024-06-03,0.00024382,0.00028624,0.00024093,0.00026809,868135072819.0,235401512.7945617,10115808
2024-06-04,0.00026808,0.000305,0.00025801,0.00029569,734429946388.0,205187522.81483942,9023288
2024-06-05,0.00029569,0.000349,0.00029238,0.00030944,1273549485053.0,413586502.52104354,11501132
2024-06-06,0.00030943,0.00032856,0.00030323,0.00032051,638165142037.0,201858250.1648048,8745784
2024-06-07,0.00032055,0.00032636,0.00025,0.00028253,700844286955.0,205200096.85982475,8314849
2024-06-08,0.00028252,0.00029386,0.00026586,0.00027953,473454933937.0,132902765.0478052,7559428
2024-06-09,0.00027954,0.0002868,0.00027226,0.00027956,346770216885.0,96844218.20727275,6608061
2024-06-10,0.00027952,0.00027956,0.00025777,0.00026478,394133358817.0,105912724.8964204,7400709
2024-06-11,0.00026476,0.00026642,0.00023146,0.00023648,555252634578.0,136219363.431728,9174583
2024-06-12,0.00023648,0.000253,0.00021402,0.00021978,889980905974.0,207597388.16183206,9323408
2024-06-13,0.00021977,0.00022335,0.00020168,0.00020598,490981509533.0,104737815.64449628,7819225
2024-06-14,0.00020599,0.00021682,0.00019081,0.00020022,471767280380.0,96342777.94576877,8199985
2024-06-15,0.0002002,0.0002089,0.00019776,0.00020256,240091256986.0,48885492.61993857,4969147
2024-06-16,0.00020262,0.00020856,0.00019564,0.00020693,220501420798.0,44853393.91765521,4340372
2024-06-17,0.00020692,0.00020725,0.00017485,0.00018195,497218127045.0,93737882.79168463,7639320
2024-06-18,0.00018195,0.00018311,0.00015847,0.00016813,628355801088.0,105047553.16155083,9696189
2024-06-19,0.00016816,0.00018059,0.00016513,0.00017143,471337896198.0,81522296.49170893,7455625
2024-06-20,0.00017139,0.00019188,0.00016906,0.00017554,590292269105.0,106564707.06820703,8176286
2024-06-21,0.0001755,0.00017605,0.00016478,0.00016992,426931604382.0,72883952.60292175,7330033
2024-06-22,0.00016993,0.00017311,0.00016564,0.00017016,202737461759.0,34359697.34627515,3399584
2024-06-23,0.00017018,0.0001748,0.00015762,0.00015878,249109250409.0,41725579.37243088,3793436
2024-06-24,0.00015875,0.00016942,0.0001469,0.00016782,536346179879.0,85063790.33007365,8721680
2024-06-25,0.00016782,0.00018151,0.0001674,0.00017792,463659523363.0,81023324.42312989,5503955
2024-06-26,0.00017793,0.00018509,0.00016603,0.00016801,344044348437.0,59918119.12059004,5031246
2024-06-27,0.00016802,0.00017732,0.0001654,0.00017413,280351093239.0,47992186.38052508,4887193
2024-06-28,0.00017412,0.00017662,0.00016169,0.00016394,244643635683.0,41290418.74237006,5005446
2024-06-29,0.00016395,0.00017134,0.00016254,0.00016408,142751491449.0,23962671.80614739,2681461
2024-06-30,0.00016408,0.00017343,0.00015993,0.0001718,213043652793.0,35667207.76686957,3375317
2024-07-01,0.00017177,0.00017882,0.00016565,0.00017018,274879833357.0,47260715.75852546,3772760
2024-07-02,0.00017018,0.00018517,0.00016818,0.00018326,539260265249.0,96348995.0202748,5149868
2024-07-03,0.00018326,0.00018623,0.00016015,0.00016245,406771446120.0,69213852.68626428,5563360
2024-07-04,0.00016245,0.00016569,0.00014031,0.00014244,467997219543.0,71113980.47351153,7064484
2024-07-05,0.00014247,0.00014485,0.000121,0.00013856,803253884661.0,107388410.53839177,8541821
2024-07-06,0.00013855,0.0001548,0.00013649,0.00015205,327273400252.0,47337418.13876603,6093904
2024-07-07,0.00015202,0.00015215,0.0001351,0.00013605,319049508042.0,46002569.84803035,6264208
2024-07-08,0.00013604,0.00015098,0.00012905,0.00014154,592453474329.0,83121359.60436586,7687317
2024-07-09,0.00014158,0.0001492,0.00014062,0.00014403,296500207158.0,42936035.85678666,5455316
2024-07-10,0.00014405,0.0001563,0.0001412,0.00014918,309551257660.0,46617098.5765835,4849448
2024-07-11,0.00014921,0.00015594,0.00014215,0.00014336,266128778890.0,39764214.00072685,4534841
2024-07-12,0.00014335,0.00014511,0.00013638,0.00014069,203982563825.0,28710666.70702741,4082692
2024-07-13,0.0001407,0.00014413,0.00013729,0.00014202,151412719577.0,21377293.74438414,2729163
2024-07-14,0.00014202,0.0001542,0.00014199,0.00015166,219554418159.0,32329163.81335951,3700712
2024-07-15,0.00015165,0.00018432,0.00015018,0.00018328,606261524591.0,101309878.48231126,6479957
2024-07-16,0.00018329,0.00019798,0.00017558,0.00018957,858854087675.0,160230727.43633562,8199144
2024-07-17,0.0001896,0.00019431,0.00017701,0.00017926,369230253184.0,68521444.34496006,6238619
2024-07-18,0.00017925,0.00018605,0.00016843,0.00017385,391943865005.0,69979132.73679982,5474998
2024-07-19,0.00017388,0.00019549,0.00016848,0.00019057,447963775622.0,82566745.41867954,5745649
2024-07-20,0.00019057,0.00021,0.00018444,0.00020001,466193992184.0,92298713.93075553,4356199
2024-07-21,0.00020001,0.00020994,0.00019014,0.00020589,441247000786.0,88540428.08429284,5146940
2024-07-22,0.0002059,0.00021116,0.00019054,0.00019375,339190257933.0,67697289.3905967,5376614
2024-07-23,0.00019363,0.0001967,0.00017934,0.00018502,365538252603.0,68082944.221811,5912649
2024-07-24,0.00018502,0.00019633,0.00017701,0.00017894,322858205056.0,60331363.97672248,5378021
2024-07-25,0.00017893,0.00018143,0.00016423,0.0001748,348784851603.0,60537414.65997816,6601051
2024-07-26,0.0001748,0.00018217,0.00017415,0.00018055,202825831272.0,36395277.60827506,4226860
2024-07-27,0.00018057,0.00018815,0.00017255,0.00017769,263694566922.0,47579339.34911054,4927481
2024-07-28,0.0001777,0.0001777,0.00017014,0.00017288,125378031618.0,21882894.18366694,2983676
2024-07-29,0.00017288,0.00018339,0.00017093,0.00017206,227108400123.0,40327400.62264072,4736158
2024-07-30,0.00017208,0.00017555,0.00016261,0.00016717,169534961600.0,28977553.98248775,4109594
2024-07-31,0.00016717,0.00017479,0.00016106,0.00016131,218236101966.0,36695900.52366905,5428177
2024-08-01,0.00016132,0.00016475,0.00014326,0.00015716,336232066984.0,51517662.45900513,7090709
2024-08-02,0.00015716,0.00015921,0.00014039,0.00014116,373314657608.0,55577765.190166,9963184
2024-08-03,0.00014115,0.00014518,0.00012733,0.00013058,344612064934.0,46776607.27606513,9303177
2024-08-04,0.0001306,0.00013453,0.00011593,0.00012204,395009708034.0,49393629.41863158,9157174
2024-08-05,0.00012204,0.00012421,9.585e-05,0.00011022,1276436995737.0,138007132.78873974,6354730
2024-08-06,0.00011024,0.000125,0.00010993,0.00012086,514172040242.0,61711718.76411211,11698986
2024-08-07,0.00012084,0.00013758,0.0001162,0.00011784,793287600557.0,99888260.9373108,15500777
2024-08-08,0.00011784,0.00013479,0.00011366,0.00013236,530853474530.0,66847774.46142587,11710626
2024-08-09,0.00013236,0.00013381,0.00012419,0.00012863,322685736333.0,41498509.23398683,8137981
2024-08-10,0.00012864,0.00013106,0.00012521,0.00012657,162042567647.0,20603291.78665024,4554746
2024-08-11,0.00012658,0.00013149,0.00011615,0.0001174,282240981794.0,35117235.47472496,6667956
2024-08-12,0.0001174,0.00012619,0.00011589,0.00012424,370153675891.0,45032826.98335887,10039997
2024-08-13,0.00012426,0.00012577,0.00011927,0.00012268,189280158012.0,23230930.46596328,6253611
2024-08-14,0.0001227,0.00012663,0.00011718,0.00011904,240232180815.0,29209931.83958454,6189316
2024-08-15,0.00011902,0.00012219,0.00011307,0.00011587,221362437108.0,25993034.08872176,6058080
2024-08-16,0.00011586,0.00011816,0.00011011,0.00011299,228721076137.0,26039989.29951813,6419184
2024-08-17,0.00011299,0.00011594,0.00011192,0.00011487,108139364275.0,12295657.52537653,2825154
2024-08-18,0.00011489,0.00011816,0.00011297,0.00011435,138396873852.0,16012062.84435808,3421274
2024-08-19,0.00011438,0.00011851,0.00011098,0.00011648,195412596833.0,22315129.09897483,5635840
2024-08-20,0.00011648,0.00013379,0.00011563,0.00012479,588947779769.0,73828472.04283598,7775740
2024-08-21,0.0001248,0.00012983,0.00011895,0.00012753,326749896530.0,40803981.86029286,7505135
2024-08-22,0.00012753,0.00014444,0.00012577,0.00013912,587473939176.0,80187622.31801768,8629709
2024-08-23,0.00013913,0.00015264,0.00013557,0.00014857,471169214960.0,67080110.81154522,9234094
2024-08-24,0.0001486,0.00016,0.00014655,0.00015339,394566757607.0,60076239.75564942,8023509
2024-08-25,0.00015339,0.00015356,0.00014056,0.0001502,359206371365.0,53145439.05630902,8104279
2024-08-26,0.00015021,0.00015683,0.00014686,0.00014817,500398780191.0,76048343.72830231,10457423
2024-08-27,0.00014816,0.00016248,0.00014551,0.0001467,954415371671.0,147662709.533351,13660176
2024-08-28,0.0001467,0.0001599,0.00014098,0.00015563,858109181164.0,132065432.87781437,16783549
2024-08-29,0.00015562,0.00015925,0.00013391,0.00013547,926759732266.0,138537661.93695867,14172521
2024-08-30,0.00013509,0.00013575,0.00012157,0.00012727,1208945189102.0,154221960.1798021,11269765
2024-08-31,0.00012726,0.00013108,0.00012415,0.00012507,265283033690.0,33819025.16328654,5007731
2024-09-01,0.00012506,0.00012583,0.00011481,0.00011658,296443072352.0,36182774.67067138,7649447
2024-09-02,0.00011657,0.00012323,0.000115,0.00012155,271963648559.0,32380729.76330712,7524518
2024-09-03,0.00012155,0.00012814,0.00011787,0.00011886,320839612775.0,39487233.772477,7987673
2024-09-04,0.00011886,0.0001248,0.00011351,0.00012229,361243317107.0,43386767.39651357,9461535
2024-09-05,0.00012229,0.00012464,0.00011777,0.00011905,227521376671.0,27644721.0343501,7358268
2024-09-06,0.00011905,0.0001231,0.00011103,0.00011532,360775680453.0,42504846.674508,9767521
2024-09-07,0.00011531,0.000121,0.00011517,0.00011851,168779865951.0,20004980.88448604,4244448
2024-09-08,0.00011852,0.00012543,0.00011751,0.00012343,274258098055.0,33597950.47667794,5188090
2024-09-09,0.00012343,0.00013135,0.00012145,0.00012847,296098212381.0,37233380.41453657,6263414
2024-09-10,0.00012847,0.00012925,0.00012545,0.00012744,191961210439.0,24470018.12762391,4934284
2024-09-11,0.00012746,0.00012762,0.00011887,0.0001227,239512764925.0,29287665.70687583,6238631
2024-09-12,0.0001227,0.00012593,0.00012115,0.00012452,166366634392.0,20594352.9316177,4687929
2024-09-13,0.00012455,0.00013181,0.00012175,0.0001304,234378103615.0,29617316.83580208,4648684
2024-09-14,0.0001304,0.00013077,0.00012439,0.00012543,145077888313.0,18463934.28614188,2614350
2024-09-15,0.00012543,0.00012677,0.00011958,0.00012045,145521483771.0,18038458.19980888,3031810
2024-09-16,0.00012045,0.00012243,0.000117,0.00011893,177804232476.0,21240799.60244899,4570338
2024-09-17,0.00011893,0.00012436,0.0001176,0.0001216,176198446848.0,21410361.61699613,4295657
2024-09-18,0.0001216,0.00012843,0.00011767,0.00012839,288664880306.0,35362237.09975292,5898648
2024-09-19,0.0001284,0.00013929,0.00012765,0.00013111,444970639038.0,59112014.47284219,7336963
2024-09-20,0.00013112,0.00013759,0.0001279,0.00013436,325976483211.0,43631203.6517599,6732181
2024-09-21,0.00013436,0.00013677,0.0001304,0.00013636,139997414898.0,18739454.5279141,3451673
2024-09-22,0.00013636,0.0001368,0.0001257,0.00013006,210648123363.0,27491155.57831078,4737167
2024-09-23,0.00013007,0.0001352,0.00012729,0.00013401,239395102862.0,31817312.31337008,6604452
2024-09-24,0.00013404,0.00014378,0.0001311,0.00014139,396018094019.0,54874532.41139721,6945364
2024-09-25,0.0001414,0.00014515,0.00013675,0.0001374,277725583813.0,39291105.56344322,6270733
2024-09-26,0.00013741,0.00015343,0.00013517,0.00015024,516614521951.0,75915990.09079789,8644017
2024-09-27,0.00015027,0.00017699,0.00014923,0.00016791,715198196739.0,119342370.89297596,11008651
2024-09-28,0.00016792,0.00017453,0.00016083,0.00017009,404460168551.0,68152717.4381166,8292076
2024-09-29,0.0001701,0.00017461,0.000161,0.00016221,402557215260.0,66815220.72020671,8725853
2024-09-30,0.00016222,0.0001655,0.00015107,0.00015325,460510318110.0,73454517.0484302,11271954
2024-10-01,0.00015325,0.00016339,0.00013182,0.00013679,743556564134.0,109710769.52312195,14309266
2024-10-02,0.00013678,0.00014431,0.00012963,0.00013344,493999454019.0,67785523.3552297,13792381
2024-10-03,0.00013343,0.00013598,0.00012419,0.00012825,388571218182.0,50220457.85960902,13271460
2024-10-04,0.00012824,0.00013851,0.0001267,0.0001362,349453919424.0,46721037.08715251,10267124
2024-10-05,0.0001362,0.00013858,0.00012895,0.00013241,204948544013.0,27509488.1335501,5364381
2024-10-06,0.00013244,0.00014149,0.00013155,0.0001404,234016336713.0,32098070.47749113,5633748
2024-10-07,0.0001404,0.00014677,0.00013662,0.00013676,444205229283.0,63357873.52226007,11287724
2024-10-08,0.00013676,0.00014351,0.00013259,0.000135,315463361176.0,43020585.8726118,9232838
2024-10-09,0.000135,0.0001416,0.00012817,0.00012954,295104383229.0,39671690.29986936,9206158
2024-10-10,0.00012952,0.00013458,0.00012561,0.00013146,267291761969.0,34862732.58646109,8565465
2024-10-11,0.00013146,0.00013974,0.00013036,0.00013733,227387742496.0,30833455.69707716,6539541
2024-10-12,0.00013733,0.000143,0.00013688,0.00013969,212163686617.0,29652893.47721937,5231898
2024-10-13,0.0001397,0.00014059,0.00013223,0.00013667,198738451335.0,27159930.86214604,5477052
2024-10-14,0.00013667,0.00015493,0.00013481,0.00015279,492677090156.0,72574509.13351008,10898635
2024-10-15,0.00015279,0.00015802,0.00014241,0.00014817,528944804360.0,78883054.08401322,13483223
2024-10-16,0.00014817,0.00015447,0.00014142,0.00014893,433212823243.0,64221698.24281091,12286862
2024-10-17,0.00014895,0.00015248,0.00013826,0.00014238,323973236467.0,46567435.92301703,9274652
2024-10-18,0.00014239,0.00015979,0.00014184,0.00015209,458706585990.0,70007785.66063534,9320604
2024-10-19,0.00015209,0.00016383,0.00015154,0.00015806,427607028596.0,68284390.25789084,7181391
2024-10-20,0.00015807,0.00015966,0.000152,0.00015763,252503870789.0,39322611.54098405,6194556
2024-10-21,0.00015764,0.00016106,0.00014809,0.00015139,342610090835.0,52905345.38398989,9712630
2024-10-22,0.00015137,0.00015507,0.00014666,0.00014883,231662741949.0,34908599.9693385,8272703
2024-10-23,0.00014883,0.00014945,0.00013794,0.00014274,232669556921.0,33525450.61447561,7584672
2024-10-24,0.00014273,0.0001485,0.0001415,0.00014714,194265482077.0,28227703.35425739,6502157
2024-10-25,0.00014715,0.0001479,0.00012522,0.00013123,282418272383.0,39383283.24647113,7763877
2024-10-26,0.00013124,0.00013428,0.00012866,0.00013358,210240130951.0,27680801.06489154,5932858
2024-10-27,0.00013359,0.00013685,0.00013123,0.0001353,119426511936.0,15951643.62120207,3862859
2024-10-28,0.0001353,0.00014589,0.00012892,0.00014191,296460897784.0,40249272.51196534,8175045
2024-10-29,0.00014193,0.0001529,0.00014193,0.00014721,370858241295.0,54371880.19213483,8639516
2024-10-30,0.00014722,0.00015167,0.00014211,0.00014506,278662572381.0,40893618.19728687,7677993
2024-10-31,0.00014506,0.00014766,0.00013666,0.00013847,228987430133.0,32718173.67481471,7338419
2024-11-01,0.00013848,0.0001434,0.00013352,0.00013487,242828446576.0,33416440.18202746,7443191
2024-11-02,0.00013487,0.00013646,0.00012952,0.00013108,108975011759.0,14438464.33723004,3547453
2024-11-03,0.00013108,0.00013197,0.00011761,0.00012185,297064661524.0,36701905.17938691,7422336
2024-11-04,0.00012184,0.00012541,0.00011466,0.00011714,215068551418.0,25929481.63491943,7065445
2024-11-05,0.00011712,0.00012793,0.00011705,0.00012519,243349433083.0,30139028.31770206,7293489
2024-11-06,0.00012519,0.000146,0.00012519,0.00014265,548431728358.0,75674619.29236998,12918970
2024-11-07,0.00014264,0.00014828,0.00013769,0.00014409,409842523414.0,58592224.07474256,12139914
2024-11-08,0.0001441,0.00014851,0.00013501,0.00014036,323722392682.0,45614745.25989999,10644459
2024-11-09,0.00014036,0.00014698,0.000138,0.0001455,309900713274.0,44352862.62933674,8610354
2024-11-10,0.00014551,0.00019321,0.00014324,0.00017998,1360899841002.0,229710681.26552522,20451031
2024-11-11,0.00017998,0.00019198,0.00017,0.00018324,973624112630.0,175101341.5406625,21575987
2024-11-12,0.00018323,0.00022148,0.000175,0.00021092,1586365801885.0,314477968.96172595,19945431
2024-11-13,0.000211,0.00024776,0.00018416,0.00023498,1729366984897.0,374391918.40344816,19584269
2024-11-14,0.00023499,0.00024934,0.00021268,0.00021535,1305498320588.0,302324544.29844034,22389387
2024-11-15,0.00021535,0.000283,0.00020359,0.00025953,1269172235798.0,306365703.8839127,20862081
2024-11-16,0.00025953,0.000275,0.00023255,0.0002469,827254678245.0,208282781.534353,20014464
2024-11-17,0.00024691,0.00028,0.00023425,0.00025629,979872579183.0,255577316.77402645,21186899
2024-11-18,0.00025629,0.00027022,0.00023907,0.00024874,639753260560.0,163643776.31797448,18951679
2024-11-19,0.00024877,0.00026015,0.00024151,0.00024721,462791800382.0,115810326.9623047,16643415
2024-11-20,0.0002472,0.00027293,0.00022542,0.00026455,813386325913.0,202097606.11252046,19041716
2024-11-21,0.00026453,0.00029,0.00024707,0.00026046,1048725813027.0,277590159.3759433,22454610
2024-11-22,0.00026046,0.00026578,0.00024321,0.000249,454346367090.0,115323422.57613494,16815506
2024-11-23,0.000249,0.00026599,0.00024154,0.00024659,616095731426.0,156969204.27803347,18827939
2024-11-24,0.00024662,0.00025294,0.00022686,0.00023729,390499554400.0,93317622.99518895,16561461
2024-11-25,0.0002373,0.00024477,0.00021651,0.0002214,419128051687.0,97948826.60586698,16784212
2024-11-26,0.00022138,0.00022825,0.00020351,0.00021406,409103549253.0,88000229.43899797,17241498
2024-11-27,0.00021406,0.00022873,0.00020942,0.000226,329191491677.0,72643333.70158464,13947918
2024-11-28,0.00022601,0.00023359,0.00021637,0.00022159,263948930742.0,59063641.61416022,12584183
2024-11-29,0.0002216,0.00023807,0.00021958,0.0002308,366680680764.0,84328045.79543285,12546283
2024-11-30,0.0002308,0.00023727,0.00022534,0.0002303,308490053939.0,71420174.19072859,11906978
2024-12-01,0.00023029,0.00025,0.00022442,0.00023747,652213984899.0,155891637.2491438,18735682
2024-12-02,0.00023745,0.00024929,0.00021872,0.00022662,577315538347.0,132384006.996515,19989668
2024-12-03,0.00022661,0.00023483,0.00020725,0.0002243,467865433542.0,104413666.59046447,16600568
2024-12-04,0.00022431,0.00023694,0.0002219,0.00023632,493228467675.0,113795969.46589346,19472166
2024-12-05,0.00023634,0.00024231,0.00021949,0.00023132,488380622218.0,114410877.62677325,19837589
2024-12-06,0.00023135,0.00024155,0.00022476,0.00023611,348048122817.0,81498263.87713718,15447857
2024-12-07,0.00023611,0.00027321,0.00023261,0.0002571,903780533162.0,233901667.8798581,19357988
2024-12-08,0.00025709,0.00026689,0.00024771,0.00025853,424364001707.0,109447440.38346018,16112858
2024-12-09,0.00025854,0.00028408,0.00020777,0.00023922,1501215435988.0,390370279.8577933,29082315
2024-12-10,0.00023922,0.00024549,0.00020725,0.00022177,948840711553.0,213875722.46959305,24853054
2024-12-11,0.00022178,0.00024755,0.00021536,0.00024211,415137044630.0,96796172.3815527,18255875
2024-12-12,0.00024215,0.00025425,0.00023469,0.00023872,412187515980.0,101019025.48969644,17271029
2024-12-13,0.00023873,0.00024777,0.00023294,0.00024428,317594502861.0,76435491.38563715,16317653
2024-12-14,0.00024429,0.000259,0.00022863,0.00024775,745231984182.0,179649793.95510596,16717801
2024-12-15,0.00024777,0.00024777,0.00022161,0.00023212,705243455947.0,162592106.11261424,16125587
2024-12-16,0.00023214,0.0002419,0.00022117,0.0002272,375930558868.0,86491579.36968966,15134822
2024-12-17,0.00022721,0.00023282,0.00021722,0.00021921,296131740007.0,66766610.90622168,13907816
2024-12-18,0.00021921,0.00022425,0.00018614,0.0001904,482267962882.0,100117502.99713333,16087381
2024-12-19,0.00019037,0.00019242,0.0001645,0.00016872,677946410927.0,122011993.05210789,21106728
2024-12-20,0.00016873,0.00017893,0.00014528,0.0001769,813139652860.0,132045649.06806356,22629773
2024-12-21,0.00017689,0.00019052,0.00016396,0.0001666,429806020152.0,75318312.9522652,19943603
2024-12-22,0.00016661,0.00017371,0.00016041,0.00016746,350827514859.0,58969230.38208544,19253379
2024-12-23,0.00016746,0.00018054,0.00016305,0.00017784,346094242059.0,58902714.02665847,18478554
2024-12-24,0.00017785,0.00018456,0.00017278,0.0001812,226329739634.0,40450897.49804158,11545946
2024-12-25,0.00018118,0.00018267,0.00017449,0.00017843,202653755063.0,36195599.88485533,10309688
2024-12-26,0.00017845,0.00018275,0.00016852,0.00017278,374054787158.0,65606968.55738958,14071489
2024-12-27,0.00017277,0.00018189,0.0001709,0.00017586,305765557623.0,54068840.58559819,14536112
2024-12-28,0.00017587,0.00018487,0.00017354,0.00018164,196868096840.0,35354496.75973587,10673011
2024-12-29,0.00018165,0.00018202,0.00017029,0.00017116,137771553509.0,24355251.78457729,7435953
2024-12-30,0.00017118,0.00017981,0.000169,0.00017448,264794005443.0,46405489.15534378,15601452
2024-12-31,0.00017448,0.00018465,0.00016875,0.00017716,352744226553.0,62520138.95812212,15679164
2025-01-01,0.00017716,0.00018129,0.00017221,0.00017805,172957731921.0,30597073.852007,9464239
2025-01-02,0.00017805,0.00018706,0.00017729,0.00018416,260290612704.0,47812560.44960825,11637938
2025-01-03,0.00018417,0.00020294,0.00018028,0.00020185,322434940344.0,62144091.40793063,11858479
2025-01-04,0.00020185,0.0002045,0.00019275,0.00019938,238996307560.0,47565911.68266846,8875353
2025-01-05,0.00019938,0.00020328,0.00019268,0.00019922,183910533639.0,36406469.99664835,7988466
2025-01-06,0.00019923,0.00020688,0.00019431,0.00020156,260728734122.0,52353933.73632922,10815084
2025-01-07,0.00020157,0.00020244,0.000177,0.00017728,266395928963.0,50811074.53290264,11489693
2025-01-08,0.00017727,0.000179,0.00016016,0.00016722,364678576566.0,61874516.46642124,16683383
2025-01-09,0.00016721,0.00016972,0.00015829,0.00016173,299120504226.0,48980508.3768311,16845473
2025-01-10,0.00016172,0.0001685,0.00016014,0.0001651,234144568186.0,38550662.14693836,14340476
2025-01-11,0.0001651,0.00016949,0.00016356,0.00016557,103125505635.0,17111523.80589037,6611079
2025-01-12,0.00016557,0.00016606,0.00016067,0.0001626,88351582194.0,14505299.23290872,5649229
2025-01-13,0.00016261,0.00016681,0.00014471,0.00015458,356412787050.0,54534735.93811801,18983496
2025-01-14,0.0001546,0.00016369,0.00015416,0.00016153,158529596434.0,25269770.03584978,9892525
2025-01-15,0.00016153,0.00017332,0.00015516,0.00017182,277874032290.0,45726138.56677249,12221927
2025-01-16,0.00017182,0.00017428,0.00016517,0.00016866,263757681534.0,44710807.88997319,13978203
2025-01-17,0.00016867,0.00018786,0.00016867,0.00018574,324847406373.0,58528227.91857808,15013952
2025-01-18,0.00018574,0.00019133,0.000165,0.00016821,364509260021.0,63838286.81625206,19112165
2025-01-19,0.00016821,0.000172,0.0001415,0.00014477,707084719220.0,110902931.37626803,21577735
2025-01-20,0.0001448,0.00015816,0.00013666,0.00014123,740491372481.0,107297493.04596402,24036027
2025-01-21,0.00014123,0.00015296,0.00013259,0.00014591,560117848563.0,78864441.02827364,22818147
2025-01-22,0.00014591,0.00014855,0.00014084,0.0001423,238696478306.0,34511473.91866871,13624216
2025-01-23,0.0001423,0.00014569,0.00013635,0.000141,365576618149.0,51430767.18002853,16449477
2025-01-24,0.000141,0.00014495,0.00013525,0.0001372,220637971460.0,31000823.65836819,12761070
2025-01-25,0.0001372,0.0001397,0.00013359,0.00013713,157768420461.0,21652101.21823175,8508524
2025-01-26,0.00013714,0.00013948,0.00012917,0.00012962,140879153987.0,19153030.89055137,6425780
2025-01-27,0.00012961,0.00013003,0.00011601,0.00012806,607195703738.0,74718964.21979713,22187821
2025-01-28,0.00012807,0.0001347,0.00011302,0.00011355,682763340672.0,85041524.52878515,20022977
2025-01-29,0.00011356,0.00012842,0.00011296,0.00012287,537648417965.0,64972440.95730722,19268934
2025-01-30,0.00012287,0.0001295,0.00012209,0.00012472,246394779464.0,30946111.19898633,10948777
2025-01-31,0.00012473,0.00014581,0.00012137,0.00013466,469552068834.0,63041505.09319281,14841696
2025-02-01,0.00013465,0.00013758,0.00011853,0.00011956,312342173617.0,40277502.61811755,13285831
2025-02-02,0.00011956,0.00012227,9.35e-05,0.00010071,561648300638.0,61146804.34310381,20284505
2025-02-03,0.00010072,0.0001089,7.132e-05,0.00010589,1194675572645.0,108237686.11838213,28901246
2025-02-04,0.00010589,0.0001065,9.246e-05,9.753e-05,685939853106.0,67190581.8124044,26633444
2025-02-05,9.754e-05,0.00010191,9.262e-05,9.414e-05,409285398420.0,39973723.63585377,18390664
2025-02-06,9.414e-05,9.634e-05,8.627e-05,8.73e-05,499626313068.0,45477331.99708312,18171574
2025-02-07,8.729e-05,9.516e-05,8.384e-05,8.739e-05,390228487652.0,34994671.78706292,16478484
2025-02-08,8.739e-05,9.4e-05,8.574e-05,9.231e-05,250960568654.0,22464378.45631805,8956769
2025-02-09,9.23e-05,0.00010162,8.878e-05,9.375e-05,389905319965.0,37039109.02707972,12409755
2025-02-10,9.375e-05,9.727e-05,9.025e-05,9.496e-05,365899217701.0,34545151.69800174,15047236
2025-02-11,9.495e-05,0.00010097,9.18e-05,9.214e-05,320812592034.0,30880817.70433327,13015658
2025-02-12,9.213e-05,0.00010172,8.776e-05,0.00010034,456626210752.0,42568216.82530728,14136739
2025-02-13,0.00010035,0.0001029,9.471e-05,9.668e-05,353898885644.0,34703879.91638017,12704664
2025-02-14,9.669e-05,0.00010496,9.599e-05,0.0001,332673971732.0,33207045.88874022,12438123
2025-02-15,0.0001,0.00010242,9.546e-05,9.666e-05,189123530338.0,18588808.60870814,7489444
2025-02-16,9.667e-05,9.72e-05,9.31e-05,9.396e-05,149157542858.0,14191802.97952534,6280480
2025-02-17,9.396e-05,0.00010004,9.281e-05,9.571e-05,281029402058.0,27032716.72206963,11953371
2025-02-18,9.571e-05,9.99e-05,8.861e-05,9.3e-05,336746082948.0,31051364.80891822,12790274
2025-02-19,9.3e-05,0.00010814,9.106e-05,9.574e-05,655855911746.0,64991997.9220466,12741385
2025-02-20,9.573e-05,9.79e-05,9.249e-05,9.703e-05,797707700466.0,75716509.53404087,9152274
2025-02-21,9.702e-05,0.0001005,9.236e-05,9.281e-05,405789938098.0,39459156.92147551,10795596
2025-02-22,9.282e-05,9.91e-05,9.193e-05,9.805e-05,283215698047.0,26930561.59951536,6089566
2025-02-23,9.805e-05,9.846e-05,9.255e-05,9.374e-05,186693264230.0,17725183.48728287,5857417
2025-02-24,9.375e-05,9.46e-05,8.053e-05,8.23e-05,336167008672.0,29722499.26544862,12960136
2025-02-25,8.23e-05,8.482e-05,7.687e-05,8.327e-05,481045433259.0,39013971.65581485,20427817
2025-02-26,8.328e-05,8.518e-05,7.981e-05,8.299e-05,302070602569.0,24976715.54125486,14312764
2025-02-27,8.3e-05,8.621e-05,8.102e-05,8.274e-05,217787306753.0,18252560.84039881,10933714
2025-02-28,8.274e-05,8.299e-05,7.411e-05,8.192e-05,422763482942.0,33117311.97381102,17181472
2025-03-01,8.193e-05,8.366e-05,7.844e-05,8.041e-05,156979258506.0,12670430.9696925,7102006
2025-03-02,8.042e-05,8.975e-05,7.849e-05,8.847e-05,364933276839.0,30879829.55618379,11826537
2025-03-03,8.846e-05,8.869e-05,7.303e-05,7.395e-05,440184012634.0,35479265.29309373,18496851
2025-03-04,7.395e-05,7.475e-05,6.635e-05,7.257e-05,591187828488.0,41786556.45821114,20714877
2025-03-05,7.257e-05,7.629e-05,7.169e-05,7.516e-05,257513425656.0,19000373.19606976,12250812
2025-03-06,7.516e-05,7.689e-05,7.204e-05,7.268e-05,244538949375.0,18207652.58734161,11577014
2025-03-07,7.269e-05,7.46e-05,6.879e-05,7.108e-05,362366687661.0,26135106.83520271,14903110
2025-03-08,7.107e-05,7.154e-05,6.796e-05,6.899e-05,170660782991.0,11913840.21252933,7315998
2025-03-09,6.9e-05,6.92e-05,5.859e-05,5.955e-05,316441464994.0,19804793.484516,10797930
2025-03-10,5.956e-05,6.6e-05,5.629e-05,5.728e-05,523458482773.0,31821652.67638151,16882302
2025-03-11,5.729e-05,6.322e-05,5.29e-05,6.095e-05,500289889261.0,29576066.49712749,13805135
2025-03-12,6.095e-05,6.353e-05,5.916e-05,6.181e-05,406188636613.0,24988351.54166096,12482649
2025-03-13,6.18e-05,6.229e-05,5.797e-05,5.968e-05,331381445316.0,20058253.94657288,9977219
2025-03-14,5.969e-05,6.364e-05,5.953e-05,6.158e-05,225651247675.0,13873456.02276312,6295801
2025-03-15,6.158e-05,6.387e-05,6.096e-05,6.291e-05,153004525242.0,9533235.0205232,4248272
2025-03-16,6.291e-05,6.303e-05,5.866e-05,5.948e-05,221228053705.0,13467091.04058684,6381699
2025-03-17,5.948e-05,6.329e-05,5.946e-05,6.199e-05,353102023310.0,21685529.98478618,6533994
2025-03-18,6.199e-05,6.223e-05,5.903e-05,6.175e-05,197585941436.0,11969089.6165514,5942866
2025-03-19,6.176e-05,6.464e-05,6.053e-05,6.422e-05,300784382145.0,18675905.92535072,7594384
2025-03-20,6.422e-05,6.525e-05,6.182e-05,6.289e-05,213719427446.0,13504926.7001066,6434540
2025-03-21,6.289e-05,6.443e-05,6.03e-05,6.17e-05,207876023596.0,12883052.51382041,5810030
2025-03-22,6.169e-05,6.391e-05,6.158e-05,6.21e-05,152017030637.0,9543442.89585197,3620621
2025-03-23,6.21e-05,6.431e-05,6.14e-05,6.358e-05,157585104340.0,9927560.1832807,3929306
2025-03-24,6.358e-05,6.92e-05,6.238e-05,6.787e-05,277688295758.0,18406380.93594566,7404613
2025-03-25,6.786e-05,6.86e-05,6.6e-05,6.809e-05,224779018829.0,15146906.17685849,6961017
2025-03-26,6.809e-05,7.63e-05,6.685e-05,7.031e-05,461095502702.0,33082654.08832301,10735589
2025-03-27,7.031e-05,7.316e-05,6.849e-05,6.962e-05,270237608743.0,19140061.16190857,8733729
2025-03-28,6.962e-05,7.035e-05,6.169e-05,6.254e-05,225239712700.0,14646017.97277913,7299156
2025-03-29,6.254e-05,6.291e-05,5.66e-05,5.793e-05,212300315012.0,12605269.60444152,6658264
2025-03-30,5.793e-05,5.989e-05,5.67e-05,5.765e-05,195432825262.0,11383359.84078231,5883645
2025-03-31,5.766e-05,5.952e-05,5.643e-05,5.851e-05,256433859967.0,14870618.29135472,8587148
2025-04-01,5.851e-05,6.133e-05,5.82e-05,5.984e-05,212598426584.0,12717323.74647548,6694745
2025-04-02,5.984e-05,6.115e-05,5.431e-05,5.484e-05,341506559553.0,19791692.86706944,10707082
2025-04-03,5.484e-05,5.743e-05,5.261e-05,5.476e-05,269800452640.0,14723608.98439848,7771762
2025-04-04,5.477e-05,5.724e-05,5.348e-05,5.702e-05,260118850251.0,14435538.01038852,8646541
2025-04-05,5.703e-05,5.742e-05,5.462e-05,5.557e-05,102392014208.0,5713655.02631512,2608116
2025-04-06,5.558e-05,5.561e-05,4.794e-05,4.901e-05,260876547406.0,13311071.27912161,7121043
2025-04-07,4.902e-05,5.283e-05,4.545e-05,5.084e-05,667551576491.0,33020396.20439564,18437867
2025-04-08,5.085e-05,5.249e-05,4.694e-05,4.736e-05,261003645149.0,12928814.68584395,7658346
2025-04-09,4.737e-05,5.538e-05,4.629e-05,5.429e-05,411391610612.0,20889030.05376619,11499324
2025-04-10,5.429e-05,5.435e-05,5.088e-05,5.243e-05,214262581330.0,11276726.09785673,6533127
2025-04-11,5.242e-05,5.658e-05,5.212e-05,5.504e-05,194733562710.0,10579202.48168535,5146709
2025-04-12,5.505e-05,6.016e-05,5.412e-05,5.976e-05,198944778536.0,11390531.9560692,5080829
2025-04-13,5.975e-05,6.052e-05,5.63e-05,5.747e-05,280501108875.0,16380751.49465993,7287336
2025-04-14,5.747e-05,6.051e-05,5.591e-05,5.62e-05,235693673964.0,13707527.88557416,7324284
2025-04-15,5.62e-05,5.689e-05,5.32e-05,5.347e-05,195674218605.0,10810167.93458334,5062326
2025-04-16,5.347e-05,5.47e-05,5.199e-05,5.372e-05,172200144383.0,9220417.64594032,5299444
2025-04-17,5.372e-05,5.536e-05,5.288e-05,5.435e-05,123010089324.0,6690784.49076931,3306444
2025-04-18,5.436e-05,5.819e-05,5.423e-05,5.661e-05,119475803472.0,6710358.11947765,2928028
2025-04-19,5.662e-05,5.821e-05,5.626e-05,5.813e-05,79246696070.0,4537785.92876823,1963724
2025-04-20,5.814e-05,5.965e-05,5.627e-05,5.842e-05,150433834037.0,8709402.19563158,2938474
2025-04-21,5.843e-05,6.078e-05,5.721e-05,5.741e-05,164930046114.0,9756778.22205159,4387683
2025-04-22,5.742e-05,6.595e-05,5.662e-05,6.527e-05,254285947930.0,15542827.66804199,6233567
2025-04-23,6.528e-05,7.313e-05,6.528e-05,6.981e-05,458662931832.0,31852975.86818435,10235890
2025-04-24,6.981e-05,7.2e-05,6.552e-05,7.154e-05,282319844833.0,19410304.93750189,7011470
2025-04-25,7.154e-05,8.266e-05,7.05e-05,8.041e-05,497966696493.0,38382946.60376944,10592670
2025-04-26,8.041e-05,8.48e-05,7.862e-05,8.028e-05,311130644966.0,25418934.22615383,8705729
2025-04-27,8.028e-05,8.129e-05,7.581e-05,7.696e-05,206537668649.0,16136551.01561685,6568528
2025-04-28,7.697e-05,8.947e-05,7.478e-05,8.71e-05,463743431722.0,37608321.15661625,10242272
2025-04-29,8.711e-05,9.096e-05,8.166e-05,8.351e-05,289357862209.0,24659357.26978432,8460923
2025-04-30,8.35e-05,9.495e-05,8.315e-05,8.915e-05,420483515053.0,37367493.55299281,10889097
2025-05-01,8.915e-05,9.065e-05,8.545e-05,8.619e-05,198975040575.0,17563932.06813478,6699640
2025-05-02,8.619e-05,8.77e-05,8.409e-05,8.597e-05,135816846073.0,11629593.67139373,5351164
2025-05-03,8.598e-05,8.615e-05,7.895e-05,7.918e-05,124545337112.0,10227042.97853958,3468322
2025-05-04,7.919e-05,7.952e-05,7.371e-05,7.466e-05,159593201500.0,12189856.84578358,4838858
2025-05-05,7.466e-05,7.831e-05,7.382e-05,7.697e-05,169163216057.0,12831983.43707562,5655222
2025-05-06,7.698e-05,7.801e-05,7.182e-05,7.63e-05,194397802098.0,14651542.32673217,6867944
2025-05-07,7.631e-05,7.772e-05,7.393e-05,7.651e-05,160894369499.0,12247206.96561854,5624903
2025-05-08,7.651e-05,9.467e-05,7.611e-05,9.159e-05,357490703070.0,30836761.47559782,10076187
2025-05-09,9.159e-05,0.0001048,9.064e-05,9.988e-05,612568023549.0,60272964.11081444,18157407
2025-05-10,9.988e-05,0.0001105,9.8e-05,0.00010986,438483636382.0,45565688.74950549,15408954
2025-05-11,0.00010985,0.00011008,0.00010136,0.00010388,294854618626.0,30796584.52534387,13406841
2025-05-12,0.00010389,0.0001237,0.0001036,0.0001119,709676997400.0,81771503.30200826,21472656
2025-05-13,0.00011189,0.00011961,0.00010353,0.00011445,445192781614.0,49969425.20464056,14783258
2025-05-14,0.00011445,0.00011582,0.00010658,0.00010797,282815961022.0,31371463.5375345,11185823
2025-05-15,0.00010797,0.00010975,9.704e-05,9.99e-05,334528041740.0,34420827.76963507,11926114
2025-05-16,9.99e-05,0.00010375,9.624e-05,9.706e-05,211896756345.0,21411919.14269344,9308095
2025-05-17,9.706e-05,9.758e-05,8.881e-05,9.03e-05,193658076186.0,17812605.80555026,7089601
2025-05-18,9.031e-05,0.00010406,8.956e-05,0.0001002,319251120841.0,30944249.76440582,9072455
2025-05-19,0.00010021,0.0001009,9.119e-05,9.857e-05,249427656263.0,23729940.98860348,9131272
2025-05-20,9.858e-05,0.00010238,9.346e-05,9.89e-05,195980160602.0,19043074.14369142,6415725
2025-05-21,9.891e-05,0.00010604,9.633e-05,0.00010196,291679628095.0,29307371.46726342,6369056
2025-05-22,0.00010196,0.00011312,0.00010191,0.00011229,346270399054.0,37518064.19852463,8636069
2025-05-23,0.0001123,0.00011799,0.00010017,0.000101,401598685063.0,44011141.2032446,9936988
2025-05-24,0.00010099,0.00010405,9.767e-05,9.846e-05,158700239540.0,16011713.56241466,4856580
2025-05-25,9.846e-05,9.971e-05,9.202e-05,9.806e-05,172123132198.0,16486622.23465575,5196952
2025-05-26,9.807e-05,0.00010378,9.673e-05,9.805e-05,167992566543.0,16758141.60512953,5005159
2025-05-27,9.805e-05,0.00010365,9.532e-05,0.00010076,180728763634.0,18212562.15556297,5898394
2025-05-28,0.00010076,0.00010373,9.816e-05,0.00010218,181271422247.0,18235736.57319702,5806495
2025-05-29,0.00010219,0.00010775,9.711e-05,9.729e-05,248814646591.0,25414617.66357472,6567522
2025-05-30,9.728e-05,9.83e-05,8.215e-05,8.297e-05,256381982623.0,23139106.74690629,6998926
2025-05-31,8.298e-05,8.67e-05,7.921e-05,8.506e-05,235497654694.0,19388739.57475959,6885383
2025-06-01,8.506e-05,8.733e-05,8.231e-05,8.589e-05,148648180411.0,12628485.77824145,4508583
2025-06-02,8.589e-05,8.87e-05,8.284e-05,8.795e-05,160060832896.0,13620915.75907966,5509511
2025-06-03,8.796e-05,9.159e-05,8.556e-05,8.644e-05,182730541404.0,16191472.72548459,5025496
2025-06-04,8.644e-05,8.786e-05,8.12e-05,8.176e-05,126067005602.0,10696269.76008499,3889883
2025-06-05,8.175e-05,8.404e-05,7.456e-05,7.668e-05,222483236570.0,17647475.3553503,5013107
2025-06-06,7.668e-05,8.782e-05,7.637e-05,8.177e-05,242674096069.0,20124829.55341391,4572377
2025-06-07,8.178e-05,8.637e-05,8.125e-05,8.355e-05,129368030290.0,10861621.39590509,3173565
2025-06-08,8.354e-05,8.546e-05,8.177e-05,8.303e-05,105947659920.0,8849608.25258726,2851028
2025-06-09,8.302e-05,9.19e-05,8.17e-05,9.118e-05,184932444007.0,15965461.91104204,3981129
2025-06-10,9.117e-05,9.733e-05,8.798e-05,9.676e-05,293174094026.0,27073090.72481575,7159469
2025-06-11,9.675e-05,9.839e-05,9.001e-05,9.07e-05,236636012328.0,22354451.54627045,7352340
2025-06-12,9.071e-05,9.074e-05,8.252e-05,8.256e-05,203790512778.0,17770915.39443173,5639378
2025-06-13,8.257e-05,8.265e-05,7.502e-05,7.999e-05,310153645844.0,24039965.9744575,5566004
2025-06-14,7.999e-05,8.055e-05,7.619e-05,7.744e-05,101959730403.0,7981913.53021854,3142290
2025-06-15,7.745e-05,7.919e-05,7.626e-05,7.804e-05,94802136157.0,7374491.31382166,2745745
2025-06-16,7.804e-05,8.201e-05,7.671e-05,7.737e-05,156159843364.0,12510971.75402951,4095860
2025-06-17,7.736e-05,7.915e-05,7.16e-05,7.336e-05,183204894127.0,13813911.38874058,4162967
2025-06-18,7.336e-05,7.549e-05,7.038e-05,7.5e-05,154609884396.0,11355155.09300379,3728861
2025-06-19,7.5e-05,7.653e-05,7.294e-05,7.436e-05,97131245631.0,7237751.55336279,2317595
2025-06-20,7.436e-05,7.632e-05,6.936e-05,7.12e-05,156335445804.0,11408630.43845286,3405255
2025-06-21,7.121e-05,7.247e-05,6.456e-05,6.681e-05,138336001871.0,9449854.02549632,2359661
2025-06-22,6.681e-05,6.794e-05,5.923e-05,6.383e-05,250652101943.0,15871819.39357473,5464936
2025-06-23,6.383e-05,7.279e-05,6.316e-05,7.221e-05,253876626590.0,16964484.30410027,4579756
2025-06-24,7.221e-05,7.546e-05,7.218e-05,7.429e-05,195225433277.0,14376233.20605888,4225217
2025-06-25,7.43e-05,7.491e-05,7.058e-05,7.128e-05,151724674755.0,11050594.85700892,3714919
2025-06-26,7.129e-05,7.345e-05,6.798e-05,6.931e-05,146013180603.0,10272474.97523776,3148648
2025-06-27,6.93e-05,7.212e-05,6.852e-05,7.051e-05,154203353549.0,10849267.7742351,3028092
2025-06-28,7.051e-05,7.486e-05,6.98e-05,7.39e-05,92749761543.0,6690837.52743628,1790944
2025-06-29,7.391e-05,7.975e-05,7.288e-05,7.843e-05,145993689756.0,11084660.50566488,2620029
2025-06-30,7.843e-05,7.924e-05,7.379e-05,7.449e-05,156192160248.0,11870423.4723833,3164910
2025-07-01,7.45e-05,7.482e-05,6.98e-05,7.064e-05,110171988704.0,7927745.42395921,1743949
2025-07-02,7.064e-05,7.99e-05,6.994e-05,7.79e-05,177110509774.0,13486146.20541009,2685983
2025-07-03,7.791e-05,8.149e-05,7.612e-05,7.933e-05,234447020299.0,18490539.3485779,3770250
2025-07-04,7.933e-05,8.163e-05,7.258e-05,7.436e-05,177850941897.0,13547501.99052416,2681834
2025-07-05,7.436e-05,7.626e-05,7.3e-05,7.476e-05,92738112639.0,6921003.30745108,1391499
2025-07-06,7.477e-05,8.883e-05,7.405e-05,8.539e-05,556699214438.0,45744896.31938025,4585356
2025-07-07,8.539e-05,8.979e-05,8.005e-05,8.196e-05,417316740792.0,35207613.45900093,4491770
2025-07-08,8.197e-05,9.336e-05,8.189e-05,9.11e-05,559103839541.0,49182170.87508272,5278295
2025-07-09,9.111e-05,9.48e-05,8.891e-05,9.177e-05,376149870854.0,34276270.21808638,5602570
2025-07-10,9.178e-05,0.00010451,9.061e-05,0.00010239,367633216901.0,35122324.59448875,6851876
2025-07-11,0.00010239,0.00010471,9.403e-05,9.555e-05,471653167004.0,47323222.60321143,9163763
2025-07-12,9.554e-05,9.821e-05,9.141e-05,9.767e-05,283955939004.0,27037729.85889598,7149004
2025-07-13,9.768e-05,0.00010087,9.503e-05,9.678e-05,255959457013.0,25006633.91438276,6660112
2025-07-14,9.679e-05,0.00010289,9.441e-05,9.638e-05,301596372077.0,29673233.65560876,9302199
2025-07-15,9.638e-05,0.00010025,9.256e-05,0.00010021,312206254823.0,29986180.2348944,9909895
2025-07-16,0.00010022,0.00014,9.764e-05,0.00013103,978763065813.0,116799326.05005004,12615717
2025-07-17,0.00013104,0.0001459,0.000123,0.00013054,1218798833645.0,161165193.8921601,18247003
2025-07-18,0.00013054,0.00014816,0.00012831,0.00013459,877105143450.0,120119603.10370338,15685505
2025-07-19,0.00013459,0.00014463,0.00012971,0.00013755,572086866293.0,78510415.11487393,10969706
2025-07-20,0.00013756,0.00014592,0.00013409,0.00013558,586864082107.0,82113869.23092312,11316836
2025-07-21,0.00013559,0.00015512,0.00013423,0.00014705,713631851177.0,101659335.74338059,15055132
2025-07-22,0.00014704,0.00015303,0.0001378,0.00015105,582024684980.0,83518165.61019932,16617425
2025-07-23,0.00015106,0.00015777,0.00012624,0.00013232,682727247675.0,97146636.92221665,15213751
2025-07-24,0.00013232,0.00013525,0.00011911,0.00012414,567297542675.0,72631286.32661472,14193751
2025-07-25,0.00012415,0.00013092,0.00011936,0.0001296,395523325312.0,49491832.09559419,11739160
2025-07-26,0.0001296,0.00013405,0.00012788,0.00012868,184605260118.0,24163523.45275836,4636547
2025-07-27,0.00012867,0.00013379,0.00012842,0.00012979,209353151292.0,27388341.84758541,7441499
2025-07-28,0.0001298,0.00013443,0.00011861,0.00011958,337947820610.0,43110217.06820633,10234603
2025-07-29,0.00011959,0.00012471,0.00011371,0.00011584,274360835564.0,32619219.69473243,9296549
2025-07-30,0.00011585,0.00011708,0.0001059,0.00011194,337943573099.0,37701904.99114814,10114796
2025-07-31,0.00011194,0.000122,0.00010848,0.00010944,320570184054.0,37068660.63437539,8834754
2025-08-01,0.00010945,0.00011169,0.00010117,0.00010386,384047519547.0,41322527.37492273,14044131
2025-08-02,0.00010387,0.000108,9.846e-05,0.00010218,243348533654.0,25029553.16740929,9239063
2025-08-03,0.00010219,0.00010862,0.00010023,0.00010728,164250658164.0,17355500.48068887,4174832
2025-08-04,0.00010729,0.00011332,0.00010706,0.00011131,214540628916.0,23644452.9225657,6128595
2025-08-05,0.00011132,0.00011145,0.00010131,0.00010381,231167649864.0,24413637.25861602,6535639
2025-08-06,0.00010382,0.00010811,0.00010123,0.00010698,151071654009.0,15850474.50133402,5507557
2025-08-07,0.00010698,0.00011757,0.00010585,0.00011731,285780376008.0,32065593.1242014,6513641
2025-08-08,0.0001173,0.00012125,0.00011477,0.00011922,253999191928.0,29956281.34444075,8670450
2025-08-09,0.00011923,0.00012351,0.00011755,0.00012054,219540123257.0,26497174.57983426,7755863
2025-08-10,0.00012054,0.00012407,0.00011433,0.0001185,219851348711.0,26076682.82407129,8312680
2025-08-11,0.0001185,0.0001232,0.00010757,0.00010842,259690163837.0,29989107.05784236,9413770
2025-08-12,0.00010843,0.00011695,0.00010602,0.00011468,221418518154.0,24700306.24933142,8481423
2025-08-13,0.00011469,0.00012044,0.00011447,0.00011904,279010694923.0,32814820.40140859,10745808
2025-08-14,0.00011905,0.00012315,0.00010263,0.00010468,369781236433.0,41317798.89105611,10438335
2025-08-15,0.00010467,0.00010898,0.00010039,0.00010427,250653647301.0,26286646.34434793,8502468
2025-08-16,0.00010426,0.00010773,0.00010394,0.00010741,133829791777.0,14175004.36528225,4549494
2025-08-17,0.00010742,0.00011072,0.00010551,0.00010623,132915349786.0,14294562.34895038,4641897
2025-08-18,0.00010623,0.00010654,0.00010016,0.00010289,229201691427.0,23543301.50769893,7104880
2025-08-19,0.0001029,0.00010472,9.713e-05,9.819e-05,246455147476.0,24845679.8326899,8292430
2025-08-20,9.82e-05,0.00010443,9.708e-05,0.00010338,235609065223.0,23728364.95703649,7714608
2025-08-21,0.00010338,0.00010455,9.827e-05,9.966e-05,130907223362.0,13191890.39888737,5401650
2025-08-22,9.966e-05,0.00011138,9.478e-05,0.00011085,332292975721.0,34541091.55509963,8426056
2025-08-23,0.00011086,0.00011107,0.00010517,0.0001066,152460899529.0,16348483.44514477,4664597
2025-08-24,0.00010661,0.00010857,0.0001013,0.00010332,253319553050.0,26397682.06835825,6994204
2025-08-25,0.00010332,0.00010541,9.213e-05,9.308e-05,313088567006.0,30598759.98557608,9079180
2025-08-26,9.307e-05,9.861e-05,9.24e-05,9.686e-05,179743554519.0,17123592.01090789,5139332
2025-08-27,9.687e-05,9.908e-05,9.531e-05,9.622e-05,177330565089.0,17196149.91271235,5819467
2025-08-28,9.622e-05,9.945e-05,9.54e-05,9.909e-05,146288854030.0,14313044.71506614,4520706
2025-08-29,9.91e-05,9.942e-05,9.055e-05,9.322e-05,213217995255.0,20006913.19177145,4357545
2025-08-30,9.323e-05,9.552e-05,9.158e-05,9.401e-05,81663886499.0,7685119.26078115,2419386
2025-08-31,9.402e-05,9.75e-05,9.221e-05,9.226e-05,98923417687.0,9351243.31440439,2401407
2025-09-01,9.225e-05,9.453e-05,8.613e-05,8.864e-05,204298726370.0,18427100.79828228,4838730
2025-09-02,8.864e-05,9.204e-05,8.754e-05,9.176e-05,155262819693.0,14004080.24022255,4325207
2025-09-03,9.177e-05,9.38e-05,9.061e-05,9.283e-05,85662949513.0,7891089.94641192,2926462
2025-09-04,9.284e-05,9.349e-05,8.75e-05,8.844e-05,87340156537.0,7839822.18588709,2473860
2025-09-05,8.844e-05,9.277e-05,8.831e-05,9.093e-05,139661808888.0,12656712.9832662,3471169
2025-09-06,9.093e-05,9.146e-05,8.9e-05,8.967e-05,48999391340.0,4405833.90025155,1562238
2025-09-07,8.968e-05,9.27e-05,8.959e-05,9.217e-05,64250786352.0,5861941.76213143,1727174
2025-09-08,9.217e-05,9.832e-05,9.16e-05,9.773e-05,185517778449.0,17678401.48249942,4818895
2025-09-09,9.774e-05,0.00010004,9.434e-05,9.627e-05,185865719507.0,18100036.45577711,5732412
2025-09-10,9.628e-05,9.882e-05,9.509e-05,9.743e-05,134463507172.0,13044630.97246608,4280259
2025-09-11,9.743e-05,0.00010062,9.561e-05,0.00010007,126702521584.0,12376193.00024154,3792540
2025-09-12,0.00010007,0.00010543,9.833e-05,0.00010473,215166996628.0,21922107.7217812,4890756
2025-09-13,0.00010473,0.00011097,0.0001041,0.00010692,252770172866.0,27186482.33629452,5844031
2025-09-14,0.00010691,0.0001071,9.955e-05,0.00010141,150082210749.0,15464731.67726909,4031419
2025-09-15,0.00010142,0.0001026,9.307e-05,9.541e-05,197271759127.0,19116859.34591568,3427895
2025-09-16,9.542e-05,9.841e-05,9.365e-05,9.798e-05,117069250299.0,11212671.07851424,2967012
2025-09-17,9.799e-05,0.00010255,9.467e-05,0.0001018,175692680777.0,17225756.78256558,4955549
2025-09-18,0.0001018,0.00010315,9.938e-05,0.00010188,144343765412.0,14661540.05940403,4182648
2025-09-19,0.00010188,0.00010352,9.517e-05,9.596e-05,135590142536.0,13375026.41129633,4003007
2025-09-20,9.596e-05,9.895e-05,9.5e-05,9.725e-05,75260531911.0,7294382.49358986,1920022
2025-09-21,9.725e-05,9.859e-05,9.433e-05,9.443e-05,85357030108.0,8228442.27882782,2488877
2025-09-22,9.442e-05,9.493e-05,8.346e-05,8.53e-05,264549682498.0,23132076.26994928,5405131
2025-09-23,8.529e-05,8.721e-05,8.31e-05,8.506e-05,132118185187.0,11335227.82550601,3818177
2025-09-24,8.507e-05,8.76e-05,8.318e-05,8.529e-05,116645666150.0,10007265.17077534,3257509
2025-09-25,8.529e-05,8.559e-05,7.808e-05,7.976e-05,237889507035.0,19456876.64282902,5089282
2025-09-26,7.977e-05,8.467e-05,7.902e-05,8.319e-05,144198131507.0,11730083.82681862,2964070
2025-09-27,8.32e-05,8.322e-05,8.127e-05,8.153e-05,55261770696.0,4538148.61611522,1297259
2025-09-28,8.154e-05,8.34e-05,7.887e-05,8.3e-05,93022662166.0,7512019.27885145,1532231
2025-09-29,8.3e-05,8.378e-05,7.991e-05,8.24e-05,104721899539.0,8591675.02914842,2458259
2025-09-30,8.24e-05,8.276e-05,7.704e-05,8.134e-05,141076185940.0,11318383.81995319,2559725
2025-10-01,8.134e-05,8.581e-05,7.983e-05,8.497e-05,146584701844.0,12250047.64699822,2573969
2025-10-02,8.498e-05,8.898e-05,8.304e-05,8.799e-05,170384858892.0,14637446.77936439,3127664
2025-10-03,8.799e-05,9.79e-05,8.523e-05,9.76e-05,269449485060.0,24329422.55718067,4406972
2025-10-04,9.76e-05,0.00011614,9.729e-05,0.00010385,931936469368.0,99381382.77312304,9172617
2025-10-05,0.00010385,0.00010987,9.994e-05,0.00010041,345442479246.0,36154720.40406968,5071991
2025-10-06,0.00010041,0.00010595,9.724e-05,0.00010238,368102033166.0,37444748.14955747,4754682
2025-10-07,0.00010237,0.00010992,9.781e-05,9.816e-05,490951935299.0,50801377.02057054,6232130
2025-10-08,9.816e-05,0.0001017,9.516e-05,9.973e-05,196596566868.0,19416487.5580386,4399993
2025-10-09,9.974e-05,0.00010002,9.078e-05,9.308e-05,176560324398.0,16727025.20430712,3126639
2025-10-10,9.309e-05,9.567e-05,1.544e-05,6.751e-05,588326161003.0,41794423.32288908,5413879
2025-10-11,6.751e-05,7.344e-05,6.366e-05,6.656e-05,466423627045.0,31993305.08871374,7842357
2025-10-12,6.657e-05,7.55e-05,6.505e-05,7.402e-05,308562229345.0,21805693.78203741,6548833
2025-10-13,7.402e-05,7.858e-05,7.093e-05,7.793e-05,313074117323.0,23242408.53875361,6539617
2025-10-14,7.793e-05,7.838e-05,6.872e-05,7.471e-05,328623607908.0,23835089.24674019,6386092
2025-10-15,7.47e-05,7.65e-05,6.958e-05,7.064e-05,187896689976.0,13644166.89346248,4038479
2025-10-16,7.065e-05,7.306e-05,6.665e-05,6.739e-05,215171354223.0,15023886.61496108,4823050
2025-10-17,6.739e-05,6.871e-05,6.122e-05,6.511e-05,295932194927.0,19097407.22291328,5468575
2025-10-18,6.51e-05,6.674e-05,6.366e-05,6.487e-05,97230450919.0,6344030.52147037,1640017
2025-10-19,6.488e-05,6.897e-05,6.381e-05,6.689e-05,138630375882.0,9210676.47497886,2184418
2025-10-20,6.689e-05,8.93e-05,6.537e-05,7.982e-05,1445479868354.0,117082501.085322,8096388
2025-10-21,7.981e-05,8.411e-05,7.281e-05,7.35e-05,600942519927.0,46004911.59549965,6386765
2025-10-22,7.349e-05,7.43e-05,6.859e-05,7.087e-05,315732867856.0,22722642.6178337,5241390
2025-10-23,7.088e-05,7.531e-05,7.066e-05,7.315e-05,230441439409.0,16875454.11912633,3405278
2025-10-24,7.316e-05,7.497e-05,7.2e-05,7.441e-05,179644341335.0,13171866.13492153,2746518
2025-10-25,7.441e-05,7.446e-05,7.29e-05,7.332e-05,94722424740.0,6976716.81398214,1254113
2025-10-26,7.333e-05,7.608e-05,7.227e-05,7.541e-05,166100509316.0,12305973.72291769,1878145
2025-10-27,7.542e-05,7.691e-05,7.267e-05,7.318e-05,181207251421.0,13549157.43468538,3043919
2025-10-28,7.317e-05,7.394e-05,6.927e-05,7.107e-05,155752262052.0,11232926.82491885,3084883
2025-10-29,7.107e-05,7.561e-05,7.056e-05,7.238e-05,190200498796.0,13826837.13588323,3620186
2025-10-30,7.238e-05,7.316e-05,6.396e-05,6.646e-05,214973551097.0,14688002.63065293,4953472
2025-10-31,6.647e-05,7.046e-05,6.635e-05,6.989e-05,145052356665.0,9994327.84453249,2927930
2025-11-01,6.99e-05,7.131e-05,6.895e-05,7.064e-05,102745507037.0,7226141.97381241,1892126
2025-11-02,7.065e-05,7.124e-05,6.776e-05,6.991e-05,105340222171.0,7334821.54648864,2090146
2025-11-03,6.991e-05,7.003e-05,5.781e-05,6.03e-05,289711598642.0,18133082.1133182,5029503
2025-11-04,6.03e-05,6.188e-05,5.344e-05,5.744e-05,414074145475.0,24028918.49559016,6764798
2025-11-05,5.743e-05,6.104e-05,5.466e-05,6.009e-05,173578845504.0,10153943.22353418,2690591
2025-11-06,6.008e-05,6.039e-05,5.601e-05,5.854e-05,146288627338.0,8535263.08579023,3231549
2025-11-07,5.855e-05,6.71e-05,5.761e-05,6.516e-05,281949718270.0,17501665.26318131,4991862
2025-11-08,6.516e-05,6.671e-05,6.179e-05,6.248e-05,173382106449.0,11097713.36377233,3353466
2025-11-09,6.249e-05,6.402e-05,6.015e-05,6.325e-05,148499704551.0,9245218.47124447,2669402
2025-11-10,6.325e-05,6.59e-05,6.227e-05,6.481e-05,155449034767.0,9943329.81068519,3235409
2025-11-11,6.482e-05,6.587e-05,5.936e-05,5.957e-05,162808064312.0,10121265.92484595,3488064
2025-11-12,5.958e-05,6.31e-05,5.796e-05,5.859e-05,147275918866.0,8920600.95067039,2783959
2025-11-13,5.859e-05,6.184e-05,5.453e-05,5.651e-05,202239441625.0,11779911.76283383,4005850
2025-11-14,5.651e-05,5.73e-05,5.327e-05,5.429e-05,223742237394.0,12437530.63993106,5229506
2025-11-15,5.429e-05,5.663e-05,5.421e-05,5.511e-05,84062984529.0,4666500.35572932,1763417
2025-11-16,5.511e-05,5.693e-05,5.207e-05,5.363e-05,153366645232.0,8303183.63168601,2896210
2025-11-17,5.363e-05,5.571e-05,5.048e-05,5.133e-05,199206385654.0,10570686.11694544,4079594
2025-11-18,5.134e-05,5.497e-05,5.055e-05,5.404e-05,173832217465.0,9195115.62084232,3256569
2025-11-19,5.403e-05,5.414e-05,4.87e-05,5.19e-05,178187280552.0,9133096.64041987,3119043
2025-11-20,5.19e-05,5.342e-05,4.74e-05,4.826e-05,221788089008.0,11174845.02696803,3489689
2025-11-21,4.827e-05,4.941e-05,4.312e-05,4.621e-05,301671818272.0,13950130.95639631,5845556
2025-11-22,4.621e-05,4.672e-05,4.427e-05,4.542e-05,110975897458.0,5034227.93590628,2506886
2025-11-23,4.541e-05,4.662e-05,4.502e-05,4.544e-05,90955840521.0,4171932.94634003,1530938
2025-11-24,4.544e-05,4.965e-05,4.487e-05,4.886e-05,192310519453.0,9015523.72146552,2848887
2025-11-25,4.886e-05,4.993e-05,4.673e-05,4.931e-05,122975962891.0,5938018.5499824,2050280
2025-11-26,4.931e-05,5.049e-05,4.728e-05,4.978e-05,116273395224.0,5678787.47208735,1684954
2025-11-27,4.978e-05,5.079e-05,4.897e-05,4.974e-05,83062541338.0,4141805.6474878,1007971
2025-11-28,4.973e-05,5.21e-05,4.884e-05,4.902e-05,136823058691.0,6855440.84465805,1810660
2025-11-29,4.903e-05,4.941e-05,4.784e-05,4.809e-05,55114188773.0,2677697.43503174,823713
2025-11-30,4.809e-05,4.909e-05,4.73e-05,4.741e-05,74788949817.0,3601445.98426809,962986
2025-12-01,4.74e-05,4.752e-05,4.183e-05,4.312e-05,203028262181.0,8876403.61178635,2921790
2025-12-02,4.312e-05,4.96e-05,4.276e-05,4.788e-05,154120870507.0,7202330.99049889,2097501
2025-12-03,4.789e-05,5.043e-05,4.679e-05,4.991e-05,123170747525.0,5975080.73192184,1984655
2025-12-04,4.992e-05,5.093e-05,4.733e-05,4.765e-05,115479675058.0,5679211.22884612,1938500
2025-12-05,4.764e-05,4.82e-05,4.408e-05,4.5e-05,145068399510.0,6684153.91714824,2067922
2025-12-06,4.5e-05,4.724e-05,4.447e-05,4.668e-05,84542724863.0,3876165.6909604,1093925
2025-12-07,4.668e-05,4.782e-05,4.469e-05,4.527e-05,137770027447.0,6391738.50602022,2104485
2025-12-08,4.528e-05,5.155e-05,4.507e-05,4.885e-05,265148939825.0,12924967.16160068,3073905
2025-12-09,4.886e-05,5.292e-05,4.776e-05,5.09e-05,289261882562.0,14632404.21993226,3427134
2025-12-10,5.09e-05,5.247e-05,4.922e-05,4.942e-05,173419191043.0,8750620.23573679,3012513
2025-12-11,4.941e-05,4.954e-05,4.554e-05,4.774e-05,164954788982.0,7764813.40626376,2657031
2025-12-12,4.774e-05,4.865e-05,4.48e-05,4.613e-05,119773233157.0,5583353.45891408,1989530
2025-12-13,4.614e-05,4.704e-05,4.614e-05,4.637e-05,45208732140.0,2107075.51265239,620428
2025-12-14,4.636e-05,4.647e-05,4.385e-05,4.45e-05,75478399172.0,3408544.87600752,1082312
2025-12-15,4.45e-05,4.622e-05,4.151e-05,4.277e-05,141800484501.0,6195049.42620442,2382087
2025-12-16,4.277e-05,4.36e-05,4.158e-05,4.276e-05,123373289911.0,5272928.0435488,1878594
2025-12-17,4.276e-05,4.44e-05,3.991e-05,4.044e-05,152122779963.0,6383873.40440534,2395842
2025-12-18,4.043e-05,4.17e-05,3.769e-05,3.844e-05,184240951317.0,7305341.32939771,2613341
2025-12-19,3.845e-05,4.238e-05,3.827e-05,4.157e-05,122022741375.0,4968568.53877121,1959467
2025-12-20,4.157e-05,4.184e-05,4.09e-05,4.111e-05,46303562273.0,1912899.3196386,505257
2025-12-21,4.11e-05,4.141e-05,3.984e-05,4.068e-05,63362412494.0,2574532.29153252,894961
2025-12-22,4.069e-05,4.171e-05,3.984e-05,4.048e-05,103430931104.0,4220564.04590317,1653460
2025-12-23,4.049e-05,4.081e-05,3.929e-05,4.015e-05,75350065024.0,3021081.68008414,1170777
2025-12-24,4.015e-05,4.056e-05,3.895e-05,4.032e-05,57203901808.0,2272069.37568736,865997
2025-12-25,4.032e-05,4.115e-05,3.913e-05,3.924e-05,60504198934.0,2443926.72433086,625494
2025-12-26,3.924e-05,4.091e-05,3.906e-05,4.006e-05,80703281794.0,3228406.58545505,1114020
2025-12-27,4.005e-05,4.107e-05,3.955e-05,4.089e-05,44869089966.0,1803282.38006146,417912
2025-12-28,4.09e-05,4.133e-05,4.009e-05,4.074e-05,70795603080.0,2877205.79383122,635399
2025-12-29,4.075e-05,4.187e-05,3.912e-05,3.926e-05,120831406684.0,4869520.16439227,1440488
2025-12-30,3.926e-05,4.036e-05,3.907e-05,4.014e-05,73770322018.0,2922259.23856588,929421
2025-12-31,4.013e-05,4.022e-05,3.861e-05,3.942e-05,83321487286.0,3292059.12625846,875487
2026-01-01,3.943e-05,4.478e-05,3.938e-05,4.424e-05,158413132713.0,6695048.37532052,1047622
2026-01-02,4.425e-05,4.961e-05,4.328e-05,4.862e-05,479486867729.0,22490665.02648682,3828352
2026-01-03,4.862e-05,5.245e-05,4.671e-05,5.076e-05,351975080804.0,17437768.68248244,2544330
2026-01-04,5.076e-05,5.96e-05,5.073e-05,5.729e-05,537516995385.0,30255975.70924926,5284030
2026-01-05,5.729e-05,6.121e-05,5.53e-05,5.796e-05,358284434540.0,20569374.21715621,3976920
2026-01-06,5.796e-05,6.192e-05,5.541e-05,5.71e-05,320836701433.0,18726453.95961182,3991450
2026-01-07,5.71e-05,5.88e-05,5.458e-05,5.504e-05,214301958815.0,12042220.07110804,2847612
2026-01-08,5.504e-05,5.547e-05,5.136e-05,5.339e-05,191324415036.0,10208518.42307279,2589657
2026-01-09,5.339e-05,5.472e-05,5.238e-05,5.263e-05,146779712441.0,7835811.65207253,2344839
2026-01-10,5.263e-05,5.267e-05,5.111e-05,5.154e-05,63527847548.0,3298452.93794629,764318
2026-01-11,5.153e-05,5.269e-05,5.017e-05,5.11e-05,77530662378.0,4005368.69998267,1090977
2026-01-12,5.111e-05,5.27e-05,4.959e-05,5.052e-05,147920587010.0,7568168.50267421,2489861
2026-01-13,5.052e-05,5.657e-05,5.029e-05,5.517e-05,199230076533.0,10532812.52081263,2379282
2026-01-14,5.517e-05,5.584e-05,5.311e-05,5.334e-05,205172441836.0,11162577.09548316,2671842
2026-01-15,5.335e-05,5.336e-05,4.924e-05,5.004e-05,135440359184.0,6946372.7303506,1913498
2026-01-16,5.004e-05,5.195e-05,4.849e-05,5.16e-05,115784696862.0,5806575.36790236,1314329
2026-01-17,5.161e-05,5.167e-05,4.994e-05,5.022e-05,68694756771.0,3498444.48537929,806548
2026-01-18,5.022e-05,5.064e-05,4.664e-05,4.675e-05,101842949797.0,4980852.22495665,1105101
2026-01-19,4.675e-05,4.676e-05,4.17e-05,4.532e-05,127126919420.0,5634306.73570473,1596469
2026-01-20,4.532e-05,4.565e-05,4.213e-05,4.236e-05,131425529739.0,5777108.50161061,1857524
2026-01-21,4.236e-05,4.534e-05,4.215e-05,4.405e-05,140792248628.0,6148674.76988062,2154830
2026-01-22,4.405e-05,4.507e-05,4.25e-05,4.326e-05,82318776100.0,3604751.30708459,1303281
2026-01-23,4.326e-05,4.498e-05,4.253e-05,4.333e-05,88416164790.0,3859338.30714234,1482080
2026-01-24,4.333e-05,4.363e-05,4.266e-05,4.305e-05,33857379749.0,1462372.80084611,464524
2026-01-25,4.305e-05,4.322e-05,3.959e-05,4.05e-05,83395822780.0,3461429.73542663,1330326
2026-01-26,4.049e-05,4.241e-05,4.049e-05,4.161e-05,84496327338.0,3519283.30830568,1381631
2026-01-27,4.162e-05,4.251e-05,4.105e-05,4.21e-05,71250280333.0,2977994.80972634,1047536
2026-01-28,4.209e-05,4.247e-05,4.116e-05,4.168e-05,82114745853.0,3433973.99766872,1257282
2026-01-29,4.169e-05,4.179e-05,3.812e-05,3.908e-05,138008792692.0,5459193.20164043,1794777
2026-01-30,3.909e-05,3.984e-05,3.74e-05,3.925e-05,199269683201.0,7692860.13548721,2797791
2026-01-31,3.926e-05,3.927e-05,3.193e-05,3.473e-05,334592612645.0,11648338.10557741,3403738
2026-02-01,3.473e-05,3.552e-05,3.305e-05,3.392e-05,165620979727.0,5706319.84413625,2559295
2026-02-02,3.393e-05,3.69e-05,3.273e-05,3.564e-05,235493871452.0,8155650.3373302,3323889
2026-02-03,3.564e-05,3.688e-05,3.329e-05,3.461e-05,205949173814.0,7219336.78013667,2619704
2026-02-04,3.46e-05,3.557e-05,3.321e-05,3.385e-05,192628432899.0,6591700.59473866,2748183
2026-02-05,3.386e-05,3.435e-05,2.815e-05,2.853e-05,363152184634.0,11172349.54685677,5635771
2026-02-06,2.852e-05,3.339e-05,2.557e-05,3.237e-05,296998165814.0,8855130.57765596,3806124
2026-02-07,3.238e-05,3.261e-05,3.071e-05,3.18e-05,159408075669.0,5080009.40536654,1806062
2026-02-08,3.181e-05,3.204e-05,3.076e-05,3.104e-05,87152760451.0,2739370.459514,1082980
2026-02-09,3.104e-05,3.143e-05,2.969e-05,3.088e-05,91989031441.0,2824586.29165845,1227370
2026-02-10,3.089e-05,3.1e-05,2.948e-05,2.991e-05,106266297086.0,3181733.78701157,995337
2026-02-11,2.991e-05,3.024e-05,2.827e-05,2.907e-05,118503165750.0,3445380.76633962,1386092
2026-02-12,2.907e-05,3.069e-05,2.901e-05,3.002e-05,107220871488.0,3196683.2983833,1260946
2026-02-13,3.002e-05,3.12e-05,2.922e-05,3.051e-05,87298001585.0,2644527.03763986,1003438
2026-02-14,3.051e-05,3.598e-05,3.046e-05,3.515e-05,202774435691.0,6788016.76743663,1503354
2026-02-15,3.515e-05,3.543e-05,3.118e-05,3.203e-05,201108783924.0,6730865.28993085,2016426
2026-02-16,3.203e-05,3.308e-05,3.136e-05,3.222e-05,114846415401.0,3682830.72980285,1343066
2026-02-17,3.222e-05,3.251e-05,3.134e-05,3.175e-05,68722618976.0,2192346.08815364,1116404
2026-02-18,3.175e-05,3.221e-05,3.025e-05,3.044e-05,79827868130.0,2499969.37810383,922941
2026-02-19,3.044e-05,3.089e-05,2.942e-05,3.003e-05,97689667611.0,2935809.33582088,967446
2026-02-20,3.002e-05,3.141e-05,2.933e-05,3.065e-05,114703654868.0,3500336.2245572,1419520
2026-02-21,3.065e-05,3.12e-05,2.993e-05,3.007e-05,60628554298.0,1855809.78145177,573772
2026-02-22,3.007e-05,3.007e-05,2.887e-05,2.917e-05,51370000386.0,1512821.74330656,438042
2026-02-23,2.916e-05,2.946e-05,2.748e-05,2.808e-05,108172597554.0,3058750.92498709,1175291
2026-02-24,2.809e-05,2.839e-05,2.743e-05,2.788e-05,71025491129.0,1979926.77483283,849331
2026-02-25,2.789e-05,3.226e-05,2.784e-05,3.047e-05,192677370464.0,5850584.53365794,1500567
2026-02-26,3.046e-05,3.059e-05,2.837e-05,2.905e-05,134449767278.0,3963304.1158862,1319364
2026-02-27,2.904e-05,3.031e-05,2.797e-05,2.853e-05,115912565298.0,3381918.28519972,1095584
2026-02-28,2.852e-05,2.878e-05,2.636e-05,2.787e-05,240598302289.0,6582422.7997724,1575422
2026-03-01,2.788e-05,2.946e-05,2.667e-05,2.718e-05,159460236185.0,4441373.12578424,1466909
2026-03-02,2.718e-05,2.96e-05,2.697e-05,2.806e-05,182568257689.0,5151475.16805035,1908186
2026-03-03,2.806e-05,2.882e-05,2.714e-05,2.81e-05,150735443313.0,4209825.05373567,1768914
2026-03-04,2.811e-05,3.061e-05,2.782e-05,2.949e-05,188433119308.0,5503167.14965967,1877394
2026-03-05,2.949e-05,2.981e-05,2.827e-05,2.909e-05,126696999257.0,3689339.21547212,1352446
2026-03-06,2.909e-05,2.932e-05,2.733e-05,2.811e-05,106089483747.0,3005426.40470197,895189
2026-03-07,2.811e-05,2.831e-05,2.749e-05,2.771e-05,54158793689.0,1505870.56489253,366647
2026-03-08,2.771e-05,2.821e-05,2.696e-05,2.745e-05,69534484963.0,1908012.56630161,688905
2026-03-09,2.745e-05,2.918e-05,2.735e-05,2.829e-05,107212642031.0,3025828.66578404,1154887
2026-03-10,2.829e-05,3.076e-05,2.828e-05,2.907e-05,152399785829.0,4486748.26400541,1288494
2026-03-11,2.906e-05,2.999e-05,2.86e-05,2.94e-05,88180374902.0,2589554.17028934,914460
2026-03-12,2.941e-05,3.04e-05,2.887e-05,3.012e-05,85713763492.0,2541359.85084586,781637
2026-03-13,3.012e-05,3.152e-05,2.971e-05,2.999e-05,162014886150.0,4955804.7388743,1229098
2026-03-14,2.998e-05,3.034e-05,2.922e-05,2.961e-05,49318909291.0,1465385.06399407,402503
2026-03-15,2.961e-05,3.028e-05,2.942e-05,3.011e-05,55719809686.0,1661541.43140767,456290
2026-03-16,3.012e-05,3.304e-05,3.006e-05,3.246e-05,241048887594.0,7674510.59762025,1700567
2026-03-17,3.246e-05,3.269e-05,3.074e-05,3.106e-05,127886557898.0,4030070.50452679,1019451
2026-03-18,3.106e-05,3.213e-05,2.935e-05,2.993e-05,120633798353.0,3674512.41750666,980843
2026-03-19,2.993e-05,3.03e-05,2.888e-05,2.98e-05,77714682604.0,2292485.20440136,661342
2026-03-20,2.98e-05,3.065e-05,2.935e-05,2.97e-05,82648127039.0,2475849.42762656,757218
2026-03-21,2.971e-05,3.01e-05,2.868e-05,2.893e-05,42719115272.0,1265504.47858098,317375
2026-03-22,2.893e-05,2.928e-05,2.786e-05,2.827e-05,75380091561.0,2155418.99659324,660467
2026-03-23,2.828e-05,3.024e-05,2.799e-05,2.95e-05,123655727351.0,3620977.34695054,1104345
2026-03-24,2.95e-05,3.003e-05,2.9e-05,2.997e-05,97524035979.0,2880817.97276485,747818
2026-03-25,2.998e-05,3.118e-05,2.986e-05,3.034e-05,96116662641.0,2935448.36986272,600479
2026-03-26,3.035e-05,3.039e-05,2.839e-05,2.892e-05,88993522243.0,2590028.84124853,526820
2026-03-27,2.891e-05,2.923e-05,2.757e-05,2.767e-05,55226910398.0,1557242.30274459,507162
2026-03-28,2.766e-05,2.877e-05,2.743e-05,2.76e-05,52293344838.0,1464083.44478357,347234
2026-03-29,2.76e-05,2.773e-05,2.656e-05,2.718e-05,50634976133.0,1383395.53086853,385771
2026-03-30,2.719e-05,2.871e-05,2.718e-05,2.748e-05,71405641056.0,1999484.41537372,585223
2026-03-31,2.749e-05,2.812e-05,2.717e-05,2.784e-05,66109458838.0,1826996.15392408,604237
2026-04-01,2.783e-05,2.869e-05,2.767e-05,2.778e-05,58089764760.0,1638318.28559048,565108
2026-04-02,2.779e-05,2.808e-05,2.613e-05,2.654e-05,81373123917.0,2177883.14204159,769106
2026-04-03,2.654e-05,2.747e-05,2.633e-05,2.671e-05,48796770828.0,1315637.35015026,473191
2026-04-04,2.671e-05,2.743e-05,2.643e-05,2.718e-05,46871949165.0,1258363.02487416,293106
2026-04-05,2.719e-05,2.726e-05,2.62e-05,2.719e-05,45628057875.0,1212557.75002606,367780
2026-04-06,2.72e-05,2.801e-05,2.671e-05,2.684e-05,91528547816.0,2528098.13588583,680789
2026-04-07,2.683e-05,2.907e-05,2.664e-05,2.887e-05,71672924598.0,1977456.46041175,653171
2026-04-08,2.888e-05,2.899e-05,2.746e-05,2.754e-05,70123935674.0,1990929.38105788,536716
2026-04-09,2.753e-05,2.904e-05,2.724e-05,2.84e-05,71045294691.0,1995271.00763893,563756
2026-04-10,2.841e-05,3.027e-05,2.815e-05,2.944e-05,122149851121.0,3567848.08618328,822818
2026-04-11,2.944e-05,3.014e-05,2.877e-05,2.919e-05,85908599836.0,2518403.17013267,511834
2026-04-12,2.919e-05,2.921e-05,2.739e-05,2.748e-05,83362823829.0,2334457.33494128,516153
2026-04-13,2.748e-05,2.976e-05,2.739e-05,2.971e-05,70710150461.0,2006096.43989309,547912
2026-04-14,2.972e-05,2.998e-05,2.78e-05,2.799e-05,125436621979.0,3617517.97816343,771900
2026-04-15,2.798e-05,2.938e-05,2.781e-05,2.898e-05,76908449415.0,2200861.60096492,592654
2026-04-16,2.899e-05,3.274e-05,2.882e-05,3.207e-05,365073244928.0,11305754.2430194,2040921
2026-04-17,3.207e-05,3.341e-05,3.082e-05,3.225e-05,244916435617.0,7886071.5915141,1589688
2026-04-18,3.224e-05,3.249e-05,3.053e-05,3.071e-05,161821970734.0,5082805.03194969,963921
2026-04-19,3.071e-05,3.255e-05,2.99e-05,3.039e-05,275561834764.0,8563412.33757849,1402430
2026-04-20,3.039e-05,3.203e-05,3.029e-05,3.135e-05,150166206071.0,4712005.24326351,1092132
2026-04-21,3.135e-05,3.187e-05,3.05e-05,3.131e-05,104451071295.0,3266284.56040555,798725
2026-04-22,3.131e-05,3.424e-05,3.111e-05,3.236e-05,210960756979.0,6974195.35223632,1133068
2026-04-23,3.236e-05,3.455e-05,3.175e-05,3.378e-05,225304942771.0,7446257.34528586,1077787
2026-04-24,3.379e-05,3.395e-05,3.28e-05,3.3e-05,85591257412.0,2852628.87471068,788298
2026-04-25,3.299e-05,3.326e-05,3.188e-05,3.225e-05,58169156702.0,1900389.26385823,488572
2026-04-26,3.224e-05,3.334e-05,3.197e-05,3.297e-05,56232830471.0,1843858.7693127,499954
2026-04-27,3.297e-05,3.388e-05,3.145e-05,3.223e-05,118347394987.0,3836440.45145531,985043
2026-04-28,3.222e-05,3.254e-05,3.157e-05,3.192e-05,68368034942.0,2187818.57655219,750778
2026-04-29,3.191e-05,3.437e-05,3.109e-05,3.232e-05,189110546957.0,6194724.62781122,1238583
2026-04-30,3.232e-05,3.284e-05,3.169e-05,3.207e-05,84824599688.0,2739251.2075688,750472
2026-05-01,3.207e-05,3.31e-05,3.206e-05,3.223e-05,81783590202.0,2670130.0481137,671242
2026-05-02,3.223e-05,3.267e-05,3.189e-05,3.243e-05,51768049820.0,1672283.24737004,379293
2026-05-03,3.244e-05,3.249e-05,3.164e-05,3.189e-05,47909391221.0,1530078.79929615,389684
2026-05-04,3.188e-05,3.304e-05,3.159e-05,3.182e-05,117009145073.0,3771301.8194799,885813
2026-05-05,3.183e-05,3.36e-05,3.183e-05,3.299e-05,146140970485.0,4816915.55389083,818526
2026-05-06,3.298e-05,3.435e-05,3.28e-05,3.358e-05,142890807624.0,4806818.40760302,1121270
2026-05-07,3.357e-05,3.605e-05,3.285e-05,3.503e-05,233108057178.0,8108169.48200424,1493889
2026-05-08,3.503e-05,3.743e-05,3.47e-05,3.692e-05,160921752194.0,5817764.61185104,1205105
2026-05-09,3.691e-05,3.744e-05,3.581e-05,3.599e-05,77031549041.0,2808511.58431072,617881
2026-05-10,3.598e-05,3.834e-05,3.556e-05,3.734e-05,136036341647.0,5020223.77489079,1038928
2026-05-11,3.735e-05,3.766e-05,3.612e-05,3.705e-05,96457204641.0,3564295.02724775,973336
2026-05-12,3.704e-05,3.706e-05,3.465e-05,3.531e-05,109530850378.0,3913358.69021872,974281
2026-05-13,3.531e-05,3.703e-05,3.368e-05,3.399e-05,125342897530.0,4420933.21264807,894588
2026-05-14,3.398e-05,3.597e-05,3.352e-05,3.495e-05,96990176075.0,3387500.84811364,796261
2026-05-15,3.495e-05,3.525e-05,3.239e-05,3.294e-05,119136662476.0,4018432.19073174,770256
2026-05-16,3.294e-05,3.315e-05,3.111e-05,3.172e-05,80166257151.0,2556141.607977,474242
2026-05-17,3.172e-05,3.214e-05,2.985e-05,3.066e-05,64434678917.0,2014313.62994846,448096
2026-05-18,3.066e-05,3.066e-05,2.948e-05,3.032e-05,92865151581.0,2792026.52219571,728742
2026-05-19,3.033e-05,3.06e-05,2.949e-05,2.963e-05,63013542599.0,1893663.97379651,463950
2026-05-20,2.962e-05,3.062e-05,2.94e-05,3.013e-05,71785229958.0,2170885.86009456,492237
2026-05-21,3.013e-05,3.101e-05,2.994e-05,3.082e-05,68419562645.0,2086880.86549986,509191
2026-05-22,3.082e-05,3.11e-05,2.867e-05,2.893e-05,90067449794.0,2711484.37238883,728361
2026-05-23,2.894e-05,3.045e-05,2.796e-05,2.983e-05,75209653729.0,2178496.56861714,582345
2026-05-24,2.983e-05,3.015e-05,2.875e-05,2.929e-05,40093508395.0,1181964.43576602,363802
2026-05-25,2.929e-05,3.008e-05,2.915e-05,2.956e-05,44077887646.0,1307267.69159304,266797
2026-05-26,2.956e-05,3.023e-05,2.884e-05,2.909e-05,63305544859.0,1860089.52008329,471959
2026-05-27,2.908e-05,2.951e-05,2.82e-05,2.835e-05,75842301443.0,2195287.6696729,449345
2026-05-28,2.835e-05,2.845e-05,2.675e-05,2.75e-05,90966157705.0,2493615.47370805,579822
2026-05-29,2.751e-05,2.811e-05,2.688e-05,2.761e-05,62213616406.0,1717310.57397043,471444
2026-05-30,2.762e-05,2.865e-05,2.755e-05,2.828e-05,51666499358.0,1453896.3541855,319455
2026-05-31,2.83e-05,2.985e-05,2.795e-05,2.874e-05,88247576477.0,2534003.38494989,531810
2026-06-01,2.875e-05,2.933e-05,2.775e-05,2.874e-05,88595254004.0,2523053.14171704,781363
2026-06-02,2.873e-05,2.874e-05,2.592e-05,2.648e-05,108065340663.0,2933365.21601547,666883
2026-06-03,2.649e-05,2.76e-05,2.59e-05,2.641e-05,92318265217.0,2477258.22188334,855449
2026-06-04,2.64e-05,2.666e-05,2.411e-05,2.501e-05,164596427283.0,4127611.74668013,1400702
2026-06-05,2.501e-05,2.501e-05,2.237e-05,2.334e-05,190033469438.0,4491594.08484222,1330489
2026-06-06,2.334e-05,2.376e-05,2.2e-05,2.33e-05,75847065762.0,1750511.03180027,208576
2026-06-07,2.33e-05,2.555e-05,2.326e-05,2.48e-05,88527827099.0,2158180.58976864,171208
2026-06-08,2.48e-05,2.52e-05,2.407e-05,2.43e-05,64367691997.0,1590645.7598399,158734
2026-06-09,2.43e-05,2.473e-05,2.358e-05,2.421e-05,63095170124.0,1524382.91398899,134589
2026-06-10,2.421e-05,2.494e-05,2.359e-05,2.417e-05,58714248227.0,1421215.31736372,155765
2026-06-11,2.417e-05,2.517e-05,2.417e-05,2.472e-05,55793821461.0,1380641.20122471,124133
2026-06-12,2.472e-05,2.572e-05,2.433e-05,2.485e-05,56399808163.0,1409810.20886305,103221
2026-06-13,2.485e-05,2.537e-05,2.455e-05,2.514e-05,32090533962.0,801757.77009221,57040
2026-06-14,2.513e-05,2.551e-05,2.442e-05,2.55e-05,33220652603.0,829940.05458648,62643
2026-06-15,2.55e-05,2.78e-05,2.548e-05,2.63e-05,97540251819.0,2607192.71756652,165018
2026-06-16,2.63e-05,2.692e-05,2.56e-05,2.637e-05,72956781350.0,1923703.89768823,132960
2026-06-17,2.638e-05,2.695e-05,2.55e-05,2.599e-05,79893362264.0,2100361.43248566,176631
2026-06-18,2.599e-05,2.785e-05,2.549e-05,2.741e-05,186919176262.0,4952117.2732148,285666
2026-06-19,2.742e-05,2.76e-05,2.531e-05,2.593e-05,102497834413.0,2696020.50354866,178896
2026-06-20,2.593e-05,2.614e-05,2.528e-05,2.579e-05,42813807783.0,1100118.83045896,108267
2026-06-21,2.579e-05,2.598e-05,2.513e-05,2.516e-05,27220267679.0,698558.37540618,73626
2026-06-22,2.516e-05,2.609e-05,2.47e-05,2.497e-05,56520229571.0,1437259.40394139,126026
2026-06-23,2.497e-05,2.555e-05,2.346e-05,2.398e-05,75044842829.0,1812556.69001354,153898
2026-06-24,2.398e-05,2.42e-05,2.188e-05,2.308e-05,61699643479.0,1418067.57536511,109826
2026-06-25,2.307e-05,2.372e-05,2.113e-05,2.207e-05,101587656374.0,2251135.22924454,128752
2026-06-26,2.207e-05,2.245e-05,2.132e-05,2.218e-05,68980351995.0,1521030.91045141,101960
2026-06-27,2.219e-05,2.23e-05,2.149e-05,2.164e-05,45141578881.0,989907.33722875,53017
2026-06-28,2.163e-05,2.188e-05,2.118e-05,2.148e-05,28695828467.0,619294.81261479,52557
2026-06-29,2.148e-05,2.265e-05,2.131e-05,2.225e-05,41206912399.0,910243.86431435,85228
2026-06-30,2.225e-05,2.239e-05,2.145e-05,2.153e-05,35563712503.0,778726.47373551,56641
2026-07-01,2.154e-05,2.218e-05,2.103e-05,2.166e-05,41981605546.0,910657.95499745,73589
2026-07-02,2.167e-05,2.265e-05,2.15e-05,2.215e-05,60638447471.0,1345351.58682772,70537
2026-07-03,2.216e-05,2.455e-05,2.207e-05,2.419e-05,77218532679.0,1797013.8374677,87179
2026-07-04,2.418e-05,2.466e-05,2.357e-05,2.382e-05,70918776461.0,1704776.32097251,99400
2026-07-05,2.383e-05,2.426e-05,2.325e-05,2.392e-05,65261523527.0,1548963.77557352,77893
2026-07-06,2.393e-05,2.405e-05,2.267e-05,2.349e-05,55914407392.0,1307172.59003952,90056
2026-07-07,2.35e-05,2.364e-05,2.272e-05,2.286e-05,62259978500.0,1441070.77460386,74663
2026-07-08,2.287e-05,2.303e-05,2.21e-05,2.247e-05,42158895618.0,946610.86589715,68125
2026-07-09,2.248e-05,2.312e-05,2.223e-05,2.256e-05,37604985024.0,854794.76942204,45404
2026-07-10,2.256e-05,2.381e-05,2.248e-05,2.345e-05,56545972993.0,1310406.70488507,72345
2026-07-11,2.344e-05,2.362e-05,2.273e-05,2.273e-05,22915824754.0,533651.71332124,46104
2026-07-12,2.273e-05,2.293e-05,2.225e-05,2.239e-05,26525401134.0,600737.93592385,40992
2026-07-13,2.238e-05,2.276e-05,2.166e-05,2.195e-05,38593273135.0,849990.87811242,60846
2026-07-14,2.195e-05,2.261e-05,2.18e-05,2.238e-05,32589745365.0,722371.82239619,49634
2026-07-15,2.239e-05,2.272e-05,2.213e-05,2.215e-05,28872867938.0,646892.58183525,46274
2026-07-16,2.215e-05,2.227e-05,2.157e-05,2.159e-05,44865151248.0,983380.43031305,65237
2026-07-17,2.16e-05,2.181e-05,2.127e-05,2.157e-05,23868809822.0,514166.50248253,53220
2026-07-18,2.158e-05,2.16e-05,2.085e-05,2.091e-05,54110269115.0,1144521.8731058,67363
2026-07-19,2.091e-05,2.137e-05,2.075e-05,2.12e-05,38177415844.0,805296.54123696,49096
2026-07-20,2.12e-05,2.157e-05,2.082e-05,2.142e-05,32685155386.0,695189.3377774,58540
2026-07-21,2.142e-05,2.171e-05,2.12e-05,2.14e-05,50486846281.0,1083315.33752741,50681
2026-07-22,2.14e-05,2.17e-05,2.112e-05,2.157e-05,45136936354.0,967054.24708777,42847
2026-07-23,2.157e-05,2.189e-05,2.09e-05,2.12e-05,31341529352.0,669620.27802003,52629
2026-07-24,2.119e-05,2.146e-05,2.064e-05,2.086e-05,46692343655.0,978798.88252195,84114
2026-07-25,2.085e-05,2.258e-05,2.083e-05,2.201e-05,110102404126.0,2401704.53756112,183031
2026-07-26,2.202e-05,2.336e-05,2.197e-05,2.246e-05,127208083396.0,2869679.19846634,190388
2026-07-27,2.246e-05,2.253e-05,2.052e-05,2.073e-05,76650165966.0,1655866.77166088,99384
2026-07-28,2.073e-05,2.123e-05,2.041e-05,2.086e-05,41132251043.0,854141.25264161,56969
2026-07-29,2.086e-05,2.093e-05,1.998e-05,2.034e-05,42715915278.0,874104.75145542,68661
2026-07-30,2.035e-05,2.079e-05,2.01e-05,2.052e-05,67448201048.0,1375813.30586988,69611
2026-07-31,2.052e-05,2.075e-05,2.004e-05,2.04e-05,38215976453.0,780600.5905484,56050
2026-08-01,2.041e-05,2.083e-05,1.988e-05,2.019e-05,68311783210.0,1391763.08152345,106408
2026-08-02,2.02e-05,2.074e-05,2.015e-05,2.055e-05,27009246476.0,554367.33611789,37445
2026-08-03,2.055e-05,2.07e-05,2.013e-05,2.056e-05,33459214582.0,684434.46250522,41527
2026-08-04,2.055e-05,2.077e-05,2.032e-05,2.056e-05,23477735208.0,482370.40688083,30162
2026-08-05,2.057e-05,2.077e-05,2.036e-05,2.06e-05,27236147438.0,561142.03268235,42295
2026-08-06,2.06e-05,2.151e-05,2.047e-05,2.119e-05,46750330589.0,977406.68835845,51931
2026-08-07,2.118e-05,2.144e-05,2.082e-05,2.096e-05,40771098735.0,857836.60409735,45594
2026-08-08,2.095e-05,2.146e-05,2.088e-05,2.114e-05,20041122755.0,424678.06588945,27606
2026-08-09,2.113e-05,2.184e-05,2.102e-05,2.13e-05,45949108495.0,985404.67903674,19049
2026-08-10,2.129e-05,2.173e-05,2.084e-05,2.088e-05,53811025199.0,1144453.00865404,14342
2026-08-11,2.086e-05,2.099e-05,2.023e-05,2.068e-05,38076176076.0,786395.49733335,11937
2026-08-12,2.067e-05,2.078e-05,2.01e-05,2.028e-05,36790279807.0,752995.1434194,11109
2026-08-13,2.027e-05,2.091e-05,2.013e-05,2.039e-05,23085601887.0,470788.78233783,7030
2026-08-14,2.04e-05,2.053e-05,2.012e-05,2.032e-05,21122960289.0,428849.76231325,6727
2026-08-15,2.032e-05,2.076e-05,2.027e-05,2.036e-05,35785453806.0,734403.86482042,8678
2026-08-16,2.035e-05,2.043e-05,2e-05,2.007e-05,12279611351.0,248555.91625838,5168
2026-08-17,2.007e-05,2.038e-05,2.004e-05,2.024e-05,14136858161.0,286510.90777533,6941
2026-08-18,2.024e-05,2.025e-05,1.966e-05,2.003e-05,25850890521.0,515849.11426465,8347
2026-08-19,2.004e-05,2.238e-05,1.99e-05,2.175e-05,86690790797.0,1840218.66024148,29438
2026-08-20,2.176e-05,2.364e-05,2.149e-05,2.341e-05,109474957107.0,2495806.61930269,39161
2026-08-21,2.343e-05,3.049e-05,2.335e-05,2.912e-05,310192406913.0,8358629.00205211,126995
2026-08-22,2.913e-05,3.131e-05,2.537e-05,2.694e-05,285316846679.0,8068039.77163641,129840
2026-08-23,2.692e-05,2.86e-05,2.535e-05,2.767e-05,127516960791.0,3444870.63399762,56600
2026-08-24,2.766e-05,2.817e-05,2.649e-05,2.692e-05,159689020633.0,4347465.78760973,63386
2026-08-25,2.691e-05,2.844e-05,2.578e-05,2.622e-05,120210583183.0,3252897.77946872,50898
2026-08-26,2.623e-05,2.709e-05,2.508e-05,2.702e-05,99152784820.0,2592417.43124074,30446
2026-08-27,2.703e-05,2.739e-05,2.62e-05,2.672e-05,89536775285.0,2401704.1118252,24948
2026-08-28,2.672e-05,2.717e-05,2.49e-05,2.544e-05,72227478532.0,1862579.90606796,21382
2026-08-29,2.544e-05,2.564e-05,2.511e-05,2.542e-05,17483676338.0,444092.86027576,7518
2026-08-30,2.544e-05,2.578e-05,2.354e-05,2.391e-05,49974860559.0,1246461.02845213,19414
2026-08-31,2.387e-05,2.451e-05,2.379e-05,2.42e-05,31332070360.0,758086.91706538,10966
2026-09-01,2.42e-05,2.489e-05,2.359e-05,2.396e-05,46795733683.0,1135485.78432938,14516
2026-09-02,2.397e-05,2.43e-05,2.344e-05,2.403e-05,40438162502.0,968292.25533272,14280
2026-09-03,2.403e-05,2.625e-05,2.381e-05,2.556e-05,107938409675.0,2736607.36737377,23198
2026-09-04,2.556e-05,2.716e-05,2.45e-05,2.514e-05,171227116268.0,4414682.12070828,42414
2026-09-05,2.514e-05,2.747e-05,2.509e-05,2.634e-05,135068610454.0,3567143.99690144,35951
2026-09-06,2.635e-05,2.68e-05,2.559e-05,2.636e-05,69421131180.0,1820036.36054877,20643
2026-09-07,2.636e-05,2.694e-05,2.567e-05,2.625e-05,65847102266.0,1731125.82760404,19061
2026-09-08,2.626e-05,2.687e-05,2.566e-05,2.625e-05,74088453675.0,1953966.20387048,19429
2026-09-09,2.624e-05,2.654e-05,2.434e-05,2.484e-05,87406043271.0,2241561.98633813,25922
2026-09-10,2.484e-05,2.49e-05,2.359e-05,2.37e-05,60234294147.0,1457726.68070656,19672
2026-09-11,2.37e-05,2.569e-05,2.37e-05,2.456e-05,75779420221.0,1864021.17643932,21787
2026-09-12,2.456e-05,2.517e-05,2.452e-05,2.473e-05,23576101043.0,585716.87898043,10950
2026-09-13,2.472e-05,2.488e-05,2.396e-05,2.426e-05,31724302947.0,775196.82084241,11329
2026-09-14,2.429e-05,2.535e-05,2.407e-05,2.461e-05,56579166580.0,1405037.55745693,15723
2026-09-15,2.462e-05,2.468e-05,2.304e-05,2.328e-05,68670906237.0,1635914.47705377,18208
2026-09-16,2.329e-05,2.369e-05,2.257e-05,2.366e-05,44840351471.0,1036135.40996107,10976
2026-09-17,2.366e-05,2.483e-05,2.346e-05,2.422e-05,56454789554.0,1362675.00849858,13427
2026-09-18,2.423e-05,2.609e-05,2.422e-05,2.57e-05,107782526485.0,2727398.09892384,29485
2026-09-19,2.571e-05,2.7e-05,2.525e-05,2.622e-05,97365432805.0,2544738.91535988,23253
2026-09-20,2.622e-05,2.645e-05,2.506e-05,2.578e-05,65761136991.0,1683322.21592236,20252
2026-09-21,2.576e-05,3.008e-05,2.562e-05,2.903e-05,270258919811.0,7630108.57404837,49752
2026-09-22,2.9e-05,3.057e-05,2.847e-05,3.032e-05,235966687977.0,6997488.22039308,60956
2026-09-23,3.032e-05,3.092e-05,2.68e-05,2.724e-05,225833593030.0,6521286.30324827,53293
2026-09-24,2.726e-05,2.896e-05,2.674e-05,2.838e-05,113876581461.0,3180201.33682743,28099
2026-09-25,2.84e-05,2.901e-05,2.783e-05,2.881e-05,89564749980.0,2548452.74751104,23808
2026-09-26,2.882e-05,2.977e-05,2.824e-05,2.899e-05,62715473369.0,1810710.48958712,18414
2026-09-27,2.898e-05,2.96e-05,2.811e-05,2.857e-05,79892959121.0,2298103.44230607,17857
2026-09-28,2.859e-05,2.902e-05,2.664e-05,2.699e-05,103671007055.0,2846809.7389613,28342
2026-09-29,2.699e-05,2.794e-05,2.605e-05,2.74e-05,85774052951.0,2332432.27043867,17395
2026-09-30,2.741e-05,2.884e-05,2.719e-05,2.769e-05,93944832341.0,2628828.29777304,36496
2026-10-01,2.772e-05,2.808e-05,2.707e-05,2.782e-05,56010725946.0,1547511.11708652,18045
2026-10-02,2.78e-05,2.873e-05,2.624e-05,2.723e-05,91984814901.0,2544552.06066949,29924
2026-10-03,2.721e-05,2.781e-05,2.691e-05,2.749e-05,31037818971.0,848364.97389714,8557
2026-10-04,2.749e-05,2.75e-05,2.719e-05,2.722e-05,2888754075.0,78967.09736591,818
