date,open,high,low,close,volume,quote_volume,trades
2021-12-23,0.138,0.2,0.138,0.1681,576317383.2,93061999.54509,220780
2021-12-24,0.1681,0.18,0.151,0.1575,326809391.9,54513090.16388,165274
2021-12-25,0.1575,0.1631,0.1406,0.1468,335683208.8,50119674.70786,136419
2021-12-26,0.1466,0.1546,0.141,0.1482,161309996.8,23717117.46192,77624
2021-12-27,0.1484,0.1574,0.1449,0.1479,223350070.9,33946837.62836,107104
2021-12-28,0.1479,0.1481,0.12,0.1251,311128433.9,41064192.00687,125847
2021-12-29,0.1252,0.1325,0.112,0.1136,202253414.6,24578188.02448,69736
2021-12-30,0.1135,0.1345,0.105,0.1242,312547422.7,38217499.83073,111228
2021-12-31,0.1244,0.1344,0.112,0.1177,239585888.5,29608613.25587,89845
2022-01-01,0.1179,0.1261,0.1178,0.1249,116638830.9,14311827.07134,40358
2022-01-02,0.1249,0.1254,0.1161,0.1208,108254058.9,12974440.65685,34439
2022-01-03,0.1208,0.1408,0.1183,0.1235,333842849.6,43507122.46586,122087
2022-01-04,0.1236,0.127,0.117,0.1192,125772265.2,15392589.68767,51166
2022-01-05,0.1191,0.122,0.0897,0.1017,272998635.8,30072957.0298,101607
2022-01-06,0.1013,0.1079,0.0919,0.1019,356127172.9,35624313.8685,127955
2022-01-07,0.1017,0.1115,0.0904,0.1004,399424484.3,40532289.08214,146312
2022-01-08,0.1004,0.1051,0.09,0.0944,213720737.6,21042408.67089,70010
2022-01-09,0.0944,0.0991,0.0853,0.0897,192438948.3,17564782.86969,58365
2022-01-10,0.0898,0.0917,0.0729,0.0772,443103255.6,35675920.99716,103460
2022-01-11,0.0772,0.0807,0.0713,0.077,240669759.6,18330926.29552,60404
2022-01-12,0.077,0.0875,0.0768,0.0819,321408322.9,26253389.75514,75433
2022-01-13,0.0819,0.0882,0.0773,0.0793,264070223.2,21717680.70126,65262
2022-01-14,0.0794,0.0811,0.0724,0.079,266394660.4,20407900.58441,58558
2022-01-15,0.079,0.0798,0.0751,0.0756,146390725.8,11303541.86695,31540
2022-01-16,0.0757,0.084,0.0733,0.0799,308338157.9,24238656.90705,65478
2022-01-17,0.08,0.0807,0.0644,0.0676,271090917.3,19623541.35802,61854
2022-01-18,0.0675,0.0686,0.0606,0.0631,255504427.4,16498159.51481,64735
2022-01-19,0.0631,0.0656,0.0565,0.0575,351197192.6,20873084.9173,71080
2022-01-20,0.0576,0.0639,0.0519,0.0529,411963034.9,23861239.82185,74922
2022-01-21,0.0528,0.0546,0.0385,0.0417,832441698.8,39430194.60594,151358
2022-01-22,0.0417,0.0438,0.0322,0.0376,751378758.5,28693631.63414,135641
2022-01-23,0.0376,0.0419,0.034,0.0375,492444316.7,18628608.35629,72616
2022-01-24,0.0375,0.0398,0.0305,0.0376,720100467.8,24735995.01753,97820
2022-01-25,0.0375,0.0416,0.0363,0.04,488979087.3,18930065.75,54687
2022-01-26,0.0401,0.0486,0.0383,0.0439,622206057.2,27199041.11538,72629
2022-01-27,0.0439,0.0549,0.0415,0.0541,944671789.9,45302895.17845,107286
2022-01-28,0.0542,0.0573,0.0497,0.0567,443421365.6,23267931.19893,57582
2022-01-29,0.0567,0.0956,0.0545,0.0907,1538633530.6,113754913.19439,266047
2022-01-30,0.0908,0.0989,0.0742,0.0774,1878502419.1,160701183.99602,357322
2022-01-31,0.0774,0.1006,0.07,0.0975,1507767841.8,125857975.15128,253469
2022-02-01,0.0974,0.1048,0.0826,0.0861,1115846549.3,102613138.72958,214390
2022-02-02,0.0861,0.0941,0.0756,0.0786,965877832.7,82595604.67928,198112
2022-02-03,0.0785,0.0859,0.0712,0.0779,995915328.4,76549379.14545,172803
2022-02-04,0.0779,0.0848,0.0754,0.0798,824682890.3,65289768.58443,125084
2022-02-05,0.0798,0.1146,0.078,0.1089,1588664317.7,154164672.13505,345363
2022-02-06,0.1089,0.114,0.0885,0.0929,969311063.1,95855260.69508,197724
2022-02-07,0.093,0.1,0.0864,0.0901,1274492199.3,118410345.99475,242448
2022-02-08,0.0901,0.0915,0.0767,0.0799,1539167424.0,128921064.06225,241473
2022-02-09,0.0799,0.0873,0.0795,0.086,973909797.6,81075048.21196,154192
2022-02-10,0.0861,0.0899,0.0718,0.0744,1285452211.1,104883944.33442,191288
2022-02-11,0.0744,0.0793,0.0632,0.0654,962946330.1,69751140.94436,150165
2022-02-12,0.0654,0.075,0.0613,0.0682,1145710711.9,77691245.80234,184126
2022-02-13,0.0682,0.072,0.0617,0.0626,681020841.5,45339218.39226,114313
2022-02-14,0.0626,0.0711,0.0596,0.0688,1013622302.1,67518680.02128,167085
2022-02-15,0.0687,0.075,0.0682,0.0729,699363882.5,50581237.42813,100737
2022-02-16,0.073,0.0743,0.0662,0.0695,489095412.5,33971501.73062,86742
2022-02-17,0.0695,0.071,0.0598,0.0608,499591916.5,32689102.93758,88349
2022-02-18,0.0607,0.0632,0.058,0.0602,562071590.9,34023991.52061,80762
2022-02-19,0.0602,0.0638,0.0582,0.0593,494293980.6,29930990.99632,67454
2022-02-20,0.0593,0.0597,0.0511,0.0531,761070564.1,41695621.82508,90364
2022-02-21,0.0532,0.0571,0.047,0.0474,839997968.9,44192307.17323,100805
2022-02-22,0.0475,0.0506,0.0459,0.0502,635353793.9,30623509.98728,72631
2022-02-23,0.0502,0.0546,0.0472,0.0476,913749916.3,46887380.18513,87577
2022-02-24,0.0475,0.0555,0.0405,0.0532,1550074421.2,71891953.2217,164306
2022-02-25,0.0531,0.0706,0.0519,0.0696,1809367119.3,106889062.48454,245826
2022-02-26,0.0697,0.0746,0.0666,0.0712,1418721274.3,99830031.9575,211181
2022-02-27,0.0712,0.0726,0.0591,0.0605,1120177897.7,73487827.86928,171313
2022-02-28,0.0604,0.072,0.0582,0.0703,1163581326.5,73198381.31351,161769
2022-03-01,0.0704,0.0764,0.0665,0.0703,1285731708.4,90827262.8533,174888
2022-03-02,0.0704,0.0723,0.0634,0.0655,813915596.2,55261680.24092,113221
2022-03-03,0.0655,0.0671,0.0603,0.0637,652609405.9,41782158.68455,86100
2022-03-04,0.0637,0.0641,0.0549,0.0566,785092670.0,47039504.38339,83303
2022-03-05,0.0565,0.058,0.0541,0.0573,431479955.0,24306414.08249,45904
2022-03-06,0.0572,0.0592,0.0514,0.0524,694712006.6,37718147.35667,69510
2022-03-07,0.0523,0.059,0.05,0.0544,1137622713.1,62564939.84563,123847
2022-03-08,0.0544,0.061,0.0536,0.0566,1145543979.3,65570009.02264,124985
2022-03-09,0.0566,0.0666,0.0563,0.0648,1126808895.2,70354080.54986,126125
2022-03-10,0.0649,0.068,0.0572,0.0588,1205873042.7,74981099.63523,151150
2022-03-11,0.0588,0.0615,0.0558,0.0576,668446254.2,38580890.51623,82756
2022-03-12,0.0576,0.0596,0.0536,0.0539,435885133.9,24636484.11807,43956
2022-03-13,0.0538,0.0577,0.053,0.0539,438322909.6,24141574.10058,51032
2022-03-14,0.0538,0.0572,0.0526,0.0558,451212419.8,24694896.01353,57092
2022-03-15,0.0557,0.056,0.052,0.0544,376789563.1,20301120.06494,39991
2022-03-16,0.0544,0.0626,0.0538,0.0619,824204057.0,47477113.19155,97536
2022-03-17,0.0619,0.0648,0.0599,0.0603,734307610.4,45546382.14792,83667
2022-03-18,0.0603,0.0639,0.056,0.0633,642499368.7,37943306.39683,72474
2022-03-19,0.0634,0.0698,0.0631,0.066,1081785000.9,71551099.57104,132659
2022-03-20,0.066,0.0678,0.0613,0.0662,642637279.7,41315816.05492,88092
2022-03-21,0.0662,0.0673,0.0623,0.0625,406188576.5,26214113.73463,57336
2022-03-22,0.0625,0.0699,0.0623,0.0657,668118479.6,44314420.01466,84976
2022-03-23,0.0657,0.0666,0.0626,0.0655,558303638.0,35934094.65808,71558
2022-03-24,0.0654,0.068,0.0635,0.066,604004025.8,39842579.36405,78147
2022-03-25,0.066,0.0849,0.0646,0.0808,2306466927.6,179457730.38384,350710
2022-03-26,0.0808,0.0861,0.0776,0.0794,1009905505.0,81708617.66269,151855
2022-03-27,0.0794,0.083,0.0748,0.0803,608076968.1,47256187.48289,94076
2022-03-28,0.0804,0.0895,0.0785,0.0805,928167667.5,77356757.44955,152856
2022-03-29,0.0805,0.0845,0.0767,0.0802,494657154.0,40062177.99912,92574
2022-03-30,0.0802,0.085,0.076,0.0808,592920295.4,47801598.81154,103770
2022-03-31,0.0808,0.0838,0.0672,0.0684,925982606.5,69761274.17951,150066
2022-04-01,0.0684,0.0744,0.0665,0.0717,806146756.6,56403914.25093,141930
2022-04-02,0.0717,0.075,0.0666,0.0671,602110711.9,43086516.10543,107906
2022-04-03,0.0671,0.0712,0.0636,0.0703,477941831.7,32346741.14214,90934
2022-04-04,0.0703,0.0745,0.0641,0.0678,660583819.0,46050785.62846,118273
2022-04-05,0.0678,0.0695,0.0615,0.0619,518631670.7,34269498.41277,80166
2022-04-06,0.0619,0.062,0.0557,0.0562,814102082.1,47873790.94707,139951
2022-04-07,0.0562,0.0602,0.0544,0.0585,528490776.9,30341178.70956,89761
2022-04-08,0.0586,0.0604,0.0541,0.0551,547690284.2,31709838.32591,73154
2022-04-09,0.0551,0.0592,0.0551,0.0587,304651952.2,17358463.9681,37354
2022-04-10,0.0587,0.0601,0.056,0.0565,331756525.7,19296405.18081,41925
2022-04-11,0.0566,0.0576,0.0486,0.0497,493433677.2,26137253.03767,66203
2022-04-12,0.0497,0.0546,0.0492,0.0524,414943274.9,21494176.99728,53797
2022-04-13,0.0524,0.055,0.0505,0.0542,323075515.7,17049572.60657,37276
2022-04-14,0.0542,0.0571,0.0504,0.0522,590997868.1,31708731.90565,60057
2022-04-15,0.0522,0.0539,0.0513,0.0534,266296355.7,13959188.24488,25219
2022-04-16,0.0534,0.0539,0.0511,0.0524,201737474.4,10563669.31771,20433
2022-04-17,0.0524,0.053,0.0489,0.0492,199640881.5,10266493.03753,22003
2022-04-18,0.0492,0.0505,0.0423,0.0502,813850730.7,38599564.92755,66616
2022-04-19,0.0503,0.0558,0.0491,0.0548,750565018.4,39167985.08763,61765
2022-04-20,0.0548,0.0575,0.052,0.0532,956947163.5,52515767.09083,91569
2022-04-21,0.0533,0.0547,0.0478,0.0493,651181517.5,33935962.62301,58830
2022-04-22,0.0493,0.0512,0.0485,0.0497,647779031.5,32230201.45134,51948
2022-04-23,0.0497,0.0503,0.0479,0.0487,213242605.1,10461217.43138,18077
2022-04-24,0.0487,0.0493,0.0473,0.048,247489807.7,11962528.00622,22315
2022-04-25,0.048,0.0483,0.0436,0.0478,460066360.9,21031795.29267,40310
2022-04-26,0.0478,0.0491,0.0408,0.0423,419872344.5,18934084.54048,36983
2022-04-27,0.0423,0.0478,0.0418,0.0456,474296412.2,21359247.49229,41062
2022-04-28,0.0456,0.049,0.045,0.0456,734932565.5,34490834.29094,61920
2022-04-29,0.0456,0.0459,0.041,0.0419,461308114.9,20111886.91769,37555
2022-04-30,0.042,0.0434,0.0322,0.0358,740290702.2,28743767.54752,62191
2022-05-01,0.0357,0.0391,0.035,0.0382,576864738.6,21346886.75059,43272
2022-05-02,0.0382,0.0398,0.0354,0.0369,651773589.4,24566315.77733,36568
2022-05-03,0.037,0.0383,0.0342,0.0348,353672049.4,12916288.20053,23445
2022-05-04,0.0349,0.0452,0.0347,0.0439,1053689974.3,41706616.83955,69443
2022-05-05,0.0439,0.0455,0.0353,0.0371,1183956653.1,48497123.11412,96488
2022-05-06,0.0371,0.038,0.0346,0.037,718346726.3,25944755.18338,47169
2022-05-07,0.037,0.0375,0.0333,0.0345,469294334.6,16761399.61687,32306
2022-05-08,0.0345,0.0356,0.0334,0.0349,499821733.3,17234233.9601,34032
2022-05-09,0.0349,0.0358,0.025,0.0253,1349472745.6,44285973.43022,81959
2022-05-10,0.0253,0.0316,0.0253,0.027,2271388811.0,65484013.92721,128449
2022-05-11,0.027,0.0279,0.0112,0.014,3164390322.7,61225326.23179,162025
2022-05-12,0.0141,0.0194,0.0103,0.0163,2763759941.5,39436023.84334,120973
2022-05-13,0.0163,0.0204,0.0156,0.0164,2918677242.5,51809089.87894,140889
2022-05-14,0.0164,0.018,0.0143,0.0171,1214328447.0,19553785.0595,56808
2022-05-15,0.0171,0.0177,0.0152,0.0173,1074636157.7,17412107.9994,39385
2022-05-16,0.0173,0.0173,0.0145,0.0152,1265117124.7,19714634.52579,39109
2022-05-17,0.0153,0.0169,0.0149,0.0167,1072575647.1,17174855.59234,33908
2022-05-18,0.0166,0.0173,0.0143,0.0145,1090461358.2,16947235.1267,30218
2022-05-19,0.0145,0.0185,0.0138,0.0182,1518181040.7,23803750.34829,35281
2022-05-20,0.0182,0.023,0.0171,0.0226,4081255542.6,77957012.48216,114035
2022-05-21,0.0226,0.0434,0.0223,0.0319,7832641214.2,242205606.19962,445694
2022-05-22,0.032,0.0416,0.0274,0.0294,4774312672.8,158682810.62006,340878
2022-05-23,0.0294,0.032,0.025,0.0257,1773785912.4,50856176.29699,123375
2022-05-24,0.0257,0.0289,0.0246,0.0273,1435516500.2,38109014.08682,73408
2022-05-25,0.0273,0.0285,0.0236,0.0239,838594811.6,21524843.39962,44973
2022-05-26,0.024,0.0246,0.0203,0.0214,878223778.0,19601522.76426,51143
2022-05-27,0.0214,0.0217,0.0181,0.0193,903089757.2,17690525.71554,33983
2022-05-28,0.0193,0.025,0.0191,0.0238,1882850334.1,41514082.40326,85461
2022-05-29,0.0238,0.0238,0.0209,0.0225,868563177.1,19171783.82773,37897
2022-05-30,0.0224,0.0261,0.022,0.02403,2059902808.2,49653780.13279,70481
2022-05-31,0.02402,0.02529,0.02181,0.02309,1864529560.4,43180496.202063,61294
2022-06-01,0.02309,0.02449,0.01923,0.01991,2697511311.8,60266090.506813,86387
2022-06-02,0.01991,0.02149,0.01925,0.02092,2071760993.4,41584398.664396,66226
2022-06-03,0.02092,0.02139,0.01873,0.01977,1849612747.1,36666039.835314,63183
2022-06-04,0.01976,0.0207,0.01912,0.02035,1874659291.4,37228742.862212,61712
2022-06-05,0.02036,0.02069,0.01916,0.01983,1300926995.6,25681034.429246,39030
2022-06-06,0.01983,0.0246,0.01966,0.02403,3292064912.8,74682217.523939,134833
2022-06-07,0.02404,0.02505,0.0204,0.02341,1751658178.3,38824900.477229,96660
2022-06-08,0.02341,0.02388,0.02042,0.02062,833167936.2,18583662.026215,48370
2022-06-09,0.02063,0.02231,0.0202,0.0206,669987820.2,14254206.876705,33470
2022-06-10,0.02061,0.02117,0.01892,0.02013,690494420.8,13957955.785357,40311
2022-06-11,0.02013,0.0207,0.01708,0.01781,821670505.1,15294126.503621,49310
2022-06-12,0.01781,0.02084,0.01567,0.01815,2359009224.8,43657811.209002,118947
2022-06-13,0.01815,0.0215,0.0162,0.01829,3855805404.5,70473599.546779,192760
2022-06-14,0.0183,0.0216,0.01735,0.02014,2073187716.7,40753801.436656,107525
2022-06-15,0.02016,0.0268,0.01976,0.02523,3317752803.9,76092882.947721,240933
2022-06-16,0.02524,0.0275,0.02026,0.02059,1800996393.8,42506409.789856,132903
2022-06-17,0.02061,0.024,0.02032,0.02196,1546496991.0,34108392.48905,90861
2022-06-18,0.02193,0.0243,0.01901,0.02407,1685383084.4,36215672.410124,118740
2022-06-19,0.02404,0.02777,0.02286,0.02708,1895442584.0,47044144.07484,157715
2022-06-20,0.02708,0.02741,0.02388,0.02464,1154338926.4,29556635.005236,100640
2022-06-21,0.02464,0.02601,0.02319,0.02356,1060758362.5,26445257.665192,81380
2022-06-22,0.02357,0.0245,0.02207,0.02377,868592910.4,20026422.229738,70373
2022-06-23,0.02376,0.0256,0.0233,0.02478,899112994.8,22114728.344655,69123
2022-06-24,0.02478,0.02951,0.0239,0.02871,1016137040.3,26503934.154298,89772
2022-06-25,0.02872,0.029,0.025,0.02649,910737788.7,24252197.261,75140
2022-06-26,0.02654,0.0273,0.02361,0.02368,773859791.5,20099255.387719,61340
2022-06-27,0.02368,0.02597,0.02314,0.02551,730840392.4,17909223.997858,59696
2022-06-28,0.02551,0.02593,0.02308,0.02343,728299595.3,17993545.651026,59006
2022-06-29,0.0234,0.02501,0.02252,0.02464,599751808.2,14252404.244302,49444
2022-06-30,0.02461,0.02541,0.02164,0.0234,1120987375.4,26577200.911558,93865
2022-07-01,0.02343,0.02432,0.02196,0.0226,616292732.0,14075202.82733,50764
2022-07-02,0.02262,0.02327,0.02168,0.02298,305090019.7,6854334.12855,25212
2022-07-03,0.02298,0.02399,0.02228,0.02342,318854755.1,7359116.823927,27327
2022-07-04,0.02342,0.02514,0.02285,0.02501,540782611.2,12903669.400998,38887
2022-07-05,0.02499,0.02557,0.02328,0.02445,684509749.3,16749810.546262,48552
2022-07-06,0.02444,0.02554,0.0241,0.02512,475541395.3,11825393.002237,37929
2022-07-07,0.02512,0.02589,0.02436,0.0252,431312416.5,10804836.597114,31531
2022-07-08,0.0252,0.02593,0.02356,0.0239,466412261.5,11437823.121679,35863
2022-07-09,0.02389,0.02477,0.02383,0.0242,201377269.7,4897621.029534,17309
2022-07-10,0.0242,0.0268,0.02403,0.02608,1079588035.0,27882434.358708,80630
2022-07-11,0.02608,0.02666,0.02233,0.02269,638764993.7,15681481.215358,54671
2022-07-12,0.02269,0.02364,0.02248,0.02268,378850283.2,8721362.388111,30561
2022-07-13,0.02268,0.024,0.02163,0.02366,461444469.7,10636847.591361,39948
2022-07-14,0.02366,0.02414,0.02236,0.02364,363491589.1,8452744.192016,31132
2022-07-15,0.02364,0.0242,0.02292,0.02347,377540845.1,8924283.757396,32510
2022-07-16,0.02346,0.02445,0.02274,0.02384,273249368.7,6450050.544979,25850
2022-07-17,0.02385,0.02482,0.0229,0.02299,364402371.6,8731886.050104,35741
2022-07-18,0.02298,0.02861,0.02285,0.02637,1010887690.2,25998568.66324,95971
2022-07-19,0.02636,0.027,0.02458,0.02588,733960228.9,18808248.022709,68606
2022-07-20,0.02589,0.02784,0.02408,0.02463,887360476.4,23413215.047269,88291
2022-07-21,0.02463,0.02598,0.02353,0.02598,510926643.0,12552513.914721,47908
2022-07-22,0.02597,0.02679,0.02473,0.02601,567655130.2,14710841.914286,55360
2022-07-23,0.02602,0.02961,0.02583,0.02749,1095109356.8,30508305.830317,111693
2022-07-24,0.02749,0.02799,0.02609,0.02626,402458533.2,10919408.91959,41037
2022-07-25,0.02626,0.02656,0.02444,0.02448,356140894.8,9110566.752199,35987
2022-07-26,0.02449,0.02509,0.02383,0.02507,276314251.3,6763722.19609,32009
2022-07-27,0.02507,0.02695,0.02453,0.0269,359688783.7,9151462.794305,41999
2022-07-28,0.02691,0.02859,0.02599,0.0273,652590732.5,17729823.242722,68732
2022-07-29,0.02732,0.03659,0.02669,0.02996,2281861066.2,73688987.651394,223237
2022-07-30,0.02994,0.036,0.02931,0.03319,1534778004.1,49331624.831049,155292
2022-07-31,0.0332,0.03608,0.03141,0.03423,1010559708.4,33812220.596239,118548
2022-08-01,0.03424,0.03973,0.03402,0.0368,1285438098.2,47738225.640718,164570
2022-08-02,0.0368,0.04069,0.03291,0.03854,1210634312.1,44322866.845842,154213
2022-08-03,0.03855,0.03884,0.03577,0.03749,578755156.5,21338682.176676,82258
2022-08-04,0.03748,0.03789,0.03324,0.03497,454965718.4,16169946.765362,62369
2022-08-05,0.03495,0.03655,0.03444,0.03628,278012983.6,9817418.269093,39359
2022-08-06,0.03628,0.03654,0.03492,0.03525,171178420.5,6127763.381074,24919
2022-08-07,0.03524,0.03597,0.03351,0.03436,268870529.9,9235972.770897,35400
2022-08-08,0.03437,0.03551,0.03384,0.03513,261003268.2,9088548.485754,32076
2022-08-09,0.0351,0.03531,0.03064,0.03215,494542212.7,16298494.694154,56246
2022-08-10,0.03215,0.03373,0.03129,0.03296,435677252.0,14188639.151955,49630
2022-08-11,0.03294,0.03458,0.03141,0.03161,405486194.7,13607898.39288,43973
2022-08-12,0.03162,0.0327,0.03111,0.03262,218732809.0,7014546.373034,28454
2022-08-13,0.03263,0.03306,0.0308,0.03126,253870720.2,8150315.921965,30102
2022-08-14,0.03126,0.03228,0.0285,0.02926,485153712.8,14851213.007908,58654
2022-08-15,0.02927,0.03039,0.02803,0.02883,454185655.3,13247916.756273,52578
2022-08-16,0.02883,0.02929,0.02739,0.02789,491036069.0,13867256.315498,49925
2022-08-17,0.02789,0.02901,0.02503,0.02575,655890833.5,17743722.134423,60256
2022-08-18,0.02577,0.02656,0.02201,0.02349,470233376.2,11863988.191632,44066
2022-08-19,0.02349,0.02379,0.0206,0.0224,934020319.2,20954168.834339,83221
2022-08-20,0.0224,0.02315,0.02074,0.02152,560302104.1,12352864.894949,48477
2022-08-21,0.02152,0.02305,0.02142,0.02263,493445773.2,10943022.494844,39437
2022-08-22,0.02263,0.02266,0.02109,0.02253,383382398.4,8341371.67859,32602
2022-08-23,0.02253,0.02422,0.02198,0.02356,701902377.1,16271639.538347,57057
2022-08-24,0.02357,0.02477,0.02262,0.02382,431881903.9,10159608.070026,37446
2022-08-25,0.02383,0.02458,0.02319,0.02391,325784543.3,7817193.995979,27647
2022-08-26,0.02391,0.02482,0.02151,0.02186,530969899.7,12246743.347606,46445
2022-08-27,0.02186,0.02338,0.02141,0.02303,463356527.7,10468557.746881,38226
2022-08-28,0.02303,0.02312,0.02146,0.02162,320936530.7,7211230.458441,24316
2022-08-29,0.02163,0.02284,0.02095,0.02267,365915672.2,8015601.406166,26835
2022-08-30,0.02267,0.02285,0.02023,0.02038,400957780.5,8574022.414189,29405
2022-08-31,0.0204,0.02134,0.02001,0.02026,452753743.7,9429175.567039,31746
2022-09-01,0.02025,0.02086,0.01919,0.02063,442997661.1,8906101.328942,33080
2022-09-02,0.02065,0.02097,0.01971,0.02024,361166828.6,7379912.700932,26318
2022-09-03,0.02025,0.02075,0.02007,0.02059,192699875.5,3937595.79879,13790
2022-09-04,0.0206,0.02185,0.02052,0.02157,335077062.5,7091152.901883,24762
2022-09-05,0.02156,0.02174,0.02033,0.02134,250277443.8,5249165.738366,17376
2022-09-06,0.02134,0.02183,0.01883,0.01917,453901792.9,9256724.43447,32899
2022-09-07,0.01918,0.02221,0.01885,0.02145,384175038.1,7851076.207968,25280
2022-09-08,0.02145,0.02156,0.02018,0.0209,364679780.2,7603467.62015,24550
2022-09-09,0.02093,0.02423,0.0209,0.02351,855714604.7,19340320.386633,57893
2022-09-10,0.02351,0.02384,0.02253,0.02305,443451271.1,10222321.632002,33772
2022-09-11,0.02308,0.02516,0.0226,0.02332,615396118.3,14579402.009948,47361
2022-09-12,0.02333,0.02407,0.02211,0.0228,582527651.7,13433847.754412,41820
2022-09-13,0.02282,0.02284,0.02021,0.02043,452011747.7,9824469.452906,37188
2022-09-14,0.02044,0.02092,0.01973,0.0206,294712608.1,6017169.969183,22138
2022-09-15,0.02059,0.02061,0.01921,0.01964,512802339.7,10174571.799958,37591
2022-09-16,0.01965,0.02079,0.01941,0.02055,353329569.3,7048022.922013,23236
2022-09-17,0.02057,0.02117,0.02041,0.02103,156994423.9,3256994.014215,12158
2022-09-18,0.02103,0.022,0.01851,0.01917,558818470.8,11592744.029629,41867
2022-09-19,0.01917,0.02274,0.01872,0.0223,833134691.6,17504044.498604,62918
2022-09-20,0.02227,0.02354,0.02159,0.02253,907932227.8,20421524.095974,63689
2022-09-21,0.02254,0.02265,0.02034,0.02112,707497139.4,15292326.072254,51763
2022-09-22,0.02111,0.02231,0.02106,0.02213,421780185.3,9204938.847823,29605
2022-09-23,0.02213,0.02418,0.02175,0.02356,677351885.6,15535526.249834,47781
2022-09-24,0.02357,0.024,0.02258,0.02275,441037176.1,10210899.501326,30082
2022-09-25,0.02275,0.0242,0.02228,0.02274,419799260.3,9818463.792607,28424
2022-09-26,0.02272,0.02361,0.02209,0.02306,365139481.6,8347663.780397,26125
2022-09-27,0.02305,0.02372,0.02204,0.02234,308390435.5,7097488.711686,23485
2022-09-28,0.02236,0.02486,0.02157,0.02383,621512425.7,14461829.748374,41904
2022-09-29,0.02382,0.02408,0.02239,0.02298,280587046.0,6437030.406781,20639
2022-09-30,0.02304,0.02323,0.02243,0.02279,272284470.9,6201656.21994,19024
2022-10-01,0.02278,0.02291,0.022,0.0223,192303812.4,4324009.491419,12220
2022-10-02,0.02229,0.02265,0.02176,0.02185,190811801.1,4260181.490305,12318
2022-10-03,0.02186,0.02265,0.02157,0.02256,156806809.2,3492903.807006,12314
2022-10-04,0.02255,0.02303,0.0224,0.02265,151604643.2,3441272.0346,11415
2022-10-05,0.02265,0.02274,0.02192,0.02234,146576770.9,3266361.197635,10308
2022-10-06,0.02235,0.02261,0.02159,0.02192,158281622.4,3526371.702586,10014
2022-10-07,0.02191,0.02212,0.02139,0.02185,123779289.9,2702141.069133,7665
2022-10-08,0.02184,0.02212,0.02134,0.02161,73471812.1,1603550.665298,4822
2022-10-09,0.02161,0.02188,0.02146,0.02177,109185611.2,2367810.246916,6295
2022-10-10,0.02176,0.02225,0.02146,0.02172,244719078.6,5359481.768862,15074
2022-10-11,0.02171,0.02279,0.02117,0.0222,378357757.1,8366470.439739,24401
2022-10-12,0.02221,0.02245,0.0207,0.02101,254837343.1,5505280.813662,15926
2022-10-13,0.02101,0.02107,0.01817,0.0198,698669049.6,13669746.709648,43069
2022-10-14,0.01981,0.02068,0.01944,0.01992,325492538.2,6544714.444216,17766
2022-10-15,0.01991,0.02027,0.01928,0.0195,231597793.4,4577835.651353,14060
2022-10-16,0.0195,0.02012,0.01949,0.01983,187922527.3,3723002.587502,10802
2022-10-17,0.01984,0.02015,0.01955,0.01989,153030541.5,3034713.088788,9687
2022-10-18,0.0199,0.02013,0.01894,0.01926,225486561.3,4423943.057665,15174
2022-10-19,0.01927,0.01934,0.01616,0.01709,476424341.8,8502824.164967,29803
2022-10-20,0.01709,0.0177,0.01671,0.01711,333829032.9,5789387.864025,20338
2022-10-21,0.01711,0.01731,0.01596,0.01717,286284426.2,4783285.584375,17122
2022-10-22,0.01718,0.01735,0.01667,0.01696,155074702.7,2630445.055165,11129
2022-10-23,0.01697,0.01756,0.01672,0.01746,212422088.0,3639512.458546,11521
2022-10-24,0.01748,0.01764,0.01663,0.01694,143250790.6,2440043.519617,8896
2022-10-25,0.01694,0.01848,0.01692,0.01791,292375264.5,5171435.429374,19402
2022-10-26,0.01791,0.01882,0.01791,0.01838,232969582.6,4288831.9765,15155
2022-10-27,0.01838,0.01975,0.01836,0.01855,336505610.2,6394551.242011,22885
2022-10-28,0.01856,0.01904,0.01794,0.01875,262650319.4,4842624.772396,19598
2022-10-29,0.01877,0.02351,0.01874,0.02116,1660408067.0,35570509.760593,124562
2022-10-30,0.02116,0.02191,0.01905,0.0196,719500602.2,14736655.24234,52000
2022-10-31,0.0196,0.02033,0.0191,0.01979,350177369.7,6943240.18115,29609
2022-11-01,0.01979,0.021,0.01917,0.01956,596904461.4,11866565.897899,38675
2022-11-02,0.01956,0.02548,0.01931,0.02352,2447568741.1,56541454.873762,187717
2022-11-03,0.02352,0.02863,0.02308,0.02685,1744300867.0,45881003.863151,160534
2022-11-04,0.02686,0.0286,0.02433,0.02784,889535228.2,23153079.140283,82820
2022-11-05,0.02784,0.0345,0.02676,0.02828,2285123779.6,71160191.709616,219588
2022-11-06,0.02828,0.02855,0.02597,0.02695,728736770.9,20096600.579378,66079
2022-11-07,0.02687,0.02898,0.02446,0.02498,724895153.7,19276251.204695,68574
2022-11-08,0.02498,0.02566,0.01618,0.01933,1302030083.7,28523950.012229,111904
2022-11-09,0.01933,0.02096,0.01702,0.01894,1070010067.3,20641614.285924,93563
2022-11-10,0.01894,0.023,0.01849,0.02224,1076323448.8,22144382.126829,87257
2022-11-11,0.02221,0.0378,0.0203,0.0235,4004595472.8,109377186.712935,453900
2022-11-12,0.02349,0.02508,0.021,0.0218,1722098519.2,39178048.871343,146312
2022-11-13,0.02184,0.02273,0.02014,0.02236,863249689.6,18536557.555324,77697
2022-11-14,0.02233,0.02268,0.02022,0.02123,982970110.3,21105256.951034,96089
2022-11-15,0.02123,0.02698,0.02089,0.02339,1760332985.2,42364949.859112,158628
2022-11-16,0.02339,0.02657,0.02251,0.02387,1093135950.4,26655859.479509,101704
2022-11-17,0.02388,0.02459,0.02263,0.02351,589149758.4,13846340.917945,49315
2022-11-18,0.02351,0.02434,0.02204,0.02334,385627056.1,8974316.165953,31048
2022-11-19,0.02335,0.02466,0.023,0.02378,540223093.3,12873430.460207,51682
2022-11-20,0.02378,0.02527,0.02123,0.02146,611824691.8,14338573.378397,51149
2022-11-21,0.02142,0.02219,0.02037,0.02175,483286306.6,10252648.054652,38183
2022-11-22,0.02177,0.02266,0.02055,0.02261,415071434.5,9045321.033898,32436
2022-11-23,0.02262,0.02448,0.02209,0.02399,675424645.2,15951994.33918,51984
2022-11-24,0.024,0.02451,0.02311,0.0235,428742235.4,10151721.538539,32292
2022-11-25,0.02349,0.02443,0.02246,0.02384,375075677.0,8851644.448713,28614
2022-11-26,0.02386,0.02595,0.02378,0.02525,599836272.7,14983339.957693,48125
2022-11-27,0.02527,0.02607,0.02435,0.0244,532910316.2,13450562.340592,40563
2022-11-28,0.0244,0.02471,0.02314,0.02371,352912240.8,8381398.634416,28213
2022-11-29,0.0237,0.02505,0.02344,0.02465,401621454.0,9837672.511977,32121
2022-11-30,0.02466,0.02743,0.0244,0.02605,611350638.3,15743819.098641,56508
2022-12-01,0.02604,0.02621,0.02459,0.02583,444183786.7,11259704.819081,35216
2022-12-02,0.02582,0.0273,0.02502,0.02671,479082558.8,12542920.552217,44489
2022-12-03,0.0267,0.02768,0.0255,0.02564,308755122.9,8210405.621351,31951
2022-12-04,0.02565,0.02719,0.0256,0.02669,366284141.3,9677384.971663,29773
2022-12-05,0.02668,0.02783,0.0258,0.02711,442813284.9,11859088.207138,35716
2022-12-06,0.02712,0.02775,0.02644,0.02707,442084116.4,11956301.460502,41239
2022-12-07,0.02707,0.02748,0.02399,0.02442,588669952.4,15117400.509866,46286
2022-12-08,0.02444,0.02519,0.02389,0.02512,319964714.0,7823427.353367,25118
2022-12-09,0.02512,0.02516,0.02345,0.02368,237053892.5,5817521.363591,19261
2022-12-10,0.02369,0.02406,0.0231,0.02329,721409383.1,17136209.347091,35380
2022-12-11,0.02327,0.02369,0.02186,0.02251,905645916.3,21091559.234396,38154
2022-12-12,0.02252,0.02265,0.02073,0.02184,434589418.9,9390413.18184,27358
2022-12-13,0.02186,0.02304,0.02104,0.02296,557634945.1,12338162.410876,33908
2022-12-14,0.02296,0.0232,0.02183,0.02228,213388217.9,4842299.626066,16226
2022-12-15,0.0223,0.02258,0.02167,0.02191,175884912.3,3888726.343894,11647
2022-12-16,0.02191,0.02249,0.0185,0.01919,417261141.8,8623843.954724,32316
2022-12-17,0.01919,0.02097,0.01908,0.02052,578767581.7,11716786.98465,31422
2022-12-18,0.02052,0.02091,0.02035,0.02064,239007391.0,4905979.348352,14383
2022-12-19,0.02067,0.02108,0.01954,0.02017,257297349.7,5293715.889966,18701
2022-12-20,0.02016,0.02166,0.02007,0.02152,163393028.8,3442810.198409,13017
2022-12-21,0.02151,0.02172,0.02103,0.02148,119134752.7,2549378.344479,9377
2022-12-22,0.02148,0.02158,0.02055,0.02119,122438287.6,2570658.956131,9781
2022-12-23,0.02119,0.0216,0.02104,0.02151,75745603.8,1616788.943424,6038
2022-12-24,0.0215,0.02163,0.02112,0.02133,143486555.2,3049280.901333,7168
2022-12-25,0.02132,0.02139,0.02064,0.02109,98099858.1,2055665.863093,7662
2022-12-26,0.02112,0.02136,0.02091,0.02132,180240148.0,3816255.638291,11035
2022-12-27,0.02132,0.02148,0.02076,0.02116,81708182.1,1730320.551659,7085
2022-12-28,0.02116,0.02124,0.02007,0.0202,153721294.3,3143580.46907,10678
2022-12-29,0.02021,0.0206,0.01975,0.02031,99339158.5,2005385.518918,7188
2022-12-30,0.02029,0.02038,0.01967,0.02028,90755957.7,1821659.369122,6351
2022-12-31,0.02029,0.02046,0.02007,0.02026,192525256.2,3888583.072818,7430
2023-01-01,0.02027,0.02033,0.01997,0.02027,64166859.3,1293563.193698,3696
2023-01-02,0.02027,0.02078,0.01986,0.02055,120594407.8,2464164.901749,7069
2023-01-03,0.02055,0.02075,0.02008,0.02031,92279055.2,1887624.681803,5438
2023-01-04,0.0203,0.02136,0.02023,0.02118,163863541.7,3431159.03284,9639
2023-01-05,0.02118,0.0219,0.02085,0.02111,176602733.4,3755314.506151,11062
2023-01-06,0.02112,0.02177,0.02043,0.02151,136574879.2,2872872.94397,8876
2023-01-07,0.02152,0.02193,0.02123,0.02143,97515000.7,2106453.73395,5995
2023-01-08,0.02142,0.02256,0.02107,0.02242,144694931.9,3146006.448099,10021
2023-01-09,0.02244,0.02356,0.02238,0.02262,360233276.1,8284697.471289,24411
2023-01-10,0.02264,0.0255,0.02219,0.02428,589728397.4,14212562.490212,44266
2023-01-11,0.02428,0.02445,0.02264,0.02385,349198803.1,8210996.912006,26307
2023-01-12,0.02384,0.02434,0.02265,0.02414,358862054.4,8501909.263694,29102
2023-01-13,0.02412,0.02591,0.02353,0.02588,359883042.9,8744651.707588,29537
2023-01-14,0.02586,0.02724,0.02421,0.02683,525656570.0,13646850.987351,48691
2023-01-15,0.02682,0.02775,0.02535,0.02648,392958324.2,10433987.056928,40027
2023-01-16,0.02647,0.02835,0.02551,0.02672,560190930.4,15136193.195513,59799
2023-01-17,0.02673,0.02716,0.02563,0.02577,216157512.6,5720768.217183,26565
2023-01-18,0.02577,0.02817,0.02358,0.02423,582057301.4,15205131.961874,59222
2023-01-19,0.02421,0.02474,0.02366,0.02463,188419052.9,4580809.588782,18638
2023-01-20,0.02463,0.02821,0.02427,0.02752,345943788.0,8995222.864564,36739
2023-01-21,0.02752,0.02906,0.02672,0.02672,470624722.1,13058168.110248,52899
2023-01-22,0.02673,0.02997,0.0264,0.02704,504654578.8,14153541.71216,61388
2023-01-23,0.02707,0.02891,0.02691,0.02779,427267977.8,11844916.313533,47103
2023-01-24,0.02774,0.02823,0.02503,0.0256,271089403.7,7359693.696641,32647
2023-01-25,0.02559,0.02942,0.02522,0.02892,521450661.3,14260346.757624,60893
2023-01-26,0.02895,0.03165,0.02771,0.03012,930225024.4,27469605.570891,101359
2023-01-27,0.0301,0.03012,0.0283,0.0295,339034937.9,9874196.539174,39794
2023-01-28,0.02949,0.0299,0.02764,0.02806,284333038.4,8198179.351572,31446
2023-01-29,0.02806,0.02923,0.0277,0.02888,273786017.1,7800476.27665,26672
2023-01-30,0.02888,0.02907,0.02523,0.02679,384060222.9,10488637.876594,39982
2023-01-31,0.02679,0.03059,0.02654,0.02962,715773359.6,20686339.147383,78377
2023-02-01,0.02961,0.03209,0.02866,0.03117,797844950.5,24198542.926708,93729
2023-02-02,0.0312,0.0323,0.02995,0.03015,507350523.8,15760240.776278,53439
2023-02-03,0.03014,0.03094,0.02974,0.03075,276819159.6,8391053.708655,30345
2023-02-04,0.03075,0.03317,0.03075,0.03142,492166845.9,15676238.583251,53577
2023-02-05,0.03141,0.03183,0.02864,0.02949,368396448.3,11218793.498679,38936
2023-02-06,0.02946,0.02999,0.02828,0.02856,261074661.8,7637994.070168,27429
2023-02-07,0.02858,0.031,0.0285,0.03088,262003995.4,7832445.394157,29715
2023-02-08,0.03087,0.03147,0.02862,0.02934,241585608.7,7292564.177775,27151
2023-02-09,0.02934,0.03089,0.02675,0.0277,450592532.1,13053705.005006,50643
2023-02-10,0.0277,0.02814,0.02705,0.02793,179419057.2,4977345.978841,23025
2023-02-11,0.02794,0.02834,0.02765,0.02818,135173219.2,3784414.583805,17058
2023-02-12,0.02819,0.0301,0.02771,0.02825,359210825.0,10369789.189875,36862
2023-02-13,0.02825,0.0284,0.02611,0.02708,248470516.5,6772996.213829,29855
2023-02-14,0.02708,0.02798,0.02681,0.0279,169150714.1,4628281.685752,19644
2023-02-15,0.02791,0.03008,0.0276,0.02991,233072405.6,6623294.109975,23325
2023-02-16,0.02991,0.03101,0.0281,0.02826,284096056.9,8526632.390809,31828
2023-02-17,0.02828,0.02961,0.02815,0.02925,242402312.2,7010477.776044,22065
2023-02-18,0.02924,0.02971,0.02845,0.02891,207514563.8,6021799.555455,19256
2023-02-19,0.02889,0.03108,0.02866,0.02931,329783095.1,9782734.416275,32648
2023-02-20,0.02933,0.0321,0.02802,0.03001,609512714.6,18344084.122818,52807
2023-02-21,0.03001,0.03086,0.02825,0.0292,380626237.0,11215439.326858,40237
2023-02-22,0.0292,0.02922,0.02691,0.02792,369310074.0,10269922.813372,33407
2023-02-23,0.02793,0.02859,0.02722,0.02803,202917361.2,5691074.717935,20472
2023-02-24,0.02803,0.02812,0.0258,0.02647,186873773.9,5060780.099859,20537
2023-02-25,0.02646,0.02676,0.025,0.02592,142742505.2,3720283.530574,16672
2023-02-26,0.02592,0.02674,0.02581,0.02655,95128669.6,2496632.696881,9446
2023-02-27,0.02653,0.02723,0.02592,0.02671,142247055.2,3779836.690584,13614
2023-02-28,0.0267,0.02691,0.02575,0.02594,89405356.7,2360397.278513,10630
2023-03-01,0.02596,0.02698,0.02576,0.02694,115714759.7,3071850.069533,11645
2023-03-02,0.02693,0.02716,0.02583,0.02637,100059177.0,2636285.911558,9360
2023-03-03,0.02639,0.02641,0.0213,0.02306,410895609.5,9501292.593955,37780
2023-03-04,0.02305,0.02333,0.02177,0.02242,152474304.6,3445283.836846,13600
2023-03-05,0.02241,0.02288,0.02164,0.02189,205141215.1,4576536.181821,15917
2023-03-06,0.0219,0.0223,0.02142,0.02216,178300167.7,3905911.186697,13441
2023-03-07,0.02216,0.02246,0.02083,0.02141,236654182.3,5159906.60384,17347
2023-03-08,0.02142,0.0215,0.01952,0.0201,215556843.4,4452508.040788,16904
2023-03-09,0.0201,0.02055,0.01811,0.01881,290368203.5,5657020.867955,23653
2023-03-10,0.01881,0.01916,0.01724,0.01869,400881107.0,7351996.587451,30018
2023-03-11,0.01868,0.01913,0.01739,0.01847,372983127.5,6806274.738703,25674
2023-03-12,0.01846,0.01974,0.01792,0.01968,263543675.1,4909254.828334,19751
2023-03-13,0.0197,0.02153,0.01902,0.02096,491165485.5,9965169.299142,34748
2023-03-14,0.02097,0.0235,0.02051,0.02219,495855927.2,10785487.449668,41114
2023-03-15,0.02217,0.02274,0.01963,0.02007,322945390.5,6892527.568603,29290
2023-03-16,0.02006,0.0215,0.01971,0.02119,259980382.1,5342340.0313,23428
2023-03-17,0.02119,0.0234,0.02092,0.02333,435230539.2,9577674.379162,31245
2023-03-18,0.02333,0.02454,0.02151,0.02231,557787076.4,13161484.570643,41201
2023-03-19,0.02232,0.02349,0.02231,0.02293,192980147.5,4425708.280563,19028
2023-03-20,0.02294,0.02331,0.02098,0.02148,268210952.7,5954922.741143,25908
2023-03-21,0.02147,0.02251,0.02104,0.02241,231520990.2,5060242.464999,21451
2023-03-22,0.02243,0.02265,0.02049,0.0215,243784637.0,5351061.223001,25155
2023-03-23,0.02151,0.02338,0.02129,0.02299,228236070.6,5137658.118083,19352
2023-03-24,0.02301,0.02306,0.02161,0.02206,144756056.2,3241822.418159,13130
2023-03-25,0.02205,0.02232,0.02123,0.02153,91122468.9,1989102.935291,11078
2023-03-26,0.02153,0.02238,0.02143,0.02206,81295149.6,1783317.681373,8806
2023-03-27,0.02206,0.02312,0.021,0.02146,277339755.3,6084751.650552,25667
2023-03-28,0.02144,0.02218,0.02116,0.02202,139794543.0,3020853.522517,14032
2023-03-29,0.02206,0.02323,0.02196,0.02305,162254515.6,3677418.141572,14350
2023-03-30,0.02305,0.02314,0.0222,0.02258,202582334.0,4587604.130532,16369
2023-03-31,0.02258,0.02301,0.0223,0.02295,130760000.5,2957245.888816,10484
2023-04-01,0.02298,0.0235,0.02271,0.02318,153178909.8,3540862.897793,13199
2023-04-02,0.02318,0.0244,0.02238,0.02282,251519892.3,5894046.093684,21577
2023-04-03,0.02282,0.02435,0.02204,0.02394,286011925.0,6655256.988171,25763
2023-04-04,0.02395,0.02604,0.02377,0.02532,518452450.2,12826959.886264,42991
2023-04-05,0.02533,0.02643,0.02427,0.02466,488550500.8,12483904.324118,34838
2023-04-06,0.02467,0.02469,0.02361,0.02395,139859240.1,3368148.434825,13049
2023-04-07,0.02398,0.02407,0.0233,0.02379,123390952.5,2927855.376125,10225
2023-04-08,0.02379,0.02797,0.02366,0.02537,1531487416.5,39824945.185757,126062
2023-04-09,0.02537,0.02597,0.02411,0.02477,353335016.6,8792359.601864,28227
2023-04-10,0.02476,0.02512,0.02404,0.02508,427740143.9,10487410.56658,32818
2023-04-11,0.02508,0.02511,0.02423,0.02434,193269030.9,4779454.922076,18452
2023-04-12,0.02433,0.02442,0.02305,0.02378,171831988.5,4059849.986049,17432
2023-04-13,0.02379,0.02444,0.02358,0.02426,156337274.0,3765304.292893,17109
2023-04-14,0.02425,0.02517,0.02368,0.02458,239778257.0,5886767.784152,23732
2023-04-15,0.02458,0.02507,0.02395,0.02446,173081166.0,4223922.268037,15338
2023-04-16,0.02445,0.025,0.02405,0.02472,147108051.2,3621927.908219,14695
2023-04-17,0.02473,0.02482,0.02341,0.02365,146085311.9,3511338.700386,14184
2023-04-18,0.02363,0.02428,0.02325,0.02415,134474411.7,3220695.703241,13190
2023-04-19,0.02413,0.0243,0.02102,0.0217,288670226.4,6491454.115324,30033
2023-04-20,0.02171,0.022,0.02064,0.02118,155223384.6,3332429.680472,15778
2023-04-21,0.02119,0.02164,0.02002,0.02034,173494205.4,3638334.8036,20007
2023-04-22,0.02034,0.02119,0.02029,0.02113,67945151.5,1400278.087821,7635
2023-04-23,0.02112,0.02122,0.02012,0.02085,99903936.5,2077784.712513,8775
2023-04-24,0.02086,0.02117,0.02044,0.02092,65010277.4,1354279.189,7102
2023-04-25,0.02091,0.02122,0.02023,0.02112,89558103.2,1849563.713546,8949
2023-04-26,0.02111,0.02174,0.01961,0.02059,200048613.3,4177631.661123,20732
2023-04-27,0.02057,0.02139,0.02052,0.02108,103539433.3,2165504.777073,11427
2023-04-28,0.02108,0.0211,0.02044,0.02081,97027916.5,2014431.286455,9824
2023-04-29,0.02082,0.02129,0.02064,0.02129,107077296.2,2241219.998219,10700
2023-04-30,0.02129,0.02205,0.02093,0.02137,215987439.8,4637883.044232,22047
2023-05-01,0.02138,0.02326,0.02091,0.02167,725431421.5,16224785.461585,55521
2023-05-02,0.02166,0.02168,0.02103,0.02125,185480336.8,3950609.560438,13499
2023-05-03,0.02125,0.02129,0.0201,0.02108,204124905.0,4223175.509226,14735
2023-05-04,0.02109,0.02113,0.02053,0.02074,95155284.0,1984312.025708,8926
2023-05-05,0.02074,0.02172,0.02054,0.02151,363285856.5,7702027.648618,22214
2023-05-06,0.02152,0.02173,0.01976,0.01999,241044949.9,4970135.519117,14367
2023-05-07,0.01999,0.02021,0.01938,0.01942,160036823.4,3174473.765192,11761
2023-05-08,0.01941,0.01953,0.01688,0.01784,283553674.7,5168950.472145,24742
2023-05-09,0.01783,0.01813,0.01758,0.01796,134825442.4,2406352.113276,9779
2023-05-10,0.01797,0.01865,0.01733,0.01849,201302237.4,3635874.653123,15870
2023-05-11,0.01848,0.01848,0.01719,0.0179,113641250.1,2023842.098923,10273
2023-05-12,0.0179,0.01812,0.01691,0.01807,131500559.4,2300154.034646,14011
2023-05-13,0.01808,0.01813,0.01644,0.01664,533246348.1,9123634.445607,38789
2023-05-14,0.01665,0.01689,0.01619,0.0166,291753784.2,4833096.614638,20992
2023-05-15,0.0166,0.01757,0.01632,0.01722,219670982.1,3715110.961152,18160
2023-05-16,0.0172,0.01782,0.01689,0.01772,324066469.1,5656315.378056,23538
2023-05-17,0.01773,0.01828,0.01725,0.0182,169164025.1,3004090.766871,21064
2023-05-18,0.01821,0.01826,0.01749,0.01774,151399376.7,2715386.59764,16625
2023-05-19,0.01774,0.01779,0.01728,0.01751,175160290.2,3058368.141507,13599
2023-05-20,0.0175,0.01794,0.01726,0.01783,82321956.7,1445459.136354,7896
2023-05-21,0.01784,0.0179,0.01737,0.01757,74289774.5,1308918.434478,9539
2023-05-22,0.01756,0.01776,0.01706,0.01755,87164255.1,1526821.877297,10977
2023-05-23,0.01756,0.0179,0.01738,0.0178,74385530.4,1318620.749696,9356
2023-05-24,0.01779,0.0179,0.01653,0.01695,128885119.8,2207971.354116,17413
2023-05-25,0.01694,0.01744,0.01634,0.0174,104658556.6,1784798.578746,10648
2023-05-26,0.0174,0.01768,0.01699,0.01745,62948494.4,1089449.738786,7560
2023-05-27,0.01744,0.01755,0.01722,0.01742,65678690.8,1140043.068137,6860
2023-05-28,0.01741,0.01825,0.01731,0.01789,115481826.2,2053005.571451,11893
2023-05-29,0.0179,0.01797,0.01742,0.01751,96873470.2,1714372.507501,12462
2023-05-30,0.01752,0.01779,0.01734,0.01761,111851844.4,1964980.825566,13389
2023-05-31,0.0176,0.01774,0.01689,0.01721,98905974.2,1705638.052047,13141
2023-06-01,0.0172,0.01762,0.01699,0.01741,75224828.0,1305300.279142,9245
2023-06-02,0.01742,0.01822,0.01725,0.01807,86861966.3,1543900.2056,10270
2023-06-03,0.01807,0.01816,0.01766,0.01794,87335315.0,1563844.087182,8452
2023-06-04,0.01795,0.01886,0.01783,0.01798,223835449.5,4114895.420084,24239
2023-06-05,0.01799,0.0181,0.01512,0.01599,259913358.4,4329878.113586,27857
2023-06-06,0.01599,0.01686,0.01558,0.01668,143648879.1,2313181.748439,15264
2023-06-07,0.01668,0.01668,0.01534,0.0156,100994347.5,1618504.529597,10529
2023-06-08,0.0156,0.0165,0.01536,0.01615,81057171.1,1296310.376631,9872
2023-06-09,0.01617,0.01642,0.01571,0.01592,74988721.4,1209991.910015,6074
2023-06-10,0.01593,0.01595,0.01022,0.01197,631296942.0,7872713.729315,49212
2023-06-11,0.01198,0.01199,0.01116,0.01131,215107093.3,2513204.454313,16878
2023-06-12,0.01131,0.01152,0.01075,0.01136,226810305.6,2534228.474234,15666
2023-06-13,0.01136,0.01179,0.01125,0.0117,185065799.0,2133949.315561,13061
2023-06-14,0.0117,0.01189,0.01073,0.01129,175656446.0,2012220.108494,11403
2023-06-15,0.01129,0.01189,0.01108,0.01171,155496728.5,1771267.434292,9044
2023-06-16,0.01171,0.01265,0.01161,0.01224,174480149.2,2096443.091308,12733
2023-06-17,0.01223,0.01251,0.0121,0.01221,96514584.2,1186485.053853,8349
2023-06-18,0.01219,0.01219,0.01136,0.01159,129505622.0,1536365.180841,8089
2023-06-19,0.01158,0.01179,0.01146,0.01176,83566849.9,972815.375395,6946
2023-06-20,0.01176,0.01216,0.01139,0.01213,115946404.9,1362877.050008,7772
2023-06-21,0.01212,0.01327,0.01188,0.0127,263316506.5,3261506.729193,18651
2023-06-22,0.0127,0.01328,0.0118,0.01231,289706826.6,3670163.603326,21450
2023-06-23,0.01231,0.01344,0.01229,0.01316,241941649.4,3104391.564889,16256
2023-06-24,0.01316,0.01666,0.01268,0.01344,1647997207.8,23902343.491097,114091
2023-06-25,0.01345,0.01385,0.01318,0.01342,368366980.0,4974123.58432,19739
2023-06-26,0.01343,0.01473,0.01298,0.0134,509441464.1,7012961.935522,29914
2023-06-27,0.01339,0.01395,0.01335,0.0136,143960918.2,1970148.49347,10030
2023-06-28,0.0136,0.0136,0.01213,0.01259,174273599.5,2264637.064823,11780
2023-06-29,0.01258,0.01312,0.0125,0.01272,118245514.4,1513004.093409,8464
2023-06-30,0.01271,0.01356,0.01195,0.01338,296797169.1,3853110.987576,20991
2023-07-01,0.0134,0.01372,0.01313,0.01371,154773727.1,2082324.864437,11474
2023-07-02,0.01371,0.01372,0.01303,0.01363,111765489.1,1499202.843967,8400
2023-07-03,0.01363,0.01433,0.01353,0.01413,173992782.6,2437122.522264,13534
2023-07-04,0.01412,0.01425,0.01355,0.01376,149728779.2,2088057.647911,10537
2023-07-05,0.01377,0.01405,0.01292,0.01308,129201515.0,1740538.853651,10309
2023-07-06,0.01309,0.01356,0.01253,0.01255,117353881.1,1523585.630463,9561
2023-07-07,0.01256,0.01289,0.01237,0.01287,71989179.4,914593.404349,5741
2023-07-08,0.01288,0.01299,0.01261,0.01291,46132915.3,592858.313028,3814
2023-07-09,0.01291,0.0131,0.01275,0.01284,47254144.6,610793.75229,4050
2023-07-10,0.01287,0.01307,0.0124,0.01288,88799302.5,1126223.666815,7460
2023-07-11,0.01287,0.01311,0.01278,0.01309,65834074.8,853526.024269,6819
2023-07-12,0.0131,0.01327,0.01279,0.01311,67849905.4,888184.01248,5693
2023-07-13,0.01311,0.01423,0.01283,0.01418,111668301.2,1517793.130918,9324
2023-07-14,0.01419,0.01462,0.01326,0.014,191058521.1,2685870.326879,13095
2023-07-15,0.014,0.01447,0.01372,0.01404,105612591.6,1483658.752417,7868
2023-07-16,0.01403,0.0143,0.01362,0.01377,93719580.4,1310178.016933,6827
2023-07-17,0.01378,0.01449,0.01359,0.01418,153249789.8,2153427.727224,10870
2023-07-18,0.01417,0.0144,0.01343,0.01371,89441215.4,1244115.597149,6497
2023-07-19,0.01372,0.01397,0.01338,0.01343,73859354.4,1008195.328612,6424
2023-07-20,0.01344,0.01397,0.01324,0.01347,85816611.4,1167803.431507,7230
2023-07-21,0.01345,0.0137,0.01333,0.01362,38204345.9,517097.562228,4276
2023-07-22,0.01363,0.01372,0.01304,0.01317,64023285.2,859387.609805,4590
2023-07-23,0.01317,0.01351,0.01307,0.01339,45720228.0,606803.401349,3922
2023-07-24,0.01338,0.01359,0.01242,0.01268,115783928.8,1500739.237034,9152
2023-07-25,0.01268,0.01277,0.01249,0.01268,40443670.3,511062.75304,4084
2023-07-26,0.01267,0.01287,0.01235,0.01274,38474138.1,483111.136249,4831
2023-07-27,0.01275,0.01292,0.01259,0.01279,32636094.4,417421.4717,3995
2023-07-28,0.01279,0.01309,0.01272,0.01292,47665650.4,614553.171418,3796
2023-07-29,0.01291,0.01304,0.01285,0.01298,34110096.6,441704.272184,2555
2023-07-30,0.01302,0.01309,0.01245,0.01271,49802360.5,638442.730762,3892
2023-07-31,0.0127,0.01293,0.01254,0.01271,38306719.2,489213.105944,3438
2023-08-01,0.01271,0.01279,0.01214,0.01277,56119808.2,698825.658465,4958
2023-08-02,0.01276,0.01282,0.01226,0.01242,45020728.0,564899.822256,3241
2023-08-03,0.01241,0.01255,0.01232,0.01238,30831349.0,383419.004577,2812
2023-08-04,0.01237,0.01256,0.01217,0.01233,33165788.4,411528.254961,2937
2023-08-05,0.01232,0.01273,0.0122,0.01273,72689022.4,903947.513088,4377
2023-08-06,0.01272,0.01304,0.01268,0.01283,120294405.6,1552475.634578,5584
2023-08-07,0.01283,0.01317,0.01256,0.01284,113867941.0,1471224.259805,6741
2023-08-08,0.01281,0.01305,0.01259,0.01288,67855366.3,868726.736806,4231
2023-08-09,0.01288,0.01326,0.0128,0.01311,95184595.7,1241936.758017,5586
2023-08-10,0.01312,0.01357,0.01259,0.01267,116334859.7,1517435.786282,6797
2023-08-11,0.01267,0.01275,0.01242,0.01262,97424332.3,1222319.54162,3874
2023-08-12,0.01262,0.01296,0.01258,0.01277,69001493.7,883467.336476,4513
2023-08-13,0.01277,0.01317,0.0127,0.01298,86721119.5,1124029.300865,5218
2023-08-14,0.01298,0.0131,0.01262,0.01287,61086430.5,786896.293715,3595
2023-08-15,0.01287,0.01292,0.01102,0.01172,155353933.9,1864463.100809,8820
2023-08-16,0.01172,0.01175,0.01038,0.01082,152039997.1,1691878.112449,8428
2023-08-17,0.01081,0.01097,0.00846,0.00955,208947282.9,2108950.321565,11305
2023-08-18,0.00954,0.00972,0.0094,0.00965,159941791.4,1534040.035507,9149
2023-08-19,0.00965,0.01005,0.00961,0.00992,71436344.5,702633.311948,4655
2023-08-20,0.00992,0.01014,0.00986,0.01007,53631472.1,536021.652316,2993
2023-08-21,0.01007,0.01014,0.00953,0.00982,66677557.5,656829.807485,3755
2023-08-22,0.00983,0.00987,0.00919,0.00971,80076021.2,760238.534103,4911
2023-08-23,0.00969,0.00995,0.00951,0.00984,78202673.1,761228.955368,4630
2023-08-24,0.00985,0.00988,0.00937,0.00951,56620021.1,545835.520152,4448
2023-08-25,0.00951,0.0096,0.00926,0.00959,83195963.3,785912.904506,5424
2023-08-26,0.00959,0.00967,0.00938,0.00943,23716586.1,226094.873533,2195
2023-08-27,0.00942,0.00946,0.00923,0.00933,38802003.7,361541.010913,2487
2023-08-28,0.00932,0.00965,0.00912,0.00951,65195520.4,613886.094487,3946
2023-08-29,0.00951,0.01024,0.00913,0.01011,134350318.7,1296411.270262,7856
2023-08-30,0.01013,0.01015,0.00985,0.00996,90166299.6,900624.460115,5928
2023-08-31,0.00996,0.01001,0.00926,0.00944,59168284.7,574885.00184,3679
2023-09-01,0.00943,0.00947,0.00906,0.00912,51003221.0,472984.156529,3391
2023-09-02,0.00912,0.00944,0.00911,0.00933,45301305.1,420843.529358,3663
2023-09-03,0.00933,0.00939,0.00899,0.00907,44507462.3,407002.389801,3192
2023-09-04,0.00906,0.00967,0.00906,0.00919,101579566.0,949017.543115,7114
2023-09-05,0.00918,0.01089,0.00906,0.01018,933071060.1,9440333.24948,52754
2023-09-06,0.01018,0.0108,0.00923,0.00961,577680887.7,5755021.621909,26898
2023-09-07,0.0096,0.00976,0.00933,0.00971,109221265.5,1041370.05649,6802
2023-09-08,0.00971,0.00987,0.00949,0.00975,138315932.8,1337858.259472,8992
2023-09-09,0.00974,0.01015,0.00965,0.00978,136236074.5,1341888.06295,7907
2023-09-10,0.00977,0.00977,0.0087,0.00908,135427028.6,1254090.762622,9115
2023-09-11,0.00908,0.00939,0.00848,0.00878,748406859.8,6766808.049141,24861
2023-09-12,0.00877,0.00928,0.00875,0.00896,109002903.6,982978.580404,5411
2023-09-13,0.00895,0.00929,0.00893,0.00919,84536207.4,771669.578401,4341
2023-09-14,0.0092,0.00945,0.00909,0.0093,92455840.0,856293.903926,3646
2023-09-15,0.00931,0.00955,0.0092,0.00951,100794686.8,942222.851714,6152
2023-09-16,0.00952,0.00977,0.00944,0.00969,119337262.3,1146576.908412,5927
2023-09-17,0.00968,0.00968,0.00893,0.00909,114079439.7,1061103.66676,5281
2023-09-18,0.00908,0.00931,0.00893,0.00913,90124685.5,824508.832735,4568
2023-09-19,0.00913,0.00951,0.00909,0.00944,92905510.4,867285.413218,4061
2023-09-20,0.00946,0.00955,0.00917,0.00942,225278523.4,2118023.617469,8862
2023-09-21,0.00942,0.00956,0.00911,0.0093,67836182.3,633302.639973,4199
2023-09-22,0.0093,0.00953,0.00918,0.0095,78542000.7,735411.610597,4919
2023-09-23,0.0095,0.00974,0.00942,0.00973,116859543.3,1117839.274058,5553
2023-09-24,0.00972,0.00972,0.00917,0.00924,89050084.5,841699.285675,4256
2023-09-25,0.00922,0.00976,0.00906,0.00971,79862995.5,754977.383951,4851
2023-09-26,0.0097,0.01012,0.00958,0.0101,157480704.9,1542354.032506,7446
2023-09-27,0.01009,0.01044,0.00974,0.01006,186274686.7,1867887.631413,8064
2023-09-28,0.01006,0.01073,0.01003,0.01028,164835195.1,1708510.176449,8129
2023-09-29,0.01028,0.0109,0.01021,0.01054,121130236.4,1285131.680747,7599
2023-09-30,0.01055,0.01066,0.01024,0.01034,96000933.7,1001999.223553,5163
2023-10-01,0.01033,0.01068,0.01025,0.01059,109193851.4,1140015.644759,5718
2023-10-02,0.01061,0.01066,0.00932,0.00976,144103804.8,1462874.153099,6405
2023-10-03,0.00976,0.00985,0.00932,0.00938,96916362.8,932260.585893,5007
2023-10-04,0.00938,0.0095,0.00895,0.0094,98706580.1,918439.208848,5532
2023-10-05,0.0094,0.00959,0.00927,0.00927,57016650.7,538080.516114,4045
2023-10-06,0.00928,0.00954,0.00924,0.00944,43134210.6,405209.905263,2957
2023-10-07,0.00944,0.00958,0.00942,0.00954,39739287.7,377866.992569,1971
2023-10-08,0.00955,0.0096,0.00934,0.00951,48077127.7,455303.874447,2213
2023-10-09,0.00951,0.00963,0.00875,0.00898,120544917.4,1103764.921617,6622
2023-10-10,0.00898,0.00907,0.00872,0.00885,67761100.9,602933.254809,3268
2023-10-11,0.00884,0.00889,0.00853,0.00875,53192941.4,464278.273788,4251
2023-10-12,0.00876,0.00887,0.00859,0.00883,43883972.2,384755.750913,3337
2023-10-13,0.00883,0.00914,0.00881,0.00893,54157767.0,484827.664082,4028
2023-10-14,0.00893,0.00924,0.00892,0.00899,61455855.5,556337.886719,4323
2023-10-15,0.009,0.00932,0.0089,0.00916,80841930.8,736891.46974,6107
2023-10-16,0.00916,0.00956,0.00912,0.00929,91896695.4,853838.439876,6669
2023-10-17,0.00929,0.00932,0.0087,0.00886,76984641.7,693364.092306,5130
2023-10-18,0.00883,0.00906,0.00867,0.00878,62860608.0,555997.474139,3260
2023-10-19,0.00878,0.00889,0.00855,0.00879,55927021.5,491075.174427,3662
2023-10-20,0.0088,0.00933,0.00879,0.00928,73744843.3,674238.175911,4915
2023-10-21,0.00928,0.00966,0.00925,0.00951,80757506.5,764217.470461,5084
2023-10-22,0.00951,0.01006,0.00932,0.01003,239984391.0,2341839.036593,14412
2023-10-23,0.01003,0.0134,0.00982,0.01297,2576226853.0,30546641.926516,149535
2023-10-24,0.01296,0.01307,0.011,0.01216,1006174557.7,12167126.307731,52979
2023-10-25,0.01216,0.01348,0.01161,0.01284,676510586.1,8424380.208902,42756
2023-10-26,0.01285,0.01327,0.0115,0.01263,384236281.5,4789452.167153,32783
2023-10-27,0.01265,0.01343,0.01193,0.01215,381878102.0,4798253.703996,34190
2023-10-28,0.01215,0.01241,0.01175,0.01187,175720098.6,2123937.831535,13989
2023-10-29,0.01187,0.01217,0.01163,0.01205,132371652.5,1578077.678666,11694
2023-10-30,0.01206,0.01233,0.01169,0.01192,130521838.9,1573140.58364,12668
2023-10-31,0.01191,0.01223,0.01112,0.01153,175407943.4,2057222.106552,17453
2023-11-01,0.01153,0.01216,0.01107,0.01208,190508939.4,2205414.786722,19485
2023-11-02,0.01208,0.0124,0.01143,0.01184,189408614.6,2281144.600977,18595
2023-11-03,0.01184,0.01201,0.0113,0.01186,150168193.0,1756161.592452,13548
2023-11-04,0.01187,0.01239,0.01182,0.0123,126388626.4,1528276.92953,12360
2023-11-05,0.01231,0.01428,0.01217,0.01319,651784725.9,8792060.991317,44234
2023-11-06,0.01321,0.01401,0.01292,0.01387,433993449.6,5877126.618922,22378
2023-11-07,0.01387,0.01415,0.01288,0.01348,282786700.0,3820833.269755,19030
2023-11-08,0.01348,0.01371,0.01323,0.01356,146775107.4,1980538.639631,10390
2023-11-09,0.01357,0.01494,0.0111,0.01292,581778309.7,7739082.409466,43821
2023-11-10,0.01292,0.01331,0.01236,0.01322,269286041.5,3476541.756337,17501
2023-11-11,0.01322,0.01433,0.013,0.01402,338552209.6,4633788.433921,25137
2023-11-12,0.01402,0.01466,0.01332,0.01423,334095194.3,4731203.175172,28117
2023-11-13,0.01425,0.015,0.013,0.01334,377298188.7,5305966.990493,29709
2023-11-14,0.01334,0.01364,0.012,0.01264,270952584.3,3512010.620579,20802
2023-11-15,0.01263,0.0133,0.01259,0.01321,182078482.0,2355935.003735,12517
2023-11-16,0.01322,0.0135,0.01228,0.01249,238188461.3,3071497.737236,18367
2023-11-17,0.01248,0.01287,0.01171,0.01238,216932326.1,2652233.055903,13773
2023-11-18,0.01237,0.01266,0.01175,0.01231,256574429.6,3135543.463938,14735
2023-11-19,0.01229,0.01251,0.01195,0.01245,138306673.5,1694564.580924,8250
2023-11-20,0.01247,0.01395,0.01234,0.01258,502526574.0,6561437.82972,28582
2023-11-21,0.01259,0.01277,0.01089,0.01107,371298264.9,4418822.138601,21178
2023-11-22,0.01107,0.01204,0.01104,0.01191,134742659.9,1562510.800356,8202
2023-11-23,0.01193,0.01216,0.01163,0.01185,95023669.0,1133478.652232,5860
2023-11-24,0.01186,0.0123,0.01182,0.01213,156960486.9,1891661.11033,10380
2023-11-25,0.01215,0.0127,0.01205,0.01266,136337765.4,1699384.320842,9555
2023-11-26,0.01268,0.01268,0.01192,0.01261,166683474.0,2067413.902411,10382
2023-11-27,0.01262,0.01348,0.01215,0.01249,551671004.6,7051390.01609,33945
2023-11-28,0.01247,0.0126,0.01176,0.01256,199264188.8,2426865.213023,12153
2023-11-29,0.01257,0.01293,0.01227,0.0124,179535642.0,2261498.28856,11365
2023-11-30,0.01238,0.01246,0.0121,0.0123,96928674.5,1190454.226548,6539
2023-12-01,0.0123,0.01247,0.01199,0.01241,124143638.6,1529419.323255,7301
2023-12-02,0.01242,0.01306,0.01241,0.0129,148035988.1,1886784.456881,11867
2023-12-03,0.0129,0.01328,0.01239,0.01282,175653568.5,2254861.975091,12266
2023-12-04,0.01282,0.01453,0.01204,0.01358,593889736.2,7989016.707721,41137
2023-12-05,0.0136,0.01682,0.01339,0.0152,1297447018.3,19458353.38337,107015
2023-12-06,0.0152,0.0159,0.01371,0.01378,535038016.6,7828188.16113,39807
2023-12-07,0.0138,0.01425,0.01311,0.01411,386779402.7,5293563.724613,25578
2023-12-08,0.01412,0.01473,0.01393,0.01462,187491459.6,2665962.878135,15771
2023-12-09,0.01462,0.01479,0.01396,0.01417,202687790.9,2925875.028243,18116
2023-12-10,0.01418,0.01477,0.01382,0.01447,148127541.2,2119575.08242,12994
2023-12-11,0.01448,0.0146,0.0121,0.01314,312931339.2,4145663.624214,25991
2023-12-12,0.01315,0.01353,0.01281,0.01313,192430082.3,2539866.392408,13005
2023-12-13,0.01316,0.0135,0.0124,0.01335,166711816.8,2144673.442998,13825
2023-12-14,0.01336,0.01381,0.01278,0.0138,236758315.6,3192576.660991,19520
2023-12-15,0.01382,0.01382,0.01295,0.01301,178077943.8,2384296.292947,13408
2023-12-16,0.01302,0.01429,0.01285,0.01421,308534384.5,4215998.904292,25696
2023-12-17,0.0142,0.0143,0.01303,0.01313,246195524.6,3346983.704076,19988
2023-12-18,0.01313,0.01332,0.01197,0.01274,265969761.2,3338096.238933,19058
2023-12-19,0.01274,0.01309,0.01261,0.01279,205959604.1,2656136.672151,13966
2023-12-20,0.01278,0.01339,0.01267,0.01314,157219945.0,2054871.443279,12000
2023-12-21,0.01315,0.01346,0.01293,0.01338,202930291.2,2672861.1867,13991
2023-12-22,0.01338,0.014,0.0132,0.01395,432500881.9,5896965.232238,29647
2023-12-23,0.01395,0.01422,0.01344,0.01408,305696550.3,4232464.758668,20528
2023-12-24,0.0141,0.0144,0.01308,0.01343,470189899.4,6590750.72991,31887
2023-12-25,0.01343,0.01454,0.01336,0.01414,373166172.9,5239539.933569,27037
2023-12-26,0.01416,0.01514,0.01331,0.01492,568963137.0,8202969.823483,41262
2023-12-27,0.01491,0.01525,0.01408,0.01464,409657057.7,5981371.511381,31694
2023-12-28,0.01464,0.01485,0.01357,0.0138,260328055.4,3695253.192648,23008
2023-12-29,0.0138,0.01434,0.01332,0.01376,214758069.2,2966968.499435,20036
2023-12-30,0.01377,0.01386,0.0133,0.01344,129133168.1,1754465.317965,9964
2023-12-31,0.01344,0.01359,0.01226,0.0128,168769530.6,2234371.2254,14070
2024-01-01,0.0128,0.0135,0.01244,0.0134,190218844.9,2450638.104126,17876
2024-01-02,0.0134,0.0138,0.0132,0.01335,205976735.4,2786378.496479,19351
2024-01-03,0.01335,0.07294,0.01057,0.02194,19529985904.3,597633282.460624,2459821
2024-01-04,0.02195,0.03169,0.02019,0.02355,11791917899.2,303638929.206586,1178525
2024-01-05,0.02357,0.045,0.02297,0.04005,11524441784.8,374672582.140256,1584899
2024-01-06,0.04,0.04675,0.0356,0.03858,7051624699.2,292382421.356458,1380094
2024-01-07,0.03857,0.05789,0.03484,0.04231,8393693158.8,385997450.777083,1889796
2024-01-08,0.0423,0.0482,0.03334,0.03723,4393786605.0,181106173.096653,879237
2024-01-09,0.03722,0.0405,0.03009,0.03214,2703380653.0,95153117.104649,440951
2024-01-10,0.03213,0.0358,0.03,0.03447,2309814570.5,76879071.444048,394588
2024-01-11,0.03447,0.0402,0.03163,0.04006,2060221304.7,73424573.908691,399225
2024-01-12,0.04006,0.04708,0.03615,0.03858,3280663471.6,140807123.371664,737795
2024-01-13,0.03858,0.0439,0.03685,0.03735,1607406277.2,64041689.23211,345913
2024-01-14,0.03735,0.03826,0.03545,0.03581,1120737677.5,41115295.051871,188603
2024-01-15,0.03581,0.03759,0.03459,0.03598,667876122.0,24017091.655417,113012
2024-01-16,0.03599,0.03634,0.0337,0.03535,547956073.6,19130884.467505,101465
2024-01-17,0.03534,0.03634,0.03322,0.03392,490932971.3,17108002.922649,94293
2024-01-18,0.03392,0.03537,0.03176,0.03197,700489718.1,23479431.84173,125938
2024-01-19,0.03197,0.033,0.02974,0.03213,601707486.6,19042691.326672,97042
2024-01-20,0.03213,0.03555,0.03139,0.03521,872371582.8,29403256.994345,159812
2024-01-21,0.03519,0.03596,0.03234,0.03248,470530815.9,16037472.7141,79325
2024-01-22,0.03247,0.03269,0.03,0.03053,354589769.1,11123658.989365,70301
2024-01-23,0.03053,0.03154,0.02714,0.02853,445217393.9,12938399.189508,76225
2024-01-24,0.02852,0.02915,0.0277,0.02853,205792302.1,5833028.204263,41894
2024-01-25,0.02853,0.02864,0.02656,0.02719,216348278.5,5945374.455162,35899
2024-01-26,0.02718,0.02843,0.0269,0.02818,225675160.8,6270843.905606,30493
2024-01-27,0.0282,0.02993,0.02692,0.02919,451258314.7,12667512.05767,59635
2024-01-28,0.02918,0.02956,0.02608,0.02641,326701769.1,9054503.654869,40003
2024-01-29,0.02642,0.02775,0.02616,0.02731,243395922.3,6565222.836046,26530
2024-01-30,0.02732,0.02844,0.02686,0.02738,296818923.6,8201579.589675,33990
2024-01-31,0.02737,0.02753,0.02505,0.0255,272462064.0,7151920.170045,33568
2024-02-01,0.02549,0.0297,0.02506,0.02761,1028640813.5,28764809.822045,143130
2024-02-02,0.02763,0.02872,0.02542,0.02567,548826186.9,14688389.181309,59472
2024-02-03,0.02568,0.02615,0.02512,0.02596,258096948.7,6607957.941623,27689
2024-02-04,0.02596,0.02629,0.02517,0.02545,230615733.9,5936230.95624,28753
2024-02-05,0.02544,0.02579,0.02438,0.02554,224339325.7,5647536.553798,29154
2024-02-06,0.02556,0.02817,0.02488,0.02491,757648716.5,19813692.399891,89569
2024-02-07,0.02492,0.0271,0.0245,0.02693,368552288.4,9511341.526459,39424
2024-02-08,0.02693,0.02887,0.02647,0.02685,505082415.6,13766693.247824,57572
2024-02-09,0.02686,0.02867,0.02676,0.02777,417544716.6,11573836.482485,49702
2024-02-10,0.02779,0.02997,0.02759,0.02793,421643450.2,12069417.493341,52369
2024-02-11,0.02794,0.0295,0.02784,0.02841,307727909.8,8827986.181635,36990
2024-02-12,0.02842,0.02964,0.02766,0.02954,300047134.0,8601400.244988,43773
2024-02-13,0.02953,0.03146,0.0284,0.03005,807427593.4,24322407.541864,111416
2024-02-14,0.03005,0.03039,0.02909,0.02999,296573915.1,8850538.506564,37699
2024-02-15,0.02999,0.03065,0.02914,0.02962,404114368.6,12136852.996453,52402
2024-02-16,0.02962,0.03134,0.02942,0.03033,294786105.7,8917338.237836,48653
2024-02-17,0.03033,0.0313,0.02917,0.03105,320778062.6,9714284.774611,40523
2024-02-18,0.03106,0.03242,0.03039,0.03114,331010292.8,10348753.716232,42751
2024-02-19,0.03116,0.03368,0.03089,0.03305,387302627.6,12471457.241339,65702
2024-02-20,0.03304,0.03347,0.028,0.02981,388789263.4,11961603.334383,69216
2024-02-21,0.0298,0.02997,0.02764,0.02878,222431130.0,6394023.439416,38398
2024-02-22,0.02878,0.0294,0.02808,0.02878,144070207.1,4164051.673607,31835
2024-02-23,0.0288,0.02969,0.02822,0.0292,235194082.6,6815342.677052,41710
2024-02-24,0.02919,0.03026,0.02865,0.02987,161264821.7,4788866.927769,29810
2024-02-25,0.02988,0.03015,0.0289,0.0294,102085044.4,3007474.472364,23292
2024-02-26,0.0294,0.03104,0.02853,0.03049,203203866.3,6045312.048065,42001
2024-02-27,0.03049,0.03562,0.03024,0.03288,1066834805.9,35088371.117952,192426
2024-02-28,0.03288,0.03511,0.02843,0.03211,893649807.1,29462369.329062,158911
2024-02-29,0.03211,0.0552,0.03186,0.04613,4292668345.3,195502950.88606,1194156
2024-03-01,0.04613,0.05287,0.04197,0.04949,2194956882.9,100468050.401488,499386
2024-03-02,0.04947,0.05969,0.04687,0.04896,1802714094.1,92375242.359295,475019
2024-03-03,0.04896,0.05175,0.04003,0.04669,1348680337.2,62876560.68588,331010
2024-03-04,0.04669,0.0632,0.04399,0.0544,3019330926.0,169532741.481241,880075
2024-03-05,0.05439,0.07,0.03424,0.04255,3516564363.6,187688071.188281,899818
2024-03-06,0.04254,0.04988,0.04059,0.0453,1358183996.8,61470725.032696,284211
2024-03-07,0.0453,0.04827,0.04305,0.04547,805127495.5,36084311.882419,158880
2024-03-08,0.04547,0.05152,0.04146,0.05023,1434774407.2,69978839.248104,387823
2024-03-09,0.05023,0.05393,0.04759,0.04925,869778969.5,43193556.394803,187876
2024-03-10,0.04926,0.05245,0.04533,0.04979,1009947911.1,49901726.368727,251062
2024-03-11,0.04979,0.0505,0.0467,0.0497,604096448.6,29343704.924841,142873
2024-03-12,0.04969,0.05108,0.04305,0.0478,653681471.6,31006485.260663,196103
2024-03-13,0.04781,0.05043,0.04727,0.04969,493213401.0,24268797.28373,128410
2024-03-14,0.04969,0.054,0.0475,0.05142,1279602283.4,64434395.380223,330578
2024-03-15,0.05144,0.05658,0.04222,0.04572,1196884817.8,57555958.059575,330037
2024-03-16,0.04574,0.04619,0.03855,0.04006,709089105.1,30365090.469761,153390
2024-03-17,0.04006,0.04262,0.03745,0.04194,422169888.4,17055329.191891,97433
2024-03-18,0.04191,0.04219,0.0375,0.03849,377531230.1,14985635.113032,89511
2024-03-19,0.03847,0.03906,0.033,0.03481,770384578.4,27159667.575796,162459
2024-03-20,0.03482,0.03897,0.03304,0.03876,505782346.4,18072041.666685,119760
2024-03-21,0.03877,0.0395,0.03734,0.03919,341390338.2,13183296.757652,81683
2024-03-22,0.03919,0.04027,0.03657,0.03866,370602354.0,14318093.489667,85012
2024-03-23,0.03867,0.04019,0.03772,0.03877,294623951.3,11527655.372101,62660
2024-03-24,0.03876,0.04053,0.03769,0.04031,196118665.3,7620395.680989,41706
2024-03-25,0.0403,0.04304,0.03995,0.04208,312496506.3,13018898.542536,72939
2024-03-26,0.04206,0.04337,0.0405,0.04183,238021384.2,10031653.196195,63639
2024-03-27,0.04183,0.04288,0.03845,0.0389,238336898.0,9593970.831732,67989
2024-03-28,0.03889,0.0403,0.03792,0.03985,257473459.6,10128304.158004,40652
2024-03-29,0.03983,0.04017,0.03823,0.03905,130366430.9,5114005.652438,22345
2024-03-30,0.03905,0.04189,0.03874,0.03923,328977647.9,13166202.829511,44909
2024-03-31,0.03921,0.04031,0.03891,0.04026,146172705.2,5801141.502947,19468
2024-04-01,0.04027,0.04038,0.03492,0.03718,430267059.1,16104321.695537,54538
2024-04-02,0.03718,0.0372,0.03362,0.03483,262707992.2,9183772.67906,41386
2024-04-03,0.03485,0.03635,0.03301,0.0343,205221216.0,7180553.806818,29127
2024-04-04,0.03428,0.03641,0.03316,0.0356,142778256.1,4977591.533935,19508
2024-04-05,0.03557,0.03558,0.03306,0.03462,120681455.7,4142082.62249,18766
2024-04-06,0.03462,0.03603,0.03447,0.03561,117562923.7,4149684.815742,15126
2024-04-07,0.0356,0.03755,0.03541,0.03661,221218742.3,8108826.328281,26534
2024-04-08,0.03664,0.03896,0.03579,0.03872,184486110.8,6907942.024927,26289
2024-04-09,0.03872,0.04214,0.03579,0.03597,814500896.9,32132746.202948,109022
2024-04-10,0.03595,0.03658,0.03378,0.03584,241396521.8,8583682.348564,33279
2024-04-11,0.03585,0.03649,0.03491,0.03542,85552155.8,3053696.429682,14696
2024-04-12,0.03537,0.03625,0.02297,0.02682,515854992.1,15085560.705571,83994
2024-04-13,0.02682,0.02704,0.018,0.02188,800949412.6,18757037.232838,91490
2024-04-14,0.02187,0.02495,0.021,0.02432,527779148.9,12214367.20431,56749
2024-04-15,0.02432,0.02565,0.02224,0.02326,337758472.5,8159832.083654,37242
2024-04-16,0.02327,0.02415,0.02197,0.02383,202826070.9,4721056.210233,27219
2024-04-17,0.02383,0.02456,0.02254,0.02378,227648518.6,5342612.371973,24820
2024-04-18,0.02377,0.02465,0.02282,0.02409,205213298.8,4886148.001682,23402
2024-04-19,0.0241,0.02559,0.02202,0.02496,257332837.0,6277257.594318,29415
2024-04-20,0.02496,0.02773,0.02444,0.02723,243308221.8,6335802.245631,27131
2024-04-21,0.02721,0.02765,0.0258,0.02657,206542111.3,5538917.452574,22639
2024-04-22,0.02656,0.02767,0.02622,0.02724,171251755.6,4639336.364537,20235
2024-04-23,0.02723,0.02938,0.02654,0.02803,341358779.2,9580555.856132,36663
2024-04-24,0.02802,0.02996,0.02596,0.02633,405267097.9,11515707.77205,41563
2024-04-25,0.02636,0.02815,0.02527,0.02691,345727613.6,9149472.516638,34958
2024-04-26,0.02691,0.02725,0.02581,0.02647,181391581.8,4816873.977653,30153
2024-04-27,0.02648,0.0267,0.02457,0.02613,163226688.5,4211169.111179,24864
2024-04-28,0.02613,0.0269,0.02511,0.02524,150730882.8,3938238.379714,16618
2024-04-29,0.02523,0.02537,0.02369,0.02475,220448667.4,5382739.554829,27235
2024-04-30,0.02478,0.02528,0.02204,0.02278,214635492.1,4994494.564211,30180
2024-05-01,0.02279,0.02369,0.02097,0.02308,318856416.9,7087959.423423,47184
2024-05-02,0.02306,0.02413,0.02217,0.02381,163504045.3,3796449.515957,24459
2024-05-03,0.0238,0.02692,0.02346,0.0257,282350339.3,7118452.317609,45733
2024-05-04,0.0257,0.02664,0.02552,0.02579,222117376.3,5780632.884314,30809
2024-05-05,0.0258,0.0271,0.02512,0.02657,195297752.2,5071824.70418,29993
2024-05-06,0.02657,0.0279,0.02574,0.02583,228762509.4,6095197.937326,38042
2024-05-07,0.02584,0.02846,0.02533,0.02543,349927080.9,9418493.932631,69010
2024-05-08,0.02542,0.02562,0.02437,0.02513,192660032.8,4816818.954238,35412
2024-05-09,0.02512,0.0325,0.02507,0.02952,2191285621.8,64363951.36785,421223
2024-05-10,0.0295,0.03092,0.02671,0.02758,848884605.8,24617147.056064,129691
2024-05-11,0.02759,0.03268,0.02756,0.0307,1037580812.9,31766504.216537,176409
2024-05-12,0.0307,0.03134,0.02967,0.03013,361917010.6,11024866.313379,59430
2024-05-13,0.03014,0.03329,0.02788,0.03201,987492152.7,29981281.769392,215717
2024-05-14,0.03201,0.039,0.03152,0.03439,2048799169.7,72008703.809789,494904
2024-05-15,0.03439,0.05314,0.03439,0.05075,4225260166.2,191098731.505272,928760
2024-05-16,0.05076,0.0562,0.04486,0.04973,3158180345.3,158416158.047149,733650
2024-05-17,0.04972,0.05649,0.04634,0.04938,2576650885.3,130624161.182486,603005
2024-05-18,0.04938,0.052,0.0438,0.04571,1309447475.1,62238196.559732,386298
2024-05-19,0.04572,0.04656,0.04313,0.04448,798733414.4,35777492.383871,185442
2024-05-20,0.04448,0.04684,0.04205,0.04519,1150975729.9,50907296.723157,247760
2024-05-21,0.0452,0.0525,0.04276,0.05055,2307844376.6,109139951.393398,602990
2024-05-22,0.05053,0.06825,0.05006,0.06571,4270004415.5,262145672.140015,1122414
2024-05-23,0.06571,0.088,0.06279,0.08238,4953898671.0,356906937.535309,1610418
2024-05-24,0.08238,0.0873,0.07729,0.08281,2204346648.1,181616934.062326,810896
2024-05-25,0.08284,0.0985,0.073,0.07711,3676274283.7,308140535.08494,1116147
2024-05-26,0.07706,0.08575,0.07502,0.07555,2627378981.5,209388984.74994,699740
2024-05-27,0.07556,0.0865,0.07464,0.08113,2315131851.1,186237099.261232,747160
2024-05-28,0.08114,0.0965,0.075,0.08614,3265437572.3,275543395.854128,1313925
2024-05-29,0.08615,0.08883,0.0784,0.07936,1703610413.1,142458201.320037,663858
2024-05-30,0.07934,0.08517,0.07368,0.07603,1469633901.2,114719964.68505,429015
2024-05-31,0.07601,0.08711,0.07472,0.08525,1976197562.6,161342565.210562,692500
2024-06-01,0.08523,0.11382,0.08309,0.11017,3371683117.5,342689053.69082,1224064
2024-06-02,0.11019,0.14,0.10608,0.11533,3289097084.3,388248407.649933,1430987
2024-06-03,0.11536,0.1172,0.1008,0.10698,2027558033.6,219395181.24021,848126
2024-06-04,0.10702,0.11467,0.10411,0.10497,1207070312.7,131108693.654845,537954
2024-06-05,0.10497,0.12461,0.10176,0.11968,1596756848.4,175524907.836806,671163
2024-06-06,0.11967,0.1329,0.11339,0.1156,1966791851.0,239128932.601881,893713
2024-06-07,0.11561,0.12477,0.10086,0.10903,1272997310.0,147587180.123829,699386
2024-06-08,0.10903,0.13888,0.10823,0.135,2085935072.1,260684302.566693,1063054
2024-06-09,0.13503,0.144,0.12271,0.12664,1977540422.8,266094112.995924,980786
2024-06-10,0.1267,0.1415,0.12112,0.12694,1400353259.6,181572712.369248,681376
2024-06-11,0.12696,0.13319,0.10801,0.11398,2165802582.0,259813435.766359,947660
2024-06-12,0.114,0.12992,0.10433,0.10937,1932998081.9,221776563.923559,889891
2024-06-13,0.10938,0.11548,0.10429,0.10873,1102303999.9,121671714.55527,519864
2024-06-14,0.10872,0.12,0.1055,0.11648,1220454053.2,137162452.771109,631965
2024-06-15,0.11646,0.11646,0.10746,0.11179,639985359.0,70824164.800364,307997
2024-06-16,0.11182,0.1147,0.10651,0.10995,680137735.9,75416834.274367,344181
2024-06-17,0.10994,0.11115,0.08666,0.08872,1405162045.5,134279125.691244,490978
2024-06-18,0.08871,0.09153,0.079,0.08914,1159911829.5,100517276.392647,450841
2024-06-19,0.08914,0.09287,0.08278,0.08421,958825010.1,83504499.167252,382419
2024-06-20,0.08416,0.09079,0.08323,0.08433,564387936.2,49143487.488613,226793
2024-06-21,0.08433,0.0844,0.0768,0.08062,689462883.8,55196561.636309,236087
2024-06-22,0.08063,0.0838,0.07858,0.07992,416009544.5,33682735.586988,151507
2024-06-23,0.07991,0.09437,0.07937,0.0845,1211183352.5,106391816.655069,417107
2024-06-24,0.08449,0.09089,0.076,0.09011,1146642183.8,97102955.2604,432043
2024-06-25,0.0901,0.09699,0.08755,0.09544,770736870.7,70798765.238918,339799
2024-06-26,0.09545,0.09843,0.089,0.08936,503943686.2,46648068.13545,208380
2024-06-27,0.08937,0.09074,0.08496,0.08927,542910487.6,47637438.096919,217082
2024-06-28,0.08927,0.095,0.08681,0.08819,730081553.5,66220961.891523,339565
2024-06-29,0.08819,0.09522,0.08792,0.09219,449825628.4,41562022.954381,219805
2024-06-30,0.09219,0.09535,0.08701,0.09444,485584186.6,44366304.659501,229724
2024-07-01,0.09445,0.1018,0.0916,0.09204,492731244.7,47227122.775903,272105
2024-07-02,0.09202,0.09477,0.0883,0.0893,285687761.0,26086271.378188,134081
2024-07-03,0.0893,0.09005,0.08079,0.08176,283857675.4,24108178.190804,135641
2024-07-04,0.08173,0.08282,0.0531,0.0546,2323981803.8,148415563.572318,652048
2024-07-05,0.0546,0.05595,0.04553,0.04687,3289417633.0,167809567.867181,753354
2024-07-06,0.04686,0.06165,0.04612,0.05883,2490301958.9,133864817.491704,558927
2024-07-07,0.05883,0.05924,0.05084,0.05143,1459779888.3,79612598.469313,337547
2024-07-08,0.05144,0.06021,0.04833,0.05551,1732316555.3,95077629.204107,403366
2024-07-09,0.05551,0.06043,0.05473,0.0575,786431852.6,45352163.606639,209491
2024-07-10,0.05748,0.06365,0.056,0.06331,940865165.7,56578283.657774,261095
2024-07-11,0.06331,0.06432,0.05709,0.05745,708650940.9,43153424.194594,239350
2024-07-12,0.05745,0.0599,0.05605,0.05882,410378399.6,23759451.434798,160290
2024-07-13,0.05883,0.06157,0.05462,0.05665,530664335.0,30818253.870594,186015
2024-07-14,0.05667,0.07163,0.05623,0.06686,2432120556.2,163292892.079563,773888
2024-07-15,0.06685,0.0779,0.06608,0.07589,1836588310.3,129293969.839538,644156
2024-07-16,0.07586,0.08284,0.06726,0.08131,1949722543.0,145329211.13074,733730
2024-07-17,0.08132,0.08543,0.07758,0.0812,1116075211.3,90651506.248866,603028
2024-07-18,0.0812,0.0834,0.0768,0.08112,812162586.6,65287799.666999,412197
2024-07-19,0.08114,0.08765,0.07857,0.08517,1110621194.2,93647468.311429,578767
2024-07-20,0.08515,0.08917,0.0834,0.08577,626029215.5,54093381.509232,362097
2024-07-21,0.08577,0.08975,0.08159,0.08766,615203050.0,52787566.950205,351952
2024-07-22,0.08766,0.08832,0.07877,0.08005,574181324.6,47600322.769291,326003
2024-07-23,0.08007,0.08413,0.07528,0.07817,633679707.0,50145784.156185,305133
2024-07-24,0.07811,0.08388,0.07733,0.07966,600674878.2,48405523.753187,258533
2024-07-25,0.07961,0.08069,0.0725,0.07663,734147794.7,56398336.782255,326564
2024-07-26,0.07664,0.08259,0.07592,0.08162,421887710.2,33788770.514108,193583
2024-07-27,0.08158,0.086,0.07878,0.08148,542910145.0,44667279.144956,233982
2024-07-28,0.08147,0.08189,0.07715,0.07886,314658666.7,24925860.597601,125781
2024-07-29,0.07886,0.08087,0.0756,0.07629,366466872.8,28867019.751517,148018
2024-07-30,0.0763,0.07767,0.07111,0.07241,290997860.6,21793758.654517,116667
2024-07-31,0.07241,0.07371,0.06881,0.0689,300552365.7,21507239.477751,127583
2024-08-01,0.0689,0.06992,0.06085,0.06545,570517026.7,37304510.219257,256798
2024-08-02,0.06545,0.06884,0.06203,0.06317,552159057.5,35940814.819488,300716
2024-08-03,0.06317,0.06479,0.05707,0.05755,434449409.6,26501045.693535,244585
2024-08-04,0.05754,0.05994,0.05095,0.05294,566865545.1,31506352.36534,266845
2024-08-05,0.05294,0.05395,0.04254,0.04834,1586360759.6,74997062.654388,635866
2024-08-06,0.04834,0.05663,0.04815,0.05463,858852332.4,46104969.784788,355296
2024-08-07,0.05462,0.05738,0.05177,0.05255,594321746.4,32600187.384317,336822
2024-08-08,0.05256,0.06242,0.05123,0.06169,583762189.1,33421386.131729,287600
2024-08-09,0.06169,0.06298,0.05837,0.06012,333932479.0,20140414.273549,244627
2024-08-10,0.06011,0.0611,0.05843,0.05975,174922114.5,10421097.898148,97503
2024-08-11,0.05975,0.06157,0.05301,0.05326,314582539.5,17994859.93748,143968
2024-08-12,0.05326,0.06077,0.05277,0.06038,500103200.4,28191727.588908,264914
2024-08-13,0.06038,0.06389,0.05689,0.05814,618713735.7,37015145.64068,303599
2024-08-14,0.05814,0.05824,0.05325,0.05419,386391003.8,21550611.011762,223240
2024-08-15,0.05418,0.05485,0.04924,0.05053,387188483.3,20192652.594907,217806
2024-08-16,0.05054,0.05156,0.04784,0.04973,322254655.7,16020963.799059,158549
2024-08-17,0.04972,0.05195,0.04949,0.05133,236515755.6,12020618.354898,124596
2024-08-18,0.05132,0.05692,0.05055,0.0531,441057260.9,23664631.203567,222861
2024-08-19,0.0531,0.05446,0.05091,0.05423,314264235.5,16529597.676987,202003
2024-08-20,0.05422,0.0575,0.05392,0.05648,498235333.1,27806516.089465,256512
2024-08-21,0.0565,0.06103,0.05531,0.06004,441517582.8,25485322.639615,377244
2024-08-22,0.06004,0.06194,0.05931,0.06102,389291200.9,23589105.997237,271356
2024-08-23,0.06102,0.0705,0.05966,0.06884,686618716.3,44533762.525014,525432
2024-08-24,0.06885,0.07962,0.06716,0.07595,819679122.3,59765267.114475,689179
2024-08-25,0.07597,0.07627,0.07009,0.07385,605707749.1,44464010.914373,608410
2024-08-26,0.07386,0.07643,0.07009,0.07186,517299850.6,38087995.002185,563870
2024-08-27,0.07186,0.077,0.06548,0.06666,691348722.4,49980603.723602,751731
2024-08-28,0.06666,0.06929,0.06102,0.06493,787599582.3,51671637.674333,906068
2024-08-29,0.06495,0.07137,0.06481,0.06939,597590039.5,40912628.53078,689775
2024-08-30,0.06941,0.0759,0.06666,0.07126,947945889.9,67988323.568767,1161156
2024-08-31,0.07127,0.07506,0.0693,0.07095,510597151.4,36929874.916362,517867
2024-09-01,0.07095,0.07167,0.05873,0.05888,854117203.3,55457551.676892,605687
2024-09-02,0.05887,0.06322,0.05592,0.06192,938120120.9,55284132.526662,719560
2024-09-03,0.06193,0.06384,0.05786,0.05805,479556544.8,29259215.34071,578569
2024-09-04,0.05805,0.06274,0.05542,0.06084,746110165.6,43957210.0618,573458
2024-09-05,0.06084,0.06178,0.05788,0.05953,362825924.7,21639299.851242,103082
2024-09-06,0.05947,0.06272,0.04984,0.05181,1339547676.3,75607856.892041,256653
2024-09-07,0.05181,0.05497,0.05013,0.05139,721000814.0,37830056.999482,144657
2024-09-08,0.05141,0.05428,0.05073,0.05309,427675970.2,22335895.527987,81437
2024-09-09,0.0531,0.06432,0.05239,0.06272,1252716001.8,72995653.250271,234955
2024-09-10,0.06273,0.06482,0.06163,0.06338,768200134.0,48438468.995756,146244
2024-09-11,0.06337,0.06355,0.05801,0.05919,643901553.8,38551750.737475,243557
2024-09-12,0.0592,0.06032,0.05655,0.05773,453747477.9,26430499.741639,289872
2024-09-13,0.05774,0.05994,0.05623,0.05903,397625397.7,23071180.987922,246109
2024-09-14,0.05905,0.06149,0.05804,0.06,417099860.0,24820055.185414,228492
2024-09-15,0.05999,0.06024,0.05677,0.05718,288112067.7,16870126.838866,192726
2024-09-16,0.05717,0.05829,0.05407,0.05549,405413541.3,22792483.422154,152475
2024-09-17,0.05548,0.05946,0.05488,0.0572,344718354.1,19736943.596786,62683
2024-09-18,0.05727,0.06071,0.05472,0.06061,480527053.9,27771442.878505,104920
2024-09-19,0.06062,0.06538,0.0606,0.06353,606191685.4,38209637.278641,127851
2024-09-20,0.06352,0.06693,0.06095,0.06432,481828181.3,30905896.425999,239687
2024-09-21,0.06434,0.06475,0.06123,0.06406,242620908.4,15281112.369762,51142
2024-09-22,0.06406,0.06496,0.06038,0.0637,423164618.7,26593711.554382,94134
2024-09-23,0.06371,0.0692,0.06199,0.06473,583344146.7,38611177.341287,132585
2024-09-24,0.06473,0.06798,0.0618,0.06725,552202996.8,35784628.890403,122012
2024-09-25,0.0673,0.07158,0.06566,0.06888,563499978.4,38500303.448558,131792
2024-09-26,0.0689,0.07563,0.06759,0.07329,786526695.6,57463291.925769,227067
2024-09-27,0.07327,0.08483,0.073,0.08143,819300888.2,64672770.01249,214027
2024-09-28,0.08144,0.0873,0.07825,0.08,650936483.0,53414595.14406,181860
2024-09-29,0.08001,0.08113,0.07562,0.0804,525297208.3,41071802.857815,145238
2024-09-30,0.0804,0.08114,0.0761,0.07793,542237205.2,42649052.153834,179382
2024-10-01,0.07792,0.0835,0.0656,0.06737,997123261.4,73427949.140044,690315
2024-10-02,0.06736,0.06995,0.06051,0.06182,968120509.0,63590744.988832,791121
2024-10-03,0.06182,0.0645,0.05766,0.06022,585997387.1,35711614.788769,372523
2024-10-04,0.06019,0.06853,0.05947,0.06703,560821485.8,35817181.007508,238224
2024-10-05,0.06703,0.07095,0.06703,0.06975,473253604.4,32756451.057931,122915
2024-10-06,0.06976,0.07477,0.06877,0.07337,529589351.3,38016915.741326,128502
2024-10-07,0.07334,0.08131,0.07286,0.07738,902236963.2,69249639.239825,566193
2024-10-08,0.07739,0.07976,0.07259,0.07547,695470631.4,52769161.759136,272100
2024-10-09,0.07547,0.0783,0.06981,0.07044,605116396.8,44705198.359051,158985
2024-10-10,0.07043,0.0748,0.06939,0.07371,527261164.3,37931511.246739,225249
2024-10-11,0.0737,0.08035,0.07344,0.07761,683321143.3,52876875.108595,334788
2024-10-12,0.07765,0.08276,0.077,0.07848,544321181.7,43396747.596937,209189
2024-10-13,0.07849,0.0812,0.07532,0.07947,416761969.1,32505696.45614,115825
2024-10-14,0.0795,0.09091,0.07588,0.0887,936474214.4,79755262.495702,262977
2024-10-15,0.08872,0.09263,0.08384,0.0872,942577833.0,82689530.943313,470820
2024-10-16,0.08723,0.08781,0.08118,0.08374,509335417.8,42590932.238573,135195
2024-10-17,0.08372,0.08549,0.07708,0.07888,536365622.9,43102849.514849,127925
2024-10-18,0.07888,0.08685,0.07875,0.08531,609921696.6,51195662.222627,150743
2024-10-19,0.08531,0.08786,0.083,0.08674,320298185.7,27260867.520488,98643
2024-10-20,0.08675,0.0873,0.08124,0.08469,438040282.9,37014869.275034,120172
2024-10-21,0.08473,0.08544,0.07778,0.0789,506969075.3,41428585.647595,125670
2024-10-22,0.07891,0.0813,0.07681,0.08001,317615478.9,25207285.06853,79043
2024-10-23,0.08004,0.08255,0.077,0.08195,396204718.7,31682894.375724,121262
2024-10-24,0.08198,0.08349,0.07798,0.08181,271005387.1,21868886.852054,94018
2024-10-25,0.08183,0.09089,0.07843,0.08325,1069960568.6,90380535.811537,355293
2024-10-26,0.08323,0.08698,0.07133,0.07301,1153298647.0,91284441.679414,294272
2024-10-27,0.073,0.07501,0.0713,0.07316,537689578.2,39342936.735439,130338
2024-10-28,0.07315,0.07443,0.06605,0.07057,671996420.4,47413220.640482,177451
2024-10-29,0.07055,0.08083,0.0699,0.07826,972462328.7,74755874.07608,247360
2024-10-30,0.07831,0.07832,0.07421,0.07519,378738531.5,28799790.769231,102260
2024-10-31,0.07519,0.0758,0.07075,0.07175,286031736.3,20983075.942258,84304
2024-11-01,0.07176,0.07275,0.06784,0.07,316984829.1,22255970.795045,90352
2024-11-02,0.06999,0.0711,0.06647,0.06717,150928588.2,10298826.595266,46608
2024-11-03,0.06719,0.06758,0.05856,0.06172,436964586.2,27281302.454585,119310
2024-11-04,0.06171,0.06371,0.05671,0.05861,346404753.4,21088881.46818,83926
2024-11-05,0.05859,0.06585,0.05857,0.06419,432437889.8,26959983.592754,97029
2024-11-06,0.06419,0.07181,0.06265,0.06688,1314979251.4,88076182.59186,275477
2024-11-07,0.0669,0.06985,0.06268,0.06603,912609941.4,60765384.064699,244801
2024-11-08,0.06606,0.06719,0.05457,0.05833,1193670907.8,71480629.452491,616438
2024-11-09,0.05834,0.06753,0.05708,0.06657,1178427533.5,74617669.15272,745170
2024-11-10,0.06661,0.0747,0.06449,0.06957,1540059587.9,106650779.279557,938986
2024-11-11,0.06959,0.07429,0.06557,0.07075,1143323074.0,78893642.410979,429931
2024-11-12,0.07075,0.07241,0.05864,0.0629,1712891521.3,111324356.850242,418552
2024-11-13,0.0629,0.07184,0.05661,0.07084,2383700001.6,154810133.247799,599120
2024-11-14,0.07084,0.08856,0.06272,0.06437,3268139909.8,247749747.983513,895749
2024-11-15,0.06437,0.06632,0.06093,0.06591,1109304482.7,71078728.964109,239566
2024-11-16,0.06593,0.06659,0.06177,0.0652,859681469.1,55608614.36667,200764
2024-11-17,0.06517,0.06618,0.06015,0.06438,789068589.0,50573908.652449,207189
2024-11-18,0.06444,0.06531,0.06078,0.06464,660907478.0,41883177.057967,144581
2024-11-19,0.06464,0.06551,0.061,0.06287,498753574.9,31790222.541745,133381
2024-11-20,0.06285,0.06285,0.05622,0.05786,484275627.6,28832807.643856,123342
2024-11-21,0.05787,0.06276,0.05511,0.06064,615876992.0,36614548.140822,147671
2024-11-22,0.06065,0.06191,0.05785,0.06188,448184369.8,26962273.560939,111194
2024-11-23,0.06189,0.06595,0.06041,0.06394,779099082.7,49379765.563451,185676
2024-11-24,0.06393,0.06731,0.05822,0.06381,736015974.9,46031842.559332,175347
2024-11-25,0.06383,0.06535,0.0596,0.06306,750029407.7,47100150.165695,188823
2024-11-26,0.06303,0.06489,0.05603,0.05816,620690368.8,37100081.369653,184926
2024-11-27,0.05815,0.06257,0.05702,0.06229,412144723.8,24840547.079972,104253
2024-11-28,0.06229,0.06365,0.06001,0.06133,319470417.7,19657356.321559,88639
2024-11-29,0.06133,0.0635,0.06026,0.06282,317387672.9,19681616.986418,87805
2024-11-30,0.06282,0.06834,0.06206,0.0663,461971895.2,30096421.577708,122553
2024-12-01,0.0663,0.07045,0.06466,0.06816,569643085.3,38296892.837502,164680
2024-12-02,0.06815,0.06971,0.06075,0.06673,735832306.7,47785157.223054,212301
2024-12-03,0.06674,0.07278,0.06104,0.07119,1212398811.9,81994592.940317,377049
2024-12-04,0.0712,0.075,0.06891,0.07237,797122784.7,56848814.61429,232564
2024-12-05,0.07236,0.07351,0.06701,0.07193,700855873.6,49789987.75107,204902
2024-12-06,0.07195,0.07529,0.06967,0.07363,537697370.4,39374138.363094,196890
2024-12-07,0.07365,0.08312,0.07257,0.07771,926615392.5,72709239.210631,291341
2024-12-08,0.07771,0.0802,0.07506,0.07734,457699944.9,35410519.206838,153773
2024-12-09,0.07733,0.07928,0.048,0.06098,1489369737.3,99844192.992048,477321
2024-12-10,0.06099,0.06252,0.05252,0.05682,895602942.1,51233849.919635,245281
2024-12-11,0.0568,0.06208,0.05434,0.06142,443744912.4,25989885.622418,124023
2024-12-12,0.0614,0.06394,0.05906,0.06006,451598647.5,27746093.456049,119412
2024-12-13,0.06006,0.06083,0.0582,0.06074,303409894.8,18124761.779488,86214
2024-12-14,0.06073,0.06137,0.05619,0.05787,218919860.4,12901520.57152,64683
2024-12-15,0.05787,0.06104,0.05604,0.06066,211336421.7,12409600.819726,67358
2024-12-16,0.06067,0.06213,0.05769,0.05986,290855262.8,17451543.488761,90603
2024-12-17,0.05989,0.06076,0.05551,0.05632,255781348.4,14940889.880407,87344
2024-12-18,0.05633,0.05668,0.04879,0.0491,580095965.8,30393746.093029,174159
2024-12-19,0.04909,0.04967,0.04206,0.04299,809349298.1,37276930.880545,226412
2024-12-20,0.04303,0.04585,0.03723,0.04417,732747117.9,30041385.354011,130817
2024-12-21,0.04416,0.04689,0.04088,0.04163,363588335.0,15883505.249441,70754
2024-12-22,0.0417,0.04374,0.04017,0.04173,289220359.2,12140172.909308,71911
2024-12-23,0.04175,0.04523,0.04053,0.04431,291795913.3,12343987.551201,71839
2024-12-24,0.04431,0.04659,0.04308,0.04647,189497107.8,8502515.013663,42845
2024-12-25,0.04646,0.04691,0.04465,0.04546,140709405.4,6446902.198207,36120
2024-12-26,0.04546,0.04595,0.04184,0.04255,138729366.5,6027996.999005,35867
2024-12-27,0.04256,0.04679,0.04232,0.04425,235401916.9,10554338.583531,58793
2024-12-28,0.04426,0.04569,0.04304,0.04526,133031183.4,5890646.940412,32827
2024-12-29,0.04526,0.04569,0.04283,0.04354,76648301.0,3410419.995153,21358
2024-12-30,0.04353,0.04594,0.04244,0.044,248175084.5,11034679.065602,65082
2024-12-31,0.04399,0.04828,0.04158,0.0461,390307569.4,17699862.492071,87978
2025-01-01,0.04609,0.04726,0.04361,0.0461,247104449.3,11217761.83533,54098
2025-01-02,0.0461,0.0482,0.04571,0.04711,227818028.8,10703433.333123,56718
2025-01-03,0.04712,0.05,0.04569,0.04976,213535950.4,10224453.469684,54304
2025-01-04,0.04977,0.05142,0.04852,0.04932,163984426.5,8151867.678379,39052
2025-01-05,0.04933,0.05006,0.04841,0.04946,139876701.4,6896872.18166,32592
2025-01-06,0.04946,0.05118,0.04812,0.04877,218390761.1,10816653.861557,41904
2025-01-07,0.04877,0.04892,0.0421,0.04224,312606985.7,14300726.427089,75250
2025-01-08,0.04224,0.0428,0.03683,0.03837,328467159.2,13004056.903072,59855
2025-01-09,0.03837,0.03941,0.03686,0.03788,177968324.2,6788489.221447,34337
2025-01-10,0.03788,0.03982,0.03787,0.03958,168035375.9,6537833.495417,38568
2025-01-11,0.0396,0.04063,0.03896,0.03966,84550900.2,3347902.036782,18649
2025-01-12,0.03971,0.03987,0.03777,0.0384,87921883.8,3424110.142836,18702
2025-01-13,0.03842,0.03947,0.03334,0.03614,385031151.0,13673721.998794,61489
2025-01-14,0.03614,0.03959,0.03608,0.03903,166162972.8,6250898.15952,29144
2025-01-15,0.03905,0.04139,0.03705,0.04126,241192142.6,9472847.57449,42718
2025-01-16,0.04124,0.04158,0.03893,0.03971,181243830.4,7289311.43194,41740
2025-01-17,0.03971,0.04388,0.03969,0.0434,198045749.9,8305162.882417,35758
2025-01-18,0.0434,0.04469,0.03758,0.03866,353745607.3,14198036.46583,58486
2025-01-19,0.03867,0.04136,0.03337,0.03405,724554277.1,26674221.259893,158479
2025-01-20,0.03407,0.03599,0.02987,0.03063,919293312.2,30043899.618759,221409
2025-01-21,0.03064,0.03246,0.02859,0.03159,446285821.9,13552723.167693,66604
2025-01-22,0.03158,0.0328,0.03113,0.03143,313019079.2,9970169.2217,46193
2025-01-23,0.03143,0.03182,0.02909,0.03043,346624756.2,10593902.981881,57702
2025-01-24,0.03043,0.0318,0.02891,0.02953,270880312.7,8255335.39508,56755
2025-01-25,0.02954,0.03086,0.02842,0.03004,248916151.1,7408552.070236,50049
2025-01-26,0.03005,0.03157,0.02924,0.02932,181833782.5,5561922.64126,36591
2025-01-27,0.02931,0.02931,0.02442,0.02796,687839647.7,18236739.427276,113890
2025-01-28,0.02799,0.02899,0.02523,0.02545,314346401.1,8686874.235914,50212
2025-01-29,0.02546,0.02883,0.02516,0.02746,333279805.8,9118888.539007,60226
2025-01-30,0.02747,0.02928,0.02717,0.02852,163141384.0,4639883.843189,30940
2025-01-31,0.02853,0.035,0.02832,0.03123,1075226214.2,34963147.200507,145503
2025-02-01,0.03123,0.03214,0.02638,0.02659,499529399.4,14949177.462208,74042
2025-02-02,0.02658,0.02769,0.02012,0.02161,814252709.4,19389011.59905,100813
2025-02-03,0.02161,0.02214,0.01465,0.02143,2000025093.0,37798181.570665,174961
2025-02-04,0.02142,0.02157,0.01857,0.01983,822594762.3,16280073.6284,94376
2025-02-05,0.01984,0.02062,0.01909,0.01962,405377684.4,8095738.513076,60998
2025-02-06,0.01961,0.01988,0.01798,0.01823,434062953.0,8215343.995668,63661
2025-02-07,0.01824,0.0203,0.01753,0.01829,502613523.1,9473369.037441,73694
2025-02-08,0.01829,0.0198,0.01766,0.01946,476583191.6,8802905.931644,55675
2025-02-09,0.01945,0.02037,0.0181,0.01966,377879978.9,7371941.928276,52604
2025-02-10,0.01966,0.0202,0.01842,0.01982,361510150.4,7024397.833455,57814
2025-02-11,0.0198,0.02149,0.01949,0.02009,317638368.8,6494081.611623,49691
2025-02-12,0.02008,0.02178,0.01922,0.0215,481833123.5,9822374.840872,73123
2025-02-13,0.02151,0.02336,0.02058,0.02079,538402966.7,11778935.721402,79526
2025-02-14,0.0208,0.0226,0.02037,0.02102,391618470.6,8273190.654787,56321
2025-02-15,0.02102,0.02135,0.01986,0.0201,199899948.2,4092192.911655,33717
2025-02-16,0.0201,0.02083,0.01965,0.02016,128106065.1,2588295.287144,29271
2025-02-17,0.02015,0.02104,0.01912,0.02011,202796725.8,4085500.591225,43298
2025-02-18,0.0201,0.02022,0.01769,0.01896,313238837.6,5870510.979792,53745
2025-02-19,0.01897,0.01977,0.01852,0.01927,212566510.5,4101048.918889,35128
2025-02-20,0.01928,0.02032,0.01905,0.02029,271182941.5,5306863.630668,40137
2025-02-21,0.02029,0.0224,0.01995,0.02031,383434068.5,8139120.69867,65223
2025-02-22,0.0203,0.02289,0.02015,0.02229,347737820.3,7508930.712608,55343
2025-02-23,0.02229,0.02237,0.02082,0.0212,216150957.6,4662577.315505,32790
2025-02-24,0.0212,0.02134,0.01683,0.01755,356232674.5,6887602.653842,54765
2025-02-25,0.01756,0.02051,0.01657,0.01959,539235201.7,9924312.878457,89139
2025-02-26,0.0196,0.02094,0.01931,0.02079,346079740.3,6964937.956687,65435
2025-02-27,0.0208,0.02179,0.0202,0.02084,255960069.5,5366614.018617,46225
2025-02-28,0.02084,0.02223,0.01907,0.02134,413583645.5,8386962.017644,77041
2025-03-01,0.02135,0.02151,0.01929,0.01995,227385373.4,4617246.952104,41475
2025-03-02,0.01996,0.02375,0.01953,0.02352,418297111.8,8978623.006144,76356
2025-03-03,0.02353,0.02393,0.01938,0.01955,398141158.0,8662664.783594,82891
2025-03-04,0.01954,0.01974,0.01648,0.018,660733451.6,12000056.610047,103311
2025-03-05,0.01799,0.01885,0.01762,0.01845,303509932.1,5508895.178831,44994
2025-03-06,0.01845,0.01874,0.01737,0.01777,278698471.0,5064462.621888,42835
2025-03-07,0.01778,0.01871,0.01663,0.01756,335571066.4,5920786.377328,51437
2025-03-08,0.01756,0.01764,0.01626,0.01681,327325997.2,5548649.151987,47337
2025-03-09,0.01681,0.01687,0.01359,0.01426,597411030.7,8931822.458635,62575
2025-03-10,0.01426,0.01609,0.01414,0.0147,526810366.8,7969503.334636,63214
2025-03-11,0.01471,0.01558,0.01346,0.015,461412374.4,6741883.667424,58499
2025-03-12,0.015,0.01566,0.01446,0.01538,306389036.0,4625440.455637,37517
2025-03-13,0.01537,0.01575,0.01473,0.0153,311847590.6,4778940.062818,31443
2025-03-14,0.0153,0.01631,0.0152,0.01569,293142661.1,4576698.320553,28069
2025-03-15,0.01569,0.01669,0.01548,0.01652,148007030.6,2392401.890308,16691
2025-03-16,0.01653,0.0169,0.01523,0.01538,217012048.0,3498792.874102,24260
2025-03-17,0.0154,0.01693,0.01537,0.01676,306456848.9,5040748.754156,29855
2025-03-18,0.01677,0.0168,0.01585,0.01677,225554070.6,3666094.863323,27230
2025-03-19,0.01677,0.01705,0.01616,0.01702,221436333.4,3693369.221419,29555
2025-03-20,0.01702,0.01734,0.01636,0.01701,173012395.8,2921472.75608,21304
2025-03-21,0.01699,0.01763,0.01612,0.01634,301700437.5,5052535.569544,21681
2025-03-22,0.01635,0.01794,0.01628,0.01718,234093592.5,4058983.066234,23339
2025-03-23,0.01718,0.01764,0.01693,0.01738,145930441.2,2517734.926836,16680
2025-03-24,0.01737,0.01861,0.01703,0.01827,299467155.2,5413210.519857,25816
2025-03-25,0.01828,0.01854,0.0177,0.01824,138863903.5,2513651.852891,15437
2025-03-26,0.01824,0.01924,0.01791,0.01845,187007956.4,3480879.736602,19470
2025-03-27,0.01847,0.01932,0.018,0.01828,197029371.5,3675845.028388,19123
2025-03-28,0.01828,0.01871,0.016,0.01631,358857055.1,6071122.65348,28618
2025-03-29,0.01632,0.01659,0.01474,0.0152,248233786.5,3870847.107282,22584
2025-03-30,0.0152,0.01563,0.0147,0.01505,196503812.8,2976597.913162,15354
2025-03-31,0.01506,0.01533,0.01433,0.01484,196372586.7,2918118.249251,17837
2025-04-01,0.01483,0.01553,0.01457,0.01478,143742456.5,2160070.582519,12776
2025-04-02,0.01477,0.01479,0.01267,0.01303,432331441.5,6023997.899455,37572
2025-04-03,0.01303,0.01367,0.01229,0.0129,354976263.5,4551396.857942,31899
2025-04-04,0.01291,0.01333,0.01232,0.01308,162417378.0,2102018.397439,16719
2025-04-05,0.01308,0.01341,0.01281,0.01309,89754021.1,1170366.368112,9529
2025-04-06,0.01309,0.01309,0.01095,0.01128,309025412.2,3650426.060521,40508
2025-04-07,0.01129,0.01272,0.01041,0.01203,577922529.4,6752503.931305,80675
2025-04-08,0.01203,0.01233,0.01121,0.0114,211686755.7,2479545.422921,36049
2025-04-09,0.01141,0.01286,0.01088,0.01263,333823454.1,3980430.122696,49947
2025-04-10,0.01264,0.01269,0.0117,0.01198,212820088.7,2591307.428317,32736
2025-04-11,0.01198,0.01254,0.0119,0.01235,243447465.6,2978022.312501,21410
2025-04-12,0.01235,0.01285,0.01209,0.01266,262587505.8,3282140.751407,25494
2025-04-13,0.01266,0.01277,0.01097,0.01128,322118896.9,3841191.984405,28827
2025-04-14,0.01128,0.01163,0.01068,0.01093,557887591.6,6273443.906798,39826
2025-04-15,0.01093,0.01123,0.01027,0.01034,363764722.0,3937596.572259,24989
2025-04-16,0.01034,0.01076,0.00973,0.01066,575240508.4,5977222.900014,41498
2025-04-17,0.01067,0.01173,0.01062,0.01095,968047131.8,10828786.888657,79111
2025-04-18,0.01095,0.01165,0.01095,0.01154,480747443.4,5451503.273687,42140
2025-04-19,0.01154,0.01209,0.01138,0.01181,419542076.9,4900757.120618,38004
2025-04-20,0.01182,0.01741,0.0116,0.01241,3046377097.5,42109120.302092,283055
2025-04-21,0.01242,0.01296,0.01186,0.01201,856687381.8,10735997.354089,67613
2025-04-22,0.01202,0.0131,0.01179,0.01288,665349974.1,8225877.992205,50810
2025-04-23,0.01289,0.01628,0.01279,0.01486,1593029367.3,22912147.166963,168623
2025-04-24,0.01486,0.01552,0.01366,0.01484,1198729323.7,17417738.667241,113470
2025-04-25,0.01484,0.01541,0.01447,0.01505,771909065.2,11557502.340896,73895
2025-04-26,0.01506,0.0163,0.01498,0.0159,804658538.8,12714608.717689,80012
2025-04-27,0.0159,0.01592,0.0141,0.01442,487465362.8,7233322.56084,46385
2025-04-28,0.01443,0.01541,0.01376,0.01522,441351006.8,6506715.5509,44430
2025-04-29,0.01523,0.01562,0.0144,0.01462,342051536.7,5168617.153008,35438
2025-04-30,0.01462,0.0159,0.01456,0.01587,521863806.3,8028323.763055,58943
2025-05-01,0.01587,0.01659,0.01562,0.01588,459762608.0,7347066.283712,50859
2025-05-02,0.01588,0.0161,0.01524,0.01564,214624505.5,3352077.611728,29576
2025-05-03,0.01564,0.01567,0.01391,0.01405,274293356.0,4031520.119068,29053
2025-05-04,0.01405,0.01424,0.01327,0.01363,176807375.9,2439148.748474,20079
2025-05-05,0.01364,0.01412,0.01323,0.0135,176344828.5,2419720.400994,21780
2025-05-06,0.01351,0.01379,0.01258,0.01334,266678865.2,3527126.160369,29461
2025-05-07,0.01334,0.01373,0.01297,0.01344,181027794.8,2427054.093565,23165
2025-05-08,0.01343,0.01652,0.01343,0.01613,486132075.2,7310488.092304,59031
2025-05-09,0.01612,0.0245,0.01603,0.01974,2614288532.8,51064017.355661,325558
2025-05-10,0.01973,0.02326,0.01884,0.02178,1510101705.1,31723327.30949,205045
2025-05-11,0.02176,0.02255,0.02027,0.022,629809809.4,13598036.961571,115778
2025-05-12,0.02198,0.02519,0.02109,0.02227,1155294843.4,26902600.868492,208444
2025-05-13,0.02227,0.03657,0.02059,0.03389,3817587065.7,114829974.035891,743435
2025-05-14,0.03388,0.03934,0.03126,0.03476,4991949634.2,174463615.591809,1019844
2025-05-15,0.03477,0.03754,0.02511,0.02602,3085980359.2,95397404.093306,561709
2025-05-16,0.02602,0.02669,0.02369,0.02426,1159830975.1,29349907.568223,190989
2025-05-17,0.02425,0.02459,0.02177,0.02225,671223454.3,15474262.891714,111690
2025-05-18,0.02226,0.02948,0.02217,0.02727,3250966758.5,83846448.060738,428248
2025-05-19,0.02727,0.02763,0.02292,0.02501,1554466850.5,38168856.471701,220777
2025-05-20,0.02501,0.02651,0.02343,0.02557,1130636826.8,28322310.778348,187165
2025-05-21,0.02558,0.02761,0.02451,0.02609,1154444959.2,29795794.890711,201543
2025-05-22,0.0261,0.02856,0.02594,0.02848,858606686.8,23319640.749156,160230
2025-05-23,0.02849,0.03094,0.02367,0.02399,1414578914.4,38487009.600298,240508
2025-05-24,0.02399,0.02505,0.02368,0.02387,360806093.0,8794515.51859,72508
2025-05-25,0.02388,0.02483,0.02242,0.02452,510296513.0,12109888.430313,100018
2025-05-26,0.02452,0.02512,0.02369,0.02409,302520507.6,7370926.150921,71704
2025-05-27,0.0241,0.02531,0.02326,0.02446,352507268.8,8641761.917447,70390
2025-05-28,0.02445,0.02558,0.02346,0.02449,351505682.8,8581048.792313,72066
2025-05-29,0.02448,0.02584,0.02281,0.02292,545317399.1,13287859.39132,92109
2025-05-30,0.02292,0.02308,0.01896,0.01917,620703113.6,13004416.866509,116789
2025-05-31,0.01918,0.02037,0.01818,0.02012,417784800.9,8082734.702094,75714
2025-06-01,0.02011,0.02163,0.01963,0.02134,253464094.8,5198009.273515,47851
2025-06-02,0.02134,0.02232,0.0203,0.02182,296667185.0,6248382.584036,51515
2025-06-03,0.02181,0.02306,0.02141,0.02185,312435078.9,6938302.776141,54860
2025-06-04,0.02185,0.02247,0.02044,0.02084,190362351.1,4124130.055744,32521
2025-06-05,0.02084,0.02187,0.01851,0.01893,483458075.0,9766700.491835,69664
2025-06-06,0.01894,0.02035,0.0186,0.01888,323206923.4,6266034.295992,49952
2025-06-07,0.01887,0.02061,0.01884,0.02025,189338593.1,3799706.731987,30294
2025-06-08,0.02024,0.02071,0.0198,0.02029,181610191.5,3674987.925522,30813
2025-06-09,0.0203,0.0228,0.01981,0.02275,269989346.9,5704307.129529,42521
2025-06-10,0.02274,0.02416,0.02184,0.02411,499320763.2,11557797.314804,67201
2025-06-11,0.02412,0.02427,0.02155,0.02193,378426097.1,8664243.769731,57584
2025-06-12,0.02194,0.02195,0.01926,0.01934,388770489.0,8051147.350609,46441
2025-06-13,0.01934,0.01942,0.01748,0.01868,590924078.9,10731054.811997,78014
2025-06-14,0.01868,0.01914,0.01821,0.01855,173189337.3,3237085.740638,25175
2025-06-15,0.01856,0.01896,0.01822,0.01872,124667719.6,2323195.818423,18822
2025-06-16,0.01873,0.02008,0.01851,0.01895,260180119.5,5068704.845905,36549
2025-06-17,0.01895,0.01957,0.01762,0.01803,307922848.9,5727174.664401,41141
2025-06-18,0.01804,0.01845,0.01696,0.01817,275293243.2,4893649.304051,35597
2025-06-19,0.01817,0.0186,0.01721,0.01795,180638420.7,3239800.885476,22092
2025-06-20,0.01795,0.01859,0.01688,0.01719,263954370.0,4698496.446932,30627
2025-06-21,0.0172,0.01764,0.01564,0.01613,203649802.9,3375217.07457,29761
2025-06-22,0.01614,0.01653,0.01486,0.01591,291278119.2,4538832.910964,46057
2025-06-23,0.0159,0.01804,0.01574,0.0178,321849429.9,5397035.04236,37485
2025-06-24,0.01781,0.01843,0.01769,0.01804,223097881.9,4016457.60639,30450
2025-06-25,0.01804,0.01817,0.01719,0.0174,173640072.0,3065062.40552,25136
2025-06-26,0.01741,0.01884,0.01621,0.01659,358524484.1,6201128.413072,42991
2025-06-27,0.0166,0.01723,0.01639,0.01686,149189855.7,2512807.471337,20196
2025-06-28,0.01687,0.01783,0.01673,0.01746,218701909.5,3773450.428268,28750
2025-06-29,0.01746,0.01928,0.01723,0.01892,231321509.9,4167462.350397,30693
2025-06-30,0.01892,0.01906,0.01781,0.01802,215443602.7,3961661.478373,43064
2025-07-01,0.01802,0.01813,0.0167,0.01684,134002319.0,2329324.314181,23076
2025-07-02,0.01684,0.01939,0.01672,0.01891,300907138.1,5492153.415368,45532
2025-07-03,0.01891,0.01961,0.01837,0.01847,346027770.4,6559951.114897,48101
2025-07-04,0.01847,0.01871,0.01709,0.01733,243150963.0,4314476.067008,35361
2025-07-05,0.01733,0.01799,0.01698,0.0173,216209948.7,3771659.954126,29820
2025-07-06,0.01731,0.0185,0.01715,0.0181,246766423.4,4386166.268547,36240
2025-07-07,0.0181,0.01855,0.0176,0.01789,211222621.1,3813986.07978,23063
2025-07-08,0.01789,0.01845,0.01716,0.01817,207795443.3,3701720.175307,25101
2025-07-09,0.01818,0.01985,0.01793,0.01974,304922176.5,5709125.901324,35731
2025-07-10,0.01973,0.02262,0.01944,0.02227,515010849.9,10542904.548136,64671
2025-07-11,0.02227,0.02306,0.021,0.02154,606587263.5,13570693.52549,81889
2025-07-12,0.02154,0.02174,0.02019,0.02089,307059739.0,6448084.949161,49743
2025-07-13,0.0209,0.02235,0.0205,0.0211,391668871.0,8291377.26401,61366
2025-07-14,0.02111,0.02266,0.0203,0.02088,342540927.5,7374018.553857,62474
2025-07-15,0.02088,0.02207,0.01986,0.02197,273862228.4,5713746.346928,56629
2025-07-16,0.02198,0.02439,0.02137,0.02283,550511964.9,12528638.44579,81423
2025-07-17,0.02283,0.02352,0.02147,0.02229,567441656.6,12849344.876041,87584
2025-07-18,0.02229,0.02469,0.02182,0.02259,761173677.6,17848235.330597,105980
2025-07-19,0.02258,0.02344,0.0217,0.02324,264740743.9,6014135.386664,46638
2025-07-20,0.02325,0.02588,0.02303,0.02448,411702454.9,10057739.894017,75516
2025-07-21,0.02449,0.02557,0.0237,0.02508,423214148.4,10411611.068564,72930
2025-07-22,0.02509,0.0255,0.02242,0.02388,577536501.3,13560912.640662,92894
2025-07-23,0.02388,0.02389,0.01985,0.02072,651289113.3,14151325.909421,102040
2025-07-24,0.02071,0.02106,0.01879,0.01989,507358194.8,10136173.122248,85337
2025-07-25,0.0199,0.02146,0.01934,0.02095,441115098.1,9017418.585417,73057
2025-07-26,0.02096,0.02142,0.02076,0.02096,131363921.6,2760401.918889,29547
2025-07-27,0.02096,0.02267,0.02092,0.02252,229501310.7,4992544.9781,40422
2025-07-28,0.02253,0.02297,0.02022,0.02055,410595543.0,8912717.16889,71466
2025-07-29,0.02055,0.02163,0.01962,0.02013,380841187.6,7883562.913369,61163
2025-07-30,0.02012,0.02039,0.01866,0.01987,412076392.1,8052729.434179,57517
2025-07-31,0.01988,0.02052,0.01872,0.01886,278947283.6,5529311.625182,49314
2025-08-01,0.01886,0.01892,0.01722,0.01806,501532417.4,9137800.612791,75958
2025-08-02,0.01805,0.01832,0.01709,0.01771,194733748.8,3465291.670988,37335
2025-08-03,0.0177,0.01834,0.01746,0.01815,135153235.7,2442477.469692,21186
2025-08-04,0.01815,0.01919,0.01809,0.01896,204075915.2,3776197.364593,33773
2025-08-05,0.01895,0.01909,0.01675,0.01743,273556586.3,4893840.875653,55280
2025-08-06,0.01744,0.01822,0.01684,0.01791,205342500.3,3608856.648603,32258
2025-08-07,0.01791,0.01918,0.01771,0.01908,265582276.7,4860602.12993,37666
2025-08-08,0.01909,0.01991,0.01869,0.01969,210724364.7,4061592.764195,44134
2025-08-09,0.01968,0.0214,0.01955,0.02086,270251714.5,5585027.691694,53140
2025-08-10,0.02087,0.02137,0.0199,0.02064,292164029.3,6005684.383155,51124
2025-08-11,0.02064,0.02132,0.01872,0.01893,459850988.5,9193960.520756,65259
2025-08-12,0.01893,0.02105,0.0186,0.02076,395713981.7,7801291.560571,64525
2025-08-13,0.02077,0.02258,0.02077,0.02206,774800738.8,16862402.577631,97013
2025-08-14,0.02207,0.02244,0.0187,0.01915,650142873.4,13373509.98255,85020
2025-08-15,0.01915,0.0197,0.0181,0.01871,311152542.3,5901364.991163,52016
2025-08-16,0.0187,0.0197,0.01869,0.01956,157742936.3,3010171.248706,31363
2025-08-17,0.01957,0.02042,0.0193,0.01961,173509638.0,3422228.550163,29937
2025-08-18,0.01961,0.01966,0.01855,0.01894,295284078.7,5616409.643754,35788
2025-08-19,0.01894,0.01926,0.01782,0.0179,295784531.1,5450625.644088,45110
2025-08-20,0.01791,0.01998,0.01782,0.01984,276603326.4,5244608.435976,43129
2025-08-21,0.01985,0.01992,0.01895,0.0191,242783427.9,4729338.463302,47088
2025-08-22,0.01911,0.02174,0.01819,0.02161,583689656.4,11488113.474408,78664
2025-08-23,0.02161,0.02212,0.02054,0.02171,449723291.3,9682447.866358,66859
2025-08-24,0.02171,0.02219,0.02054,0.02101,423987821.3,9012875.05266,71452
2025-08-25,0.02101,0.02148,0.01782,0.01825,453803824.4,8815704.432863,81666
2025-08-26,0.01824,0.01912,0.01806,0.01879,247119612.3,4588555.378488,40542
2025-08-27,0.0188,0.0192,0.01861,0.01871,316216713.0,5982853.822144,43168
2025-08-28,0.01871,0.02015,0.01855,0.02011,264843781.0,5128409.313671,49954
2025-08-29,0.02012,0.02015,0.01811,0.01858,332885588.0,6276929.44934,43599
2025-08-30,0.01858,0.01929,0.01821,0.0192,138420949.8,2618729.991829,21761
2025-08-31,0.01919,0.01952,0.01862,0.01864,121453923.3,2319343.500952,15574
2025-09-01,0.01865,0.01913,0.01706,0.01769,238966548.8,4336396.088659,40944
2025-09-02,0.01769,0.01866,0.01743,0.01854,191029737.5,3452505.813018,29108
2025-09-03,0.01854,0.01913,0.01825,0.01878,162726048.2,3040131.120744,21753
2025-09-04,0.01879,0.01892,0.01758,0.01781,169897889.2,3079632.163718,25160
2025-09-05,0.01781,0.01927,0.01779,0.01903,301395202.1,5599382.563817,36996
2025-09-06,0.01902,0.01927,0.01858,0.01887,155359317.9,2929737.936916,25134
2025-09-07,0.01888,0.01932,0.01872,0.01899,98210313.7,1871982.706495,15190
2025-09-08,0.019,0.01979,0.01883,0.01971,186923030.5,3611180.05299,27800
2025-09-09,0.01971,0.02053,0.01939,0.02008,298299656.7,5972222.274182,37649
2025-09-10,0.02008,0.02081,0.01968,0.0202,230958472.1,4676537.434767,38362
2025-09-11,0.0202,0.02056,0.01958,0.02054,135413634.8,2712947.162808,22924
2025-09-12,0.02055,0.02199,0.02027,0.0218,236366478.7,4983417.303134,40397
2025-09-13,0.02179,0.02349,0.02164,0.02256,444635728.8,10117132.958323,78502
2025-09-14,0.02256,0.0226,0.02105,0.0216,183086519.2,3994290.368322,39692
2025-09-15,0.0216,0.02201,0.01971,0.02031,252149103.2,5198608.694429,38286
2025-09-16,0.02031,0.02088,0.01983,0.02077,112403074.0,2290417.300435,21608
2025-09-17,0.02077,0.02187,0.02025,0.0215,180486047.6,3763267.640711,35655
2025-09-18,0.02151,0.02168,0.02107,0.02146,128497554.9,2748639.450012,24468
2025-09-19,0.02146,0.0217,0.01976,0.01998,148409154.5,3058221.47302,28297
2025-09-20,0.01996,0.02055,0.01982,0.02031,53852526.5,1087051.002048,9787
2025-09-21,0.0203,0.02076,0.01984,0.01988,92363757.4,1871784.367316,15455
2025-09-22,0.01986,0.01998,0.01686,0.01718,400608150.4,7217890.165675,57968
2025-09-23,0.01718,0.01756,0.01653,0.01689,193227450.0,3301872.537699,30791
2025-09-24,0.0169,0.01754,0.01644,0.01701,175557610.7,3008996.386458,32566
2025-09-25,0.01701,0.01707,0.01547,0.01593,288847299.1,4744800.341554,55385
2025-09-26,0.01594,0.0168,0.01569,0.01666,169040596.2,2737498.764478,35784
2025-09-27,0.01667,0.01702,0.01644,0.01665,119137375.9,1988624.217197,20981
2025-09-28,0.01665,0.01692,0.01611,0.01682,111557896.5,1837631.652077,33891
2025-09-29,0.01681,0.01687,0.01618,0.01654,123749409.1,2054437.425068,19737
2025-09-30,0.01655,0.01676,0.01588,0.01661,111661960.7,1821514.319879,21042
2025-10-01,0.01662,0.01749,0.01645,0.01742,150069112.8,2564637.291482,21426
2025-10-02,0.01741,0.01829,0.01739,0.01812,167197855.7,2978669.482822,27098
2025-10-03,0.01812,0.01856,0.01759,0.01812,218816209.4,3930702.020646,40532
2025-10-04,0.01813,0.01818,0.01709,0.01756,184953862.6,3258974.179972,33702
2025-10-05,0.01756,0.01813,0.01714,0.01729,167860689.9,2971867.243853,29451
2025-10-06,0.01728,0.01849,0.01713,0.0182,171295995.8,3060632.166287,32554
2025-10-07,0.01821,0.01832,0.01662,0.01682,302443979.4,5280285.832824,47953
2025-10-08,0.01681,0.01806,0.01662,0.01774,209736052.9,3620505.957019,36280
2025-10-09,0.01775,0.01782,0.0162,0.01657,207042528.8,3480982.267624,35749
2025-10-10,0.01657,0.01712,0.00674,0.01142,1209022560.0,15196825.501115,233618
2025-10-11,0.01142,0.01249,0.0109,0.01144,586898661.4,6917883.602426,66986
2025-10-12,0.01143,0.0135,0.01123,0.01312,390241276.4,4845135.627462,60056
2025-10-13,0.01312,0.01405,0.01264,0.01379,693994981.2,9146800.530775,71822
2025-10-14,0.01379,0.01382,0.01223,0.01328,542891879.4,7017054.966932,56478
2025-10-15,0.01328,0.01362,0.01236,0.01269,386960344.4,5002498.676674,50563
2025-10-16,0.01268,0.01293,0.01173,0.01219,548011656.2,6828891.973561,77217
2025-10-17,0.01219,0.01243,0.01087,0.01174,558363359.3,6418133.235666,69610
2025-10-18,0.01173,0.01267,0.01172,0.01211,399273089.3,4870952.565802,52243
2025-10-19,0.01211,0.01265,0.01193,0.01237,301324038.7,3715376.838957,71506
2025-10-20,0.01237,0.01299,0.01217,0.01267,249284651.9,3162265.34884,63355
2025-10-21,0.01267,0.01314,0.01206,0.01214,343943292.9,4326839.442655,70721
2025-10-22,0.01214,0.01232,0.01134,0.01184,317902704.4,3808726.596677,46415
2025-10-23,0.01185,0.01242,0.01178,0.01221,174439832.4,2109458.141416,37402
2025-10-24,0.01222,0.01267,0.01215,0.01255,177950960.6,2202157.847561,39953
2025-10-25,0.01255,0.01258,0.01232,0.0125,132171708.4,1643107.523884,23731
2025-10-26,0.0125,0.01314,0.01226,0.01303,157740989.3,2007724.104164,29693
2025-10-27,0.01304,0.01344,0.01244,0.01252,287635523.0,3695944.878521,43604
2025-10-28,0.01252,0.01278,0.01154,0.01175,232996563.2,2851647.513155,37639
2025-10-29,0.01175,0.01249,0.01159,0.01211,426271962.1,5119418.969221,53818
2025-10-30,0.0121,0.01225,0.01047,0.01097,419498585.6,4743070.895865,49722
2025-10-31,0.01098,0.01144,0.01082,0.01117,219729528.1,2444100.025313,40832
2025-11-01,0.01117,0.01188,0.01105,0.01178,150473159.4,1722933.54005,39021
2025-11-02,0.01177,0.01195,0.01128,0.01172,156597867.1,1823714.178042,32938
2025-11-03,0.01172,0.01175,0.00886,0.01001,461322766.7,4750972.573997,66233
2025-11-04,0.01002,0.01054,0.00904,0.00985,481221315.2,4753866.494208,50429
2025-11-05,0.00984,0.01028,0.00927,0.01005,281882646.9,2799789.804353,23723
2025-11-06,0.01006,0.01013,0.00946,0.01003,358080610.5,3537175.422343,19613
2025-11-07,0.01004,0.01761,0.01004,0.0137,2582560253.5,36202668.365175,421180
2025-11-08,0.01371,0.01456,0.01212,0.01239,877455067.7,11778435.428192,140295
2025-11-09,0.01239,0.01282,0.01152,0.01254,620401104.1,7507821.737695,76698
2025-11-10,0.01254,0.01282,0.01194,0.01232,351559599.6,4343021.974726,58605
2025-11-11,0.01232,0.01256,0.01142,0.01147,242232555.9,2911767.40739,34191
2025-11-12,0.01148,0.01206,0.01102,0.0113,155113664.1,1793591.710145,28262
2025-11-13,0.01129,0.01176,0.01064,0.011,193795004.6,2193677.836122,38213
2025-11-14,0.01099,0.01125,0.01033,0.01069,298431197.8,3236741.444259,42486
2025-11-15,0.01069,0.01121,0.01068,0.01083,207945217.0,2278845.883401,18643
2025-11-16,0.01083,0.01108,0.01021,0.0106,148846322.8,1591310.556952,23739
2025-11-17,0.01059,0.01101,0.01023,0.01041,169651347.6,1807267.644423,34561
2025-11-18,0.0104,0.01119,0.01014,0.01091,161701586.5,1739254.396034,29898
2025-11-19,0.01091,0.01094,0.00987,0.01046,146862026.6,1531873.93807,25354
2025-11-20,0.01046,0.01134,0.01004,0.01028,281841667.9,3005767.381747,45943
2025-11-21,0.01028,0.01064,0.0087,0.00963,355844718.6,3438682.323186,46524
2025-11-22,0.00962,0.00973,0.00918,0.00938,100324158.3,940916.510092,11584
2025-11-23,0.00937,0.00964,0.00929,0.00942,106828692.6,1013506.325597,9875
2025-11-24,0.00941,0.01038,0.0093,0.01017,191230807.4,1876621.854602,19614
2025-11-25,0.01018,0.0103,0.00978,0.0102,127168328.5,1278895.721152,15820
2025-11-26,0.0102,0.01041,0.00988,0.01032,72648112.7,736555.291168,12075
2025-11-27,0.01032,0.01087,0.01015,0.01049,200629700.9,2116781.862295,22240
2025-11-28,0.01049,0.01109,0.01017,0.0105,170032023.3,1792630.232994,17285
2025-11-29,0.01049,0.01072,0.01003,0.01007,90622488.4,935848.192389,10248
2025-11-30,0.01006,0.01031,0.00987,0.00994,196942510.2,1992546.017396,15228
2025-12-01,0.00995,0.00998,0.00891,0.00928,225595645.8,2078521.24249,15464
2025-12-02,0.00929,0.01045,0.00924,0.01011,213564014.2,2109446.260226,18889
2025-12-03,0.01012,0.01044,0.00986,0.01029,143898536.7,1461933.613467,15871
2025-12-04,0.0103,0.01046,0.0099,0.01001,120880214.6,1235930.195133,19645
2025-12-05,0.01,0.01014,0.00919,0.00943,125325370.3,1216278.807038,11127
2025-12-06,0.00943,0.00992,0.00937,0.00988,101426631.0,975373.085952,7334
2025-12-07,0.00989,0.01015,0.00943,0.00966,198602107.6,1956619.237808,15725
2025-12-08,0.00964,0.01038,0.00961,0.01027,166262786.6,1686993.058004,14698
2025-12-09,0.01027,0.01118,0.00998,0.01074,172978365.1,1824662.313899,20898
2025-12-10,0.01076,0.01079,0.01008,0.01014,222122202.0,2319591.294655,23442
2025-12-11,0.01014,0.01017,0.00944,0.00988,150515485.3,1460553.988177,13814
2025-12-12,0.00989,0.00998,0.00906,0.00942,112662667.6,1072138.851788,10860
2025-12-13,0.00943,0.00977,0.0094,0.00971,85863027.7,824312.110266,6234
2025-12-14,0.0097,0.00976,0.00906,0.00917,63508226.7,594156.834668,5598
2025-12-15,0.00917,0.00948,0.00854,0.00889,145178278.8,1297628.870754,9548
2025-12-16,0.00889,0.00924,0.00874,0.00901,132762792.2,1195639.027295,7756
2025-12-17,0.00901,0.00924,0.00835,0.00848,163655971.6,1444395.579477,11519
2025-12-18,0.00848,0.00899,0.008,0.00824,160963152.8,1368027.883478,11648
2025-12-19,0.00824,0.0102,0.00819,0.0096,509827948.0,4829770.738881,35702
2025-12-20,0.0096,0.01063,0.00937,0.00966,679747699.7,6622855.480964,63697
2025-12-21,0.00966,0.00972,0.00914,0.00932,156328020.7,1472956.906016,18001
2025-12-22,0.00932,0.00967,0.00925,0.00941,87216528.6,823894.360141,9430
2025-12-23,0.00942,0.00965,0.00901,0.00919,186266675.9,1714721.301573,14877
2025-12-24,0.00919,0.00924,0.00888,0.00921,73606912.2,666584.179764,4614
2025-12-25,0.00922,0.00943,0.0089,0.00894,95098720.9,876864.335493,5836
2025-12-26,0.00894,0.00936,0.00893,0.00928,60441126.6,556448.491043,4659
2025-12-27,0.00928,0.00957,0.00926,0.00952,45539103.7,427437.805607,3916
2025-12-28,0.00954,0.00983,0.00943,0.00959,86759340.1,833312.870072,8792
2025-12-29,0.00959,0.00992,0.00931,0.00935,145945613.3,1411477.485355,11890
2025-12-30,0.00934,0.00947,0.00912,0.00925,75949908.6,706459.16439,6550
2025-12-31,0.00924,0.00957,0.0087,0.00946,283053953.7,2589368.496877,21791
2026-01-01,0.00946,0.01048,0.00943,0.01026,590078672.5,5896310.549082,64202
2026-01-02,0.01026,0.01115,0.01017,0.01089,258601459.9,2761766.740945,41691
2026-01-03,0.01089,0.01099,0.0101,0.01059,192547587.3,2031986.195084,25699
2026-01-04,0.0106,0.01246,0.01058,0.01152,482915339.4,5538398.232685,71462
2026-01-05,0.01152,0.01183,0.01086,0.01162,220130834.8,2494199.102755,32135
2026-01-06,0.01163,0.01196,0.01104,0.01158,190946404.2,2204789.38656,27997
2026-01-07,0.01158,0.01173,0.01049,0.01096,158845745.3,1786962.920108,26537
2026-01-08,0.01096,0.01107,0.01036,0.01057,206866117.5,2202349.961262,23741
2026-01-09,0.01055,0.01076,0.0103,0.01049,84587734.9,888509.932707,14826
2026-01-10,0.01049,0.01058,0.01025,0.01029,53401500.0,557093.767154,7542
2026-01-11,0.01029,0.01037,0.00982,0.01,67165521.0,683683.888751,8566
2026-01-12,0.01001,0.01034,0.0098,0.00993,80485819.1,808637.037771,11649
2026-01-13,0.00993,0.01185,0.00991,0.01165,320275373.0,3516262.384827,33522
2026-01-14,0.01167,0.01177,0.01092,0.01104,192133667.6,2174094.344976,22215
2026-01-15,0.01105,0.01106,0.01033,0.01052,214732748.2,2317910.196274,23777
2026-01-16,0.01052,0.01075,0.01014,0.01074,71519522.2,749742.263099,12033
2026-01-17,0.01075,0.01119,0.01059,0.0108,104321321.2,1135672.989547,13035
2026-01-18,0.0108,0.01092,0.01007,0.01008,85322544.1,905254.881136,10467
2026-01-19,0.01009,0.01009,0.0088,0.00972,248485084.1,2355495.43111,20655
2026-01-20,0.00972,0.01005,0.00913,0.00927,182876002.9,1762920.86556,12482
2026-01-21,0.00927,0.00981,0.00916,0.00953,188046471.3,1788219.367039,14851
2026-01-22,0.00954,0.00981,0.00926,0.00936,77792671.5,740800.633559,7228
2026-01-23,0.00936,0.00974,0.00923,0.00946,64046173.7,605720.369489,7292
2026-01-24,0.00945,0.0095,0.00923,0.00946,37509618.5,352092.971198,3369
2026-01-25,0.00946,0.00946,0.00857,0.00894,119244842.3,1076484.0039,8257
2026-01-26,0.00894,0.00922,0.0089,0.0092,78063091.9,707609.372172,6850
2026-01-27,0.0092,0.00942,0.00906,0.00934,84292371.8,777674.766553,6573
2026-01-28,0.00936,0.00942,0.00906,0.00921,98039968.2,909613.486343,8405
2026-01-29,0.00922,0.00923,0.00821,0.00843,158702585.0,1355370.600996,10790
2026-01-30,0.00844,0.00858,0.0081,0.00835,191989346.7,1594919.309969,12349
2026-01-31,0.00836,0.00836,0.00668,0.00746,281086060.9,2101242.950197,17864
2026-02-01,0.00746,0.00771,0.0072,0.0074,87045390.6,653624.076571,7768
2026-02-02,0.00741,0.00799,0.00723,0.00772,126656141.8,961909.480287,10332
2026-02-03,0.00773,0.00802,0.00734,0.00769,123121818.9,951113.869624,8793
2026-02-04,0.00769,0.00785,0.00738,0.00757,95205764.6,726803.867463,8271
2026-02-05,0.00759,0.00764,0.00621,0.00632,234525687.8,1614359.537549,14689
2026-02-06,0.00632,0.00729,0.00558,0.00706,279877210.7,1783064.339235,24251
2026-02-07,0.00706,0.00712,0.00664,0.00688,97333340.1,669967.314614,7464
2026-02-08,0.00688,0.00689,0.0065,0.0066,88783803.5,596151.563435,5720
2026-02-09,0.0066,0.00671,0.00635,0.00659,82323678.3,539305.04814,6088
2026-02-10,0.00661,0.00664,0.00623,0.0063,55999889.5,358637.304202,5191
2026-02-11,0.00631,0.00652,0.00606,0.00641,98340572.6,617100.652752,6799
2026-02-12,0.0064,0.00671,0.0064,0.00664,87991579.5,578295.422272,4395
2026-02-13,0.00665,0.00685,0.00646,0.00681,84195787.6,556257.471231,4901
2026-02-14,0.00681,0.00768,0.0068,0.00745,113060057.9,818025.240917,10242
2026-02-15,0.00745,0.00751,0.00683,0.00698,191673584.7,1372600.054968,16210
2026-02-16,0.00699,0.00726,0.00691,0.00716,81033176.7,571694.218405,3892
2026-02-17,0.00716,0.00717,0.00689,0.00697,51643621.2,362484.586487,3083
2026-02-18,0.00698,0.00703,0.0066,0.0067,76434003.1,520055.394607,5009
2026-02-19,0.0067,0.00686,0.00658,0.00673,61645368.4,414386.421061,3017
2026-02-20,0.00673,0.00699,0.00664,0.0069,62316411.4,426903.216199,3930
2026-02-21,0.00689,0.00697,0.00671,0.00671,30860269.8,211964.712351,2268
2026-02-22,0.00671,0.00671,0.00639,0.00648,50413758.9,331138.868495,2832
2026-02-23,0.00648,0.00649,0.00607,0.00623,78175203.6,490203.833419,5160
2026-02-24,0.00623,0.00635,0.00611,0.00618,83271662.2,518150.870618,3400
2026-02-25,0.00618,0.00717,0.00617,0.00683,103136727.2,688510.72264,7644
2026-02-26,0.00684,0.00688,0.00646,0.00671,79230483.0,532865.574768,5384
2026-02-27,0.00672,0.00687,0.00637,0.0065,61874684.8,411200.696222,3517
2026-02-28,0.0065,0.00653,0.00595,0.00645,108510969.4,667633.950319,5707
2026-03-01,0.00645,0.00669,0.00606,0.0062,75481395.9,481133.57373,5191
2026-03-02,0.00621,0.00665,0.0061,0.00635,91497607.8,582337.427224,5903
2026-03-03,0.00636,0.00666,0.00613,0.00652,93220841.0,592572.28631,5864
2026-03-04,0.00654,0.0077,0.00647,0.00707,494075836.2,3541876.746243,24097
2026-03-05,0.00707,0.00758,0.007,0.00712,179275481.5,1295320.575876,9436
2026-03-06,0.00713,0.00728,0.00689,0.00697,115592120.4,818446.704739,5736
2026-03-07,0.00699,0.00699,0.00675,0.00683,60622252.5,415869.059625,3527
2026-03-08,0.00684,0.00688,0.00661,0.00678,61610094.1,415392.089213,3041
2026-03-09,0.00678,0.00782,0.00678,0.00743,267375080.5,1984415.737461,13486
2026-03-10,0.00742,0.0083,0.00741,0.00772,297415212.8,2367167.905933,14920
2026-03-11,0.00771,0.00785,0.00741,0.00751,111404646.1,843984.737921,5679
2026-03-12,0.00751,0.00762,0.00724,0.00746,113983591.7,846465.955663,5888
2026-03-13,0.00746,0.00779,0.00734,0.00741,140306451.8,1063547.892457,7513
2026-03-14,0.00742,0.00742,0.00706,0.00717,72019767.3,520704.576783,5716
2026-03-15,0.00717,0.00727,0.0071,0.00725,58980930.7,423250.665533,3300
2026-03-16,0.00727,0.00775,0.00723,0.00756,215411716.7,1621395.487294,10745
2026-03-17,0.00757,0.0076,0.00713,0.00715,83216330.8,610465.872335,4014
2026-03-18,0.00715,0.00733,0.00671,0.00682,108187422.7,759954.134819,5253
2026-03-19,0.00682,0.00694,0.00653,0.00659,85087578.8,569857.506524,3930
2026-03-20,0.0066,0.00671,0.00645,0.00654,74099051.2,489370.002774,4196
2026-03-21,0.00655,0.00714,0.00655,0.00683,168212198.1,1162097.575532,7357
2026-03-22,0.00682,0.00686,0.00648,0.00659,90452461.7,606028.001422,3655
2026-03-23,0.0066,0.00703,0.0066,0.00684,111792094.9,763731.316142,6653
2026-03-24,0.00685,0.00686,0.00666,0.00678,56312577.8,381447.26675,2822
2026-03-25,0.00678,0.00709,0.00677,0.00697,105966059.5,738369.060269,7727
2026-03-26,0.00699,0.00699,0.0064,0.0065,88495308.9,584180.414424,7370
2026-03-27,0.0065,0.00694,0.00627,0.00653,213295878.4,1396659.30514,12742
2026-03-28,0.00654,0.00661,0.00634,0.00637,122804180.8,792835.342627,6641
2026-03-29,0.00638,0.00644,0.00602,0.00612,63651327.8,397865.469896,2994
2026-03-30,0.00612,0.00643,0.00611,0.00616,47224139.4,299206.160775,3593
2026-03-31,0.00617,0.00664,0.00601,0.00663,88048103.4,554112.788342,4630
2026-04-01,0.00661,0.00666,0.00648,0.00651,71061381.7,466780.798005,5026
2026-04-02,0.00651,0.00657,0.00603,0.00616,100616195.4,628214.06366,6119
2026-04-03,0.00616,0.00672,0.0061,0.00656,125784340.7,817518.318487,9051
2026-04-04,0.00657,0.00673,0.00651,0.00666,48942207.5,323155.915122,4138
2026-04-05,0.00666,0.00666,0.00624,0.00651,78648813.9,505371.908229,5154
2026-04-06,0.00652,0.0067,0.00635,0.0064,73135076.1,480365.42119,5946
2026-04-07,0.0064,0.00703,0.00628,0.00697,104166544.7,682541.532833,5848
2026-04-08,0.00698,0.0071,0.00661,0.00662,76610262.2,528060.543149,6570
2026-04-09,0.00662,0.00722,0.00657,0.00689,223401639.2,1551885.145608,10328
2026-04-10,0.00689,0.00722,0.00677,0.00702,317472226.7,2230402.334744,11118
2026-04-11,0.00701,0.00708,0.00679,0.00687,105101730.6,727414.786499,4279
2026-04-12,0.00688,0.0069,0.00647,0.00649,85820218.8,570641.176238,3779
2026-04-13,0.00648,0.00705,0.00646,0.00703,129618601.1,869800.076457,9655
2026-04-14,0.00704,0.00736,0.0068,0.00719,467744081.9,3332855.524469,21764
2026-04-15,0.00719,0.00748,0.00705,0.00747,170899519.2,1238372.326305,9597
2026-04-16,0.00747,0.00913,0.00738,0.00876,1061632629.2,8844750.853443,55401
2026-04-17,0.00878,0.00891,0.00804,0.00811,375221202.1,3137381.233922,22497
2026-04-18,0.00811,0.00823,0.00752,0.00754,178701168.6,1415233.136644,10962
2026-04-19,0.00755,0.0078,0.00725,0.00729,143235678.7,1081243.72465,9281
2026-04-20,0.0073,0.00748,0.00717,0.00732,108190439.5,793135.350604,6964
2026-04-21,0.00732,0.00742,0.00715,0.00735,71758250.7,525858.848657,4165
2026-04-22,0.00734,0.00815,0.00732,0.00758,325875917.7,2564903.88011,17844
2026-04-23,0.00758,0.00777,0.00739,0.00768,99725913.1,754268.152018,5500
2026-04-24,0.00768,0.00827,0.00766,0.00806,182385368.5,1452048.551584,9664
2026-04-25,0.00806,0.00808,0.00773,0.00781,85354258.6,676852.30545,5067
2026-04-26,0.00781,0.00806,0.00769,0.00788,68886837.9,542873.553389,3731
2026-04-27,0.00788,0.00802,0.00749,0.00769,86550320.4,668418.873353,4583
2026-04-28,0.00769,0.00773,0.00749,0.00758,57769925.7,438656.433971,3381
2026-04-29,0.00758,0.00794,0.00719,0.00749,109265537.1,829775.101116,5122
2026-04-30,0.00749,0.00764,0.00739,0.00746,54267569.5,408688.398696,2060
2026-05-01,0.00745,0.00795,0.00743,0.0078,72871036.5,558806.266883,4583
2026-05-02,0.00779,0.00825,0.00769,0.00795,103919671.7,830603.070713,6467
2026-05-03,0.00797,0.00799,0.00774,0.00781,69034647.6,540166.659297,2840
2026-05-04,0.00782,0.00826,0.00776,0.00793,132108788.8,1056519.399159,7086
2026-05-05,0.00793,0.0088,0.00792,0.00841,340349328.0,2897247.015631,21483
2026-05-06,0.00841,0.00866,0.00821,0.00835,125205798.6,1057715.981342,8460
2026-05-07,0.00837,0.00852,0.00814,0.00835,89485075.4,745365.336435,5386
2026-05-08,0.00836,0.00867,0.0082,0.00866,207073009.8,1747657.476236,11550
2026-05-09,0.00865,0.00875,0.00832,0.00835,69772430.0,595880.450092,3397
2026-05-10,0.00836,0.00883,0.00819,0.00857,108206735.1,917335.955953,8062
2026-05-11,0.00857,0.00863,0.00829,0.00836,66160834.8,557100.212738,3674
2026-05-12,0.00836,0.00841,0.00779,0.0079,98262082.9,793725.358254,4892
2026-05-13,0.00791,0.00854,0.00771,0.00778,136955003.9,1116222.166672,7329
2026-05-14,0.00779,0.00812,0.0076,0.00791,95778005.8,750734.396424,5723
2026-05-15,0.00791,0.00801,0.00729,0.00748,98249042.4,745037.519063,6536
2026-05-16,0.00748,0.00756,0.00703,0.00712,52780292.2,380536.422002,3459
2026-05-17,0.00712,0.0072,0.00664,0.00687,112486760.4,789272.104373,5927
2026-05-18,0.00687,0.00698,0.00668,0.0069,62454682.0,425605.608794,4667
2026-05-19,0.0069,0.00696,0.00672,0.0068,26338215.7,180017.889079,1704
2026-05-20,0.00679,0.00699,0.00676,0.0069,51767872.4,356473.795372,3369
2026-05-21,0.0069,0.00701,0.00679,0.00695,99527925.1,687895.17773,7534
2026-05-22,0.00695,0.00709,0.00651,0.00656,97690644.3,668346.722926,7340
2026-05-23,0.00657,0.0069,0.00622,0.00673,97882489.4,637904.028253,7673
2026-05-24,0.00672,0.00672,0.00643,0.00658,34633236.6,228574.966671,3144
2026-05-25,0.00658,0.00678,0.00651,0.00665,31416947.0,209310.927584,3056
2026-05-26,0.00665,0.00678,0.0065,0.00661,34472221.8,228471.751769,3448
2026-05-27,0.0066,0.0067,0.00635,0.00642,66667420.0,436942.120059,4863
2026-05-28,0.0064,0.00643,0.00602,0.00625,75369611.1,465262.550124,6892
2026-05-29,0.00624,0.00641,0.00609,0.00627,42245257.2,264997.589015,3680
2026-05-30,0.00627,0.00645,0.00626,0.00635,37790024.6,240639.244754,3061
2026-05-31,0.00637,0.00646,0.00622,0.0064,64936048.0,413255.173619,4184
2026-06-01,0.00639,0.00652,0.00627,0.0065,45480376.4,290609.603032,4677
2026-06-02,0.00649,0.00649,0.00579,0.00591,103728994.3,639208.112055,9229
2026-06-03,0.00592,0.00626,0.00582,0.0061,64065699.5,390529.043578,5354
2026-06-04,0.00609,0.00615,0.00534,0.0057,180792066.0,1022531.291566,16259
2026-06-05,0.0057,0.00575,0.00496,0.00532,197300671.1,1059222.836134,17117
2026-06-06,0.00532,0.00542,0.00489,0.00527,95208003.5,493006.13498,9030
2026-06-07,0.00527,0.0056,0.00523,0.00542,75286996.4,407985.636538,6535
2026-06-08,0.00542,0.0055,0.00529,0.00534,63979142.8,344730.438899,4986
2026-06-09,0.00535,0.0054,0.00513,0.00531,78368919.3,414359.593715,5565
2026-06-10,0.00529,0.00534,0.00507,0.0052,66713787.8,349123.323647,4303
2026-06-11,0.0052,0.00546,0.00518,0.00537,67936836.2,362419.474976,4863
2026-06-12,0.00537,0.0055,0.00526,0.00541,87920796.3,475349.748661,7015
2026-06-13,0.00541,0.00555,0.00533,0.0055,57090017.0,311807.482542,3916
2026-06-14,0.00549,0.00561,0.00535,0.00561,41378767.4,227082.172647,3020
2026-06-15,0.00561,0.00593,0.00557,0.00576,82481215.7,475591.280175,7639
2026-06-16,0.00575,0.00587,0.00564,0.00581,45529570.4,262162.550311,3664
2026-06-17,0.00582,0.00595,0.00565,0.00576,66975348.3,389927.562106,7115
2026-06-18,0.00575,0.0058,0.0054,0.0057,49463320.9,276748.983043,4947
2026-06-19,0.0057,0.00577,0.00546,0.0056,50258894.4,279106.450079,5165
2026-06-20,0.0056,0.00564,0.00545,0.00557,57418662.3,318688.60507,4569
2026-06-21,0.00558,0.00577,0.00547,0.00548,62590147.0,349892.833097,5507
2026-06-22,0.00549,0.00601,0.00548,0.00566,164359477.9,956704.653576,12279
2026-06-23,0.00566,0.00571,0.00532,0.00546,59919004.9,329570.338013,4222
2026-06-24,0.00545,0.0055,0.00488,0.00525,94631075.5,489059.309737,6561
2026-06-25,0.00526,0.00534,0.00483,0.00512,69545622.5,354220.466751,3773
2026-06-26,0.00514,0.00528,0.00491,0.00521,50213971.6,257113.417808,3140
2026-06-27,0.0052,0.00526,0.00502,0.00506,37201030.0,192254.479764,2397
2026-06-28,0.00506,0.00514,0.00491,0.00501,15846598.9,79903.668151,1765
2026-06-29,0.00501,0.00524,0.00495,0.00509,33152285.5,168600.542015,2074
2026-06-30,0.00509,0.00509,0.00482,0.00496,47798230.9,237083.799194,2520
2026-07-01,0.00497,0.0052,0.00486,0.00504,49045747.9,246368.841754,2876
2026-07-02,0.00504,0.00539,0.00501,0.00519,68887448.0,358075.909879,5625
2026-07-03,0.00519,0.00553,0.00515,0.00542,58945534.1,313473.770303,3879
2026-07-04,0.00542,0.00566,0.00532,0.00541,65583636.1,359723.846001,3461
2026-07-05,0.00541,0.00547,0.00529,0.0054,50063535.6,268863.913143,3316
2026-07-06,0.0054,0.00563,0.00514,0.00545,65163308.1,350914.677703,3440
2026-07-07,0.00544,0.00549,0.00522,0.00526,63824409.3,340440.739801,2516
2026-07-08,0.00527,0.0057,0.00514,0.00552,110597151.2,602625.717718,7387
2026-07-09,0.0055,0.00589,0.00542,0.00559,144180953.9,822230.025946,9863
2026-07-10,0.00559,0.00569,0.00547,0.00549,36268383.7,202044.987759,1793
2026-07-11,0.00549,0.00572,0.00546,0.00549,26674262.3,148583.456994,1264
2026-07-12,0.0055,0.00554,0.00542,0.00544,38586856.3,211431.139766,1645
2026-07-13,0.00544,0.00579,0.00521,0.0053,124611464.5,688939.501363,6256
2026-07-14,0.00531,0.00568,0.0053,0.00554,82209638.3,450926.934143,3513
2026-07-15,0.00553,0.00584,0.00549,0.00575,60477407.2,341955.591077,2696
2026-07-16,0.00575,0.00576,0.00538,0.00541,86835967.5,481422.898582,4931
2026-07-17,0.00542,0.00548,0.0053,0.00537,31745104.9,170515.819614,1481
2026-07-18,0.00537,0.00543,0.00528,0.00531,33584228.2,179113.848607,1495
2026-07-19,0.00531,0.00536,0.00515,0.00526,26263848.6,137838.60608,1647
2026-07-20,0.00526,0.00536,0.00516,0.00532,33796618.4,178186.147404,1934
2026-07-21,0.00531,0.00541,0.00529,0.00535,40976647.0,219052.626857,2417
2026-07-22,0.00536,0.00539,0.00528,0.00532,17827974.0,94972.451876,1251
2026-07-23,0.00533,0.00534,0.00514,0.00514,40804517.1,213500.836882,2433
2026-07-24,0.00514,0.00543,0.00509,0.00523,68869462.7,364257.760126,5126
2026-07-25,0.00523,0.00577,0.00515,0.00564,103230707.4,565186.640593,8199
2026-07-26,0.00563,0.00633,0.0056,0.00621,295309494.5,1782016.234264,30825
2026-07-27,0.0062,0.0071,0.00619,0.00679,620721001.5,4113403.019203,65518
2026-07-28,0.00679,0.0073,0.00654,0.00676,331420715.6,2284990.121475,42132
2026-07-29,0.00677,0.00694,0.00631,0.00674,176926404.2,1171344.179565,23838
2026-07-30,0.00676,0.00705,0.00654,0.00682,151452710.4,1034145.023163,24684
2026-07-31,0.00682,0.00724,0.00666,0.00669,138502666.3,960182.659351,23797
2026-08-01,0.00669,0.00684,0.00637,0.00647,88245125.1,584458.106192,11721
2026-08-02,0.00648,0.00744,0.00647,0.00701,201881345.8,1427217.42692,25118
2026-08-03,0.00701,0.00736,0.00683,0.00707,120982501.9,860848.504956,11396
2026-08-04,0.00705,0.00734,0.00688,0.00719,108722993.5,770387.930669,14244
2026-08-05,0.00717,0.00721,0.00696,0.00708,49988087.1,354421.949597,10148
2026-08-06,0.00708,0.00767,0.00698,0.00744,102902312.1,747570.515909,18686
2026-08-07,0.00746,0.00764,0.00705,0.00714,101807233.6,738916.317578,18446
2026-08-08,0.00714,0.0077,0.00711,0.00755,87331329.6,643068.47028,20446
2026-08-09,0.00756,0.00958,0.00752,0.00915,538429081.1,4673127.256045,101384
2026-08-10,0.00916,0.00941,0.00816,0.00845,354367695.1,3141755.785924,56300
2026-08-11,0.00846,0.00892,0.00843,0.00858,186679662.2,1611444.101252,34306
2026-08-12,0.00858,0.00873,0.00791,0.00798,136021316.8,1127258.205757,20806
2026-08-13,0.00799,0.00827,0.00774,0.00776,74262584.7,593066.586041,11358
2026-08-14,0.00777,0.00788,0.00749,0.00761,109837449.6,842580.838132,17192
2026-08-15,0.00762,0.00786,0.00739,0.00752,63086483.4,477810.032696,10403
2026-08-16,0.00751,0.00752,0.0073,0.0074,62061063.4,460633.91138,8742
2026-08-17,0.0074,0.0075,0.00708,0.00713,55399219.3,400995.2637,7854
2026-08-18,0.00712,0.00794,0.00705,0.00757,212094522.9,1609002.654923,31158
2026-08-19,0.00757,0.00826,0.00737,0.00811,144878677.1,1121671.340095,26664
2026-08-20,0.00811,0.01134,0.00793,0.01052,951019985.2,9486440.328435,205535
2026-08-21,0.01052,0.01315,0.01029,0.01136,1178640723.4,13562837.232512,178290
2026-08-22,0.01135,0.01218,0.00925,0.01077,523817577.7,5625277.013963,78066
2026-08-23,0.01076,0.01091,0.00997,0.01063,162281537.7,1697021.924649,26650
2026-08-24,0.01063,0.01081,0.0097,0.00991,186123097.8,1895722.232104,32702
2026-08-25,0.00991,0.01015,0.00765,0.00783,546288431.7,4696657.159886,85872
2026-08-26,0.00783,0.00838,0.00751,0.00794,324778144.0,2575797.395762,29415
2026-08-27,0.00795,0.00881,0.00768,0.00833,413261626.2,3414364.188247,40341
2026-08-28,0.00832,0.00849,0.00788,0.0084,233039891.1,1900238.314988,30084
2026-08-29,0.00839,0.00853,0.00807,0.00811,96210954.7,796001.450928,14300
2026-08-30,0.00812,0.00825,0.00753,0.00766,123085975.9,985305.449804,15750
2026-08-31,0.00763,0.00798,0.00762,0.00784,74544778.2,584102.317248,10526
2026-09-01,0.00785,0.00811,0.00774,0.00804,127714303.8,1014450.454854,19836
2026-09-02,0.00804,0.00808,0.00773,0.008,102430979.5,809643.083341,16329
2026-09-03,0.008,0.00861,0.00788,0.0082,228350658.7,1891166.31253,23895
2026-09-04,0.0082,0.0083,0.00767,0.00789,185553320.0,1477862.550062,25975
2026-09-05,0.00789,0.00839,0.00785,0.00823,153519109.9,1249188.38628,16224
2026-09-06,0.00823,0.00863,0.00796,0.00819,160784507.2,1334726.580665,20843
2026-09-07,0.00819,0.00823,0.00778,0.0079,142201177.8,1135861.901155,13670
2026-09-08,0.00791,0.00828,0.00774,0.00807,148403394.2,1190406.840683,23280
2026-09-09,0.00806,0.00825,0.00766,0.0079,138164802.4,1104849.406774,20174
2026-09-10,0.00791,0.00795,0.00733,0.00736,111104154.0,848059.964765,16319
2026-09-11,0.00737,0.00797,0.00734,0.00782,108610553.4,833229.474834,14280
2026-09-12,0.00781,0.00804,0.00781,0.00791,58971461.6,467984.645646,9351
2026-09-13,0.00792,0.00804,0.00766,0.00773,50733209.9,399420.285387,8222
2026-09-14,0.00774,0.00824,0.0077,0.00785,91464818.0,728103.189305,12213
2026-09-15,0.00786,0.00794,0.00737,0.00752,102866996.9,790549.930212,16492
2026-09-16,0.00752,0.00763,0.00723,0.00761,107352816.8,795093.51964,11619
2026-09-17,0.00761,0.00853,0.0076,0.00834,216749711.4,1768982.201209,31607
2026-09-18,0.00834,0.00909,0.00822,0.00903,124990267.4,1078254.62239,20342
2026-09-19,0.00902,0.00939,0.00869,0.009,153304565.7,1377551.757027,24353
2026-09-20,0.009,0.00902,0.00848,0.00874,126824431.0,1108891.338511,12507
2026-09-21,0.00874,0.00949,0.00863,0.00922,225633758.8,2044413.387063,28051
2026-09-22,0.00922,0.0097,0.009,0.0096,292288936.7,2746077.870241,36330
2026-09-23,0.00958,0.00982,0.00837,0.00854,269249100.7,2479180.056475,28079
2026-09-24,0.00854,0.00969,0.0085,0.00925,168483276.1,1544071.025727,24339
2026-09-25,0.00926,0.0096,0.0091,0.00953,91911010.0,855346.346747,12871
2026-09-26,0.00952,0.00993,0.00924,0.00946,77684977.7,742583.378053,10422
2026-09-27,0.00945,0.00949,0.00905,0.0092,66504701.7,616432.918935,7755
2026-09-28,0.00921,0.00953,0.00865,0.00943,128081786.4,1158354.653126,18114
2026-09-29,0.00944,0.00965,0.00885,0.00939,192557520.9,1793465.946644,24735
2026-09-30,0.00939,0.0098,0.00914,0.00938,96344350.1,914266.056615,11551
2026-10-01,0.00939,0.0095,0.00884,0.00911,72849098.1,663989.465526,8668
2026-10-02,0.00911,0.00993,0.00863,0.00888,200330344.0,1865191.122596,28181
2026-10-03,0.00887,0.00912,0.00883,0.00898,53799782.6,481195.888485,8206
2026-10-04,0.00899,0.00899,0.00889,0.0089,2301846.9,20564.065608,378
