date,open,high,low,close,volume,quote_volume,trades
2023-05-05,1.97e-06,4.39e-06,1.97e-06,3.73e-06,46108639000543.0,154291982.66948947,477819
2023-05-06,3.73e-06,3.85e-06,2.29e-06,2.63e-06,108184587925547.0,313834734.66872513,688278
2023-05-07,2.63e-06,3.1e-06,2.41e-06,2.79e-06,65077437336487.0,178313092.02841035,356088
2023-05-08,2.79e-06,2.81e-06,1.54e-06,1.94e-06,140237460567381.0,290244916.24877626,474109
2023-05-09,1.95e-06,2.14e-06,1.73e-06,2.01e-06,84408522428236.0,163165363.80408043,313049
2023-05-10,2.01e-06,2.13e-06,1.69e-06,1.93e-06,62376608472013.0,119522861.92357074,222244
2023-05-11,1.93e-06,1.94e-06,1.25e-06,1.4e-06,102478204068900.0,156745395.36551222,256206
2023-05-12,1.4e-06,1.9e-06,1.05e-06,1.75e-06,183117190471740.0,241844911.6483907,354953
2023-05-13,1.75e-06,2.08e-06,1.54e-06,1.87e-06,160845317539432.0,294238070.6149711,482121
2023-05-14,1.87e-06,1.95e-06,1.74e-06,1.78e-06,68330631582345.0,125288827.30600265,206523
2023-05-15,1.79e-06,1.79e-06,1.61e-06,1.73e-06,61163976301961.0,103382077.9440568,157838
2023-05-16,1.73e-06,1.82e-06,1.64e-06,1.67e-06,46420055507337.0,79405228.10507993,120223
2023-05-17,1.67e-06,1.69e-06,1.46e-06,1.57e-06,58829136028623.0,92703610.19808058,131448
2023-05-18,1.58e-06,1.64e-06,1.5e-06,1.59e-06,46601403583590.0,73378902.08316857,101341
2023-05-19,1.58e-06,1.59e-06,1.47e-06,1.53e-06,27186905002751.0,41385738.80689973,63428
2023-05-20,1.52e-06,1.93e-06,1.5e-06,1.72e-06,61157619295586.0,104601986.70922257,151098
2023-05-21,1.71e-06,1.76e-06,1.56e-06,1.59e-06,42538861909980.0,71113533.46793026,102494
2023-05-22,1.59e-06,1.6e-06,1.51e-06,1.52e-06,25843529163128.0,40133100.237252,58162
2023-05-23,1.52e-06,1.67e-06,1.51e-06,1.59e-06,28163796626075.0,44842877.6640287,62541
2023-05-24,1.59e-06,1.6e-06,1.31e-06,1.43e-06,50985625817252.0,73751493.22319442,98639
2023-05-25,1.43e-06,1.47e-06,1.34e-06,1.43e-06,31717937452590.0,45042114.63326935,57497
2023-05-26,1.43e-06,1.49e-06,1.38e-06,1.46e-06,25341626102384.0,36622153.60627081,45689
2023-05-27,1.45e-06,1.54e-06,1.43e-06,1.52e-06,19742767057020.0,29508992.16284733,40775
2023-05-28,1.52e-06,1.54e-06,1.41e-06,1.49e-06,21189159705596.0,31239049.82919957,46858
2023-05-29,1.5e-06,1.52e-06,1.42e-06,1.44e-06,17678408403543.0,25658694.41967008,38900
2023-05-30,1.44e-06,1.44e-06,1.23e-06,1.3e-06,26459115670028.0,35432974.55399667,62688
2023-05-31,1.3e-06,1.32e-06,1.19e-06,1.26e-06,28911883449285.0,36070540.79987735,55528
2023-06-01,1.27e-06,1.33e-06,1.21e-06,1.25e-06,24903626865682.0,31722868.59475733,48908
2023-06-02,1.24e-06,1.31e-06,1.23e-06,1.29e-06,15231747109274.0,19237455.83009518,30689
2023-06-03,1.29e-06,1.35e-06,1.26e-06,1.3e-06,22022382388125.0,28708641.87925578,39584
2023-06-04,1.3e-06,1.3e-06,1.21e-06,1.23e-06,15708665098619.0,19747463.12746422,34067
2023-06-05,1.23e-06,1.24e-06,9.5e-07,1.03e-06,49266844972743.0,53272152.60223488,100483
2023-06-06,1.03e-06,1.26e-06,9.6e-07,1.2e-06,68124119403275.0,75770684.8826438,118942
2023-06-07,1.2e-06,1.22e-06,1.04e-06,1.07e-06,37938275142612.0,42535708.66110397,69584
2023-06-08,1.07e-06,1.14e-06,1.03e-06,1.08e-06,20113573681185.0,21823238.58774591,41220
2023-06-09,1.09e-06,1.2e-06,1.05e-06,1.14e-06,33823724620921.0,38550018.79693727,73834
2023-06-10,1.13e-06,1.14e-06,8.7e-07,9.4e-07,65236121417990.0,61810429.02975808,103665
2023-06-11,9.3e-07,9.5e-07,8.8e-07,9.2e-07,21081083114862.0,19479504.7289629,33995
2023-06-12,9.1e-07,9.5e-07,8.4e-07,9.1e-07,22319730818691.0,20073425.11250781,39542
2023-06-13,9e-07,9.9e-07,8.8e-07,9.1e-07,35032196880912.0,32552833.88909787,49294
2023-06-14,9.2e-07,9.7e-07,8.6e-07,8.8e-07,24002267566156.0,21934866.94619621,38899
2023-06-15,8.9e-07,9.3e-07,8.2e-07,8.9e-07,23847177939242.0,20698944.14576176,35179
2023-06-16,8.9e-07,1.05e-06,8.7e-07,9.6e-07,45746758588764.0,43215779.68438097,68830
2023-06-17,9.7e-07,1.05e-06,9.4e-07,1e-06,31398516601432.0,31261549.50205117,47954
2023-06-18,1e-06,1.01e-06,9.2e-07,9.4e-07,15935402409817.0,15463901.66487318,28398
2023-06-19,9.3e-07,9.6e-07,9.1e-07,9.4e-07,18044405269959.0,16851847.70688447,25045
2023-06-20,9.5e-07,1.09e-06,9.1e-07,1.07e-06,34505621536031.0,33299057.29432777,50394
2023-06-21,1.07e-06,1.47e-06,1.03e-06,1.38e-06,129109902578205.0,162282573.70980224,219297
2023-06-22,1.38e-06,1.69e-06,1.36e-06,1.55e-06,170132746013597.0,262495546.29319203,358660
2023-06-23,1.54e-06,1.79e-06,1.45e-06,1.65e-06,99298315386008.0,159943579.10411116,218846
2023-06-24,1.65e-06,1.76e-06,1.49e-06,1.55e-06,67478077387910.0,108802472.06037258,140742
2023-06-25,1.55e-06,1.68e-06,1.52e-06,1.61e-06,49037826649197.0,78471276.9834829,107638
2023-06-26,1.61e-06,1.63e-06,1.47e-06,1.51e-06,47677009739950.0,73667566.87936015,95250
2023-06-27,1.5e-06,1.67e-06,1.49e-06,1.61e-06,42503845491206.0,68199344.30719039,89804
2023-06-28,1.62e-06,1.62e-06,1.36e-06,1.42e-06,37263893532231.0,55992541.13682556,76441
2023-06-29,1.42e-06,1.63e-06,1.4e-06,1.54e-06,38601936146006.0,59155353.26935479,74456
2023-06-30,1.54e-06,1.71e-06,1.45e-06,1.62e-06,87407506710529.0,140232219.33557874,138762
2023-07-01,1.62e-06,1.64e-06,1.51e-06,1.56e-06,22007250207876.0,34655325.50961728,42051
2023-07-02,1.56e-06,1.62e-06,1.48e-06,1.58e-06,19532222091251.0,30256510.66793933,40355
2023-07-03,1.58e-06,1.9e-06,1.56e-06,1.84e-06,75874367689918.0,134168195.28088221,155843
2023-07-04,1.83e-06,1.89e-06,1.69e-06,1.71e-06,40305018777128.0,70930172.66303368,79165
2023-07-05,1.71e-06,1.77e-06,1.6e-06,1.66e-06,27779597520636.0,46258351.97325025,56057
2023-07-06,1.65e-06,1.79e-06,1.53e-06,1.54e-06,43615963497808.0,72009790.78232205,81697
2023-07-07,1.54e-06,1.6e-06,1.5e-06,1.57e-06,26384657903114.0,41069252.33136409,50359
2023-07-08,1.57e-06,1.6e-06,1.51e-06,1.56e-06,10928219541876.0,16978368.78193716,25521
2023-07-09,1.56e-06,1.59e-06,1.52e-06,1.54e-06,8991585695705.0,14003576.10964717,21111
2023-07-10,1.54e-06,1.59e-06,1.43e-06,1.51e-06,28865556902901.0,43161283.28886261,52641
2023-07-11,1.52e-06,1.54e-06,1.48e-06,1.51e-06,11361524313279.0,17122373.04364132,25739
2023-07-12,1.51e-06,1.57e-06,1.48e-06,1.5e-06,15820551643799.0,24196436.34053235,27495
2023-07-13,1.51e-06,1.77e-06,1.46e-06,1.72e-06,43040299765530.0,69557683.15483823,76002
2023-07-14,1.72e-06,1.88e-06,1.55e-06,1.64e-06,71463759801184.0,124003010.9499753,131569
2023-07-15,1.65e-06,1.71e-06,1.61e-06,1.65e-06,18911843158392.0,31368215.24835049,34267
2023-07-16,1.64e-06,1.67e-06,1.55e-06,1.57e-06,11479638493399.0,18522838.88359693,26009
2023-07-17,1.57e-06,1.61e-06,1.51e-06,1.58e-06,17659687486894.0,27414868.67979052,38855
2023-07-18,1.58e-06,1.6e-06,1.48e-06,1.52e-06,13468168236684.0,20550334.93522811,30028
2023-07-19,1.52e-06,1.58e-06,1.5e-06,1.52e-06,11353373100091.0,17532841.37655266,24743
2023-07-20,1.53e-06,1.58e-06,1.46e-06,1.51e-06,12904697073328.0,19735319.19548689,27121
2023-07-21,1.51e-06,1.55e-06,1.48e-06,1.53e-06,14074838020514.0,21348549.513631,21180
2023-07-22,1.52e-06,1.55e-06,1.47e-06,1.49e-06,6132598817525.0,9304844.01291775,14228
2023-07-23,1.49e-06,1.54e-06,1.46e-06,1.51e-06,6045493218739.0,9071518.8518219,15602
2023-07-24,1.51e-06,1.51e-06,1.28e-06,1.35e-06,23911796265486.0,32773365.8011045,45487
2023-07-25,1.35e-06,1.36e-06,1.28e-06,1.3e-06,13320675142486.0,17615723.61871057,27257
2023-07-26,1.31e-06,1.39e-06,1.22e-06,1.33e-06,28003306391719.0,36342308.56956642,48796
2023-07-27,1.34e-06,1.45e-06,1.31e-06,1.35e-06,20572137300908.0,28373383.53786275,36719
2023-07-28,1.34e-06,1.38e-06,1.29e-06,1.33e-06,11977228484062.0,16033174.89878828,21549
2023-07-29,1.34e-06,1.36e-06,1.32e-06,1.35e-06,4947727886844.0,6629000.52027911,11483
2023-07-30,1.34e-06,1.35e-06,1.24e-06,1.3e-06,10789582927121.0,14058130.75441122,21724
2023-07-31,1.29e-06,1.33e-06,1.2e-06,1.24e-06,12112272124852.0,15279798.14612129,23694
2023-08-01,1.23e-06,1.31e-06,1.17e-06,1.3e-06,17191725854220.0,21195758.6731577,28704
2023-08-02,1.31e-06,1.32e-06,1.2e-06,1.22e-06,20273265284892.0,25504649.33802865,27311
2023-08-03,1.21e-06,1.24e-06,1.19e-06,1.2e-06,7619809310429.0,9238322.46288184,15346
2023-08-04,1.2e-06,1.23e-06,1.11e-06,1.16e-06,13998729394028.0,16457269.41636164,20902
2023-08-05,1.16e-06,1.18e-06,1.12e-06,1.15e-06,11593498905424.0,13274671.43012433,20878
2023-08-06,1.16e-06,1.18e-06,1.12e-06,1.15e-06,10360978933924.0,11964105.59598458,18913
2023-08-07,1.16e-06,1.2e-06,1.05e-06,1.11e-06,18837235834434.0,21114283.53238419,30919
2023-08-08,1.11e-06,1.23e-06,1.1e-06,1.17e-06,32586214598799.0,38304810.23859786,43365
2023-08-09,1.17e-06,1.29e-06,1.17e-06,1.24e-06,39833137260596.0,49298326.99591805,53826
2023-08-10,1.23e-06,1.27e-06,1.21e-06,1.24e-06,12719644302426.0,15787878.076656,21185
2023-08-11,1.24e-06,1.27e-06,1.21e-06,1.25e-06,8323218945828.0,10335983.88722229,15546
2023-08-12,1.24e-06,1.37e-06,1.24e-06,1.36e-06,23971475098622.0,31810922.84799651,40143
2023-08-13,1.36e-06,1.43e-06,1.32e-06,1.36e-06,20328397343170.0,28195496.68204613,35130
2023-08-14,1.36e-06,1.47e-06,1.32e-06,1.4e-06,26932467840289.0,37780112.40432475,41842
2023-08-15,1.4e-06,1.41e-06,1.23e-06,1.26e-06,23693457058151.0,31489634.80012017,37652
2023-08-16,1.27e-06,1.28e-06,1.13e-06,1.16e-06,27172318334126.0,32937452.03810174,38293
2023-08-17,1.17e-06,1.23e-06,9.4e-07,1.08e-06,46779947771659.0,52411429.48659568,60678
2023-08-18,1.09e-06,1.12e-06,1.04e-06,1.08e-06,21996990213272.0,23814987.38798278,30982
2023-08-19,1.08e-06,1.15e-06,1.08e-06,1.13e-06,14784184285282.0,16464790.75286119,19444
2023-08-20,1.14e-06,1.15e-06,1.1e-06,1.12e-06,8318113316537.0,9331418.92020601,13911
2023-08-21,1.12e-06,1.13e-06,1.04e-06,1.09e-06,12753984469558.0,13870945.41545961,17865
2023-08-22,1.09e-06,1.09e-06,1e-06,1.08e-06,13438978783987.0,14158380.66641619,20346
2023-08-23,1.07e-06,1.13e-06,1.04e-06,1.11e-06,15627110217872.0,16944713.93662567,22430
2023-08-24,1.11e-06,1.11e-06,9.1e-07,9.5e-07,38816624206967.0,38217509.67728317,43550
2023-08-25,9.5e-07,9.5e-07,7.8e-07,8.8e-07,77594172554340.0,68168835.39682826,98980
2023-08-26,8.9e-07,9.7e-07,8.5e-07,8.6e-07,34896899047810.0,31473208.20764224,41648
2023-08-27,8.7e-07,9.2e-07,8.6e-07,9e-07,16011606328145.0,14323178.59326609,22125
2023-08-28,8.9e-07,9.1e-07,8.3e-07,8.6e-07,18472646543512.0,16111534.0345084,21703
2023-08-29,8.6e-07,9.1e-07,8.1e-07,9e-07,33074490623556.0,28799620.6384938,39753
2023-08-30,9e-07,9e-07,8.5e-07,8.6e-07,12619491563671.0,11056579.20898611,17149
2023-08-31,8.6e-07,8.8e-07,7.9e-07,8e-07,18752856746966.0,15576141.92782932,27797
2023-09-01,8.1e-07,8.3e-07,7.5e-07,7.7e-07,19949369582338.0,15769441.72790951,24391
2023-09-02,7.8e-07,8e-07,7.6e-07,7.8e-07,11799612858488.0,9254103.70027938,16460
2023-09-03,7.8e-07,8.1e-07,7.7e-07,8e-07,7539370075235.0,5940534.0692956,12128
2023-09-04,8e-07,8.3e-07,7.8e-07,8e-07,12477793725963.0,10022031.59944348,15508
2023-09-05,8e-07,8.2e-07,7.8e-07,8.1e-07,10052641643898.0,8043942.90198845,13089
2023-09-06,8e-07,8.1e-07,7.7e-07,7.9e-07,11742250344305.0,9262036.13616382,13489
2023-09-07,8e-07,8.2e-07,7.8e-07,8.1e-07,8255632027951.0,6582795.67708543,11410
2023-09-08,8.1e-07,8.2e-07,7.7e-07,7.9e-07,10149449961227.0,8064642.69090736,12752
2023-09-09,8e-07,8e-07,7.8e-07,7.8e-07,4283608800501.0,3371749.06224007,7554
2023-09-10,7.8e-07,7.9e-07,6.9e-07,7e-07,17089511202382.0,12435765.38498616,24948
2023-09-11,7.1e-07,7.1e-07,6.4e-07,6.7e-07,18913455157980.0,12704960.05136792,23880
2023-09-12,6.7e-07,7.1e-07,6.6e-07,6.7e-07,13037994007407.0,8903580.29514829,16177
2023-09-13,6.7e-07,7e-07,6.5e-07,6.8e-07,10501109127819.0,7071139.31077012,13527
2023-09-14,6.8e-07,7e-07,6.7e-07,6.9e-07,6545609729528.0,4463218.14167811,10192
2023-09-15,6.9e-07,6.9e-07,6.5e-07,6.9e-07,9401339973192.0,6317687.89950394,12893
2023-09-16,6.8e-07,7.1e-07,6.7e-07,6.7e-07,8002667307945.0,5486012.08539728,10875
2023-09-17,6.7e-07,6.8e-07,6e-07,6.2e-07,14219398820799.0,9175225.00762024,16801
2023-09-18,6.3e-07,6.5e-07,6.1e-07,6.2e-07,12877928141639.0,8140595.94045488,15187
2023-09-19,6.3e-07,6.5e-07,6.2e-07,6.5e-07,8474102623734.0,5417879.84180696,10418
2023-09-20,6.5e-07,6.5e-07,6.1e-07,6.3e-07,11405976335636.0,7158978.21538617,15922
2023-09-21,6.3e-07,6.4e-07,6e-07,6.2e-07,8551136420191.0,5292325.2773292,11501
2023-09-22,6.2e-07,7.4e-07,6e-07,7.1e-07,38595166175049.0,26540409.10233043,44751
2023-09-23,7.1e-07,7.4e-07,6.6e-07,6.8e-07,24401989391898.0,16831901.55026825,26621
2023-09-24,6.8e-07,7e-07,6.5e-07,6.7e-07,11566262956864.0,7823258.68157237,13137
2023-09-25,6.7e-07,7.2e-07,6.6e-07,7.1e-07,17225483805979.0,12030181.08511488,20746
2023-09-26,7.1e-07,7.3e-07,6.8e-07,6.9e-07,10121842085931.0,7139300.64866341,11992
2023-09-27,7e-07,7.7e-07,6.9e-07,7.3e-07,21916832291301.0,16067047.25829716,24570
2023-09-28,7.3e-07,7.6e-07,7e-07,7.4e-07,13863946809369.0,10077311.67658163,16792
2023-09-29,7.4e-07,8.3e-07,7.2e-07,8e-07,27295932915181.0,21496049.91959573,34854
2023-09-30,8e-07,8.2e-07,7.6e-07,8e-07,17685460850822.0,13972334.48564948,21331
2023-10-01,7.9e-07,8.3e-07,7.7e-07,8.2e-07,15921686083409.0,12682050.97811335,19614
2023-10-02,8.1e-07,8.5e-07,7e-07,7.5e-07,26881051618954.0,21213603.54054879,31002
2023-10-03,7.5e-07,7.5e-07,7.1e-07,7.3e-07,11065391738108.0,8121116.34133079,14532
2023-10-04,7.2e-07,7.3e-07,6.9e-07,7.2e-07,9696276481736.0,6907891.07985066,13373
2023-10-05,7.1e-07,7.4e-07,6.9e-07,7e-07,9972132421203.0,7119678.20888932,11461
2023-10-06,7e-07,7.3e-07,6.8e-07,7.2e-07,10261132282821.0,7258736.23099815,12134
2023-10-07,7.3e-07,7.3e-07,6.9e-07,7.1e-07,4159911656148.0,2960550.9801193,7632
2023-10-08,7.1e-07,7.2e-07,6.9e-07,7.1e-07,6438158655917.0,4536895.36860061,8535
2023-10-09,7.2e-07,7.2e-07,6.4e-07,6.7e-07,9352656740079.0,6282520.15530084,14389
2023-10-10,6.7e-07,6.7e-07,6.3e-07,6.5e-07,5595459593043.0,3669373.4125578,10109
2023-10-11,6.4e-07,6.6e-07,6.2e-07,6.4e-07,10283294673263.0,6565941.00992536,14517
2023-10-12,6.4e-07,6.4e-07,6.1e-07,6.2e-07,6870406969301.0,4294730.70978028,10816
2023-10-13,6.3e-07,6.7e-07,6.2e-07,6.5e-07,8280846933569.0,5307945.86371017,13327
2023-10-14,6.4e-07,6.6e-07,6.4e-07,6.4e-07,3141326060978.0,2030034.23205061,5382
2023-10-15,6.4e-07,6.9e-07,6.3e-07,6.6e-07,11387686626515.0,7561280.97450572,13991
2023-10-16,6.6e-07,7.2e-07,6.6e-07,6.7e-07,14378396732242.0,9793403.87780934,17245
2023-10-17,6.7e-07,6.8e-07,6.3e-07,6.4e-07,10156400346377.0,6593346.50923695,9878
2023-10-18,6.4e-07,6.5e-07,6.2e-07,6.3e-07,7727040616746.0,4897761.6745425,8746
2023-10-19,6.3e-07,6.4e-07,6.1e-07,6.3e-07,6995675929937.0,4390640.44290923,7080
2023-10-20,6.3e-07,6.7e-07,6.2e-07,6.5e-07,11964588745017.0,7751977.42506763,10288
2023-10-21,6.6e-07,7.3e-07,6.5e-07,7e-07,20859959710229.0,14417915.81532289,23338
2023-10-22,6.9e-07,7.6e-07,6.8e-07,7.4e-07,24756682659876.0,18004575.88343644,25755
2023-10-23,7.4e-07,1.03e-06,7.2e-07,1e-06,45750783175434.0,37538186.75035295,57454
2023-10-24,1.01e-06,1.06e-06,8.6e-07,9.3e-07,104607458944187.0,101265057.49466021,148581
2023-10-25,9.3e-07,1.25e-06,9.1e-07,1.2e-06,95342316968061.0,106248165.62673464,156685
2023-10-26,1.21e-06,1.36e-06,1.12e-06,1.29e-06,89008192922210.0,108966912.8214916,171788
2023-10-27,1.29e-06,1.29e-06,1.1e-06,1.16e-06,53300317249566.0,63656430.78772991,91117
2023-10-28,1.17e-06,1.26e-06,1.11e-06,1.14e-06,22888533603942.0,27260438.07837583,54582
2023-10-29,1.14e-06,1.16e-06,1.1e-06,1.14e-06,18968574402560.0,21609766.94214912,34272
2023-10-30,1.14e-06,1.23e-06,1.13e-06,1.18e-06,28891816499867.0,34013491.08375416,57890
2023-10-31,1.17e-06,1.21e-06,1.09e-06,1.14e-06,24563780286850.0,28411617.48113077,48800
2023-11-01,1.15e-06,1.23e-06,1.09e-06,1.19e-06,28390913720235.0,32668074.70334229,53805
2023-11-02,1.19e-06,1.21e-06,1.05e-06,1.1e-06,29957947477966.0,33871839.30361241,50065
2023-11-03,1.1e-06,1.1e-06,1.02e-06,1.08e-06,20297215921193.0,21572338.92170535,33530
2023-11-04,1.08e-06,1.15e-06,1.06e-06,1.11e-06,15141443885368.0,16647589.13772949,28660
2023-11-05,1.12e-06,1.15e-06,1.08e-06,1.12e-06,16482901717711.0,18408210.03737859,29238
2023-11-06,1.12e-06,1.22e-06,1.1e-06,1.2e-06,28383956034962.0,33059642.63617588,54632
2023-11-07,1.2e-06,1.21e-06,1.08e-06,1.17e-06,21000172922881.0,24041938.98734577,42269
2023-11-08,1.17e-06,1.2e-06,1.14e-06,1.19e-06,15578081625783.0,18167900.27078897,29203
2023-11-09,1.19e-06,1.46e-06,1.16e-06,1.33e-06,89236919289270.0,115757337.71690859,151822
2023-11-10,1.34e-06,1.37e-06,1.22e-06,1.35e-06,35669232772800.0,46559691.37803285,71561
2023-11-11,1.35e-06,1.39e-06,1.24e-06,1.28e-06,28343499254640.0,36859587.90050181,59346
2023-11-12,1.28e-06,1.3e-06,1.18e-06,1.23e-06,32982936229684.0,40826926.00581428,60096
2023-11-13,1.23e-06,1.3e-06,1.15e-06,1.16e-06,47509485075892.0,57949625.66827719,86051
2023-11-14,1.16e-06,1.2e-06,1.09e-06,1.15e-06,26627148802367.0,30784182.1263698,49321
2023-11-15,1.15e-06,1.29e-06,1.14e-06,1.26e-06,24035636584097.0,29143580.93887451,47914
2023-11-16,1.25e-06,1.32e-06,1.11e-06,1.14e-06,40426355879598.0,48601675.8746321,70264
2023-11-17,1.14e-06,1.18e-06,1.09e-06,1.16e-06,18432574370111.0,21004415.66403511,33871
2023-11-18,1.16e-06,1.16e-06,1.09e-06,1.15e-06,9099341417108.0,10270594.24368469,18338
2023-11-19,1.15e-06,1.2e-06,1.11e-06,1.19e-06,12829339488605.0,14635343.99764815,22933
2023-11-20,1.19e-06,1.25e-06,1.12e-06,1.14e-06,28287164068695.0,33622832.3031229,46773
2023-11-21,1.13e-06,1.15e-06,1.03e-06,1.03e-06,26118601882051.0,28624625.99444189,44018
2023-11-22,1.03e-06,1.12e-06,1.03e-06,1.1e-06,13871119111027.0,14981317.9015998,21093
2023-11-23,1.11e-06,1.14e-06,1.06e-06,1.07e-06,9309861669105.0,10239662.23539677,17295
2023-11-24,1.06e-06,1.14e-06,1.06e-06,1.1e-06,9972341752038.0,11044103.86710458,21288
2023-11-25,1.11e-06,1.2e-06,1.09e-06,1.18e-06,13332684796749.0,15254892.5550843,28125
2023-11-26,1.18e-06,1.19e-06,1.08e-06,1.11e-06,16419440921922.0,18657679.39528556,28498
2023-11-27,1.11e-06,1.13e-06,1.04e-06,1.09e-06,16407359129096.0,17628004.79492895,29975
2023-11-28,1.09e-06,1.12e-06,1.03e-06,1.1e-06,11299171424423.0,12214136.20888924,22014
2023-11-29,1.1e-06,1.12e-06,1.05e-06,1.06e-06,8967706257312.0,9712643.35969063,18968
2023-11-30,1.05e-06,1.1e-06,1.05e-06,1.09e-06,6460069071592.0,6907146.8289806,12658
2023-12-01,1.09e-06,1.12e-06,1.07e-06,1.11e-06,8374104542726.0,9211113.13840657,16170
2023-12-02,1.11e-06,1.2e-06,1.1e-06,1.17e-06,15978158426334.0,18358140.20662568,32574
2023-12-03,1.16e-06,1.24e-06,1.16e-06,1.2e-06,24080129893362.0,28911107.59800286,50069
2023-12-04,1.2e-06,1.5e-06,1.17e-06,1.39e-06,94811536718312.0,125927629.99653591,176001
2023-12-05,1.39e-06,1.69e-06,1.34e-06,1.61e-06,113037094562019.0,172128635.9066604,247552
2023-12-06,1.61e-06,1.7e-06,1.46e-06,1.48e-06,69549232032551.0,109200246.96572652,182266
2023-12-07,1.48e-06,1.65e-06,1.41e-06,1.53e-06,40271069870937.0,60917096.05308561,91592
2023-12-08,1.53e-06,1.61e-06,1.49e-06,1.58e-06,25539198341381.0,39272284.7663234,58942
2023-12-09,1.58e-06,1.75e-06,1.5e-06,1.54e-06,47173039557600.0,76567228.2063126,119577
2023-12-10,1.54e-06,1.64e-06,1.5e-06,1.6e-06,26284054416718.0,40745163.6300712,55469
2023-12-11,1.61e-06,1.62e-06,1.33e-06,1.42e-06,42591067843364.0,61092508.90095944,99116
2023-12-12,1.42e-06,1.46e-06,1.34e-06,1.39e-06,29533478553892.0,41374529.66536964,48014
2023-12-13,1.39e-06,1.44e-06,1.3e-06,1.42e-06,23034685802544.0,31485694.2296232,45008
2023-12-14,1.42e-06,1.49e-06,1.34e-06,1.49e-06,30697157756074.0,43787229.1762525,63772
2023-12-15,1.49e-06,1.5e-06,1.32e-06,1.33e-06,25522394011573.0,35688530.45448978,46173
2023-12-16,1.33e-06,1.48e-06,1.31e-06,1.41e-06,26571301957619.0,37441676.74788436,46761
2023-12-17,1.41e-06,1.47e-06,1.33e-06,1.33e-06,18426607958960.0,25555024.07986813,39432
2023-12-18,1.34e-06,1.36e-06,1.2e-06,1.31e-06,22361377711468.0,28469572.959545,42749
2023-12-19,1.31e-06,1.34e-06,1.24e-06,1.25e-06,15598199506996.0,20065018.0521268,28562
2023-12-20,1.24e-06,1.32e-06,1.23e-06,1.27e-06,14000195334893.0,17902267.73739414,28474
2023-12-21,1.26e-06,1.33e-06,1.22e-06,1.31e-06,18500680696398.0,23540855.79520895,38390
2023-12-22,1.3e-06,1.59e-06,1.25e-06,1.58e-06,68319270332653.0,99765484.40934364,174545
2023-12-23,1.58e-06,1.6e-06,1.43e-06,1.48e-06,24431839332602.0,36250899.9438102,68809
2023-12-24,1.48e-06,1.49e-06,1.33e-06,1.38e-06,24100091801293.0,34133567.9640095,62570
2023-12-25,1.37e-06,1.45e-06,1.35e-06,1.41e-06,17687700587460.0,24893717.03982254,46287
2023-12-26,1.41e-06,1.43e-06,1.25e-06,1.33e-06,27017472028679.0,36546296.351911,68328
2023-12-27,1.34e-06,1.5e-06,1.28e-06,1.44e-06,28310259153988.0,39563165.94327801,89507
2023-12-28,1.45e-06,1.5e-06,1.33e-06,1.34e-06,23212187022990.0,32580489.00734029,74203
2023-12-29,1.35e-06,1.44e-06,1.3e-06,1.34e-06,18834249217057.0,25615179.84314009,62215
2023-12-30,1.35e-06,1.37e-06,1.3e-06,1.31e-06,9834991915965.0,13134481.55635372,28669
2023-12-31,1.31e-06,1.36e-06,1.26e-06,1.3e-06,10194272906826.0,13481637.56191942,34182
2024-01-01,1.3e-06,1.41e-06,1.26e-06,1.41e-06,10865164027922.0,14527683.44615643,35118
2024-01-02,1.41e-06,1.44e-06,1.32e-06,1.34e-06,15137462107836.0,21028097.52726315,50669
2024-01-03,1.33e-06,1.43e-06,1.06e-06,1.18e-06,42632450755684.0,53060060.19448607,107230
2024-01-04,1.19e-06,1.29e-06,1.17e-06,1.25e-06,19187742692945.0,23678157.27676557,46920
2024-01-05,1.26e-06,1.28e-06,1.16e-06,1.19e-06,19133671718947.0,23013265.27907729,37966
2024-01-06,1.2e-06,1.2e-06,1.09e-06,1.15e-06,15188698172548.0,17438028.83605937,32631
2024-01-07,1.16e-06,1.22e-06,1.09e-06,1.12e-06,11398538263125.0,13198968.45991849,29084
2024-01-08,1.12e-06,1.21e-06,1.03e-06,1.19e-06,20121379278908.0,22498726.35584096,44582
2024-01-09,1.2e-06,1.26e-06,1.1e-06,1.2e-06,18025125522094.0,20915327.75657365,48961
2024-01-10,1.2e-06,1.39e-06,1.16e-06,1.33e-06,52343219374280.0,65349869.28304653,138771
2024-01-11,1.33e-06,1.5e-06,1.3e-06,1.37e-06,49633550687609.0,69432598.13509598,155947
2024-01-12,1.37e-06,1.41e-06,1.19e-06,1.24e-06,36965360452190.0,49059324.17279027,109467
2024-01-13,1.24e-06,1.27e-06,1.18e-06,1.25e-06,14550151661601.0,17902799.26284685,36947
2024-01-14,1.25e-06,1.26e-06,1.19e-06,1.19e-06,12382921624014.0,15253439.81644954,32260
2024-01-15,1.19e-06,1.25e-06,1.19e-06,1.21e-06,8345003521501.0,10180520.80819953,21809
2024-01-16,1.21e-06,1.27e-06,1.18e-06,1.24e-06,12396493099902.0,15137085.17449815,30519
2024-01-17,1.25e-06,1.27e-06,1.19e-06,1.21e-06,13866034763263.0,16975716.28309649,31145
2024-01-18,1.2e-06,1.22e-06,1.12e-06,1.14e-06,14651063214144.0,17209734.55498131,31699
2024-01-19,1.14e-06,1.15e-06,1.05e-06,1.14e-06,12107430475847.0,13481535.98362262,29330
2024-01-20,1.14e-06,1.18e-06,1.1e-06,1.17e-06,10269148882077.0,11636838.73723779,18120
2024-01-21,1.17e-06,1.2e-06,1.11e-06,1.13e-06,6201358247669.0,7151808.14386891,17989
2024-01-22,1.12e-06,1.13e-06,1.04e-06,1.06e-06,12612945843908.0,13679716.48608363,28026
2024-01-23,1.05e-06,1.08e-06,9.7e-07,1.04e-06,17556728438547.0,17936775.68723948,33236
2024-01-24,1.04e-06,1.07e-06,1.02e-06,1.04e-06,11825052663079.0,12298483.25652762,20489
2024-01-25,1.04e-06,1.05e-06,1e-06,1.03e-06,8591901460786.0,8790203.37773375,15833
2024-01-26,1.03e-06,1.1e-06,1.01e-06,1.08e-06,10050714592437.0,10668385.86116882,17412
2024-01-27,1.08e-06,1.11e-06,1.07e-06,1.09e-06,7613898780550.0,8285166.36871129,15046
2024-01-28,1.09e-06,1.12e-06,1.05e-06,1.06e-06,10120841088681.0,10980564.72274606,17797
2024-01-29,1.06e-06,1.09e-06,1.03e-06,1.07e-06,11269966936087.0,11954842.51774052,18633
2024-01-30,1.06e-06,1.08e-06,1e-06,1.01e-06,17837504340424.0,18700219.08236064,29645
2024-01-31,1.01e-06,1.02e-06,9e-07,9.2e-07,28245869326069.0,26848919.33226758,50068
2024-02-01,9.2e-07,9.4e-07,8.8e-07,9.2e-07,12829786851690.0,11737074.62399307,25047
2024-02-02,9.2e-07,9.4e-07,9.1e-07,9.3e-07,6596535387002.0,6120251.74123672,13771
2024-02-03,9.3e-07,9.5e-07,9.1e-07,9.3e-07,4297295044776.0,4003276.12313934,11342
2024-02-04,9.3e-07,9.3e-07,8.7e-07,8.8e-07,8882458961190.0,8027397.49623395,20109
2024-02-05,8.9e-07,9.8e-07,8.6e-07,9e-07,16481718959706.0,15180439.77042008,29015
2024-02-06,9e-07,9.2e-07,8.8e-07,9e-07,9397193132892.0,8474066.50556733,17273
2024-02-07,9e-07,9.9e-07,9e-07,9.7e-07,10558557956954.0,9978399.01380033,21574
2024-02-08,9.7e-07,9.9e-07,9.4e-07,9.5e-07,12024201543064.0,11591246.84619636,21531
2024-02-09,9.5e-07,1.03e-06,9.5e-07,1.01e-06,12902858897938.0,12887105.99173332,25311
2024-02-10,1.02e-06,1.04e-06,1e-06,1.01e-06,9289084981075.0,9502268.94700717,17439
2024-02-11,1.01e-06,1.04e-06,9.8e-07,1e-06,8236852009279.0,8313623.03456702,17937
2024-02-12,1e-06,1.09e-06,9.8e-07,1.08e-06,12108527911115.0,12656474.97581086,27451
2024-02-13,1.08e-06,1.14e-06,1.04e-06,1.08e-06,16659490577641.0,18176267.1191562,40443
2024-02-14,1.09e-06,1.26e-06,1.06e-06,1.25e-06,31317017836836.0,37254480.82399016,83162
2024-02-15,1.25e-06,1.31e-06,1.19e-06,1.25e-06,30044848235132.0,37599677.28180519,84685
2024-02-16,1.25e-06,1.26e-06,1.14e-06,1.17e-06,18920734687677.0,22644025.59059693,46196
2024-02-17,1.17e-06,1.2e-06,1.1e-06,1.19e-06,12108624225279.0,13940640.0215467,30803
2024-02-18,1.19e-06,1.24e-06,1.16e-06,1.23e-06,9719016562340.0,11671445.02699514,28461
2024-02-19,1.22e-06,1.26e-06,1.19e-06,1.23e-06,13624454638332.0,16630465.93405263,40926
2024-02-20,1.22e-06,1.25e-06,1.12e-06,1.2e-06,24695055507878.0,29324064.46094017,60664
2024-02-21,1.19e-06,1.2e-06,1.09e-06,1.15e-06,15231045617827.0,17350300.52061354,41454
2024-02-22,1.15e-06,1.24e-06,1.1e-06,1.21e-06,21104515253467.0,25018561.476988,55883
2024-02-23,1.21e-06,1.41e-06,1.17e-06,1.19e-06,58994233175973.0,75524940.67404272,163051
2024-02-24,1.19e-06,1.32e-06,1.15e-06,1.32e-06,24259581958150.0,29993117.67784211,59777
2024-02-25,1.31e-06,1.4e-06,1.28e-06,1.37e-06,24495507658346.0,32612368.30557436,78152
2024-02-26,1.38e-06,1.89e-06,1.34e-06,1.81e-06,93195343189139.0,149404113.9435887,296832
2024-02-27,1.8e-06,2.97e-06,1.74e-06,2.67e-06,226282232926620.0,521904616.31410503,1125699
2024-02-28,2.66e-06,3.62e-06,2.57e-06,3.18e-06,254270289671127.0,779055514.2891841,1845984
2024-02-29,3.17e-06,3.32e-06,2.63e-06,2.74e-06,97935843835738.0,293406135.4155994,761072
2024-03-01,2.74e-06,4.31e-06,2.66e-06,3.99e-06,184576345790906.0,661409341.2337099,1409184
2024-03-02,3.99e-06,4.98e-06,3.91e-06,4.38e-06,147214916373577.0,637713978.8342079,1549328
2024-03-03,4.38e-06,6e-06,3.62e-06,5.93e-06,173274621238407.0,886575497.7656771,2070360
2024-03-04,5.92e-06,8.3e-06,5.56e-06,7.01e-06,223926134518049.0,1592143254.291579,3582090
2024-03-05,7.02e-06,8.7e-06,4.95e-06,6.31e-06,211263619755704.0,1485943372.274126,3296619
2024-03-06,6.3e-06,8.25e-06,5.88e-06,7.2e-06,145511090299350.0,1078273951.8210254,2240403
2024-03-07,7.2e-06,7.6e-06,6.4e-06,6.81e-06,75642064450935.0,519184562.64745945,1132116
2024-03-08,6.81e-06,9.52e-06,6.74e-06,9.01e-06,187056982082851.0,1578580687.5543025,3292094
2024-03-09,9.01e-06,9.91e-06,8.42e-06,8.76e-06,90532256565946.0,823119504.9006851,1581749
2024-03-10,8.77e-06,9.3e-06,8.19e-06,8.54e-06,64737605619945.0,563876504.5094042,1199704
2024-03-11,8.54e-06,9.5e-06,7.63e-06,9.04e-06,77067960025786.0,680620100.6841745,1405465
2024-03-12,9.04e-06,9.14e-06,7.51e-06,8.28e-06,60311976585114.0,500024328.5716744,1046366
2024-03-13,8.28e-06,9.37e-06,8.11e-06,9.03e-06,101704186773908.0,901797846.6721555,1706304
2024-03-14,9.03e-06,1.084e-05,8.74e-06,9.96e-06,156404776122429.0,1563785393.9346209,2721186
2024-03-15,9.96e-06,1.034e-05,8.23e-06,8.92e-06,97307440037787.0,886411898.6698897,1859594
2024-03-16,8.92e-06,9.08e-06,7.02e-06,7.43e-06,90889772766495.0,712195593.2303002,1280306
2024-03-17,7.43e-06,8.2e-06,6.88e-06,7.84e-06,75258362170631.0,574902750.0583336,1097327
2024-03-18,7.84e-06,8.2e-06,6.6e-06,6.82e-06,56880837818899.0,414763644.00106186,775234
2024-03-19,6.81e-06,7.49e-06,5.81e-06,6.6e-06,97656981309216.0,643428441.5500805,1178981
2024-03-20,6.59e-06,8.6e-06,6.42e-06,8.39e-06,112064090712534.0,828346419.7473811,1428645
2024-03-21,8.38e-06,8.46e-06,7.66e-06,7.9e-06,62047514410810.0,503717384.0530993,981458
2024-03-22,7.9e-06,8.28e-06,7.09e-06,7.42e-06,54101243923929.0,410193409.5346907,731146
2024-03-23,7.41e-06,7.75e-06,7.3e-06,7.31e-06,35858622768196.0,270134722.7684578,447802
2024-03-24,7.32e-06,8e-06,7.18e-06,7.82e-06,29471443890225.0,220308224.99784455,390228
2024-03-25,7.81e-06,8.51e-06,7.43e-06,8.09e-06,57625037319431.0,460795533.71167064,855879
2024-03-26,8.09e-06,8.74e-06,7.83e-06,8.04e-06,48160503767324.0,395652649.5894757,740873
2024-03-27,8.04e-06,8.37e-06,7.51e-06,7.63e-06,38743131635708.0,305600237.52821946,526242
2024-03-28,7.62e-06,8.32e-06,7.38e-06,8.03e-06,43549323693181.0,345934844.8965742,653322
2024-03-29,8.03e-06,8.07e-06,7.57e-06,7.74e-06,26589149496671.0,207320498.625823,358602
2024-03-30,7.74e-06,8.86e-06,7.7e-06,8.13e-06,55196726671498.0,460764663.32097334,854311
2024-03-31,8.13e-06,9.2e-06,8.02e-06,8.8e-06,48324430335690.0,421508289.90105855,718335
2024-04-01,8.8e-06,8.8e-06,7.64e-06,7.92e-06,53469194007581.0,431751192.3228883,761389
2024-04-02,7.92e-06,7.93e-06,6.89e-06,7.25e-06,56499920796429.0,408017461.62944317,719428
2024-04-03,7.24e-06,7.45e-06,6.59e-06,6.8e-06,43108815561442.0,305958894.26236063,486201
2024-04-04,6.81e-06,7.19e-06,6.6e-06,6.92e-06,29568166317815.0,205618846.22014347,353201
2024-04-05,6.92e-06,6.99e-06,6.34e-06,6.57e-06,25279617187422.0,168226087.03984937,278244
2024-04-06,6.57e-06,6.88e-06,6.53e-06,6.76e-06,11637986935796.0,78478620.63083006,162886
2024-04-07,6.76e-06,7.53e-06,6.72e-06,7.44e-06,29093812488646.0,209713277.11970222,404185
2024-04-08,7.45e-06,7.96e-06,7.19e-06,7.76e-06,31420023960260.0,240299769.71901625,475139
2024-04-09,7.76e-06,7.87e-06,6.91e-06,7.04e-06,31608662463212.0,230532580.20441592,392935
2024-04-10,7.04e-06,7.26e-06,6.67e-06,7.14e-06,39330036039649.0,273506122.12780553,385830
2024-04-11,7.14e-06,7.57e-06,6.81e-06,7.31e-06,43978083614549.0,316270958.62303114,537660
2024-04-12,7.31e-06,7.57e-06,4.83e-06,5.92e-06,81273747129121.0,505517514.1216105,793064
2024-04-13,5.92e-06,6.06e-06,3.93e-06,5.04e-06,114050482910111.0,580488659.2160509,754591
2024-04-14,5.04e-06,5.57e-06,4.82e-06,5.44e-06,72965938328885.0,382519741.8201549,529569
2024-04-15,5.44e-06,5.82e-06,4.73e-06,5.09e-06,61354258858968.0,322142715.98047173,418572
2024-04-16,5.1e-06,5.57e-06,4.75e-06,5.4e-06,51080552094085.0,263072364.93263814,377183
2024-04-17,5.4e-06,5.49e-06,4.86e-06,4.92e-06,48845798368874.0,247945877.71665177,310251
2024-04-18,4.92e-06,5.3e-06,4.63e-06,5.09e-06,42792918615875.0,213144720.8952294,288704
2024-04-19,5.09e-06,5.47e-06,4.6e-06,5.13e-06,60535210837907.0,307134836.81803477,365532
2024-04-20,5.14e-06,5.9e-06,5.02e-06,5.8e-06,42504443697736.0,232102943.81749955,301501
2024-04-21,5.8e-06,6.23e-06,5.6e-06,5.95e-06,54274626556283.0,320948740.943185,413728
2024-04-22,5.96e-06,6.99e-06,5.92e-06,6.88e-06,78857940056448.0,510187902.61115366,670429
2024-04-23,6.87e-06,7.87e-06,6.65e-06,7.68e-06,90478085165195.0,663700931.4755981,897442
2024-04-24,7.67e-06,8.19e-06,7.05e-06,7.24e-06,82980876149872.0,638274596.9571275,1055868
2024-04-25,7.24e-06,8.09e-06,6.94e-06,7.78e-06,66972584083877.0,507441065.3794128,921658
2024-04-26,7.77e-06,7.9e-06,7.22e-06,7.37e-06,47644521046200.0,358603933.96863824,651093
2024-04-27,7.38e-06,7.43e-06,6.66e-06,7.21e-06,38161089352248.0,268445066.3336037,498782
2024-04-28,7.2e-06,7.77e-06,7.13e-06,7.23e-06,33633020643574.0,250514538.9425634,473703
2024-04-29,7.23e-06,7.49e-06,6.78e-06,7.35e-06,40463083634790.0,285581303.00033814,481837
2024-04-30,7.35e-06,7.6e-06,6.33e-06,6.67e-06,56580180799243.0,389954174.54387265,703201
2024-05-01,6.67e-06,7.27e-06,5.92e-06,6.98e-06,70904265766380.0,460233597.38878304,804532
2024-05-02,6.98e-06,7.88e-06,6.67e-06,7.54e-06,63840885464238.0,472355219.80568725,886772
2024-05-03,7.54e-06,8.3e-06,7.45e-06,8.08e-06,59057894969780.0,468630864.6218192,887022
2024-05-04,8.07e-06,8.98e-06,8.01e-06,8.67e-06,53432374623264.0,461551096.20943314,828657
2024-05-05,8.67e-06,8.8e-06,8.26e-06,8.53e-06,34623526948606.0,294346434.287404,552087
2024-05-06,8.52e-06,9.18e-06,8.3e-06,8.35e-06,51503640694845.0,446212801.80307055,756520
2024-05-07,8.34e-06,8.65e-06,7.89e-06,7.89e-06,34538351326553.0,285166107.70425403,560734
2024-05-08,7.89e-06,8.25e-06,7.61e-06,7.96e-06,33783010434017.0,267540451.84533843,503323
2024-05-09,7.96e-06,8.75e-06,7.89e-06,8.53e-06,43251024265128.0,358971919.85602045,682597
2024-05-10,8.54e-06,8.82e-06,8.16e-06,8.41e-06,37029559188810.0,314200980.56555194,616986
2024-05-11,8.41e-06,8.95e-06,8.37e-06,8.52e-06,29020274937837.0,250890490.3946952,476938
2024-05-12,8.51e-06,8.95e-06,8.49e-06,8.76e-06,21347505480927.0,186551873.4380796,312370
2024-05-13,8.75e-06,1.119e-05,8.3e-06,9.92e-06,89105690987820.0,865321857.9911615,1474907
2024-05-14,9.91e-06,1.146e-05,9.82e-06,1.057e-05,98218036398259.0,1041243394.8369652,1837552
2024-05-15,1.057e-05,1.161e-05,9.94e-06,1.05e-05,74655396464317.0,807750959.9377705,1508941
2024-05-16,1.051e-05,1.08e-05,9.6e-06,1.003e-05,40854212814571.0,417009627.39372915,793917
2024-05-17,1.004e-05,1.044e-05,9.83e-06,1.018e-05,27361999292881.0,277342649.54184765,519900
2024-05-18,1.018e-05,1.046e-05,9.17e-06,9.54e-06,24598030114676.0,239269580.9176269,463980
2024-05-19,9.55e-06,9.6e-06,8.89e-06,9.16e-06,19693270854641.0,181567372.49455655,341353
2024-05-20,9.15e-06,1.145e-05,8.95e-06,1.141e-05,53107161315897.0,540917299.5656035,1107589
2024-05-21,1.141e-05,1.417e-05,1.082e-05,1.384e-05,95181564815565.0,1166206060.8630183,1994611
2024-05-22,1.383e-05,1.433e-05,1.25e-05,1.338e-05,69254147028874.0,935956693.1436492,1817003
2024-05-23,1.338e-05,1.576e-05,1.276e-05,1.494e-05,95688044072650.0,1359575473.5373785,2576192
2024-05-24,1.493e-05,1.517e-05,1.344e-05,1.415e-05,44374876804604.0,628882225.3071529,1175231
2024-05-25,1.415e-05,1.585e-05,1.411e-05,1.497e-05,43211670065585.0,652623743.3152981,1123508
2024-05-26,1.496e-05,1.639e-05,1.462e-05,1.603e-05,47622342552196.0,745292596.6780031,1251925
2024-05-27,1.603e-05,1.725e-05,1.599e-05,1.671e-05,49604669541424.0,829323421.1823446,1476661
2024-05-28,1.671e-05,1.71e-05,1.556e-05,1.6e-05,49081470985205.0,796168278.7164603,1475194
2024-05-29,1.6e-05,1.656e-05,1.433e-05,1.476e-05,42059144267696.0,645083792.1019356,1267751
2024-05-30,1.476e-05,1.522e-05,1.313e-05,1.442e-05,57687172903462.0,815578561.2020595,1398553
2024-05-31,1.442e-05,1.58e-05,1.425e-05,1.542e-05,41132651922170.0,618869878.7208346,1218443
2024-06-01,1.542e-05,1.577e-05,1.475e-05,1.486e-05,22402843643376.0,342201099.63199854,624898
2024-06-02,1.485e-05,1.509e-05,1.388e-05,1.463e-05,29232957814140.0,425280412.27604157,677530
2024-06-03,1.463e-05,1.551e-05,1.435e-05,1.444e-05,30425080580827.0,456149619.5372945,834925
2024-06-04,1.444e-05,1.479e-05,1.397e-05,1.436e-05,26839601587273.0,385112520.56834435,672685
2024-06-05,1.437e-05,1.51e-05,1.407e-05,1.458e-05,28633734298365.0,416204833.57531446,745718
2024-06-06,1.459e-05,1.522e-05,1.421e-05,1.434e-05,19383101403238.0,284845712.01350695,574514
2024-06-07,1.435e-05,1.453e-05,1.116e-05,1.278e-05,43743827453297.0,578326380.8890972,959695
2024-06-08,1.279e-05,1.323e-05,1.196e-05,1.211e-05,26890084859231.0,338147988.4821833,502798
2024-06-09,1.211e-05,1.296e-05,1.185e-05,1.276e-05,22388863768983.0,277746435.5008921,417414
2024-06-10,1.276e-05,1.313e-05,1.204e-05,1.208e-05,20351015044522.0,256032269.3616133,467146
2024-06-11,1.207e-05,1.3e-05,1.137e-05,1.274e-05,39729739078490.0,482636110.52080446,924891
2024-06-12,1.274e-05,1.39e-05,1.211e-05,1.321e-05,44850857156380.0,592154437.4610739,1154110
2024-06-13,1.321e-05,1.335e-05,1.171e-05,1.192e-05,29109550108998.0,360421189.9079718,696417
2024-06-14,1.192e-05,1.23e-05,1.057e-05,1.138e-05,35209484714436.0,403903593.4199173,703578
2024-06-15,1.138e-05,1.229e-05,1.133e-05,1.185e-05,19846822573364.0,236416288.99015453,452747
2024-06-16,1.186e-05,1.245e-05,1.144e-05,1.231e-05,16817658513145.0,202227349.83269653,366506
2024-06-17,1.231e-05,1.243e-05,1.073e-05,1.117e-05,31595171599050.0,365133632.03607434,624319
2024-06-18,1.117e-05,1.125e-05,9.68e-06,1.096e-05,48551165700705.0,508936506.3432026,925658
2024-06-19,1.097e-05,1.19e-05,1.074e-05,1.136e-05,30604465296456.0,350877370.8683358,625574
2024-06-20,1.136e-05,1.227e-05,1.087e-05,1.099e-05,34090137883014.0,392263511.9186461,634219
2024-06-21,1.099e-05,1.174e-05,1.054e-05,1.141e-05,30628265184876.0,342530434.42549396,649330
2024-06-22,1.142e-05,1.164e-05,1.115e-05,1.143e-05,12932477620868.0,147712918.57153243,271044
2024-06-23,1.143e-05,1.185e-05,1.082e-05,1.092e-05,17160498841381.0,195123308.4453809,342155
2024-06-24,1.092e-05,1.134e-05,1e-05,1.131e-05,38554522561955.0,412557112.7962098,779146
2024-06-25,1.13e-05,1.307e-05,1.127e-05,1.285e-05,40507406017830.0,494596505.7797808,825494
2024-06-26,1.285e-05,1.35e-05,1.209e-05,1.254e-05,27000614561598.0,341692241.59781164,706376
2024-06-27,1.254e-05,1.274e-05,1.212e-05,1.26e-05,22687560654448.0,281326337.79415786,508827
2024-06-28,1.26e-05,1.265e-05,1.138e-05,1.159e-05,20016829059199.0,242656170.19556007,526898
2024-06-29,1.159e-05,1.186e-05,1.126e-05,1.131e-05,10030622274836.0,116733129.70554914,228928
2024-06-30,1.131e-05,1.193e-05,1.082e-05,1.193e-05,18695728858936.0,211573300.9168589,410897
2024-07-01,1.194e-05,1.219e-05,1.131e-05,1.142e-05,17262734636768.0,201787709.74662754,400334
2024-07-02,1.143e-05,1.164e-05,1.097e-05,1.133e-05,15893287660534.0,180181635.45486864,317586
2024-07-03,1.133e-05,1.135e-05,9.96e-06,1.025e-05,26207966498875.0,274335065.8790496,514607
2024-07-04,1.026e-05,1.037e-05,8.83e-06,8.93e-06,40379008475124.0,382996484.42476785,666824
2024-07-05,8.94e-06,9.19e-06,7.63e-06,8.89e-06,71767549724139.0,601924444.5825353,911246
2024-07-06,8.89e-06,9.91e-06,8.71e-06,9.72e-06,28622652113000.0,265840344.14328095,375409
2024-07-07,9.73e-06,9.75e-06,8.33e-06,8.4e-06,26661410961718.0,241963418.22380352,365862
2024-07-08,8.41e-06,9.53e-06,7.75e-06,9.15e-06,58675232895782.0,513075019.9626894,782460
2024-07-09,9.14e-06,9.59e-06,8.89e-06,9.08e-06,27715642214951.0,254656486.28993458,394435
2024-07-10,9.09e-06,9.44e-06,8.75e-06,9.21e-06,25208841860990.0,231396183.44090214,349043
2024-07-11,9.21e-06,9.78e-06,8.8e-06,8.89e-06,27602252666939.0,257046490.36012733,407490
2024-07-12,8.89e-06,8.99e-06,8.26e-06,8.69e-06,26258889103386.0,226685579.14731485,358111
2024-07-13,8.69e-06,8.94e-06,8.45e-06,8.68e-06,14146981339080.0,123404945.4931154,211325
2024-07-14,8.69e-06,9.36e-06,8.59e-06,9.2e-06,23364756924049.0,209342750.0354656,345640
2024-07-15,9.2e-06,1.147e-05,9.13e-06,1.132e-05,55347202893573.0,557902693.2885778,870079
2024-07-16,1.132e-05,1.268e-05,1.111e-05,1.237e-05,82053972345590.0,986884870.1824007,1933420
2024-07-17,1.237e-05,1.289e-05,1.151e-05,1.169e-05,38286195565163.0,462795941.20041317,851224
2024-07-18,1.169e-05,1.223e-05,1.122e-05,1.164e-05,34870230996974.0,410718291.6536897,675239
2024-07-19,1.165e-05,1.306e-05,1.128e-05,1.269e-05,36711472640152.0,444437566.59413964,725187
2024-07-20,1.268e-05,1.276e-05,1.191e-05,1.222e-05,24918973309251.0,304823381.56911916,525271
2024-07-21,1.222e-05,1.274e-05,1.156e-05,1.25e-05,24798019966922.0,302069650.40764314,550105
2024-07-22,1.25e-05,1.268e-05,1.172e-05,1.19e-05,17948429267986.0,218492620.26641408,425797
2024-07-23,1.19e-05,1.275e-05,1.159e-05,1.252e-05,34856095216815.0,421979954.2293384,833137
2024-07-24,1.252e-05,1.315e-05,1.198e-05,1.222e-05,30153947478075.0,378364743.2962619,779793
2024-07-25,1.222e-05,1.228e-05,1.083e-05,1.148e-05,30049257607459.0,349637152.54708904,834966
2024-07-26,1.148e-05,1.212e-05,1.14e-05,1.202e-05,17025918270977.0,202376822.1488257,394000
2024-07-27,1.203e-05,1.249e-05,1.158e-05,1.19e-05,18184960677761.0,219079405.75282446,449261
2024-07-28,1.19e-05,1.198e-05,1.154e-05,1.175e-05,7943713286387.0,93368501.04305656,224512
2024-07-29,1.175e-05,1.242e-05,1.169e-05,1.179e-05,20008827971908.0,240956272.45664886,466268
2024-07-30,1.18e-05,1.204e-05,1.103e-05,1.131e-05,14525764926687.0,167989332.87610924,386789
2024-07-31,1.132e-05,1.165e-05,1.087e-05,1.105e-05,12603291277859.0,142641604.82873702,349782
2024-08-01,1.104e-05,1.115e-05,9.73e-06,1.051e-05,26994153329356.0,279374042.6873752,552477
2024-08-02,1.052e-05,1.061e-05,9.23e-06,9.32e-06,28033167875062.0,277984864.7310749,595758
2024-08-03,9.33e-06,9.55e-06,8.28e-06,8.62e-06,30164160311839.0,269206054.8163827,530569
2024-08-04,8.62e-06,8.79e-06,7.66e-06,8.1e-06,39535839775128.0,326577896.35117763,596836
2024-08-05,8.1e-06,8.26e-06,5.85e-06,7.04e-06,132175251906618.0,900874055.1626428,1596544
2024-08-06,7.04e-06,8.19e-06,7.02e-06,7.74e-06,57985284723821.0,452185272.22175056,716688
2024-08-07,7.74e-06,8.39e-06,7.26e-06,7.36e-06,49504329429931.0,390171365.833436,662514
2024-08-08,7.37e-06,8.89e-06,7.19e-06,8.77e-06,47115027946704.0,381088563.5614092,577751
2024-08-09,8.76e-06,9e-06,8.31e-06,8.52e-06,35712036521251.0,306847373.4902388,506692
2024-08-10,8.53e-06,8.71e-06,8.27e-06,8.44e-06,13535135030208.0,114241801.06267783,232737
2024-08-11,8.43e-06,8.79e-06,7.65e-06,7.73e-06,28086528226204.0,230672307.9891909,360740
2024-08-12,7.73e-06,8.5e-06,7.7e-06,8.22e-06,36281490083751.0,294776126.1069981,526423
2024-08-13,8.23e-06,8.38e-06,7.89e-06,8.18e-06,19000696616316.0,154471090.72782677,352550
2024-08-14,8.19e-06,8.47e-06,7.9e-06,8e-06,22210051404078.0,180878276.87359378,390159
2024-08-15,8e-06,8.07e-06,7.19e-06,7.44e-06,25971356753737.0,200106662.39624098,415917
2024-08-16,7.45e-06,7.59e-06,6.86e-06,7.18e-06,32098133972640.0,232487499.92101797,471874
2024-08-17,7.18e-06,7.71e-06,7.1e-06,7.49e-06,17941973792579.0,131935763.86985989,271748
2024-08-18,7.48e-06,7.63e-06,7.28e-06,7.29e-06,15008040109233.0,112347882.78481348,239156
2024-08-19,7.29e-06,7.71e-06,7.15e-06,7.68e-06,18328485887039.0,135496263.68966883,339903
2024-08-20,7.68e-06,8.29e-06,7.63e-06,7.75e-06,31044780040143.0,245710031.86351338,534259
2024-08-21,7.75e-06,8.09e-06,7.5e-06,7.91e-06,21583988221387.0,168086021.8062258,406555
2024-08-22,7.92e-06,8.08e-06,7.72e-06,7.99e-06,18338045877419.0,145446108.75798902,301215
2024-08-23,7.98e-06,9.3e-06,7.94e-06,9.08e-06,38146023030646.0,321629520.1567539,723270
2024-08-24,9.07e-06,9.86e-06,8.85e-06,9.5e-06,36652061313255.0,340891597.9186374,654397
2024-08-25,9.49e-06,9.53e-06,8.68e-06,9.14e-06,26716629978691.0,243463089.89941484,562297
2024-08-26,9.14e-06,9.27e-06,8.42e-06,8.52e-06,23840754822384.0,211627023.87646306,568666
2024-08-27,8.52e-06,8.7e-06,7.51e-06,7.64e-06,29853904276927.0,244719322.1170134,781586
2024-08-28,7.64e-06,8.14e-06,7.34e-06,7.69e-06,33164485041232.0,256417214.44184685,894177
2024-08-29,7.69e-06,8.2e-06,7.55e-06,7.65e-06,20526334117869.0,160987176.20865595,549379
2024-08-30,7.65e-06,7.93e-06,7.34e-06,7.77e-06,19359998442042.0,148530441.15157902,528227
2024-08-31,7.76e-06,7.88e-06,7.51e-06,7.59e-06,8831042992721.0,67939956.86266397,215569
2024-09-01,7.6e-06,7.64e-06,7.06e-06,7.14e-06,13434534390703.0,99562648.64472625,413664
2024-09-02,7.14e-06,7.7e-06,7.07e-06,7.62e-06,15867883282559.0,117491097.56565881,436216
2024-09-03,7.61e-06,7.77e-06,7.24e-06,7.26e-06,11622079536686.0,87036473.34660591,308255
2024-09-04,7.27e-06,7.53e-06,6.84e-06,7.35e-06,22387905167693.0,161181996.859645,476440
2024-09-05,7.36e-06,7.41e-06,7e-06,7.1e-06,11308329658126.0,81600498.41465251,302676
2024-09-06,7.11e-06,7.28e-06,6.33e-06,6.65e-06,23776934439331.0,164067943.42688322,525704
2024-09-07,6.65e-06,7.03e-06,6.64e-06,6.77e-06,13494155019632.0,92017264.6420017,222003
2024-09-08,6.77e-06,7.41e-06,6.7e-06,7.07e-06,17456685657848.0,121690089.4871568,338173
2024-09-09,7.08e-06,7.61e-06,6.94e-06,7.38e-06,21404330033392.0,154505059.86057007,471084
2024-09-10,7.39e-06,7.56e-06,7.28e-06,7.46e-06,18520744244221.0,137436505.2308162,379073
2024-09-11,7.47e-06,7.47e-06,6.97e-06,7.24e-06,20894540166619.0,150333500.74011013,433712
2024-09-12,7.24e-06,7.5e-06,7.21e-06,7.42e-06,14334274999080.0,105359938.57779197,315238
2024-09-13,7.42e-06,8.06e-06,7.3e-06,7.91e-06,17937447972613.0,137021598.66479433,440424
2024-09-14,7.9e-06,7.95e-06,7.63e-06,7.76e-06,10935531850164.0,85268333.02391377,247366
2024-09-15,7.75e-06,7.83e-06,7.3e-06,7.35e-06,10350387033192.0,78856343.42548837,280104
2024-09-16,7.36e-06,7.39e-06,7.06e-06,7.2e-06,17402331398461.0,125407605.08439188,380631
2024-09-17,7.2e-06,7.65e-06,7.11e-06,7.33e-06,20301556088603.0,150043063.85182765,426553
2024-09-18,7.33e-06,7.55e-06,6.99e-06,7.53e-06,24530911000973.0,177996892.29887843,538419
2024-09-19,7.54e-06,8.34e-06,7.53e-06,7.94e-06,35620686879447.0,282312930.6585974,787296
2024-09-20,7.95e-06,8.51e-06,7.71e-06,8.25e-06,32445336302545.0,265266199.3192393,794171
2024-09-21,8.25e-06,8.44e-06,8e-06,8.42e-06,12950500480373.0,106442072.20926104,370769
2024-09-22,8.42e-06,8.48e-06,7.73e-06,8.01e-06,16052905587386.0,129633583.32408676,430374
2024-09-23,8e-06,8.34e-06,7.82e-06,8.13e-06,18743649782506.0,152210358.33162215,521010
2024-09-24,8.14e-06,8.76e-06,7.92e-06,8.59e-06,31769880267679.0,266293847.38207638,736770
2024-09-25,8.59e-06,8.8e-06,8.36e-06,8.45e-06,26050852813724.0,222439356.59705886,604691
2024-09-26,8.45e-06,9.73e-06,8.22e-06,9.52e-06,42906341450303.0,389874306.9288298,1061558
2024-09-27,9.52e-06,1.094e-05,9.36e-06,1.07e-05,37466459477277.0,389232025.63358766,1313236
2024-09-28,1.07e-05,1.156e-05,1.055e-05,1.138e-05,35407966825139.0,392385626.94968075,1134532
2024-09-29,1.138e-05,1.197e-05,1.098e-05,1.128e-05,32890779246040.0,373311944.3160507,1328584
2024-09-30,1.129e-05,1.15e-05,1.035e-05,1.046e-05,31337476998088.0,343662859.73007476,1179788
2024-10-01,1.047e-05,1.145e-05,9.29e-06,9.7e-06,58227152177573.0,610167567.9628373,2071901
2024-10-02,9.7e-06,1.032e-05,8.92e-06,9.24e-06,43462733277731.0,420050742.05042917,1681811
2024-10-03,9.24e-06,9.53e-06,8.33e-06,8.64e-06,34377251880805.0,304597640.30953914,1411662
2024-10-04,8.64e-06,9.6e-06,8.48e-06,9.39e-06,34691476414717.0,316634383.91158926,1063776
2024-10-05,9.4e-06,9.61e-06,9.15e-06,9.35e-06,21837595780367.0,204946491.5057678,537781
2024-10-06,9.36e-06,1.033e-05,9.25e-06,1.023e-05,29884884704265.0,294825458.59644675,760208
2024-10-07,1.023e-05,1.082e-05,9.77e-06,9.8e-06,43987938222565.0,458061482.25756663,1429437
2024-10-08,9.79e-06,1.007e-05,9.31e-06,9.51e-06,28331793957112.0,273174361.3676578,1014647
2024-10-09,9.51e-06,9.87e-06,8.98e-06,9.12e-06,25503133262571.0,240378715.10023543,974066
2024-10-10,9.11e-06,9.46e-06,8.8e-06,9.3e-06,20977289858987.0,192554715.33970717,820963
2024-10-11,9.3e-06,9.97e-06,9.2e-06,9.74e-06,23913837083229.0,230463805.3797589,716858
2024-10-12,9.74e-06,1.024e-05,9.68e-06,9.89e-06,21117445713540.0,210304951.68419868,649250
2024-10-13,9.9e-06,9.99e-06,9.37e-06,9.7e-06,19072871121618.0,184302128.30271193,621320
2024-10-14,9.7e-06,1.108e-05,9.54e-06,1.09e-05,42374721167931.0,441052624.2507417,1227031
2024-10-15,1.09e-05,1.117e-05,1.002e-05,1.038e-05,46904224213435.0,491590362.381696,1698033
2024-10-16,1.039e-05,1.067e-05,1.011e-05,1.044e-05,27037152697875.0,282214087.85137296,1275627
2024-10-17,1.044e-05,1.056e-05,9.63e-06,9.88e-06,24029009701626.0,242102206.22502762,1021339
2024-10-18,9.88e-06,1.073e-05,9.83e-06,1.05e-05,26626102973441.0,277359704.34316665,1049759
2024-10-19,1.051e-05,1.094e-05,1.03e-05,1.049e-05,15458732248851.0,163580322.2405006,683471
2024-10-20,1.049e-05,1.079e-05,1.01e-05,1.068e-05,16873419331430.0,176018191.96441725,692375
2024-10-21,1.069e-05,1.09e-05,1.004e-05,1.018e-05,20240128293626.0,211085703.3993325,940675
2024-10-22,1.018e-05,1.036e-05,9.86e-06,1.008e-05,13204050218804.0,133540804.52272218,726242
2024-10-23,1.008e-05,1.012e-05,9.4e-06,9.81e-06,17576930524731.0,171780798.38266754,762979
2024-10-24,9.82e-06,1.009e-05,9.67e-06,1e-05,14662054823969.0,145319689.75737384,723635
2024-10-25,1e-05,1.005e-05,8.43e-06,8.78e-06,26681740527608.0,248598737.2583313,1016713
2024-10-26,8.79e-06,9.12e-06,8.63e-06,9.08e-06,16140291288574.0,144250679.74956635,569058
2024-10-27,9.08e-06,9.29e-06,8.93e-06,9.17e-06,11316407147221.0,102790868.12776133,392176
2024-10-28,9.17e-06,9.44e-06,8.58e-06,9.18e-06,19801750530023.0,177551056.4425227,797474
2024-10-29,9.17e-06,9.92e-06,9.13e-06,9.67e-06,22232734144041.0,213132635.3528745,869031
2024-10-30,9.67e-06,1.012e-05,9.27e-06,9.64e-06,24869518870553.0,240512299.1700664,944795
2024-10-31,9.64e-06,9.71e-06,9e-06,9.11e-06,14652779135191.0,136867567.4581508,649112
2024-11-01,9.12e-06,9.35e-06,8.72e-06,8.89e-06,15597362693314.0,140978812.52682775,703250
2024-11-02,8.89e-06,9e-06,8.54e-06,8.72e-06,9078290325175.0,79642411.31700909,355178
2024-11-03,8.72e-06,8.73e-06,7.87e-06,8.18e-06,18816942379789.0,154320937.8358967,578694
2024-11-04,8.17e-06,8.38e-06,7.71e-06,7.92e-06,18818019834167.0,152704266.35763723,669322
2024-11-05,7.92e-06,8.82e-06,7.92e-06,8.56e-06,21417947166059.0,179701087.58663246,762019
2024-11-06,8.56e-06,1.005e-05,8.56e-06,9.89e-06,50548283754805.0,473767247.3102991,1917944
2024-11-07,9.9e-06,1.105e-05,9.84e-06,1.099e-05,47000103444447.0,492967233.9104818,1581042
2024-11-08,1.1e-05,1.149e-05,1.027e-05,1.076e-05,37168570367010.0,403248874.2303363,1480901
2024-11-09,1.077e-05,1.148e-05,1.045e-05,1.12e-05,37362313900438.0,408819108.041646,1371464
2024-11-10,1.119e-05,1.299e-05,1.1e-05,1.232e-05,83979197562959.0,1009621077.6975706,3315121
2024-11-11,1.232e-05,1.345e-05,1.175e-05,1.299e-05,77301570891980.0,976318395.7752954,3872897
2024-11-12,1.299e-05,1.49e-05,1.229e-05,1.413e-05,109268506351477.0,1467402232.7596898,5630344
2024-11-13,1.412e-05,2.244e-05,1.249e-05,2.081e-05,219467807645599.0,3882812077.265157,11656779
2024-11-14,2.082e-05,2.597e-05,2.007e-05,2.065e-05,151365034230073.0,3396355276.1131406,12561606
2024-11-15,2.065e-05,2.4e-05,1.88e-05,2.333e-05,86313685572174.0,1828966942.8673701,5981427
2024-11-16,2.333e-05,2.366e-05,2.064e-05,2.13e-05,43192733933935.0,948259257.1165801,3252306
2024-11-17,2.129e-05,2.258e-05,1.943e-05,2.121e-05,48865012016577.0,1033642171.1631118,3677628
2024-11-18,2.121e-05,2.277e-05,1.959e-05,2.048e-05,46185103558075.0,971848981.5186452,3576042
2024-11-19,2.047e-05,2.122e-05,1.892e-05,1.968e-05,40112058690216.0,809866507.6515719,2638319
2024-11-20,1.969e-05,2.059e-05,1.83e-05,1.876e-05,40535014911691.0,794088490.2492881,3464956
2024-11-21,1.877e-05,2.17e-05,1.804e-05,2.07e-05,53875208166057.0,1087630214.0541947,3999966
2024-11-22,2.07e-05,2.184e-05,1.977e-05,2.064e-05,33959201755388.0,703565812.2645471,2352546
2024-11-23,2.064e-05,2.234e-05,1.968e-05,2.049e-05,47710744809661.0,1008843149.7703079,2650867
2024-11-24,2.05e-05,2.122e-05,1.904e-05,2.02e-05,28260883140421.0,565679222.8882705,1758416
2024-11-25,2.021e-05,2.076e-05,1.834e-05,1.897e-05,30831062926904.0,605931111.6160324,2364180
2024-11-26,1.897e-05,1.947e-05,1.729e-05,1.828e-05,29739168819244.0,541269786.1739764,2577697
2024-11-27,1.829e-05,2.014e-05,1.788e-05,1.974e-05,26345770608857.0,500944379.5994494,2109969
2024-11-28,1.974e-05,2.033e-05,1.894e-05,1.985e-05,20507953884290.0,401679597.2213426,1830672
2024-11-29,1.986e-05,2.13e-05,1.95e-05,2.046e-05,27827773634963.0,567277799.6197222,1857650
2024-11-30,2.047e-05,2.165e-05,2.009e-05,2.02e-05,20867699497576.0,430277516.47627604,1516099
2024-12-01,2.02e-05,2.333e-05,2.006e-05,2.226e-05,40062629234881.0,870209378.0776365,2249127
2024-12-02,2.225e-05,2.285e-05,1.952e-05,2.043e-05,41755718391846.0,861921598.8390648,3042918
2024-12-03,2.043e-05,2.108e-05,1.885e-05,2.025e-05,32157526543298.0,644278513.853727,2395883
2024-12-04,2.026e-05,2.209e-05,2.019e-05,2.179e-05,38658071348223.0,814479173.4080135,2615275
2024-12-05,2.179e-05,2.29e-05,2.032e-05,2.118e-05,40285168050511.0,871600218.776071,3193790
2024-12-06,2.119e-05,2.223e-05,2.034e-05,2.155e-05,26596100280809.0,571424985.3275067,1752313
2024-12-07,2.155e-05,2.694e-05,2.11e-05,2.489e-05,50539372914667.0,1213664369.0783107,4008688
2024-12-08,2.49e-05,2.717e-05,2.418e-05,2.642e-05,42593220595135.0,1095379502.9426064,4865915
2024-12-09,2.642e-05,2.836e-05,2.333e-05,2.649e-05,82932866321320.0,2175923644.177195,9943996
2024-12-10,2.65e-05,2.723e-05,2.209e-05,2.348e-05,73552507106171.0,1771233439.3326771,6388278
2024-12-11,2.348e-05,2.548e-05,2.162e-05,2.512e-05,37832623045386.0,899431769.5068282,3096026
2024-12-12,2.512e-05,2.572e-05,2.321e-05,2.365e-05,25025648068128.0,615256769.0636063,2306740
2024-12-13,2.365e-05,2.499e-05,2.306e-05,2.475e-05,16955284110496.0,407765179.53036183,1604174
2024-12-14,2.476e-05,2.486e-05,2.291e-05,2.333e-05,11838393256148.0,281662098.1698755,990311
2024-12-15,2.334e-05,2.453e-05,2.259e-05,2.415e-05,12647918070646.0,297310828.7807497,1070491
2024-12-16,2.416e-05,2.472e-05,2.29e-05,2.345e-05,21025862030606.0,500821815.67743623,1633070
2024-12-17,2.345e-05,2.365e-05,2.206e-05,2.244e-05,15422714288799.0,356012343.5089709,1163920
2024-12-18,2.244e-05,2.254e-05,1.912e-05,1.943e-05,26846597305414.0,559829193.4681542,1510947
2024-12-19,1.944e-05,1.975e-05,1.653e-05,1.705e-05,44992131613453.0,820836806.5777986,1777799
2024-12-20,1.705e-05,1.794e-05,1.441e-05,1.767e-05,53723342953662.0,869954918.3863659,2009273
2024-12-21,1.768e-05,1.974e-05,1.694e-05,1.741e-05,34818687048227.0,633228516.8129634,1412524
2024-12-22,1.741e-05,1.844e-05,1.668e-05,1.785e-05,22210821235620.0,392841683.41336006,849383
2024-12-23,1.785e-05,1.886e-05,1.723e-05,1.848e-05,20145844548886.0,361918016.6348961,819176
2024-12-24,1.847e-05,1.954e-05,1.79e-05,1.926e-05,16436827609987.0,309559489.52711636,618257
2024-12-25,1.925e-05,1.945e-05,1.81e-05,1.854e-05,14797984293750.0,277463709.29627573,563727
2024-12-26,1.854e-05,1.878e-05,1.704e-05,1.739e-05,13227748320847.0,233423706.75989038,508530
2024-12-27,1.739e-05,1.83e-05,1.726e-05,1.788e-05,13660033531008.0,243407388.76337793,524626
2024-12-28,1.789e-05,1.903e-05,1.776e-05,1.876e-05,9469146279294.0,174802440.13217714,384341
2024-12-29,1.876e-05,1.919e-05,1.775e-05,1.789e-05,9116197110944.0,167662663.7259916,487766
2024-12-30,1.79e-05,1.9e-05,1.745e-05,1.846e-05,14012271530950.0,255305104.19168034,877330
2024-12-31,1.846e-05,2.185e-05,1.77e-05,1.996e-05,45739570232961.0,912959092.3206022,1681162
2025-01-01,1.996e-05,2.077e-05,1.907e-05,1.938e-05,16682666084636.0,328210024.69330406,670141
2025-01-02,1.938e-05,2.117e-05,1.919e-05,2.048e-05,21627625482687.0,440865327.6794247,1011864
2025-01-03,2.048e-05,2.175e-05,2.006e-05,2.159e-05,14899135389828.0,312519413.08498985,986233
2025-01-04,2.159e-05,2.19e-05,2.054e-05,2.112e-05,11555524610118.0,244101567.01405403,647665
2025-01-05,2.113e-05,2.139e-05,2.032e-05,2.072e-05,7073091306173.0,146921955.70725435,546598
2025-01-06,2.071e-05,2.139e-05,2.026e-05,2.078e-05,10202159475639.0,212760120.38717338,600615
2025-01-07,2.078e-05,2.084e-05,1.845e-05,1.859e-05,18763623814545.0,365902186.9057329,1030229
2025-01-08,1.859e-05,1.893e-05,1.701e-05,1.782e-05,17669793623298.0,318142732.36748636,1057460
2025-01-09,1.782e-05,1.81e-05,1.663e-05,1.701e-05,16559799889161.0,287184214.14923793,773144
2025-01-10,1.701e-05,1.791e-05,1.699e-05,1.764e-05,16319015095746.0,285087881.6172771,748491
2025-01-11,1.764e-05,1.848e-05,1.747e-05,1.802e-05,6439600278724.0,115458141.80902062,365372
2025-01-12,1.802e-05,1.804e-05,1.748e-05,1.775e-05,5011918296641.0,89082065.01239987,393739
2025-01-13,1.775e-05,1.829e-05,1.561e-05,1.686e-05,23342503853938.0,387600158.602262,922570
2025-01-14,1.685e-05,1.764e-05,1.679e-05,1.746e-05,10728110959461.0,185512612.69595864,732474
2025-01-15,1.747e-05,1.922e-05,1.686e-05,1.907e-05,16682626026136.0,299499927.34478205,899914
2025-01-16,1.907e-05,1.926e-05,1.795e-05,1.812e-05,15198692346430.0,280003935.2328118,792674
2025-01-17,1.813e-05,2.054e-05,1.813e-05,2.03e-05,21668399109828.0,424961619.9721978,958434
2025-01-18,2.03e-05,2.103e-05,1.81e-05,1.845e-05,24907807730325.0,475470074.8700144,1138360
2025-01-19,1.845e-05,1.9e-05,1.52e-05,1.604e-05,62882541482112.0,1061269884.6450968,2283192
2025-01-20,1.604e-05,1.76e-05,1.512e-05,1.58e-05,59103382658573.0,954174946.6926082,1844864
2025-01-21,1.58e-05,1.637e-05,1.473e-05,1.59e-05,27143688797501.0,421153925.0758579,1104633
2025-01-22,1.59e-05,1.619e-05,1.5e-05,1.515e-05,12817606784768.0,200258204.62756675,599265
2025-01-23,1.515e-05,1.559e-05,1.43e-05,1.532e-05,21125125131689.0,314993999.46334195,885638
2025-01-24,1.533e-05,1.618e-05,1.458e-05,1.494e-05,16248774465024.0,250647107.44826943,761195
2025-01-25,1.495e-05,1.54e-05,1.459e-05,1.504e-05,8029163961541.0,120870466.2394721,416108
2025-01-26,1.504e-05,1.52e-05,1.394e-05,1.402e-05,9098053764288.0,134075319.42748486,381466
2025-01-27,1.402e-05,1.402e-05,1.21e-05,1.311e-05,36311622274024.0,466147187.4199119,1114313
2025-01-28,1.312e-05,1.336e-05,1.133e-05,1.145e-05,17291386273714.0,215868248.72058785,549344
2025-01-29,1.145e-05,1.334e-05,1.136e-05,1.239e-05,30764079573540.0,383459663.78046834,944830
2025-01-30,1.24e-05,1.35e-05,1.222e-05,1.293e-05,15593336329527.0,202163257.9013933,551800
2025-01-31,1.294e-05,1.478e-05,1.275e-05,1.386e-05,26881347636132.0,374701724.32636654,895939
2025-02-01,1.386e-05,1.43e-05,1.206e-05,1.224e-05,19306388674839.0,253593395.43925044,671735
2025-02-02,1.225e-05,1.253e-05,9.99e-06,1.078e-05,41791389996776.0,472665764.51755196,1152576
2025-02-03,1.078e-05,1.144e-05,7.96e-06,1.1e-05,86878701520935.0,837192177.8326763,1848764
2025-02-04,1.1e-05,1.11e-05,9.65e-06,1.015e-05,33913513843407.0,346719461.70187396,922294
2025-02-05,1.016e-05,1.046e-05,9.74e-06,1.001e-05,16978008551162.0,172215778.3951983,439050
2025-02-06,1.001e-05,1.039e-05,9.11e-06,9.22e-06,22399169719870.0,217479511.8982907,492288
2025-02-07,9.21e-06,9.84e-06,8.45e-06,8.93e-06,25788776543072.0,239537001.6786781,528781
2025-02-08,8.93e-06,9.69e-06,8.87e-06,9.57e-06,19237931847348.0,178740645.66536093,374883
2025-02-09,9.56e-06,9.85e-06,8.91e-06,9.54e-06,15025156515424.0,142013021.98005283,377492
2025-02-10,9.53e-06,9.96e-06,9.15e-06,9.59e-06,18057207333654.0,173355115.64061892,445921
2025-02-11,9.59e-06,1.061e-05,9.38e-06,9.59e-06,25128522224855.0,250776759.95245996,563103
2025-02-12,9.58e-06,1.027e-05,9.05e-06,1.009e-05,29356006071016.0,280688836.7721773,623363
2025-02-13,1.009e-05,1.025e-05,9.44e-06,9.68e-06,14123544965627.0,138383486.70274094,378208
2025-02-14,9.69e-06,1.076e-05,9.62e-06,1.03e-05,16932254518253.0,173923449.06785288,496511
2025-02-15,1.03e-05,1.038e-05,9.82e-06,9.94e-06,7693921894156.0,77582033.38564639,251539
2025-02-16,9.94e-06,1.004e-05,9.57e-06,9.7e-06,6597553335879.0,64791990.28792567,216335
2025-02-17,9.7e-06,1.067e-05,9.5e-06,1.012e-05,21946357332885.0,221060791.71703634,534443
2025-02-18,1.011e-05,1.02e-05,8.91e-06,9.26e-06,20043926315436.0,189022920.1741458,513181
2025-02-19,9.27e-06,9.57e-06,9.12e-06,9.36e-06,10331310968338.0,96609166.7410037,279220
2025-02-20,9.36e-06,9.71e-06,9.3e-06,9.62e-06,10872954762200.0,103436824.38685864,262406
2025-02-21,9.62e-06,1.015e-05,9.04e-06,9.13e-06,18582732525321.0,178549780.3972455,443315
2025-02-22,9.12e-06,9.73e-06,9.07e-06,9.63e-06,11947003340550.0,113166113.898148,232946
2025-02-23,9.62e-06,9.81e-06,9.21e-06,9.35e-06,12092609836081.0,114381639.74338898,245860
2025-02-24,9.35e-06,9.43e-06,7.62e-06,7.89e-06,24468172172713.0,210125995.91235876,526698
2025-02-25,7.89e-06,8.43e-06,7.31e-06,8.25e-06,40331085887872.0,315143308.40091443,766264
2025-02-26,8.25e-06,8.51e-06,7.82e-06,8.33e-06,22218035291335.0,181399780.78483492,444790
2025-02-27,8.33e-06,8.6e-06,8.06e-06,8.21e-06,19415820833894.0,162061800.7634383,368035
2025-02-28,8.21e-06,8.26e-06,7.26e-06,7.92e-06,29419911437333.0,226968085.2067019,602865
2025-03-01,7.93e-06,8e-06,7.36e-06,7.59e-06,16175337433553.0,124870073.82011186,252340
2025-03-02,7.59e-06,8.95e-06,7.55e-06,8.83e-06,39065875037670.0,320675680.56832474,601689
2025-03-03,8.84e-06,8.88e-06,7.06e-06,7.23e-06,32809500821447.0,261451588.11012393,671886
2025-03-04,7.23e-06,7.29e-06,6.27e-06,6.99e-06,43532682018350.0,296977908.2749,676128
2025-03-05,6.99e-06,7.36e-06,6.81e-06,7.08e-06,17753506885893.0,125078427.07458813,301860
2025-03-06,7.07e-06,7.35e-06,6.76e-06,6.83e-06,15747235495301.0,110826867.4740255,281595
2025-03-07,6.84e-06,7.36e-06,6.42e-06,6.98e-06,26640058730724.0,185470683.4363996,459549
2025-03-08,6.99e-06,7.05e-06,6.57e-06,6.67e-06,11787340848006.0,79858946.13872366,205757
2025-03-09,6.67e-06,6.74e-06,5.72e-06,5.87e-06,17797753811142.0,109010228.66010784,285122
2025-03-10,5.87e-06,6.65e-06,5.63e-06,5.7e-06,35370198357125.0,216717845.78083524,509382
2025-03-11,5.7e-06,6.51e-06,5.25e-06,6.33e-06,40392227387815.0,239115307.11890164,529110
2025-03-12,6.32e-06,6.98e-06,6.14e-06,6.96e-06,30680982363059.0,200626562.2705455,501647
2025-03-13,6.95e-06,7.45e-06,6.5e-06,6.69e-06,41663815584520.0,291805548.3479494,629478
2025-03-14,6.7e-06,7.34e-06,6.68e-06,7.06e-06,26405468563415.0,185747719.8905895,406510
2025-03-15,7.06e-06,7.38e-06,6.96e-06,7.14e-06,14789704988378.0,105525039.26248506,253340
2025-03-16,7.14e-06,7.18e-06,6.45e-06,6.58e-06,21933732464269.0,148731572.29646698,313005
2025-03-17,6.59e-06,7.61e-06,6.57e-06,7.39e-06,25521302691140.0,180969641.72105527,453780
2025-03-18,7.39e-06,7.42e-06,6.71e-06,7.28e-06,27712011815481.0,194043128.31609893,412210
2025-03-19,7.29e-06,7.56e-06,7.14e-06,7.46e-06,26499870906366.0,194300526.99311176,509896
2025-03-20,7.46e-06,7.87e-06,7.28e-06,7.65e-06,25395001173920.0,192032353.35718682,469412
2025-03-21,7.65e-06,7.89e-06,7.15e-06,7.2e-06,19419225206620.0,143749569.7419578,322567
2025-03-22,7.21e-06,7.4e-06,7e-06,7.07e-06,11481207626108.0,83275084.88477759,180991
2025-03-23,7.07e-06,7.4e-06,7.01e-06,7.35e-06,10369554192484.0,75194010.83030874,174428
2025-03-24,7.35e-06,8.19e-06,7.19e-06,7.99e-06,24475569856055.0,188815372.50960186,419271
2025-03-25,7.99e-06,8.25e-06,7.83e-06,8.01e-06,16162055280387.0,129261731.10984091,341726
2025-03-26,8.01e-06,9.26e-06,7.96e-06,8.52e-06,32284974573860.0,280350039.14925045,642729
2025-03-27,8.53e-06,8.7e-06,8.19e-06,8.44e-06,15801370847681.0,134347404.41348907,369948
2025-03-28,8.44e-06,8.52e-06,7.6e-06,7.79e-06,14721635578042.0,116744825.7933157,329769
2025-03-29,7.78e-06,7.89e-06,7.06e-06,7.22e-06,14056668488557.0,104193366.18545458,307179
2025-03-30,7.22e-06,7.34e-06,6.77e-06,6.94e-06,15221550364652.0,107529643.70331232,319137
2025-03-31,6.95e-06,7.35e-06,6.76e-06,7.2e-06,23151355844890.0,163409497.8497196,468668
2025-04-01,7.21e-06,7.87e-06,7.19e-06,7.72e-06,25847762581546.0,195327726.9968507,517800
2025-04-02,7.72e-06,8.07e-06,6.9e-06,7.05e-06,38726852577026.0,291410837.5089872,745304
2025-04-03,7.06e-06,7.3e-06,6.38e-06,6.71e-06,27610092405897.0,186416580.5185039,407411
2025-04-04,6.71e-06,7.28e-06,6.6e-06,7.24e-06,31570598218828.0,220003705.53302503,540878
2025-04-05,7.24e-06,7.37e-06,6.92e-06,7.06e-06,10842125117263.0,77369164.45630278,190771
2025-04-06,7.06e-06,7.13e-06,6.15e-06,6.34e-06,21788839301624.0,143109640.05159742,385911
2025-04-07,6.34e-06,6.79e-06,5.71e-06,6.45e-06,65317332969266.0,408311490.03869474,946129
2025-04-08,6.45e-06,6.64e-06,5.92e-06,6.05e-06,23986003606990.0,149169907.37567857,381569
2025-04-09,6.05e-06,7.14e-06,5.78e-06,6.97e-06,42505343766850.0,275184951.57949346,636541
2025-04-10,6.97e-06,7e-06,6.48e-06,6.71e-06,20025266469404.0,134299067.62443587,363662
2025-04-11,6.7e-06,7.05e-06,6.64e-06,6.94e-06,16599492989938.0,114075683.21040562,265413
2025-04-12,6.93e-06,7.58e-06,6.82e-06,7.44e-06,15796738603577.0,113724510.0320326,313217
2025-04-13,7.44e-06,7.77e-06,7.11e-06,7.27e-06,19923587167066.0,146648560.2569497,421758
2025-04-14,7.28e-06,7.74e-06,7.25e-06,7.34e-06,22245174412795.0,166490095.37330067,495246
2025-04-15,7.34e-06,7.52e-06,6.9e-06,7e-06,18510467726755.0,133730519.61128777,381802
2025-04-16,7.01e-06,7.33e-06,6.93e-06,7.13e-06,18203525256576.0,129955254.0194265,369490
2025-04-17,7.14e-06,7.44e-06,7.03e-06,7.24e-06,14102580378979.0,102463746.19277924,277077
2025-04-18,7.23e-06,7.34e-06,7.01e-06,7.34e-06,13797117151992.0,98689616.79009014,206579
2025-04-19,7.33e-06,7.6e-06,7.16e-06,7.5e-06,10385767573594.0,76172299.34425306,177523
2025-04-20,7.5e-06,7.7e-06,7.26e-06,7.54e-06,11307194206753.0,84644055.94835064,217999
2025-04-21,7.54e-06,8.05e-06,7.52e-06,7.74e-06,18831906374085.0,147507530.89105418,335487
2025-04-22,7.74e-06,8.9e-06,7.61e-06,8.81e-06,25921817517096.0,214828708.71524945,496036
2025-04-23,8.81e-06,9.3e-06,8.63e-06,8.83e-06,32085023501684.0,289206639.3033697,702164
2025-04-24,8.83e-06,8.87e-06,8.32e-06,8.76e-06,18137101986078.0,155966926.43410674,448893
2025-04-25,8.76e-06,9.29e-06,8.56e-06,9.05e-06,21672223311448.0,192334402.7966284,540556
2025-04-26,9.05e-06,9.81e-06,9.02e-06,9.18e-06,17825697684688.0,166984608.201957,517064
2025-04-27,9.18e-06,9.21e-06,8.72e-06,8.76e-06,10905929140275.0,97462906.90002412,306802
2025-04-28,8.76e-06,9.2e-06,8.55e-06,8.96e-06,17781482961753.0,158346066.08409435,504670
2025-04-29,8.97e-06,9.16e-06,8.71e-06,8.87e-06,10685343236254.0,95763612.51821351,337857
2025-04-30,8.87e-06,9.13e-06,8.45e-06,8.89e-06,13141943422573.0,115872319.70736644,351024
2025-05-01,8.9e-06,9.09e-06,8.66e-06,8.73e-06,15932783748951.0,141604907.74378952,272473
2025-05-02,8.73e-06,8.93e-06,8.52e-06,8.7e-06,12683809623183.0,110774830.04414001,263986
2025-05-03,8.69e-06,8.73e-06,8.07e-06,8.17e-06,10038065905981.0,84112477.1080304,202875
2025-05-04,8.18e-06,8.28e-06,7.99e-06,8.09e-06,9751661778173.0,79513121.3159628,236812
2025-05-05,8.09e-06,8.36e-06,7.78e-06,7.94e-06,13989199773095.0,112713863.76766749,301763
2025-05-06,7.94e-06,8.03e-06,7.58e-06,7.99e-06,13953834748026.0,109243715.1077,301867
2025-05-07,8e-06,8.32e-06,7.94e-06,8.25e-06,14128870126831.0,114901661.38731945,296177
2025-05-08,8.25e-06,1.178e-05,8.22e-06,1.112e-05,52093827982190.0,521201394.03584427,1219680
2025-05-09,1.112e-05,1.397e-05,1.064e-05,1.237e-05,74063552857195.0,923968709.7192513,2263245
2025-05-10,1.237e-05,1.406e-05,1.216e-05,1.37e-05,45614509129242.0,596957964.4096084,1807199
2025-05-11,1.37e-05,1.424e-05,1.258e-05,1.361e-05,36253569916453.0,484990669.66400015,1515882
2025-05-12,1.362e-05,1.541e-05,1.278e-05,1.362e-05,51719094301939.0,734411922.8899575,2384357
2025-05-13,1.363e-05,1.51e-05,1.274e-05,1.444e-05,39299132820367.0,547942308.4320691,1654855
2025-05-14,1.444e-05,1.449e-05,1.348e-05,1.39e-05,23284399187556.0,326110494.38759416,935480
2025-05-15,1.39e-05,1.415e-05,1.267e-05,1.302e-05,27142963377370.0,364914179.47865885,1228157
2025-05-16,1.303e-05,1.38e-05,1.252e-05,1.259e-05,19266394121913.0,257270882.84052417,760214
2025-05-17,1.26e-05,1.276e-05,1.196e-05,1.216e-05,16403000398204.0,202451473.76976776,601813
2025-05-18,1.217e-05,1.425e-05,1.213e-05,1.385e-05,38625517791462.0,512811832.22792566,1119126
2025-05-19,1.385e-05,1.419e-05,1.249e-05,1.327e-05,29883776124192.0,392378290.57979035,955592
2025-05-20,1.328e-05,1.366e-05,1.262e-05,1.316e-05,24889277164643.0,325121089.4284862,803010
2025-05-21,1.317e-05,1.462e-05,1.281e-05,1.365e-05,51972219388584.0,708363928.3827233,1464307
2025-05-22,1.365e-05,1.552e-05,1.362e-05,1.55e-05,37296133680823.0,535490677.40155786,1210631
2025-05-23,1.55e-05,1.632e-05,1.356e-05,1.381e-05,53698452565118.0,813207035.7349513,1645768
2025-05-24,1.38e-05,1.422e-05,1.356e-05,1.378e-05,20304259894291.0,282010856.0352051,676537
2025-05-25,1.378e-05,1.399e-05,1.262e-05,1.361e-05,27581959609313.0,365831760.51276153,817351
2025-05-26,1.361e-05,1.446e-05,1.349e-05,1.385e-05,26730612578903.0,372299242.64562863,809326
2025-05-27,1.385e-05,1.432e-05,1.335e-05,1.39e-05,22417573905263.0,313227366.3318195,769482
2025-05-28,1.39e-05,1.418e-05,1.337e-05,1.399e-05,20747267354827.0,285903812.41468877,615288
2025-05-29,1.4e-05,1.512e-05,1.336e-05,1.343e-05,33159118811495.0,471093928.08904594,950957
2025-05-30,1.344e-05,1.356e-05,1.149e-05,1.161e-05,38505481123377.0,489485523.25685763,1102395
2025-05-31,1.161e-05,1.187e-05,1.095e-05,1.165e-05,26333464823687.0,301262718.0070322,864612
2025-06-01,1.164e-05,1.204e-05,1.128e-05,1.18e-05,14621442150371.0,170714708.68420967,459425
2025-06-02,1.181e-05,1.243e-05,1.14e-05,1.235e-05,16304159768959.0,192163039.4872629,593593
2025-06-03,1.235e-05,1.296e-05,1.216e-05,1.226e-05,22455998788901.0,282899317.03003764,678575
2025-06-04,1.226e-05,1.263e-05,1.175e-05,1.182e-05,13294689747233.0,163089865.10484517,437872
2025-06-05,1.182e-05,1.208e-05,1.037e-05,1.064e-05,32813068696501.0,369946680.1296061,817927
2025-06-06,1.065e-05,1.152e-05,1.055e-05,1.105e-05,19510403682738.0,216265505.02434498,506764
2025-06-07,1.105e-05,1.163e-05,1.096e-05,1.15e-05,11904017499275.0,135875476.08578357,360240
2025-06-08,1.151e-05,1.208e-05,1.129e-05,1.168e-05,12991951914194.0,151019397.00172147,354964
2025-06-09,1.168e-05,1.272e-05,1.139e-05,1.265e-05,23898708299861.0,285577120.65574235,596258
2025-06-10,1.265e-05,1.362e-05,1.241e-05,1.312e-05,32345939513680.0,417621418.39299077,958076
2025-06-11,1.312e-05,1.345e-05,1.22e-05,1.249e-05,24383590881388.0,314264446.2644896,738236
2025-06-12,1.248e-05,1.26e-05,1.136e-05,1.151e-05,21614364298006.0,261266996.19468156,637082
2025-06-13,1.15e-05,1.152e-05,1.044e-05,1.122e-05,36330700936637.0,392121823.82463723,864851
2025-06-14,1.122e-05,1.131e-05,1.069e-05,1.095e-05,10799555502926.0,119238037.82916135,290226
2025-06-15,1.094e-05,1.133e-05,1.081e-05,1.111e-05,13258441974343.0,147521835.52043098,275380
2025-06-16,1.111e-05,1.157e-05,1.054e-05,1.059e-05,23055705725602.0,258028800.60841718,488888
2025-06-17,1.059e-05,1.078e-05,9.65e-06,1.013e-05,26064511809917.0,267091595.41497102,558264
2025-06-18,1.013e-05,1.041e-05,9.75e-06,1.035e-05,16063975112921.0,162756675.7979208,397911
2025-06-19,1.035e-05,1.049e-05,1.014e-05,1.029e-05,10678905429265.0,110365224.1798578,239511
2025-06-20,1.03e-05,1.052e-05,9.46e-06,9.84e-06,16614768394908.0,166253345.07583404,362768
2025-06-21,9.84e-06,1.012e-05,8.92e-06,9.28e-06,16228425825138.0,154666916.42418575,370739
2025-06-22,9.28e-06,9.48e-06,8.3e-06,8.87e-06,27157211135718.0,239225615.75110802,575551
2025-06-23,8.88e-06,1.002e-05,8.67e-06,9.9e-06,29080584067582.0,267545957.82644865,536050
2025-06-24,9.9e-06,1.03e-05,9.76e-06,1.006e-05,17854122634311.0,178345941.07594484,398209
2025-06-25,1.006e-05,1.018e-05,9.37e-06,9.46e-06,15294694903234.0,150395697.55588475,365196
2025-06-26,9.46e-06,9.74e-06,9.11e-06,9.16e-06,14888995666583.0,139930754.0049428,296943
2025-06-27,9.16e-06,9.38e-06,8.92e-06,9.18e-06,11336917224317.0,104108040.17700376,233871
2025-06-28,9.17e-06,9.62e-06,9.13e-06,9.55e-06,6151553773664.0,57735617.58473893,142482
2025-06-29,9.56e-06,1.049e-05,9.43e-06,1.04e-05,12327985325807.0,122449049.56193355,264503
2025-06-30,1.04e-05,1.043e-05,9.58e-06,9.75e-06,16507636187090.0,164098087.47335932,305344
2025-07-01,9.75e-06,9.83e-06,9.16e-06,9.26e-06,9686081084988.0,91447524.5214636,201341
2025-07-02,9.26e-06,1.038e-05,9.18e-06,1.006e-05,16587489647911.0,164242261.8216082,362153
2025-07-03,1.006e-05,1.079e-05,9.88e-06,1.012e-05,22042692636211.0,228234105.85868278,518328
2025-07-04,1.013e-05,1.027e-05,9.43e-06,9.65e-06,13075122453368.0,127659974.45335396,311841
2025-07-05,9.64e-06,9.93e-06,9.51e-06,9.69e-06,7473259445326.0,72647324.11202802,183391
2025-07-06,9.69e-06,1.033e-05,9.56e-06,1.002e-05,12668122293853.0,126242824.83006074,304033
2025-07-07,1.003e-05,1.027e-05,9.69e-06,9.9e-06,11778723077307.0,117670691.34021819,321233
2025-07-08,9.9e-06,1.029e-05,9.71e-06,1.019e-05,11079981627412.0,111076410.09288026,284247
2025-07-09,1.019e-05,1.136e-05,1e-05,1.105e-05,23312426151862.0,248060955.62249514,570348
2025-07-10,1.105e-05,1.254e-05,1.089e-05,1.241e-05,29599288576742.0,342770849.9002767,739593
2025-07-11,1.24e-05,1.327e-05,1.2e-05,1.236e-05,41424385054134.0,524865982.3085515,1128813
2025-07-12,1.235e-05,1.256e-05,1.184e-05,1.224e-05,16916697569560.0,206892126.23931313,543740
2025-07-13,1.224e-05,1.269e-05,1.208e-05,1.23e-05,18432948172533.0,227784310.52206928,550657
2025-07-14,1.231e-05,1.337e-05,1.202e-05,1.223e-05,28262765829312.0,356125124.2104853,877526
2025-07-15,1.223e-05,1.291e-05,1.166e-05,1.286e-05,29212912749100.0,358078414.8272722,943236
2025-07-16,1.285e-05,1.411e-05,1.248e-05,1.354e-05,34225785378825.0,454745352.7347681,1116534
2025-07-17,1.355e-05,1.385e-05,1.281e-05,1.337e-05,26988032999578.0,362641324.43233067,1062932
2025-07-18,1.337e-05,1.433e-05,1.266e-05,1.298e-05,33539085937877.0,454841458.1736585,1122641
2025-07-19,1.299e-05,1.354e-05,1.265e-05,1.342e-05,15040277756956.0,197829794.06870064,484433
2025-07-20,1.343e-05,1.46e-05,1.331e-05,1.402e-05,23382053586789.0,326544327.7794967,784920
2025-07-21,1.402e-05,1.454e-05,1.364e-05,1.409e-05,24605186485824.0,347491390.2536819,828359
2025-07-22,1.409e-05,1.475e-05,1.347e-05,1.416e-05,27640261251106.0,385522785.2948375,1043767
2025-07-23,1.417e-05,1.418e-05,1.219e-05,1.273e-05,23551842076687.0,310945931.04174274,874337
2025-07-24,1.273e-05,1.305e-05,1.185e-05,1.239e-05,18164190440952.0,228412256.09441406,799095
2025-07-25,1.24e-05,1.257e-05,1.173e-05,1.255e-05,17245242450091.0,209073797.87466207,700242
2025-07-26,1.256e-05,1.278e-05,1.234e-05,1.24e-05,7763906451268.0,97706891.63207647,240712
2025-07-27,1.24e-05,1.297e-05,1.237e-05,1.279e-05,10168569314756.0,128866972.35052058,334139
2025-07-28,1.279e-05,1.315e-05,1.181e-05,1.19e-05,15070547283737.0,189405987.91522834,573082
2025-07-29,1.191e-05,1.215e-05,1.124e-05,1.152e-05,16268039630971.0,190417215.86881903,518258
2025-07-30,1.153e-05,1.162e-05,1.07e-05,1.134e-05,13946668076448.0,156946506.36216304,471793
2025-07-31,1.134e-05,1.166e-05,1.068e-05,1.078e-05,11462035979229.0,128889715.7685971,350510
2025-08-01,1.078e-05,1.083e-05,1.004e-05,1.039e-05,20037144697500.0,210848061.1530226,683952
2025-08-02,1.038e-05,1.064e-05,9.86e-06,1.013e-05,9475679801980.0,97159316.46633048,382982
2025-08-03,1.013e-05,1.056e-05,9.99e-06,1.045e-05,6579867916885.0,68374912.14194699,164370
2025-08-04,1.046e-05,1.083e-05,1.034e-05,1.076e-05,9501034904385.0,100618630.23920992,247668
2025-08-05,1.075e-05,1.08e-05,9.98e-06,1.02e-05,10694125752889.0,110397271.61107211,297525
2025-08-06,1.019e-05,1.061e-05,9.96e-06,1.056e-05,7772392941615.0,80182969.44228753,216919
2025-08-07,1.056e-05,1.115e-05,1.046e-05,1.111e-05,10619104914837.0,114465190.03488638,242544
2025-08-08,1.112e-05,1.202e-05,1.096e-05,1.181e-05,14386583658346.0,163772567.54277626,457154
2025-08-09,1.182e-05,1.266e-05,1.163e-05,1.24e-05,14580045585778.0,178774557.69429693,445332
2025-08-10,1.24e-05,1.265e-05,1.179e-05,1.207e-05,12210221645404.0,148324096.84817535,400832
2025-08-11,1.207e-05,1.243e-05,1.112e-05,1.123e-05,14263044159324.0,168675595.88207904,469038
2025-08-12,1.123e-05,1.236e-05,1.107e-05,1.214e-05,19347749395852.0,226459055.21386012,491578
2025-08-13,1.213e-05,1.25e-05,1.195e-05,1.225e-05,22017242815135.0,269091696.2605295,572531
2025-08-14,1.226e-05,1.269e-05,1.081e-05,1.105e-05,27209187831927.0,316639621.1171055,692719
2025-08-15,1.105e-05,1.127e-05,1.052e-05,1.081e-05,12505473245358.0,136956137.02003226,394799
2025-08-16,1.08e-05,1.111e-05,1.078e-05,1.109e-05,4968432738369.0,54311907.95607003,168484
2025-08-17,1.109e-05,1.155e-05,1.098e-05,1.112e-05,6459155253894.0,72578760.92568716,201302
2025-08-18,1.112e-05,1.114e-05,1.055e-05,1.068e-05,9392909577513.0,101195019.24781215,296268
2025-08-19,1.068e-05,1.086e-05,1.016e-05,1.021e-05,8801540657651.0,92310520.5891859,313372
2025-08-20,1.021e-05,1.073e-05,1.002e-05,1.066e-05,8375565096438.0,86967741.24597555,278779
2025-08-21,1.067e-05,1.076e-05,1.02e-05,1.041e-05,6546883792030.0,68363101.31375167,212406
2025-08-22,1.04e-05,1.17e-05,9.81e-06,1.158e-05,21274555515228.0,228823157.38396814,545405
2025-08-23,1.158e-05,1.162e-05,1.097e-05,1.125e-05,10456903861189.0,118263711.14665224,276382
2025-08-24,1.125e-05,1.148e-05,1.066e-05,1.083e-05,16688232739210.0,183378213.91143668,437690
2025-08-25,1.083e-05,1.108e-05,9.57e-06,9.76e-06,17000911933444.0,172945917.8013469,509442
2025-08-26,9.76e-06,1.019e-05,9.68e-06,1.009e-05,9622560362205.0,95603891.29766686,249311
2025-08-27,1.008e-05,1.03e-05,9.95e-06,1.003e-05,9184786779744.0,92951113.97337425,251129
2025-08-28,1.002e-05,1.028e-05,9.91e-06,1.021e-05,6161965907765.0,62413925.43889052,159138
2025-08-29,1.021e-05,1.026e-05,9.49e-06,9.77e-06,11604672799813.0,113916525.22490905,253517
2025-08-30,9.78e-06,1.006e-05,9.68e-06,9.84e-06,4415578105250.0,43643669.63160925,112373
2025-08-31,9.83e-06,1.002e-05,9.63e-06,9.65e-06,4888027045793.0,48212007.91350766,103313
2025-09-01,9.65e-06,9.95e-06,9.14e-06,9.47e-06,12306777571264.0,117076824.19426356,267577
2025-09-02,9.47e-06,9.82e-06,9.33e-06,9.79e-06,9537295135353.0,91631990.6902284,195809
2025-09-03,9.79e-06,1.003e-05,9.68e-06,9.88e-06,5305400354856.0,52192320.1768166,128217
2025-09-04,9.88e-06,9.97e-06,9.37e-06,9.44e-06,5538061150431.0,53092572.78053188,130759
2025-09-05,9.45e-06,9.9e-06,9.41e-06,9.75e-06,8449243346250.0,81774957.03648067,192631
2025-09-06,9.75e-06,9.81e-06,9.54e-06,9.63e-06,3592169746286.0,34695212.60043692,75782
2025-09-07,9.64e-06,9.95e-06,9.63e-06,9.88e-06,4529699087072.0,44469246.28048695,92024
2025-09-08,9.89e-06,1.037e-05,9.81e-06,1.03e-05,8578027382421.0,87101065.64649162,203140
2025-09-09,1.03e-05,1.084e-05,1.014e-05,1.032e-05,13278424094947.0,139388594.66716406,298391
2025-09-10,1.031e-05,1.068e-05,1.022e-05,1.053e-05,7767707241809.0,81337799.4089051,203430
2025-09-11,1.053e-05,1.07e-05,1.035e-05,1.069e-05,7108350712020.0,74873090.73124,168318
2025-09-12,1.069e-05,1.166e-05,1.039e-05,1.153e-05,17172241414769.0,189384502.3869625,369537
2025-09-13,1.153e-05,1.27e-05,1.146e-05,1.191e-05,31242679869502.0,377852878.6780616,634148
2025-09-14,1.191e-05,1.197e-05,1.112e-05,1.154e-05,15178990228409.0,176108554.8487213,407090
2025-09-15,1.155e-05,1.168e-05,1.056e-05,1.078e-05,12405792920558.0,136219696.37339053,394728
2025-09-16,1.078e-05,1.11e-05,1.06e-05,1.107e-05,8201100494842.0,88927515.03027654,218150
2025-09-17,1.108e-05,1.151e-05,1.071e-05,1.141e-05,16671130155849.0,183528299.5658543,382382
2025-09-18,1.142e-05,1.166e-05,1.121e-05,1.145e-05,13024006348952.0,149079727.41077143,286130
2025-09-19,1.144e-05,1.15e-05,1.066e-05,1.076e-05,8763516985545.0,96409668.93665665,223574
2025-09-20,1.075e-05,1.085e-05,1.054e-05,1.072e-05,6248655012490.0,66937089.9265591,132784
2025-09-21,1.072e-05,1.079e-05,1.039e-05,1.041e-05,5451446907983.0,57628393.51210983,129424
2025-09-22,1.041e-05,1.048e-05,9.35e-06,9.66e-06,18737303161879.0,183591171.09985477,372172
2025-09-23,9.66e-06,9.84e-06,9.41e-06,9.57e-06,8327840207519.0,80405773.51740076,186599
2025-09-24,9.56e-06,9.85e-06,9.32e-06,9.64e-06,6312684816539.0,60694679.30595964,160508
2025-09-25,9.64e-06,9.67e-06,8.86e-06,9.07e-06,14302676089628.0,132449363.1783358,334056
2025-09-26,9.07e-06,9.47e-06,9.03e-06,9.37e-06,9406093662147.0,86875554.55725466,197261
2025-09-27,9.37e-06,9.44e-06,9.2e-06,9.23e-06,3388308331976.0,31522391.40815796,79749
2025-09-28,9.24e-06,9.47e-06,9.03e-06,9.43e-06,3785629544008.0,34893564.2791085,103995
2025-09-29,9.43e-06,9.51e-06,9.09e-06,9.39e-06,5708082913201.0,53234511.96792951,154710
2025-09-30,9.39e-06,9.43e-06,8.97e-06,9.31e-06,7044300680399.0,64789125.59370718,171570
2025-10-01,9.32e-06,9.8e-06,9.23e-06,9.77e-06,8642799167633.0,82766869.83343624,173917
2025-10-02,9.78e-06,1.034e-05,9.75e-06,1.021e-05,10754289894367.0,107851560.02670224,241473
2025-10-03,1.021e-05,1.04e-05,9.85e-06,1.011e-05,10150394691103.0,102352142.59483331,272120
2025-10-04,1.011e-05,1.023e-05,9.55e-06,9.76e-06,7740463922631.0,76731288.22640568,209703
2025-10-05,9.76e-06,1.019e-05,9.68e-06,9.8e-06,8623185263951.0,85918576.34692842,237316
2025-10-06,9.8e-06,1.037e-05,9.67e-06,1.02e-05,10258403147006.0,103622220.53762205,284052
2025-10-07,1.02e-05,1.026e-05,9.43e-06,9.46e-06,10598541880650.0,104048211.67334259,313690
2025-10-08,9.47e-06,9.75e-06,9.23e-06,9.56e-06,8510480914185.0,80285508.85239384,247028
2025-10-09,9.57e-06,9.58e-06,9e-06,9.25e-06,6784208864962.0,62451560.98653846,197769
2025-10-10,9.26e-06,9.39e-06,2.79e-06,6.71e-06,43841583461154.0,317348502.0909778,1039352
2025-10-11,6.7e-06,7.38e-06,6.49e-06,6.72e-06,22903012863648.0,158414641.4127282,572583
2025-10-12,6.73e-06,7.73e-06,6.53e-06,7.49e-06,19071216942816.0,135242056.0400599,399760
2025-10-13,7.49e-06,7.98e-06,7.29e-06,7.84e-06,18286251470602.0,139923594.97728527,392287
2025-10-14,7.84e-06,7.91e-06,7.06e-06,7.52e-06,21731793832344.0,160149569.86666167,441406
2025-10-15,7.52e-06,7.66e-06,7.03e-06,7.18e-06,10587422254072.0,77883124.17393295,258632
2025-10-16,7.19e-06,7.32e-06,6.74e-06,6.88e-06,11989299142832.0,84671583.53394406,267346
2025-10-17,6.87e-06,6.96e-06,6.29e-06,6.65e-06,14537077353875.0,95749558.98480079,286816
2025-10-18,6.65e-06,6.85e-06,6.63e-06,6.75e-06,4918996324687.0,33171351.86273719,89473
2025-10-19,6.74e-06,7.14e-06,6.65e-06,6.99e-06,7972367491805.0,55225560.66455382,135463
2025-10-20,7e-06,7.32e-06,6.84e-06,7.15e-06,8490971214207.0,60684124.70253889,172429
2025-10-21,7.15e-06,7.38e-06,6.83e-06,6.92e-06,12063492705565.0,85089792.43698497,237844
2025-10-22,6.91e-06,6.97e-06,6.44e-06,6.71e-06,10201874707237.0,69110386.95465802,211665
2025-10-23,6.72e-06,7.03e-06,6.7e-06,6.95e-06,7318195535780.0,50241085.69650911,112960
2025-10-24,6.94e-06,7.25e-06,6.92e-06,7.18e-06,7994824627718.0,56708860.55203204,134933
2025-10-25,7.17e-06,7.22e-06,7.08e-06,7.15e-06,3633806949267.0,25999238.68162984,68373
2025-10-26,7.16e-06,7.47e-06,7.02e-06,7.32e-06,7292118773198.0,53053317.21624594,119181
2025-10-27,7.33e-06,7.43e-06,7.06e-06,7.13e-06,7306398663323.0,53014413.30673386,140466
2025-10-28,7.13e-06,7.33e-06,6.83e-06,6.99e-06,6709797716554.0,47578969.82521475,174664
2025-10-29,6.99e-06,7.24e-06,6.79e-06,7.03e-06,10969918042107.0,77111050.35499375,212010
2025-10-30,7.03e-06,7.1e-06,6.26e-06,6.44e-06,11824779362292.0,78394283.61608806,241398
2025-10-31,6.45e-06,6.66e-06,6.42e-06,6.57e-06,5555371422126.0,36374982.1238477,116381
2025-11-01,6.56e-06,6.74e-06,6.51e-06,6.69e-06,3385202426448.0,22468229.95792014,78442
2025-11-02,6.69e-06,6.76e-06,6.5e-06,6.7e-06,3419758559162.0,22731763.56665016,79199
2025-11-03,6.71e-06,6.71e-06,5.5e-06,5.72e-06,18634016921426.0,110709396.15669738,268013
2025-11-04,5.72e-06,5.86e-06,5.21e-06,5.6e-06,20901716446591.0,116437744.71757753,348137
2025-11-05,5.6e-06,5.82e-06,5.3e-06,5.76e-06,8562552975862.0,48329139.89290566,162578
2025-11-06,5.76e-06,5.78e-06,5.27e-06,5.54e-06,9468611046030.0,52401135.11380176,148244
2025-11-07,5.54e-06,6.37e-06,5.51e-06,6.2e-06,14844545285607.0,87393517.6825791,228101
2025-11-08,6.19e-06,6.3e-06,5.94e-06,6.09e-06,8075024831364.0,49487258.46402,142199
2025-11-09,6.09e-06,6.18e-06,5.83e-06,6.06e-06,6957360291286.0,41910403.68220449,114007
2025-11-10,6.06e-06,6.32e-06,6.01e-06,6.21e-06,8300786281422.0,51101830.71427281,153754
2025-11-11,6.22e-06,6.35e-06,5.82e-06,5.83e-06,6955332520072.0,42141952.39254708,146816
2025-11-12,5.84e-06,6.1e-06,5.65e-06,5.72e-06,5535370653088.0,32428280.52873043,129184
2025-11-13,5.72e-06,5.99e-06,5.28e-06,5.42e-06,8950535719423.0,50506972.19629499,166347
2025-11-14,5.43e-06,5.46e-06,4.78e-06,4.9e-06,13744512389927.0,71130983.56543723,216656
2025-11-15,4.9e-06,5.15e-06,4.89e-06,4.99e-06,5558922538996.0,27973749.46431379,74358
2025-11-16,4.98e-06,5.05e-06,4.68e-06,4.87e-06,8127351421781.0,39509522.83050494,125220
2025-11-17,4.87e-06,5.06e-06,4.62e-06,4.71e-06,9415923236561.0,45578422.11167769,154062
2025-11-18,4.72e-06,4.95e-06,4.61e-06,4.87e-06,7855443033621.0,37781502.67369498,122781
2025-11-19,4.87e-06,4.9e-06,4.45e-06,4.76e-06,9496965329019.0,44536958.41623922,124308
2025-11-20,4.76e-06,4.97e-06,4.44e-06,4.46e-06,13748854846719.0,64748668.37582377,177488
2025-11-21,4.46e-06,4.56e-06,3.95e-06,4.13e-06,24090480094544.0,101743883.68200734,283357
2025-11-22,4.13e-06,4.2e-06,3.97e-06,4.12e-06,9470979655450.0,38541419.57198999,113113
2025-11-23,4.12e-06,4.25e-06,4.09e-06,4.17e-06,7685104585657.0,32101877.75573945,76968
2025-11-24,4.16e-06,4.66e-06,4.1e-06,4.56e-06,10926158387365.0,47629048.60936989,144168
2025-11-25,4.56e-06,4.65e-06,4.34e-06,4.57e-06,7379255466655.0,33105128.39649924,109534
2025-11-26,4.57e-06,4.76e-06,4.43e-06,4.7e-06,7923361292684.0,36421164.54932433,107160
2025-11-27,4.69e-06,4.85e-06,4.62e-06,4.72e-06,5445202424769.0,25577088.39979202,73181
2025-11-28,4.72e-06,4.9e-06,4.58e-06,4.64e-06,7388015529115.0,34709182.54856118,101552
2025-11-29,4.63e-06,4.66e-06,4.51e-06,4.57e-06,4582825297439.0,20988054.56243881,57762
2025-11-30,4.57e-06,4.71e-06,4.52e-06,4.54e-06,4644567897154.0,21400385.94306043,72539
2025-12-01,4.54e-06,4.56e-06,3.95e-06,4.05e-06,13000664206605.0,54172019.71086357,144631
2025-12-02,4.05e-06,4.64e-06,3.99e-06,4.56e-06,11142060659039.0,47836695.31774656,135250
2025-12-03,4.57e-06,4.87e-06,4.54e-06,4.81e-06,11990900711482.0,56542993.40237726,142860
2025-12-04,4.81e-06,4.94e-06,4.69e-06,4.77e-06,9413182540476.0,45379567.35843396,111142
2025-12-05,4.76e-06,4.83e-06,4.31e-06,4.39e-06,8168163356997.0,37158440.76702884,106558
2025-12-06,4.39e-06,4.57e-06,4.33e-06,4.52e-06,4557869397260.0,20218078.75090021,58121
2025-12-07,4.51e-06,4.61e-06,4.3e-06,4.42e-06,8027259283509.0,35842015.80700088,101741
2025-12-08,4.42e-06,5.04e-06,4.4e-06,4.75e-06,12600167244475.0,60249989.65986571,176907
2025-12-09,4.76e-06,5.07e-06,4.55e-06,4.94e-06,11775026332738.0,56585554.22309653,178242
2025-12-10,4.94e-06,4.97e-06,4.62e-06,4.65e-06,12732745686769.0,60947140.51956207,182057
2025-12-11,4.65e-06,4.7e-06,4.37e-06,4.6e-06,9279261814339.0,41680359.3508403,123644
2025-12-12,4.6e-06,4.65e-06,4.21e-06,4.33e-06,8677108073318.0,38123347.89282254,107889
2025-12-13,4.33e-06,4.44e-06,4.32e-06,4.38e-06,3765281239588.0,16516892.18420738,44114
2025-12-14,4.38e-06,4.41e-06,4.1e-06,4.17e-06,6010856881879.0,25589758.58250854,65912
2025-12-15,4.17e-06,4.38e-06,3.93e-06,4.07e-06,10101607548651.0,41846278.6919917,117137
2025-12-16,4.07e-06,4.16e-06,3.94e-06,4.1e-06,9275195152207.0,37620278.64112124,89374
2025-12-17,4.1e-06,4.26e-06,3.84e-06,3.91e-06,9191469882428.0,37017289.13306149,115108
2025-12-18,3.9e-06,4.01e-06,3.63e-06,3.72e-06,13647210256590.0,52330863.9566425,119642
2025-12-19,3.71e-06,4.18e-06,3.66e-06,4.11e-06,12442390453984.0,49137922.11868851,117733
2025-12-20,4.11e-06,4.15e-06,4.04e-06,4.08e-06,3957861180250.0,16181700.63546639,44007
2025-12-21,4.07e-06,4.12e-06,3.94e-06,4.02e-06,5228467567495.0,21093584.07462979,59964
2025-12-22,4.03e-06,4.15e-06,3.91e-06,4.02e-06,7295491376213.0,29328648.78877567,92079
2025-12-23,4.02e-06,4.06e-06,3.86e-06,3.94e-06,4244046221205.0,16810007.77057688,65983
2025-12-24,3.93e-06,4.01e-06,3.84e-06,3.98e-06,3615828373399.0,14157110.80119547,53616
2025-12-25,3.97e-06,4.06e-06,3.87e-06,3.9e-06,3192201238679.0,12728260.52693414,55260
2025-12-26,3.9e-06,4.1e-06,3.87e-06,4.03e-06,3676407984327.0,14733394.99743814,72413
2025-12-27,4.04e-06,4.22e-06,4.01e-06,4.19e-06,3090608509326.0,12662285.28135104,52775
2025-12-28,4.2e-06,4.27e-06,4.12e-06,4.17e-06,3259552347370.0,13624696.98182085,51410
2025-12-29,4.18e-06,4.33e-06,4.05e-06,4.08e-06,4763289884004.0,19831542.08890188,82746
2025-12-30,4.07e-06,4.22e-06,3.99e-06,4.14e-06,3917322385504.0,16126974.33438759,62882
2025-12-31,4.14e-06,4.17e-06,3.98e-06,4.03e-06,3087179342088.0,12582337.0922609,51188
2026-01-01,4.04e-06,4.98e-06,4.03e-06,4.92e-06,13670199503143.0,62255109.01935289,180541
2026-01-02,4.93e-06,6.16e-06,4.81e-06,6.01e-06,45131928010899.0,247909593.36073017,635812
2026-01-03,6e-06,6.3e-06,5.74e-06,6.1e-06,24212745558353.0,146918010.4529475,368753
2026-01-04,6.1e-06,7.26e-06,6.09e-06,7.18e-06,32100871309470.0,216967478.5287082,660122
2026-01-05,7.17e-06,7.26e-06,6.58e-06,7e-06,23489967596872.0,161839501.14908686,401937
2026-01-06,7.01e-06,7.11e-06,6.35e-06,6.71e-06,19082674353934.0,128612788.67021005,332759
2026-01-07,6.71e-06,7.1e-06,6.46e-06,6.56e-06,17888311008919.0,120032678.98573798,314806
2026-01-08,6.57e-06,6.7e-06,5.99e-06,6.08e-06,15628167002941.0,97755958.02357796,277877
2026-01-09,6.08e-06,6.43e-06,5.94e-06,6.12e-06,13453951881487.0,82610910.71597324,229648
2026-01-10,6.11e-06,6.12e-06,5.87e-06,5.94e-06,5462170707122.0,32645513.73539381,81663
2026-01-11,5.95e-06,6.06e-06,5.69e-06,5.8e-06,6743097040537.0,39853756.30686503,92183
2026-01-12,5.8e-06,6.05e-06,5.71e-06,5.74e-06,10693504392849.0,62658260.69533913,160166
2026-01-13,5.74e-06,6.62e-06,5.7e-06,6.57e-06,16346249555460.0,100083573.2915648,227877
2026-01-14,6.57e-06,6.89e-06,6.16e-06,6.24e-06,22693996052387.0,148762511.70964214,291442
2026-01-15,6.24e-06,6.27e-06,5.86e-06,5.91e-06,12243657001654.0,73694870.7436217,159433
2026-01-16,5.91e-06,6.01e-06,5.73e-06,5.93e-06,8041778204580.0,47272660.54623789,114251
2026-01-17,5.93e-06,5.97e-06,5.75e-06,5.79e-06,3790959339961.0,22224874.61777105,65329
2026-01-18,5.8e-06,5.84e-06,5.45e-06,5.47e-06,6721557100796.0,38243378.4206661,97931
2026-01-19,5.46e-06,5.46e-06,4.87e-06,5.28e-06,13008200221364.0,67709252.33123386,154069
2026-01-20,5.27e-06,5.29e-06,4.97e-06,4.99e-06,9088814952822.0,46516241.11392119,134566
2026-01-21,4.98e-06,5.35e-06,4.83e-06,5.15e-06,12790092126164.0,64574558.5234375,201246
2026-01-22,5.15e-06,5.25e-06,4.85e-06,4.95e-06,7338221766441.0,36930375.64272293,100938
2026-01-23,4.96e-06,5.31e-06,4.86e-06,5.03e-06,7808994594744.0,39636335.09055333,116506
2026-01-24,5.02e-06,5.13e-06,4.93e-06,5.01e-06,3045031273889.0,15304277.37967982,42764
2026-01-25,5.01e-06,5.05e-06,4.61e-06,4.71e-06,8603501250317.0,41694204.98127219,110962
2026-01-26,4.71e-06,5.04e-06,4.7e-06,5.01e-06,6087669366945.0,29912678.91891546,108164
2026-01-27,5e-06,5.26e-06,4.83e-06,5.03e-06,7486069944089.0,37745649.38998232,121274
2026-01-28,5.02e-06,5.11e-06,4.91e-06,4.98e-06,5074263997856.0,25428434.2995747,114824
2026-01-29,4.98e-06,5e-06,4.6e-06,4.73e-06,8331322121853.0,39603483.33160469,129535
2026-01-30,4.73e-06,4.78e-06,4.5e-06,4.64e-06,11815918100081.0,54658794.1045578,168397
2026-01-31,4.63e-06,4.64e-06,3.83e-06,4.15e-06,16569956152851.0,69266682.6315632,197446
2026-02-01,4.14e-06,4.33e-06,4.07e-06,4.15e-06,9965643703020.0,41929856.66062644,150433
2026-02-02,4.16e-06,4.38e-06,3.97e-06,4.24e-06,11418059555190.0,47822920.18563348,175683
2026-02-03,4.24e-06,4.42e-06,4e-06,4.12e-06,12453335998039.0,52483105.12497081,171688
2026-02-04,4.12e-06,4.32e-06,4e-06,4.2e-06,12986768507323.0,54153508.67929628,192538
2026-02-05,4.21e-06,4.22e-06,3.4e-06,3.43e-06,25092001624518.0,95003686.6903817,325538
2026-02-06,3.42e-06,4e-06,3.1e-06,3.92e-06,24775724201974.0,88954980.69904739,261213
2026-02-07,3.91e-06,3.95e-06,3.73e-06,3.87e-06,14638607508805.0,56411026.4632973,153251
2026-02-08,3.86e-06,3.92e-06,3.71e-06,3.78e-06,6654056603308.0,25393711.91347216,84970
2026-02-09,3.78e-06,3.86e-06,3.62e-06,3.81e-06,8035589831795.0,30202606.75754651,102330
2026-02-10,3.82e-06,3.85e-06,3.59e-06,3.64e-06,6548527304729.0,24120489.19104258,89318
2026-02-11,3.64e-06,3.74e-06,3.46e-06,3.57e-06,8402850872145.0,30082412.49918758,114840
2026-02-12,3.57e-06,3.77e-06,3.56e-06,3.71e-06,7345946402814.0,27022356.97937936,116216
2026-02-13,3.72e-06,3.85e-06,3.63e-06,3.78e-06,6793974903120.0,25410834.36997879,86597
2026-02-14,3.78e-06,5.01e-06,3.76e-06,4.83e-06,22456280919579.0,98653330.37626602,314728
2026-02-15,4.83e-06,5.09e-06,4.34e-06,4.42e-06,22997497623626.0,108350944.17022765,407349
2026-02-16,4.41e-06,4.58e-06,4.36e-06,4.47e-06,13889542085152.0,62031038.55356829,203954
2026-02-17,4.48e-06,4.52e-06,4.29e-06,4.39e-06,8518130904310.0,37596152.86690005,119813
2026-02-18,4.4e-06,4.44e-06,4.18e-06,4.24e-06,8107009380364.0,35078250.91545555,102693
2026-02-19,4.23e-06,4.28e-06,4.12e-06,4.23e-06,5403078480082.0,22720938.92092201,81833
2026-02-20,4.23e-06,4.39e-06,4.06e-06,4.26e-06,9894351728476.0,41824617.42332099,118282
2026-02-21,4.25e-06,4.42e-06,4.12e-06,4.16e-06,6774578798557.0,28823608.90935827,93240
2026-02-22,4.16e-06,4.16e-06,3.98e-06,4.06e-06,5152879156266.0,21007176.7205347,56500
2026-02-23,4.06e-06,4.22e-06,3.85e-06,3.97e-06,11101919686806.0,44538226.28976963,113545
2026-02-24,3.97e-06,4.02e-06,3.84e-06,3.95e-06,8072693241695.0,31714325.02257685,82246
2026-02-25,3.95e-06,4.45e-06,3.89e-06,4.14e-06,18385925591522.0,76495441.53651647,186506
2026-02-26,4.13e-06,4.18e-06,3.77e-06,3.83e-06,16703271915050.0,65951092.27483115,127929
2026-02-27,3.83e-06,3.92e-06,3.59e-06,3.69e-06,10934439571310.0,41131629.42736286,98605
2026-02-28,3.69e-06,3.7e-06,3.42e-06,3.65e-06,12097759069508.0,42914897.65202998,111964
2026-03-01,3.66e-06,3.79e-06,3.36e-06,3.45e-06,12600287873840.0,44807493.35711165,113226
2026-03-02,3.45e-06,3.7e-06,3.37e-06,3.52e-06,12833462445096.0,45412468.83915639,125066
2026-03-03,3.52e-06,3.55e-06,3.34e-06,3.45e-06,11711250781677.0,40392308.1679203,104484
2026-03-04,3.46e-06,3.79e-06,3.39e-06,3.65e-06,16943012229144.0,61299872.36631217,161000
2026-03-05,3.65e-06,3.66e-06,3.41e-06,3.47e-06,11378096242917.0,40240286.95465366,112049
2026-03-06,3.48e-06,3.53e-06,3.3e-06,3.39e-06,9956624736417.0,33985309.19096076,98450
2026-03-07,3.39e-06,3.43e-06,3.2e-06,3.24e-06,5664666144563.0,18681722.94490865,64156
2026-03-08,3.25e-06,3.3e-06,3.12e-06,3.19e-06,7092833585818.0,22733094.95170359,74946
2026-03-09,3.19e-06,3.39e-06,3.18e-06,3.27e-06,8778581529755.0,28813751.5139899,97025
2026-03-10,3.26e-06,3.53e-06,3.26e-06,3.29e-06,12604780185868.0,42535003.22340201,141788
2026-03-11,3.29e-06,3.4e-06,3.24e-06,3.33e-06,7580706640504.0,25182420.20374193,88711
2026-03-12,3.33e-06,3.4e-06,3.25e-06,3.36e-06,9679466721742.0,32101264.80021093,94662
2026-03-13,3.35e-06,3.68e-06,3.34e-06,3.38e-06,18086276422988.0,63204429.77643846,159971
2026-03-14,3.37e-06,3.44e-06,3.3e-06,3.36e-06,6288977595131.0,21109138.48569604,57645
2026-03-15,3.36e-06,3.47e-06,3.31e-06,3.45e-06,7288656892609.0,24618298.16617959,65905
2026-03-16,3.46e-06,4.14e-06,3.45e-06,4.01e-06,31383726169536.0,122328782.11578426,413075
2026-03-17,4e-06,4.03e-06,3.62e-06,3.66e-06,17744208683019.0,67208200.55685776,194407
2026-03-18,3.66e-06,3.8e-06,3.43e-06,3.52e-06,14285201490706.0,51154265.29514914,131010
2026-03-19,3.53e-06,3.57e-06,3.33e-06,3.42e-06,9431080779551.0,32290083.25360338,78284
2026-03-20,3.42e-06,3.49e-06,3.36e-06,3.41e-06,6407215135838.0,21968194.90554448,55843
2026-03-21,3.41e-06,3.46e-06,3.28e-06,3.32e-06,5192034562914.0,17655847.85032619,41482
2026-03-22,3.32e-06,3.38e-06,3.22e-06,3.28e-06,7810599616239.0,25782119.76613353,70268
2026-03-23,3.27e-06,3.58e-06,3.24e-06,3.46e-06,13409329410482.0,45890124.43953577,119873
2026-03-24,3.45e-06,3.54e-06,3.37e-06,3.53e-06,8024759796747.0,27580501.119115,68591
2026-03-25,3.53e-06,3.62e-06,3.49e-06,3.55e-06,9193095841507.0,32659338.1725192,77245
2026-03-26,3.55e-06,3.55e-06,3.36e-06,3.41e-06,6604847376176.0,22648297.45266417,54265
2026-03-27,3.41e-06,3.44e-06,3.25e-06,3.28e-06,7948251811288.0,26305756.76787548,63704
2026-03-28,3.28e-06,3.41e-06,3.25e-06,3.29e-06,5339336381045.0,17732470.05096608,40687
2026-03-29,3.28e-06,3.33e-06,3.17e-06,3.28e-06,5542602405865.0,18117272.82750035,49791
2026-03-30,3.27e-06,3.42e-06,3.27e-06,3.32e-06,6929428469898.0,23233705.40339156,64565
2026-03-31,3.32e-06,3.44e-06,3.27e-06,3.41e-06,8021589999565.0,26971761.79908163,72586
2026-04-01,3.41e-06,3.53e-06,3.36e-06,3.4e-06,8014163869351.0,27588455.22897657,83567
2026-04-02,3.41e-06,3.45e-06,3.26e-06,3.34e-06,7755951660845.0,25780885.63137434,82446
2026-04-03,3.34e-06,3.52e-06,3.31e-06,3.42e-06,8175261505689.0,28135749.16772298,77305
2026-04-04,3.42e-06,3.46e-06,3.34e-06,3.4e-06,4430133310842.0,15008887.09091292,43078
2026-04-05,3.4e-06,3.5e-06,3.29e-06,3.49e-06,6344787571217.0,21275808.32539204,57824
2026-04-06,3.49e-06,3.64e-06,3.3e-06,3.32e-06,13906013446583.0,48653469.06530096,137304
2026-04-07,3.32e-06,3.78e-06,3.31e-06,3.71e-06,14467987596651.0,50742607.09606049,135360
2026-04-08,3.71e-06,3.78e-06,3.52e-06,3.54e-06,11674222024675.0,42541059.335172,109310
2026-04-09,3.55e-06,3.68e-06,3.43e-06,3.51e-06,9601764526757.0,33781862.78592977,101130
2026-04-10,3.52e-06,3.7e-06,3.46e-06,3.63e-06,9358669276094.0,33411438.92415258,99353
2026-04-11,3.62e-06,3.85e-06,3.53e-06,3.64e-06,8472752593541.0,30994952.75314847,94256
2026-04-12,3.63e-06,3.66e-06,3.44e-06,3.47e-06,8098238752807.0,28409875.96137385,77746
2026-04-13,3.47e-06,3.77e-06,3.45e-06,3.75e-06,10403854098080.0,37258477.10984945,108819
2026-04-14,3.75e-06,3.8e-06,3.55e-06,3.56e-06,14298700205158.0,52720446.99653371,152199
2026-04-15,3.57e-06,3.8e-06,3.52e-06,3.72e-06,11215304547471.0,41008872.20141962,111500
2026-04-16,3.73e-06,4.06e-06,3.69e-06,3.98e-06,28973575704857.0,112666280.48515262,288672
2026-04-17,3.98e-06,4.12e-06,3.82e-06,3.95e-06,20493702230797.0,81827303.27774256,195717
2026-04-18,3.96e-06,3.99e-06,3.75e-06,3.77e-06,10503014646818.0,40567480.65404441,86685
2026-04-19,3.78e-06,3.85e-06,3.62e-06,3.65e-06,10437635540822.0,39061053.44267257,101659
2026-04-20,3.66e-06,3.85e-06,3.64e-06,3.76e-06,8307810221879.0,31212103.41131198,87150
2026-04-21,3.76e-06,3.84e-06,3.7e-06,3.81e-06,8935721140876.0,33713802.38791593,77124
2026-04-22,3.82e-06,3.99e-06,3.78e-06,3.79e-06,11484877720452.0,44736702.43741238,100779
2026-04-23,3.8e-06,3.85e-06,3.7e-06,3.82e-06,9685101326279.0,36598440.32542739,90633
2026-04-24,3.83e-06,3.93e-06,3.79e-06,3.87e-06,8037668998119.0,30981171.9721328,76942
2026-04-25,3.87e-06,3.9e-06,3.78e-06,3.85e-06,4775395887657.0,18378199.45686475,45562
2026-04-26,3.85e-06,3.95e-06,3.81e-06,3.9e-06,7084807837111.0,27578748.84551897,58512
2026-04-27,3.9e-06,4.03e-06,3.76e-06,3.91e-06,11227756759468.0,43425929.83681408,104056
2026-04-28,3.91e-06,3.91e-06,3.81e-06,3.88e-06,7203120818601.0,27836627.44106593,69958
2026-04-29,3.87e-06,4.17e-06,3.74e-06,3.85e-06,19411017139623.0,76597469.0133113,165513
2026-04-30,3.86e-06,3.95e-06,3.8e-06,3.88e-06,9407855798492.0,36549995.96564488,94016
2026-05-01,3.88e-06,4.03e-06,3.87e-06,3.94e-06,8314878812841.0,32909341.55711303,74210
2026-05-02,3.94e-06,4.01e-06,3.89e-06,3.99e-06,4588662636718.0,18158413.00789546,44470
2026-05-03,3.99e-06,4e-06,3.91e-06,3.94e-06,5265246843298.0,20813044.44626395,48806
2026-05-04,3.94e-06,4.13e-06,3.9e-06,3.99e-06,14337601184316.0,57640835.20857236,122748
2026-05-05,3.99e-06,4.23e-06,3.98e-06,4.11e-06,13956747293300.0,57256234.61908988,104291
2026-05-06,4.11e-06,4.28e-06,4.08e-06,4.16e-06,13381342828840.0,56098301.19805571,113106
2026-05-07,4.16e-06,4.28e-06,4.07e-06,4.15e-06,10473727582698.0,43644842.66256952,111553
2026-05-08,4.16e-06,4.37e-06,4.08e-06,4.32e-06,10918809391786.0,46134775.04000942,101770
2026-05-09,4.32e-06,4.37e-06,4.23e-06,4.25e-06,5604563071912.0,24101836.80043731,50670
2026-05-10,4.25e-06,4.59e-06,4.19e-06,4.41e-06,14232005739932.0,62259132.05785482,128249
2026-05-11,4.42e-06,4.43e-06,4.26e-06,4.35e-06,10494980121428.0,45463857.29085995,98639
2026-05-12,4.35e-06,4.36e-06,4.06e-06,4.14e-06,9024610084538.0,37843555.17613903,89825
2026-05-13,4.15e-06,4.27e-06,3.98e-06,4.05e-06,7054938310248.0,29094036.05611537,79419
2026-05-14,4.06e-06,4.22e-06,3.99e-06,4.1e-06,8846472425251.0,36245641.08973352,88327
2026-05-15,4.1e-06,4.13e-06,3.82e-06,3.91e-06,9074084426136.0,36070266.77950516,96059
2026-05-16,3.9e-06,3.92e-06,3.69e-06,3.76e-06,5050561128057.0,19109699.38319737,63773
2026-05-17,3.77e-06,3.81e-06,3.54e-06,3.68e-06,6403751788790.0,23742687.22346669,67970
2026-05-18,3.67e-06,3.72e-06,3.59e-06,3.7e-06,6689946270507.0,24423237.38957735,74296
2026-05-19,3.7e-06,3.74e-06,3.62e-06,3.65e-06,3381230279675.0,12407633.01859583,44648
2026-05-20,3.65e-06,3.76e-06,3.62e-06,3.72e-06,3639880031400.0,13450752.19000325,44951
2026-05-21,3.72e-06,3.84e-06,3.7e-06,3.81e-06,4792649298105.0,18068537.59884879,63671
2026-05-22,3.81e-06,3.83e-06,3.57e-06,3.61e-06,5007720854479.0,18716467.75805842,66808
2026-05-23,3.6e-06,3.76e-06,3.44e-06,3.65e-06,7346128337186.0,26244407.57427888,78915
2026-05-24,3.65e-06,3.66e-06,3.51e-06,3.58e-06,3448488884382.0,12392423.95210837,44609
2026-05-25,3.58e-06,3.66e-06,3.54e-06,3.6e-06,3161566123042.0,11403621.35653403,35576
2026-05-26,3.6e-06,3.65e-06,3.49e-06,3.52e-06,5668537011280.0,20173195.64297111,56609
2026-05-27,3.52e-06,3.6e-06,3.41e-06,3.48e-06,6574059165535.0,23103874.16217485,59635
2026-05-28,3.48e-06,3.49e-06,3.28e-06,3.39e-06,6426984446405.0,21656792.18123242,70608
2026-05-29,3.39e-06,3.46e-06,3.31e-06,3.39e-06,4361423044048.0,14788459.47730902,53687
2026-05-30,3.39e-06,3.46e-06,3.37e-06,3.41e-06,2635030819392.0,9020708.25625428,30259
2026-05-31,3.41e-06,3.48e-06,3.34e-06,3.43e-06,4052741829625.0,13815237.72127933,41815
2026-06-01,3.43e-06,3.45e-06,3.31e-06,3.42e-06,6048977321844.0,20442950.27545995,68234
2026-06-02,3.42e-06,3.42e-06,3.04e-06,3.12e-06,9020249900648.0,29177171.25849376,108550
2026-06-03,3.12e-06,3.25e-06,3.04e-06,3.12e-06,7235478520673.0,22870242.07720025,84395
2026-06-04,3.13e-06,3.15e-06,2.85e-06,2.96e-06,11453051700299.0,34239318.14639354,120858
2026-06-05,2.95e-06,2.97e-06,2.6e-06,2.7e-06,15358229319400.0,42453557.23873334,158754
2026-06-06,2.7e-06,2.75e-06,2.51e-06,2.69e-06,10960661711875.0,29029340.95095806,85876
2026-06-07,2.68e-06,2.89e-06,2.67e-06,2.81e-06,9470368561633.0,26135395.9595665,63994
2026-06-08,2.82e-06,2.87e-06,2.74e-06,2.81e-06,6648628355502.0,18712004.60631644,49126
2026-06-09,2.81e-06,2.85e-06,2.69e-06,2.77e-06,7163838164478.0,19893251.77937653,50065
2026-06-10,2.77e-06,2.81e-06,2.64e-06,2.7e-06,7553304159488.0,20590125.13616929,58916
2026-06-11,2.7e-06,2.84e-06,2.69e-06,2.79e-06,7240001822540.0,20069288.22446729,52125
2026-06-12,2.79e-06,2.88e-06,2.75e-06,2.81e-06,9826399019729.0,27690681.26922861,56916
2026-06-13,2.81e-06,2.89e-06,2.78e-06,2.86e-06,6831521163061.0,19411726.30802725,39608
2026-06-14,2.85e-06,2.93e-06,2.76e-06,2.92e-06,6284458256798.0,17813182.9747053,41959
2026-06-15,2.92e-06,3.14e-06,2.87e-06,2.94e-06,7645075145743.0,22808566.49142585,68618
2026-06-16,2.94e-06,3.02e-06,2.89e-06,2.95e-06,5455389103149.0,16105887.49278313,48930
2026-06-17,2.95e-06,3.04e-06,2.88e-06,2.95e-06,6459679126945.0,19093524.67260532,64838
2026-06-18,2.95e-06,2.97e-06,2.77e-06,2.84e-06,4924666637084.0,14096334.40204279,50391
2026-06-19,2.85e-06,2.87e-06,2.77e-06,2.82e-06,2858531537062.0,8038678.1973044,31821
2026-06-20,2.83e-06,2.87e-06,2.79e-06,2.83e-06,2878445013814.0,8153518.66034725,27785
2026-06-21,2.84e-06,2.86e-06,2.78e-06,2.78e-06,2721134710134.0,7680417.9196285,26213
2026-06-22,2.79e-06,2.92e-06,2.79e-06,2.81e-06,4772219771231.0,13578201.34720832,38912
2026-06-23,2.81e-06,2.83e-06,2.66e-06,2.7e-06,5011379050415.0,13666191.698475,43287
2026-06-24,2.69e-06,2.72e-06,2.42e-06,2.53e-06,8843837345372.0,22564031.54369179,69136
2026-06-25,2.54e-06,2.57e-06,2.3e-06,2.36e-06,10397882773300.0,24872533.49346617,66943
2026-06-26,2.36e-06,2.42e-06,2.27e-06,2.39e-06,7532947035137.0,17688171.5277569,51689
2026-06-27,2.39e-06,2.46e-06,2.35e-06,2.38e-06,3845421594341.0,9273051.97518771,26569
2026-06-28,2.38e-06,2.42e-06,2.31e-06,2.36e-06,4014761130826.0,9537850.08839051,31152
2026-06-29,2.35e-06,2.42e-06,2.31e-06,2.36e-06,6287628338395.0,14831167.31063659,43858
2026-06-30,2.35e-06,2.37e-06,2.29e-06,2.33e-06,5019364201394.0,11705050.36875753,35198
2026-07-01,2.32e-06,2.4e-06,2.23e-06,2.33e-06,7874974351880.0,18178278.63759936,48727
2026-07-02,2.33e-06,2.5e-06,2.3e-06,2.45e-06,7322897521664.0,17652300.42499838,44579
2026-07-03,2.45e-06,2.84e-06,2.43e-06,2.78e-06,8267088832625.0,21568323.32143853,65307
2026-07-04,2.77e-06,2.87e-06,2.67e-06,2.73e-06,9390301798436.0,25889004.77600358,71464
2026-07-05,2.74e-06,2.81e-06,2.63e-06,2.75e-06,4881566864619.0,13223164.87046706,34708
2026-07-06,2.75e-06,2.8e-06,2.61e-06,2.73e-06,7836373922238.0,21190227.96982887,55394
2026-07-07,2.73e-06,2.76e-06,2.64e-06,2.66e-06,6240235642807.0,16815026.9860189,46300
2026-07-08,2.67e-06,2.69e-06,2.55e-06,2.61e-06,5426803541451.0,14087949.31470226,48204
2026-07-09,2.6e-06,2.65e-06,2.56e-06,2.61e-06,3542594239642.0,9247652.99430956,28594
2026-07-10,2.61e-06,2.88e-06,2.59e-06,2.79e-06,9108118073765.0,25004591.67722892,70428
2026-07-11,2.79e-06,2.84e-06,2.7e-06,2.71e-06,3942663365243.0,10973609.16002654,36471
2026-07-12,2.71e-06,2.83e-06,2.67e-06,2.77e-06,3763575093705.0,10345391.2503288,34910
2026-07-13,2.77e-06,2.82e-06,2.64e-06,2.73e-06,5692874951437.0,15574110.48239292,43794
2026-07-14,2.73e-06,2.91e-06,2.7e-06,2.81e-06,6304593067763.0,17679702.4611497,51688
2026-07-15,2.81e-06,2.95e-06,2.75e-06,2.79e-06,8675743485540.0,24590474.09210393,65920
2026-07-16,2.79e-06,2.81e-06,2.69e-06,2.72e-06,5108542719173.0,14004766.50001173,37118
2026-07-17,2.73e-06,2.78e-06,2.66e-06,2.74e-06,5891726295710.0,16051899.40655917,47003
2026-07-18,2.75e-06,2.78e-06,2.7e-06,2.75e-06,2919804863289.0,8011367.20906047,32347
2026-07-19,2.75e-06,2.88e-06,2.74e-06,2.84e-06,6055481723953.0,17105406.16220113,51601
2026-07-20,2.84e-06,2.95e-06,2.79e-06,2.92e-06,10589643248308.0,30514005.79525801,72613
2026-07-21,2.92e-06,2.98e-06,2.85e-06,2.88e-06,5601907807934.0,16353286.86699084,45829
2026-07-22,2.87e-06,2.93e-06,2.82e-06,2.89e-06,4721729818224.0,13519610.41178079,41180
2026-07-23,2.89e-06,2.91e-06,2.76e-06,2.79e-06,3743249725251.0,10549006.4170439,36077
2026-07-24,2.79e-06,2.82e-06,2.68e-06,2.72e-06,3573862861842.0,9836257.80210787,34901
2026-07-25,2.71e-06,2.82e-06,2.65e-06,2.74e-06,3926364298836.0,10774594.86415244,37577
2026-07-26,2.75e-06,3.05e-06,2.73e-06,2.98e-06,12315888177908.0,36217022.1967404,107382
2026-07-27,2.98e-06,3.1e-06,2.81e-06,2.83e-06,8882382805344.0,26284646.89040048,95199
2026-07-28,2.83e-06,2.85e-06,2.76e-06,2.8e-06,5082064788545.0,14254304.89099232,55433
2026-07-29,2.81e-06,2.83e-06,2.66e-06,2.72e-06,5506507038541.0,15099208.76059557,52360
2026-07-30,2.73e-06,2.8e-06,2.7e-06,2.76e-06,3962381267422.0,10946067.23139184,30088
2026-07-31,2.77e-06,2.83e-06,2.71e-06,2.75e-06,4323022963545.0,11900681.46264224,37127
2026-08-01,2.76e-06,2.82e-06,2.72e-06,2.77e-06,3551622901347.0,9850887.48387523,32456
2026-08-02,2.78e-06,2.97e-06,2.77e-06,2.91e-06,5600795000085.0,16206859.78565916,53309
2026-08-03,2.9e-06,2.96e-06,2.82e-06,2.91e-06,4149135167968.0,11989668.29752568,40104
2026-08-04,2.9e-06,2.99e-06,2.86e-06,2.88e-06,3018508697127.0,8804535.92874668,32003
2026-08-05,2.88e-06,2.9e-06,2.83e-06,2.88e-06,3984453170479.0,11420108.4172283,35498
2026-08-06,2.87e-06,2.9e-06,2.77e-06,2.81e-06,2891732310952.0,8168125.71630225,30549
2026-08-07,2.8e-06,2.88e-06,2.78e-06,2.81e-06,2765850933156.0,7800752.75455708,29620
2026-08-08,2.82e-06,2.9e-06,2.8e-06,2.85e-06,2178191032007.0,6236164.09650229,22561
2026-08-09,2.86e-06,2.96e-06,2.84e-06,2.88e-06,3194607030677.0,9247003.15524034,31108
2026-08-10,2.88e-06,2.94e-06,2.84e-06,2.87e-06,3452409929317.0,9962621.50594815,35310
2026-08-11,2.87e-06,2.9e-06,2.77e-06,2.84e-06,3328190354221.0,9443194.81754239,32373
2026-08-12,2.84e-06,2.87e-06,2.62e-06,2.68e-06,3920190525648.0,10907678.58354602,36329
2026-08-13,2.68e-06,2.74e-06,2.63e-06,2.69e-06,2983132765968.0,8016532.10482366,27310
2026-08-14,2.69e-06,2.72e-06,2.61e-06,2.67e-06,2127564580899.0,5653504.70519173,21508
2026-08-15,2.67e-06,2.68e-06,2.61e-06,2.62e-06,1226313469240.0,3249553.07215584,11537
2026-08-16,2.63e-06,2.63e-06,2.53e-06,2.57e-06,1989890537296.0,5162013.84289549,18192
2026-08-17,2.58e-06,2.63e-06,2.55e-06,2.59e-06,3205350464207.0,8304717.07240546,21551
2026-08-18,2.59e-06,2.62e-06,2.53e-06,2.58e-06,2408683779850.0,6204802.72945938,20229
2026-08-19,2.59e-06,2.93e-06,2.56e-06,2.87e-06,9711211245596.0,26752968.33122345,69212
2026-08-20,2.88e-06,3.27e-06,2.87e-06,3.21e-06,20022183741750.0,61895906.44168635,161771
2026-08-21,3.21e-06,4.23e-06,3.17e-06,4.12e-06,28947773530632.0,106772300.94385295,374020
2026-08-22,4.12e-06,4.56e-06,3.63e-06,4.06e-06,32379225394653.0,132933798.81892303,468803
2026-08-23,4.07e-06,4.27e-06,3.83e-06,4.1e-06,16298098294485.0,66065920.53352139,179819
2026-08-24,4.1e-06,4.22e-06,3.94e-06,4.05e-06,14527230121034.0,59086442.87614915,174472
2026-08-25,4.04e-06,4.31e-06,3.75e-06,3.82e-06,17280303617104.0,69884736.3403048,158374
2026-08-26,3.82e-06,3.88e-06,3.65e-06,3.85e-06,8059930686943.0,30390249.45212506,75308
2026-08-27,3.86e-06,4.02e-06,3.76e-06,3.9e-06,11242109323867.0,43992889.28943396,106750
2026-08-28,3.9e-06,3.97e-06,3.61e-06,3.7e-06,9500265351441.0,35832358.44168862,89767
2026-08-29,3.7e-06,3.71e-06,3.59e-06,3.65e-06,3350795907562.0,12212961.99924552,32099
2026-08-30,3.66e-06,3.82e-06,3.36e-06,3.4e-06,7309254861801.0,26506751.91875339,81918
2026-08-31,3.41e-06,3.63e-06,3.39e-06,3.55e-06,7588815542350.0,26746771.51260318,69342
2026-09-01,3.56e-06,3.6e-06,3.43e-06,3.47e-06,6444413307062.0,22562731.41661397,64108
2026-09-02,3.48e-06,3.51e-06,3.36e-06,3.43e-06,4637771723240.0,15856224.93185247,45698
2026-09-03,3.43e-06,3.88e-06,3.39e-06,3.71e-06,12612006367674.0,46323784.71900518,115155
2026-09-04,3.72e-06,3.72e-06,3.48e-06,3.53e-06,9327808987502.0,33497074.84569485,85667
2026-09-05,3.53e-06,3.71e-06,3.44e-06,3.61e-06,8163406096014.0,29041226.13316631,66790
2026-09-06,3.61e-06,3.69e-06,3.53e-06,3.65e-06,5518728869883.0,19969419.16912803,50031
2026-09-07,3.66e-06,3.71e-06,3.53e-06,3.63e-06,6270337663690.0,22686927.04397008,59613
2026-09-08,3.63e-06,3.7e-06,3.55e-06,3.66e-06,6694998793374.0,24298750.29328968,70945
2026-09-09,3.66e-06,3.77e-06,3.4e-06,3.48e-06,8708116811159.0,31561213.01684148,99835
2026-09-10,3.48e-06,3.49e-06,3.22e-06,3.24e-06,8600358874860.0,28879750.07501761,79373
2026-09-11,3.24e-06,3.57e-06,3.2e-06,3.31e-06,10093667310875.0,33852765.18426513,98052
2026-09-12,3.31e-06,3.44e-06,3.29e-06,3.42e-06,3303776649922.0,11153339.40389989,36707
2026-09-13,3.43e-06,3.49e-06,3.33e-06,3.37e-06,4341985570537.0,14814610.58430493,60935
2026-09-14,3.37e-06,3.59e-06,3.34e-06,3.46e-06,6787756608746.0,23551550.32271106,80856
2026-09-15,3.45e-06,3.5e-06,3.27e-06,3.38e-06,8317652225257.0,28256332.56463498,91689
2026-09-16,3.39e-06,3.42e-06,3.29e-06,3.41e-06,5545223111313.0,18613650.12686855,69368
2026-09-17,3.4e-06,3.69e-06,3.38e-06,3.61e-06,6748091576593.0,23907945.17578254,75836
2026-09-18,3.6e-06,3.89e-06,3.59e-06,3.82e-06,9722436840593.0,36618272.18624328,94613
2026-09-19,3.81e-06,4.33e-06,3.71e-06,4.11e-06,14831550810020.0,59863636.53647386,191392
2026-09-20,4.12e-06,4.14e-06,3.87e-06,4e-06,8424759941715.0,33592434.08297687,112880
2026-09-21,3.99e-06,5.15e-06,3.98e-06,4.77e-06,29233792857055.0,135423566.57325745,535353
2026-09-22,4.77e-06,5.36e-06,4.76e-06,4.99e-06,24626498443199.0,123825241.03097545,374793
2026-09-23,4.98e-06,5.07e-06,4.3e-06,4.34e-06,18298319545792.0,85551330.02034888,218022
2026-09-24,4.33e-06,4.54e-06,4.21e-06,4.43e-06,11543206275509.0,50701723.87102505,152800
2026-09-25,4.43e-06,4.62e-06,4.36e-06,4.49e-06,9389264695788.0,42050527.63656829,110427
2026-09-26,4.48e-06,4.53e-06,4.26e-06,4.37e-06,5347148023528.0,23566775.67035119,75218
2026-09-27,4.37e-06,4.47e-06,4.3e-06,4.36e-06,5280421569056.0,23148639.9622677,69375
2026-09-28,4.36e-06,4.42e-06,4.1e-06,4.21e-06,9459657144390.0,39878458.28349142,116165
2026-09-29,4.22e-06,4.39e-06,4.06e-06,4.26e-06,7331375103352.0,31210276.95431895,89893
2026-09-30,4.26e-06,4.52e-06,4.23e-06,4.28e-06,9676496355836.0,42132381.67599123,133466
2026-10-01,4.28e-06,4.48e-06,4.26e-06,4.43e-06,6902663975245.0,30224003.06822363,94547
2026-10-02,4.44e-06,4.75e-06,4.07e-06,4.25e-06,11975446294075.0,52840076.97040139,166544
2026-10-03,4.25e-06,4.34e-06,4.22e-06,4.31e-06,2726033258265.0,11662217.99186094,30098
2026-10-04,4.31e-06,4.32e-06,4.27e-06,4.27e-06,327742857092.0,1407875.98644659,2571
