date,open,high,low,close,volume,quote_volume,trades
2021-05-10,1.412e-05,5e-05,1.412e-05,3.466e-05,95302311917668.0,3030141753.8025646,4577629
2021-05-11,3.468e-05,3.799e-05,2.78e-05,3.042e-05,64512785938482.0,2123216855.205212,3958630
2021-05-12,3.04e-05,3.15e-05,1.752e-05,1.821e-05,86909144958765.0,2129644950.1198654,3886777
2021-05-13,1.817e-05,2.357e-05,1.53e-05,2.102e-05,91254881005748.0,1761045968.3199627,3050941
2021-05-14,2.103e-05,2.224e-05,1.816e-05,1.84e-05,40927854276575.0,822569815.5478904,1709467
2021-05-15,1.841e-05,1.897e-05,1.501e-05,1.553e-05,43727275531961.0,740472826.560479,1602319
2021-05-16,1.552e-05,1.962e-05,1.237e-05,1.784e-05,61634752660696.0,960036000.9081264,1843872
2021-05-17,1.783e-05,1.808e-05,1.408e-05,1.651e-05,60156822115985.0,969820585.5501939,1801208
2021-05-18,1.65e-05,1.8e-05,1.517e-05,1.56e-05,27976612440989.0,460041392.8274825,935905
2021-05-19,1.562e-05,1.58e-05,6.3e-06,9.07e-06,90539301007324.0,1020855304.8221889,2076308
2021-05-20,9.07e-06,1.219e-05,8e-06,9.64e-06,67205967066890.0,681165643.4754308,1384667
2021-05-21,9.64e-06,1.035e-05,6.55e-06,8.2e-06,54603903901459.0,456228641.8727471,1116947
2021-05-22,8.21e-06,9.83e-06,6.72e-06,8.42e-06,46318180421814.0,367262301.1574324,839244
2021-05-23,8.42e-06,9.65e-06,6.94e-06,8.09e-06,60549130370846.0,487458707.93602383,1033407
2021-05-24,8.08e-06,1.208e-05,7.73e-06,1.065e-05,66920838464554.0,653153711.8460131,1343914
2021-05-25,1.065e-05,1.115e-05,8.76e-06,9.39e-06,43096086882356.0,415471580.6164778,944665
2021-05-26,9.38e-06,1.05e-05,9.14e-06,9.49e-06,29880109514903.0,289774724.88106096,736805
2021-05-27,9.49e-06,9.5e-06,8.5e-06,8.79e-06,21377807919679.0,190827656.63134703,513819
2021-05-28,8.79e-06,8.85e-06,7.5e-06,7.9e-06,22969674539465.0,184509672.21070743,525209
2021-05-29,7.91e-06,8.21e-06,7.3e-06,7.89e-06,15473428469390.0,119787221.63179575,362567
2021-05-30,7.9e-06,8.13e-06,7.52e-06,7.86e-06,12847617230998.0,100723011.5642526,293499
2021-05-31,7.85e-06,9.98e-06,7.69e-06,9.28e-06,29008796041217.0,253567390.100778,594812
2021-06-01,9.28e-06,9.43e-06,8.28e-06,8.82e-06,23622771954244.0,208492653.49231127,529195
2021-06-02,8.83e-06,1.049e-05,8.57e-06,9.44e-06,37410145146900.0,356096789.01128745,808558
2021-06-03,9.43e-06,1.04e-05,9.29e-06,9.82e-06,25310047082545.0,248635927.1191423,599785
2021-06-04,9.81e-06,9.84e-06,8.28e-06,8.79e-06,27586732208422.0,243808532.7373267,586748
2021-06-05,8.8e-06,9.12e-06,8.1e-06,8.42e-06,15138731370984.0,130726634.69401899,349263
2021-06-06,8.42e-06,8.63e-06,8.33e-06,8.53e-06,8718852058711.0,73794499.08852462,218646
2021-06-07,8.52e-06,8.72e-06,7.5e-06,7.74e-06,14317490957225.0,117446572.56656782,358605
2021-06-08,7.74e-06,7.87e-06,6.3e-06,7.15e-06,32407835420356.0,231715942.816004,593214
2021-06-09,7.16e-06,7.6e-06,6.83e-06,7.38e-06,21333278224709.0,154023170.41850433,395131
2021-06-10,7.39e-06,7.43e-06,6.78e-06,6.84e-06,15982745660312.0,112975025.97586842,328641
2021-06-11,6.84e-06,6.9e-06,6.01e-06,6.21e-06,16654567843743.0,110033378.68311614,317215
2021-06-12,6.21e-06,6.55e-06,5.51e-06,6.28e-06,28186259522494.0,169016554.58311996,408179
2021-06-13,6.27e-06,7.15e-06,6.05e-06,6.85e-06,20763576566343.0,135365251.92752805,335795
2021-06-14,6.84e-06,7.21e-06,6.67e-06,7.09e-06,17240978312423.0,119590071.7288144,329979
2021-06-15,7.08e-06,9.88e-06,6.93e-06,9.03e-06,55757151596139.0,477301500.72719103,988253
2021-06-16,9.02e-06,9.29e-06,8.14e-06,8.31e-06,46228329919729.0,404310783.907428,815354
2021-06-17,8.32e-06,8.5e-06,7.72e-06,7.95e-06,27604953266364.0,222173239.0489482,462193
2021-06-18,7.95e-06,7.98e-06,7e-06,7.26e-06,23594476054170.0,173380433.24408343,418372
2021-06-19,7.26e-06,8.49e-06,7.19e-06,7.62e-06,33512449142630.0,259972359.4192737,556674
2021-06-20,7.63e-06,8.07e-06,7.11e-06,7.78e-06,25203949490357.0,191981889.47518426,433257
2021-06-21,7.78e-06,7.84e-06,6.08e-06,6.19e-06,34754967194157.0,242735095.0594992,553068
2021-06-22,6.19e-06,7e-06,5.59e-06,6.33e-06,41222045178875.0,258486062.93374753,591265
2021-06-23,6.33e-06,7.11e-06,6.09e-06,6.84e-06,22097655745813.0,148666572.71855277,387541
2021-06-24,6.83e-06,7.45e-06,6.56e-06,7.21e-06,14589082651691.0,101269433.91013151,267642
2021-06-25,7.21e-06,8.5e-06,6.72e-06,7.07e-06,41620961473360.0,304970091.14697254,661696
2021-06-26,7.06e-06,7.55e-06,6.9e-06,7.48e-06,21860032918766.0,157723027.70980194,344183
2021-06-27,7.47e-06,7.89e-06,7.27e-06,7.85e-06,11925015594849.0,88993016.44824153,226298
2021-06-28,7.85e-06,8.21e-06,7.58e-06,8.08e-06,18506007897380.0,146967081.3857524,356154
2021-06-29,8.08e-06,9.63e-06,8.03e-06,8.87e-06,46042194342449.0,415025311.02327126,847874
2021-06-30,8.87e-06,9.23e-06,8.01e-06,8.82e-06,32459314385918.0,281302001.49778664,527223
2021-07-01,8.82e-06,8.83e-06,8.15e-06,8.32e-06,15990026259963.0,133897874.86890778,284145
2021-07-02,8.33e-06,8.44e-06,8.05e-06,8.35e-06,9609338950937.0,79130031.92925088,177169
2021-07-03,8.36e-06,8.8e-06,8.3e-06,8.66e-06,11000178497551.0,94713469.8712709,206213
2021-07-04,8.66e-06,8.95e-06,8.45e-06,8.73e-06,10015748720356.0,87501499.32477438,202369
2021-07-05,8.72e-06,8.73e-06,8.16e-06,8.34e-06,12068056360331.0,101814445.70887461,219555
2021-07-06,8.33e-06,9.33e-06,8.31e-06,8.74e-06,24765820144984.0,218538692.6614112,410020
2021-07-07,8.74e-06,8.96e-06,8.52e-06,8.55e-06,10732885596585.0,93610940.88248245,207277
2021-07-08,8.54e-06,8.56e-06,7.78e-06,8.02e-06,14698093074025.0,119007746.07189922,271688
2021-07-09,8.03e-06,8.1e-06,7.7e-06,7.91e-06,8928857134302.0,70883068.21133511,165386
2021-07-10,7.92e-06,8.09e-06,7.52e-06,7.67e-06,7191309903247.0,56211178.33659977,147667
2021-07-11,7.67e-06,7.98e-06,7.56e-06,7.86e-06,5480379241985.0,42532390.25286476,118065
2021-07-12,7.87e-06,7.99e-06,7.31e-06,7.56e-06,7734638319417.0,58999124.92504492,148177
2021-07-13,7.56e-06,7.59e-06,7.04e-06,7.11e-06,8108609831266.0,59159886.30113126,151541
2021-07-14,7.12e-06,7.57e-06,6.7e-06,7.24e-06,11875884954991.0,84335678.67361145,205473
2021-07-15,7.24e-06,7.37e-06,6.79e-06,6.91e-06,8945840487258.0,62630272.68225876,168467
2021-07-16,6.9e-06,7e-06,6.55e-06,6.62e-06,6047433872423.0,40891183.26230067,130542
2021-07-17,6.63e-06,7.05e-06,6.56e-06,6.81e-06,7114435611225.0,48068113.02676965,125797
2021-07-18,6.82e-06,7.03e-06,6.6e-06,6.64e-06,6125931214999.0,41403409.19788402,101649
2021-07-19,6.65e-06,6.67e-06,6.07e-06,6.19e-06,8543669280673.0,53960304.23888748,135945
2021-07-20,6.19e-06,6.24e-06,5.7e-06,5.89e-06,10212338619649.0,60004751.4375862,167967
2021-07-21,5.89e-06,6.98e-06,5.77e-06,6.54e-06,15189009739596.0,97543687.52838185,229161
2021-07-22,6.53e-06,6.66e-06,6.34e-06,6.46e-06,8024642335768.0,52021737.9134289,136117
2021-07-23,6.47e-06,6.71e-06,6.11e-06,6.48e-06,8810341657917.0,56412769.11951872,154673
2021-07-24,6.47e-06,6.66e-06,6.3e-06,6.44e-06,9474775072580.0,61353717.55079037,165255
2021-07-25,6.44e-06,6.54e-06,6.16e-06,6.36e-06,7134617522583.0,45129431.4616156,123849
2021-07-26,6.37e-06,6.91e-06,6.24e-06,6.3e-06,19227138374369.0,127423721.52404462,315881
2021-07-27,6.31e-06,6.42e-06,6.04e-06,6.32e-06,9641696587214.0,60118260.34382534,172844
2021-07-28,6.32e-06,6.35e-06,6.13e-06,6.18e-06,7902294769375.0,49318904.85698457,144785
2021-07-29,6.19e-06,6.52e-06,6.08e-06,6.29e-06,8694966152691.0,54432932.8211437,143105
2021-07-30,6.29e-06,6.41e-06,6.1e-06,6.29e-06,6650527789677.0,41392925.50210824,127977
2021-07-31,6.29e-06,6.31e-06,6.2e-06,6.25e-06,5309993604368.0,33208500.92882888,108380
2021-08-01,6.25e-06,6.72e-06,6.21e-06,6.3e-06,10959981431747.0,70596076.83837771,192163
2021-08-02,6.3e-06,6.43e-06,6.21e-06,6.34e-06,6260531438700.0,39447385.0831638,111046
2021-08-03,6.34e-06,6.4e-06,6.15e-06,6.18e-06,5222684533973.0,32606488.16950075,104080
2021-08-04,6.18e-06,6.33e-06,6.11e-06,6.23e-06,5505584121482.0,34249709.52974584,113599
2021-08-05,6.24e-06,6.25e-06,6.11e-06,6.21e-06,6261624309409.0,38685111.90458235,121028
2021-08-06,6.22e-06,6.42e-06,6.13e-06,6.3e-06,7944430535861.0,49719935.41666873,154800
2021-08-07,6.31e-06,7.89e-06,6.29e-06,7.8e-06,31447680089584.0,219898144.77703488,533128
2021-08-08,7.8e-06,8.88e-06,7.23e-06,7.29e-06,42988253874709.0,343477949.4466348,691170
2021-08-09,7.29e-06,7.88e-06,7.09e-06,7.62e-06,20193833052588.0,152950385.16690573,310642
2021-08-10,7.62e-06,7.95e-06,7.31e-06,7.56e-06,12231498497079.0,93128448.86345147,228846
2021-08-11,7.56e-06,8.3e-06,7.5e-06,7.77e-06,22952242869554.0,182047690.47914338,379871
2021-08-12,7.77e-06,8.22e-06,7.43e-06,7.65e-06,16738912794675.0,130890829.71791315,275841
2021-08-13,7.64e-06,8.18e-06,7.6e-06,8.13e-06,11222513120578.0,89250140.20996737,215230
2021-08-14,8.13e-06,8.57e-06,7.81e-06,8.13e-06,17010503781776.0,138240271.508115,303826
2021-08-15,8.12e-06,8.76e-06,7.85e-06,8.55e-06,18483321892487.0,151975080.12952974,326934
2021-08-16,8.55e-06,9.48e-06,8.36e-06,9.04e-06,37191196001582.0,332981362.8663525,654923
2021-08-17,9.04e-06,9.37e-06,7.99e-06,8.05e-06,26318386857105.0,230326035.7889771,438184
2021-08-18,8.05e-06,8.33e-06,7.76e-06,8.02e-06,18267781451145.0,147275278.38769478,301710
2021-08-19,8.02e-06,8.35e-06,7.86e-06,8.35e-06,11148529538651.0,89949671.30285761,208760
2021-08-20,8.35e-06,8.6e-06,8.21e-06,8.48e-06,11001862928480.0,92550314.92693648,227021
2021-08-21,8.48e-06,8.51e-06,8.11e-06,8.14e-06,9186376727549.0,76318682.47179724,194687
2021-08-22,8.13e-06,8.44e-06,8.05e-06,8.2e-06,7664419848923.0,62909823.57631097,169057
2021-08-23,8.2e-06,8.44e-06,8.13e-06,8.19e-06,8215888602078.0,67929225.74541667,178828
2021-08-24,8.18e-06,8.22e-06,7.31e-06,7.48e-06,13128492964677.0,101458209.0130547,258786
2021-08-25,7.48e-06,7.71e-06,7.15e-06,7.53e-06,10908288775579.0,81428880.55014998,207066
2021-08-26,7.53e-06,7.64e-06,6.82e-06,6.97e-06,9832605958319.0,70331929.28884141,187357
2021-08-27,6.98e-06,7.57e-06,6.82e-06,7.47e-06,10112453430111.0,72784130.3140028,177045
2021-08-28,7.47e-06,7.49e-06,7.19e-06,7.22e-06,5541566422378.0,40410117.29998106,106151
2021-08-29,7.23e-06,7.39e-06,6.99e-06,7.12e-06,5564998269528.0,39768456.66594867,106694
2021-08-30,7.11e-06,7.14e-06,6.47e-06,6.67e-06,6392824774909.0,44394286.68247795,138488
2021-08-31,6.67e-06,7.1e-06,6.63e-06,6.86e-06,8450789113097.0,57869119.58701886,160282
2021-09-01,6.86e-06,7.22e-06,6.66e-06,7.19e-06,8005998661846.0,55515005.78965963,153172
2021-09-02,7.19e-06,7.37e-06,7.02e-06,7.09e-06,7566323232592.0,54347784.64404346,164623
2021-09-03,7.09e-06,7.25e-06,6.9e-06,7.06e-06,7223873994758.0,51203724.3095219,154990
2021-09-04,7.07e-06,7.68e-06,7.04e-06,7.45e-06,13586786127409.0,99697790.03411852,253615
2021-09-05,7.45e-06,7.57e-06,7.25e-06,7.53e-06,7939117527436.0,58794386.28846728,165471
2021-09-06,7.53e-06,7.64e-06,7e-06,7.22e-06,9503974995923.0,69635123.3205756,186612
2021-09-07,7.23e-06,7.24e-06,5.1e-06,6.05e-06,23567166381444.0,146017101.7614805,450678
2021-09-08,6.05e-06,8.2e-06,5.41e-06,6.67e-06,46608207992395.0,321213242.6855644,775324
2021-09-09,6.68e-06,7.77e-06,6.53e-06,7.3e-06,32271505301500.0,230732324.91825545,555776
2021-09-10,7.3e-06,7.5e-06,6.55e-06,7e-06,17589684040703.0,123629182.56655686,311536
2021-09-11,7e-06,7.08e-06,6.73e-06,6.77e-06,7643774910527.0,52589537.35126829,137377
2021-09-12,6.77e-06,7e-06,6.64e-06,6.89e-06,7877836843028.0,53853205.67963314,134448
2021-09-13,6.89e-06,6.98e-06,6.17e-06,6.5e-06,9093791821120.0,59378964.38371499,160428
2021-09-14,6.49e-06,6.71e-06,6.44e-06,6.67e-06,5607034617578.0,36864002.41916227,98652
2021-09-15,6.66e-06,6.9e-06,6.59e-06,6.77e-06,5735004511337.0,38670825.57966842,111420
2021-09-16,6.77e-06,8.88e-06,6.52e-06,8.54e-06,51629463013101.0,408170844.7829817,918721
2021-09-17,8.54e-06,9.5e-06,8.11e-06,8.44e-06,57960174983072.0,508238868.85480803,1021931
2021-09-18,8.44e-06,8.64e-06,7.61e-06,7.84e-06,16665068906755.0,134004847.97267126,274934
2021-09-19,7.84e-06,8.38e-06,7.36e-06,8.08e-06,19919168822209.0,158533820.05216882,321993
2021-09-20,8.08e-06,8.12e-06,6.8e-06,7.02e-06,21866883365822.0,160318126.78745797,318307
2021-09-21,7.02e-06,7.33e-06,6.6e-06,6.87e-06,13566078883742.0,94643013.9400619,201023
2021-09-22,6.88e-06,7.32e-06,6.84e-06,7.25e-06,8495249730286.0,60351749.41908338,147647
2021-09-23,7.24e-06,7.74e-06,7.1e-06,7.63e-06,13150788315356.0,98352204.39040437,214727
2021-09-24,7.63e-06,7.87e-06,6.73e-06,7.37e-06,15148155674182.0,110033952.85164167,241874
2021-09-25,7.38e-06,7.6e-06,7.11e-06,7.32e-06,6209389568644.0,45590467.53714746,120187
2021-09-26,7.32e-06,7.32e-06,6.82e-06,7.1e-06,6575564283425.0,46612192.81774969,125466
2021-09-27,7.1e-06,7.26e-06,6.89e-06,6.98e-06,4576274528727.0,32525559.91679706,91163
2021-09-28,6.97e-06,7.17e-06,6.82e-06,6.98e-06,5063715106092.0,35369049.65053179,89217
2021-09-29,6.97e-06,7.16e-06,6.92e-06,7.01e-06,3843625415450.0,27131698.11996875,73056
2021-09-30,7.02e-06,7.43e-06,7e-06,7.2e-06,5130361477431.0,36843396.87748742,100085
2021-10-01,7.21e-06,7.79e-06,7.16e-06,7.7e-06,7521795638115.0,56177804.44504189,150513
2021-10-02,7.7e-06,8.24e-06,7.42e-06,7.86e-06,9152821421315.0,71638475.41729811,197547
2021-10-03,7.87e-06,9.03e-06,7.65e-06,8.54e-06,19124476642927.0,160913209.1478406,414526
2021-10-04,8.55e-06,1.514e-05,8.2e-06,1.348e-05,136519031183358.0,1609851558.71828,2862583
2021-10-05,1.348e-05,2.01e-05,1.211e-05,1.732e-05,185823916847976.0,3018023292.1587887,4378857
2021-10-06,1.732e-05,2.893e-05,1.657e-05,2.787e-05,190443300967866.0,4365178584.024285,6057008
2021-10-07,2.787e-05,3.528e-05,2.058e-05,2.29e-05,246104304402694.0,6989917012.883075,8863149
2021-10-08,2.291e-05,2.95e-05,2.06e-05,2.725e-05,138378491441526.0,3509457903.7746234,4850472
2021-10-09,2.726e-05,3.02e-05,2.442e-05,2.67e-05,69429324203926.0,1898840615.0174809,2692026
2021-10-10,2.669e-05,2.787e-05,2.506e-05,2.613e-05,36095792941358.0,952498859.8795571,1429700
2021-10-11,2.613e-05,3.2e-05,2.58e-05,3.065e-05,72557577941657.0,2141560518.152327,3156616
2021-10-12,3.065e-05,3.16e-05,2.732e-05,2.904e-05,48794059445218.0,1437806654.3342857,2017213
2021-10-13,2.903e-05,3.073e-05,2.757e-05,2.907e-05,27877783172087.0,805872009.5301567,1096368
2021-10-14,2.907e-05,2.985e-05,2.6e-05,2.743e-05,26305044296516.0,742490241.1529093,1157940
2021-10-15,2.742e-05,2.757e-05,2.333e-05,2.525e-05,44396951959423.0,1131688623.1910796,1805571
2021-10-16,2.525e-05,2.66e-05,2.47e-05,2.571e-05,18385780924499.0,472318358.312873,760668
2021-10-17,2.57e-05,2.9e-05,2.37e-05,2.774e-05,21922530954957.0,579335614.0874405,1106113
2021-10-18,2.775e-05,2.963e-05,2.638e-05,2.863e-05,40183178302256.0,1130698978.4951572,1856048
2021-10-19,2.864e-05,2.919e-05,2.753e-05,2.802e-05,15274666838352.0,431268344.68195003,614030
2021-10-20,2.803e-05,2.96e-05,2.716e-05,2.922e-05,14694030377294.0,413100186.04755074,750592
2021-10-21,2.923e-05,2.924e-05,2.7e-05,2.748e-05,13483291830586.0,380404456.85046315,681966
2021-10-22,2.747e-05,2.85e-05,2.702e-05,2.794e-05,10640093014043.0,294584689.50123584,517992
2021-10-23,2.794e-05,3.46e-05,2.759e-05,3.384e-05,41345879310820.0,1322130529.716261,2653695
2021-10-24,3.384e-05,4.465e-05,3.286e-05,3.605e-05,122382291462285.0,4780455970.152538,8160494
2021-10-25,3.605e-05,4.365e-05,3.493e-05,4.23e-05,55683030231723.0,2228870508.409499,3626139
2021-10-26,4.229e-05,4.96e-05,4.044e-05,4.796e-05,65185354432996.0,2995136959.309049,4809042
2021-10-27,4.797e-05,8.8e-05,4.65e-05,7.906e-05,159140214097788.0,10287386183.625055,15920580
2021-10-28,7.906e-05,8.854e-05,5.7e-05,6.887e-05,137183379558887.0,9822313807.5951,14970382
2021-10-29,6.886e-05,7.747e-05,6.1e-05,7.49e-05,57543502861683.0,4064788414.806074,6291721
2021-10-30,7.489e-05,7.8e-05,6.15e-05,6.532e-05,32594253338226.0,2309245348.9773216,3502900
2021-10-31,6.531e-05,6.959e-05,5.808e-05,6.697e-05,31386990549782.0,2041457133.2052824,3340648
2021-11-01,6.697e-05,7.494e-05,6.57e-05,7.15e-05,29336188952630.0,2096234818.63046,3534873
2021-11-02,7.15e-05,7.296e-05,6.65e-05,6.918e-05,18612476991846.0,1296747965.9395392,2124919
2021-11-03,6.919e-05,6.922e-05,5.286e-05,5.547e-05,28257239394032.0,1756712299.602952,3066892
2021-11-04,5.546e-05,6.097e-05,4.312e-05,4.937e-05,69434105433938.0,3550732772.6107807,5582577
2021-11-05,4.938e-05,6.547e-05,4.541e-05,6.256e-05,64343495731005.0,3559828117.5560927,5683924
2021-11-06,6.257e-05,6.314e-05,5.49e-05,5.862e-05,34371921859656.0,2019795284.9434836,3181696
2021-11-07,5.861e-05,5.968e-05,5.584e-05,5.69e-05,16270271381514.0,936511606.4205525,1304836
2021-11-08,5.69e-05,5.9e-05,5.272e-05,5.517e-05,24005429554564.0,1332373950.5503652,2162052
2021-11-09,5.516e-05,5.85e-05,5.33e-05,5.484e-05,15798759852983.0,885080652.930795,1512610
2021-11-10,5.485e-05,5.525e-05,4.6e-05,5.027e-05,23066467501868.0,1177694499.990893,2039090
2021-11-11,5.026e-05,5.798e-05,4.833e-05,5.654e-05,28850178484019.0,1554609933.5645945,2798822
2021-11-12,5.654e-05,5.698e-05,5.133e-05,5.235e-05,14700043529290.0,780430217.0978262,1234752
2021-11-13,5.235e-05,5.28e-05,5.055e-05,5.168e-05,8134280391784.0,420456401.25692236,698085
2021-11-14,5.168e-05,5.64e-05,5.153e-05,5.314e-05,12715968872848.0,678529038.1811985,1193569
2021-11-15,5.314e-05,5.599e-05,5.228e-05,5.343e-05,12771755191144.0,688592672.7664818,1204034
2021-11-16,5.343e-05,5.354e-05,4.51e-05,4.831e-05,21365363650600.0,1062063717.1503547,1799109
2021-11-17,4.831e-05,4.988e-05,4.663e-05,4.814e-05,12075458758914.0,583634522.641054,867562
2021-11-18,4.815e-05,4.9e-05,4.051e-05,4.251e-05,20861636622974.0,924862344.3597116,1475132
2021-11-19,4.252e-05,5.217e-05,4.177e-05,4.851e-05,24145782947742.0,1144454725.2785087,2030169
2021-11-20,4.85e-05,5e-05,4.554e-05,4.766e-05,14565274718156.0,695416185.0733151,1064396
2021-11-21,4.766e-05,4.774e-05,4.346e-05,4.411e-05,9714699482601.0,442606652.3821846,790897
2021-11-22,4.412e-05,4.626e-05,4.27e-05,4.325e-05,10770820744731.0,475990194.86068803,828732
2021-11-23,4.324e-05,4.452e-05,4.101e-05,4.19e-05,11307551259265.0,480128042.2002497,851546
2021-11-24,4.19e-05,4.285e-05,3.602e-05,3.785e-05,23189495605733.0,899360667.084571,1502745
2021-11-25,3.785e-05,4.792e-05,3.765e-05,4.269e-05,38170738924639.0,1615973712.6600678,2958463
2021-11-26,4.27e-05,4.288e-05,3.56e-05,3.867e-05,24840878969548.0,969922511.4160058,1551772
2021-11-27,3.866e-05,4.168e-05,3.816e-05,3.92e-05,13650192851497.0,540232710.0043685,869701
2021-11-28,3.92e-05,3.956e-05,3.62e-05,3.911e-05,13321003110788.0,504626054.0146672,723434
2021-11-29,3.911e-05,4.586e-05,3.83e-05,4.522e-05,22898513123075.0,952266681.9680272,1685579
2021-11-30,4.522e-05,5.435e-05,4.331e-05,4.744e-05,57387780567997.0,2812416863.18912,5324373
2021-12-01,4.745e-05,4.878e-05,4.351e-05,4.414e-05,21815023771725.0,1000015362.4370868,1622186
2021-12-02,4.414e-05,4.423e-05,4.1e-05,4.22e-05,13534745809501.0,576144514.6687124,937393
2021-12-03,4.219e-05,4.485e-05,3.9e-05,4.039e-05,17789846643917.0,745010566.5742016,1329307
2021-12-04,4.038e-05,4.05e-05,2.952e-05,3.639e-05,30155152339504.0,1087439013.0218267,1859622
2021-12-05,3.639e-05,3.83e-05,3.409e-05,3.622e-05,16897500204393.0,611823349.9949806,931952
2021-12-06,3.623e-05,3.759e-05,3.269e-05,3.677e-05,16312440144399.0,568909832.0610434,879902
2021-12-07,3.677e-05,3.878e-05,3.561e-05,3.625e-05,12814215878129.0,479463613.7284469,739370
2021-12-08,3.624e-05,3.763e-05,3.558e-05,3.698e-05,8178198224933.0,300630272.72534,500601
2021-12-09,3.696e-05,3.729e-05,3.417e-05,3.466e-05,7367061258732.0,265280141.51433572,465431
2021-12-10,3.466e-05,3.618e-05,3.333e-05,3.346e-05,6951538947284.0,242340813.49743357,418165
2021-12-11,3.344e-05,3.501e-05,3.309e-05,3.443e-05,6138308218184.0,208811490.4446451,348568
2021-12-12,3.444e-05,3.785e-05,3.377e-05,3.656e-05,9818391204458.0,353555702.5612795,624184
2021-12-13,3.657e-05,3.684e-05,3.156e-05,3.29e-05,11057228801145.0,377059192.1891346,658537
2021-12-14,3.29e-05,3.564e-05,3.242e-05,3.398e-05,10372525282477.0,349784524.31793106,616977
2021-12-15,3.397e-05,3.439e-05,3.19e-05,3.381e-05,8094411561817.0,270709908.4097768,478913
2021-12-16,3.381e-05,3.463e-05,3.262e-05,3.271e-05,6375860336750.0,214989879.41845876,380031
2021-12-17,3.271e-05,3.319e-05,3.019e-05,3.115e-05,8737902925639.0,276544169.19062066,475405
2021-12-18,3.116e-05,3.218e-05,3.077e-05,3.141e-05,4684460158353.0,147719648.8049474,276069
2021-12-19,3.141e-05,3.188e-05,3.062e-05,3.077e-05,3629833552408.0,113786023.26675448,233554
2021-12-20,3.077e-05,3.376e-05,2.824e-05,3.122e-05,14110247605977.0,429767992.7330499,786474
2021-12-21,3.123e-05,3.35e-05,3.096e-05,3.283e-05,10163337551738.0,329090259.9914639,586347
2021-12-22,3.284e-05,3.785e-05,3.25e-05,3.503e-05,17151083407511.0,608613634.188953,1168295
2021-12-23,3.503e-05,3.9e-05,3.44e-05,3.868e-05,13840251162142.0,503464841.7513815,904178
2021-12-24,3.868e-05,3.987e-05,3.574e-05,3.62e-05,12255885463341.0,466489859.14913654,846043
2021-12-25,3.62e-05,3.833e-05,3.587e-05,3.771e-05,7003413956521.0,260406871.3748953,447736
2021-12-26,3.771e-05,3.901e-05,3.656e-05,3.824e-05,7452470698714.0,282156998.74060106,468482
2021-12-27,3.825e-05,3.948e-05,3.773e-05,3.909e-05,7500750818708.0,289672205.9986441,508187
2021-12-28,3.908e-05,3.909e-05,3.413e-05,3.493e-05,11630101084580.0,420666315.24610853,661420
2021-12-29,3.492e-05,3.628e-05,3.31e-05,3.364e-05,7525221418332.0,260766430.57314476,419421
2021-12-30,3.365e-05,3.437e-05,3.291e-05,3.375e-05,5909793866171.0,199765154.92930952,327472
2021-12-31,3.375e-05,3.465e-05,3.262e-05,3.337e-05,5588760741830.0,189122029.91624787,313951
2022-01-01,3.337e-05,3.42e-05,3.334e-05,3.415e-05,3309069024700.0,111916222.58982173,188684
2022-01-02,3.415e-05,3.445e-05,3.344e-05,3.401e-05,3222778208768.0,109326225.85073449,208904
2022-01-03,3.401e-05,3.41e-05,3.214e-05,3.304e-05,3940445529472.0,131417289.07105476,278471
2022-01-04,3.305e-05,3.35e-05,3.227e-05,3.243e-05,4074428519347.0,133959125.49905802,259193
2022-01-05,3.242e-05,3.3e-05,2.858e-05,3.038e-05,7335407224940.0,229111533.07511246,490542
2022-01-06,3.037e-05,3.183e-05,2.915e-05,3.075e-05,6550552744516.0,197266608.95637447,409263
2022-01-07,3.074e-05,3.087e-05,2.846e-05,2.901e-05,7813269018383.0,229382715.67198935,423205
2022-01-08,2.901e-05,2.993e-05,2.641e-05,2.772e-05,6977091134719.0,196571076.41143113,399373
2022-01-09,2.772e-05,2.911e-05,2.749e-05,2.825e-05,4330381452616.0,122885676.7280957,247854
2022-01-10,2.826e-05,2.873e-05,2.537e-05,2.669e-05,7350541798203.0,198173319.91671816,358646
2022-01-11,2.669e-05,2.829e-05,2.631e-05,2.763e-05,6267275795414.0,171060064.36661974,323813
2022-01-12,2.762e-05,3.269e-05,2.754e-05,3.145e-05,10396862396461.0,319093429.56711954,660352
2022-01-13,3.146e-05,3.29e-05,2.921e-05,2.966e-05,10672591654830.0,331285331.8737072,561926
2022-01-14,2.965e-05,3.26e-05,2.925e-05,3.078e-05,9899541935215.0,308127961.3037816,521020
2022-01-15,3.078e-05,3.151e-05,3.052e-05,3.083e-05,4187869362247.0,129951460.5571385,235846
2022-01-16,3.083e-05,3.102e-05,3.008e-05,3.049e-05,3710941080855.0,113179157.29932834,216095
2022-01-17,3.049e-05,3.058e-05,2.825e-05,2.882e-05,4753892667789.0,138716058.65446788,279550
2022-01-18,2.882e-05,2.955e-05,2.743e-05,2.806e-05,5749404920409.0,161979908.94769022,275212
2022-01-19,2.806e-05,2.827e-05,2.708e-05,2.726e-05,4069566726663.0,112729651.81082134,214077
2022-01-20,2.727e-05,2.881e-05,2.624e-05,2.644e-05,4803835576316.0,133199765.61928034,268026
2022-01-21,2.644e-05,2.684e-05,2.158e-05,2.224e-05,13138218492658.0,320879809.7269727,588438
2022-01-22,2.224e-05,2.252e-05,1.704e-05,2.053e-05,26005741167735.0,513169012.0152632,873444
2022-01-23,2.053e-05,2.37e-05,2.044e-05,2.246e-05,18365277383606.0,408667933.84700394,680131
2022-01-24,2.246e-05,2.329e-05,1.865e-05,2.12e-05,21158252191330.0,432464613.55461705,718831
2022-01-25,2.119e-05,2.165e-05,2.003e-05,2.101e-05,10538059274252.0,220505103.27130687,393767
2022-01-26,2.102e-05,2.353e-05,2.048e-05,2.11e-05,11436666012607.0,250203004.73251802,481339
2022-01-27,2.11e-05,2.181e-05,1.994e-05,2.128e-05,7878550347411.0,164154890.4191956,311802
2022-01-28,2.127e-05,2.141e-05,2.035e-05,2.122e-05,4613886313214.0,96575061.90391609,208938
2022-01-29,2.122e-05,2.24e-05,2.112e-05,2.167e-05,4817295140441.0,104117936.39225376,238222
2022-01-30,2.167e-05,2.22e-05,2.083e-05,2.11e-05,4188370400634.0,90306995.56622513,198490
2022-01-31,2.11e-05,2.158e-05,2.005e-05,2.142e-05,4349424740029.0,91018271.35278606,198737
2022-02-01,2.143e-05,2.2e-05,2.113e-05,2.168e-05,4205647406522.0,91095906.97033475,212982
2022-02-02,2.168e-05,2.189e-05,2.028e-05,2.061e-05,4563139920675.0,96527302.2880132,221235
2022-02-03,2.061e-05,2.085e-05,2.013e-05,2.075e-05,3687629060401.0,75704218.16101971,152774
2022-02-04,2.075e-05,2.232e-05,2.052e-05,2.219e-05,6004843784896.0,128827800.05508198,257748
2022-02-05,2.219e-05,2.388e-05,2.203e-05,2.25e-05,7828547973896.0,179649712.08895662,387336
2022-02-06,2.249e-05,2.9e-05,2.223e-05,2.849e-05,18128679133898.0,473459037.32861274,1139100
2022-02-07,2.848e-05,3.523e-05,2.707e-05,3.256e-05,37635970092976.0,1179482497.6210403,2498985
2022-02-08,3.256e-05,3.51e-05,2.942e-05,3.096e-05,29706414973993.0,953256090.9393308,1731952
2022-02-09,3.097e-05,3.411e-05,3.042e-05,3.294e-05,18285704329618.0,593380317.6654686,1061008
2022-02-10,3.295e-05,3.372e-05,3.052e-05,3.083e-05,15245288980540.0,489641917.7437719,801607
2022-02-11,3.083e-05,3.239e-05,2.79e-05,2.87e-05,13095018731265.0,398041000.2048777,650921
2022-02-12,2.87e-05,2.981e-05,2.743e-05,2.914e-05,10836083960652.0,311212431.5824602,508462
2022-02-13,2.914e-05,3.222e-05,2.836e-05,3.013e-05,13173453959060.0,401023965.8385467,692802
2022-02-14,3.013e-05,3.087e-05,2.86e-05,2.957e-05,9422096053384.0,279954458.7096678,484200
2022-02-15,2.958e-05,3.184e-05,2.954e-05,3.124e-05,9424765276333.0,291298854.6927032,469065
2022-02-16,3.125e-05,3.16e-05,2.99e-05,3.092e-05,7378826484346.0,226347192.302047,421597
2022-02-17,3.092e-05,3.253e-05,2.77e-05,2.82e-05,14652599105651.0,443995914.69207376,748238
2022-02-18,2.82e-05,2.996e-05,2.78e-05,2.81e-05,9542971162745.0,274037019.8191376,427901
2022-02-19,2.811e-05,2.895e-05,2.692e-05,2.749e-05,5856789978190.0,163525669.32223126,304368
2022-02-20,2.748e-05,2.76e-05,2.489e-05,2.547e-05,8355800773126.0,214329799.21826133,399849
2022-02-21,2.547e-05,2.755e-05,2.392e-05,2.405e-05,14980148181281.0,391464225.25504863,619442
2022-02-22,2.404e-05,2.527e-05,2.31e-05,2.495e-05,11289730166885.0,273583797.38848275,398263
2022-02-23,2.495e-05,2.74e-05,2.457e-05,2.486e-05,14197749061908.0,368983237.46464556,595644
2022-02-24,2.486e-05,2.532e-05,2.071e-05,2.384e-05,29891042605376.0,681050991.6957672,991239
2022-02-25,2.385e-05,2.509e-05,2.302e-05,2.488e-05,13528494448667.0,327100575.578927,466097
2022-02-26,2.488e-05,2.595e-05,2.42e-05,2.444e-05,8101142463609.0,201287638.63557658,308411
2022-02-27,2.445e-05,2.502e-05,2.306e-05,2.342e-05,9268099878622.0,222283493.58576995,309564
2022-02-28,2.343e-05,2.6e-05,2.28e-05,2.579e-05,11816707981977.0,289610873.9436896,403004
2022-03-01,2.58e-05,2.861e-05,2.534e-05,2.713e-05,15259271232127.0,406305959.90552,674685
2022-03-02,2.713e-05,2.719e-05,2.552e-05,2.59e-05,10182047088383.0,268761414.71250564,398899
2022-03-03,2.591e-05,2.618e-05,2.445e-05,2.506e-05,7046341342356.0,178921854.66832435,270461
2022-03-04,2.506e-05,2.526e-05,2.305e-05,2.358e-05,7666077240403.0,186869973.86932054,272162
2022-03-05,2.358e-05,2.499e-05,2.31e-05,2.462e-05,5035468153658.0,121781863.99504179,223896
2022-03-06,2.462e-05,2.48e-05,2.341e-05,2.352e-05,4414630243609.0,105646423.19272713,173278
2022-03-07,2.352e-05,2.388e-05,2.218e-05,2.28e-05,6562716455601.0,151715752.6091321,299708
2022-03-08,2.279e-05,2.355e-05,2.248e-05,2.291e-05,4986439222242.0,115088544.91078502,184087
2022-03-09,2.291e-05,2.46e-05,2.287e-05,2.385e-05,7043230643998.0,168893976.69229114,303534
2022-03-10,2.384e-05,2.39e-05,2.235e-05,2.26e-05,6624768766580.0,151492696.00175074,301434
2022-03-11,2.26e-05,2.312e-05,2.187e-05,2.205e-05,5938952440169.0,133055656.88920426,244993
2022-03-12,2.206e-05,2.273e-05,2.201e-05,2.213e-05,3129075300132.0,69915857.08465195,121616
2022-03-13,2.213e-05,2.328e-05,2.12e-05,2.15e-05,4989808629966.0,111150786.21490943,188805
2022-03-14,2.15e-05,2.247e-05,2.128e-05,2.202e-05,4461484140960.0,97380392.07320704,164773
2022-03-15,2.203e-05,2.212e-05,2.124e-05,2.162e-05,3840480904604.0,83128654.90442985,155956
2022-03-16,2.161e-05,2.275e-05,2.15e-05,2.273e-05,6407012878302.0,141163851.77548206,225996
2022-03-17,2.273e-05,2.281e-05,2.206e-05,2.218e-05,4181968881923.0,93948557.06436217,155465
2022-03-18,2.217e-05,2.267e-05,2.165e-05,2.233e-05,5025429692630.0,110941870.16507979,188372
2022-03-19,2.234e-05,2.555e-05,2.218e-05,2.413e-05,14573535480155.0,350366675.31269026,586796
2022-03-20,2.412e-05,2.446e-05,2.253e-05,2.311e-05,8610233047747.0,202081734.9679201,299779
2022-03-21,2.311e-05,2.347e-05,2.23e-05,2.292e-05,5484288899082.0,125782409.09502433,199822
2022-03-22,2.293e-05,2.406e-05,2.289e-05,2.345e-05,7380493644921.0,174211324.22816482,251002
2022-03-23,2.344e-05,2.51e-05,2.306e-05,2.442e-05,9036438627405.0,216740268.5110023,332746
2022-03-24,2.441e-05,2.535e-05,2.404e-05,2.468e-05,9304879663259.0,229764408.83296305,375399
2022-03-25,2.469e-05,2.542e-05,2.352e-05,2.412e-05,8492467652406.0,209051596.23213544,315944
2022-03-26,2.412e-05,2.474e-05,2.389e-05,2.442e-05,3668048607521.0,89353033.0458452,146279
2022-03-27,2.441e-05,2.567e-05,2.414e-05,2.557e-05,7035606517160.0,174705889.7671295,273607
2022-03-28,2.557e-05,2.966e-05,2.527e-05,2.653e-05,23175961783807.0,642182052.6301001,1096347
2022-03-29,2.652e-05,2.844e-05,2.635e-05,2.736e-05,11937993341335.0,326438664.91733444,543647
2022-03-30,2.735e-05,2.866e-05,2.617e-05,2.744e-05,10292358352347.0,282181997.8515303,474380
2022-03-31,2.745e-05,2.809e-05,2.548e-05,2.585e-05,9357366814095.0,251127388.2021623,399092
2022-04-01,2.584e-05,2.65e-05,2.458e-05,2.614e-05,7918586384278.0,203136386.3757222,361237
2022-04-02,2.615e-05,2.75e-05,2.57e-05,2.582e-05,9388735708266.0,250743232.3956122,452646
2022-04-03,2.58e-05,2.737e-05,2.55e-05,2.683e-05,6031203935598.0,160291738.5732194,297957
2022-04-04,2.683e-05,2.754e-05,2.557e-05,2.645e-05,7867944752555.0,209464885.4155106,383632
2022-04-05,2.645e-05,2.847e-05,2.621e-05,2.676e-05,10735621800964.0,290965071.9542254,517884
2022-04-06,2.675e-05,2.683e-05,2.416e-05,2.436e-05,8824295978042.0,223627624.37053204,457892
2022-04-07,2.435e-05,2.527e-05,2.39e-05,2.479e-05,4622592258759.0,113994103.7778502,218562
2022-04-08,2.479e-05,2.517e-05,2.35e-05,2.381e-05,4060989111900.0,99477598.00798468,187848
2022-04-09,2.381e-05,2.463e-05,2.368e-05,2.459e-05,3006853678345.0,72204242.80664678,128714
2022-04-10,2.459e-05,2.544e-05,2.436e-05,2.446e-05,3886000103844.0,96592264.3334729,187182
2022-04-11,2.446e-05,2.463e-05,2.183e-05,2.218e-05,6047011810726.0,140777535.9748963,258005
2022-04-12,2.217e-05,3e-05,2.191e-05,2.7e-05,37619440140686.0,1001179036.2054281,1635306
2022-04-13,2.695e-05,2.815e-05,2.562e-05,2.694e-05,17024710600151.0,454888315.74945956,740374
2022-04-14,2.693e-05,2.744e-05,2.519e-05,2.578e-05,10912450704907.0,286618899.7467691,406895
2022-04-15,2.578e-05,2.625e-05,2.545e-05,2.59e-05,3582331240344.0,92729472.82538298,154451
2022-04-16,2.59e-05,2.608e-05,2.525e-05,2.559e-05,2777177962439.0,71430595.90154643,122547
2022-04-17,2.559e-05,2.606e-05,2.441e-05,2.465e-05,3895659166230.0,99513189.26034164,171362
2022-04-18,2.464e-05,2.537e-05,2.362e-05,2.523e-05,7008164551766.0,171978955.18440294,264778
2022-04-19,2.524e-05,2.561e-05,2.486e-05,2.542e-05,4669781705156.0,117793461.43098998,185207
2022-04-20,2.542e-05,2.587e-05,2.461e-05,2.483e-05,6110090477200.0,154176646.3495813,237432
2022-04-21,2.482e-05,2.54e-05,2.386e-05,2.431e-05,4991551458867.0,124032024.29930152,199565
2022-04-22,2.431e-05,2.468e-05,2.398e-05,2.429e-05,3791174459062.0,92217815.10531,147499
2022-04-23,2.429e-05,2.465e-05,2.378e-05,2.41e-05,2926396898243.0,70983250.72588214,118549
2022-04-24,2.41e-05,2.437e-05,2.352e-05,2.396e-05,2556203869787.0,61279074.75098929,116755
2022-04-25,2.395e-05,2.536e-05,2.231e-05,2.431e-05,9831193292572.0,234346790.00125965,401704
2022-04-26,2.432e-05,2.468e-05,2.256e-05,2.297e-05,7508406686357.0,178058378.32424486,265661
2022-04-27,2.298e-05,2.399e-05,2.279e-05,2.343e-05,6800601845856.0,158484604.76263312,201470
2022-04-28,2.343e-05,2.353e-05,2.267e-05,2.294e-05,4590640656872.0,106311407.68661357,157952
2022-04-29,2.294e-05,2.311e-05,2.161e-05,2.22e-05,7887569053806.0,177071962.74064898,214053
2022-04-30,2.221e-05,2.248e-05,1.837e-05,2.016e-05,8646863617875.0,182598177.6203322,278915
2022-05-01,2.017e-05,2.215e-05,1.975e-05,2.155e-05,8169619792311.0,171563518.21786776,246969
2022-05-02,2.154e-05,2.175e-05,2.015e-05,2.067e-05,6824606073856.0,142659656.43362495,176243
2022-05-03,2.068e-05,2.103e-05,1.994e-05,2.031e-05,4768520819322.0,98057789.16592816,125580
2022-05-04,2.031e-05,2.188e-05,2.026e-05,2.18e-05,6949892628809.0,145300106.34047195,195570
2022-05-05,2.18e-05,2.199e-05,1.944e-05,2.027e-05,8147497653250.0,168401727.69951466,235128
2022-05-06,2.027e-05,2.038e-05,1.95e-05,2.001e-05,6748275873919.0,134769998.95117188,175341
2022-05-07,2.001e-05,2.006e-05,1.868e-05,1.928e-05,5027320858659.0,98673628.37961562,148784
2022-05-08,1.927e-05,1.934e-05,1.823e-05,1.843e-05,7108160142821.0,132956299.11179435,189577
2022-05-09,1.843e-05,1.871e-05,1.373e-05,1.398e-05,22059180510841.0,355301093.22182965,623848
2022-05-10,1.4e-05,1.797e-05,1.352e-05,1.618e-05,25973859599826.0,418759484.3091728,695561
2022-05-11,1.618e-05,1.677e-05,1.1e-05,1.207e-05,27918355370022.0,393156124.53899556,786431
2022-05-12,1.205e-05,1.296e-05,9.07e-06,1.084e-05,26780506125377.0,292335703.43518007,714975
2022-05-13,1.084e-05,1.437e-05,1.048e-05,1.282e-05,26669244048317.0,347071828.72897524,680145
2022-05-14,1.281e-05,1.372e-05,1.14e-05,1.255e-05,13468466918956.0,165356885.91991606,348194
2022-05-15,1.256e-05,1.306e-05,1.192e-05,1.306e-05,6988198346820.0,86865330.61975235,183563
2022-05-16,1.305e-05,1.306e-05,1.174e-05,1.199e-05,7272801360235.0,88683175.16633129,185749
2022-05-17,1.199e-05,1.278e-05,1.195e-05,1.255e-05,8114909810163.0,100306569.40050562,191517
2022-05-18,1.254e-05,1.267e-05,1.145e-05,1.152e-05,5820343474790.0,70044781.31572653,148861
2022-05-19,1.152e-05,1.213e-05,1.121e-05,1.182e-05,5407306055733.0,63187365.0715892,158033
2022-05-20,1.183e-05,1.204e-05,1.13e-05,1.16e-05,4296890371714.0,50292296.24307759,113990
2022-05-21,1.16e-05,1.205e-05,1.133e-05,1.175e-05,3010058371304.0,35147477.62001602,84250
2022-05-22,1.175e-05,1.207e-05,1.163e-05,1.19e-05,3563054430368.0,42303135.22470001,97995
2022-05-23,1.19e-05,1.297e-05,1.148e-05,1.168e-05,7514228245268.0,91908510.06152534,188068
2022-05-24,1.168e-05,1.196e-05,1.125e-05,1.175e-05,5227309737575.0,60967968.3900609,111740
2022-05-25,1.175e-05,1.193e-05,1.15e-05,1.16e-05,4485917046892.0,52309003.99280019,98543
2022-05-26,1.161e-05,1.171e-05,1.03e-05,1.059e-05,9155914522358.0,100623102.08167998,179239
2022-05-27,1.059e-05,1.087e-05,1.012e-05,1.048e-05,6949305599762.0,72895535.05005302,154478
2022-05-28,1.047e-05,1.088e-05,1.041e-05,1.077e-05,2946104638823.0,31458371.72338893,79309
2022-05-29,1.078e-05,1.185e-05,1.055e-05,1.149e-05,7122079062925.0,80567167.5738219,154520
2022-05-30,1.15e-05,1.248e-05,1.129e-05,1.217e-05,8962213641722.0,106661280.76650757,208001
2022-05-31,1.218e-05,1.233e-05,1.148e-05,1.173e-05,5504395795307.0,65298167.31990048,149806
2022-06-01,1.174e-05,1.192e-05,1.052e-05,1.089e-05,5513296709607.0,62634653.58610109,146854
2022-06-02,1.09e-05,1.131e-05,1.072e-05,1.121e-05,3195335268053.0,35135088.84077639,86225
2022-06-03,1.121e-05,1.125e-05,1.053e-05,1.08e-05,3376168372526.0,36434704.68302791,107136
2022-06-04,1.081e-05,1.093e-05,1.056e-05,1.088e-05,1766067063441.0,19047273.44176529,60116
2022-06-05,1.089e-05,1.098e-05,1.068e-05,1.081e-05,1688141676223.0,18256335.1565726,54918
2022-06-06,1.082e-05,1.141e-05,1.078e-05,1.105e-05,3674078167539.0,40793705.29804157,103007
2022-06-07,1.106e-05,1.12e-05,1.02e-05,1.073e-05,4871592344545.0,52011049.78508308,128509
2022-06-08,1.072e-05,1.092e-05,1.052e-05,1.058e-05,2691454914592.0,28754599.54196315,76151
2022-06-09,1.059e-05,1.077e-05,1.042e-05,1.057e-05,2196288059439.0,23313044.49041535,63693
2022-06-10,1.058e-05,1.066e-05,1e-05,1.013e-05,3051242393267.0,31469517.56749544,84119
2022-06-11,1.014e-05,1.036e-05,9.12e-06,9.35e-06,5174734331061.0,49772594.1954708,133734
2022-06-12,9.36e-06,9.49e-06,8.38e-06,8.6e-06,8545674755936.0,76037282.29509257,192629
2022-06-13,8.59e-06,8.79e-06,7.42e-06,8.05e-06,14020225203009.0,111846596.5995928,305483
2022-06-14,8.06e-06,8.55e-06,7.5e-06,8.19e-06,9535861978363.0,77311049.93088718,213010
2022-06-15,8.19e-06,8.89e-06,7.6e-06,8.83e-06,10016230286721.0,80802694.40974864,221188
2022-06-16,8.83e-06,8.96e-06,7.85e-06,7.98e-06,6198244639740.0,51385277.43561369,153710
2022-06-17,7.98e-06,8.33e-06,7.94e-06,8.17e-06,3495765488339.0,28525302.49755402,92489
2022-06-18,8.18e-06,8.27e-06,7.14e-06,7.71e-06,6089619542098.0,47001431.18540838,147920
2022-06-19,7.72e-06,8.35e-06,7.39e-06,8.22e-06,5699473176803.0,44968458.63381737,132017
2022-06-20,8.22e-06,8.34e-06,7.88e-06,8.11e-06,4117505815023.0,33365885.13231815,99147
2022-06-21,8.11e-06,1.2e-05,8.01e-06,1.065e-05,33277433706018.0,341301293.63995296,764374
2022-06-22,1.065e-05,1.084e-05,9.27e-06,9.68e-06,24703311375762.0,247151060.362668,487259
2022-06-23,9.68e-06,1.045e-05,9.61e-06,1.029e-05,11902718133693.0,120348856.98227258,244747
2022-06-24,1.029e-05,1.126e-05,1.003e-05,1.082e-05,12355572272754.0,131979993.39883415,258158
2022-06-25,1.083e-05,1.199e-05,1.071e-05,1.18e-05,14857032085882.0,170024167.3933104,304008
2022-06-26,1.18e-05,1.214e-05,1.093e-05,1.098e-05,9449719269325.0,110199950.59332767,213047
2022-06-27,1.098e-05,1.173e-05,1.076e-05,1.108e-05,6589164030688.0,73963719.05793346,169856
2022-06-28,1.107e-05,1.12e-05,9.85e-06,9.98e-06,7213777629443.0,76650216.34129472,171537
2022-06-29,9.98e-06,1.074e-05,9.53e-06,1.021e-05,9314619019288.0,93442405.9813216,207982
2022-06-30,1.021e-05,1.05e-05,9.62e-06,1.035e-05,9667010710656.0,97116595.83240083,228682
2022-07-01,1.035e-05,1.061e-05,9.91e-06,1.003e-05,6793666279138.0,69046196.48016196,148093
2022-07-02,1.003e-05,1.02e-05,9.87e-06,1.007e-05,2413180157432.0,24264584.34527112,68717
2022-07-03,1.008e-05,1.014e-05,9.76e-06,1.003e-05,2321695306208.0,23199246.72155229,67493
2022-07-04,1.004e-05,1.057e-05,9.93e-06,1.047e-05,3727388343274.0,38129288.48764053,97432
2022-07-05,1.048e-05,1.099e-05,1e-05,1.033e-05,6604401878401.0,68995620.64154908,145519
2022-07-06,1.033e-05,1.055e-05,1.016e-05,1.047e-05,4069721516456.0,42278026.11202798,92694
2022-07-07,1.046e-05,1.15e-05,1.043e-05,1.127e-05,6101161867576.0,66336390.11035796,136885
2022-07-08,1.127e-05,1.16e-05,1.07e-05,1.119e-05,8836563870103.0,98856490.97855587,187132
2022-07-09,1.12e-05,1.19e-05,1.102e-05,1.162e-05,5494678509631.0,63157218.58618115,122767
2022-07-10,1.162e-05,1.167e-05,1.093e-05,1.122e-05,4424164709746.0,49754675.61843743,101045
2022-07-11,1.121e-05,1.122e-05,1.02e-05,1.031e-05,4853655846719.0,52531048.94964249,104801
2022-07-12,1.032e-05,1.057e-05,9.87e-06,9.91e-06,3867951872446.0,39751277.06542835,94186
2022-07-13,9.91e-06,1.056e-05,9.77e-06,1.054e-05,5637196050277.0,57248424.62433757,125930
2022-07-14,1.053e-05,1.071e-05,1.014e-05,1.06e-05,4276976917062.0,44663723.06592541,94568
2022-07-15,1.06e-05,1.119e-05,1.049e-05,1.083e-05,4944364894810.0,53746895.26642482,115852
2022-07-16,1.083e-05,1.12e-05,1.052e-05,1.103e-05,3372061751772.0,36704434.28492655,89026
2022-07-17,1.103e-05,1.117e-05,1.068e-05,1.073e-05,3096665355435.0,33870124.43578212,80058
2022-07-18,1.072e-05,1.262e-05,1.071e-05,1.196e-05,10934357526398.0,127732645.33740696,287486
2022-07-19,1.196e-05,1.249e-05,1.141e-05,1.217e-05,9980072259689.0,119677103.32041727,252184
2022-07-20,1.216e-05,1.315e-05,1.166e-05,1.191e-05,12046434878375.0,150980371.9643326,316646
2022-07-21,1.192e-05,1.218e-05,1.146e-05,1.199e-05,6133555463224.0,72564803.30121626,152992
2022-07-22,1.199e-05,1.242e-05,1.159e-05,1.172e-05,4873113993558.0,58830789.17873736,119177
2022-07-23,1.171e-05,1.209e-05,1.131e-05,1.16e-05,3356970253148.0,39122060.25760642,94194
2022-07-24,1.159e-05,1.187e-05,1.153e-05,1.159e-05,2500622286214.0,29293854.09381929,67566
2022-07-25,1.159e-05,1.165e-05,1.067e-05,1.07e-05,3988801763250.0,44618619.46505749,97445
2022-07-26,1.071e-05,1.09e-05,1.029e-05,1.087e-05,4157066190292.0,43608845.47473528,112262
2022-07-27,1.087e-05,1.157e-05,1.051e-05,1.151e-05,6217998327485.0,68261585.06113125,149014
2022-07-28,1.151e-05,1.221e-05,1.1e-05,1.186e-05,7814715965413.0,90681137.88451543,184608
2022-07-29,1.186e-05,1.233e-05,1.143e-05,1.174e-05,6184638328537.0,73424207.4870789,164513
2022-07-30,1.174e-05,1.262e-05,1.157e-05,1.192e-05,9116645956050.0,111074987.12828916,233542
2022-07-31,1.192e-05,1.23e-05,1.167e-05,1.17e-05,5128040917129.0,61478760.11621071,130855
2022-08-01,1.17e-05,1.274e-05,1.166e-05,1.194e-05,8268184251929.0,100260006.55718817,210535
2022-08-02,1.193e-05,1.209e-05,1.145e-05,1.175e-05,5275719253804.0,62136770.22246024,140463
2022-08-03,1.174e-05,1.214e-05,1.16e-05,1.184e-05,4324756872547.0,51546871.5613608,112359
2022-08-04,1.183e-05,1.2e-05,1.166e-05,1.184e-05,3787968040126.0,44861533.03392189,89249
2022-08-05,1.184e-05,1.22e-05,1.178e-05,1.213e-05,4101105692930.0,49357388.87173308,99738
2022-08-06,1.214e-05,1.229e-05,1.193e-05,1.197e-05,3009773934380.0,36476003.3289542,76769
2022-08-07,1.197e-05,1.215e-05,1.181e-05,1.205e-05,2374485739522.0,28449932.39942752,61885
2022-08-08,1.205e-05,1.27e-05,1.203e-05,1.232e-05,7251947604965.0,90165755.16712037,170012
2022-08-09,1.232e-05,1.285e-05,1.169e-05,1.203e-05,7876531235065.0,96804421.6526253,181760
2022-08-10,1.203e-05,1.249e-05,1.174e-05,1.239e-05,5102852566437.0,62315462.61515245,116004
2022-08-11,1.239e-05,1.29e-05,1.222e-05,1.232e-05,6224238313535.0,77884241.06978057,141608
2022-08-12,1.232e-05,1.27e-05,1.217e-05,1.268e-05,3625043977723.0,45102303.25922243,85037
2022-08-13,1.267e-05,1.296e-05,1.25e-05,1.264e-05,4478298752314.0,56872322.20339665,108960
2022-08-14,1.264e-05,1.8e-05,1.26e-05,1.69e-05,50415814898917.0,798302772.9296091,1456540
2022-08-15,1.69e-05,1.77e-05,1.509e-05,1.527e-05,26203489872846.0,421751079.33666813,684845
2022-08-16,1.527e-05,1.659e-05,1.509e-05,1.581e-05,16377329176681.0,260516774.49120602,441704
2022-08-17,1.581e-05,1.643e-05,1.451e-05,1.478e-05,13678755609540.0,215053859.7119366,350283
2022-08-18,1.479e-05,1.499e-05,1.321e-05,1.348e-05,6470027600273.0,93371076.98086073,171629
2022-08-19,1.348e-05,1.407e-05,1.266e-05,1.315e-05,14868058086837.0,196726265.75286523,335809
2022-08-20,1.316e-05,1.386e-05,1.251e-05,1.288e-05,8489013835460.0,112151505.94416597,201173
2022-08-21,1.288e-05,1.378e-05,1.281e-05,1.348e-05,5150907490463.0,68260603.62601525,128529
2022-08-22,1.348e-05,1.352e-05,1.275e-05,1.316e-05,4357193197756.0,56903910.48226014,113141
2022-08-23,1.316e-05,1.338e-05,1.281e-05,1.332e-05,3775008027262.0,49639343.5174145,92498
2022-08-24,1.333e-05,1.357e-05,1.297e-05,1.306e-05,3887302064434.0,51311796.167055,93646
2022-08-25,1.306e-05,1.484e-05,1.303e-05,1.393e-05,11660706929311.0,163079161.6933062,284735
2022-08-26,1.393e-05,1.404e-05,1.23e-05,1.243e-05,10403327349455.0,137824851.01979843,237262
2022-08-27,1.244e-05,1.259e-05,1.185e-05,1.217e-05,4774487227623.0,58460774.44725477,125612
2022-08-28,1.217e-05,1.246e-05,1.171e-05,1.181e-05,3358145534520.0,41020109.4212921,90658
2022-08-29,1.181e-05,1.255e-05,1.169e-05,1.248e-05,4928742852587.0,59957340.76061582,116081
2022-08-30,1.247e-05,1.277e-05,1.191e-05,1.22e-05,4847186700843.0,59888682.27259522,117001
2022-08-31,1.219e-05,1.259e-05,1.201e-05,1.21e-05,3602191931728.0,44329794.95772266,93002
2022-09-01,1.21e-05,1.245e-05,1.187e-05,1.227e-05,3352277941514.0,40617677.16450875,87997
2022-09-02,1.226e-05,1.249e-05,1.201e-05,1.217e-05,3534474886064.0,43330645.78043968,92678
2022-09-03,1.217e-05,1.247e-05,1.21e-05,1.232e-05,2425548996465.0,29730586.58063691,61382
2022-09-04,1.231e-05,1.34e-05,1.226e-05,1.285e-05,7123201822668.0,91681715.5543802,173165
2022-09-05,1.284e-05,1.296e-05,1.222e-05,1.264e-05,3469570144713.0,43277545.00868795,90194
2022-09-06,1.264e-05,1.292e-05,1.172e-05,1.201e-05,6406180339072.0,78967507.13215639,153077
2022-09-07,1.201e-05,1.239e-05,1.174e-05,1.225e-05,3794025356532.0,45950689.68702063,90574
2022-09-08,1.225e-05,1.25e-05,1.198e-05,1.221e-05,3800781010622.0,46326924.66874115,91567
2022-09-09,1.222e-05,1.395e-05,1.22e-05,1.29e-05,12146968963850.0,157815362.52994192,293612
2022-09-10,1.291e-05,1.358e-05,1.27e-05,1.326e-05,7862404495503.0,103159726.02423231,177716
2022-09-11,1.325e-05,1.35e-05,1.25e-05,1.3e-05,7339681206996.0,95478066.01497807,155842
2022-09-12,1.299e-05,1.325e-05,1.25e-05,1.287e-05,5762847477527.0,74552257.42380282,143310
2022-09-13,1.287e-05,1.306e-05,1.19e-05,1.21e-05,6590857862088.0,82027142.88553742,158302
2022-09-14,1.209e-05,1.245e-05,1.193e-05,1.22e-05,4085115155664.0,49800784.68877617,97896
2022-09-15,1.219e-05,1.225e-05,1.149e-05,1.17e-05,4495833533021.0,53497180.91050709,111153
2022-09-16,1.171e-05,1.181e-05,1.127e-05,1.156e-05,3298852419916.0,38140497.57466185,80264
2022-09-17,1.157e-05,1.201e-05,1.156e-05,1.194e-05,2458893500139.0,28993101.27144088,61148
2022-09-18,1.193e-05,1.197e-05,1e-05,1.062e-05,4314954109867.0,48172679.78214165,110253
2022-09-19,1.062e-05,1.112e-05,1.05e-05,1.098e-05,5419699708117.0,58533360.3613382,116556
2022-09-20,1.099e-05,1.104e-05,1.046e-05,1.052e-05,3486712689042.0,37575348.53958639,78290
2022-09-21,1.052e-05,1.113e-05,1.011e-05,1.038e-05,5686856346060.0,60308456.92886119,135245
2022-09-22,1.038e-05,1.095e-05,1.033e-05,1.085e-05,2927075853087.0,31367554.35027535,74695
2022-09-23,1.085e-05,1.135e-05,1.05e-05,1.107e-05,5239924458549.0,57160649.56900569,114058
2022-09-24,1.107e-05,1.219e-05,1.095e-05,1.125e-05,11830871397156.0,137816737.6675172,248408
2022-09-25,1.125e-05,1.156e-05,1.086e-05,1.102e-05,4332753789077.0,48808424.66007138,99164
2022-09-26,1.101e-05,1.124e-05,1.078e-05,1.111e-05,3760352470392.0,41436568.91894045,88900
2022-09-27,1.112e-05,1.157e-05,1.084e-05,1.111e-05,5285520458959.0,59422252.32214964,103561
2022-09-28,1.112e-05,1.156e-05,1.071e-05,1.109e-05,4332851228234.0,48039047.8263665,92933
2022-09-29,1.109e-05,1.123e-05,1.09e-05,1.112e-05,2862695834419.0,31668798.97189551,60792
2022-09-30,1.112e-05,1.15e-05,1.102e-05,1.131e-05,4885641556941.0,54710609.31669529,97085
2022-10-01,1.131e-05,1.148e-05,1.108e-05,1.117e-05,2982804673143.0,33568759.63358086,63378
2022-10-02,1.118e-05,1.122e-05,1.077e-05,1.094e-05,3137132761936.0,34658008.97967708,66506
2022-10-03,1.095e-05,1.125e-05,1.083e-05,1.117e-05,3243269220110.0,35961704.07240744,62492
2022-10-04,1.118e-05,1.171e-05,1.109e-05,1.161e-05,5033215043704.0,57262705.14469791,101706
2022-10-05,1.161e-05,1.178e-05,1.113e-05,1.144e-05,4389502806903.0,50175103.03097592,90575
2022-10-06,1.145e-05,1.162e-05,1.11e-05,1.118e-05,3971646559472.0,45197969.27617064,78983
2022-10-07,1.119e-05,1.124e-05,1.09e-05,1.11e-05,2562495650558.0,28416541.01400442,55530
2022-10-08,1.109e-05,1.115e-05,1.082e-05,1.099e-05,1244603926339.0,13736928.59791389,33553
2022-10-09,1.1e-05,1.11e-05,1.095e-05,1.103e-05,1300705955235.0,14350810.90501768,34526
2022-10-10,1.103e-05,1.112e-05,9.91e-06,1.022e-05,2969236079896.0,31578095.93716876,78248
2022-10-11,1.023e-05,1.042e-05,9.71e-06,1.025e-05,3293699760673.0,33531842.33764515,79920
2022-10-12,1.025e-05,1.041e-05,1.006e-05,1.017e-05,1577859402899.0,16149988.43004134,42959
2022-10-13,1.017e-05,1.081e-05,9.24e-06,1.038e-05,8076436426533.0,80554104.10164614,182819
2022-10-14,1.038e-05,1.075e-05,1e-05,1.018e-05,4383296405559.0,45465117.24146511,84896
2022-10-15,1.018e-05,1.052e-05,1.001e-05,1.022e-05,2770113053298.0,28366623.19773172,58605
2022-10-16,1.022e-05,1.038e-05,1.017e-05,1.027e-05,1830547789278.0,18813641.85671017,42931
2022-10-17,1.028e-05,1.047e-05,1.021e-05,1.039e-05,1759178529774.0,18172302.03640448,42940
2022-10-18,1.039e-05,1.05e-05,9.97e-06,1.016e-05,3596130668012.0,36702861.06206346,67267
2022-10-19,1.016e-05,1.019e-05,9.5e-06,9.86e-06,2211035331968.0,22081462.02217295,56494
2022-10-20,9.85e-06,1.014e-05,9.79e-06,9.9e-06,2661345942701.0,26518438.39034213,54009
2022-10-21,9.91e-06,1.006e-05,9.59e-06,1.001e-05,3199595857163.0,31497446.48099491,60177
2022-10-22,1.001e-05,1.008e-05,9.91e-06,9.99e-06,1337503084494.0,13370919.68264797,32995
2022-10-23,1e-05,1.019e-05,9.85e-06,1.016e-05,1582529358238.0,15849333.08836506,39478
2022-10-24,1.016e-05,1.019e-05,9.84e-06,9.93e-06,1765236484992.0,17616488.7918675,39610
2022-10-25,9.93e-06,1.041e-05,9.83e-06,1.021e-05,3732194776148.0,37890995.36656737,77547
2022-10-26,1.022e-05,1.088e-05,1.018e-05,1.078e-05,7279936298276.0,76860312.34640707,146396
2022-10-27,1.078e-05,1.184e-05,1.057e-05,1.063e-05,13621582231647.0,151801687.10720292,299560
2022-10-28,1.064e-05,1.222e-05,1.031e-05,1.171e-05,14447832988502.0,163368442.25490996,329276
2022-10-29,1.172e-05,1.519e-05,1.153e-05,1.291e-05,38248412902455.0,505307482.113433,1024564
2022-10-30,1.291e-05,1.393e-05,1.158e-05,1.192e-05,17446983211032.0,220998715.45133165,481579
2022-10-31,1.191e-05,1.318e-05,1.17e-05,1.245e-05,13768053025197.0,170134945.7596131,354644
2022-11-01,1.244e-05,1.353e-05,1.226e-05,1.285e-05,15188495088643.0,196015417.4386303,367784
2022-11-02,1.284e-05,1.298e-05,1.15e-05,1.176e-05,11418270952810.0,139733681.4868237,288833
2022-11-03,1.177e-05,1.239e-05,1.161e-05,1.175e-05,5344825803657.0,64302559.25951284,146801
2022-11-04,1.174e-05,1.366e-05,1.157e-05,1.251e-05,11538591892446.0,145443054.75825658,308897
2022-11-05,1.251e-05,1.319e-05,1.213e-05,1.245e-05,8353324705547.0,105884190.22647002,207171
2022-11-06,1.245e-05,1.29e-05,1.175e-05,1.184e-05,6369480625417.0,79186482.4230802,169823
2022-11-07,1.184e-05,1.211e-05,1.15e-05,1.179e-05,4625812755241.0,55098478.34519585,145397
2022-11-08,1.179e-05,1.19e-05,9.3e-06,1.017e-05,13036683109306.0,139681398.39467892,381080
2022-11-09,1.018e-05,1.03e-05,8.29e-06,8.74e-06,10349351102609.0,98646680.03289323,322125
2022-11-10,8.74e-06,1.055e-05,8.61e-06,1.022e-05,10675832156414.0,104801255.3936047,287383
2022-11-11,1.021e-05,1.047e-05,9.38e-06,9.9e-06,6297897596682.0,62378948.87039829,173410
2022-11-12,9.9e-06,9.94e-06,9.28e-06,9.58e-06,5939210185815.0,56998251.24270724,148143
2022-11-13,9.57e-06,9.75e-06,8.88e-06,9.01e-06,4859458321282.0,45111582.04737619,144445
2022-11-14,9.01e-06,9.4e-06,8.55e-06,9.09e-06,6678141798685.0,60257854.41611112,176330
2022-11-15,9.09e-06,9.58e-06,8.99e-06,9.27e-06,3756506091680.0,34739457.28189334,97500
2022-11-16,9.27e-06,9.67e-06,8.96e-06,9.14e-06,5400423301527.0,50322674.15295758,140324
2022-11-17,9.14e-06,9.22e-06,8.91e-06,9.05e-06,2233033932452.0,20294002.94460976,63112
2022-11-18,9.05e-06,9.26e-06,8.98e-06,9.1e-06,1810011668217.0,16501548.57056609,50993
2022-11-19,9.11e-06,9.24e-06,8.94e-06,9.15e-06,1362392325108.0,12394463.31500895,39369
2022-11-20,9.15e-06,9.24e-06,8.68e-06,8.79e-06,2565520590753.0,23027026.52232157,66494
2022-11-21,8.78e-06,8.79e-06,8.23e-06,8.42e-06,4011034482312.0,34278843.61251325,100156
2022-11-22,8.43e-06,8.84e-06,8.17e-06,8.81e-06,3390862448014.0,28870204.38641498,79849
2022-11-23,8.82e-06,9.13e-06,8.75e-06,9.05e-06,3730818855239.0,33441784.01079313,84406
2022-11-24,9.06e-06,9.2e-06,8.89e-06,9.02e-06,2301875142944.0,20784012.98202478,55096
2022-11-25,9.02e-06,9.47e-06,8.85e-06,9.19e-06,4416567841591.0,40322322.46552508,92431
2022-11-26,9.18e-06,9.37e-06,8.92e-06,9.01e-06,2725531976798.0,25117079.03037984,60876
2022-11-27,9.01e-06,9.64e-06,9e-06,9.28e-06,4775213189721.0,44776364.725725,99143
2022-11-28,9.28e-06,9.38e-06,8.75e-06,9.08e-06,3912067638483.0,35275224.41534166,92053
2022-11-29,9.09e-06,9.31e-06,9e-06,9.07e-06,2847884573966.0,26028732.99376403,64394
2022-11-30,9.07e-06,9.4e-06,9.02e-06,9.35e-06,3926596175012.0,36329003.04103741,86913
2022-12-01,9.35e-06,9.38e-06,9.11e-06,9.21e-06,1947260457687.0,17971045.90082735,47548
2022-12-02,9.2e-06,9.36e-06,9.07e-06,9.33e-06,2000166546163.0,18457363.6588185,49800
2022-12-03,9.34e-06,9.49e-06,9.15e-06,9.19e-06,2281576999612.0,21296251.67271888,50294
2022-12-04,9.19e-06,9.39e-06,9.18e-06,9.35e-06,1273992471413.0,11846299.27584194,33328
2022-12-05,9.36e-06,1.016e-05,9.25e-06,9.42e-06,5329111994610.0,51501761.91348593,131952
2022-12-06,9.42e-06,9.46e-06,9.2e-06,9.31e-06,1734204418297.0,16171257.84490989,43267
2022-12-07,9.31e-06,9.36e-06,8.94e-06,9.1e-06,2240336832471.0,20403701.93041732,56232
2022-12-08,9.1e-06,9.33e-06,9.05e-06,9.27e-06,1634709882242.0,15037050.54713581,40320
2022-12-09,9.27e-06,9.36e-06,9.15e-06,9.21e-06,1359319289109.0,12580869.77720039,35871
2022-12-10,9.22e-06,9.3e-06,9.15e-06,9.18e-06,714368430941.0,6591926.21530691,23375
2022-12-11,9.18e-06,9.29e-06,9.06e-06,9.1e-06,1208493401276.0,11117715.27395464,29685
2022-12-12,9.11e-06,9.11e-06,8.4e-06,8.97e-06,3378531664744.0,29837856.66110918,78165
2022-12-13,8.97e-06,9.35e-06,8.61e-06,9.17e-06,3725140541261.0,33650378.9528957,88201
2022-12-14,9.18e-06,9.27e-06,8.86e-06,8.95e-06,2376158101846.0,21609674.20232699,60814
2022-12-15,8.94e-06,9e-06,8.74e-06,8.86e-06,1790970744844.0,15874682.76078988,43297
2022-12-16,8.87e-06,9.01e-06,8.01e-06,8.18e-06,3924033097030.0,33406656.38232032,107931
2022-12-17,8.19e-06,8.37e-06,8e-06,8.29e-06,3047336502817.0,24907751.45867613,77521
2022-12-18,8.3e-06,9.1e-06,8.2e-06,8.55e-06,7575661712113.0,65583811.89297979,159308
2022-12-19,8.55e-06,8.78e-06,7.93e-06,8.14e-06,5615048040850.0,47618444.85839228,111239
2022-12-20,8.15e-06,8.5e-06,8.14e-06,8.46e-06,2261737379441.0,18931816.06432896,44995
2022-12-21,8.46e-06,8.49e-06,8.17e-06,8.25e-06,1730307928215.0,14344921.26529691,35458
2022-12-22,8.25e-06,8.44e-06,8.17e-06,8.35e-06,1767389949908.0,14640527.82974593,35691
2022-12-23,8.35e-06,8.42e-06,8.2e-06,8.27e-06,1500051663366.0,12475395.29162944,30006
2022-12-24,8.26e-06,8.35e-06,8.23e-06,8.32e-06,644716773065.0,5349911.22799965,17686
2022-12-25,8.33e-06,8.39e-06,8.19e-06,8.29e-06,1138810259133.0,9421786.36152984,23981
2022-12-26,8.28e-06,8.35e-06,8.25e-06,8.32e-06,838297538161.0,6958425.94290315,20765
2022-12-27,8.32e-06,8.36e-06,8.03e-06,8.19e-06,1581832960993.0,12996995.08373923,33831
2022-12-28,8.2e-06,8.2e-06,7.78e-06,7.92e-06,2639562188882.0,21068807.55858767,48252
2022-12-29,7.93e-06,8.3e-06,7.88e-06,8.2e-06,3460510007718.0,27972637.63311423,54131
2022-12-30,8.2e-06,8.23e-06,7.91e-06,8.05e-06,1959703585977.0,15773089.66433765,39177
2022-12-31,8.06e-06,8.19e-06,8.01e-06,8.08e-06,923768275029.0,7483921.70465073,21142
2023-01-01,8.08e-06,8.14e-06,8e-06,8.12e-06,850264215933.0,6861389.6842374,18402
2023-01-02,8.13e-06,8.26e-06,8.02e-06,8.19e-06,1842195745663.0,15053721.27459785,33967
2023-01-03,8.19e-06,8.22e-06,8.05e-06,8.15e-06,1593513507866.0,12979734.6334522,29234
2023-01-04,8.15e-06,8.52e-06,8.12e-06,8.37e-06,3191154803700.0,26362240.42731827,52331
2023-01-05,8.37e-06,8.81e-06,8.28e-06,8.36e-06,5495063230679.0,46930683.58025537,78335
2023-01-06,8.37e-06,8.48e-06,8.17e-06,8.44e-06,3022274285237.0,25202899.38438911,45408
2023-01-07,8.44e-06,8.71e-06,8.37e-06,8.42e-06,2662676202485.0,22638949.42734219,40759
2023-01-08,8.42e-06,8.69e-06,8.32e-06,8.65e-06,2403138475164.0,20415571.14231978,36891
2023-01-09,8.65e-06,9.2e-06,8.57e-06,8.68e-06,8368683735766.0,74156778.82980184,132142
2023-01-10,8.68e-06,9.67e-06,8.54e-06,9.27e-06,10594723479885.0,96902727.1321186,173139
2023-01-11,9.26e-06,9.27e-06,8.65e-06,9.13e-06,6710235345405.0,59918362.55547096,101043
2023-01-12,9.12e-06,9.68e-06,8.82e-06,9.47e-06,10506468240759.0,97636494.09919876,173552
2023-01-13,9.46e-06,1.028e-05,9.28e-06,1.02e-05,8242207917576.0,80009082.05354749,151065
2023-01-14,1.021e-05,1.111e-05,9.57e-06,1.039e-05,13564738663392.0,141520341.48177463,283307
2023-01-15,1.039e-05,1.1e-05,9.8e-06,1.067e-05,8817892292444.0,90661540.96843334,173585
2023-01-16,1.066e-05,1.104e-05,1.007e-05,1.052e-05,8809341795813.0,93297421.43675461,182090
2023-01-17,1.053e-05,1.082e-05,1.025e-05,1.055e-05,5203544145807.0,55014854.97137465,99211
2023-01-18,1.055e-05,1.294e-05,1.052e-05,1.117e-05,27823878865954.0,332647481.4924927,591531
2023-01-19,1.116e-05,1.179e-05,1.08e-05,1.154e-05,6554730277087.0,73733225.60789825,148747
2023-01-20,1.155e-05,1.242e-05,1.133e-05,1.223e-05,6899670807824.0,81411975.88999844,142278
2023-01-21,1.222e-05,1.25e-05,1.175e-05,1.186e-05,9381367606181.0,113956353.9134136,200228
2023-01-22,1.186e-05,1.25e-05,1.154e-05,1.2e-05,6678837841496.0,80723915.42658672,161654
2023-01-23,1.2e-05,1.22e-05,1.179e-05,1.199e-05,4367299904189.0,52628753.1034881,101240
2023-01-24,1.2e-05,1.22e-05,1.086e-05,1.119e-05,4793419300825.0,56254898.45249167,125557
2023-01-25,1.119e-05,1.195e-05,1.086e-05,1.163e-05,5045479119632.0,57250235.0232563,120223
2023-01-26,1.163e-05,1.188e-05,1.137e-05,1.162e-05,3865437893738.0,44989493.6103934,87000
2023-01-27,1.161e-05,1.188e-05,1.129e-05,1.173e-05,3346059970612.0,38757204.12271649,81444
2023-01-28,1.172e-05,1.233e-05,1.164e-05,1.182e-05,5505268916030.0,65808923.47130855,112363
2023-01-29,1.182e-05,1.216e-05,1.174e-05,1.207e-05,3588312469873.0,43034961.16906138,78893
2023-01-30,1.207e-05,1.214e-05,1.112e-05,1.152e-05,5776776793687.0,67346408.78532839,128346
2023-01-31,1.151e-05,1.199e-05,1.144e-05,1.181e-05,5739290681343.0,67593535.08656074,117845
2023-02-01,1.182e-05,1.206e-05,1.13e-05,1.197e-05,5992313769482.0,70043370.77134284,131982
2023-02-02,1.197e-05,1.3e-05,1.191e-05,1.214e-05,10259662694850.0,127284034.87429002,235833
2023-02-03,1.213e-05,1.292e-05,1.205e-05,1.272e-05,7741777788731.0,96555686.22238386,167517
2023-02-04,1.272e-05,1.575e-05,1.27e-05,1.47e-05,26841973406474.0,387410377.79830617,610577
2023-02-05,1.469e-05,1.535e-05,1.393e-05,1.43e-05,14397063826582.0,210825548.2446645,338370
2023-02-06,1.43e-05,1.484e-05,1.392e-05,1.407e-05,8897786131595.0,128203985.82736544,230303
2023-02-07,1.408e-05,1.449e-05,1.375e-05,1.439e-05,7914133180711.0,111394401.0619274,175357
2023-02-08,1.438e-05,1.455e-05,1.35e-05,1.375e-05,5469195927793.0,76607390.73373216,128015
2023-02-09,1.375e-05,1.384e-05,1.17e-05,1.216e-05,8714983651395.0,112301436.10187042,200101
2023-02-10,1.215e-05,1.332e-05,1.209e-05,1.287e-05,8268457571988.0,104034284.01425892,190154
2023-02-11,1.287e-05,1.31e-05,1.238e-05,1.291e-05,5125614549958.0,65195920.26973389,120412
2023-02-12,1.29e-05,1.353e-05,1.256e-05,1.283e-05,5772074649818.0,75137934.95970431,133907
2023-02-13,1.283e-05,1.307e-05,1.198e-05,1.247e-05,6009240295067.0,75051752.63067503,150325
2023-02-14,1.247e-05,1.284e-05,1.205e-05,1.275e-05,5073571949258.0,63458996.77646597,130974
2023-02-15,1.276e-05,1.388e-05,1.254e-05,1.375e-05,6871185737375.0,90818590.6736971,179417
2023-02-16,1.376e-05,1.399e-05,1.256e-05,1.269e-05,9995174670814.0,134522421.51445836,235286
2023-02-17,1.27e-05,1.336e-05,1.262e-05,1.317e-05,5633158730707.0,73741920.36100361,129081
2023-02-18,1.316e-05,1.341e-05,1.303e-05,1.319e-05,3424535007822.0,45237819.00344795,81192
2023-02-19,1.319e-05,1.4e-05,1.309e-05,1.332e-05,7592815706888.0,102675096.47713491,180166
2023-02-20,1.333e-05,1.378e-05,1.302e-05,1.349e-05,4585094772086.0,61791189.36930815,120486
2023-02-21,1.35e-05,1.362e-05,1.283e-05,1.306e-05,5162486302802.0,68335412.25946274,124686
2023-02-22,1.306e-05,1.317e-05,1.253e-05,1.315e-05,4225485969371.0,54003332.93214021,113097
2023-02-23,1.315e-05,1.367e-05,1.293e-05,1.313e-05,5938818385848.0,78956877.95232701,156799
2023-02-24,1.314e-05,1.323e-05,1.22e-05,1.255e-05,4159633847625.0,53211735.87994068,110514
2023-02-25,1.254e-05,1.264e-05,1.198e-05,1.24e-05,3029961762074.0,37401140.98874012,83978
2023-02-26,1.24e-05,1.318e-05,1.232e-05,1.284e-05,2954433209528.0,37465360.00367014,81525
2023-02-27,1.284e-05,1.288e-05,1.233e-05,1.251e-05,2695366446148.0,34006156.87350159,75957
2023-02-28,1.252e-05,1.255e-05,1.195e-05,1.202e-05,2072559894012.0,25487943.97891423,66432
2023-03-01,1.201e-05,1.243e-05,1.191e-05,1.226e-05,2251698380187.0,27598859.58500941,63842
2023-03-02,1.225e-05,1.23e-05,1.173e-05,1.206e-05,3228350743223.0,38676371.04144562,82240
2023-03-03,1.206e-05,1.207e-05,1.089e-05,1.139e-05,4644031581229.0,52517325.4540308,121456
2023-03-04,1.139e-05,1.146e-05,1.077e-05,1.113e-05,2647610346497.0,29469924.31196151,62338
2023-03-05,1.112e-05,1.131e-05,1.1e-05,1.109e-05,2013042568935.0,22493703.56582052,50637
2023-03-06,1.11e-05,1.123e-05,1.086e-05,1.115e-05,2211018814640.0,24409498.37200121,55871
2023-03-07,1.115e-05,1.13e-05,1.06e-05,1.112e-05,4031444669198.0,43914598.04565002,89870
2023-03-08,1.112e-05,1.169e-05,1.072e-05,1.093e-05,7422023960448.0,83035751.83318195,169968
2023-03-09,1.094e-05,1.115e-05,9.82e-06,1.008e-05,7443608757808.0,78667958.86878376,153329
2023-03-10,1.007e-05,1.036e-05,9.65e-06,1.028e-05,7261715154595.0,72921863.84149909,149762
2023-03-11,1.027e-05,1.052e-05,9.87e-06,1.029e-05,4547992782915.0,46175175.50604463,109838
2023-03-12,1.029e-05,1.082e-05,1.001e-05,1.073e-05,4525545113616.0,46841057.7613179,106558
2023-03-13,1.073e-05,1.12e-05,1.038e-05,1.103e-05,7433981568030.0,80632923.57714294,169981
2023-03-14,1.103e-05,1.186e-05,1.082e-05,1.126e-05,9319020537701.0,105144616.66540805,201779
2023-03-15,1.125e-05,1.142e-05,1.015e-05,1.038e-05,7396361225996.0,79873284.01945388,167586
2023-03-16,1.039e-05,1.06e-05,1.019e-05,1.05e-05,4570556659781.0,47608459.83812522,103402
2023-03-17,1.05e-05,1.12e-05,1.041e-05,1.113e-05,5724349723305.0,61878810.99152796,130031
2023-03-18,1.113e-05,1.137e-05,1.061e-05,1.071e-05,6917471190090.0,76554905.32524766,148385
2023-03-19,1.071e-05,1.115e-05,1.068e-05,1.091e-05,4464019345364.0,48850040.65377083,100696
2023-03-20,1.091e-05,1.102e-05,1.034e-05,1.044e-05,5274883671731.0,56246954.87955937,131919
2023-03-21,1.044e-05,1.11e-05,1.028e-05,1.093e-05,5891785837880.0,63295349.61972996,134140
2023-03-22,1.093e-05,1.105e-05,1.022e-05,1.058e-05,6102127290765.0,65725883.6996641,148142
2023-03-23,1.057e-05,1.095e-05,1.053e-05,1.084e-05,3480006425574.0,37420118.02812594,88130
2023-03-24,1.084e-05,1.088e-05,1.035e-05,1.061e-05,2707661962000.0,28795806.11574619,70054
2023-03-25,1.061e-05,1.071e-05,1.036e-05,1.051e-05,1975974162633.0,20874850.57853479,50426
2023-03-26,1.05e-05,1.069e-05,1.047e-05,1.061e-05,1733846095932.0,18326383.27316799,43562
2023-03-27,1.062e-05,1.099e-05,1.017e-05,1.041e-05,5094344560813.0,53826682.2372416,121077
2023-03-28,1.041e-05,1.051e-05,1.026e-05,1.045e-05,2369845460252.0,24557844.41278376,55854
2023-03-29,1.045e-05,1.087e-05,1.043e-05,1.068e-05,3796626665099.0,40630418.11103593,93122
2023-03-30,1.068e-05,1.08e-05,1.038e-05,1.057e-05,3070212789311.0,32535013.98998473,75426
2023-03-31,1.057e-05,1.096e-05,1.047e-05,1.083e-05,2670659221921.0,28582319.73110856,66288
2023-04-01,1.083e-05,1.153e-05,1.068e-05,1.118e-05,5770210398374.0,64206524.88220318,155008
2023-04-02,1.117e-05,1.149e-05,1.069e-05,1.078e-05,4236671693089.0,46923090.81342651,118246
2023-04-03,1.078e-05,1.165e-05,1.049e-05,1.123e-05,9363076791716.0,104188768.06811126,255826
2023-04-04,1.123e-05,1.159e-05,1.106e-05,1.123e-05,6466305106698.0,73219504.55965737,163272
2023-04-05,1.122e-05,1.148e-05,1.102e-05,1.123e-05,3540183475233.0,39914090.8707797,98371
2023-04-06,1.123e-05,1.125e-05,1.084e-05,1.095e-05,3350486918951.0,36907979.07722861,90683
2023-04-07,1.096e-05,1.101e-05,1.08e-05,1.093e-05,1765411125672.0,19259357.85482944,52815
2023-04-08,1.092e-05,1.107e-05,1.077e-05,1.086e-05,1583903238088.0,17285159.7194336,48833
2023-04-09,1.085e-05,1.101e-05,1.08e-05,1.096e-05,1656884899158.0,18067744.99705363,45279
2023-04-10,1.096e-05,1.116e-05,1.085e-05,1.113e-05,1996132132487.0,21928329.82265186,56149
2023-04-11,1.112e-05,1.119e-05,1.101e-05,1.104e-05,2117146883828.0,23518914.00628302,59050
2023-04-12,1.103e-05,1.108e-05,1.058e-05,1.096e-05,3243310262100.0,35244914.43327014,88810
2023-04-13,1.096e-05,1.123e-05,1.089e-05,1.11e-05,2253740621263.0,24965011.02601521,63246
2023-04-14,1.109e-05,1.149e-05,1.096e-05,1.124e-05,4762564752598.0,53602973.65101142,117462
2023-04-15,1.125e-05,1.16e-05,1.105e-05,1.156e-05,3144476864544.0,35535509.71685385,81268
2023-04-16,1.155e-05,1.188e-05,1.14e-05,1.157e-05,5049204811906.0,58632725.06924733,131219
2023-04-17,1.157e-05,1.171e-05,1.118e-05,1.137e-05,5098091891116.0,58425044.27124131,123639
2023-04-18,1.136e-05,1.172e-05,1.124e-05,1.157e-05,3285349981096.0,37903512.72661525,81544
2023-04-19,1.157e-05,1.16e-05,1.06e-05,1.083e-05,4682387214969.0,51804350.36587795,153522
2023-04-20,1.082e-05,1.102e-05,1.035e-05,1.059e-05,3318052892475.0,35701831.46820455,101043
2023-04-21,1.059e-05,1.069e-05,1.003e-05,1.029e-05,3263313680091.0,34000912.10965884,80649
2023-04-22,1.029e-05,1.05e-05,1.016e-05,1.046e-05,1314285267025.0,13555992.01430599,37586
2023-04-23,1.046e-05,1.047e-05,1.006e-05,1.032e-05,1469516512001.0,15151845.31899886,46270
2023-04-24,1.032e-05,1.042e-05,1.011e-05,1.027e-05,1764517783418.0,18146983.10978556,45420
2023-04-25,1.027e-05,1.044e-05,1.008e-05,1.036e-05,1616232122285.0,16544030.64661848,42508
2023-04-26,1.036e-05,1.075e-05,9.72e-06,1.017e-05,3550674516171.0,36582702.18082761,102577
2023-04-27,1.016e-05,1.039e-05,1.014e-05,1.027e-05,1812275518866.0,18631007.45257682,59388
2023-04-28,1.027e-05,1.031e-05,1.009e-05,1.024e-05,1096112696872.0,11209717.0699991,36115
2023-04-29,1.024e-05,1.037e-05,1.018e-05,1.03e-05,900959748756.0,9267499.14278368,31752
2023-04-30,1.029e-05,1.031e-05,1.002e-05,1.007e-05,1216958085323.0,12409922.72509151,37867
2023-05-01,1.008e-05,1.012e-05,9.74e-06,9.96e-06,2356359497533.0,23458524.50126924,71731
2023-05-02,9.96e-06,1.012e-05,9.85e-06,1.001e-05,1357156389385.0,13505464.47177223,44575
2023-05-03,1.001e-05,1.02e-05,9.81e-06,1.011e-05,1648549293278.0,16407397.06580476,57205
2023-05-04,1.012e-05,1.013e-05,9.87e-06,9.89e-06,1274110970422.0,12721769.746999,40532
2023-05-05,9.89e-06,1.004e-05,9.76e-06,9.99e-06,2112846133765.0,20970973.35314039,70379
2023-05-06,9.99e-06,1.005e-05,9.18e-06,9.45e-06,3625632012261.0,34830376.64089519,101113
2023-05-07,9.45e-06,9.54e-06,9.3e-06,9.34e-06,1556190141044.0,14675397.95585773,46376
2023-05-08,9.34e-06,9.36e-06,8.32e-06,8.92e-06,3889321105824.0,34593518.1610982,128446
2023-05-09,8.91e-06,9.03e-06,8.7e-06,9e-06,2018003403801.0,17860757.66708186,59163
2023-05-10,8.99e-06,9.14e-06,8.61e-06,8.99e-06,3263282853120.0,29160495.81678446,76242
2023-05-11,8.99e-06,9.01e-06,8.51e-06,8.68e-06,1767114263611.0,15467604.77018922,55701
2023-05-12,8.68e-06,8.85e-06,8.45e-06,8.84e-06,2603385190993.0,22468867.70102432,65342
2023-05-13,8.84e-06,8.85e-06,8.66e-06,8.72e-06,1426741210569.0,12492581.86997452,39470
2023-05-14,8.72e-06,8.88e-06,8.64e-06,8.79e-06,1378289685706.0,12093995.11607029,36525
2023-05-15,8.78e-06,8.92e-06,8.65e-06,8.79e-06,1752076011057.0,15476381.08306001,43080
2023-05-16,8.79e-06,8.83e-06,8.67e-06,8.77e-06,1691962001915.0,14815235.2461828,39330
2023-05-17,8.78e-06,8.85e-06,8.58e-06,8.77e-06,2223384388589.0,19396109.72248804,50698
2023-05-18,8.77e-06,8.83e-06,8.48e-06,8.7e-06,1990074700429.0,17312644.7999908,45631
2023-05-19,8.7e-06,8.74e-06,8.64e-06,8.67e-06,1055448508648.0,9168001.08800103,24490
2023-05-20,8.68e-06,8.77e-06,8.63e-06,8.72e-06,757363955289.0,6582940.31464018,21181
2023-05-21,8.72e-06,8.76e-06,8.47e-06,8.52e-06,1185236826488.0,10185063.021603,28883
2023-05-22,8.52e-06,9.02e-06,8.41e-06,8.79e-06,3420325497779.0,29944470.66111907,72235
2023-05-23,8.78e-06,9.18e-06,8.78e-06,8.9e-06,2439852866035.0,21823065.74536977,55783
2023-05-24,8.9e-06,8.9e-06,8.39e-06,8.5e-06,2118807700326.0,18185501.13149364,51176
2023-05-25,8.51e-06,8.68e-06,8.28e-06,8.5e-06,2258494837277.0,19130589.68733594,45255
2023-05-26,8.5e-06,8.64e-06,8.43e-06,8.54e-06,1688174763504.0,14349336.49893893,33819
2023-05-27,8.54e-06,8.66e-06,8.5e-06,8.63e-06,789888515493.0,6763177.39676195,22660
2023-05-28,8.63e-06,8.9e-06,8.59e-06,8.81e-06,2373421302586.0,20833811.30440171,57845
2023-05-29,8.81e-06,8.87e-06,8.68e-06,8.7e-06,1197899190383.0,10522639.20105335,31974
2023-05-30,8.7e-06,8.83e-06,8.62e-06,8.68e-06,1321028216203.0,11507919.3765578,37910
2023-05-31,8.67e-06,8.71e-06,8.3e-06,8.59e-06,1749906585943.0,14845881.80986632,44192
2023-06-01,8.58e-06,8.78e-06,8.43e-06,8.45e-06,1564590690358.0,13360515.97783567,38758
2023-06-02,8.46e-06,8.74e-06,8.24e-06,8.6e-06,2163646344711.0,18360018.85947133,50949
2023-06-03,8.6e-06,8.7e-06,8.52e-06,8.59e-06,870629409238.0,7498630.22302359,22336
2023-06-04,8.59e-06,8.69e-06,8.54e-06,8.6e-06,951138694722.0,8220410.74975141,23473
2023-06-05,8.6e-06,8.66e-06,7.73e-06,7.97e-06,3565652713165.0,28914020.52695146,84544
2023-06-06,7.97e-06,8.24e-06,7.85e-06,8.18e-06,1806817463507.0,14579001.57240968,43821
2023-06-07,8.17e-06,8.2e-06,7.76e-06,7.88e-06,1788220513334.0,14242101.62246326,44567
2023-06-08,7.88e-06,8.01e-06,7.81e-06,7.94e-06,1080518137129.0,8574967.78381153,27194
2023-06-09,7.94e-06,8.05e-06,7.81e-06,7.88e-06,1322737745993.0,10487851.9222797,30658
2023-06-10,7.88e-06,7.93e-06,5.43e-06,6.85e-06,12003560719162.0,76523758.08399539,281047
2023-06-11,6.86e-06,6.87e-06,6.54e-06,6.67e-06,2330156275065.0,15670873.89823812,50881
2023-06-12,6.67e-06,6.7e-06,6.39e-06,6.66e-06,2017927256546.0,13298089.63808816,45365
2023-06-13,6.66e-06,6.94e-06,6.6e-06,6.79e-06,1703564639892.0,11499467.57599465,40341
2023-06-14,6.8e-06,6.94e-06,6.43e-06,6.56e-06,2458558326474.0,16517648.30824862,47596
2023-06-15,6.55e-06,6.84e-06,6.5e-06,6.75e-06,1639582394358.0,10881568.37689318,35809
2023-06-16,6.75e-06,6.87e-06,6.6e-06,6.83e-06,1493042477928.0,10086493.10856874,34412
2023-06-17,6.83e-06,7e-06,6.78e-06,6.98e-06,1354894460672.0,9357603.16656505,28056
2023-06-18,6.98e-06,7.55e-06,6.91e-06,7.21e-06,5301731408246.0,38432454.50625323,101760
2023-06-19,7.21e-06,7.33e-06,7.04e-06,7.23e-06,2774882845917.0,19947582.79523929,55671
2023-06-20,7.23e-06,7.29e-06,6.98e-06,7.27e-06,2866770890062.0,20503020.1111628,49308
2023-06-21,7.27e-06,7.62e-06,7.25e-06,7.55e-06,4446073153306.0,33067384.19022545,77028
2023-06-22,7.54e-06,8.46e-06,7.53e-06,7.8e-06,10240424949174.0,82357257.3982789,200953
2023-06-23,7.8e-06,8.15e-06,7.7e-06,7.94e-06,4459410116198.0,35337184.60002305,85621
2023-06-24,7.93e-06,8.08e-06,7.66e-06,7.81e-06,3193379611883.0,25196928.19443814,64403
2023-06-25,7.81e-06,8.04e-06,7.76e-06,7.86e-06,2468016828827.0,19457388.34301526,51154
2023-06-26,7.86e-06,7.97e-06,7.43e-06,7.55e-06,3390314195690.0,26060791.44184836,63922
2023-06-27,7.56e-06,7.68e-06,7.46e-06,7.6e-06,2134524749000.0,16189022.01229904,41448
2023-06-28,7.6e-06,7.6e-06,7.02e-06,7.23e-06,3427771582600.0,25085154.16552406,64270
2023-06-29,7.23e-06,7.44e-06,7.19e-06,7.32e-06,2137923421361.0,15655530.036111,37117
2023-06-30,7.33e-06,7.66e-06,7.02e-06,7.55e-06,5111718731239.0,38033453.45379986,97666
2023-07-01,7.56e-06,7.78e-06,7.49e-06,7.64e-06,2978679966632.0,22723892.29719898,55178
2023-07-02,7.65e-06,7.72e-06,7.42e-06,7.66e-06,2610338964881.0,19777337.26257421,46913
2023-07-03,7.65e-06,7.8e-06,7.62e-06,7.77e-06,2773900333396.0,21363219.16981416,50482
2023-07-04,7.77e-06,7.86e-06,7.59e-06,7.67e-06,3904753499556.0,30222404.2392549,62238
2023-07-05,7.68e-06,7.74e-06,7.35e-06,7.46e-06,3361646209021.0,25320955.95278727,54758
2023-07-06,7.47e-06,7.67e-06,7.12e-06,7.14e-06,3865458902571.0,28477392.3578342,62595
2023-07-07,7.15e-06,7.32e-06,7.06e-06,7.32e-06,2490785090808.0,18018590.73330367,37550
2023-07-08,7.32e-06,7.73e-06,7.26e-06,7.64e-06,2660259605628.0,19919831.77928555,45014
2023-07-09,7.64e-06,7.8e-06,7.57e-06,7.74e-06,3451776603442.0,26549924.17812644,58496
2023-07-10,7.74e-06,7.74e-06,7.4e-06,7.54e-06,3074107278456.0,23229560.16123172,54899
2023-07-11,7.54e-06,7.62e-06,7.43e-06,7.53e-06,1758846629909.0,13233111.19325587,33429
2023-07-12,7.53e-06,7.6e-06,7.33e-06,7.51e-06,1855428868306.0,13909841.08808532,36350
2023-07-13,7.5e-06,8.13e-06,7.43e-06,7.97e-06,5499806008056.0,42923694.49264458,100930
2023-07-14,7.98e-06,8.44e-06,7.58e-06,7.98e-06,7679566104281.0,61699035.55122571,143615
2023-07-15,7.99e-06,8.53e-06,7.9e-06,8.09e-06,5763932265849.0,47593437.38749361,122711
2023-07-16,8.09e-06,8.17e-06,7.81e-06,7.86e-06,2741848326245.0,21933858.47690572,52919
2023-07-17,7.86e-06,8.08e-06,7.6e-06,7.85e-06,3140796103960.0,24615600.26145097,65538
2023-07-18,7.85e-06,7.9e-06,7.56e-06,7.72e-06,2052593819340.0,15845804.5477329,45051
2023-07-19,7.72e-06,7.85e-06,7.64e-06,7.74e-06,2228128678979.0,17273327.66536893,43844
2023-07-20,7.75e-06,7.93e-06,7.6e-06,7.69e-06,2540696316847.0,19701071.0835375,50897
2023-07-21,7.7e-06,8.02e-06,7.64e-06,7.84e-06,2484817783322.0,19451978.66396879,46058
2023-07-22,7.84e-06,7.91e-06,7.68e-06,7.78e-06,1676115978842.0,13071796.08236396,32967
2023-07-23,7.77e-06,7.92e-06,7.72e-06,7.85e-06,1189684504616.0,9323681.24130294,25189
2023-07-24,7.86e-06,8.02e-06,7.58e-06,7.66e-06,3751476397828.0,29117512.66276559,68912
2023-07-25,7.67e-06,7.95e-06,7.65e-06,7.92e-06,3425283964672.0,26733138.43815863,61410
2023-07-26,7.92e-06,7.98e-06,7.71e-06,7.86e-06,2237214754774.0,17549166.7251686,45511
2023-07-27,7.86e-06,7.94e-06,7.73e-06,7.8e-06,1182639822386.0,9275340.99312976,26819
2023-07-28,7.8e-06,8.45e-06,7.77e-06,8.17e-06,5626621719634.0,46133914.26219003,102777
2023-07-29,8.17e-06,8.65e-06,8.13e-06,8.52e-06,4595943233029.0,38388254.18418814,82170
2023-07-30,8.52e-06,8.78e-06,8.08e-06,8.28e-06,5232440648171.0,44274739.2030747,92203
2023-07-31,8.28e-06,8.73e-06,8.22e-06,8.46e-06,3737504366228.0,31714743.59738295,73780
2023-08-01,8.46e-06,8.46e-06,8.11e-06,8.43e-06,2998791392055.0,24865332.96770446,56657
2023-08-02,8.43e-06,8.47e-06,8.08e-06,8.15e-06,2045971032036.0,16866514.12935213,42519
2023-08-03,8.16e-06,8.39e-06,8.12e-06,8.28e-06,2039858582449.0,16844326.78561351,38945
2023-08-04,8.29e-06,8.85e-06,8.28e-06,8.69e-06,5559703898680.0,47922045.55588984,94174
2023-08-05,8.69e-06,1.052e-05,8.65e-06,9.97e-06,24023783838865.0,233992135.66941056,399742
2023-08-06,9.97e-06,1.029e-05,9.2e-06,9.37e-06,9608180610980.0,92429096.50925224,197233
2023-08-07,9.38e-06,9.48e-06,8.76e-06,8.98e-06,6282667047055.0,57076276.02114408,110986
2023-08-08,8.97e-06,9.69e-06,8.87e-06,9.53e-06,7660022431340.0,71168648.66356638,130148
2023-08-09,9.53e-06,1.006e-05,9.41e-06,9.62e-06,8302282746896.0,80677438.119353,150407
2023-08-10,9.63e-06,1.018e-05,9.57e-06,9.92e-06,6653731550887.0,65810364.49653449,118872
2023-08-11,9.92e-06,1.063e-05,9.78e-06,1.052e-05,8300370821779.0,84892196.34466404,143840
2023-08-12,1.052e-05,1.136e-05,1.044e-05,1.067e-05,14896630896565.0,162335235.2968354,266630
2023-08-13,1.067e-05,1.084e-05,1.013e-05,1.023e-05,7421707864499.0,77906631.90343527,134703
2023-08-14,1.023e-05,1.067e-05,9.96e-06,1.019e-05,8421644177016.0,86896290.29857013,147013
2023-08-15,1.018e-05,1.066e-05,9.43e-06,9.93e-06,9304291266181.0,94605454.10688007,187953
2023-08-16,9.94e-06,1.017e-05,9.03e-06,9.21e-06,8875401499392.0,85398281.63554408,177157
2023-08-17,9.21e-06,9.36e-06,7.25e-06,8.13e-06,13924563111815.0,120281419.35561217,242772
2023-08-18,8.13e-06,8.71e-06,8.03e-06,8.59e-06,8294158090057.0,69744018.15969512,136159
2023-08-19,8.59e-06,8.68e-06,8.32e-06,8.44e-06,3369714578502.0,28589466.34972743,61024
2023-08-20,8.44e-06,8.49e-06,8.15e-06,8.31e-06,2427339620190.0,20258098.96885269,44460
2023-08-21,8.3e-06,8.38e-06,7.76e-06,7.98e-06,4112406316798.0,33054011.08007542,66905
2023-08-22,7.97e-06,8.07e-06,7.55e-06,8e-06,3673996631029.0,29003712.83417936,61698
2023-08-23,8e-06,8.54e-06,7.97e-06,8.32e-06,5240428895764.0,43436364.54811596,88006
2023-08-24,8.31e-06,8.36e-06,8.03e-06,8.21e-06,2375174834028.0,19524109.9923887,42587
2023-08-25,8.21e-06,8.26e-06,7.98e-06,8.14e-06,2527842154707.0,20472402.02423156,44913
2023-08-26,8.14e-06,8.24e-06,8.07e-06,8.08e-06,1075124515723.0,8775101.76925837,23641
2023-08-27,8.08e-06,8.18e-06,8.01e-06,8.04e-06,932785811564.0,7547352.88586132,22402
2023-08-28,8.05e-06,8.34e-06,7.86e-06,8.22e-06,2750552253187.0,22244668.9387941,51196
2023-08-29,8.23e-06,8.46e-06,8.04e-06,8.37e-06,4396184664000.0,36492529.15334041,63713
2023-08-30,8.37e-06,8.38e-06,8.07e-06,8.16e-06,1859377274142.0,15272777.65240849,35260
2023-08-31,8.16e-06,8.25e-06,7.79e-06,7.99e-06,2648020783241.0,21275013.57773872,45942
2023-09-01,7.99e-06,8.05e-06,7.73e-06,7.9e-06,1907955164360.0,15056416.48333824,37365
2023-09-02,7.89e-06,7.94e-06,7.76e-06,7.84e-06,1094454826770.0,8611645.02119833,24372
2023-09-03,7.84e-06,7.87e-06,7.63e-06,7.69e-06,1130118950631.0,8757629.36684444,27054
2023-09-04,7.68e-06,7.79e-06,7.39e-06,7.49e-06,1810164662017.0,13809203.22521805,38708
2023-09-05,7.5e-06,7.72e-06,7.43e-06,7.64e-06,1512232807266.0,11461924.13692705,31384
2023-09-06,7.65e-06,7.8e-06,7.5e-06,7.68e-06,1811914892387.0,13886327.31613654,34606
2023-09-07,7.68e-06,7.72e-06,7.55e-06,7.69e-06,1042874348531.0,7962424.6233498,23461
2023-09-08,7.69e-06,7.72e-06,7.48e-06,7.6e-06,1131612298983.0,8573013.52402811,24507
2023-09-09,7.6e-06,7.66e-06,7.55e-06,7.57e-06,735187006005.0,5591393.37579786,17667
2023-09-10,7.57e-06,7.57e-06,7.2e-06,7.36e-06,2335811670867.0,17213850.09087024,40810
2023-09-11,7.36e-06,7.39e-06,6.95e-06,7.06e-06,3286741888744.0,23363403.08399787,52177
2023-09-12,7.06e-06,7.38e-06,7.05e-06,7.17e-06,2255438072609.0,16313720.43628134,36738
2023-09-13,7.17e-06,7.36e-06,7.14e-06,7.26e-06,1719083325069.0,12464553.74940222,28998
2023-09-14,7.25e-06,7.45e-06,7.21e-06,7.37e-06,1696084755825.0,12412702.73016089,32689
2023-09-15,7.37e-06,7.49e-06,7.31e-06,7.45e-06,1307059017924.0,9660649.83551002,27109
2023-09-16,7.45e-06,7.57e-06,7.33e-06,7.4e-06,1154678227297.0,8605611.74700731,24879
2023-09-17,7.4e-06,7.4e-06,7.09e-06,7.21e-06,1498968257719.0,10830200.36279008,28337
2023-09-18,7.21e-06,7.42e-06,7.14e-06,7.25e-06,1824975574550.0,13313851.14206009,30929
2023-09-19,7.25e-06,7.43e-06,7.22e-06,7.4e-06,1473555305659.0,10850208.23414405,28493
2023-09-20,7.4e-06,7.5e-06,7.26e-06,7.45e-06,2286588940690.0,16860340.91421595,34467
2023-09-21,7.44e-06,7.54e-06,7.22e-06,7.24e-06,2203036962871.0,16165008.34608395,34031
2023-09-22,7.25e-06,7.32e-06,7.15e-06,7.3e-06,1374832730431.0,9993511.94138904,23823
2023-09-23,7.3e-06,7.71e-06,7.29e-06,7.5e-06,3302108708240.0,24789641.61904693,54396
2023-09-24,7.51e-06,7.51e-06,7.25e-06,7.3e-06,1644636004157.0,12112581.59225606,30829
2023-09-25,7.3e-06,7.39e-06,7.17e-06,7.28e-06,1498491943301.0,10913855.8187786,27227
2023-09-26,7.29e-06,7.34e-06,7.17e-06,7.26e-06,1009259705339.0,7331239.84452106,19831
2023-09-27,7.26e-06,7.32e-06,7.13e-06,7.22e-06,1672366788585.0,12092719.7693186,27408
2023-09-28,7.23e-06,7.34e-06,7.21e-06,7.3e-06,1381049711556.0,10042301.2588473,24551
2023-09-29,7.3e-06,7.43e-06,7.27e-06,7.31e-06,1883994749837.0,13824594.78877359,28580
2023-09-30,7.32e-06,7.4e-06,7.3e-06,7.34e-06,1215046336568.0,8923358.33825921,20268
2023-10-01,7.33e-06,7.58e-06,7.33e-06,7.52e-06,2007806020347.0,14940584.54174547,32112
2023-10-02,7.52e-06,7.61e-06,7.19e-06,7.31e-06,3137212793193.0,23385983.13715486,48836
2023-10-03,7.31e-06,7.34e-06,7.21e-06,7.28e-06,1326048655453.0,9648724.90538005,22078
2023-10-04,7.29e-06,7.29e-06,7.06e-06,7.23e-06,1803001572243.0,12970404.91898643,30116
2023-10-05,7.23e-06,7.28e-06,7.12e-06,7.14e-06,1106116568419.0,7965791.89852277,19913
2023-10-06,7.14e-06,7.25e-06,7.13e-06,7.23e-06,1088699516496.0,7830787.1366073,18535
2023-10-07,7.23e-06,7.26e-06,7.18e-06,7.23e-06,646575882640.0,4670678.55493204,14318
2023-10-08,7.23e-06,7.29e-06,7.17e-06,7.2e-06,885569381722.0,6388901.0039441,16833
2023-10-09,7.2e-06,7.21e-06,6.73e-06,6.92e-06,2761363401247.0,19200677.03799173,42150
2023-10-10,6.91e-06,6.98e-06,6.81e-06,6.9e-06,1140004274755.0,7866637.65977903,19777
2023-10-11,6.9e-06,6.95e-06,6.71e-06,6.77e-06,1621644688607.0,11038862.67582037,25333
2023-10-12,6.78e-06,6.9e-06,6.73e-06,6.8e-06,1390114344453.0,9481330.39797731,21365
2023-10-13,6.8e-06,7e-06,6.77e-06,6.91e-06,1131301762312.0,7771004.18749197,19032
2023-10-14,6.91e-06,7.15e-06,6.91e-06,7.02e-06,1471755594400.0,10362514.23237224,26716
2023-10-15,7.03e-06,7.07e-06,6.93e-06,6.98e-06,999552065937.0,6992627.82373574,19307
2023-10-16,6.99e-06,7.3e-06,6.95e-06,7.09e-06,2822981271257.0,20081275.5703747,43033
2023-10-17,7.1e-06,7.13e-06,6.82e-06,6.89e-06,1739091100821.0,12113724.11194645,26999
2023-10-18,6.88e-06,6.96e-06,6.7e-06,6.77e-06,1508059530579.0,10317978.73756313,27868
2023-10-19,6.77e-06,6.87e-06,6.61e-06,6.83e-06,1861321653375.0,12549406.07625048,27416
2023-10-20,6.83e-06,7.04e-06,6.82e-06,6.91e-06,2086749852997.0,14466948.63206157,31812
2023-10-21,6.9e-06,7.18e-06,6.88e-06,7.06e-06,2071058717629.0,14607519.31771594,33607
2023-10-22,7.07e-06,7.14e-06,6.92e-06,7.13e-06,1850150216494.0,13005931.12670975,30053
2023-10-23,7.14e-06,7.52e-06,7.09e-06,7.51e-06,5273855010497.0,38222315.97580611,76866
2023-10-24,7.52e-06,7.76e-06,7.24e-06,7.39e-06,7545460995946.0,56646281.46088243,124750
2023-10-25,7.39e-06,7.98e-06,7.27e-06,7.8e-06,7164261672725.0,54792795.0469682,103359
2023-10-26,7.81e-06,8.25e-06,7.58e-06,7.9e-06,9261728042035.0,73516945.4417483,135445
2023-10-27,7.91e-06,7.97e-06,7.57e-06,7.69e-06,3970052566984.0,30929055.78043943,60832
2023-10-28,7.7e-06,8.12e-06,7.66e-06,7.97e-06,2878186731597.0,22602949.55766426,48014
2023-10-29,7.97e-06,8.12e-06,7.72e-06,8.02e-06,3617890066254.0,28847881.34858018,56919
2023-10-30,8.01e-06,8.07e-06,7.81e-06,7.96e-06,3403808070850.0,27120746.07789381,49278
2023-10-31,7.97e-06,8.04e-06,7.51e-06,7.79e-06,4692513019594.0,36712048.80538066,67131
2023-11-01,7.78e-06,7.98e-06,7.56e-06,7.97e-06,3776236019567.0,29268562.40120566,60805
2023-11-02,7.97e-06,8.08e-06,7.66e-06,7.86e-06,4820863310482.0,38179420.07582966,74348
2023-11-03,7.86e-06,7.86e-06,7.62e-06,7.82e-06,2218337942022.0,17219387.74553368,49726
2023-11-04,7.82e-06,7.97e-06,7.77e-06,7.94e-06,2014127504019.0,15845275.26580814,39063
2023-11-05,7.94e-06,8.32e-06,7.89e-06,8.11e-06,4784226801612.0,38781777.38255015,82146
2023-11-06,8.12e-06,8.52e-06,8e-06,8.46e-06,4980415849609.0,41258079.72695081,88252
2023-11-07,8.46e-06,8.47e-06,7.95e-06,8.2e-06,5046098933813.0,41446374.49896575,85607
2023-11-08,8.2e-06,8.34e-06,8.14e-06,8.28e-06,2729977622671.0,22532377.20536778,47292
2023-11-09,8.28e-06,8.72e-06,7.8e-06,8.23e-06,8817750172065.0,73864162.0605719,149998
2023-11-10,8.23e-06,8.56e-06,8.08e-06,8.49e-06,6223908096979.0,51858781.76988934,107085
2023-11-11,8.48e-06,9.65e-06,8.44e-06,9.09e-06,16314830184066.0,149263773.49030012,305064
2023-11-12,9.09e-06,9.15e-06,8.65e-06,8.92e-06,4775620456910.0,42744965.26223496,106053
2023-11-13,8.91e-06,9.17e-06,8.42e-06,8.53e-06,5513013549523.0,48618705.75363658,123746
2023-11-14,8.53e-06,8.69e-06,8e-06,8.34e-06,4772214330079.0,40115990.45590184,99782
2023-11-15,8.34e-06,8.85e-06,8.32e-06,8.79e-06,3505620511626.0,30112297.82846619,71797
2023-11-16,8.79e-06,9.19e-06,8.29e-06,8.5e-06,7426301718868.0,65190644.49097875,144733
2023-11-17,8.5e-06,9.16e-06,8.4e-06,8.82e-06,6543753532652.0,57206667.26372299,135112
2023-11-18,8.82e-06,8.91e-06,8.39e-06,8.56e-06,3430377101699.0,29536117.95577173,71675
2023-11-19,8.55e-06,8.71e-06,8.35e-06,8.67e-06,2167902348347.0,18471018.89904951,46382
2023-11-20,8.67e-06,8.72e-06,8.36e-06,8.43e-06,3096569791549.0,26587202.82005509,63792
2023-11-21,8.44e-06,8.51e-06,7.61e-06,7.74e-06,4730595233150.0,38353652.71430176,101151
2023-11-22,7.73e-06,8.18e-06,7.7e-06,8.1e-06,2745213991027.0,21954837.71143932,57457
2023-11-23,8.09e-06,8.19e-06,8e-06,8.11e-06,1485627926566.0,12038853.57305633,33900
2023-11-24,8.11e-06,8.3e-06,8.08e-06,8.19e-06,2481247800567.0,20355332.87330506,47607
2023-11-25,8.18e-06,8.59e-06,8.15e-06,8.48e-06,2436822279095.0,20456202.44094103,51106
2023-11-26,8.47e-06,8.48e-06,8.05e-06,8.29e-06,3108804528755.0,25721659.5091712,52853
2023-11-27,8.3e-06,8.66e-06,8.02e-06,8.19e-06,5729919332551.0,47674739.73174735,103288
2023-11-28,8.2e-06,8.33e-06,8.03e-06,8.31e-06,2616861609657.0,21446771.27927619,46443
2023-11-29,8.31e-06,8.39e-06,8.16e-06,8.22e-06,2177891442111.0,18059590.46812015,44126
2023-11-30,8.22e-06,8.3e-06,8.12e-06,8.3e-06,1656723776201.0,13611503.70779979,33101
2023-12-01,8.29e-06,8.39e-06,8.25e-06,8.37e-06,2044919651886.0,17041748.62492364,37317
2023-12-02,8.37e-06,8.57e-06,8.34e-06,8.52e-06,2084686451224.0,17620534.43079604,43849
2023-12-03,8.52e-06,9.49e-06,8.36e-06,9.02e-06,10241916990509.0,91727128.7511726,190817
2023-12-04,9.02e-06,9.65e-06,8.65e-06,9.21e-06,12874083045748.0,117285231.78156321,220543
2023-12-05,9.21e-06,9.58e-06,8.87e-06,9.49e-06,10604291938972.0,98147335.8340198,187967
2023-12-06,9.49e-06,1.07e-05,9.31e-06,9.72e-06,20385955254073.0,203060340.82011238,388193
2023-12-07,9.71e-06,9.88e-06,9.38e-06,9.78e-06,6279589108739.0,60786182.87821622,116832
2023-12-08,9.78e-06,1.044e-05,9.74e-06,1.019e-05,7299445199717.0,73496880.32581809,133207
2023-12-09,1.02e-05,1.045e-05,9.9e-06,9.99e-06,7132170248698.0,72964502.81199674,134587
2023-12-10,9.99e-06,1.039e-05,9.9e-06,1.033e-05,5430806233796.0,55275324.5410739,103717
2023-12-11,1.032e-05,1.06e-05,9.1e-06,9.51e-06,11489012631409.0,111276907.09401764,209959
2023-12-12,9.52e-06,9.77e-06,9.29e-06,9.57e-06,4635904936911.0,44328975.99890067,93841
2023-12-13,9.58e-06,9.87e-06,9.14e-06,9.8e-06,4449423771777.0,42312468.218674,86723
2023-12-14,9.81e-06,1.02e-05,9.5e-06,1.008e-05,5439037741851.0,54229817.54999051,110693
2023-12-15,1.008e-05,1.01e-05,9.57e-06,9.6e-06,3778937131276.0,37104231.07670289,79642
2023-12-16,9.6e-06,1.172e-05,9.46e-06,1.16e-05,16445060785290.0,176046281.80055884,335251
2023-12-17,1.16e-05,1.195e-05,1.023e-05,1.03e-05,12826893301482.0,139098816.10673347,249604
2023-12-18,1.03e-05,1.05e-05,9.54e-06,1.044e-05,8415148643940.0,84585389.42898107,152987
2023-12-19,1.044e-05,1.059e-05,9.99e-06,1.012e-05,4259796688330.0,43833767.54167781,91636
2023-12-20,1.012e-05,1.051e-05,9.95e-06,1.024e-05,3869769326531.0,39704754.58627465,86802
2023-12-21,1.024e-05,1.056e-05,1.013e-05,1.043e-05,3452105271058.0,35739677.81032937,78115
2023-12-22,1.044e-05,1.096e-05,1.031e-05,1.091e-05,6438377994429.0,68627229.96647112,143312
2023-12-23,1.09e-05,1.128e-05,1.052e-05,1.107e-05,5779650272111.0,63267564.72308268,141845
2023-12-24,1.106e-05,1.11e-05,1.044e-05,1.066e-05,4416781554608.0,47976580.29438397,123266
2023-12-25,1.065e-05,1.105e-05,1.054e-05,1.102e-05,3583595648212.0,38930248.88202562,97326
2023-12-26,1.101e-05,1.103e-05,1e-05,1.059e-05,4818861286461.0,50967955.35296121,131452
2023-12-27,1.06e-05,1.094e-05,1.027e-05,1.089e-05,3548911343952.0,37884026.39764216,93080
2023-12-28,1.09e-05,1.106e-05,1.044e-05,1.061e-05,4548816263148.0,48838776.78603335,123673
2023-12-29,1.062e-05,1.071e-05,1.025e-05,1.041e-05,3229505490239.0,33894239.34388459,90357
2023-12-30,1.042e-05,1.06e-05,1.035e-05,1.043e-05,1650602636728.0,17320172.46400021,52911
2023-12-31,1.043e-05,1.06e-05,1.025e-05,1.036e-05,1638144850711.0,17151842.48623823,52900
2024-01-01,1.036e-05,1.071e-05,1.021e-05,1.068e-05,1912387996323.0,20017390.81968201,58393
2024-01-02,1.068e-05,1.092e-05,1.046e-05,1.056e-05,4111956270583.0,43973176.76194572,104653
2024-01-03,1.056e-05,1.066e-05,8.27e-06,9.57e-06,8809791876169.0,84880113.60273005,228452
2024-01-04,9.57e-06,1.014e-05,9.42e-06,9.99e-06,4382945722418.0,42965677.65737269,106195
2024-01-05,1e-05,1.009e-05,9.41e-06,9.81e-06,4406315565247.0,42806596.39933536,108286
2024-01-06,9.81e-06,9.83e-06,9.32e-06,9.61e-06,2321621338265.0,22249704.91926473,71277
2024-01-07,9.61e-06,9.68e-06,8.93e-06,9.02e-06,3333253542409.0,31170968.62751178,85634
2024-01-08,9.02e-06,9.59e-06,8.49e-06,9.58e-06,6170976069743.0,56042951.18524099,129474
2024-01-09,9.58e-06,1.001e-05,9.04e-06,9.67e-06,9003914278168.0,86068058.52631219,205173
2024-01-10,9.67e-06,1.016e-05,9.11e-06,9.98e-06,6113614569122.0,58628398.9462578,157040
2024-01-11,9.98e-06,1.05e-05,9.85e-06,1.015e-05,7122525106149.0,72539753.13803226,190144
2024-01-12,1.015e-05,1.03e-05,9.31e-06,9.64e-06,4576377252168.0,45365339.15005309,146078
2024-01-13,9.64e-06,1.006e-05,9.41e-06,9.88e-06,2528568819377.0,24802443.78099941,77736
2024-01-14,9.87e-06,1.005e-05,9.53e-06,9.58e-06,2246828489926.0,22048970.38930341,75049
2024-01-15,9.57e-06,9.76e-06,9.48e-06,9.54e-06,2260903688042.0,21810816.22657952,66720
2024-01-16,9.54e-06,9.75e-06,9.42e-06,9.67e-06,2210699475155.0,21272940.83036823,64200
2024-01-17,9.66e-06,9.73e-06,9.38e-06,9.53e-06,2449365419148.0,23370517.50901746,58756
2024-01-18,9.53e-06,9.57e-06,8.96e-06,9.21e-06,3301395985827.0,30626522.53947979,79099
2024-01-19,9.21e-06,9.4e-06,8.79e-06,9.31e-06,3880840285958.0,35464491.74667311,83959
2024-01-20,9.3e-06,9.86e-06,9.27e-06,9.68e-06,3129666689656.0,29734759.34482262,85617
2024-01-21,9.68e-06,9.74e-06,9.33e-06,9.35e-06,2289811799583.0,21789602.21100995,54072
2024-01-22,9.35e-06,9.38e-06,8.86e-06,8.93e-06,3692002899345.0,33675335.80464598,87264
2024-01-23,8.92e-06,9.07e-06,8.43e-06,8.83e-06,2867620135773.0,24910797.79954589,81223
2024-01-24,8.84e-06,9e-06,8.74e-06,8.9e-06,1588436350640.0,14097089.53320372,48003
2024-01-25,8.9e-06,8.93e-06,8.72e-06,8.87e-06,1231958694480.0,10891813.99951899,40507
2024-01-26,8.87e-06,9.14e-06,8.79e-06,9.04e-06,1504400933122.0,13519975.06524038,43188
2024-01-27,9.04e-06,9.22e-06,8.97e-06,9.13e-06,1053112994275.0,9567353.41217673,34115
2024-01-28,9.13e-06,9.25e-06,8.91e-06,9e-06,1593710390562.0,14504435.1641134,43773
2024-01-29,9.01e-06,9.28e-06,8.93e-06,9.2e-06,1920411275293.0,17481007.71684882,52587
2024-01-30,9.21e-06,9.46e-06,9.01e-06,9.05e-06,1955717647113.0,18109368.59565187,58751
2024-01-31,9.05e-06,9.14e-06,8.85e-06,8.94e-06,2188792149788.0,19743485.42665422,58686
2024-02-01,8.95e-06,9.05e-06,8.79e-06,9.03e-06,1404511268353.0,12528247.313802,40813
2024-02-02,9.03e-06,9.11e-06,8.93e-06,9.08e-06,1076942685670.0,9733206.23824111,31193
2024-02-03,9.08e-06,9.16e-06,9.01e-06,9.11e-06,836708154280.0,7611148.62795918,27552
2024-02-04,9.11e-06,9.14e-06,8.85e-06,8.9e-06,1105103349056.0,9959340.4520399,35273
2024-02-05,8.9e-06,9.04e-06,8.78e-06,8.91e-06,1171408472650.0,10445457.42938801,35477
2024-02-06,8.91e-06,8.95e-06,8.82e-06,8.86e-06,906073311073.0,8055742.07765007,28890
2024-02-07,8.86e-06,9.09e-06,8.8e-06,9.06e-06,1372136341211.0,12277704.53979338,36834
2024-02-08,9.07e-06,9.38e-06,9.04e-06,9.21e-06,2778930430601.0,25641964.02416322,72870
2024-02-09,9.21e-06,9.47e-06,9.21e-06,9.39e-06,2349462604465.0,21993712.47019507,62248
2024-02-10,9.38e-06,9.51e-06,9.23e-06,9.41e-06,1685768836039.0,15835030.02492956,46786
2024-02-11,9.41e-06,9.61e-06,9.34e-06,9.41e-06,2030798417025.0,19221227.03657548,53349
2024-02-12,9.41e-06,9.68e-06,9.21e-06,9.61e-06,3030514241097.0,28581277.57377766,70450
2024-02-13,9.62e-06,9.74e-06,9.27e-06,9.47e-06,3383740366676.0,32143615.4740682,80243
2024-02-14,9.47e-06,9.84e-06,9.39e-06,9.75e-06,3542915331816.0,34169602.22856827,83459
2024-02-15,9.75e-06,1.005e-05,9.66e-06,9.86e-06,5736236143389.0,56566146.94320146,137092
2024-02-16,9.87e-06,1.004e-05,9.64e-06,9.87e-06,4465222272812.0,43993737.84438959,100319
2024-02-17,9.88e-06,9.89e-06,9.41e-06,9.63e-06,3341363733260.0,32186691.89528683,71366
2024-02-18,9.62e-06,9.84e-06,9.58e-06,9.74e-06,3058163343357.0,29748244.42567751,70648
2024-02-19,9.74e-06,9.95e-06,9.68e-06,9.9e-06,4199876477767.0,41211872.30180686,89302
2024-02-20,9.89e-06,9.97e-06,9.4e-06,9.76e-06,6735051808429.0,65510673.17934014,132182
2024-02-21,9.76e-06,9.78e-06,9.3e-06,9.56e-06,4931082611631.0,46678768.61187659,92683
2024-02-22,9.55e-06,9.72e-06,9.39e-06,9.53e-06,3398879658025.0,32608495.90522818,75987
2024-02-23,9.54e-06,9.61e-06,9.35e-06,9.52e-06,3569517141093.0,33946952.34532123,79452
2024-02-24,9.52e-06,9.67e-06,9.34e-06,9.65e-06,2530743029747.0,24142322.59677581,58569
2024-02-25,9.65e-06,9.73e-06,9.56e-06,9.67e-06,2317945732919.0,22359651.45421645,49490
2024-02-26,9.67e-06,1.024e-05,9.46e-06,1.006e-05,6554561473569.0,64274475.06592451,143077
2024-02-27,1.007e-05,1.142e-05,9.95e-06,1.089e-05,22215690403152.0,237036558.26712862,435120
2024-02-28,1.089e-05,1.25e-05,9.91e-06,1.171e-05,30521994419650.0,346666458.1070087,777012
2024-02-29,1.17e-05,1.473e-05,1.143e-05,1.256e-05,41380696539929.0,555372700.3779762,1224884
2024-03-01,1.256e-05,1.728e-05,1.243e-05,1.687e-05,36202482470772.0,529421395.9243234,1101598
2024-03-02,1.687e-05,2.35e-05,1.652e-05,2.259e-05,67418763205546.0,1410107603.5367622,3026529
2024-03-03,2.258e-05,2.39e-05,1.9e-05,2.252e-05,35524782975321.0,778293293.2768836,1741172
2024-03-04,2.252e-05,3.65e-05,2.136e-05,3.591e-05,79810191168372.0,2376274702.5448236,4800885
2024-03-05,3.591e-05,4.567e-05,2.555e-05,3.514e-05,121611197501928.0,4462565991.767273,9420984
2024-03-06,3.515e-05,3.947e-05,3.045e-05,3.327e-05,50030058483068.0,1745634098.329087,3553173
2024-03-07,3.327e-05,3.47e-05,2.929e-05,3.15e-05,31757911947482.0,1005369461.5138954,1873646
2024-03-08,3.15e-05,3.8e-05,3.086e-05,3.518e-05,39385003474838.0,1368303574.266459,2534326
2024-03-09,3.518e-05,3.695e-05,3.361e-05,3.495e-05,19015799045527.0,670970739.2256056,1554188
2024-03-10,3.496e-05,3.54e-05,3.164e-05,3.286e-05,14105123114920.0,477551033.2566279,1142588
2024-03-11,3.286e-05,3.523e-05,3.011e-05,3.386e-05,18509794881521.0,613951001.409471,1520003
2024-03-12,3.386e-05,3.487e-05,2.999e-05,3.22e-05,13461365528756.0,434352402.8179512,1247922
2024-03-13,3.221e-05,3.355e-05,3.115e-05,3.202e-05,9772581771434.0,315882407.1351096,1711754
2024-03-14,3.203e-05,3.487e-05,3.04e-05,3.221e-05,22841509112852.0,749442543.1697087,5405112
2024-03-15,3.222e-05,3.277e-05,2.7e-05,2.99e-05,20085122696560.0,593436344.4604743,5841612
2024-03-16,2.99e-05,3.037e-05,2.38e-05,2.54e-05,18151606000342.0,482946590.72598654,5194575
2024-03-17,2.54e-05,3.02e-05,2.426e-05,2.955e-05,19906164803394.0,546820353.1545675,5796977
2024-03-18,2.955e-05,2.959e-05,2.634e-05,2.684e-05,12643284847617.0,351916680.1042177,4677886
2024-03-19,2.684e-05,2.737e-05,2.411e-05,2.489e-05,19043268485335.0,486804798.60521066,5463115
2024-03-20,2.489e-05,2.801e-05,2.366e-05,2.775e-05,18618608287784.0,480631312.15831083,4963561
2024-03-21,2.776e-05,2.865e-05,2.627e-05,2.72e-05,14664703284501.0,399831851.70657504,4194563
2024-03-22,2.72e-05,2.861e-05,2.582e-05,2.654e-05,11525494660918.0,310288095.4760191,3789989
2024-03-23,2.654e-05,2.85e-05,2.63e-05,2.712e-05,8747773208541.0,240675894.42854124,2717214
2024-03-24,2.713e-05,2.834e-05,2.707e-05,2.807e-05,7389171996970.0,205743847.4747988,2419040
2024-03-25,2.807e-05,3.065e-05,2.745e-05,2.87e-05,12554252467648.0,363164956.66279554,2958481
2024-03-26,2.87e-05,3.184e-05,2.848e-05,3.064e-05,14081182386154.0,425205293.41408885,3926844
2024-03-27,3.063e-05,3.188e-05,2.916e-05,3.018e-05,12115034161574.0,369752484.84926856,4537889
2024-03-28,3.017e-05,3.285e-05,2.981e-05,3.202e-05,14173535269730.0,447247574.8572499,3781652
2024-03-29,3.201e-05,3.214e-05,3.01e-05,3.079e-05,7531734710524.0,232669411.21921712,2362273
2024-03-30,3.079e-05,3.1e-05,2.95e-05,2.982e-05,5797278305270.0,175156077.50836822,1564972
2024-03-31,2.982e-05,3.081e-05,2.971e-05,3.074e-05,3733754737485.0,113628153.78093784,1213634
2024-04-01,3.074e-05,3.075e-05,2.765e-05,2.864e-05,7583063360560.0,218383775.57975268,2179595
2024-04-02,2.863e-05,2.864e-05,2.57e-05,2.641e-05,8409411109943.0,224211473.80729297,3104696
2024-04-03,2.64e-05,2.753e-05,2.55e-05,2.633e-05,6655170572124.0,177558009.27643573,2523358
2024-04-04,2.633e-05,2.848e-05,2.588e-05,2.77e-05,5401318305384.0,147494654.4538344,2134410
2024-04-05,2.77e-05,2.774e-05,2.629e-05,2.679e-05,4192100144920.0,112484898.43042707,1946260
2024-04-06,2.679e-05,2.779e-05,2.669e-05,2.743e-05,2551932111346.0,69640345.14537789,910136
2024-04-07,2.743e-05,2.898e-05,2.737e-05,2.818e-05,5309059097281.0,150585132.02768874,1635226
2024-04-08,2.817e-05,2.954e-05,2.771e-05,2.874e-05,5507861254457.0,158165488.53167668,1739510
2024-04-09,2.873e-05,2.954e-05,2.72e-05,2.748e-05,5800032164335.0,163553989.7088328,1981434
2024-04-10,2.748e-05,2.828e-05,2.641e-05,2.805e-05,5258149366291.0,144396110.5507643,1939999
2024-04-11,2.805e-05,2.816e-05,2.72e-05,2.751e-05,3359464761070.0,92836584.20035401,1319433
2024-04-12,2.75e-05,2.815e-05,2.14e-05,2.475e-05,11154779309634.0,281865965.9261137,2663855
2024-04-13,2.475e-05,2.498e-05,1.83e-05,2.11e-05,18275840049873.0,401115805.75232244,4207485
2024-04-14,2.11e-05,2.299e-05,2.053e-05,2.271e-05,15133825428106.0,329609171.7006287,4514011
2024-04-15,2.271e-05,2.383e-05,2.099e-05,2.192e-05,11699517595454.0,262175394.6093858,3842227
2024-04-16,2.192e-05,2.288e-05,2.078e-05,2.268e-05,8295504306927.0,181888782.43120542,3627548
2024-04-17,2.267e-05,2.304e-05,2.132e-05,2.205e-05,7069464582186.0,156079466.1360316,2344748
2024-04-18,2.205e-05,2.296e-05,2.14e-05,2.278e-05,4082069370971.0,91084276.32308812,1803633
2024-04-19,2.277e-05,2.356e-05,2.083e-05,2.287e-05,6308211760948.0,141350842.4542482,1937474
2024-04-20,2.286e-05,2.673e-05,2.261e-05,2.617e-05,7116478362775.0,175354566.02280268,2068615
2024-04-21,2.616e-05,2.82e-05,2.539e-05,2.627e-05,9612982532962.0,257270861.0745806,3522382
2024-04-22,2.626e-05,2.769e-05,2.614e-05,2.689e-05,6732789399470.0,181234261.42988756,2196034
2024-04-23,2.689e-05,2.814e-05,2.618e-05,2.682e-05,6214937524083.0,167715996.34601924,1937585
2024-04-24,2.682e-05,2.768e-05,2.523e-05,2.57e-05,8411315380473.0,222432812.27056652,2331255
2024-04-25,2.57e-05,2.655e-05,2.447e-05,2.571e-05,7677447340602.0,195183791.3942246,1796674
2024-04-26,2.571e-05,2.6e-05,2.49e-05,2.522e-05,5882483097278.0,149742474.26731908,1618378
2024-04-27,2.521e-05,2.535e-05,2.4e-05,2.478e-05,4503323126417.0,110881227.37559569,1327688
2024-04-28,2.477e-05,2.518e-05,2.407e-05,2.423e-05,3552687278347.0,87883872.73292698,887380
2024-04-29,2.422e-05,2.438e-05,2.301e-05,2.41e-05,5390149128638.0,127670603.59552068,1574672
2024-04-30,2.41e-05,2.467e-05,2.177e-05,2.239e-05,7273002342752.0,166875315.5508715,2793869
2024-05-01,2.24e-05,2.315e-05,2.057e-05,2.266e-05,9617818551684.0,208525313.51439318,2303892
2024-05-02,2.265e-05,2.35e-05,2.152e-05,2.279e-05,8041915875327.0,181883643.59585026,1991951
2024-05-03,2.278e-05,2.475e-05,2.261e-05,2.444e-05,6896025995519.0,162910882.14141163,1658917
2024-05-04,2.443e-05,2.632e-05,2.428e-05,2.505e-05,6319085393181.0,159157624.4199584,1950949
2024-05-05,2.504e-05,2.523e-05,2.431e-05,2.471e-05,3467847422496.0,85659095.25682035,1129539
2024-05-06,2.47e-05,2.575e-05,2.381e-05,2.388e-05,5770035728099.0,142024683.8421502,1643327
2024-05-07,2.387e-05,2.424e-05,2.291e-05,2.298e-05,4244787899989.0,100571731.79756585,862397
2024-05-08,2.298e-05,2.326e-05,2.233e-05,2.254e-05,4482728574464.0,102180739.27719876,1177062
2024-05-09,2.254e-05,2.379e-05,2.23e-05,2.348e-05,3847010300389.0,88297651.71352915,898774
2024-05-10,2.347e-05,2.362e-05,2.213e-05,2.242e-05,4378155589374.0,99892853.75307836,1038323
2024-05-11,2.242e-05,2.293e-05,2.234e-05,2.251e-05,1852046846104.0,41870120.38507366,523266
2024-05-12,2.25e-05,2.275e-05,2.209e-05,2.231e-05,1291147948597.0,29049137.90482672,339242
2024-05-13,2.231e-05,2.466e-05,2.156e-05,2.336e-05,9847706307048.0,231451040.9001442,1974322
2024-05-14,2.336e-05,2.445e-05,2.287e-05,2.298e-05,9774147558361.0,230059703.38539344,1893129
2024-05-15,2.298e-05,2.555e-05,2.287e-05,2.525e-05,8238095062911.0,199040766.30835032,1721637
2024-05-16,2.525e-05,2.588e-05,2.417e-05,2.457e-05,6110084470425.0,152512973.42304173,1510459
2024-05-17,2.456e-05,2.531e-05,2.419e-05,2.502e-05,3571538496816.0,88545232.08531041,1033935
2024-05-18,2.501e-05,2.519e-05,2.437e-05,2.476e-05,2194920009495.0,54379006.46404736,654156
2024-05-19,2.476e-05,2.509e-05,2.359e-05,2.386e-05,2183107026891.0,53052226.31874766,740523
2024-05-20,2.386e-05,2.613e-05,2.351e-05,2.607e-05,5596728225720.0,138440631.91868773,1519134
2024-05-21,2.606e-05,2.669e-05,2.503e-05,2.612e-05,8801627816712.0,226430234.151448,2389499
2024-05-22,2.611e-05,2.686e-05,2.501e-05,2.533e-05,7272234651256.0,187862073.35103187,2183283
2024-05-23,2.532e-05,2.574e-05,2.339e-05,2.461e-05,7388103199150.0,182657535.31531432,1930985
2024-05-24,2.46e-05,2.511e-05,2.362e-05,2.44e-05,4195441244126.0,102105489.05880456,1564187
2024-05-25,2.44e-05,2.527e-05,2.429e-05,2.508e-05,2845136437759.0,70541403.69993833,883219
2024-05-26,2.508e-05,2.517e-05,2.414e-05,2.433e-05,2396225445892.0,58952108.55749413,856011
2024-05-27,2.432e-05,2.623e-05,2.431e-05,2.552e-05,7189013499666.0,183123545.82689616,1707144
2024-05-28,2.552e-05,2.738e-05,2.444e-05,2.674e-05,11136854911998.0,288821126.75538373,2635042
2024-05-29,2.675e-05,2.945e-05,2.652e-05,2.755e-05,14930763774093.0,415912812.6992573,4155614
2024-05-30,2.755e-05,2.883e-05,2.561e-05,2.588e-05,8972985741670.0,240202890.71726328,2815584
2024-05-31,2.588e-05,2.635e-05,2.487e-05,2.543e-05,4561819514958.0,117182901.03156622,1652938
2024-06-01,2.543e-05,2.55e-05,2.511e-05,2.526e-05,1836300386585.0,46509148.65981128,661295
2024-06-02,2.526e-05,2.549e-05,2.402e-05,2.462e-05,3592351944695.0,88988101.33509707,1027742
2024-06-03,2.461e-05,2.54e-05,2.427e-05,2.443e-05,3648093452153.0,90603428.70711397,1273002
2024-06-04,2.443e-05,2.467e-05,2.282e-05,2.461e-05,4874789884758.0,117005117.25203224,1219199
2024-06-05,2.46e-05,2.633e-05,2.45e-05,2.594e-05,7520801185035.0,193540053.13256428,1919046
2024-06-06,2.593e-05,2.622e-05,2.494e-05,2.524e-05,3330439495822.0,85349231.31424502,1107839
2024-06-07,2.523e-05,2.549e-05,2.145e-05,2.369e-05,6190452475750.0,147296944.26433173,1281270
2024-06-08,2.37e-05,2.415e-05,2.3e-05,2.321e-05,2740406186719.0,64521731.12586361,923912
2024-06-09,2.321e-05,2.367e-05,2.295e-05,2.349e-05,1393234150076.0,32425655.98604819,569894
2024-06-10,2.349e-05,2.362e-05,2.269e-05,2.291e-05,2054438225241.0,47496032.9170164,824028
2024-06-11,2.291e-05,2.297e-05,2.105e-05,2.163e-05,4514209308692.0,99339849.03846736,1385835
2024-06-12,2.163e-05,2.324e-05,2.112e-05,2.221e-05,6060851125491.0,135589622.71761146,1776089
2024-06-13,2.22e-05,2.221e-05,2.095e-05,2.118e-05,2792479623371.0,60083267.9384542,1061178
2024-06-14,2.118e-05,2.189e-05,1.96e-05,2.029e-05,4207861454554.0,86758603.27637482,1216186
2024-06-15,2.029e-05,2.099e-05,1.998e-05,2.077e-05,1482167252261.0,30629986.41840087,660531
2024-06-16,2.077e-05,2.108e-05,2.04e-05,2.095e-05,1072794637241.0,22315549.57223081,491123
2024-06-17,2.095e-05,2.107e-05,1.86e-05,1.932e-05,3394743968561.0,66932814.16612131,1409313
2024-06-18,1.932e-05,1.944e-05,1.696e-05,1.809e-05,5639084201900.0,101021734.14275219,1885070
2024-06-19,1.809e-05,1.893e-05,1.796e-05,1.812e-05,2701894827467.0,49803507.05466443,1134211
2024-06-20,1.811e-05,1.9e-05,1.779e-05,1.804e-05,2872038607044.0,52640368.52851846,1250906
2024-06-21,1.803e-05,1.826e-05,1.74e-05,1.787e-05,2375521786024.0,42371313.27773507,1142642
2024-06-22,1.787e-05,1.833e-05,1.766e-05,1.799e-05,946179055164.0,17078454.35132829,404863
2024-06-23,1.799e-05,1.822e-05,1.742e-05,1.753e-05,1099343244542.0,19645647.0628033,409775
2024-06-24,1.753e-05,1.767e-05,1.632e-05,1.704e-05,3213688061393.0,54107735.38204636,1370609
2024-06-25,1.704e-05,1.824e-05,1.699e-05,1.775e-05,3032134629756.0,53468507.49924265,904867
2024-06-26,1.774e-05,1.807e-05,1.71e-05,1.714e-05,1811842890468.0,31801937.23033465,632092
2024-06-27,1.713e-05,1.772e-05,1.686e-05,1.757e-05,2197085204490.0,38082416.52347265,632480
2024-06-28,1.756e-05,1.814e-05,1.681e-05,1.7e-05,2683587776605.0,46602729.18187949,800477
2024-06-29,1.699e-05,1.726e-05,1.686e-05,1.691e-05,601946984208.0,10281234.68095463,250298
2024-06-30,1.69e-05,1.743e-05,1.662e-05,1.726e-05,1405637010406.0,23906325.8536586,344708
2024-07-01,1.726e-05,1.76e-05,1.695e-05,1.709e-05,1720066839022.0,29645732.00425315,388480
2024-07-02,1.708e-05,1.742e-05,1.696e-05,1.726e-05,1167896648236.0,20038577.65476135,331133
2024-07-03,1.726e-05,1.745e-05,1.612e-05,1.639e-05,2232411482439.0,37208631.94018184,552211
2024-07-04,1.639e-05,1.648e-05,1.453e-05,1.463e-05,3642679022304.0,55798879.65981832,844497
2024-07-05,1.463e-05,1.508e-05,1.266e-05,1.498e-05,6134837448792.0,84520759.83382687,1437946
2024-07-06,1.498e-05,1.754e-05,1.468e-05,1.74e-05,4494559226616.0,72403423.90254831,1497580
2024-07-07,1.741e-05,1.742e-05,1.539e-05,1.55e-05,3720012446353.0,60448642.5490443,1319699
2024-07-08,1.55e-05,1.71e-05,1.473e-05,1.618e-05,5559431844613.0,89427511.62599008,1917443
2024-07-09,1.618e-05,1.665e-05,1.592e-05,1.637e-05,2515344512522.0,41044096.73213682,1138985
2024-07-10,1.636e-05,1.688e-05,1.602e-05,1.64e-05,2024277469034.0,33425014.36646615,806844
2024-07-11,1.64e-05,1.702e-05,1.614e-05,1.623e-05,1936908660747.0,32048177.87484367,779005
2024-07-12,1.623e-05,1.664e-05,1.577e-05,1.65e-05,1540480246007.0,24939673.54938179,660556
2024-07-13,1.649e-05,1.739e-05,1.643e-05,1.711e-05,2122305005283.0,36150338.72996562,647807
2024-07-14,1.712e-05,1.778e-05,1.705e-05,1.763e-05,2024790242481.0,35155947.56915605,623528
2024-07-15,1.763e-05,1.939e-05,1.748e-05,1.926e-05,3470499493495.0,63430478.545311,1191514
2024-07-16,1.925e-05,2.017e-05,1.838e-05,1.933e-05,6695609066398.0,129667422.10272323,2337905
2024-07-17,1.933e-05,1.985e-05,1.849e-05,1.862e-05,3279949126693.0,62864182.20325975,1298786
2024-07-18,1.862e-05,1.898e-05,1.679e-05,1.739e-05,19441200032600.0,339199574.40765464,1941706
2024-07-19,1.739e-05,1.817e-05,1.686e-05,1.779e-05,8213957300383.0,143987014.08248428,1173363
2024-07-20,1.779e-05,1.847e-05,1.747e-05,1.81e-05,5338157454005.0,96176604.82674554,848938
2024-07-21,1.81e-05,1.845e-05,1.7e-05,1.825e-05,4741785343586.0,84679583.45728618,981955
2024-07-22,1.825e-05,1.832e-05,1.74e-05,1.757e-05,3571472894918.0,63422571.71352226,845374
2024-07-23,1.757e-05,1.779e-05,1.67e-05,1.704e-05,3505410807811.0,60360182.59826288,924430
2024-07-24,1.704e-05,1.758e-05,1.661e-05,1.679e-05,2386171208698.0,40890944.3220518,705636
2024-07-25,1.68e-05,1.688e-05,1.581e-05,1.639e-05,3901076620943.0,63301819.82231053,923677
2024-07-26,1.64e-05,1.703e-05,1.637e-05,1.696e-05,1847653658945.0,30962422.60246196,463998
2024-07-27,1.696e-05,1.763e-05,1.671e-05,1.702e-05,3109234728230.0,53280894.39765415,722165
2024-07-28,1.701e-05,1.718e-05,1.664e-05,1.68e-05,1049187230560.0,17683400.93016835,332370
2024-07-29,1.68e-05,1.732e-05,1.651e-05,1.662e-05,2155572321469.0,36503152.38013243,584690
2024-07-30,1.662e-05,1.685e-05,1.6e-05,1.641e-05,1444232826090.0,23867095.62630756,534085
2024-07-31,1.64e-05,1.67e-05,1.57e-05,1.592e-05,2008360019451.0,32645931.05316563,643010
2024-08-01,1.593e-05,1.605e-05,1.487e-05,1.579e-05,2667579412300.0,41295146.33132197,823657
2024-08-02,1.579e-05,1.589e-05,1.459e-05,1.466e-05,2876907547383.0,43648106.23307023,1184228
2024-08-03,1.466e-05,1.484e-05,1.378e-05,1.423e-05,2892241178072.0,41375407.8452373,1063518
2024-08-04,1.424e-05,1.433e-05,1.297e-05,1.334e-05,3328238694579.0,45200904.51412926,1047301
2024-08-05,1.335e-05,1.397e-05,1.078e-05,1.323e-05,16538479269145.0,200896358.43063956,2189851
2024-08-06,1.324e-05,1.405e-05,1.312e-05,1.344e-05,5695595509475.0,77676415.70724238,2040775
2024-08-07,1.344e-05,1.395e-05,1.271e-05,1.288e-05,3894577937203.0,52090380.85605292,1896011
2024-08-08,1.289e-05,1.44e-05,1.264e-05,1.431e-05,3655499675027.0,49628441.8522173,1578308
2024-08-09,1.431e-05,1.432e-05,1.366e-05,1.404e-05,2445492683405.0,34229391.06154666,1210464
2024-08-10,1.404e-05,1.429e-05,1.387e-05,1.409e-05,1129905268597.0,15893839.56484178,572253
2024-08-11,1.41e-05,1.468e-05,1.327e-05,1.339e-05,2586343379179.0,36105182.87023902,1140859
2024-08-12,1.34e-05,1.41e-05,1.328e-05,1.391e-05,2429548905041.0,33414019.29764575,1666550
2024-08-13,1.392e-05,1.407e-05,1.349e-05,1.388e-05,1579895477061.0,21801815.80031982,1021983
2024-08-14,1.388e-05,1.404e-05,1.342e-05,1.361e-05,1492805373150.0,20483311.37531331,899922
2024-08-15,1.361e-05,1.376e-05,1.311e-05,1.327e-05,2011935911016.0,27004063.5394835,868940
2024-08-16,1.326e-05,1.349e-05,1.289e-05,1.321e-05,1384593084914.0,18305086.24625376,825495
2024-08-17,1.322e-05,1.343e-05,1.314e-05,1.337e-05,642596170223.0,8555066.56514277,295216
2024-08-18,1.338e-05,1.36e-05,1.322e-05,1.324e-05,855658180637.0,11493261.99450012,348390
2024-08-19,1.324e-05,1.354e-05,1.298e-05,1.333e-05,1996764355104.0,26351082.04387269,752296
2024-08-20,1.334e-05,1.394e-05,1.331e-05,1.364e-05,2423649887042.0,33150115.1241421,884403
2024-08-21,1.364e-05,1.422e-05,1.348e-05,1.412e-05,1792061570229.0,24784670.66001074,727665
2024-08-22,1.411e-05,1.439e-05,1.383e-05,1.406e-05,1827563533524.0,25837625.97101263,590509
2024-08-23,1.406e-05,1.551e-05,1.403e-05,1.53e-05,3715858014357.0,54813210.0269842,1279041
2024-08-24,1.53e-05,1.612e-05,1.509e-05,1.563e-05,3455835112594.0,54031500.90505974,1251356
2024-08-25,1.563e-05,1.566e-05,1.469e-05,1.511e-05,3070635212887.0,46438298.50651014,1206721
2024-08-26,1.511e-05,1.525e-05,1.435e-05,1.461e-05,2831660405948.0,41854388.47265413,1265210
2024-08-27,1.461e-05,1.484e-05,1.336e-05,1.376e-05,3386510751580.0,48225316.50455162,1418655
2024-08-28,1.376e-05,1.421e-05,1.341e-05,1.386e-05,2702262389265.0,37294069.32718125,1649265
2024-08-29,1.385e-05,1.455e-05,1.382e-05,1.407e-05,2164997071633.0,30660599.09955914,1185174
2024-08-30,1.407e-05,1.423e-05,1.362e-05,1.4e-05,2294370316530.0,31950197.18388362,1213498
2024-08-31,1.4e-05,1.41e-05,1.373e-05,1.384e-05,632614612824.0,8790297.9034258,343574
2024-09-01,1.384e-05,1.387e-05,1.304e-05,1.316e-05,1561191549479.0,21055503.17041196,853923
2024-09-02,1.315e-05,1.373e-05,1.31e-05,1.366e-05,1479796779779.0,19845457.85947914,806866
2024-09-03,1.366e-05,1.385e-05,1.304e-05,1.309e-05,1199292038440.0,16091404.11311946,694452
2024-09-04,1.309e-05,1.369e-05,1.244e-05,1.359e-05,2397381823366.0,31399014.23401436,1057855
2024-09-05,1.36e-05,1.364e-05,1.305e-05,1.319e-05,1151758593118.0,15313347.98888304,903363
2024-09-06,1.32e-05,1.345e-05,1.231e-05,1.28e-05,2650530249384.0,34321030.59471837,1436292
2024-09-07,1.28e-05,1.304e-05,1.272e-05,1.287e-05,893411275106.0,11522291.89857975,443162
2024-09-08,1.286e-05,1.318e-05,1.28e-05,1.308e-05,956500584440.0,12411291.01923192,459207
2024-09-09,1.309e-05,1.376e-05,1.297e-05,1.354e-05,1775937260566.0,23767534.9133929,819063
2024-09-10,1.354e-05,1.369e-05,1.33e-05,1.353e-05,1162170390273.0,15654232.95226123,653459
2024-09-11,1.354e-05,1.355e-05,1.293e-05,1.326e-05,1396830641235.0,18488918.88387913,901242
2024-09-12,1.326e-05,1.354e-05,1.319e-05,1.352e-05,1039348824370.0,13900547.06081644,570851
2024-09-13,1.352e-05,1.411e-05,1.338e-05,1.396e-05,1554881496772.0,21378268.38423266,690786
2024-09-14,1.395e-05,1.406e-05,1.359e-05,1.373e-05,1021712457792.0,14089069.12493929,332219
2024-09-15,1.373e-05,1.387e-05,1.327e-05,1.338e-05,981660114054.0,13422362.12171252,442677
2024-09-16,1.338e-05,1.347e-05,1.3e-05,1.318e-05,1550236202035.0,20449720.54353246,692178
2024-09-17,1.317e-05,1.357e-05,1.303e-05,1.331e-05,1295612667644.0,17282652.62172831,629632
2024-09-18,1.332e-05,1.371e-05,1.296e-05,1.369e-05,1891101424161.0,25185188.32468588,900227
2024-09-19,1.37e-05,1.459e-05,1.37e-05,1.409e-05,3251781936997.0,45969547.79207494,1038730
2024-09-20,1.41e-05,1.451e-05,1.388e-05,1.438e-05,1977949160548.0,28202879.17334891,1064872
2024-09-21,1.438e-05,1.504e-05,1.41e-05,1.5e-05,1848213651996.0,27036537.25611466,811591
2024-09-22,1.499e-05,1.508e-05,1.415e-05,1.452e-05,1782333463943.0,25957659.37517488,990601
2024-09-23,1.453e-05,1.487e-05,1.42e-05,1.448e-05,1932619658827.0,28096740.96843109,1183194
2024-09-24,1.448e-05,1.492e-05,1.427e-05,1.483e-05,2033118707149.0,29754636.89418485,1064222
2024-09-25,1.483e-05,1.576e-05,1.472e-05,1.526e-05,3900893562948.0,59608510.69950333,1632759
2024-09-26,1.526e-05,1.935e-05,1.49e-05,1.862e-05,13472123037892.0,235639564.50282115,5152366
2024-09-27,1.863e-05,2.169e-05,1.855e-05,2.027e-05,13636255168900.0,273526280.05934805,7382015
2024-09-28,2.027e-05,2.147e-05,1.896e-05,1.962e-05,7441548624423.0,149171492.21908063,5099813
2024-09-29,1.963e-05,2.039e-05,1.904e-05,1.934e-05,5103581334012.0,100374896.65736616,3525179
2024-09-30,1.935e-05,1.937e-05,1.744e-05,1.757e-05,6199638319918.0,113487430.61532274,3493803
2024-10-01,1.756e-05,1.865e-05,1.55e-05,1.642e-05,10377289734292.0,177705769.7911464,4460643
2024-10-02,1.641e-05,1.71e-05,1.601e-05,1.628e-05,6502319016319.0,107891722.81707129,4174158
2024-10-03,1.628e-05,1.676e-05,1.548e-05,1.608e-05,4738603469897.0,76270982.20072092,3606119
2024-10-04,1.608e-05,1.773e-05,1.596e-05,1.739e-05,5098128322935.0,87367891.45829715,3140286
2024-10-05,1.74e-05,1.795e-05,1.69e-05,1.744e-05,3063834190658.0,53482448.91432595,1892989
2024-10-06,1.744e-05,1.885e-05,1.711e-05,1.812e-05,4024341109567.0,72593896.47407597,2094719
2024-10-07,1.813e-05,1.881e-05,1.741e-05,1.743e-05,5193279520789.0,94501334.03598078,3359233
2024-10-08,1.743e-05,1.77e-05,1.698e-05,1.725e-05,2906974095017.0,50436211.78009307,2435960
2024-10-09,1.725e-05,1.802e-05,1.671e-05,1.69e-05,2948195218189.0,51116190.80574521,2368229
2024-10-10,1.69e-05,1.723e-05,1.605e-05,1.678e-05,2681988159362.0,44786637.29160624,1914556
2024-10-11,1.678e-05,1.81e-05,1.658e-05,1.766e-05,3577650267322.0,62529844.71636077,1996311
2024-10-12,1.766e-05,1.813e-05,1.763e-05,1.785e-05,1955382916527.0,35011296.14644602,1315790
2024-10-13,1.785e-05,1.794e-05,1.708e-05,1.764e-05,1782795406926.0,31237351.21665206,1286233
2024-10-14,1.765e-05,1.898e-05,1.735e-05,1.87e-05,4328594848779.0,78845141.55343331,2229242
2024-10-15,1.871e-05,1.899e-05,1.753e-05,1.824e-05,5313225486291.0,96700052.16416708,3357990
2024-10-16,1.824e-05,1.915e-05,1.789e-05,1.859e-05,5226094306874.0,97343729.99837507,3462569
2024-10-17,1.858e-05,1.872e-05,1.759e-05,1.821e-05,3183920867808.0,57525384.31603591,2255424
2024-10-18,1.822e-05,1.933e-05,1.814e-05,1.879e-05,5064334479629.0,95443382.01032425,2537939
2024-10-19,1.879e-05,1.955e-05,1.865e-05,1.903e-05,3834642427649.0,73459827.42810635,1806346
2024-10-20,1.903e-05,1.919e-05,1.839e-05,1.904e-05,2101363516827.0,39467410.80193264,1334470
2024-10-21,1.904e-05,1.934e-05,1.803e-05,1.836e-05,3553284097875.0,66517976.38378568,2005300
2024-10-22,1.836e-05,1.862e-05,1.794e-05,1.815e-05,1895009662049.0,34565815.57212651,1520598
2024-10-23,1.815e-05,1.82e-05,1.706e-05,1.765e-05,2047740049325.0,36132274.21453144,1544538
2024-10-24,1.765e-05,1.819e-05,1.74e-05,1.803e-05,1800684770512.0,32077448.0549045,1268937
2024-10-25,1.804e-05,1.809e-05,1.583e-05,1.656e-05,3459052106274.0,58744956.99623221,1798250
2024-10-26,1.656e-05,1.716e-05,1.637e-05,1.701e-05,1816727599826.0,30481872.93639121,1135186
2024-10-27,1.702e-05,1.738e-05,1.683e-05,1.723e-05,1056909337685.0,18085082.24507877,694211
2024-10-28,1.724e-05,1.84e-05,1.681e-05,1.823e-05,3687266779943.0,64511187.10246559,2326268
2024-10-29,1.823e-05,1.983e-05,1.811e-05,1.906e-05,6703904569305.0,126585712.63324827,3358626
2024-10-30,1.907e-05,1.935e-05,1.82e-05,1.838e-05,3367176274275.0,62935542.13861299,2348045
2024-10-31,1.839e-05,1.919e-05,1.771e-05,1.79e-05,3619621696801.0,66595975.23668026,2606544
2024-11-01,1.79e-05,1.819e-05,1.716e-05,1.758e-05,3383422969829.0,59621198.65194635,2516314
2024-11-02,1.757e-05,1.794e-05,1.724e-05,1.745e-05,1088469889470.0,19121005.69697452,978763
2024-11-03,1.744e-05,1.747e-05,1.619e-05,1.689e-05,2152026818064.0,36112464.50648708,1858276
2024-11-04,1.689e-05,1.726e-05,1.639e-05,1.686e-05,2552509804154.0,43104179.63361696,2200277
2024-11-05,1.687e-05,1.855e-05,1.685e-05,1.786e-05,4714816089818.0,84016436.68114027,3155976
2024-11-06,1.787e-05,1.99e-05,1.785e-05,1.908e-05,12591567731826.0,238171687.55769297,5735268
2024-11-07,1.908e-05,1.951e-05,1.83e-05,1.916e-05,5291877486721.0,100192296.449248,3250263
2024-11-08,1.916e-05,1.948e-05,1.84e-05,1.902e-05,5231858933605.0,99212787.14502141,3067181
2024-11-09,1.902e-05,2.051e-05,1.851e-05,2.05e-05,6775711807936.0,131886635.47739474,2774672
2024-11-10,2.05e-05,2.806e-05,2.012e-05,2.607e-05,41265867138638.0,1022009292.3471364,16587177
2024-11-11,2.608e-05,2.896e-05,2.44e-05,2.789e-05,30237967572177.0,811542739.5835594,16812688
2024-11-12,2.789e-05,3.046e-05,2.436e-05,2.647e-05,37728928707212.0,1025347502.7311993,17787299
2024-11-13,2.647e-05,2.794e-05,2.333e-05,2.583e-05,32974255388090.0,845944764.524315,13822740
2024-11-14,2.582e-05,2.678e-05,2.283e-05,2.341e-05,19127043922820.0,483410179.3240889,10801030
2024-11-15,2.341e-05,2.606e-05,2.259e-05,2.556e-05,11132510019632.0,268332896.56064737,8298798
2024-11-16,2.555e-05,2.621e-05,2.4e-05,2.461e-05,9270022680517.0,232039658.93405434,7445993
2024-11-17,2.462e-05,2.571e-05,2.326e-05,2.479e-05,9271648870797.0,228392638.824352,8086672
2024-11-18,2.479e-05,2.584e-05,2.402e-05,2.486e-05,9738577504656.0,242283098.59290054,7608633
2024-11-19,2.487e-05,2.616e-05,2.43e-05,2.475e-05,9974263081048.0,251571358.70330766,7231402
2024-11-20,2.474e-05,2.482e-05,2.339e-05,2.387e-05,6667473022342.0,161450002.4040509,5411100
2024-11-21,2.387e-05,2.547e-05,2.303e-05,2.476e-05,7253817201415.0,176732080.01469985,5570793
2024-11-22,2.476e-05,2.577e-05,2.425e-05,2.542e-05,9239219017660.0,230156003.79863536,6632983
2024-11-23,2.542e-05,2.813e-05,2.488e-05,2.593e-05,20292028429808.0,542718977.6853764,10801776
2024-11-24,2.593e-05,2.818e-05,2.428e-05,2.574e-05,11923331784938.0,309642557.1362639,8649755
2024-11-25,2.575e-05,2.649e-05,2.432e-05,2.476e-05,9141293899291.0,233230016.680445,6479084
2024-11-26,2.476e-05,2.543e-05,2.332e-05,2.434e-05,5380263356450.0,130681806.26885408,6236994
2024-11-27,2.435e-05,2.585e-05,2.405e-05,2.573e-05,4343743016957.0,108738518.2933734,3690079
2024-11-28,2.573e-05,2.652e-05,2.487e-05,2.548e-05,4207019876984.0,107363746.9560531,4191379
2024-11-29,2.549e-05,2.636e-05,2.53e-05,2.603e-05,5674007313192.0,147046501.29917878,3178920
2024-11-30,2.604e-05,2.756e-05,2.556e-05,2.673e-05,8000191890561.0,214140883.12951952,4809823
2024-12-01,2.673e-05,3.316e-05,2.66e-05,3.086e-05,35252766445377.0,1078093869.8201125,18747427
2024-12-02,3.087e-05,3.263e-05,2.823e-05,2.992e-05,18714326964919.0,560826124.363391,13384665
2024-12-03,2.992e-05,3.095e-05,2.659e-05,2.861e-05,14384807718832.0,413087897.9319929,8675466
2024-12-04,2.861e-05,3.3e-05,2.859e-05,3.285e-05,18486708602343.0,563291653.8235749,11987379
2024-12-05,3.285e-05,3.296e-05,2.951e-05,3.045e-05,19783485557128.0,622473590.6156925,13949342
2024-12-06,3.046e-05,3.152e-05,2.91e-05,3.084e-05,8047493568750.0,246269051.35555914,6146932
2024-12-07,3.085e-05,3.335e-05,3.029e-05,3.197e-05,10593002589001.0,337057559.2577194,7832457
2024-12-08,3.196e-05,3.343e-05,3.12e-05,3.219e-05,7812903629427.0,251797577.93657625,6809364
2024-12-09,3.219e-05,3.222e-05,2.421e-05,2.725e-05,15667987938212.0,448278832.2570497,10856089
2024-12-10,2.725e-05,2.772e-05,2.418e-05,2.716e-05,15855985911459.0,414511725.6818744,11753139
2024-12-11,2.716e-05,2.933e-05,2.599e-05,2.879e-05,9883629950613.0,274762303.9888441,7428996
2024-12-12,2.88e-05,2.979e-05,2.779e-05,2.813e-05,6339958415521.0,182802872.69843152,6743666
2024-12-13,2.814e-05,2.859e-05,2.744e-05,2.855e-05,4140837255761.0,116016206.86589848,4791890
2024-12-14,2.854e-05,2.884e-05,2.683e-05,2.749e-05,3527035755366.0,98190446.5229328,3092205
2024-12-15,2.749e-05,2.807e-05,2.684e-05,2.788e-05,2419499856835.0,66556654.39129289,2671381
2024-12-16,2.789e-05,2.833e-05,2.655e-05,2.719e-05,3615687165963.0,99182272.52500868,4190348
2024-12-17,2.719e-05,2.749e-05,2.602e-05,2.632e-05,3567752751715.0,96027315.69088146,4054831
2024-12-18,2.633e-05,2.647e-05,2.371e-05,2.405e-05,7180619755691.0,180249790.28865612,5671135
2024-12-19,2.405e-05,2.45e-05,2.104e-05,2.157e-05,9977701447586.0,226627379.14688423,8384983
2024-12-20,2.156e-05,2.271e-05,1.853e-05,2.247e-05,11718605489671.0,239273145.54811007,9149285
2024-12-21,2.246e-05,2.4e-05,2.143e-05,2.17e-05,6195830888323.0,139778588.02655163,7779164
2024-12-22,2.171e-05,2.224e-05,2.088e-05,2.153e-05,3414064327148.0,73794617.0298818,5381949
2024-12-23,2.153e-05,2.284e-05,2.095e-05,2.251e-05,4123296778815.0,90011121.25382636,5936113
2024-12-24,2.251e-05,2.365e-05,2.192e-05,2.35e-05,3444288545722.0,78603276.09859547,3674373
2024-12-25,2.35e-05,2.408e-05,2.257e-05,2.283e-05,3011767165457.0,69844950.79913382,3368473
2024-12-26,2.283e-05,2.313e-05,2.128e-05,2.159e-05,2511376514586.0,55067499.45221057,3228117
2024-12-27,2.159e-05,2.243e-05,2.134e-05,2.17e-05,2288035452137.0,49982297.22991164,3177107
2024-12-28,2.169e-05,2.239e-05,2.153e-05,2.218e-05,1441391196613.0,31697429.65953768,1983302
2024-12-29,2.218e-05,2.245e-05,2.13e-05,2.135e-05,1628058917767.0,35613499.4777131,1848702
2024-12-30,2.135e-05,2.189e-05,2.053e-05,2.114e-05,2546728216573.0,54211180.43691527,3667901
2024-12-31,2.114e-05,2.191e-05,2.051e-05,2.118e-05,2758357733556.0,58519989.21776028,2953702
2025-01-01,2.118e-05,2.174e-05,2.071e-05,2.17e-05,1932452526838.0,41112668.99269299,1793136
2025-01-02,2.169e-05,2.306e-05,2.16e-05,2.291e-05,3227940784557.0,72613905.85266659,3236033
2025-01-03,2.291e-05,2.464e-05,2.249e-05,2.443e-05,3326637610500.0,78493026.21791673,3515508
2025-01-04,2.442e-05,2.493e-05,2.388e-05,2.433e-05,2577410961153.0,62871713.54142099,2949219
2025-01-05,2.434e-05,2.441e-05,2.345e-05,2.392e-05,1808839971741.0,43212449.91960008,1928055
2025-01-06,2.393e-05,2.462e-05,2.342e-05,2.406e-05,2760588269624.0,66603201.66447643,2932046
2025-01-07,2.406e-05,2.428e-05,2.167e-05,2.179e-05,4990949237981.0,114061493.36694293,3615185
2025-01-08,2.179e-05,2.198e-05,2.025e-05,2.13e-05,4060310316268.0,86416994.46262886,4920138
2025-01-09,2.129e-05,2.203e-05,2.048e-05,2.104e-05,2969000294233.0,62882672.7395118,4571090
2025-01-10,2.104e-05,2.19e-05,2.103e-05,2.156e-05,2664676966361.0,57187329.28877751,3893549
2025-01-11,2.157e-05,2.274e-05,2.134e-05,2.221e-05,2064915162941.0,45316525.35736028,2113958
2025-01-12,2.221e-05,2.221e-05,2.129e-05,2.156e-05,1343111945315.0,29181521.90772214,1582121
2025-01-13,2.156e-05,2.216e-05,1.96e-05,2.12e-05,4807818267201.0,99425105.77778092,5281205
2025-01-14,2.121e-05,2.2e-05,2.11e-05,2.163e-05,2245858609873.0,48186306.32943318,2417307
2025-01-15,2.163e-05,2.285e-05,2.093e-05,2.274e-05,3994883473032.0,87377643.11861965,3165713
2025-01-16,2.274e-05,2.282e-05,2.17e-05,2.202e-05,3821784510543.0,84905013.64413057,3653348
2025-01-17,2.202e-05,2.463e-05,2.201e-05,2.419e-05,7596807405117.0,181475116.67492425,5041788
2025-01-18,2.419e-05,2.497e-05,2.235e-05,2.278e-05,6420846286036.0,148526976.53514352,5072754
2025-01-19,2.277e-05,2.326e-05,1.975e-05,2.034e-05,15543684050898.0,329313105.25988436,6239504
2025-01-20,2.035e-05,2.22e-05,1.964e-05,2.033e-05,13016258850106.0,268870378.9789661,6353604
2025-01-21,2.034e-05,2.136e-05,1.965e-05,2.09e-05,5654428919384.0,116262523.74483284,5515679
2025-01-22,2.091e-05,2.1e-05,2.006e-05,2.018e-05,2193280532682.0,44880956.65340178,2373890
2025-01-23,2.017e-05,2.05e-05,1.954e-05,2.014e-05,3329864319027.0,66575717.37303668,3438874
2025-01-24,2.014e-05,2.057e-05,1.949e-05,1.997e-05,2212494542789.0,44534819.32588286,2403113
2025-01-25,1.997e-05,2.023e-05,1.969e-05,1.994e-05,1120935326879.0,22407200.05565684,1206862
2025-01-26,1.994e-05,2.016e-05,1.903e-05,1.909e-05,1450771662343.0,28577164.36855181,949173
2025-01-27,1.91e-05,1.917e-05,1.727e-05,1.897e-05,4461333503771.0,81460753.68205515,4473150
2025-01-28,1.898e-05,1.933e-05,1.771e-05,1.796e-05,2237457859035.0,41769167.11421397,2164613
2025-01-29,1.797e-05,1.882e-05,1.781e-05,1.829e-05,2782552724758.0,51011923.06892665,2492694
2025-01-30,1.83e-05,1.899e-05,1.817e-05,1.868e-05,1881177049609.0,35098946.37030539,1378971
2025-01-31,1.868e-05,1.968e-05,1.848e-05,1.89e-05,2927643514630.0,55860978.95225579,1939201
2025-02-01,1.889e-05,1.925e-05,1.747e-05,1.76e-05,2627678057063.0,48481439.39956876,1674002
2025-02-02,1.761e-05,1.796e-05,1.471e-05,1.551e-05,8899643466817.0,143594308.54216325,4347372
2025-02-03,1.552e-05,1.688e-05,1.16e-05,1.68e-05,20635270646663.0,296464611.9052315,7080225
2025-02-04,1.679e-05,1.694e-05,1.506e-05,1.575e-05,7350292457897.0,115755257.62139721,5383322
2025-02-05,1.575e-05,1.676e-05,1.55e-05,1.577e-05,3837838627256.0,61672267.46634435,3992971
2025-02-06,1.577e-05,1.616e-05,1.473e-05,1.486e-05,3492494016702.0,53663990.45713893,3264131
2025-02-07,1.486e-05,1.572e-05,1.462e-05,1.51e-05,3358832754906.0,50981407.13732062,2876892
2025-02-08,1.51e-05,1.607e-05,1.501e-05,1.596e-05,2330037781675.0,36377387.21810113,1525853
2025-02-09,1.596e-05,1.654e-05,1.514e-05,1.566e-05,2098392933305.0,33384530.57961982,1641524
2025-02-10,1.567e-05,1.612e-05,1.528e-05,1.58e-05,1648398895424.0,26059578.65265981,2131872
2025-02-11,1.58e-05,1.65e-05,1.544e-05,1.569e-05,2523764521837.0,40315465.81007154,1956424
2025-02-12,1.569e-05,1.734e-05,1.548e-05,1.7e-05,5012643490904.0,80973208.08405067,2943734
2025-02-13,1.7e-05,1.704e-05,1.592e-05,1.629e-05,2474925503348.0,40521625.02597386,2013306
2025-02-14,1.63e-05,1.719e-05,1.618e-05,1.672e-05,2642705376276.0,44128955.65051545,2237657
2025-02-15,1.672e-05,1.703e-05,1.623e-05,1.632e-05,1464264779379.0,24214184.03643541,1475486
2025-02-16,1.633e-05,1.64e-05,1.583e-05,1.596e-05,1123582763290.0,18077359.23060093,1122705
2025-02-17,1.597e-05,1.629e-05,1.537e-05,1.575e-05,2010712116953.0,31749952.40729535,1881410
2025-02-18,1.575e-05,1.58e-05,1.487e-05,1.523e-05,1820336262140.0,27709483.22059002,2049109
2025-02-19,1.523e-05,1.554e-05,1.505e-05,1.541e-05,1065344205286.0,16333225.72188352,1164114
2025-02-20,1.542e-05,1.562e-05,1.529e-05,1.554e-05,1070498362866.0,16551082.09857803,886324
2025-02-21,1.554e-05,1.598e-05,1.485e-05,1.508e-05,2141722282338.0,33106892.31513603,1844716
2025-02-22,1.509e-05,1.579e-05,1.502e-05,1.56e-05,872922499123.0,13467551.82914826,634917
2025-02-23,1.561e-05,1.578e-05,1.532e-05,1.546e-05,752069272902.0,11693369.99323398,621269
2025-02-24,1.546e-05,1.556e-05,1.344e-05,1.364e-05,3597257876096.0,51675641.49045492,2477368
2025-02-25,1.364e-05,1.428e-05,1.303e-05,1.409e-05,5528727615225.0,75415280.51026586,4317373
2025-02-26,1.41e-05,1.456e-05,1.376e-05,1.443e-05,2765089146266.0,39149864.08819027,2819665
2025-02-27,1.442e-05,1.486e-05,1.42e-05,1.443e-05,1849442911756.0,26858190.64150345,1965227
2025-02-28,1.443e-05,1.445e-05,1.3e-05,1.394e-05,4606734654526.0,62480605.0265326,3440783
2025-03-01,1.393e-05,1.416e-05,1.34e-05,1.365e-05,1178017543637.0,16216207.31723116,1119341
2025-03-02,1.364e-05,1.52e-05,1.349e-05,1.515e-05,4232071717168.0,60991257.37984772,2372323
2025-03-03,1.515e-05,1.52e-05,1.269e-05,1.291e-05,5456571377082.0,74529860.46303917,3976654
2025-03-04,1.291e-05,1.326e-05,1.218e-05,1.309e-05,6399189018557.0,81142111.89923532,3645626
2025-03-05,1.308e-05,1.345e-05,1.286e-05,1.337e-05,1761990956923.0,23165966.0258308,1840131
2025-03-06,1.337e-05,1.383e-05,1.315e-05,1.339e-05,1715764587847.0,23087569.26919592,1815391
2025-03-07,1.339e-05,1.376e-05,1.276e-05,1.315e-05,3202440780353.0,42660006.3694547,2531066
2025-03-08,1.314e-05,1.326e-05,1.256e-05,1.267e-05,1313231802009.0,16943474.49985964,1000045
2025-03-09,1.267e-05,1.272e-05,1.151e-05,1.165e-05,2483686943525.0,29830933.17823178,1926530
2025-03-10,1.166e-05,1.3e-05,1.143e-05,1.15e-05,4701056949896.0,56877817.06870625,3543065
2025-03-11,1.15e-05,1.229e-05,1.082e-05,1.205e-05,4388564560815.0,50749616.72633014,2606920
2025-03-12,1.204e-05,1.261e-05,1.177e-05,1.233e-05,2510097305660.0,30597080.61977187,2140802
2025-03-13,1.232e-05,1.24e-05,1.179e-05,1.202e-05,1787826831503.0,21683962.914581,1435615
2025-03-14,1.203e-05,1.292e-05,1.198e-05,1.278e-05,1715406277774.0,21493666.44765884,1099565
2025-03-15,1.277e-05,1.298e-05,1.262e-05,1.284e-05,797986600161.0,10193665.28705047,648221
2025-03-16,1.284e-05,1.383e-05,1.256e-05,1.311e-05,3293490564142.0,43544712.89311469,1933496
2025-03-17,1.312e-05,1.36e-05,1.277e-05,1.295e-05,2266225094029.0,29701685.81369523,1244715
2025-03-18,1.296e-05,1.297e-05,1.226e-05,1.255e-05,1239717626759.0,15566597.11503822,902012
2025-03-19,1.255e-05,1.299e-05,1.248e-05,1.293e-05,1676982515057.0,21345880.11679599,1201405
2025-03-20,1.294e-05,1.304e-05,1.26e-05,1.294e-05,1100859858806.0,14152816.81616551,884773
2025-03-21,1.294e-05,1.309e-05,1.245e-05,1.251e-05,978518210968.0,12444575.63804739,744949
2025-03-22,1.251e-05,1.296e-05,1.247e-05,1.281e-05,707364500248.0,9022994.12517454,424525
2025-03-23,1.281e-05,1.313e-05,1.278e-05,1.295e-05,848798440236.0,10985117.54098048,468366
2025-03-24,1.295e-05,1.37e-05,1.277e-05,1.353e-05,1584518484251.0,21134733.68818323,1076245
2025-03-25,1.352e-05,1.405e-05,1.335e-05,1.384e-05,1589853549932.0,21675529.91656748,1195080
2025-03-26,1.384e-05,1.567e-05,1.379e-05,1.421e-05,5493331582376.0,81488058.75283863,3143299
2025-03-27,1.421e-05,1.473e-05,1.392e-05,1.402e-05,2175156858900.0,31112014.17615566,1627042
2025-03-28,1.402e-05,1.405e-05,1.301e-05,1.324e-05,2187479919738.0,29261740.763294,1453807
2025-03-29,1.325e-05,1.339e-05,1.243e-05,1.268e-05,1429260171148.0,18278775.30908112,1335790
2025-03-30,1.267e-05,1.285e-05,1.228e-05,1.245e-05,1611688852041.0,20299296.84663715,1096870
2025-03-31,1.246e-05,1.258e-05,1.197e-05,1.238e-05,2000711148283.0,24553257.77904251,1747975
2025-04-01,1.238e-05,1.315e-05,1.237e-05,1.269e-05,1534773505827.0,19603191.67075198,1267323
2025-04-02,1.269e-05,1.305e-05,1.195e-05,1.205e-05,3506214293093.0,43761299.5895378,2415866
2025-04-03,1.206e-05,1.244e-05,1.182e-05,1.223e-05,1965206970270.0,23880150.87146387,1595156
2025-04-04,1.223e-05,1.254e-05,1.193e-05,1.23e-05,2534881970519.0,31042648.54352921,1867802
2025-04-05,1.231e-05,1.244e-05,1.208e-05,1.234e-05,680525576437.0,8357605.88691066,468653
2025-04-06,1.234e-05,1.239e-05,1.102e-05,1.133e-05,2500636032248.0,29115118.77236322,1661499
2025-04-07,1.133e-05,1.183e-05,1.028e-05,1.142e-05,6559880042013.0,72658173.41668884,4515390
2025-04-08,1.143e-05,1.173e-05,1.053e-05,1.066e-05,2386534580097.0,26522641.25549685,1948213
2025-04-09,1.066e-05,1.214e-05,1.029e-05,1.193e-05,4069201272426.0,45792333.68686501,2835930
2025-04-10,1.193e-05,1.214e-05,1.141e-05,1.162e-05,1968179220963.0,23221220.6610363,1627451
2025-04-11,1.163e-05,1.238e-05,1.16e-05,1.22e-05,1375393441631.0,16560015.50484529,965822
2025-04-12,1.221e-05,1.268e-05,1.204e-05,1.254e-05,1189414879539.0,14751229.79088185,906098
2025-04-13,1.254e-05,1.259e-05,1.193e-05,1.205e-05,1464094643575.0,17900495.57881677,1213909
2025-04-14,1.205e-05,1.244e-05,1.193e-05,1.2e-05,1658894045681.0,20249756.79357382,1310821
2025-04-15,1.201e-05,1.215e-05,1.165e-05,1.167e-05,1225092312074.0,14592335.53362196,918430
2025-04-16,1.168e-05,1.198e-05,1.146e-05,1.183e-05,1340109650833.0,15724749.70130964,1091930
2025-04-17,1.184e-05,1.205e-05,1.162e-05,1.18e-05,957709683389.0,11360160.27628697,691260
2025-04-18,1.179e-05,1.247e-05,1.167e-05,1.229e-05,1033567297787.0,12493552.21851492,556926
2025-04-19,1.229e-05,1.242e-05,1.212e-05,1.234e-05,706302243369.0,8649845.91054793,374326
2025-04-20,1.235e-05,1.256e-05,1.209e-05,1.236e-05,1048042301986.0,12965020.82563043,487757
2025-04-21,1.235e-05,1.281e-05,1.22e-05,1.236e-05,1461935856011.0,18357668.18337079,910843
2025-04-22,1.237e-05,1.381e-05,1.217e-05,1.358e-05,2318064439949.0,30077612.08383188,1371924
2025-04-23,1.357e-05,1.39e-05,1.315e-05,1.357e-05,2493964991694.0,33893454.41083748,1556862
2025-04-24,1.357e-05,1.38e-05,1.29e-05,1.379e-05,1617168875094.0,21612950.90860304,1155245
2025-04-25,1.378e-05,1.429e-05,1.366e-05,1.415e-05,2294807401689.0,32121375.59850539,1623979
2025-04-26,1.416e-05,1.524e-05,1.403e-05,1.414e-05,2340149898408.0,33971755.29701028,1611020
2025-04-27,1.414e-05,1.419e-05,1.342e-05,1.345e-05,1428310507468.0,19578161.94535324,1039019
2025-04-28,1.345e-05,1.421e-05,1.316e-05,1.374e-05,2011725405796.0,27535084.64127283,1455777
2025-04-29,1.374e-05,1.393e-05,1.325e-05,1.341e-05,1761118501764.0,24036695.31889816,1215478
2025-04-30,1.341e-05,1.354e-05,1.279e-05,1.324e-05,1311630988454.0,17338798.64073036,1135673
2025-05-01,1.323e-05,1.375e-05,1.319e-05,1.35e-05,1461532779857.0,19740190.41716389,881246
2025-05-02,1.35e-05,1.369e-05,1.327e-05,1.346e-05,1051704811555.0,14173338.59434721,932904
2025-05-03,1.346e-05,1.348e-05,1.288e-05,1.297e-05,799292995550.0,10511883.15803304,545213
2025-05-04,1.297e-05,1.323e-05,1.26e-05,1.267e-05,928140542250.0,11956384.90461076,778944
2025-05-05,1.266e-05,1.298e-05,1.252e-05,1.269e-05,1299860154214.0,16552860.75530084,810295
2025-05-06,1.269e-05,1.277e-05,1.23e-05,1.274e-05,1157661055061.0,14530061.22959084,1045927
2025-05-07,1.274e-05,1.295e-05,1.255e-05,1.28e-05,944284325610.0,12061405.73066475,784869
2025-05-08,1.281e-05,1.458e-05,1.272e-05,1.44e-05,3272879157517.0,45172022.96654561,1608777
2025-05-09,1.439e-05,1.563e-05,1.411e-05,1.505e-05,5663883206988.0,84762370.2111691,3478876
2025-05-10,1.505e-05,1.71e-05,1.485e-05,1.707e-05,4920235954755.0,78280856.12536353,3476533
2025-05-11,1.707e-05,1.729e-05,1.56e-05,1.591e-05,4265934971827.0,68911040.03631847,3207608
2025-05-12,1.59e-05,1.765e-05,1.504e-05,1.576e-05,7410275242128.0,122079354.31397402,4832530
2025-05-13,1.576e-05,1.661e-05,1.479e-05,1.635e-05,4550088999597.0,71338892.74388216,2888317
2025-05-14,1.636e-05,1.671e-05,1.551e-05,1.572e-05,3042986152228.0,48723239.49868335,2169714
2025-05-15,1.572e-05,1.59e-05,1.444e-05,1.482e-05,3002306065121.0,45088591.6378534,2186144
2025-05-16,1.483e-05,1.52e-05,1.44e-05,1.457e-05,1530516980920.0,22891423.87436423,1369533
2025-05-17,1.457e-05,1.462e-05,1.397e-05,1.418e-05,1578171720705.0,22444994.46911223,1129811
2025-05-18,1.419e-05,1.536e-05,1.407e-05,1.5e-05,2383540552958.0,35053962.21799452,1287367
2025-05-19,1.501e-05,1.514e-05,1.388e-05,1.46e-05,1969394271007.0,28165049.82369526,1374087
2025-05-20,1.46e-05,1.492e-05,1.412e-05,1.461e-05,1374393587710.0,19863726.09970845,954887
2025-05-21,1.461e-05,1.517e-05,1.428e-05,1.482e-05,2974810479469.0,43654500.65513061,1099798
2025-05-22,1.483e-05,1.555e-05,1.482e-05,1.554e-05,2826227204210.0,43050144.0159329,1133347
2025-05-23,1.554e-05,1.605e-05,1.418e-05,1.431e-05,4420136344884.0,66760546.00003078,1598265
2025-05-24,1.431e-05,1.459e-05,1.424e-05,1.438e-05,1146964055920.0,16541025.02820873,481424
2025-05-25,1.438e-05,1.469e-05,1.391e-05,1.448e-05,1677673223762.0,23951682.5046857,677468
2025-05-26,1.447e-05,1.476e-05,1.419e-05,1.44e-05,1257232241158.0,18231290.79692856,518283
2025-05-27,1.441e-05,1.468e-05,1.404e-05,1.445e-05,1761059095955.0,25461694.60382577,600530
2025-05-28,1.446e-05,1.455e-05,1.393e-05,1.433e-05,1166405076498.0,16615240.78965603,503274
2025-05-29,1.433e-05,1.47e-05,1.383e-05,1.39e-05,1737328619352.0,24861914.472626,596563
2025-05-30,1.39e-05,1.397e-05,1.266e-05,1.277e-05,3780321478357.0,50030276.3038816,812808
2025-05-31,1.276e-05,1.294e-05,1.225e-05,1.281e-05,1942124525928.0,24428881.745922,719451
2025-06-01,1.281e-05,1.308e-05,1.257e-05,1.295e-05,1073641241011.0,13808266.42760304,377810
2025-06-02,1.295e-05,1.324e-05,1.263e-05,1.319e-05,1374355702750.0,17669970.64528539,457246
2025-06-03,1.32e-05,1.344e-05,1.293e-05,1.304e-05,1102204644901.0,14545918.70112512,389048
2025-06-04,1.304e-05,1.319e-05,1.269e-05,1.281e-05,1406355850714.0,18232956.3243483,297785
2025-06-05,1.28e-05,1.297e-05,1.189e-05,1.2e-05,2951028867774.0,36552505.831882,537894
2025-06-06,1.2e-05,1.283e-05,1.194e-05,1.241e-05,1248365530775.0,15456698.6060059,274925
2025-06-07,1.242e-05,1.289e-05,1.234e-05,1.273e-05,769405115823.0,9783055.51400449,243140
2025-06-08,1.273e-05,1.273e-05,1.241e-05,1.249e-05,781983208540.0,9844053.14749215,215664
2025-06-09,1.25e-05,1.317e-05,1.233e-05,1.312e-05,1609971541376.0,20419373.72152985,330210
2025-06-10,1.311e-05,1.338e-05,1.282e-05,1.337e-05,2278176009580.0,29874470.03139857,649887
2025-06-11,1.337e-05,1.362e-05,1.284e-05,1.294e-05,1840028899751.0,24453155.91422527,825432
2025-06-12,1.295e-05,1.3e-05,1.212e-05,1.221e-05,1617110623500.0,20311057.48266274,565662
2025-06-13,1.221e-05,1.222e-05,1.138e-05,1.211e-05,4472816471604.0,52461025.24830602,637147
2025-06-14,1.211e-05,1.224e-05,1.187e-05,1.205e-05,1119665227180.0,13516555.42879833,269287
2025-06-15,1.205e-05,1.215e-05,1.18e-05,1.204e-05,795346785117.0,9540542.58930312,198665
2025-06-16,1.204e-05,1.233e-05,1.184e-05,1.186e-05,1409066207883.0,17072543.51482468,318586
2025-06-17,1.187e-05,1.208e-05,1.134e-05,1.161e-05,1879184597398.0,21950321.82895255,440973
2025-06-18,1.16e-05,1.179e-05,1.135e-05,1.169e-05,1115151358067.0,12926652.22766504,362226
2025-06-19,1.168e-05,1.177e-05,1.142e-05,1.159e-05,623263057915.0,7214071.71692858,209400
2025-06-20,1.159e-05,1.184e-05,1.106e-05,1.13e-05,1164671515836.0,13312750.23626621,400407
2025-06-21,1.13e-05,1.143e-05,1.057e-05,1.09e-05,1129581809199.0,12472618.01322423,299451
2025-06-22,1.09e-05,1.106e-05,1.004e-05,1.06e-05,2869954691151.0,30107216.54226757,720605
2025-06-23,1.059e-05,1.167e-05,1.056e-05,1.157e-05,2240291900296.0,24614546.68012878,594524
2025-06-24,1.156e-05,1.191e-05,1.151e-05,1.171e-05,1050063405260.0,12255470.78979569,438450
2025-06-25,1.171e-05,1.178e-05,1.148e-05,1.162e-05,840549236293.0,9781795.03074758,372754
2025-06-26,1.161e-05,1.18e-05,1.116e-05,1.121e-05,1035956613863.0,11844824.7765303,310481
2025-06-27,1.12e-05,1.14e-05,1.105e-05,1.133e-05,916035649056.0,10279932.05847259,281147
2025-06-28,1.133e-05,1.163e-05,1.128e-05,1.155e-05,682540960728.0,7795430.23801248,135891
2025-06-29,1.155e-05,1.199e-05,1.145e-05,1.187e-05,837285221938.0,9794873.77324167,211743
2025-06-30,1.187e-05,1.193e-05,1.126e-05,1.142e-05,1247829922823.0,14395518.92660712,325678
2025-07-01,1.142e-05,1.151e-05,1.108e-05,1.119e-05,856629922894.0,9649383.61601791,181366
2025-07-02,1.12e-05,1.2e-05,1.113e-05,1.18e-05,1408041048835.0,16464674.99634022,290907
2025-07-03,1.179e-05,1.215e-05,1.172e-05,1.189e-05,1419596491738.0,16951955.62602589,376318
2025-07-04,1.188e-05,1.2e-05,1.121e-05,1.143e-05,1099311653488.0,12643907.20729962,251964
2025-07-05,1.143e-05,1.159e-05,1.134e-05,1.147e-05,573978406931.0,6585114.91013245,90850
2025-07-06,1.147e-05,1.197e-05,1.137e-05,1.182e-05,1020717089822.0,11944698.0736397,215399
2025-07-07,1.183e-05,1.194e-05,1.145e-05,1.163e-05,887200469441.0,10356146.55824358,227404
2025-07-08,1.162e-05,1.197e-05,1.153e-05,1.185e-05,1065793102326.0,12564815.55318564,233362
2025-07-09,1.186e-05,1.255e-05,1.176e-05,1.239e-05,1854205835596.0,22551226.72633257,388034
2025-07-10,1.239e-05,1.344e-05,1.229e-05,1.334e-05,3188741943041.0,40631250.18075398,588546
2025-07-11,1.334e-05,1.387e-05,1.306e-05,1.33e-05,4284081015352.0,57827728.93321461,1397224
2025-07-12,1.33e-05,1.354e-05,1.282e-05,1.32e-05,2064831901597.0,27295729.69408934,861570
2025-07-13,1.32e-05,1.35e-05,1.308e-05,1.33e-05,1671006850861.0,22161293.76202865,678792
2025-07-14,1.331e-05,1.416e-05,1.312e-05,1.325e-05,2430262593552.0,33185132.28759015,1184616
2025-07-15,1.325e-05,1.383e-05,1.275e-05,1.375e-05,2082549936573.0,27577668.51142497,1136866
2025-07-16,1.374e-05,1.485e-05,1.345e-05,1.436e-05,3338276224602.0,47048162.56311879,1081967
2025-07-17,1.437e-05,1.474e-05,1.387e-05,1.447e-05,3413641616560.0,48995977.83735427,1665800
2025-07-18,1.447e-05,1.578e-05,1.422e-05,1.468e-05,5723583426590.0,86152514.77813052,2205334
2025-07-19,1.467e-05,1.536e-05,1.431e-05,1.49e-05,2796670770894.0,41799126.71606927,1159814
2025-07-20,1.49e-05,1.584e-05,1.479e-05,1.551e-05,3634966406568.0,55756738.25901519,1404728
2025-07-21,1.552e-05,1.597e-05,1.509e-05,1.547e-05,3866549582565.0,60198781.94646176,1950716
2025-07-22,1.547e-05,1.567e-05,1.473e-05,1.546e-05,3347784727625.0,50779171.7085499,1955591
2025-07-23,1.546e-05,1.547e-05,1.341e-05,1.386e-05,3961601046596.0,56545131.67049429,1684929
2025-07-24,1.385e-05,1.405e-05,1.297e-05,1.361e-05,3098480956975.0,42143911.70635851,1687353
2025-07-25,1.362e-05,1.411e-05,1.311e-05,1.409e-05,2254531451527.0,30471402.33351698,1322272
2025-07-26,1.409e-05,1.423e-05,1.39e-05,1.397e-05,1134070426906.0,15959461.72148641,326318
2025-07-27,1.397e-05,1.428e-05,1.389e-05,1.416e-05,1017672717802.0,14328643.23763371,560135
2025-07-28,1.416e-05,1.438e-05,1.326e-05,1.336e-05,2052979769062.0,28417481.55344217,1024888
2025-07-29,1.336e-05,1.368e-05,1.289e-05,1.313e-05,1759326275566.0,23296162.71799348,793812
2025-07-30,1.312e-05,1.319e-05,1.224e-05,1.286e-05,2236478867160.0,28535101.048241,866527
2025-07-31,1.287e-05,1.318e-05,1.238e-05,1.244e-05,1173478323000.0,15054346.68022789,586788
2025-08-01,1.244e-05,1.251e-05,1.173e-05,1.206e-05,3083013994014.0,37515155.86614575,1391583
2025-08-02,1.207e-05,1.227e-05,1.16e-05,1.182e-05,1217348662109.0,14545202.24040041,768781
2025-08-03,1.182e-05,1.226e-05,1.166e-05,1.22e-05,687965633409.0,8319069.41329707,273358
2025-08-04,1.22e-05,1.257e-05,1.219e-05,1.252e-05,1062193223652.0,13129641.6833482,357993
2025-08-05,1.251e-05,1.259e-05,1.185e-05,1.208e-05,1812005999143.0,22002661.7408077,552445
2025-08-06,1.209e-05,1.244e-05,1.188e-05,1.234e-05,957903067927.0,11660779.63118598,362014
2025-08-07,1.233e-05,1.289e-05,1.228e-05,1.287e-05,1371073036092.0,17205903.42647724,411681
2025-08-08,1.288e-05,1.333e-05,1.27e-05,1.326e-05,2566023871452.0,33219747.99677825,1030685
2025-08-09,1.325e-05,1.406e-05,1.317e-05,1.372e-05,1891781457805.0,25905817.98101493,762742
2025-08-10,1.373e-05,1.4e-05,1.326e-05,1.357e-05,1556931295393.0,21183968.09641389,667747
2025-08-11,1.357e-05,1.392e-05,1.282e-05,1.293e-05,2363397978950.0,31549049.33488932,909036
2025-08-12,1.292e-05,1.375e-05,1.271e-05,1.354e-05,1584989228879.0,20984562.78159826,749150
2025-08-13,1.354e-05,1.403e-05,1.34e-05,1.392e-05,2306628472914.0,31792207.67151138,1046951
2025-08-14,1.392e-05,1.419e-05,1.262e-05,1.288e-05,3305984172367.0,44104595.8315027,1213847
2025-08-15,1.289e-05,1.315e-05,1.25e-05,1.287e-05,1871678435891.0,24067316.44707698,798661
2025-08-16,1.286e-05,1.305e-05,1.278e-05,1.299e-05,678157927675.0,8782561.93345114,324198
2025-08-17,1.299e-05,1.339e-05,1.29e-05,1.302e-05,689497531370.0,9054149.45430898,335591
2025-08-18,1.301e-05,1.303e-05,1.244e-05,1.27e-05,1280840318229.0,16211995.04381965,617316
2025-08-19,1.271e-05,1.281e-05,1.206e-05,1.209e-05,1425696490534.0,17684197.62776414,689283
2025-08-20,1.21e-05,1.264e-05,1.203e-05,1.258e-05,1160379103280.0,14298923.73236676,572828
2025-08-21,1.257e-05,1.272e-05,1.226e-05,1.238e-05,807551669864.0,10068246.27069551,468995
2025-08-22,1.237e-05,1.35e-05,1.202e-05,1.338e-05,3340802305308.0,42830395.0498894,987308
2025-08-23,1.339e-05,1.34e-05,1.294e-05,1.326e-05,1399050916369.0,18469001.97229588,429574
2025-08-24,1.327e-05,1.351e-05,1.271e-05,1.296e-05,2047316850334.0,26650654.75654204,789361
2025-08-25,1.297e-05,1.314e-05,1.183e-05,1.204e-05,2428082904332.0,29969372.97593925,1030386
2025-08-26,1.204e-05,1.262e-05,1.191e-05,1.255e-05,1483452552159.0,18206138.57753179,496093
2025-08-27,1.255e-05,1.265e-05,1.237e-05,1.25e-05,1268529095457.0,15869415.1517118,561185
2025-08-28,1.249e-05,1.273e-05,1.24e-05,1.268e-05,965680538328.0,12160282.48650027,432841
2025-08-29,1.268e-05,1.273e-05,1.198e-05,1.22e-05,2079636977875.0,25403429.18565951,479240
2025-08-30,1.22e-05,1.248e-05,1.203e-05,1.234e-05,671373880670.0,8274046.49485296,224547
2025-08-31,1.233e-05,1.251e-05,1.216e-05,1.218e-05,610191602998.0,7554940.57260768,209740
2025-09-01,1.219e-05,1.261e-05,1.181e-05,1.211e-05,1953220381523.0,23758698.10837766,586079
2025-09-02,1.21e-05,1.248e-05,1.203e-05,1.244e-05,1430475481767.0,17573490.94004357,442169
2025-09-03,1.244e-05,1.257e-05,1.229e-05,1.248e-05,784032913930.0,9761403.97743893,229078
2025-09-04,1.248e-05,1.253e-05,1.2e-05,1.212e-05,959252028970.0,11690900.57432562,242011
2025-09-05,1.212e-05,1.248e-05,1.206e-05,1.24e-05,1443764294688.0,17790388.66561823,372690
2025-09-06,1.239e-05,1.245e-05,1.215e-05,1.227e-05,511696341155.0,6282674.89459194,124835
2025-09-07,1.227e-05,1.251e-05,1.226e-05,1.248e-05,664019734547.0,8229273.34736946,133719
2025-09-08,1.247e-05,1.298e-05,1.239e-05,1.287e-05,1733687244206.0,22079861.23256778,429323
2025-09-09,1.287e-05,1.32e-05,1.266e-05,1.289e-05,1885315635889.0,24378089.02958228,655098
2025-09-10,1.289e-05,1.317e-05,1.275e-05,1.305e-05,1519281587717.0,19717267.49406257,438938
2025-09-11,1.306e-05,1.327e-05,1.289e-05,1.325e-05,1357442644173.0,17739080.26353876,447960
2025-09-12,1.326e-05,1.392e-05,1.319e-05,1.391e-05,2384825477294.0,32153539.39324568,540577
2025-09-13,1.391e-05,1.484e-05,1.374e-05,1.429e-05,4806483954978.0,68954256.83472599,1174811
2025-09-14,1.428e-05,1.43e-05,1.353e-05,1.368e-05,1642118486161.0,22743282.95952488,686796
2025-09-15,1.369e-05,1.381e-05,1.292e-05,1.306e-05,2234397093329.0,29484425.90087203,514851
2025-09-16,1.306e-05,1.326e-05,1.286e-05,1.316e-05,1288089516059.0,16829712.88462238,375331
2025-09-17,1.316e-05,1.361e-05,1.283e-05,1.35e-05,1695091586917.0,22212259.43771077,591225
2025-09-18,1.35e-05,1.361e-05,1.327e-05,1.339e-05,1388947426592.0,18689793.83005871,483036
2025-09-19,1.339e-05,1.356e-05,1.277e-05,1.287e-05,1323920632525.0,17333086.85779334,458344
2025-09-20,1.286e-05,1.306e-05,1.277e-05,1.293e-05,760648355029.0,9819851.45076827,198754
2025-09-21,1.292e-05,1.304e-05,1.273e-05,1.274e-05,1121077142526.0,14447063.34605328,205019
2025-09-22,1.274e-05,1.278e-05,1.178e-05,1.213e-05,3493818951801.0,42471671.94472542,602400
2025-09-23,1.212e-05,1.229e-05,1.189e-05,1.21e-05,1553171450984.0,18853746.75054547,341882
2025-09-24,1.21e-05,1.237e-05,1.19e-05,1.214e-05,1155801122952.0,14069588.04275466,308768
2025-09-25,1.214e-05,1.217e-05,1.148e-05,1.164e-05,1910467546134.0,22535406.23250653,539548
2025-09-26,1.164e-05,1.198e-05,1.15e-05,1.191e-05,966028178979.0,11338021.16004971,320807
2025-09-27,1.191e-05,1.192e-05,1.171e-05,1.18e-05,516641077593.0,6102909.12071713,123364
2025-09-28,1.18e-05,1.203e-05,1.158e-05,1.202e-05,742286252624.0,8739553.1288339,144189
2025-09-29,1.202e-05,1.205e-05,1.171e-05,1.197e-05,1014756330729.0,12091990.49757886,231346
2025-09-30,1.197e-05,1.2e-05,1.154e-05,1.182e-05,879029506945.0,10323059.81488743,239620
2025-10-01,1.182e-05,1.24e-05,1.175e-05,1.239e-05,1145423343468.0,13971081.86714211,263923
2025-10-02,1.239e-05,1.271e-05,1.231e-05,1.263e-05,1036189513733.0,13014448.89386188,332017
2025-10-03,1.264e-05,1.288e-05,1.234e-05,1.266e-05,1025284295165.0,12879661.23208452,384050
2025-10-04,1.267e-05,1.275e-05,1.223e-05,1.237e-05,748405817942.0,9338237.49998925,231086
2025-10-05,1.237e-05,1.298e-05,1.23e-05,1.245e-05,2125171544374.0,27069426.86279464,365495
2025-10-06,1.245e-05,1.301e-05,1.237e-05,1.285e-05,1300595667571.0,16577050.93062588,376361
2025-10-07,1.285e-05,1.291e-05,1.217e-05,1.219e-05,1620868327617.0,20271037.92331554,421805
2025-10-08,1.219e-05,1.247e-05,1.203e-05,1.233e-05,1003713493386.0,12252857.13324599,308857
2025-10-09,1.233e-05,1.234e-05,1.172e-05,1.201e-05,992633062208.0,11905890.74378542,276627
2025-10-10,1.201e-05,1.215e-05,6.78e-06,9.74e-06,7415264674560.0,74076796.65792073,1132259
2025-10-11,9.74e-06,1.072e-05,9.56e-06,9.95e-06,4284988240779.0,43224449.52181374,1008580
2025-10-12,9.96e-06,1.088e-05,9.78e-06,1.069e-05,2469414999945.0,25479674.05310841,742542
2025-10-13,1.07e-05,1.129e-05,1.054e-05,1.111e-05,2206503082595.0,23937110.61968899,843199
2025-10-14,1.11e-05,1.118e-05,1.019e-05,1.074e-05,1898531288330.0,20094886.04259388,845814
2025-10-15,1.074e-05,1.09e-05,1.018e-05,1.032e-05,998992319371.0,10502099.47692753,476963
2025-10-16,1.033e-05,1.053e-05,9.88e-06,1.001e-05,1422568576534.0,14508396.64116119,721629
2025-10-17,1.001e-05,1.012e-05,9.24e-06,9.75e-06,2041224042484.0,19690021.4897101,779451
2025-10-18,9.75e-06,9.99e-06,9.73e-06,9.91e-06,818072803998.0,8071121.40336091,180647
2025-10-19,9.91e-06,1.019e-05,9.79e-06,1.007e-05,873980247695.0,8746441.44659246,289498
2025-10-20,1.008e-05,1.034e-05,9.92e-06,1.019e-05,1072961231195.0,10917227.65527283,348913
2025-10-21,1.018e-05,1.055e-05,9.86e-06,1.005e-05,1306122781772.0,13320816.62161226,517615
2025-10-22,1.005e-05,1.01e-05,9.59e-06,9.86e-06,1414142732508.0,13995576.63232895,469916
2025-10-23,9.86e-06,1.021e-05,9.85e-06,1.01e-05,920786256489.0,9220027.54544238,233576
2025-10-24,1.01e-05,1.034e-05,1.004e-05,1.024e-05,739517488406.0,7519431.81218397,191970
2025-10-25,1.024e-05,1.026e-05,1.009e-05,1.02e-05,466969052524.0,4749935.35781422,85052
2025-10-26,1.019e-05,1.069e-05,1.009e-05,1.056e-05,850997954506.0,8841740.90860961,175151
2025-10-27,1.056e-05,1.07e-05,1.033e-05,1.039e-05,987366663554.0,10383088.22590588,274303
2025-10-28,1.039e-05,1.045e-05,9.96e-06,1.012e-05,1000146769481.0,10248577.9750691,349194
2025-10-29,1.012e-05,1.045e-05,9.95e-06,1.016e-05,1362751808208.0,13919388.13492334,429911
2025-10-30,1.016e-05,1.025e-05,9.36e-06,9.73e-06,1591694251114.0,15583217.8679818,582203
2025-10-31,9.73e-06,1.007e-05,9.7e-06,1.003e-05,972709626271.0,9626781.34283689,254244
2025-11-01,1.003e-05,1.026e-05,9.96e-06,1.02e-05,642310004056.0,6497132.08816644,143578
2025-11-02,1.019e-05,1.025e-05,9.95e-06,1.017e-05,548217503381.0,5546401.71117144,185725
2025-11-03,1.017e-05,1.019e-05,8.94e-06,9.19e-06,2142981131571.0,20187949.0894211,644620
2025-11-04,9.19e-06,9.32e-06,8.37e-06,8.85e-06,3419579342763.0,30489048.07284676,960750
2025-11-05,8.84e-06,9.23e-06,8.42e-06,9.16e-06,1679196190583.0,15038941.40008305,352451
2025-11-06,9.15e-06,9.18e-06,8.78e-06,9.02e-06,1169848410827.0,10522930.71215155,347966
2025-11-07,9.03e-06,1.035e-05,9.02e-06,1.002e-05,2723344408660.0,26417403.01116429,626455
2025-11-08,1.003e-05,1.029e-05,9.69e-06,9.97e-06,1410210391065.0,14111559.89662475,461439
2025-11-09,9.97e-06,1.009e-05,9.63e-06,9.99e-06,1101635185310.0,10906295.01836894,366896
2025-11-10,9.99e-06,1.023e-05,9.87e-06,1.014e-05,1344746875530.0,13521531.35571654,412337
2025-11-11,1.015e-05,1.027e-05,9.62e-06,9.63e-06,991146974181.0,9821343.33723707,463550
2025-11-12,9.64e-06,9.99e-06,9.45e-06,9.5e-06,1201043630185.0,11674663.65733854,387362
2025-11-13,9.5e-06,9.87e-06,9.04e-06,9.31e-06,1154686563711.0,10971383.89576471,532197
2025-11-14,9.3e-06,9.37e-06,8.85e-06,8.99e-06,1355039421202.0,12381095.28057973,676820
2025-11-15,8.99e-06,9.27e-06,8.96e-06,9.04e-06,744846366417.0,6791661.74576605,193138
2025-11-16,9.04e-06,9.23e-06,8.64e-06,8.9e-06,1133122857443.0,10143457.87336022,388545
2025-11-17,8.89e-06,9.18e-06,8.46e-06,8.59e-06,1331043920084.0,11743351.61188944,514899
2025-11-18,8.59e-06,9.02e-06,8.48e-06,8.87e-06,1359433260676.0,11941620.75581038,424748
2025-11-19,8.87e-06,8.92e-06,8.23e-06,8.56e-06,1779499052410.0,15235913.91188824,448558
2025-11-20,8.56e-06,8.84e-06,8.12e-06,8.26e-06,1561645041533.0,13317489.57385407,518282
2025-11-21,8.25e-06,8.4e-06,7.55e-06,7.85e-06,2573252722517.0,20315231.62318635,900106
2025-11-22,7.85e-06,7.89e-06,7.56e-06,7.8e-06,966123560749.0,7452713.9670974,334898
2025-11-23,7.8e-06,8.05e-06,7.76e-06,7.85e-06,953930685065.0,7571962.87585592,221908
2025-11-24,7.85e-06,8.43e-06,7.79e-06,8.34e-06,1352209779051.0,10928721.54352653,376142
2025-11-25,8.33e-06,8.92e-06,8.03e-06,8.79e-06,1219573861461.0,10237415.6954378,318396
2025-11-26,8.8e-06,8.84e-06,8.3e-06,8.6e-06,1411315101071.0,12114041.23088567,252171
2025-11-27,8.59e-06,8.86e-06,8.51e-06,8.76e-06,860749762146.0,7451342.10403868,139932
2025-11-28,8.76e-06,9.13e-06,8.6e-06,8.64e-06,1204917836626.0,10623909.86172606,276422
2025-11-29,8.64e-06,8.67e-06,8.42e-06,8.53e-06,585268195407.0,4992605.13768635,128872
2025-11-30,8.53e-06,8.63e-06,8.36e-06,8.37e-06,543576474050.0,4615801.31005673,120524
2025-12-01,8.37e-06,8.38e-06,7.85e-06,7.97e-06,1600054127953.0,12816710.44946392,444181
2025-12-02,7.97e-06,8.58e-06,7.88e-06,8.46e-06,1204532935741.0,9924723.02288234,334200
2025-12-03,8.46e-06,9.52e-06,8.44e-06,8.97e-06,2806588688289.0,25369368.71671352,602270
2025-12-04,8.97e-06,9.03e-06,8.56e-06,8.7e-06,927478219224.0,8161975.03198193,291696
2025-12-05,8.7e-06,8.78e-06,8.14e-06,8.3e-06,1130463927619.0,9581415.4098925,336990
2025-12-06,8.3e-06,8.63e-06,8.26e-06,8.43e-06,927813609266.0,7834646.57853498,233629
2025-12-07,8.43e-06,8.58e-06,8.19e-06,8.34e-06,777529771986.0,6527237.44362831,320704
2025-12-08,8.33e-06,8.63e-06,8.28e-06,8.58e-06,906400895300.0,7693787.08571171,326678
2025-12-09,8.58e-06,9.05e-06,8.42e-06,8.73e-06,1221888707111.0,10660009.04635527,406412
2025-12-10,8.72e-06,8.93e-06,8.47e-06,8.54e-06,1385004180313.0,11967625.12614384,450979
2025-12-11,8.54e-06,8.62e-06,8.17e-06,8.5e-06,984474909040.0,8217774.80887915,322808
2025-12-12,8.51e-06,8.51e-06,8.06e-06,8.28e-06,868585211614.0,7212107.77121223,249985
2025-12-13,8.28e-06,8.45e-06,8.27e-06,8.35e-06,562106578059.0,4696936.0452882,86800
2025-12-14,8.36e-06,8.39e-06,7.98e-06,8.07e-06,714374329399.0,5819976.92213796,156216
2025-12-15,8.08e-06,8.27e-06,7.71e-06,7.9e-06,1020193229527.0,8168808.06761207,353454
2025-12-16,7.9e-06,8e-06,7.72e-06,7.86e-06,828967469665.0,6527056.87690372,259827
2025-12-17,7.86e-06,8.05e-06,7.46e-06,7.53e-06,1046136248152.0,8079348.66368158,381053
2025-12-18,7.53e-06,7.54e-06,7e-06,7.03e-06,2274738470427.0,16644881.52290707,498736
2025-12-19,7.04e-06,7.66e-06,7e-06,7.52e-06,1399279931478.0,10292700.81566637,291858
2025-12-20,7.52e-06,7.52e-06,7.4e-06,7.43e-06,527166476927.0,3930562.9536889,76657
2025-12-21,7.43e-06,7.46e-06,7.18e-06,7.28e-06,574483773667.0,4204457.0663207,147154
2025-12-22,7.29e-06,7.44e-06,7.15e-06,7.2e-06,916383064138.0,6673013.42480974,264045
2025-12-23,7.2e-06,7.28e-06,7.04e-06,7.12e-06,789795244103.0,5642833.77928279,180777
2025-12-24,7.12e-06,7.29e-06,6.98e-06,7.21e-06,853494837049.0,6078448.4126786,126976
2025-12-25,7.21e-06,7.29e-06,7.05e-06,7.06e-06,819779328480.0,5904472.32706166,101557
2025-12-26,7.06e-06,7.3e-06,7.02e-06,7.12e-06,1212197882873.0,8684757.96422395,169078
2025-12-27,7.12e-06,7.4e-06,7.1e-06,7.38e-06,745002001824.0,5381427.17210359,76014
2025-12-28,7.39e-06,7.41e-06,7.26e-06,7.4e-06,692031721963.0,5085929.56623858,94555
2025-12-29,7.4e-06,7.57e-06,7.17e-06,7.19e-06,965553953602.0,7149533.39671902,227450
2025-12-30,7.19e-06,7.26e-06,7.07e-06,7.1e-06,712412627136.0,5101912.84104266,134401
2025-12-31,7.1e-06,7.14e-06,6.82e-06,6.91e-06,1153675638332.0,8050424.99127127,135436
2026-01-01,6.91e-06,7.53e-06,6.9e-06,7.46e-06,1303189543402.0,9390778.39212125,152435
2026-01-02,7.47e-06,8.31e-06,7.34e-06,8.12e-06,2770090970410.0,21802794.60384676,544444
2026-01-03,8.12e-06,8.22e-06,7.83e-06,8.09e-06,1365413525168.0,10934771.53575846,247536
2026-01-04,8.09e-06,9.41e-06,8.07e-06,9.05e-06,4104787011424.0,36324304.67540747,887793
2026-01-05,9.04e-06,1.009e-05,8.58e-06,9.27e-06,5226327992949.0,48687476.38810686,1057186
2026-01-06,9.27e-06,9.63e-06,8.82e-06,9.13e-06,3031580026288.0,27990181.79086447,718926
2026-01-07,9.12e-06,9.25e-06,8.71e-06,8.79e-06,1324254720980.0,11850571.50627918,515617
2026-01-08,8.79e-06,8.87e-06,8.48e-06,8.75e-06,1279041422724.0,11125176.04785729,447421
2026-01-09,8.75e-06,8.88e-06,8.54e-06,8.67e-06,845591577542.0,7367940.86035137,387669
2026-01-10,8.67e-06,8.75e-06,8.56e-06,8.65e-06,447397956367.0,3875208.82289266,121046
2026-01-11,8.66e-06,8.73e-06,8.35e-06,8.46e-06,667791448331.0,5739299.23383734,167459
2026-01-12,8.46e-06,8.76e-06,8.26e-06,8.38e-06,978558240926.0,8311129.28070146,404152
2026-01-13,8.37e-06,9.12e-06,8.37e-06,8.99e-06,1484741486025.0,13022434.85881882,427529
2026-01-14,8.99e-06,9.06e-06,8.65e-06,8.73e-06,2115944514016.0,18665007.07564838,450743
2026-01-15,8.73e-06,8.76e-06,8.29e-06,8.42e-06,1034689669522.0,8821550.89762514,311911
2026-01-16,8.42e-06,8.61e-06,8.14e-06,8.56e-06,704885255922.0,5916833.4944553,218890
2026-01-17,8.56e-06,8.6e-06,8.43e-06,8.49e-06,515587553878.0,4393436.21906571,118658
2026-01-18,8.48e-06,8.53e-06,8.07e-06,8.09e-06,633230566832.0,5289649.98060461,189871
2026-01-19,8.1e-06,8.14e-06,7.45e-06,8.14e-06,1718288576647.0,13544856.80642659,350935
2026-01-20,8.14e-06,8.15e-06,7.65e-06,7.73e-06,1166778031431.0,9199019.24620657,365077
2026-01-21,7.73e-06,8.17e-06,7.66e-06,7.99e-06,1282336579610.0,10141289.89595013,457418
2026-01-22,7.98e-06,8.08e-06,7.74e-06,7.83e-06,761062016645.0,6021149.34188902,212419
2026-01-23,7.83e-06,8.15e-06,7.75e-06,7.89e-06,961111821055.0,7613963.07579072,266833
2026-01-24,7.89e-06,7.92e-06,7.77e-06,7.82e-06,509846804631.0,4004659.20281183,76733
2026-01-25,7.82e-06,7.84e-06,7.36e-06,7.51e-06,862793966801.0,6582597.48127209,225411
2026-01-26,7.51e-06,7.79e-06,7.51e-06,7.7e-06,798166925964.0,6143201.05612553,211343
2026-01-27,7.7e-06,7.9e-06,7.62e-06,7.83e-06,792818078560.0,6134942.85276196,167426
2026-01-28,7.83e-06,7.88e-06,7.7e-06,7.8e-06,963252623485.0,7498877.74198227,200210
2026-01-29,7.81e-06,7.82e-06,7.21e-06,7.36e-06,1471021107467.0,10924523.58543877,274969
2026-01-30,7.36e-06,7.38e-06,7.1e-06,7.24e-06,1811385167043.0,13124638.97278391,392176
2026-01-31,7.23e-06,7.24e-06,6.16e-06,6.81e-06,3226907261117.0,21624285.84740186,605471
2026-02-01,6.8e-06,6.91e-06,6.47e-06,6.63e-06,1703645605049.0,11469444.89219688,458927
2026-02-02,6.62e-06,7.03e-06,6.46e-06,6.87e-06,1709877139766.0,11552365.21035318,599107
2026-02-03,6.88e-06,7.03e-06,6.48e-06,6.7e-06,2572600663570.0,17511852.02457143,459006
2026-02-04,6.7e-06,6.84e-06,6.48e-06,6.63e-06,1696808421002.0,11328495.73360301,495339
2026-02-05,6.63e-06,6.7e-06,5.58e-06,5.62e-06,3986535038266.0,24140733.8344644,1114316
2026-02-06,5.62e-06,6.42e-06,5.07e-06,6.32e-06,3575386665953.0,20809058.27243216,838658
2026-02-07,6.32e-06,6.43e-06,6.01e-06,6.33e-06,2141380976935.0,13386157.32305052,381972
2026-02-08,6.33e-06,6.33e-06,6.06e-06,6.11e-06,828770267047.0,5138808.31108066,201340
2026-02-09,6.12e-06,6.21e-06,5.9e-06,6.1e-06,1199319457809.0,7293469.1859738,255027
2026-02-10,6.11e-06,6.14e-06,5.95e-06,6.01e-06,1109390716434.0,6674165.26532026,190481
2026-02-11,6.01e-06,6.06e-06,5.75e-06,5.91e-06,1521200412439.0,8943732.38784754,323594
2026-02-12,5.91e-06,6.19e-06,5.91e-06,6.05e-06,1236415769326.0,7483765.54180499,262899
2026-02-13,6.05e-06,6.41e-06,5.94e-06,6.32e-06,1244432843530.0,7720560.71896244,201882
2026-02-14,6.32e-06,7.25e-06,6.29e-06,7.03e-06,1823121789913.0,12276726.2978245,298276
2026-02-15,7.03e-06,7.16e-06,6.42e-06,6.54e-06,1978325721745.0,13397370.42250496,422936
2026-02-16,6.55e-06,6.7e-06,6.43e-06,6.58e-06,1429482630416.0,9388961.01793345,298461
2026-02-17,6.58e-06,6.62e-06,6.42e-06,6.51e-06,964708577121.0,6294437.67858869,240247
2026-02-18,6.51e-06,6.56e-06,6.26e-06,6.3e-06,728740441302.0,4685616.5864555,202609
2026-02-19,6.3e-06,6.34e-06,6.12e-06,6.21e-06,796182560023.0,4948147.75530308,207379
2026-02-20,6.21e-06,6.53e-06,6.17e-06,6.42e-06,1920094032295.0,12140994.56581714,334333
2026-02-21,6.42e-06,6.62e-06,6.38e-06,6.39e-06,532194222601.0,3456353.06548132,144111
2026-02-22,6.39e-06,6.39e-06,6.13e-06,6.19e-06,1236866406215.0,7707001.90547093,116258
2026-02-23,6.2e-06,6.24e-06,5.9e-06,6.02e-06,1114145596305.0,6731464.24895971,307761
2026-02-24,6.02e-06,6.05e-06,5.86e-06,5.9e-06,763919551602.0,4538383.7288142,224610
2026-02-25,5.9e-06,6.54e-06,5.89e-06,6.23e-06,1625284311229.0,10065294.46411274,381854
2026-02-26,6.23e-06,6.28e-06,5.88e-06,5.97e-06,1993104324630.0,12027804.47132651,322763
2026-02-27,5.97e-06,6.09e-06,5.68e-06,5.78e-06,1519809624970.0,8921453.16571138,262033
2026-02-28,5.79e-06,5.84e-06,5.44e-06,5.78e-06,1756441408460.0,9849230.83223626,360661
2026-03-01,5.79e-06,5.96e-06,5.44e-06,5.54e-06,1336933001557.0,7565379.91590923,294576
2026-03-02,5.53e-06,5.8e-06,5.45e-06,5.5e-06,1788407448595.0,10031273.48482805,397801
2026-03-03,5.51e-06,5.57e-06,5.26e-06,5.48e-06,2685484960763.0,14534345.14821275,370431
2026-03-04,5.47e-06,5.86e-06,5.4e-06,5.7e-06,2422347335598.0,13718133.75209591,393335
2026-03-05,5.71e-06,5.72e-06,5.44e-06,5.52e-06,1053228175814.0,5897677.20395299,268982
2026-03-06,5.53e-06,5.62e-06,5.31e-06,5.41e-06,1007552159984.0,5507953.91206518,219108
2026-03-07,5.41e-06,5.44e-06,5.29e-06,5.32e-06,503791328289.0,2706448.76907253,76920
2026-03-08,5.33e-06,5.39e-06,5.23e-06,5.29e-06,878753636265.0,4656289.6982692,159733
2026-03-09,5.29e-06,5.58e-06,5.27e-06,5.42e-06,1069459638029.0,5790203.28819991,265371
2026-03-10,5.42e-06,6.08e-06,5.41e-06,5.65e-06,2949412122100.0,17135574.89316174,447202
2026-03-11,5.65e-06,5.9e-06,5.58e-06,5.73e-06,1620641630372.0,9332633.79995459,260577
2026-03-12,5.73e-06,6.06e-06,5.69e-06,5.92e-06,1740567542307.0,10236138.47009417,232385
2026-03-13,5.92e-06,6.3e-06,5.89e-06,5.94e-06,1763832832722.0,10703837.42906881,277832
2026-03-14,5.94e-06,6e-06,5.82e-06,5.88e-06,541502241757.0,3194767.24560295,79242
2026-03-15,5.89e-06,5.97e-06,5.78e-06,5.94e-06,684466828544.0,4010003.50746959,106112
2026-03-16,5.95e-06,6.44e-06,5.94e-06,6.19e-06,1963101183548.0,12124928.44498141,381746
2026-03-17,6.19e-06,6.25e-06,5.95e-06,6.06e-06,1085266506275.0,6615333.78142524,206537
2026-03-18,6.07e-06,6.22e-06,5.71e-06,5.82e-06,1384123708252.0,8192720.49953345,213802
2026-03-19,5.83e-06,5.86e-06,5.62e-06,5.81e-06,797553719578.0,4577508.49776035,139827
2026-03-20,5.8e-06,6.22e-06,5.8e-06,5.96e-06,1877789687932.0,11286517.24975832,288817
2026-03-21,5.96e-06,6.08e-06,5.82e-06,5.86e-06,668814336351.0,4000416.19224265,95566
2026-03-22,5.85e-06,5.9e-06,5.65e-06,5.71e-06,724936855490.0,4189242.69910714,148910
2026-03-23,5.71e-06,6.21e-06,5.69e-06,6.11e-06,1971600852262.0,11828610.86824606,347120
2026-03-24,6.11e-06,6.26e-06,5.99e-06,6.2e-06,1363341423533.0,8335808.15637469,196713
2026-03-25,6.2e-06,6.28e-06,6.09e-06,6.13e-06,857435244727.0,5294092.02149039,121623
2026-03-26,6.13e-06,6.14e-06,5.84e-06,5.92e-06,720166194751.0,4289814.90755565,101266
2026-03-27,5.92e-06,5.96e-06,5.73e-06,5.78e-06,883475343537.0,5118795.34624416,98259
2026-03-28,5.77e-06,5.98e-06,5.71e-06,5.83e-06,674531956362.0,3955549.73091741,82694
2026-03-29,5.83e-06,5.87e-06,5.64e-06,5.78e-06,560869729154.0,3239511.98765367,86311
2026-03-30,5.79e-06,6.16e-06,5.78e-06,5.92e-06,1234279838913.0,7436275.39360482,171434
2026-03-31,5.93e-06,6.02e-06,5.82e-06,5.96e-06,899527664740.0,5328200.23082058,143012
2026-04-01,5.95e-06,6.13e-06,5.89e-06,6e-06,880413745445.0,5293960.58640221,132996
2026-04-02,6.01e-06,6.05e-06,5.77e-06,5.87e-06,1168130116011.0,6831763.75479048,151289
2026-04-03,5.87e-06,6.09e-06,5.82e-06,5.98e-06,961031105884.0,5761190.48796976,108972
2026-04-04,5.99e-06,6.05e-06,5.85e-06,5.99e-06,708425756920.0,4203275.75507665,58085
2026-04-05,5.99e-06,6e-06,5.79e-06,6e-06,957121797690.0,5614612.54792269,81428
2026-04-06,5.99e-06,6.1e-06,5.8e-06,5.83e-06,1216990253429.0,7288551.508337,143634
2026-04-07,5.83e-06,6.18e-06,5.78e-06,6.14e-06,1408385378583.0,8363746.95534395,148843
2026-04-08,6.14e-06,6.18e-06,5.92e-06,5.93e-06,926645074480.0,5618787.30106647,105978
2026-04-09,5.94e-06,6.06e-06,5.81e-06,5.91e-06,1384422468464.0,8184648.32205865,134817
2026-04-10,5.91e-06,6.06e-06,5.85e-06,5.96e-06,838011914336.0,4978501.75723425,103341
2026-04-11,5.97e-06,6.06e-06,5.88e-06,5.95e-06,835766592282.0,4982286.18666456,85187
2026-04-12,5.95e-06,5.96e-06,5.74e-06,5.77e-06,944544822342.0,5493939.02885561,91063
2026-04-13,5.77e-06,6.02e-06,5.74e-06,6e-06,933340772120.0,5448610.24617223,104504
2026-04-14,6.01e-06,6.03e-06,5.79e-06,5.83e-06,1267365460901.0,7507571.58115115,133612
2026-04-15,5.83e-06,6.01e-06,5.81e-06,5.96e-06,891863359151.0,5266095.93662419,89595
2026-04-16,5.96e-06,6.39e-06,5.94e-06,6.27e-06,2171471702279.0,13358887.98571469,259345
2026-04-17,6.26e-06,6.48e-06,6.08e-06,6.31e-06,1597550245100.0,10073572.18764039,198659
2026-04-18,6.31e-06,6.32e-06,6.03e-06,6.06e-06,1095143710298.0,6763924.75524406,125384
2026-04-19,6.07e-06,6.11e-06,5.86e-06,5.89e-06,1005616626072.0,6034211.07025498,127702
2026-04-20,5.89e-06,6.07e-06,5.88e-06,6e-06,717203269911.0,4303868.13105745,88826
2026-04-21,6.01e-06,6.14e-06,5.97e-06,6.09e-06,792162959007.0,4796282.88240649,74743
2026-04-22,6.08e-06,6.29e-06,6.07e-06,6.1e-06,1092569139470.0,6787734.98261202,87594
2026-04-23,6.1e-06,6.21e-06,6.02e-06,6.16e-06,771573573642.0,4712537.42324967,69861
2026-04-24,6.15e-06,6.29e-06,6.1e-06,6.2e-06,818068555762.0,5071559.25782918,58819
2026-04-25,6.2e-06,6.25e-06,6.13e-06,6.18e-06,527229942230.0,3264900.26448466,37983
2026-04-26,6.18e-06,6.25e-06,6.14e-06,6.21e-06,561130669648.0,3478432.11244151,39992
2026-04-27,6.2e-06,6.33e-06,6.03e-06,6.14e-06,970337161419.0,5982672.55516349,80323
2026-04-28,6.14e-06,6.2e-06,6.06e-06,6.13e-06,559043802581.0,3425578.02392203,52059
2026-04-29,6.13e-06,6.57e-06,6e-06,6.16e-06,2336515538858.0,14649153.2467698,177847
2026-04-30,6.16e-06,6.38e-06,6.14e-06,6.22e-06,1262221125588.0,7908399.11223525,99014
2026-05-01,6.23e-06,6.41e-06,6.22e-06,6.27e-06,1112826127566.0,7057611.30842493,74287
2026-05-02,6.28e-06,6.33e-06,6.22e-06,6.27e-06,491065618740.0,3082490.18627014,35007
2026-05-03,6.28e-06,6.28e-06,6.15e-06,6.16e-06,637635614856.0,3958408.35767626,37849
2026-05-04,6.17e-06,6.35e-06,6.12e-06,6.19e-06,1220663294597.0,7588286.46409391,102960
2026-05-05,6.19e-06,6.44e-06,6.18e-06,6.35e-06,1156143423958.0,7274703.35930869,80708
2026-05-06,6.34e-06,6.53e-06,6.31e-06,6.41e-06,1402738128287.0,9013103.50699052,114437
2026-05-07,6.42e-06,6.42e-06,6.23e-06,6.27e-06,1253146110077.0,7912898.82303785,104517
2026-05-08,6.28e-06,6.49e-06,6.22e-06,6.46e-06,1128887609036.0,7171202.60205383,79176
2026-05-09,6.46e-06,6.52e-06,6.34e-06,6.36e-06,799974650003.0,5143288.3066857,53658
2026-05-10,6.37e-06,6.69e-06,6.31e-06,6.61e-06,2147184184927.0,14029614.64792372,117110
2026-05-11,6.61e-06,6.7e-06,6.45e-06,6.59e-06,1169529144772.0,7684097.14120117,101146
2026-05-12,6.6e-06,6.64e-06,6.32e-06,6.41e-06,1026957329930.0,6639731.34643668,104906
2026-05-13,6.41e-06,6.57e-06,6.2e-06,6.28e-06,1148293695911.0,7301668.5102741,105028
2026-05-14,6.28e-06,6.49e-06,6.21e-06,6.37e-06,1075119041457.0,6826722.62056002,88349
2026-05-15,6.36e-06,6.4e-06,6.03e-06,6.12e-06,1433814547065.0,8883314.03329921,91464
2026-05-16,6.13e-06,6.15e-06,5.85e-06,5.87e-06,1466003405872.0,8705527.54928153,64051
2026-05-17,5.87e-06,5.88e-06,5.58e-06,5.73e-06,1755596394178.0,10152020.04846713,71302
2026-05-18,5.74e-06,5.77e-06,5.62e-06,5.75e-06,1412705730029.0,8049016.81036113,74074
2026-05-19,5.76e-06,5.81e-06,5.66e-06,5.69e-06,493695777014.0,2831915.84874817,41856
2026-05-20,5.69e-06,5.84e-06,5.67e-06,5.78e-06,397986736546.0,2293581.50498907,38485
2026-05-21,5.79e-06,5.88e-06,5.73e-06,5.84e-06,467657984042.0,2715916.77522188,48074
2026-05-22,5.85e-06,5.9e-06,5.62e-06,5.65e-06,632405411836.0,3663902.05839631,67300
2026-05-23,5.66e-06,5.78e-06,5.48e-06,5.68e-06,930032350807.0,5207744.05111505,66321
2026-05-24,5.68e-06,5.7e-06,5.49e-06,5.58e-06,623107236691.0,3495113.18271471,37700
2026-05-25,5.59e-06,5.67e-06,5.53e-06,5.56e-06,463534033201.0,2601301.22855536,27343
2026-05-26,5.56e-06,5.67e-06,5.48e-06,5.53e-06,615527227998.0,3418683.12363303,38968
2026-05-27,5.53e-06,5.57e-06,5.39e-06,5.43e-06,602907650091.0,3310529.88395219,27605
2026-05-28,5.44e-06,5.46e-06,5.24e-06,5.36e-06,872743949033.0,4646986.79719937,35968
2026-05-29,5.37e-06,5.46e-06,5.28e-06,5.43e-06,568525670431.0,3060751.39611878,24650
2026-05-30,5.43e-06,5.57e-06,5.42e-06,5.5e-06,378734863623.0,2085087.54515587,17714
2026-05-31,5.5e-06,5.55e-06,5.41e-06,5.52e-06,350146630926.0,1923481.51994411,16990
2026-06-01,5.53e-06,5.58e-06,5.38e-06,5.53e-06,706231002934.0,3868378.9727819,32415
2026-06-02,5.53e-06,5.55e-06,5.09e-06,5.18e-06,811523320704.0,4340668.38377535,52692
2026-06-03,5.18e-06,5.36e-06,5.13e-06,5.2e-06,609625766592.0,3201601.364769,44691
2026-06-04,5.2e-06,5.23e-06,4.85e-06,4.95e-06,1316022618262.0,6572688.32528792,74393
2026-06-05,4.95e-06,4.97e-06,4.41e-06,4.56e-06,1872942927461.0,8747205.90808746,86749
2026-06-06,4.56e-06,4.63e-06,4.3e-06,4.57e-06,810319445054.0,3641046.40133184,41514
2026-06-07,4.56e-06,4.83e-06,4.55e-06,4.72e-06,754558705479.0,3538874.56959853,29438
2026-06-08,4.72e-06,4.81e-06,4.65e-06,4.71e-06,649110075742.0,3073416.73294716,25754
2026-06-09,4.72e-06,4.76e-06,4.57e-06,4.67e-06,604610176492.0,2822811.88943229,21462
2026-06-10,4.67e-06,4.78e-06,4.56e-06,4.61e-06,616265009805.0,2876799.90104836,31567
2026-06-11,4.62e-06,4.89e-06,4.61e-06,4.81e-06,539187009528.0,2568638.64818109,23912
2026-06-12,4.82e-06,4.94e-06,4.78e-06,4.85e-06,1405566702874.0,6827824.13174296,40911
2026-06-13,4.85e-06,5.1e-06,4.83e-06,5.02e-06,1134031956268.0,5633569.26017556,28892
2026-06-14,5.01e-06,5.05e-06,4.87e-06,5.04e-06,745184996198.0,3702893.27974299,26383
2026-06-15,5.05e-06,5.2e-06,4.98e-06,5.06e-06,1876107370596.0,9528924.6522557,49934
2026-06-16,5.06e-06,5.09e-06,4.91e-06,4.98e-06,578061632675.0,2893642.0494029,21961
2026-06-17,4.99e-06,5.06e-06,4.88e-06,4.95e-06,632078210942.0,3141431.3155368,28472
2026-06-18,4.96e-06,4.98e-06,4.63e-06,4.76e-06,580937824919.0,2783257.78250435,23951
2026-06-19,4.77e-06,4.8e-06,4.69e-06,4.75e-06,347935391440.0,1649954.29053321,14375
2026-06-20,4.75e-06,4.78e-06,4.66e-06,4.75e-06,307536309492.0,1451511.76549605,12381
2026-06-21,4.75e-06,4.75e-06,4.63e-06,4.65e-06,242494275767.0,1138065.08888282,10523
2026-06-22,4.65e-06,4.77e-06,4.61e-06,4.65e-06,458795616190.0,2151073.42638232,19004
2026-06-23,4.64e-06,4.67e-06,4.47e-06,4.57e-06,594785678190.0,2713783.73351621,25271
2026-06-24,4.57e-06,4.6e-06,4.21e-06,4.38e-06,844402870141.0,3710384.72923785,34849
2026-06-25,4.38e-06,4.46e-06,4.05e-06,4.25e-06,1064160995009.0,4520394.50213344,40013
2026-06-26,4.25e-06,4.29e-06,4.05e-06,4.24e-06,695883271533.0,2918288.35120076,33973
2026-06-27,4.25e-06,4.39e-06,4.19e-06,4.21e-06,459168491369.0,1964372.58293447,20146
2026-06-28,4.21e-06,4.24e-06,4.1e-06,4.17e-06,342980269722.0,1431755.65843084,17454
2026-06-29,4.17e-06,4.35e-06,4.11e-06,4.26e-06,610107025653.0,2576039.9063858,26747
2026-06-30,4.26e-06,4.28e-06,4.15e-06,4.2e-06,579576028309.0,2447757.6817671,20573
2026-07-01,4.2e-06,4.39e-06,4.13e-06,4.29e-06,707985942067.0,3019964.3231914,22383
2026-07-02,4.29e-06,4.39e-06,4.22e-06,4.3e-06,706858082392.0,3047540.20891006,19660
2026-07-03,4.3e-06,4.5e-06,4.23e-06,4.45e-06,797086780853.0,3463385.71330417,28645
2026-07-04,4.45e-06,4.58e-06,4.35e-06,4.45e-06,737030191511.0,3273764.81283341,22604
2026-07-05,4.46e-06,4.46e-06,4.28e-06,4.42e-06,673738241445.0,2938084.78432191,18142
2026-07-06,4.42e-06,4.47e-06,4.26e-06,4.39e-06,854604971156.0,3738431.39330626,23511
2026-07-07,4.4e-06,4.53e-06,4.31e-06,4.38e-06,798215587741.0,3505961.86857542,21391
2026-07-08,4.38e-06,4.41e-06,4.14e-06,4.29e-06,963729017044.0,4097566.93054828,26998
2026-07-09,4.29e-06,4.32e-06,4.22e-06,4.29e-06,561162948667.0,2403159.00074931,15552
2026-07-10,4.29e-06,4.41e-06,4.25e-06,4.39e-06,493801782535.0,2149714.99389804,14617
2026-07-11,4.4e-06,4.44e-06,4.3e-06,4.31e-06,381976079323.0,1677669.47161988,13135
2026-07-12,4.31e-06,4.33e-06,4.21e-06,4.23e-06,356489741989.0,1525323.4517232,13203
2026-07-13,4.23e-06,4.3e-06,4.08e-06,4.16e-06,562796977370.0,2355346.43933495,18309
2026-07-14,4.16e-06,4.27e-06,4.11e-06,4.22e-06,621948640656.0,2603522.5141928,17946
2026-07-15,4.22e-06,4.35e-06,4.2e-06,4.24e-06,590979179088.0,2515413.73717367,18601
2026-07-16,4.24e-06,4.24e-06,4.1e-06,4.11e-06,470258774368.0,1961400.87757541,14543
2026-07-17,4.12e-06,4.18e-06,4.06e-06,4.15e-06,632293292036.0,2608386.71915923,16468
2026-07-18,4.14e-06,4.21e-06,4.13e-06,4.15e-06,357072326180.0,1486058.46088306,10977
2026-07-19,4.15e-06,4.18e-06,4.11e-06,4.15e-06,359403163575.0,1490482.19737779,10729
2026-07-20,4.14e-06,4.27e-06,4.12e-06,4.25e-06,652163586632.0,2738428.03768531,19791
2026-07-21,4.25e-06,4.31e-06,4.23e-06,4.27e-06,491310440759.0,2101499.45574383,12508
2026-07-22,4.27e-06,4.29e-06,4.22e-06,4.25e-06,443465604033.0,1884802.2979063,12456
2026-07-23,4.26e-06,4.27e-06,4.09e-06,4.14e-06,558094167301.0,2330716.92607642,15964
2026-07-24,4.14e-06,4.21e-06,4.1e-06,4.19e-06,591201974635.0,2454990.50380989,16417
2026-07-25,4.19e-06,5.17e-06,4.17e-06,4.9e-06,4943444685448.0,23786089.83046279,175156
2026-07-26,4.9e-06,5.83e-06,4.86e-06,5.31e-06,7682253695990.0,41234963.81246518,325611
2026-07-27,5.31e-06,5.4e-06,4.82e-06,4.83e-06,3137724904588.0,15915432.1320986,110346
2026-07-28,4.84e-06,4.85e-06,4.56e-06,4.63e-06,1953103879424.0,9097441.36693811,43319
2026-07-29,4.64e-06,4.87e-06,4.54e-06,4.64e-06,2125081620126.0,9981320.91777405,58250
2026-07-30,4.65e-06,4.75e-06,4.58e-06,4.73e-06,811913221439.0,3773054.0398078,23511
2026-07-31,4.73e-06,4.85e-06,4.59e-06,4.71e-06,1324611161327.0,6236748.01901025,41443
2026-08-01,4.72e-06,5.17e-06,4.7e-06,4.82e-06,2355792142981.0,11661926.11361629,96486
2026-08-02,4.82e-06,5.06e-06,4.81e-06,4.91e-06,1044649158287.0,5170297.71592017,35456
2026-08-03,4.91e-06,5.07e-06,4.82e-06,4.98e-06,783023398838.0,3854103.30865431,27720
2026-08-04,4.98e-06,5.06e-06,4.91e-06,4.98e-06,664567481349.0,3320718.35033193,24583
2026-08-05,4.99e-06,5e-06,4.85e-06,4.92e-06,555479797564.0,2729206.10339674,21216
2026-08-06,4.91e-06,4.95e-06,4.65e-06,4.68e-06,844379445372.0,4009485.80320023,28695
2026-08-07,4.69e-06,4.71e-06,4.57e-06,4.63e-06,674634117837.0,3120139.04388395,21504
2026-08-08,4.63e-06,4.71e-06,4.61e-06,4.62e-06,338109981158.0,1575450.86484632,12865
2026-08-09,4.63e-06,4.73e-06,4.58e-06,4.62e-06,451663119609.0,2095237.09540604,17591
2026-08-10,4.62e-06,4.75e-06,4.47e-06,4.51e-06,772023717140.0,3577643.33322253,27915
2026-08-11,4.51e-06,4.55e-06,4.42e-06,4.5e-06,558753356478.0,2510444.94172266,19276
2026-08-12,4.49e-06,4.52e-06,4.35e-06,4.4e-06,617891440893.0,2759010.47122855,20186
2026-08-13,4.4e-06,4.54e-06,4.37e-06,4.46e-06,383835488378.0,1712252.35310569,16448
2026-08-14,4.45e-06,4.68e-06,4.43e-06,4.62e-06,920053378730.0,4192154.87763685,29701
2026-08-15,4.62e-06,4.64e-06,4.48e-06,4.51e-06,354171167892.0,1617856.89911109,12118
2026-08-16,4.51e-06,4.54e-06,4.37e-06,4.43e-06,344226565865.0,1536432.08522283,11591
2026-08-17,4.44e-06,4.51e-06,4.4e-06,4.48e-06,418773732205.0,1866029.35827464,12305
2026-08-18,4.48e-06,4.48e-06,4.36e-06,4.42e-06,407879230346.0,1803441.45177186,13233
2026-08-19,4.41e-06,4.77e-06,4.4e-06,4.75e-06,1031767257375.0,4746125.88203824,32854
2026-08-20,4.74e-06,5.02e-06,4.7e-06,4.94e-06,1708932705134.0,8344432.81261286,52789
2026-08-21,4.94e-06,6.22e-06,4.92e-06,5.91e-06,3227318259081.0,17566226.76448037,142767
2026-08-22,5.9e-06,6.22e-06,5.22e-06,5.45e-06,3313416359204.0,18857150.88037064,177016
2026-08-23,5.45e-06,5.6e-06,5.2e-06,5.55e-06,1244470268346.0,6747593.4885591,65961
2026-08-24,5.55e-06,5.56e-06,5.33e-06,5.47e-06,1402260421881.0,7633851.62357171,78347
2026-08-25,5.47e-06,5.75e-06,5.18e-06,5.26e-06,1706293731958.0,9346903.90016985,76134
2026-08-26,5.26e-06,5.38e-06,5.11e-06,5.36e-06,674566287524.0,3549886.11422867,40854
2026-08-27,5.37e-06,5.53e-06,5.26e-06,5.42e-06,714358219429.0,3855233.98972431,38342
2026-08-28,5.43e-06,5.5e-06,5.06e-06,5.18e-06,834463461458.0,4391214.16861955,36416
2026-08-29,5.18e-06,5.2e-06,5.08e-06,5.15e-06,374682137987.0,1924012.15309813,16372
2026-08-30,5.15e-06,5.24e-06,4.88e-06,4.96e-06,755313022073.0,3845183.3963389,27579
2026-08-31,4.95e-06,5.09e-06,4.92e-06,5.07e-06,649207326121.0,3267258.26190401,23782
2026-09-01,5.07e-06,5.23e-06,5.06e-06,5.14e-06,680856099353.0,3505081.05478496,31738
2026-09-02,5.15e-06,5.26e-06,5.05e-06,5.18e-06,616431688182.0,3176171.08228083,27861
2026-09-03,5.19e-06,5.47e-06,5.15e-06,5.41e-06,859325932719.0,4591384.00313967,32498
2026-09-04,5.4e-06,5.41e-06,5.15e-06,5.23e-06,734795485385.0,3879901.32460139,31693
2026-09-05,5.23e-06,5.58e-06,5.21e-06,5.46e-06,900803432590.0,4893158.16466106,29880
2026-09-06,5.46e-06,5.54e-06,5.36e-06,5.53e-06,510637165734.0,2786628.27694159,20667
2026-09-07,5.52e-06,5.58e-06,5.38e-06,5.43e-06,761565169316.0,4172172.57581725,31142
2026-09-08,5.43e-06,5.53e-06,5.34e-06,5.41e-06,714816661322.0,3882059.81202123,31868
2026-09-09,5.41e-06,5.5e-06,5.18e-06,5.26e-06,853444440685.0,4579581.54262976,33898
2026-09-10,5.25e-06,5.26e-06,5e-06,5.04e-06,778312478978.0,3989857.0602025,29051
2026-09-11,5.04e-06,5.4e-06,5e-06,5.17e-06,929240626272.0,4817272.21477139,38105
2026-09-12,5.18e-06,5.4e-06,5.17e-06,5.3e-06,464721373127.0,2455069.87276997,17357
2026-09-13,5.3e-06,5.32e-06,5.12e-06,5.13e-06,451697547496.0,2360846.91935456,17861
2026-09-14,5.14e-06,5.4e-06,5.11e-06,5.24e-06,606715078832.0,3194292.20600575,29703
2026-09-15,5.24e-06,5.24e-06,4.9e-06,4.95e-06,974334004445.0,4942868.04601728,30532
2026-09-16,4.94e-06,5e-06,4.74e-06,4.99e-06,941605028638.0,4563349.36925154,30178
2026-09-17,4.98e-06,5.29e-06,4.94e-06,5.16e-06,926155395454.0,4729630.008112,28189
2026-09-18,5.15e-06,5.52e-06,5.14e-06,5.46e-06,1284045048319.0,6937738.56152826,39494
2026-09-19,5.46e-06,5.7e-06,5.37e-06,5.51e-06,1118547788424.0,6153599.72528962,42166
2026-09-20,5.51e-06,5.54e-06,5.32e-06,5.49e-06,781921440034.0,4244029.225622,30095
2026-09-21,5.49e-06,6.14e-06,5.46e-06,6.05e-06,2469283752011.0,14391361.97345981,93881
2026-09-22,6.04e-06,6.27e-06,5.88e-06,6.11e-06,2557451464594.0,15471210.75281483,94906
2026-09-23,6.11e-06,6.25e-06,5.54e-06,5.64e-06,2020780416077.0,11794271.88294115,82710
2026-09-24,5.64e-06,5.88e-06,5.55e-06,5.77e-06,926586862075.0,5294558.73740545,42705
2026-09-25,5.78e-06,5.99e-06,5.73e-06,5.96e-06,1088632518727.0,6370535.16849092,41308
2026-09-26,5.95e-06,6.07e-06,5.81e-06,5.93e-06,796530411720.0,4734969.35211526,26884
2026-09-27,5.93e-06,6.01e-06,5.83e-06,5.93e-06,770970303526.0,4569829.53060953,26622
2026-09-28,5.92e-06,5.98e-06,5.56e-06,5.68e-06,938355481994.0,5349305.0658219,52354
2026-09-29,5.69e-06,5.91e-06,5.5e-06,5.76e-06,823777524011.0,4724454.10178291,41547
2026-09-30,5.76e-06,6e-06,5.69e-06,5.76e-06,805489840378.0,4684844.91015352,37333
2026-10-01,5.75e-06,5.84e-06,5.68e-06,5.79e-06,625704217569.0,3602777.22595702,25766
2026-10-02,5.8e-06,5.98e-06,5.52e-06,5.72e-06,1727138899860.0,10067890.67176014,51897
2026-10-03,5.73e-06,5.77e-06,5.65e-06,5.75e-06,351243956114.0,2005355.83733107,12223
2026-10-04,5.75e-06,5.75e-06,5.68e-06,5.69e-06,23790204372.0,135849.21058207,1191
